"code_secteur_naf","libelle_secteur_naf","code_ogr_rome","code_rome","libelle_rome"
"1","Culture et production animale, chasse et services annexes","6","A1101","Conducteur / Conductrice d'engins agricoles"
"1","Culture et production animale, chasse et services annexes","9","A1203","Agent / Agente d'entretien des espaces verts"
"1","Culture et production animale, chasse et services annexes","488734","A1208","Jardinier / Jardinière paysagiste"
"1","Culture et production animale, chasse et services annexes","489042","A1211","Chef / Cheffe d'équipe paysagiste"
"1","Culture et production animale, chasse et services annexes","515388","A1216","Responsable de site naturel protégé"
"1","Culture et production animale, chasse et services annexes","515460","A1219","Directeur / Directrice espaces verts et biodiversité"
"1","Culture et production animale, chasse et services annexes","12","A1301","Technicien / Technicienne en agriculture"
"1","Culture et production animale, chasse et services annexes","13","A1302","Agent / Agente de diagnostic et de contrôle en agriculture"
"1","Culture et production animale, chasse et services annexes","14","A1303","Ingénieur / Ingénieure d'études et de recherche agricoles"
"1","Culture et production animale, chasse et services annexes","403951","A1304","Conseiller / Conseillère technique agricole"
"1","Culture et production animale, chasse et services annexes","509691","A1308","Technicien / Technicienne de l'insémination animale"
"1","Culture et production animale, chasse et services annexes","509754","A1309","Technicien / Technicienne d'élevage équin"
"1","Culture et production animale, chasse et services annexes","510022","A1310","Technicien / Technicienne de production animale"
"1","Culture et production animale, chasse et services annexes","515387","A1316","Chargé / Chargée de conservation ex-situ"
"1","Culture et production animale, chasse et services annexes","515445","A1320","Technicien en foncier rural / Technicienne en foncier rural"
"1","Culture et production animale, chasse et services annexes","15","A1401","Cueilleur / Cueilleuse de fruits"
"1","Culture et production animale, chasse et services annexes","16","A1402","Aide agricole en production végétale"
"1","Culture et production animale, chasse et services annexes","17","A1403","Aide d'élevage agricole"
"1","Culture et production animale, chasse et services annexes","19","A1405","Arboriculteur / Arboricultrice"
"1","Culture et production animale, chasse et services annexes","21","A1407","Eleveur / Eleveuse de bovins"
"1","Culture et production animale, chasse et services annexes","22","A1408","Eleveur / Eleveuse d'animaux sauvages"
"1","Culture et production animale, chasse et services annexes","23","A1409","Aviculteur / Avicultrice"
"1","Culture et production animale, chasse et services annexes","24","A1410","Eleveur / Eleveuse d'ovins"
"1","Culture et production animale, chasse et services annexes","25","A1411","Eleveur / Eleveuse de porcins"
"1","Culture et production animale, chasse et services annexes","26","A1412","Fromager-affineur / Fromagère-affineuse"
"1","Culture et production animale, chasse et services annexes","28","A1414","Horticulteur / Horticultrice"
"1","Culture et production animale, chasse et services annexes","30","A1416","Exploitant / Exploitante agricole"
"1","Culture et production animale, chasse et services annexes","403953","A1418","Viticulteur / Viticultrice"
"1","Culture et production animale, chasse et services annexes","403955","A1419","Ouvrier agricole polyvalent / Ouvrière agricole polyvalente"
"1","Culture et production animale, chasse et services annexes","403956","A1420","Chef / Cheffe de culture responsable d'unité de production agricole"
"1","Culture et production animale, chasse et services annexes","403957","A1421","Palefrenier soigneur / Palefrenière soigneuse"
"1","Culture et production animale, chasse et services annexes","488766","A1426","Educateur canin / Educatrice canine"
"1","Culture et production animale, chasse et services annexes","488914","A1429","Apiculteur / Apicultrice"
"1","Culture et production animale, chasse et services annexes","509364","A1432","Osiériculteur / Osiéricultrice"
"1","Culture et production animale, chasse et services annexes","509394","A1433","Maraîcher / Maraîchère"
"1","Culture et production animale, chasse et services annexes","510303","A1434","Tabaculteur / Tabacultrice"
"1","Culture et production animale, chasse et services annexes","509407","A1435","Eleveur / Eleveuse d'animaux de compagnie"
"1","Culture et production animale, chasse et services annexes","509512","A1436","Conducteur / Conductrice de travaux en entreprise de travaux agricoles"
"1","Culture et production animale, chasse et services annexes","509516","A1437","Champignonniste"
"1","Culture et production animale, chasse et services annexes","509679","A1439","Eleveur / Eleveuse d'équidés"
"1","Culture et production animale, chasse et services annexes","509694","A1440","Cultivateur urbain / Cultivatrice urbaine"
"1","Culture et production animale, chasse et services annexes","509768","A1441","Pépiniériste"
"1","Culture et production animale, chasse et services annexes","509813","A1442","Eleveur / Eleveuse de lapins"
"1","Culture et production animale, chasse et services annexes","510021","A1444","Aide agricole en production fruitière"
"1","Culture et production animale, chasse et services annexes","510265","A1447","Herboriste"
"1","Culture et production animale, chasse et services annexes","33","A1502","Maréchal-ferrant / Maréchale-ferrante"
"1","Culture et production animale, chasse et services annexes","488328","A1505","Animalier / Animalière de laboratoire"
"1","Culture et production animale, chasse et services annexes","509692","A1508","Dresseur animalier / Dresseuse animalière"
"1","Culture et production animale, chasse et services annexes","510027","A1510","Préparateur / Préparatrice d'équidés"
"1","Culture et production animale, chasse et services annexes","519741","A1512","Dentiste équin"
"1","Culture et production animale, chasse et services annexes","509905","D1116","Négociant / Négociante en bétail"
"1","Culture et production animale, chasse et services annexes","403958","G1210","Enseignant / Enseignante d'équitation"
"1","Culture et production animale, chasse et services annexes","515434","H3306","Responsable de silo"
"1","Culture et production animale, chasse et services annexes","509702","I1328","Conseiller / Conseillère en hydraulique agricole"
"1","Culture et production animale, chasse et services annexes","327","I1603","Mécanicien-réparateur / Mécanicienne-réparatrice en matériels agricoles"
"1","Culture et production animale, chasse et services annexes","519212","K2412","Chercheur / Chercheuse du monde aquatique"
"1","Culture et production animale, chasse et services annexes","519207","K2418","Chercheur animalier / Chercheuse animalière"
"1","Culture et production animale, chasse et services annexes","519208","K2419","Botaniste"
"1","Culture et production animale, chasse et services annexes","509395","L1403","Cavalier / Cavalière d'entraînement"
"1","Culture et production animale, chasse et services annexes","489210","N4117","Conducteur / Conductrice d'attelage"
"1","Culture et production animale, chasse et services annexes","518169","N4133","Conducteur / Conductrice de véhicule grumier"
"10","Industries alimentaires","14","A1303","Ingénieur / Ingénieure d'études et de recherche agricoles"
"10","Industries alimentaires","26","A1412","Fromager-affineur / Fromagère-affineuse"
"10","Industries alimentaires","80","D1101","Boucher / Bouchère"
"10","Industries alimentaires","81","D1102","Boulanger / Boulangère"
"10","Industries alimentaires","82","D1103","Charcutier-traiteur / Charcutière-traiteuse"
"10","Industries alimentaires","83","D1104","Pâtissier / Pâtissière"
"10","Industries alimentaires","84","D1105","Poissonnier / Poissonnière"
"10","Industries alimentaires","86","D1107","Vendeur / Vendeuse grossiste en produits frais"
"10","Industries alimentaires","488597","D1108","Chef boulanger / Cheffe boulangère"
"10","Industries alimentaires","489178","D1109","Chef boucher / Cheffe bouchère"
"10","Industries alimentaires","509393","D1111","Chef / Cheffe de laboratoire en charcuterie"
"10","Industries alimentaires","509520","D1112","Chef charcutier-traiteur / Cheffe charcutière-traiteuse"
"10","Industries alimentaires","509790","D1114","Torréfacteur / Torréfactrice"
"10","Industries alimentaires","510138","D1115","Chocolatier / Chocolatière"
"10","Industries alimentaires","510011","D1117","Chef pâtissier / Cheffe pâtissière"
"10","Industries alimentaires","510047","D1118","Glacier / Glacière"
"10","Industries alimentaires","515406","D1119","Mareyeur / Mareyeuse"
"10","Industries alimentaires","519956","D1120","Tourier / Tourière"
"10","Industries alimentaires","111","D1502","Chef / Cheffe de rayon produits alimentaires"
"10","Industries alimentaires","211","H1102","Ingénieur / Ingénieure d'affaires en industrie"
"10","Industries alimentaires","489029","H1108","Technicien / Technicienne support client en industrie"
"10","Industries alimentaires","519122","H1242","Responsable de développement industriel en bioproduction"
"10","Industries alimentaires","519120","H1243","Technicien / Technicienne en bioproduction"
"10","Industries alimentaires","518849","H1244","Formulateur / Formulatrice de produits alimentaires"
"10","Industries alimentaires","224","H1303","Technicien / Technicienne en Hygiène, Sécurité, Environnement industriel (HSE)"
"10","Industries alimentaires","489181","H1308","Animateur / Animatrice en Hygiène Sécurité Environnement (HSE)"
"10","Industries alimentaires","519152","H1310","Responsable sécurité sanitaire en agroalimentaire"
"10","Industries alimentaires","233","H1505","Nez"
"10","Industries alimentaires","488278","H1508","Assureur / Assureuse qualité industrie"
"10","Industries alimentaires","488336","H1515","Auditeur / Auditrice qualité en industrie"
"10","Industries alimentaires","488344","H1518","Consultant / Consultante qualité"
"10","Industries alimentaires","488353","H1520","Ingénieur qualité / Ingénieure qualité"
"10","Industries alimentaires","235","H2101","Ouvrier / Ouvrière d'abattoir"
"10","Industries alimentaires","236","H2102","Conducteur / Conductrice de machines en industrie alimentaire"
"10","Industries alimentaires","403959","H2103","Opérateur / Opératrice de transformation des viandes"
"10","Industries alimentaires","488711","H2104","Fromager industriel / Fromagère industrielle"
"10","Industries alimentaires","509557","H2105","Agent / Agente de production en industrie alimentaire"
"10","Industries alimentaires","515400","H2106","Technicien / Technicienne de fabrication en industrie alimentaire"
"10","Industries alimentaires","515401","H2107","Opérateur / Opératrice de préparation de poissons et produits de la mer"
"10","Industries alimentaires","515433","H2108","Boulanger pâtissier industriel / Boulangère pâtissière industrielle"
"10","Industries alimentaires","518814","H2109","Pilote d'installation automatisée en industrie alimentaire"
"10","Industries alimentaires","265","H2504","Chef / Cheffe d'équipe en industrie"
"10","Industries alimentaires","488286","H2506","Chef / Cheffe de production en industrie agroalimentaire"
"10","Industries alimentaires","520127","H2515","Chef / Cheffe d'atelier en industrie de transformation"
"10","Industries alimentaires","297","H3301","Conducteur / Conductrice de ligne de conditionnement"
"10","Industries alimentaires","298","H3302","Agent / Agente de conditionnement"
"10","Industries alimentaires","299","H3303","Cuisinier / Cuisinière en industrie chimique"
"10","Industries alimentaires","488913","H3304","Chef / Cheffe de ligne conditionnement"
"10","Industries alimentaires","489083","H3305","Conducteur / Conductrice de machines de conditionnement"
"10","Industries alimentaires","515434","H3306","Responsable de silo"
"10","Industries alimentaires","515452","H3307","Agent / Agente de silo"
"10","Industries alimentaires","520912","H3309","Préparateur / Préparatrice de mélange en industrie"
"10","Industries alimentaires","519207","K2418","Chercheur animalier / Chercheuse animalière"
"10","Industries alimentaires","519208","K2419","Botaniste"
"10","Industries alimentaires","500","N1101","Cariste"
"10","Industries alimentaires","502","N1103","Préparateur / Préparatrice de commandes"
"10","Industries alimentaires","489051","N1113","Préparateur / Préparatrice au drive"
"10","Industries alimentaires","489164","N1115","Opérateur / Opératrice logistique"
"11","Fabrication de boissons","27","A1413","Brasseur / Brasseuse de bière"
"11","Fabrication de boissons","488334","A1422","Caviste de chai"
"11","Fabrication de boissons","488346","A1423","¼nologue"
"11","Fabrication de boissons","509917","A1443","Cidrier / Cidrière"
"11","Fabrication de boissons","510192","A1446","Maître / Maîtresse de chai"
"11","Fabrication de boissons","518849","H1244","Formulateur / Formulatrice de produits alimentaires"
"11","Fabrication de boissons","236","H2102","Conducteur / Conductrice de machines en industrie alimentaire"
"11","Fabrication de boissons","509557","H2105","Agent / Agente de production en industrie alimentaire"
"11","Fabrication de boissons","515400","H2106","Technicien / Technicienne de fabrication en industrie alimentaire"
"11","Fabrication de boissons","518814","H2109","Pilote d'installation automatisée en industrie alimentaire"
"11","Fabrication de boissons","488286","H2506","Chef / Cheffe de production en industrie agroalimentaire"
"11","Fabrication de boissons","297","H3301","Conducteur / Conductrice de ligne de conditionnement"
"11","Fabrication de boissons","299","H3303","Cuisinier / Cuisinière en industrie chimique"
"11","Fabrication de boissons","488913","H3304","Chef / Cheffe de ligne conditionnement"
"11","Fabrication de boissons","489083","H3305","Conducteur / Conductrice de machines de conditionnement"
"11","Fabrication de boissons","520912","H3309","Préparateur / Préparatrice de mélange en industrie"
"13","Fabrication de textiles","52","B1804","Brodeur / Brodeuse"
"13","Fabrication de textiles","54","B1806","Tapissier / Tapissière d'ameublement"
"13","Fabrication de textiles","509777","B1810","Fourreur / Fourreuse"
"13","Fabrication de textiles","509946","B1812","Modéliste"
"13","Fabrication de textiles","510168","B1814","Directeur / Directrice de collection"
"13","Fabrication de textiles","520875","B1816","Tisserand / Tisserande d'art"
"13","Fabrication de textiles","212","H1201","Coloriste en industrie"
"13","Fabrication de textiles","216","H1205","Modéliste industriel / Modéliste industrielle"
"13","Fabrication de textiles","510188","H1232","Technicien / Technicienne d'études en industrie des matériaux souples"
"13","Fabrication de textiles","509936","H1240","Agent / Agente de finissage couleurs et effets cuirs et peaux"
"13","Fabrication de textiles","247","H2401","Opérateur / Opératrice de fabrication industrie des cuirs, peaux et matériaux associés"
"13","Fabrication de textiles","248","H2402","Couturier industriel / Couturière industrielle de l'habillement"
"13","Fabrication de textiles","249","H2403","Conducteur / Conductrice de machines de fabrication de produits textiles"
"13","Fabrication de textiles","250","H2404","Conducteur / Conductrice de machine de production et transformation des fils"
"13","Fabrication de textiles","251","H2405","Conducteur / Conductrice de ligne de production de textiles non-tissés"
"13","Fabrication de textiles","252","H2406","Conducteur / Conductrice de machines de traitement textile"
"13","Fabrication de textiles","253","H2407","Opérateur / Opératrice sur machine de transformation et de finition des cuirs et peaux"
"13","Fabrication de textiles","254","H2408","Imprimeur / Imprimeuse textile"
"13","Fabrication de textiles","255","H2409","Coupeur / Coupeuse en industrie textile et matériaux souples"
"13","Fabrication de textiles","256","H2410","Opérateur / Opératrice de finition en industrie du textile"
"13","Fabrication de textiles","259","H2413","Noueur / Noueuse de chaîne de tissage"
"13","Fabrication de textiles","260","H2414","Opérateur / Opératrice de préparation ou de finition sur articles de cuirs, peaux ou matériaux associés"
"13","Fabrication de textiles","261","H2415","Contrôleur / Contrôleuse en industrie textile"
"13","Fabrication de textiles","488630","H2416","Gainier industriel / Gainière industrielle"
"13","Fabrication de textiles","488714","H2417","Conducteur / Conductrice de rame textile"
"13","Fabrication de textiles","488720","H2418","Opérateur / Opératrice sur machine de production et transformation des fils"
"13","Fabrication de textiles","488740","H2419","Passementier / Passementière"
"13","Fabrication de textiles","488760","H2420","Repasseur / Repasseuse en industrie textile et de l'habillement"
"13","Fabrication de textiles","488761","H2421","Racheliste"
"13","Fabrication de textiles","488780","H2422","Tapissier industriel / Tapissière industrielle"
"13","Fabrication de textiles","488856","H2423","Mécanicien / Mécanicienne industrie textile et de l'habillement"
"13","Fabrication de textiles","488875","H2424","Chef / Cheffe de ligne chromo en industrie textile"
"13","Fabrication de textiles","488901","H2425","Fileur / Fileuse en industrie textile"
"13","Fabrication de textiles","488932","H2426","Chef / Cheffe d'équipe en atelier de coupe"
"13","Fabrication de textiles","489060","H2427","Applicateur / Applicatrice en tannerie-mégisserie"
"13","Fabrication de textiles","266","H2505","Chef / Cheffe d'équipe et d'atelier textile"
"13","Fabrication de textiles","519147","H2512","Responsable d'atelier de fabrication de produits non-tissés"
"13","Fabrication de textiles","416","K2201","Employé / Employée de blanchisserie industrielle"
"14","Industrie de l'habillement","49","B1801","Modiste"
"14","Industrie de l'habillement","51","B1803","Couturier / Couturière"
"14","Industrie de l'habillement","52","B1804","Brodeur / Brodeuse"
"14","Industrie de l'habillement","53","B1805","Styliste"
"14","Industrie de l'habillement","509564","B1807","Assistant / Assistante styliste"
"14","Industrie de l'habillement","509644","B1808","Premier / Première d'atelier"
"14","Industrie de l'habillement","509777","B1810","Fourreur / Fourreuse"
"14","Industrie de l'habillement","509946","B1812","Modéliste"
"14","Industrie de l'habillement","510068","B1813","Tailleur / Tailleuse"
"14","Industrie de l'habillement","510168","B1814","Directeur / Directrice de collection"
"14","Industrie de l'habillement","93","D1207","Retoucheur / Retoucheuse en habillement"
"14","Industrie de l'habillement","100","D1214","Vendeur / Vendeuse en prêt-à-porter"
"14","Industrie de l'habillement","510203","D1242","Linger / Lingère"
"14","Industrie de l'habillement","211","H1102","Ingénieur / Ingénieure d'affaires en industrie"
"14","Industrie de l'habillement","212","H1201","Coloriste en industrie"
"14","Industrie de l'habillement","216","H1205","Modéliste industriel / Modéliste industrielle"
"14","Industrie de l'habillement","510188","H1232","Technicien / Technicienne d'études en industrie des matériaux souples"
"14","Industrie de l'habillement","247","H2401","Opérateur / Opératrice de fabrication industrie des cuirs, peaux et matériaux associés"
"14","Industrie de l'habillement","248","H2402","Couturier industriel / Couturière industrielle de l'habillement"
"14","Industrie de l'habillement","249","H2403","Conducteur / Conductrice de machines de fabrication de produits textiles"
"14","Industrie de l'habillement","250","H2404","Conducteur / Conductrice de machine de production et transformation des fils"
"14","Industrie de l'habillement","251","H2405","Conducteur / Conductrice de ligne de production de textiles non-tissés"
"14","Industrie de l'habillement","252","H2406","Conducteur / Conductrice de machines de traitement textile"
"14","Industrie de l'habillement","253","H2407","Opérateur / Opératrice sur machine de transformation et de finition des cuirs et peaux"
"14","Industrie de l'habillement","255","H2409","Coupeur / Coupeuse en industrie textile et matériaux souples"
"14","Industrie de l'habillement","256","H2410","Opérateur / Opératrice de finition en industrie du textile"
"14","Industrie de l'habillement","257","H2411","Monteur / Monteuse prototypiste cuir et matériaux souples"
"14","Industrie de l'habillement","258","H2412","Patronnier / Patronnière"
"14","Industrie de l'habillement","260","H2414","Opérateur / Opératrice de préparation ou de finition sur articles de cuirs, peaux ou matériaux associés"
"14","Industrie de l'habillement","261","H2415","Contrôleur / Contrôleuse en industrie textile"
"14","Industrie de l'habillement","488630","H2416","Gainier industriel / Gainière industrielle"
"14","Industrie de l'habillement","488740","H2419","Passementier / Passementière"
"14","Industrie de l'habillement","488760","H2420","Repasseur / Repasseuse en industrie textile et de l'habillement"
"14","Industrie de l'habillement","488761","H2421","Racheliste"
"14","Industrie de l'habillement","488856","H2423","Mécanicien / Mécanicienne industrie textile et de l'habillement"
"14","Industrie de l'habillement","488875","H2424","Chef / Cheffe de ligne chromo en industrie textile"
"14","Industrie de l'habillement","488901","H2425","Fileur / Fileuse en industrie textile"
"14","Industrie de l'habillement","488932","H2426","Chef / Cheffe d'équipe en atelier de coupe"
"14","Industrie de l'habillement","489060","H2427","Applicateur / Applicatrice en tannerie-mégisserie"
"14","Industrie de l'habillement","266","H2505","Chef / Cheffe d'équipe et d'atelier textile"
"14","Industrie de l'habillement","515390","H2511","Responsable d'atelier de blanchisserie industrielle"
"14","Industrie de l'habillement","519147","H2512","Responsable d'atelier de fabrication de produits non-tissés"
"14","Industrie de l'habillement","519158","H2513","Chef / Cheffe d'équipe et d'atelier cuir et peaux"
"14","Industrie de l'habillement","520127","H2515","Chef / Cheffe d'atelier en industrie de transformation"
"15","Industrie du cuir et de la chaussure","50","B1802","Maroquinier / Maroquinière"
"15","Industrie du cuir et de la chaussure","53","B1805","Styliste"
"15","Industrie du cuir et de la chaussure","509564","B1807","Assistant / Assistante styliste"
"15","Industrie du cuir et de la chaussure","510274","B1809","Sellier / Sellière"
"15","Industrie du cuir et de la chaussure","509904","B1811","Sellier-garnisseur / Sellière-garnisseuse"
"15","Industrie du cuir et de la chaussure","509547","D1226","Nettoyeur / Nettoyeuse en cuir et peausserie"
"15","Industrie du cuir et de la chaussure","212","H1201","Coloriste en industrie"
"15","Industrie du cuir et de la chaussure","509413","H1231","Patronnier / Patronnière en chaussures"
"15","Industrie du cuir et de la chaussure","510188","H1232","Technicien / Technicienne d'études en industrie des matériaux souples"
"15","Industrie du cuir et de la chaussure","509936","H1240","Agent / Agente de finissage couleurs et effets cuirs et peaux"
"15","Industrie du cuir et de la chaussure","247","H2401","Opérateur / Opératrice de fabrication industrie des cuirs, peaux et matériaux associés"
"15","Industrie du cuir et de la chaussure","253","H2407","Opérateur / Opératrice sur machine de transformation et de finition des cuirs et peaux"
"15","Industrie du cuir et de la chaussure","257","H2411","Monteur / Monteuse prototypiste cuir et matériaux souples"
"15","Industrie du cuir et de la chaussure","260","H2414","Opérateur / Opératrice de préparation ou de finition sur articles de cuirs, peaux ou matériaux associés"
"15","Industrie du cuir et de la chaussure","261","H2415","Contrôleur / Contrôleuse en industrie textile"
"15","Industrie du cuir et de la chaussure","488630","H2416","Gainier industriel / Gainière industrielle"
"15","Industrie du cuir et de la chaussure","488780","H2422","Tapissier industriel / Tapissière industrielle"
"15","Industrie du cuir et de la chaussure","488932","H2426","Chef / Cheffe d'équipe en atelier de coupe"
"15","Industrie du cuir et de la chaussure","489060","H2427","Applicateur / Applicatrice en tannerie-mégisserie"
"15","Industrie du cuir et de la chaussure","519158","H2513","Chef / Cheffe d'équipe et d'atelier cuir et peaux"
"15","Industrie du cuir et de la chaussure","520127","H2515","Chef / Cheffe d'atelier en industrie de transformation"
"16","Travail du bois et fabrication d'articles en bois et en liege, a l'exception des meubles, fabrication d'articles en vannerie et sparterie","41","B1401","Vannier / Vannière"
"16","Travail du bois et fabrication d'articles en bois et en liege, a l'exception des meubles, fabrication d'articles en vannerie et sparterie","510020","B1404","Canneur rempailleur / Canneuse rempailleuse"
"16","Travail du bois et fabrication d'articles en bois et en liege, a l'exception des meubles, fabrication d'articles en vannerie et sparterie","158","F1501","Monteur / Monteuse de structures bois"
"16","Travail du bois et fabrication d'articles en bois et en liege, a l'exception des meubles, fabrication d'articles en vannerie et sparterie","160","F1503","Charpentier / Charpentière"
"16","Travail du bois et fabrication d'articles en bois et en liege, a l'exception des meubles, fabrication d'articles en vannerie et sparterie","488871","F1504","Charpentier / Charpentière de marine"
"16","Travail du bois et fabrication d'articles en bois et en liege, a l'exception des meubles, fabrication d'articles en vannerie et sparterie","237","H2201","Assembleur / Assembleuse d'ouvrages en bois"
"16","Travail du bois et fabrication d'articles en bois et en liege, a l'exception des meubles, fabrication d'articles en vannerie et sparterie","238","H2202","Conducteur / Conductrice de ligne de production en industrie du bois"
"16","Travail du bois et fabrication d'articles en bois et en liege, a l'exception des meubles, fabrication d'articles en vannerie et sparterie","239","H2203","Conducteur / Conductrice de machines de fabrication de panneaux à base de bois"
"16","Travail du bois et fabrication d'articles en bois et en liege, a l'exception des meubles, fabrication d'articles en vannerie et sparterie","240","H2204","Agent / Agente d'encadrement en industrie du bois"
"16","Travail du bois et fabrication d'articles en bois et en liege, a l'exception des meubles, fabrication d'articles en vannerie et sparterie","241","H2205","Opérateur / Opératrice de production en industrie du bois"
"16","Travail du bois et fabrication d'articles en bois et en liege, a l'exception des meubles, fabrication d'articles en vannerie et sparterie","242","H2206","Menuisier / Menuisière"
"16","Travail du bois et fabrication d'articles en bois et en liege, a l'exception des meubles, fabrication d'articles en vannerie et sparterie","243","H2207","Ebéniste"
"16","Travail du bois et fabrication d'articles en bois et en liege, a l'exception des meubles, fabrication d'articles en vannerie et sparterie","244","H2208","Façonnier / Façonnière d'ouvrages décoratifs en bois et matériaux associés"
"16","Travail du bois et fabrication d'articles en bois et en liege, a l'exception des meubles, fabrication d'articles en vannerie et sparterie","245","H2209","Dessinateur / Dessinatrice de structures en bois"
"16","Travail du bois et fabrication d'articles en bois et en liege, a l'exception des meubles, fabrication d'articles en vannerie et sparterie","489038","H2210","Tonnelier / Tonnelière"
"16","Travail du bois et fabrication d'articles en bois et en liege, a l'exception des meubles, fabrication d'articles en vannerie et sparterie","488887","H2211","Opérateur / Opératrice de sciage bois"
"16","Travail du bois et fabrication d'articles en bois et en liege, a l'exception des meubles, fabrication d'articles en vannerie et sparterie","509499","H2212","Technicien / Technicienne de fabrication en industrie du bois"
"16","Travail du bois et fabrication d'articles en bois et en liege, a l'exception des meubles, fabrication d'articles en vannerie et sparterie","513850","H2214","Mérandier / Mérandière"
"16","Travail du bois et fabrication d'articles en bois et en liege, a l'exception des meubles, fabrication d'articles en vannerie et sparterie","518223","H2217","Responsable de scierie"
"16","Travail du bois et fabrication d'articles en bois et en liege, a l'exception des meubles, fabrication d'articles en vannerie et sparterie","518230","H2218","Responsable de production en industrie du bois"
"16","Travail du bois et fabrication d'articles en bois et en liege, a l'exception des meubles, fabrication d'articles en vannerie et sparterie","518259","H3308","Emballeur industriel / Emballeuse industrielle"
"16","Travail du bois et fabrication d'articles en bois et en liege, a l'exception des meubles, fabrication d'articles en vannerie et sparterie","518169","N4133","Conducteur / Conductrice de véhicule grumier"
"17","Industrie du papier et du carton","132","E1301","Conducteur / Conductrice de machines d'impression"
"17","Industrie du papier et du carton","133","E1302","Conducteur / Conductrice de machines de façonnage routage"
"17","Industrie du papier et du carton","509894","E1310","Contrôleur / Contrôleuse qualité en industrie graphique"
"17","Industrie du papier et du carton","510174","E1311","Régleur / Régleuse de machines de façonnage routage"
"17","Industrie du papier et du carton","510254","E1313","Agent / Agente d'encadrement en industrie graphique"
"17","Industrie du papier et du carton","510302","E1314","Conducteur / Conductrice de machines à pelliculer"
"17","Industrie du papier et du carton","510313","E1315","Conducteur / Conductrice de machines de reliure automatique"
"17","Industrie du papier et du carton","520205","E1316","Conducteur / Conductrice de machines à sérigraphier"
"17","Industrie du papier et du carton","520127","H2515","Chef / Cheffe d'atelier en industrie de transformation"
"17","Industrie du papier et du carton","292","H3101","Conducteur / Conductrice de machines à papier ou carton"
"17","Industrie du papier et du carton","293","H3102","Conducteur / Conductrice d'installation de pâte à papier"
"17","Industrie du papier et du carton","509815","H3103","Opérateur / Opératrice de production de pâte à papier"
"17","Industrie du papier et du carton","510076","H3104","Opérateur / Opératrice de production de papier carton"
"17","Industrie du papier et du carton","510178","H3105","Technicien / Technicienne de production en industrie papetière"
"17","Industrie du papier et du carton","518719","H3106","Conducteur / Conductrice de ligne en industrie papetière"
"17","Industrie du papier et du carton","298","H3302","Agent / Agente de conditionnement"
"17","Industrie du papier et du carton","299","H3303","Cuisinier / Cuisinière en industrie chimique"
"17","Industrie du papier et du carton","518259","H3308","Emballeur industriel / Emballeuse industrielle"
"17","Industrie du papier et du carton","520912","H3309","Préparateur / Préparatrice de mélange en industrie"
"17","Industrie du papier et du carton","518169","N4133","Conducteur / Conductrice de véhicule grumier"
"18","Imprimerie et reproduction d'enregistrements","42","B1402","Relieur / Relieuse d'art"
"18","Imprimerie et reproduction d'enregistrements","489064","B1403","Restaurateur / Restauratrice de livres anciens"
"18","Imprimerie et reproduction d'enregistrements","129","E1203","Technicien / Technicienne de laboratoire photographique"
"18","Imprimerie et reproduction d'enregistrements","132","E1301","Conducteur / Conductrice de machines d'impression"
"18","Imprimerie et reproduction d'enregistrements","133","E1302","Conducteur / Conductrice de machines de façonnage routage"
"18","Imprimerie et reproduction d'enregistrements","134","E1303","Chef / Cheffe de fabrication en industrie graphique"
"18","Imprimerie et reproduction d'enregistrements","135","E1304","Agent / Agente de façonnage et routage"
"18","Imprimerie et reproduction d'enregistrements","136","E1305","Préparateur-correcteur / Préparatrice-correctrice en industrie graphique"
"18","Imprimerie et reproduction d'enregistrements","137","E1306","Opérateur / Opératrice de prépresse"
"18","Imprimerie et reproduction d'enregistrements","138","E1307","Opérateur / Opératrice en reprographie"
"18","Imprimerie et reproduction d'enregistrements","139","E1308","Technicien / Technicienne des industries graphiques"
"18","Imprimerie et reproduction d'enregistrements","509508","E1309","Responsable d'atelier de façonnage routage"
"18","Imprimerie et reproduction d'enregistrements","509894","E1310","Contrôleur / Contrôleuse qualité en industrie graphique"
"18","Imprimerie et reproduction d'enregistrements","510174","E1311","Régleur / Régleuse de machines de façonnage routage"
"18","Imprimerie et reproduction d'enregistrements","510254","E1313","Agent / Agente d'encadrement en industrie graphique"
"18","Imprimerie et reproduction d'enregistrements","510302","E1314","Conducteur / Conductrice de machines à pelliculer"
"18","Imprimerie et reproduction d'enregistrements","510313","E1315","Conducteur / Conductrice de machines de reliure automatique"
"18","Imprimerie et reproduction d'enregistrements","520205","E1316","Conducteur / Conductrice de machines à sérigraphier"
"18","Imprimerie et reproduction d'enregistrements","512359","E1415","Directeur / Directrice de la production publicitaire"
"18","Imprimerie et reproduction d'enregistrements","254","H2408","Imprimeur / Imprimeuse textile"
"19","Cokefaction et raffinage","509348","H2711","Opérateur / Opératrice consoliste en raffinerie"
"19","Cokefaction et raffinage","519169","H2714","Ingénieur / Ingénieure de raffinerie"
"2","Sylviculture et exploitation forestiere","403950","A1102","Conducteur / Conductrice d'engins d'exploitation forestière"
"2","Sylviculture et exploitation forestiere","7","A1201","Bûcheron / Bûcheronne"
"2","Sylviculture et exploitation forestiere","10","A1204","Garde nature"
"2","Sylviculture et exploitation forestiere","11","A1205","Sylviculteur / Sylvicultrice"
"2","Sylviculture et exploitation forestiere","488640","A1207","Chef / Cheffe d'équipe de travaux de milieux naturels"
"2","Sylviculture et exploitation forestiere","488755","A1209","Elagueur / Elagueuse"
"2","Sylviculture et exploitation forestiere","488859","A1210","Ouvrier forestier / Ouvrière forestière"
"2","Sylviculture et exploitation forestiere","489058","A1212","Chef / Cheffe d'équipe de travaux forestiers"
"2","Sylviculture et exploitation forestiere","489160","A1213","Conducteur / Conductrice de travaux forestiers"
"2","Sylviculture et exploitation forestiere","515388","A1216","Responsable de site naturel protégé"
"2","Sylviculture et exploitation forestiere","515423","A1218","Conducteur / Conductrice de travaux de milieux naturels"
"2","Sylviculture et exploitation forestiere","509640","A1307","Ingénieur forestier / Ingénieure forestière"
"2","Sylviculture et exploitation forestiere","510154","A1311","Technicien forestier / Technicienne forestière"
"2","Sylviculture et exploitation forestiere","515387","A1316","Chargé / Chargée de conservation ex-situ"
"2","Sylviculture et exploitation forestiere","515431","A1318","Technicien / Technicienne de travaux de gestion de milieu naturel"
"2","Sylviculture et exploitation forestiere","518781","A1324","Ingénieur / Ingénieure biogaz"
"2","Sylviculture et exploitation forestiere","488621","F1119","Pédologue"
"2","Sylviculture et exploitation forestiere","488584","G1103","Directeur / Directrice d'espace naturel protégé"
"2","Sylviculture et exploitation forestiere","241","H2205","Opérateur / Opératrice de production en industrie du bois"
"2","Sylviculture et exploitation forestiere","488887","H2211","Opérateur / Opératrice de sciage bois"
"2","Sylviculture et exploitation forestiere","518220","H2216","Responsable de parc à grumes"
"2","Sylviculture et exploitation forestiere","518223","H2217","Responsable de scierie"
"2","Sylviculture et exploitation forestiere","518230","H2218","Responsable de production en industrie du bois"
"2","Sylviculture et exploitation forestiere","327","I1603","Mécanicien-réparateur / Mécanicienne-réparatrice en matériels agricoles"
"2","Sylviculture et exploitation forestiere","510158","K2325","Technicien / Technicienne d'exploitation méthanisation"
"2","Sylviculture et exploitation forestiere","519208","K2419","Botaniste"
"20","Industrie chimique","211","H1102","Ingénieur / Ingénieure d'affaires en industrie"
"20","Industrie chimique","488302","H1103","Responsable d'affaires en industrie pharmaceutique"
"20","Industrie chimique","212","H1201","Coloriste en industrie"
"20","Industrie chimique","488322","H1220","Responsable formulation en industrie pharmaceutique"
"20","Industrie chimique","513844","H1241","Architecte système hydrogène"
"20","Industrie chimique","519122","H1242","Responsable de développement industriel en bioproduction"
"20","Industrie chimique","519120","H1243","Technicien / Technicienne en bioproduction"
"20","Industrie chimique","223","H1302","Ingénieur / Ingénieure Hygiène, Sécurité et Environnement en industrie (HSE)"
"20","Industrie chimique","488285","H1304","Responsable Hygiène Sécurité Environnement (HSE) en industrie"
"20","Industrie chimique","488751","H1307","Responsable de la conformité industrielle"
"20","Industrie chimique","489183","H1309","Technicien / Technicienne en radioprotection"
"20","Industrie chimique","519922","H1312","Inspecteur / Inspectrice de sites industriels"
"20","Industrie chimique","233","H1505","Nez"
"20","Industrie chimique","488309","H1511","Chargé / Chargée de validation-qualification en industrie pharmaceutique"
"20","Industrie chimique","488312","H1512","Directeur / Directrice de zone en industrie pharmaceutique"
"20","Industrie chimique","246","H2301","Conducteur / Conductrice de ligne en industrie chimique"
"20","Industrie chimique","510207","H2304","Opérateur / Opératrice de fabrication des industries chimiques"
"20","Industrie chimique","265","H2504","Chef / Cheffe d'équipe en industrie"
"20","Industrie chimique","513846","H2710","Technicien / Technicienne responsable d'installation hydrogène"
"20","Industrie chimique","509348","H2711","Opérateur / Opératrice consoliste en raffinerie"
"20","Industrie chimique","519169","H2714","Ingénieur / Ingénieure de raffinerie"
"20","Industrie chimique","294","H3201","Plasturgiste"
"20","Industrie chimique","518746","H3204","Opérateur / Opératrice de production des matières plastiques et du caoutchouc"
"20","Industrie chimique","518797","H3205","Technicien / Technicienne de production en matériaux composites"
"20","Industrie chimique","299","H3303","Cuisinier / Cuisinière en industrie chimique"
"20","Industrie chimique","303","H3404","Peintre industriel / Peintre industrielle"
"20","Industrie chimique","510470","K1729","Opérateur / Opératrice en pyrotechnie militaire"
"20","Industrie chimique","488274","M1708","Directeur / Directrice de l'accès au marché en industrie pharmaceutique"
"20","Industrie chimique","489164","N1115","Opérateur / Opératrice logistique"
"20","Industrie chimique","507","N1301","Responsable logistique"
"21","Industrie pharmaceutique","488328","A1505","Animalier / Animalière de laboratoire"
"21","Industrie pharmaceutique","488282","D1411","Responsable Efficacité Commerciale (SFE) en industrie pharmaceutique"
"21","Industrie pharmaceutique","488290","D1412","Délégué médical hospitalier / Déléguée médicale hospitalière"
"21","Industrie pharmaceutique","121","E1103","Chargé / Chargée des relations publiques"
"21","Industrie pharmaceutique","211","H1102","Ingénieur / Ingénieure d'affaires en industrie"
"21","Industrie pharmaceutique","488302","H1103","Responsable d'affaires en industrie pharmaceutique"
"21","Industrie pharmaceutique","488321","H1104","Directeur / Directrice des affaires médicales pharmaceutiques"
"21","Industrie pharmaceutique","488339","H1105","Chef de projets santé / Cheffe de projets santé"
"21","Industrie pharmaceutique","488271","H1212","Ingénieur / Ingénieure brevet en industrie"
"21","Industrie pharmaceutique","488291","H1213","Responsable du développement clinique en industrie pharmaceutique"
"21","Industrie pharmaceutique","488299","H1214","Agent / Agente de laboratoire de recherche industrielle"
"21","Industrie pharmaceutique","488303","H1215","Bioinformaticien / Bioinformaticienne en études, recherche et développement"
"21","Industrie pharmaceutique","488308","H1216","Responsable des études épidémiologiques"
"21","Industrie pharmaceutique","488313","H1217","Technicien / Technicienne formulation en industrie pharmaceutique"
"21","Industrie pharmaceutique","488316","H1218","Responsable de projet recherche et développement"
"21","Industrie pharmaceutique","488319","H1219","Responsable opérationnel / Responsable opérationnelle des études cliniques en industrie pharmaceutique"
"21","Industrie pharmaceutique","488322","H1220","Responsable formulation en industrie pharmaceutique"
"21","Industrie pharmaceutique","488335","H1221","Responsable des partenariats de recherche en industrie pharmaceutique"
"21","Industrie pharmaceutique","488347","H1222","Responsable médical / Responsable médicale des études cliniques en industrie pharmaceutique"
"21","Industrie pharmaceutique","488351","H1223","Coordinateur / Coordinatrice d'études cliniques en industrie pharmaceutique"
"21","Industrie pharmaceutique","488566","H1224","Technicien / Technicienne de laboratoire de recherche-développement"
"21","Industrie pharmaceutique","510309","H1226","Rédacteur médical / Rédactrice médicale en industrie pharmaceutique"
"21","Industrie pharmaceutique","519122","H1242","Responsable de développement industriel en bioproduction"
"21","Industrie pharmaceutique","519120","H1243","Technicien / Technicienne en bioproduction"
"21","Industrie pharmaceutique","223","H1302","Ingénieur / Ingénieure Hygiène, Sécurité et Environnement en industrie (HSE)"
"21","Industrie pharmaceutique","224","H1303","Technicien / Technicienne en Hygiène, Sécurité, Environnement industriel (HSE)"
"21","Industrie pharmaceutique","488285","H1304","Responsable Hygiène Sécurité Environnement (HSE) en industrie"
"21","Industrie pharmaceutique","488751","H1307","Responsable de la conformité industrielle"
"21","Industrie pharmaceutique","519922","H1312","Inspecteur / Inspectrice de sites industriels"
"21","Industrie pharmaceutique","404542","H1507","Chargé / Chargée des affaires réglementaires"
"21","Industrie pharmaceutique","488278","H1508","Assureur / Assureuse qualité industrie"
"21","Industrie pharmaceutique","488284","H1509","Responsable des affaires règlementaires en industrie pharmaceutique"
"21","Industrie pharmaceutique","488296","H1510","Technicien / Technicienne de laboratoire de contrôle en industrie pharmaceutique"
"21","Industrie pharmaceutique","488309","H1511","Chargé / Chargée de validation-qualification en industrie pharmaceutique"
"21","Industrie pharmaceutique","488312","H1512","Directeur / Directrice de zone en industrie pharmaceutique"
"21","Industrie pharmaceutique","488314","H1513","Responsable de pharmacovigilance en industrie pharmaceutique"
"21","Industrie pharmaceutique","488330","H1514","Chargé / Chargée de pharmacovigilance en industrie pharmaceutique"
"21","Industrie pharmaceutique","488336","H1515","Auditeur / Auditrice qualité en industrie"
"21","Industrie pharmaceutique","488341","H1516","Expert / Experte métrologue"
"21","Industrie pharmaceutique","488343","H1517","Responsable de laboratoire de contrôle en industrie pharmaceutique"
"21","Industrie pharmaceutique","488344","H1518","Consultant / Consultante qualité"
"21","Industrie pharmaceutique","488352","H1519","Responsable éthique-déontologie-conformité en industrie pharmaceutique"
"21","Industrie pharmaceutique","488353","H1520","Ingénieur qualité / Ingénieure qualité"
"21","Industrie pharmaceutique","488565","H1521","Technicien / Technicienne de validation-qualification"
"21","Industrie pharmaceutique","246","H2301","Conducteur / Conductrice de ligne en industrie chimique"
"21","Industrie pharmaceutique","488276","H2302","Conducteur / Conductrice de procédé de fabrication en industrie pharmaceutique"
"21","Industrie pharmaceutique","488318","H2303","Opérateur / Opératrice de fabrication en industrie pharmaceutique"
"21","Industrie pharmaceutique","510207","H2304","Opérateur / Opératrice de fabrication des industries chimiques"
"21","Industrie pharmaceutique","488315","H2507","Responsable de ligne de production industrielle"
"21","Industrie pharmaceutique","297","H3301","Conducteur / Conductrice de ligne de conditionnement"
"21","Industrie pharmaceutique","299","H3303","Cuisinier / Cuisinière en industrie chimique"
"21","Industrie pharmaceutique","337","J1202","Pharmacien / Pharmacienne"
"21","Industrie pharmaceutique","488272","K2404","Chargé / Chargée de recherche en industrie pharmaceutique"
"21","Industrie pharmaceutique","488570","K2406","Directeur / Directrice de recherche en industrie pharmaceutique"
"21","Industrie pharmaceutique","404047","M1405","Data scientist"
"21","Industrie pharmaceutique","488300","M1407","Responsable de la veille scientifique et technique en industrie pharmaceutique"
"21","Industrie pharmaceutique","488337","M1408","Responsable des études pharmaco-économiques en industrie pharmaceutique"
"21","Industrie pharmaceutique","489184","M1617","Médecin responsable de la Documentation et de l'Information Médicale (Médecin responsable DIM)"
"21","Industrie pharmaceutique","488274","M1708","Directeur / Directrice de l'accès au marché en industrie pharmaceutique"
"21","Industrie pharmaceutique","488275","M1709","Chef / Cheffe de gamme en industrie pharmaceutique"
"21","Industrie pharmaceutique","488307","M1710","Responsable régional / Responsable régionale des relations scientifiques médicales"
"21","Industrie pharmaceutique","488340","M1712","Directeur / Directrice de l'information promotionnelle du médicament en industrie pharmaceutique"
"21","Industrie pharmaceutique","488569","M1714","Chargé / Chargée de l'information promotionnelle du médicament en industrie pharmaceutique"
"21","Industrie pharmaceutique","489082","M1856","Expert / Experte en cybersécurité"
"21","Industrie pharmaceutique","489164","N1115","Opérateur / Opératrice logistique"
"21","Industrie pharmaceutique","507","N1301","Responsable logistique"
"22","Fabrication de produits en caoutchouc et en plastique","510188","H1232","Technicien / Technicienne d'études en industrie des matériaux souples"
"22","Fabrication de produits en caoutchouc et en plastique","488276","H2302","Conducteur / Conductrice de procédé de fabrication en industrie pharmaceutique"
"22","Fabrication de produits en caoutchouc et en plastique","285","H2908","Modeleur / Modeleuse"
"22","Fabrication de produits en caoutchouc et en plastique","294","H3201","Plasturgiste"
"22","Fabrication de produits en caoutchouc et en plastique","295","H3202","Monteur régleur / Monteuse régleuse en plasturgie"
"22","Fabrication de produits en caoutchouc et en plastique","296","H3203","Mouleur-stratifieur / Mouleuse-stratifieuse"
"22","Fabrication de produits en caoutchouc et en plastique","518746","H3204","Opérateur / Opératrice de production des matières plastiques et du caoutchouc"
"22","Fabrication de produits en caoutchouc et en plastique","518797","H3205","Technicien / Technicienne de production en matériaux composites"
"22","Fabrication de produits en caoutchouc et en plastique","298","H3302","Agent / Agente de conditionnement"
"23","Fabrication d'autres produits mineraux non metalliques","488793","B1102","Mosaïste d'art"
"23","Fabrication d'autres produits mineraux non metalliques","489159","B1103","Sculpteur / Sculptrice"
"23","Fabrication d'autres produits mineraux non metalliques","37","B1201","Céramiste"
"23","Fabrication d'autres produits mineraux non metalliques","172","F1612","Tailleur / Tailleuse de pierre"
"23","Fabrication d'autres produits mineraux non metalliques","489189","F1625","Monteur / Monteuse en agencement"
"23","Fabrication d'autres produits mineraux non metalliques","179","F1706","Agent / Agente de préfabrication de l'industrie du béton"
"23","Fabrication d'autres produits mineraux non metalliques","488276","H2302","Conducteur / Conductrice de procédé de fabrication en industrie pharmaceutique"
"23","Fabrication d'autres produits mineraux non metalliques","273","H2801","Agent / Agente de fabrication du verre"
"23","Fabrication d'autres produits mineraux non metalliques","274","H2802","Opérateur / Opératrice de fabrication en matériaux de construction"
"23","Fabrication d'autres produits mineraux non metalliques","275","H2803","Opérateur / Opératrice en Industrie Céramique"
"23","Fabrication d'autres produits mineraux non metalliques","277","H2805","Technicien / Technicienne de l'industrie du verre"
"23","Fabrication d'autres produits mineraux non metalliques","519604","H2806","Technicien / Technicienne fusion en industrie verrière"
"23","Fabrication d'autres produits mineraux non metalliques","519719","H2807","Bobineur / Bobineuse de fils et fibres de verre"
"23","Fabrication d'autres produits mineraux non metalliques","519728","H2808","Conducteur / Conductrice de presses en production transformation du verre"
"23","Fabrication d'autres produits mineraux non metalliques","519753","H2809","Opérateur / Opératrice de poste centralisé en cimenterie"
"23","Fabrication d'autres produits mineraux non metalliques","519759","H2810","Agent / Agente technique de centrale à enrobés"
"23","Fabrication d'autres produits mineraux non metalliques","520216","H2811","Plieur / Plieuse de verre plat"
"23","Fabrication d'autres produits mineraux non metalliques","285","H2908","Modeleur / Modeleuse"
"23","Fabrication d'autres produits mineraux non metalliques","302","H3403","Opérateur / Opératrice de traitement thermique"
"23","Fabrication d'autres produits mineraux non metalliques","518824","H3409","Polisseur / Polisseuse sur verre"
"24","Metallurgie","44","B1601","Métallier / Métallière d'art"
"24","Metallurgie","520416","B1617","Coutelier / Coutelière d'art"
"24","Metallurgie","488632","H1522","Technicien / Technicienne en contrôles et essais non destructifs (CND END)"
"24","Metallurgie","509384","H2509","Ingénieur / Ingénieure de fonderie ou de forge"
"24","Metallurgie","520128","H2516","Technicien / Technicienne de production du travail des métaux"
"24","Metallurgie","281","H2904","Forgeron industriel / Forgeronne industrielle"
"24","Metallurgie","284","H2907","Fondeur / Fondeuse en métallurgie"
"24","Metallurgie","287","H2910","Mouleur noyauteur / Mouleuse noyauteuse machine"
"24","Metallurgie","291","H2914","Tuyauteur / Tuyauteuse"
"24","Metallurgie","521037","H2922","Fondeur / Fondeuse en métaux précieux"
"24","Metallurgie","521030","H2924","Conducteur / Conductrice de ligne de production en industrie métallurgique"
"24","Metallurgie","300","H3401","Opérateur / Opératrice de traitement d'abrasion de surface"
"24","Metallurgie","518887","H3410","Galvanoplaste industriel / Galvanoplaste industrielle"
"24","Metallurgie","520907","H3411","Laqueur industriel / Laqueuse industrielle"
"25","Fabrication de produits metalliques, a l'exception des machines et des equipements","40","B1303","Graveur / Graveuse d'art"
"25","Fabrication de produits metalliques, a l'exception des machines et des equipements","44","B1601","Métallier / Métallière d'art"
"25","Fabrication de produits metalliques, a l'exception des machines et des equipements","46","B1603","Opérateur / Opératrice en bijouterie"
"25","Fabrication de produits metalliques, a l'exception des machines et des equipements","404957","B1605","Bijoutier / Bijoutière"
"25","Fabrication de produits metalliques, a l'exception des machines et des equipements","404968","B1606","Joaillier / Joaillière"
"25","Fabrication de produits metalliques, a l'exception des machines et des equipements","404972","B1608","Orfèvre planeur / Orfèvre planeuse"
"25","Fabrication de produits metalliques, a l'exception des machines et des equipements","404976","B1609","Responsable d'atelier en bijouterie ou joaillerie"
"25","Fabrication de produits metalliques, a l'exception des machines et des equipements","404977","B1610","Sertisseur / Sertisseuse en bijouterie ou joaillerie"
"25","Fabrication de produits metalliques, a l'exception des machines et des equipements","488744","B1613","Orfèvre"
"25","Fabrication de produits metalliques, a l'exception des machines et des equipements","489215","B1614","Monteur / Monteuse en orfèvrerie"
"25","Fabrication de produits metalliques, a l'exception des machines et des equipements","490200","B1615","Orfèvre tourneur repousseur / Orfèvre tourneuse repousseuse"
"25","Fabrication de produits metalliques, a l'exception des machines et des equipements","520416","B1617","Coutelier / Coutelière d'art"
"25","Fabrication de produits metalliques, a l'exception des machines et des equipements","167","F1607","Menuisier / Menuisière aluminium"
"25","Fabrication de produits metalliques, a l'exception des machines et des equipements","403073","F1614","Poseur / Poseuse en fermetures de bâtiment"
"25","Fabrication de produits metalliques, a l'exception des machines et des equipements","403081","F1616","Poseur / Poseuse de menuiseries extérieures"
"25","Fabrication de produits metalliques, a l'exception des machines et des equipements","403082","F1617","Poseur / Poseuse de véranda"
"25","Fabrication de produits metalliques, a l'exception des machines et des equipements","214","H1203","Dessinateur-projeteur / Dessinatrice-projeteuse en mécanique"
"25","Fabrication de produits metalliques, a l'exception des machines et des equipements","509906","H1238","Chef / Cheffe de projet conception industrielle en mécanique"
"25","Fabrication de produits metalliques, a l'exception des machines et des equipements","227","H1403","Gestionnaire de flux de production"
"25","Fabrication de produits metalliques, a l'exception des machines et des equipements","228","H1404","Technicien / Technicienne méthodes"
"25","Fabrication de produits metalliques, a l'exception des machines et des equipements","520086","H1408","Programmeur / Programmeuse en Conception de Fabrication Assistée par Ordinateur (CFAO)"
"25","Fabrication de produits metalliques, a l'exception des machines et des equipements","520102","H1409","Ingénieur / Ingénieure soudage"
"25","Fabrication de produits metalliques, a l'exception des machines et des equipements","234","H1506","Contrôleur / Contrôleuse technique en métallurgie"
"25","Fabrication de produits metalliques, a l'exception des machines et des equipements","488278","H1508","Assureur / Assureuse qualité industrie"
"25","Fabrication de produits metalliques, a l'exception des machines et des equipements","519905","H1535","Technicien / Technicienne qualité produit et métrologie en mécanique et travail des métaux"
"25","Fabrication de produits metalliques, a l'exception des machines et des equipements","263","H2502","Ingénieur / Ingénieure de production"
"25","Fabrication de produits metalliques, a l'exception des machines et des equipements","264","H2503","Responsable d'îlot de production"
"25","Fabrication de produits metalliques, a l'exception des machines et des equipements","488315","H2507","Responsable de ligne de production industrielle"
"25","Fabrication de produits metalliques, a l'exception des machines et des equipements","509384","H2509","Ingénieur / Ingénieure de fonderie ou de forge"
"25","Fabrication de produits metalliques, a l'exception des machines et des equipements","520128","H2516","Technicien / Technicienne de production du travail des métaux"
"25","Fabrication de produits metalliques, a l'exception des machines et des equipements","278","H2901","Ajusteur-monteur / Ajusteuse-monteuse"
"25","Fabrication de produits metalliques, a l'exception des machines et des equipements","279","H2902","Chaudronnier / Chaudronnière"
"25","Fabrication de produits metalliques, a l'exception des machines et des equipements","280","H2903","Usineur / Usineuse"
"25","Fabrication de produits metalliques, a l'exception des machines et des equipements","281","H2904","Forgeron industriel / Forgeronne industrielle"
"25","Fabrication de produits metalliques, a l'exception des machines et des equipements","282","H2905","Cisailleur / Cisailleuse en métallurgie"
"25","Fabrication de produits metalliques, a l'exception des machines et des equipements","283","H2906","Opérateur / Opératrice en fabrication mécanique"
"25","Fabrication de produits metalliques, a l'exception des machines et des equipements","284","H2907","Fondeur / Fondeuse en métallurgie"
"25","Fabrication de produits metalliques, a l'exception des machines et des equipements","286","H2909","Assembleur monteur / Assembleuse monteuse"
"25","Fabrication de produits metalliques, a l'exception des machines et des equipements","288","H2911","Métallier / Métallière"
"25","Fabrication de produits metalliques, a l'exception des machines et des equipements","289","H2912","Régleur / Régleuse d'équipements industriels"
"25","Fabrication de produits metalliques, a l'exception des machines et des equipements","290","H2913","Soudeur / Soudeuse"
"25","Fabrication de produits metalliques, a l'exception des machines et des equipements","489024","H2915","Chef soudeur / Cheffe soudeuse"
"25","Fabrication de produits metalliques, a l'exception des machines et des equipements","489047","H2916","Soudeur / Soudeuse Tungsten Inert Gas -TIG-"
"25","Fabrication de produits metalliques, a l'exception des machines et des equipements","489194","H2917","Soudeur / Soudeuse MIG MAG"
"25","Fabrication de produits metalliques, a l'exception des machines et des equipements","519852","H2923","Ajusteur-régleur / Ajusteuse-régleuse de fabrication en instruments d'optique"
"25","Fabrication de produits metalliques, a l'exception des machines et des equipements","519874","H2925","Armurier / Armurière de fabrication"
"25","Fabrication de produits metalliques, a l'exception des machines et des equipements","298","H3302","Agent / Agente de conditionnement"
"25","Fabrication de produits metalliques, a l'exception des machines et des equipements","518259","H3308","Emballeur industriel / Emballeuse industrielle"
"25","Fabrication de produits metalliques, a l'exception des machines et des equipements","300","H3401","Opérateur / Opératrice de traitement d'abrasion de surface"
"25","Fabrication de produits metalliques, a l'exception des machines et des equipements","301","H3402","Opérateur / Opératrice de traitement de surface"
"25","Fabrication de produits metalliques, a l'exception des machines et des equipements","302","H3403","Opérateur / Opératrice de traitement thermique"
"25","Fabrication de produits metalliques, a l'exception des machines et des equipements","303","H3404","Peintre industriel / Peintre industrielle"
"25","Fabrication de produits metalliques, a l'exception des machines et des equipements","490329","H3407","Metteur au bain / Metteuse au bain argenture - dorure en orfèvrerie"
"25","Fabrication de produits metalliques, a l'exception des machines et des equipements","490351","H3408","Metteur au point polisseur / Metteuse au point polisseuse sur matrice en orfèvrerie"
"25","Fabrication de produits metalliques, a l'exception des machines et des equipements","518824","H3409","Polisseur / Polisseuse sur verre"
"25","Fabrication de produits metalliques, a l'exception des machines et des equipements","518887","H3410","Galvanoplaste industriel / Galvanoplaste industrielle"
"25","Fabrication de produits metalliques, a l'exception des machines et des equipements","520907","H3411","Laqueur industriel / Laqueuse industrielle"
"25","Fabrication de produits metalliques, a l'exception des machines et des equipements","488883","I1316","Technicien / Technicienne de maintenance Chauffage, Ventilation et Climatisation - CVC"
"25","Fabrication de produits metalliques, a l'exception des machines et des equipements","488613","I1610","Responsable atelier carrosserie"
"26","Fabrication de produits informatiques, electroniques et optiques","47","B1604","Horloger / Horlogère"
"26","Fabrication de produits informatiques, electroniques et optiques","509929","B1616","Opérateur / Opératrice en horlogerie"
"26","Fabrication de produits informatiques, electroniques et optiques","519493","E1212","Restaurateur / Restauratrice numérique image"
"26","Fabrication de produits informatiques, electroniques et optiques","213","H1202","Dessinateur / Dessinatrice en électricité-électronique"
"26","Fabrication de produits informatiques, electroniques et optiques","220","H1209","Technicien / Technicienne en électricité et électronique études et développement"
"26","Fabrication de produits informatiques, electroniques et optiques","488271","H1212","Ingénieur / Ingénieure brevet en industrie"
"26","Fabrication de produits informatiques, electroniques et optiques","509358","H1227","Maquettiste en électronique"
"26","Fabrication de produits informatiques, electroniques et optiques","510276","H1228","Chef de groupe projeteur / Cheffe de groupe projeteuse en électricité-électronique"
"26","Fabrication de produits informatiques, electroniques et optiques","509817","H1236","Dessinateur-projeteur / Dessinatrice-projeteuse en électricité-électronique"
"26","Fabrication de produits informatiques, electroniques et optiques","510028","H1239","Technicien / Technicienne bureau d'études écoconception"
"26","Fabrication de produits informatiques, electroniques et optiques","518200","H1245","Mécatronicien / Mécatronicienne"
"26","Fabrication de produits informatiques, electroniques et optiques","488596","H1305","Vérificateur / Vérificatrice de conformité industrielle"
"26","Fabrication de produits informatiques, electroniques et optiques","488331","H1406","Ingénieur / Ingénieure supply chain en industrie"
"26","Fabrication de produits informatiques, electroniques et optiques","519929","H1407","Responsable méthodes-industrialisation"
"26","Fabrication de produits informatiques, electroniques et optiques","520241","H1410","Ingénieur / Ingénieure de gestion de la production"
"26","Fabrication de produits informatiques, electroniques et optiques","232","H1504","Contrôleur / Contrôleuse technique en électricité-électronique"
"26","Fabrication de produits informatiques, electroniques et optiques","488353","H1520","Ingénieur qualité / Ingénieure qualité"
"26","Fabrication de produits informatiques, electroniques et optiques","262","H2501","Chef / Cheffe d'atelier production électricité-électronique"
"26","Fabrication de produits informatiques, electroniques et optiques","268","H2602","Câbleur / Câbleuse d'armoires"
"26","Fabrication de produits informatiques, electroniques et optiques","269","H2603","Opérateur / Opératrice sur machines automatisées en production électrique"
"26","Fabrication de produits informatiques, electroniques et optiques","270","H2604","Assembleur / Assembleuse en produits électriques et électroniques"
"26","Fabrication de produits informatiques, electroniques et optiques","271","H2605","Monteur-câbleur / Monteuse-câbleuse"
"26","Fabrication de produits informatiques, electroniques et optiques","286","H2909","Assembleur monteur / Assembleuse monteuse"
"26","Fabrication de produits informatiques, electroniques et optiques","305","I1102","Ingénieur / Ingénieure de maintenance industrielle"
"26","Fabrication de produits informatiques, electroniques et optiques","489206","I1320","Technicien / Technicienne de maintenance d'équipements connectés"
"26","Fabrication de produits informatiques, electroniques et optiques","510142","I1334","Electronicien / Electronicienne de maintenance aéronautique"
"27","Fabrication d'equipements electriques","220","H1209","Technicien / Technicienne en électricité et électronique études et développement"
"27","Fabrication d'equipements electriques","488596","H1305","Vérificateur / Vérificatrice de conformité industrielle"
"27","Fabrication d'equipements electriques","232","H1504","Contrôleur / Contrôleuse technique en électricité-électronique"
"27","Fabrication d'equipements electriques","488276","H2302","Conducteur / Conductrice de procédé de fabrication en industrie pharmaceutique"
"27","Fabrication d'equipements electriques","262","H2501","Chef / Cheffe d'atelier production électricité-électronique"
"27","Fabrication d'equipements electriques","267","H2601","Bobinier / Bobinière en électricité"
"27","Fabrication d'equipements electriques","268","H2602","Câbleur / Câbleuse d'armoires"
"27","Fabrication d'equipements electriques","269","H2603","Opérateur / Opératrice sur machines automatisées en production électrique"
"27","Fabrication d'equipements electriques","270","H2604","Assembleur / Assembleuse en produits électriques et électroniques"
"27","Fabrication d'equipements electriques","271","H2605","Monteur-câbleur / Monteuse-câbleuse"
"27","Fabrication d'equipements electriques","488763","H2606","Monteur-bobinier / Monteuse-bobinière en électricité"
"27","Fabrication d'equipements electriques","488920","H2607","Chef / Cheffe d'atelier de bobinage électrique"
"27","Fabrication d'equipements electriques","489222","H2608","Bobinier / Bobinière en matériels électroniques"
"27","Fabrication d'equipements electriques","489071","H2705","Pilote de ligne de production de composants et de cellules pour batteries de véhicules électriques"
"27","Fabrication d'equipements electriques","286","H2909","Assembleur monteur / Assembleuse monteuse"
"27","Fabrication d'equipements electriques","305","I1102","Ingénieur / Ingénieure de maintenance industrielle"
"27","Fabrication d'equipements electriques","311","I1302","Technicien / Technicienne de maintenance d'installations automatisées"
"27","Fabrication d'equipements electriques","488747","I1314","Monteur installateur / Monteuse installatrice d'équipements connectés"
"27","Fabrication d'equipements electriques","488911","I1318","Instrumentiste Industriel / Industrielle"
"28","Fabrication de machines et equipements n.c.a.","488589","F1116","Ingénieur / Ingénieure démantèlement et assainissement"
"28","Fabrication de machines et equipements n.c.a.","214","H1203","Dessinateur-projeteur / Dessinatrice-projeteuse en mécanique"
"28","Fabrication de machines et equipements n.c.a.","219","H1208","Automaticien / Automaticienne en bureau d'études"
"28","Fabrication de machines et equipements n.c.a.","509769","H1235","Technicien / Technicienne en conception industrielle en mécanique"
"28","Fabrication de machines et equipements n.c.a.","509906","H1238","Chef / Cheffe de projet conception industrielle en mécanique"
"28","Fabrication de machines et equipements n.c.a.","518200","H1245","Mécatronicien / Mécatronicienne"
"28","Fabrication de machines et equipements n.c.a.","488331","H1406","Ingénieur / Ingénieure supply chain en industrie"
"28","Fabrication de machines et equipements n.c.a.","519929","H1407","Responsable méthodes-industrialisation"
"28","Fabrication de machines et equipements n.c.a.","520241","H1410","Ingénieur / Ingénieure de gestion de la production"
"28","Fabrication de machines et equipements n.c.a.","263","H2502","Ingénieur / Ingénieure de production"
"28","Fabrication de machines et equipements n.c.a.","264","H2503","Responsable d'îlot de production"
"28","Fabrication de machines et equipements n.c.a.","488315","H2507","Responsable de ligne de production industrielle"
"28","Fabrication de machines et equipements n.c.a.","509937","H2510","Directeur / Directrice de production industrielle"
"28","Fabrication de machines et equipements n.c.a.","520128","H2516","Technicien / Technicienne de production du travail des métaux"
"28","Fabrication de machines et equipements n.c.a.","268","H2602","Câbleur / Câbleuse d'armoires"
"28","Fabrication de machines et equipements n.c.a.","278","H2901","Ajusteur-monteur / Ajusteuse-monteuse"
"28","Fabrication de machines et equipements n.c.a.","279","H2902","Chaudronnier / Chaudronnière"
"28","Fabrication de machines et equipements n.c.a.","280","H2903","Usineur / Usineuse"
"28","Fabrication de machines et equipements n.c.a.","286","H2909","Assembleur monteur / Assembleuse monteuse"
"28","Fabrication de machines et equipements n.c.a.","290","H2913","Soudeur / Soudeuse"
"28","Fabrication de machines et equipements n.c.a.","489024","H2915","Chef soudeur / Cheffe soudeuse"
"28","Fabrication de machines et equipements n.c.a.","489047","H2916","Soudeur / Soudeuse Tungsten Inert Gas -TIG-"
"28","Fabrication de machines et equipements n.c.a.","489194","H2917","Soudeur / Soudeuse MIG MAG"
"28","Fabrication de machines et equipements n.c.a.","519062","H2920","Prototypiste en mécanique"
"28","Fabrication de machines et equipements n.c.a.","519852","H2923","Ajusteur-régleur / Ajusteuse-régleuse de fabrication en instruments d'optique"
"28","Fabrication de machines et equipements n.c.a.","518259","H3308","Emballeur industriel / Emballeuse industrielle"
"28","Fabrication de machines et equipements n.c.a.","305","I1102","Ingénieur / Ingénieure de maintenance industrielle"
"28","Fabrication de machines et equipements n.c.a.","510299","I1112","Chef / Cheffe d'atelier engins de levage et de manutention"
"28","Fabrication de machines et equipements n.c.a.","313","I1304","Technicien / Technicienne de maintenance industrielle"
"28","Fabrication de machines et equipements n.c.a.","315","I1306","Frigoriste"
"28","Fabrication de machines et equipements n.c.a.","319","I1310","Mécanicien / Mécanicienne de maintenance industrielle"
"28","Fabrication de machines et equipements n.c.a.","488605","I1313","Hydraulicien industriel / Hydraulicienne industrielle"
"28","Fabrication de machines et equipements n.c.a.","510453","I1326","Responsable d'équipe maintenance"
"28","Fabrication de machines et equipements n.c.a.","509662","I1327","Technicien / Technicienne de maintenance en matériel biomédical"
"28","Fabrication de machines et equipements n.c.a.","510403","I1330","Technicien / Technicienne d'installation de centrales téléphoniques"
"28","Fabrication de machines et equipements n.c.a.","509918","I1333","Chef / Cheffe d'équipe d'installation industrielle"
"28","Fabrication de machines et equipements n.c.a.","510212","I1335","Electromécanicien / Electromécanicienne d'équipements industriels"
"28","Fabrication de machines et equipements n.c.a.","518400","I1336","Technicien / Technicienne froid embarqué routier"
"29","Industrie automobile","518246","C1117","Courtier automobile / Courtière automobile"
"29","Industrie automobile","509809","D1430","Conseiller vendeur / Conseillère vendeuse de véhicules de loisirs"
"29","Industrie automobile","509685","F1628","Installateur / Installatrice de bornes de recharges électriques"
"29","Industrie automobile","211","H1102","Ingénieur / Ingénieure d'affaires en industrie"
"29","Industrie automobile","214","H1203","Dessinateur-projeteur / Dessinatrice-projeteuse en mécanique"
"29","Industrie automobile","509769","H1235","Technicien / Technicienne en conception industrielle en mécanique"
"29","Industrie automobile","509906","H1238","Chef / Cheffe de projet conception industrielle en mécanique"
"29","Industrie automobile","518200","H1245","Mécatronicien / Mécatronicienne"
"29","Industrie automobile","488596","H1305","Vérificateur / Vérificatrice de conformité industrielle"
"29","Industrie automobile","488632","H1522","Technicien / Technicienne en contrôles et essais non destructifs (CND END)"
"29","Industrie automobile","489071","H2705","Pilote de ligne de production de composants et de cellules pour batteries de véhicules électriques"
"29","Industrie automobile","279","H2902","Chaudronnier / Chaudronnière"
"29","Industrie automobile","283","H2906","Opérateur / Opératrice en fabrication mécanique"
"29","Industrie automobile","286","H2909","Assembleur monteur / Assembleuse monteuse"
"29","Industrie automobile","290","H2913","Soudeur / Soudeuse"
"29","Industrie automobile","489024","H2915","Chef soudeur / Cheffe soudeuse"
"29","Industrie automobile","489047","H2916","Soudeur / Soudeuse Tungsten Inert Gas -TIG-"
"29","Industrie automobile","489194","H2917","Soudeur / Soudeuse MIG MAG"
"29","Industrie automobile","520869","H2921","Ouvrier / Ouvrière de montage en construction automobile"
"29","Industrie automobile","295","H3202","Monteur régleur / Monteuse régleuse en plasturgie"
"29","Industrie automobile","518746","H3204","Opérateur / Opératrice de production des matières plastiques et du caoutchouc"
"29","Industrie automobile","520907","H3411","Laqueur industriel / Laqueuse industrielle"
"29","Industrie automobile","330","I1606","Carrossier-peintre / Carrossière-peintre"
"29","Industrie automobile","489208","I1609","Peintre automobile"
"29","Industrie automobile","488613","I1610","Responsable atelier carrosserie"
"29","Industrie automobile","489079","I1611","Préparateur / Préparatrice de véhicules automobiles"
"29","Industrie automobile","488736","I1614","Préparateur / Préparatrice en peinture automobile"
"29","Industrie automobile","488870","I1619","Mécanicien / Mécanicienne cycles"
"29","Industrie automobile","510606","I1631","Opérateur / Opératrice de vérification des dispositifs embarqués Véhicules de Transports Routiers VTR"
"29","Industrie automobile","488725","K1724","Spécialiste en radioprotection au sein du Ministère des Armées"
"3","Peche et aquaculture","515384","A1314","Halieute"
"3","Peche et aquaculture","515387","A1316","Chargé / Chargée de conservation ex-situ"
"3","Peche et aquaculture","18","A1404","Aquaculteur / Aquacultrice"
"3","Peche et aquaculture","20","A1406","Capitaine de pêche"
"3","Peche et aquaculture","29","A1415","Marin-pêcheur"
"3","Peche et aquaculture","488709","A1424","Pisciculteur / Piscicultrice"
"3","Peche et aquaculture","488728","A1425","Ramendeur / Ramendeuse"
"3","Peche et aquaculture","488776","A1427","Goémonier / Goémonière"
"3","Peche et aquaculture","488903","A1428","Algoculteur / Algocultrice"
"3","Peche et aquaculture","489025","A1430","Ouvrier / Ouvrière aquacole"
"3","Peche et aquaculture","489063","A1431","Ouvrier / Ouvrière piscicole"
"3","Peche et aquaculture","509530","A1438","Pêcheur / Pêcheuse à pied"
"3","Peche et aquaculture","510171","A1445","Pêcheur sous-marin / Pêcheuse sous-marine"
"3","Peche et aquaculture","237","H2201","Assembleur / Assembleuse d'ouvrages en bois"
"3","Peche et aquaculture","323","I1502","Plongeur scaphandrier / Plongeuse scaphandrière"
"3","Peche et aquaculture","327","I1603","Mécanicien-réparateur / Mécanicienne-réparatrice en matériels agricoles"
"3","Peche et aquaculture","519212","K2412","Chercheur / Chercheuse du monde aquatique"
"3","Peche et aquaculture","519207","K2418","Chercheur animalier / Chercheuse animalière"
"3","Peche et aquaculture","515461","N3118","Bosco de la navigation maritime"
"30","Fabrication d'autres materiels de transport","515384","A1314","Halieute"
"30","Fabrication d'autres materiels de transport","515454","B1815","Technicien voilier / Technicienne voilière"
"30","Fabrication d'autres materiels de transport","515444","D1441","Technico-commercial / Technico-commerciale de l'industrie et des services nautiques"
"30","Fabrication d'autres materiels de transport","515417","F1144","Architecte naval / Architecte navale"
"30","Fabrication d'autres materiels de transport","488632","H1522","Technicien / Technicienne en contrôles et essais non destructifs (CND END)"
"30","Fabrication d'autres materiels de transport","509693","H2213","Menuisier / Menuisière en construction nautique"
"30","Fabrication d'autres materiels de transport","278","H2901","Ajusteur-monteur / Ajusteuse-monteuse"
"30","Fabrication d'autres materiels de transport","279","H2902","Chaudronnier / Chaudronnière"
"30","Fabrication d'autres materiels de transport","285","H2908","Modeleur / Modeleuse"
"30","Fabrication d'autres materiels de transport","515446","H2919","Charpentier / Charpentière métallique en construction navale"
"30","Fabrication d'autres materiels de transport","296","H3203","Mouleur-stratifieur / Mouleuse-stratifieuse"
"30","Fabrication d'autres materiels de transport","301","H3402","Opérateur / Opératrice de traitement de surface"
"30","Fabrication d'autres materiels de transport","302","H3403","Opérateur / Opératrice de traitement thermique"
"30","Fabrication d'autres materiels de transport","303","H3404","Peintre industriel / Peintre industrielle"
"30","Fabrication d'autres materiels de transport","519229","I1121","Ingénieur de maintenance / Ingénieure de maintenance"
"30","Fabrication d'autres materiels de transport","510142","I1334","Electronicien / Electronicienne de maintenance aéronautique"
"30","Fabrication d'autres materiels de transport","329","I1605","Mécanicien / Mécanicienne en mécanique marine ou navale"
"30","Fabrication d'autres materiels de transport","510463","I1630","Opérateur / Opératrice maintenance pneumatiques Véhicules Utilitaires et Industriels"
"30","Fabrication d'autres materiels de transport","510606","I1631","Opérateur / Opératrice de vérification des dispositifs embarqués Véhicules de Transports Routiers VTR"
"30","Fabrication d'autres materiels de transport","515399","I1633","Agent / Agente de maintenance nautique"
"30","Fabrication d'autres materiels de transport","515411","I1634","Accastilleur / Accastilleuse"
"30","Fabrication d'autres materiels de transport","488725","K1724","Spécialiste en radioprotection au sein du Ministère des Armées"
"31","Fabrication de meubles","39","B1302","Décorateur / Décoratrice d'objets d'art"
"31","Fabrication de meubles","509904","B1811","Sellier-garnisseur / Sellière-garnisseuse"
"31","Fabrication de meubles","489189","F1625","Monteur / Monteuse en agencement"
"31","Fabrication de meubles","237","H2201","Assembleur / Assembleuse d'ouvrages en bois"
"31","Fabrication de meubles","239","H2203","Conducteur / Conductrice de machines de fabrication de panneaux à base de bois"
"31","Fabrication de meubles","240","H2204","Agent / Agente d'encadrement en industrie du bois"
"31","Fabrication de meubles","242","H2206","Menuisier / Menuisière"
"31","Fabrication de meubles","243","H2207","Ebéniste"
"31","Fabrication de meubles","489038","H2210","Tonnelier / Tonnelière"
"31","Fabrication de meubles","488887","H2211","Opérateur / Opératrice de sciage bois"
"31","Fabrication de meubles","518231","H2219","Agent / Agente d'encadrement en ameublement"
"31","Fabrication de meubles","518348","H2220","Agent / Agente de montage en ameublement"
"31","Fabrication de meubles","488780","H2422","Tapissier industriel / Tapissière industrielle"
"32","Autres industries manufacturieres","40","B1303","Graveur / Graveuse d'art"
"32","Autres industries manufacturieres","41","B1401","Vannier / Vannière"
"32","Autres industries manufacturieres","510020","B1404","Canneur rempailleur / Canneuse rempailleuse"
"32","Autres industries manufacturieres","43","B1501","Facteur / Factrice d'instruments à clavier"
"32","Autres industries manufacturieres","509353","B1502","Facteur / Factrice d'instruments de musique anciens"
"32","Autres industries manufacturieres","509888","B1503","Facteur / Factrice d'instruments à vent"
"32","Autres industries manufacturieres","509773","B1504","Facteur / Factrice de percussions"
"32","Autres industries manufacturieres","509801","B1505","Luthier / Luthière"
"32","Autres industries manufacturieres","404957","B1605","Bijoutier / Bijoutière"
"32","Autres industries manufacturieres","404968","B1606","Joaillier / Joaillière"
"32","Autres industries manufacturieres","404969","B1607","Lapidaire - Diamantaire"
"32","Autres industries manufacturieres","404976","B1609","Responsable d'atelier en bijouterie ou joaillerie"
"32","Autres industries manufacturieres","404977","B1610","Sertisseur / Sertisseuse en bijouterie ou joaillerie"
"32","Autres industries manufacturieres","404978","B1611","Trieur / Trieuse de pierres et perles"
"32","Autres industries manufacturieres","404964","B1612","Concepteur / Conceptrice numérique en bijouterie joaillerie"
"32","Autres industries manufacturieres","488744","B1613","Orfèvre"
"32","Autres industries manufacturieres","489215","B1614","Monteur / Monteuse en orfèvrerie"
"32","Autres industries manufacturieres","490200","B1615","Orfèvre tourneur repousseur / Orfèvre tourneuse repousseuse"
"32","Autres industries manufacturieres","48","B1701","Taxidermiste"
"32","Autres industries manufacturieres","509566","B1702","Technicien / Technicienne en ostéologie-moulage"
"32","Autres industries manufacturieres","520875","B1816","Tisserand / Tisserande d'art"
"32","Autres industries manufacturieres","510439","E1126","Auteur / Auteure de jeux de société"
"32","Autres industries manufacturieres","518882","F1506","Ouvrier / Ouvrière de la construction modulaire hors-site"
"32","Autres industries manufacturieres","519120","H1243","Technicien / Technicienne en bioproduction"
"32","Autres industries manufacturieres","223","H1302","Ingénieur / Ingénieure Hygiène, Sécurité et Environnement en industrie (HSE)"
"32","Autres industries manufacturieres","224","H1303","Technicien / Technicienne en Hygiène, Sécurité, Environnement industriel (HSE)"
"32","Autres industries manufacturieres","488285","H1304","Responsable Hygiène Sécurité Environnement (HSE) en industrie"
"32","Autres industries manufacturieres","489181","H1308","Animateur / Animatrice en Hygiène Sécurité Environnement (HSE)"
"32","Autres industries manufacturieres","519922","H1312","Inspecteur / Inspectrice de sites industriels"
"32","Autres industries manufacturieres","225","H1401","Responsable ordonnancement-lancement-planification en industrie"
"32","Autres industries manufacturieres","226","H1402","Ingénieur / Ingénieure méthodes et process"
"32","Autres industries manufacturieres","227","H1403","Gestionnaire de flux de production"
"32","Autres industries manufacturieres","228","H1404","Technicien / Technicienne méthodes"
"32","Autres industries manufacturieres","488297","H1405","Responsable supply chain en industrie"
"32","Autres industries manufacturieres","488331","H1406","Ingénieur / Ingénieure supply chain en industrie"
"32","Autres industries manufacturieres","519929","H1407","Responsable méthodes-industrialisation"
"32","Autres industries manufacturieres","520086","H1408","Programmeur / Programmeuse en Conception de Fabrication Assistée par Ordinateur (CFAO)"
"32","Autres industries manufacturieres","520241","H1410","Ingénieur / Ingénieure de gestion de la production"
"32","Autres industries manufacturieres","230","H1502","Responsable qualité en industrie"
"32","Autres industries manufacturieres","231","H1503","Technicien / Technicienne de laboratoire d'analyse industrielle"
"32","Autres industries manufacturieres","237","H2201","Assembleur / Assembleuse d'ouvrages en bois"
"32","Autres industries manufacturieres","513850","H2214","Mérandier / Mérandière"
"32","Autres industries manufacturieres","513853","H2215","Caissier / Caissière de l'emballage industriel"
"32","Autres industries manufacturieres","518230","H2218","Responsable de production en industrie du bois"
"32","Autres industries manufacturieres","518348","H2220","Agent / Agente de montage en ameublement"
"32","Autres industries manufacturieres","263","H2502","Ingénieur / Ingénieure de production"
"32","Autres industries manufacturieres","264","H2503","Responsable d'îlot de production"
"32","Autres industries manufacturieres","265","H2504","Chef / Cheffe d'équipe en industrie"
"32","Autres industries manufacturieres","488315","H2507","Responsable de ligne de production industrielle"
"32","Autres industries manufacturieres","519941","H2514","Ingénieur / Ingénieure en génie des matériaux"
"32","Autres industries manufacturieres","513846","H2710","Technicien / Technicienne responsable d'installation hydrogène"
"32","Autres industries manufacturieres","280","H2903","Usineur / Usineuse"
"32","Autres industries manufacturieres","285","H2908","Modeleur / Modeleuse"
"32","Autres industries manufacturieres","289","H2912","Régleur / Régleuse d'équipements industriels"
"32","Autres industries manufacturieres","519852","H2923","Ajusteur-régleur / Ajusteuse-régleuse de fabrication en instruments d'optique"
"32","Autres industries manufacturieres","518259","H3308","Emballeur industriel / Emballeuse industrielle"
"32","Autres industries manufacturieres","520912","H3309","Préparateur / Préparatrice de mélange en industrie"
"32","Autres industries manufacturieres","300","H3401","Opérateur / Opératrice de traitement d'abrasion de surface"
"32","Autres industries manufacturieres","301","H3402","Opérateur / Opératrice de traitement de surface"
"32","Autres industries manufacturieres","303","H3404","Peintre industriel / Peintre industrielle"
"32","Autres industries manufacturieres","404973","H3405","Polisseur / Polisseuse en bijouterie ou joaillerie ou orfèvrerie"
"32","Autres industries manufacturieres","404974","H3406","Opérateur / Opératrice en polissage de bijouterie ou d'orfèvrerie"
"32","Autres industries manufacturieres","490329","H3407","Metteur au bain / Metteuse au bain argenture - dorure en orfèvrerie"
"32","Autres industries manufacturieres","490351","H3408","Metteur au point polisseur / Metteuse au point polisseuse sur matrice en orfèvrerie"
"32","Autres industries manufacturieres","518824","H3409","Polisseur / Polisseuse sur verre"
"32","Autres industries manufacturieres","520907","H3411","Laqueur industriel / Laqueuse industrielle"
"32","Autres industries manufacturieres","521031","I1212","Opérateur / Opératrice d'installation ou maintenance industrielle"
"32","Autres industries manufacturieres","313","I1304","Technicien / Technicienne de maintenance industrielle"
"32","Autres industries manufacturieres","518169","N4133","Conducteur / Conductrice de véhicule grumier"
"33","Reparation et installation de machines et d'equipements","515384","A1314","Halieute"
"33","Reparation et installation de machines et d'equipements","509904","B1811","Sellier-garnisseur / Sellière-garnisseuse"
"33","Reparation et installation de machines et d'equipements","515454","B1815","Technicien voilier / Technicienne voilière"
"33","Reparation et installation de machines et d'equipements","515444","D1441","Technico-commercial / Technico-commerciale de l'industrie et des services nautiques"
"33","Reparation et installation de machines et d'equipements","488589","F1116","Ingénieur / Ingénieure démantèlement et assainissement"
"33","Reparation et installation de machines et d'equipements","515417","F1144","Architecte naval / Architecte navale"
"33","Reparation et installation de machines et d'equipements","232","H1504","Contrôleur / Contrôleuse technique en électricité-électronique"
"33","Reparation et installation de machines et d'equipements","488341","H1516","Expert / Experte métrologue"
"33","Reparation et installation de machines et d'equipements","510457","H1533","Ingénieur / Ingénieure CND END"
"33","Reparation et installation de machines et d'equipements","489024","H2915","Chef soudeur / Cheffe soudeuse"
"33","Reparation et installation de machines et d'equipements","489047","H2916","Soudeur / Soudeuse Tungsten Inert Gas -TIG-"
"33","Reparation et installation de machines et d'equipements","510025","H2918","Affûteur / Affûteuse d'outillage industriel"
"33","Reparation et installation de machines et d'equipements","515446","H2919","Charpentier / Charpentière métallique en construction navale"
"33","Reparation et installation de machines et d'equipements","305","I1102","Ingénieur / Ingénieure de maintenance industrielle"
"33","Reparation et installation de machines et d'equipements","509502","I1108","Chef / Cheffe d'atelier engins de chantier"
"33","Reparation et installation de machines et d'equipements","509779","I1110","Chef / Cheffe d'atelier machines agricoles"
"33","Reparation et installation de machines et d'equipements","510299","I1112","Chef / Cheffe d'atelier engins de levage et de manutention"
"33","Reparation et installation de machines et d'equipements","519229","I1121","Ingénieur de maintenance / Ingénieure de maintenance"
"33","Reparation et installation de machines et d'equipements","521031","I1212","Opérateur / Opératrice d'installation ou maintenance industrielle"
"33","Reparation et installation de machines et d'equipements","310","I1301","Ascensoriste"
"33","Reparation et installation de machines et d'equipements","311","I1302","Technicien / Technicienne de maintenance d'installations automatisées"
"33","Reparation et installation de machines et d'equipements","312","I1303","Technicien / Technicienne de maintenance de distributeurs automatiques"
"33","Reparation et installation de machines et d'equipements","313","I1304","Technicien / Technicienne de maintenance industrielle"
"33","Reparation et installation de machines et d'equipements","314","I1305","Technicien / Technicienne installation et maintenance électronique"
"33","Reparation et installation de machines et d'equipements","315","I1306","Frigoriste"
"33","Reparation et installation de machines et d'equipements","317","I1308","Chauffagiste"
"33","Reparation et installation de machines et d'equipements","318","I1309","Electricien / Electricienne de maintenance"
"33","Reparation et installation de machines et d'equipements","319","I1310","Mécanicien / Mécanicienne de maintenance industrielle"
"33","Reparation et installation de machines et d'equipements","488605","I1313","Hydraulicien industriel / Hydraulicienne industrielle"
"33","Reparation et installation de machines et d'equipements","488883","I1316","Technicien / Technicienne de maintenance Chauffage, Ventilation et Climatisation - CVC"
"33","Reparation et installation de machines et d'equipements","488911","I1318","Instrumentiste Industriel / Industrielle"
"33","Reparation et installation de machines et d'equipements","509403","I1323","Technicien / Technicienne de maintenance ferroviaire"
"33","Reparation et installation de machines et d'equipements","509409","I1324","Technicien / Technicienne d'installation d'équipements industriels"
"33","Reparation et installation de machines et d'equipements","509537","I1325","Technicien-cuisiniste / Technicienne-cuisiniste en cuisines professionnelles"
"33","Reparation et installation de machines et d'equipements","510453","I1326","Responsable d'équipe maintenance"
"33","Reparation et installation de machines et d'equipements","509662","I1327","Technicien / Technicienne de maintenance en matériel biomédical"
"33","Reparation et installation de machines et d'equipements","509704","I1329","Technicien / Technicienne d'exploitation et de maintenance des équipements audiovisuels"
"33","Reparation et installation de machines et d'equipements","509916","I1332","Chef / Cheffe d'atelier de maintenance industrielle"
"33","Reparation et installation de machines et d'equipements","509918","I1333","Chef / Cheffe d'équipe d'installation industrielle"
"33","Reparation et installation de machines et d'equipements","510212","I1335","Electromécanicien / Electromécanicienne d'équipements industriels"
"33","Reparation et installation de machines et d'equipements","518400","I1336","Technicien / Technicienne froid embarqué routier"
"33","Reparation et installation de machines et d'equipements","321","I1402","Technicien / Technicienne de maintenance en appareils électroménagers"
"33","Reparation et installation de machines et d'equipements","510406","I1410","Responsable Service Après-Vente -SAV- en électroménager"
"33","Reparation et installation de machines et d'equipements","323","I1502","Plongeur scaphandrier / Plongeuse scaphandrière"
"33","Reparation et installation de machines et d'equipements","325","I1601","Préparateur / Préparatrice de bateau"
"33","Reparation et installation de machines et d'equipements","326","I1602","Mécanicien / Mécanicienne avion"
"33","Reparation et installation de machines et d'equipements","327","I1603","Mécanicien-réparateur / Mécanicienne-réparatrice en matériels agricoles"
"33","Reparation et installation de machines et d'equipements","329","I1605","Mécanicien / Mécanicienne en mécanique marine ou navale"
"33","Reparation et installation de machines et d'equipements","489022","I1616","Mécanicien / Mécanicienne d'engins de chantier et de travaux publics"
"33","Reparation et installation de machines et d'equipements","488866","I1618","Mécanicien / Mécanicienne en matériels motorisés de parcs et jardins"
"33","Reparation et installation de machines et d'equipements","488889","I1620","Mécanicien-réparateur / Mécanicienne-réparatrice d'engins de levage et de manutention"
"33","Reparation et installation de machines et d'equipements","510463","I1630","Opérateur / Opératrice maintenance pneumatiques Véhicules Utilitaires et Industriels"
"33","Reparation et installation de machines et d'equipements","515399","I1633","Agent / Agente de maintenance nautique"
"33","Reparation et installation de machines et d'equipements","515411","I1634","Accastilleur / Accastilleuse"
"33","Reparation et installation de machines et d'equipements","515414","I1635","Mécanicien / Mécanicienne structure avion"
"33","Reparation et installation de machines et d'equipements","515422","I1636","Mécanicien / Mécanicienne cabine"
"33","Reparation et installation de machines et d'equipements","488725","K1724","Spécialiste en radioprotection au sein du Ministère des Armées"
"35","Production et distribution d'electricite, de gaz, de vapeur et d'air conditionne","518781","A1324","Ingénieur / Ingénieure biogaz"
"35","Production et distribution d'electricite, de gaz, de vapeur et d'air conditionne","488589","F1116","Ingénieur / Ingénieure démantèlement et assainissement"
"35","Production et distribution d'electricite, de gaz, de vapeur et d'air conditionne","488719","F1122","Ingénieur / Ingénieure Chantier nucléaire"
"35","Production et distribution d'electricite, de gaz, de vapeur et d'air conditionne","509414","F1128","Géotechnicien / Géotechnicienne"
"35","Production et distribution d'electricite, de gaz, de vapeur et d'air conditionne","509938","F1136","Chef / Cheffe de projet éolien"
"35","Production et distribution d'electricite, de gaz, de vapeur et d'air conditionne","510153","F1138","Géothermicien / Géothermicienne"
"35","Production et distribution d'electricite, de gaz, de vapeur et d'air conditionne","510177","F1141","Ingénieur / Ingénieure études conception électrique"
"35","Production et distribution d'electricite, de gaz, de vapeur et d'air conditionne","490402","F1207","Chef / Cheffe d'équipe travaux publics"
"35","Production et distribution d'electricite, de gaz, de vapeur et d'air conditionne","165","F1605","Monteur / Monteuse de réseaux électriques"
"35","Production et distribution d'electricite, de gaz, de vapeur et d'air conditionne","488912","F1622","Monteur / Monteuse en éclairage public"
"35","Production et distribution d'electricite, de gaz, de vapeur et d'air conditionne","489030","F1623","Monteur / Monteuse installation réseaux mobiles"
"35","Production et distribution d'electricite, de gaz, de vapeur et d'air conditionne","509352","F1626","Calorifugeur / Calorifugeuse"
"35","Production et distribution d'electricite, de gaz, de vapeur et d'air conditionne","519284","H1109","Chargé / Chargée d'affaires nucléaire"
"35","Production et distribution d'electricite, de gaz, de vapeur et d'air conditionne","214","H1203","Dessinateur-projeteur / Dessinatrice-projeteuse en mécanique"
"35","Production et distribution d'electricite, de gaz, de vapeur et d'air conditionne","219","H1208","Automaticien / Automaticienne en bureau d'études"
"35","Production et distribution d'electricite, de gaz, de vapeur et d'air conditionne","489219","H1225","Ingénieur / Ingénieure développement nucléaire"
"35","Production et distribution d'electricite, de gaz, de vapeur et d'air conditionne","509402","H1230","Ingénieur / Ingénieure essais vérification et validation (V&V) en milieu nucléaire"
"35","Production et distribution d'electricite, de gaz, de vapeur et d'air conditionne","510075","H1237","Ingénieur / Ingénieure énergies renouvelables"
"35","Production et distribution d'electricite, de gaz, de vapeur et d'air conditionne","513844","H1241","Architecte système hydrogène"
"35","Production et distribution d'electricite, de gaz, de vapeur et d'air conditionne","223","H1302","Ingénieur / Ingénieure Hygiène, Sécurité et Environnement en industrie (HSE)"
"35","Production et distribution d'electricite, de gaz, de vapeur et d'air conditionne","488285","H1304","Responsable Hygiène Sécurité Environnement (HSE) en industrie"
"35","Production et distribution d'electricite, de gaz, de vapeur et d'air conditionne","488619","H1306","Ingénieur / Ingénieure sûreté en industrie nucléaire"
"35","Production et distribution d'electricite, de gaz, de vapeur et d'air conditionne","489183","H1309","Technicien / Technicienne en radioprotection"
"35","Production et distribution d'electricite, de gaz, de vapeur et d'air conditionne","226","H1402","Ingénieur / Ingénieure méthodes et process"
"35","Production et distribution d'electricite, de gaz, de vapeur et d'air conditionne","227","H1403","Gestionnaire de flux de production"
"35","Production et distribution d'electricite, de gaz, de vapeur et d'air conditionne","230","H1502","Responsable qualité en industrie"
"35","Production et distribution d'electricite, de gaz, de vapeur et d'air conditionne","231","H1503","Technicien / Technicienne de laboratoire d'analyse industrielle"
"35","Production et distribution d'electricite, de gaz, de vapeur et d'air conditionne","488862","H2508","Ingénieur / Ingénieure exploitation nucléaire"
"35","Production et distribution d'electricite, de gaz, de vapeur et d'air conditionne","272","H2701","Technicien / Technicienne d'exploitation en production d'énergie thermique"
"35","Production et distribution d'electricite, de gaz, de vapeur et d'air conditionne","488305","H2702","Conducteur / Conductrice de bloc nucléaire"
"35","Production et distribution d'electricite, de gaz, de vapeur et d'air conditionne","510173","H2706","Opérateur / Opératrice de production en énergie nucléaire"
"35","Production et distribution d'electricite, de gaz, de vapeur et d'air conditionne","509386","H2707","Technicien / Technicienne essais en industrie nucléaire"
"35","Production et distribution d'electricite, de gaz, de vapeur et d'air conditionne","509525","H2708","Technicien / Technicienne d'exploitation nucléaire"
"35","Production et distribution d'electricite, de gaz, de vapeur et d'air conditionne","513846","H2710","Technicien / Technicienne responsable d'installation hydrogène"
"35","Production et distribution d'electricite, de gaz, de vapeur et d'air conditionne","515430","H2712","Technicien / Technicienne d'exploitation en centrale hydroélectrique"
"35","Production et distribution d'electricite, de gaz, de vapeur et d'air conditionne","519164","H2713","Responsable de production d'énergie"
"35","Production et distribution d'electricite, de gaz, de vapeur et d'air conditionne","519196","H2715","Chef / Cheffe d'exploitation en production distribution d'énergie"
"35","Production et distribution d'electricite, de gaz, de vapeur et d'air conditionne","519955","H2716","Opérateur / Opératrice de centrale solaire"
"35","Production et distribution d'electricite, de gaz, de vapeur et d'air conditionne","305","I1102","Ingénieur / Ingénieure de maintenance industrielle"
"35","Production et distribution d'electricite, de gaz, de vapeur et d'air conditionne","519229","I1121","Ingénieur de maintenance / Ingénieure de maintenance"
"35","Production et distribution d'electricite, de gaz, de vapeur et d'air conditionne","313","I1304","Technicien / Technicienne de maintenance industrielle"
"35","Production et distribution d'electricite, de gaz, de vapeur et d'air conditionne","318","I1309","Electricien / Electricienne de maintenance"
"35","Production et distribution d'electricite, de gaz, de vapeur et d'air conditionne","488883","I1316","Technicien / Technicienne de maintenance Chauffage, Ventilation et Climatisation - CVC"
"35","Production et distribution d'electricite, de gaz, de vapeur et d'air conditionne","509367","I1321","Technicien / Technicienne de maintenance d'éoliennes"
"35","Production et distribution d'electricite, de gaz, de vapeur et d'air conditionne","510212","I1335","Electromécanicien / Electromécanicienne d'équipements industriels"
"35","Production et distribution d'electricite, de gaz, de vapeur et d'air conditionne","488273","I1504","Décontaminateur / Décontamineuse nucléaire et radiologique"
"35","Production et distribution d'electricite, de gaz, de vapeur et d'air conditionne","488281","I1505","Technicien / Technicienne logistique combustible nucléaire"
"35","Production et distribution d'electricite, de gaz, de vapeur et d'air conditionne","489013","I1507","Opérateur / Opératrice démantèlement nucléaire"
"35","Production et distribution d'electricite, de gaz, de vapeur et d'air conditionne","510158","K2325","Technicien / Technicienne d'exploitation méthanisation"
"36","Captage, traitement et distribution d'eau","490402","F1207","Chef / Cheffe d'équipe travaux publics"
"36","Captage, traitement et distribution d'eau","178","F1705","Poseur / Poseuse de canalisations"
"36","Captage, traitement et distribution d'eau","313","I1304","Technicien / Technicienne de maintenance industrielle"
"36","Captage, traitement et distribution d'eau","510212","I1335","Electromécanicien / Electromécanicienne d'équipements industriels"
"36","Captage, traitement et distribution d'eau","510605","K1813","Chargé / Chargée de mission eaux pluviales"
"36","Captage, traitement et distribution d'eau","420","K2301","Agent / Agente d'exploitation des réseaux d'assainissement"
"36","Captage, traitement et distribution d'eau","425","K2306","Responsable de site éco-industriel"
"36","Captage, traitement et distribution d'eau","510264","K2313","Technicien chargé / Technicienne chargée de la police des eaux"
"36","Captage, traitement et distribution d'eau","510200","K2314","Technicien / Technicienne de maintenance de systèmes d'irrigation"
"36","Captage, traitement et distribution d'eau","510065","K2316","Responsable d'usine de production d'eau potable"
"36","Captage, traitement et distribution d'eau","509901","K2317","Technicien / Technicienne d'exploitation d'eau potable"
"37","Collecte et traitement des eaux usees","490402","F1207","Chef / Cheffe d'équipe travaux publics"
"37","Collecte et traitement des eaux usees","178","F1705","Poseur / Poseuse de canalisations"
"37","Collecte et traitement des eaux usees","420","K2301","Agent / Agente d'exploitation des réseaux d'assainissement"
"37","Collecte et traitement des eaux usees","510264","K2313","Technicien chargé / Technicienne chargée de la police des eaux"
"37","Collecte et traitement des eaux usees","509701","K2321","Egoutier / Egoutière"
"37","Collecte et traitement des eaux usees","509680","K2322","Technicien / Technicienne en traitement des eaux"
"37","Collecte et traitement des eaux usees","519212","K2412","Chercheur / Chercheuse du monde aquatique"
"38","Collecte, traitement et elimination des dechets, recuperation","8","A1202","Ouvrier / Ouvrière d'entretien des espaces naturels"
"38","Collecte, traitement et elimination des dechets, recuperation","518781","A1324","Ingénieur / Ingénieure biogaz"
"38","Collecte, traitement et elimination des dechets, recuperation","155","F1302","Conducteur / Conductrice d'engins de chantier"
"38","Collecte, traitement et elimination des dechets, recuperation","518537","F1712","Ferrailleur / Ferrailleuse du BTP"
"38","Collecte, traitement et elimination des dechets, recuperation","519755","H1311","Responsable en santé environnementale"
"38","Collecte, traitement et elimination des dechets, recuperation","509683","H2709","Conducteur / Conductrice d'installation d'incinération"
"38","Collecte, traitement et elimination des dechets, recuperation","515446","H2919","Charpentier / Charpentière métallique en construction navale"
"38","Collecte, traitement et elimination des dechets, recuperation","510409","I1113","Chef / Cheffe d'équipe atelier en démontage recyclage de VHU (Véhicules hors d'usage)"
"38","Collecte, traitement et elimination des dechets, recuperation","510469","I1119","Responsable de centre de démontage recyclage des VHU"
"38","Collecte, traitement et elimination des dechets, recuperation","488273","I1504","Décontaminateur / Décontamineuse nucléaire et radiologique"
"38","Collecte, traitement et elimination des dechets, recuperation","489013","I1507","Opérateur / Opératrice démantèlement nucléaire"
"38","Collecte, traitement et elimination des dechets, recuperation","488607","I1608","Démonteur / Démonteuse de véhicules hors d'usage"
"38","Collecte, traitement et elimination des dechets, recuperation","515399","I1633","Agent / Agente de maintenance nautique"
"38","Collecte, traitement et elimination des dechets, recuperation","421","K2302","Responsable de collecte de déchets"
"38","Collecte, traitement et elimination des dechets, recuperation","422","K2303","Equipier / Equipière de collecte de déchets"
"38","Collecte, traitement et elimination des dechets, recuperation","423","K2304","Agent / Agente de tri des déchets"
"38","Collecte, traitement et elimination des dechets, recuperation","425","K2306","Responsable de site éco-industriel"
"38","Collecte, traitement et elimination des dechets, recuperation","488790","K2307","Agent / Agente de propreté urbaine"
"38","Collecte, traitement et elimination des dechets, recuperation","489068","K2308","Opérateur / Opératrice de tri en récupération et revalorisation"
"38","Collecte, traitement et elimination des dechets, recuperation","489069","K2309","Technicien / Technicienne réutilisation recyclage"
"38","Collecte, traitement et elimination des dechets, recuperation","489221","K2310","Ambassadeur / Ambassadrice du tri"
"38","Collecte, traitement et elimination des dechets, recuperation","509354","K2311","Responsable de site de traitement des déchets"
"38","Collecte, traitement et elimination des dechets, recuperation","510266","K2312","Ingénieur / Ingénieure responsable propreté nettoiement"
"38","Collecte, traitement et elimination des dechets, recuperation","509889","K2318","Agent / Agente de déchèterie"
"38","Collecte, traitement et elimination des dechets, recuperation","509540","K2319","Technicien / Technicienne hygiéniste"
"38","Collecte, traitement et elimination des dechets, recuperation","509778","K2320","Chargé / Chargée du traitement des déchets"
"38","Collecte, traitement et elimination des dechets, recuperation","509682","K2323","Responsable propreté urbaine"
"38","Collecte, traitement et elimination des dechets, recuperation","518555","K2324","Ferrailleur / Ferrailleuse de métal"
"38","Collecte, traitement et elimination des dechets, recuperation","510158","K2325","Technicien / Technicienne d'exploitation méthanisation"
"38","Collecte, traitement et elimination des dechets, recuperation","488857","N4118","Conducteur / Conductrice de matériel de collecte"
"39","Depollution et autres services de gestion des dechets","518537","F1712","Ferrailleur / Ferrailleuse du BTP"
"39","Depollution et autres services de gestion des dechets","224","H1303","Technicien / Technicienne en Hygiène, Sécurité, Environnement industriel (HSE)"
"39","Depollution et autres services de gestion des dechets","324","I1503","Technicien / Technicienne en risques technologiques"
"39","Depollution et autres services de gestion des dechets","488273","I1504","Décontaminateur / Décontamineuse nucléaire et radiologique"
"39","Depollution et autres services de gestion des dechets","488281","I1505","Technicien / Technicienne logistique combustible nucléaire"
"39","Depollution et autres services de gestion des dechets","509651","I1508","Désamianteur / Désamianteuse"
"39","Depollution et autres services de gestion des dechets","519930","I1514","Technicien / Technicienne en dépollution"
"39","Depollution et autres services de gestion des dechets","425","K2306","Responsable de site éco-industriel"
"39","Depollution et autres services de gestion des dechets","509540","K2319","Technicien / Technicienne hygiéniste"
"39","Depollution et autres services de gestion des dechets","519212","K2412","Chercheur / Chercheuse du monde aquatique"
"41","Construction de batiments","489159","B1103","Sculpteur / Sculptrice"
"41","Construction de batiments","78","C1503","Chargé / Chargée d'affaires immobilières"
"41","Construction de batiments","489040","C1506","Responsable de projet immobilier"
"41","Construction de batiments","142","F1101","Architecte du bâtiment"
"41","Construction de batiments","144","F1103","Diagnostiqueur / Diagnostiqueuse immobilier"
"41","Construction de batiments","145","F1104","Dessinateur-projeteur / Dessinatrice-projeteuse de la construction"
"41","Construction de batiments","147","F1106","Ingénieur / Ingénieure d'études de prix BTP"
"41","Construction de batiments","148","F1107","Géomètre"
"41","Construction de batiments","149","F1108","Métreur / Métreuse de la construction"
"41","Construction de batiments","403075","F1109","Assistant / Assistante géomètre"
"41","Construction de batiments","488623","F1120","Economiste de la construction"
"41","Construction de batiments","509414","F1128","Géotechnicien / Géotechnicienne"
"41","Construction de batiments","509494","F1130","Contrôleur / Contrôleuse technique de la construction (CTC)"
"41","Construction de batiments","509539","F1132","Acousticien / Acousticienne du bâtiment"
"41","Construction de batiments","509808","F1134","Domoticien / Domoticienne"
"41","Construction de batiments","509907","F1135","Chargé / Chargée d'affaires BTP"
"41","Construction de batiments","510056","F1137","Chargé / Chargée de méthodes BTP"
"41","Construction de batiments","510176","F1140","Concepteur / Conceptrice agencement"
"41","Construction de batiments","150","F1201","Conducteur / Conductrice de travaux du bâtiment"
"41","Construction de batiments","151","F1202","Chef / Cheffe de chantier bâtiment"
"41","Construction de batiments","153","F1204","Animateur / Animatrice QSE - Qualité Sécurité Environnement BTP"
"41","Construction de batiments","403076","F1205","Directeur / Directrice de travaux du bâtiment"
"41","Construction de batiments","489220","F1206","Chef / Cheffe d'équipe bâtiment"
"41","Construction de batiments","154","F1301","Grutier / Grutière"
"41","Construction de batiments","158","F1501","Monteur / Monteuse de structures bois"
"41","Construction de batiments","159","F1502","Monteur / Monteuse en structures métalliques"
"41","Construction de batiments","160","F1503","Charpentier / Charpentière"
"41","Construction de batiments","488871","F1504","Charpentier / Charpentière de marine"
"41","Construction de batiments","510636","F1505","Echafaudeur / Echafaudeuse"
"41","Construction de batiments","518882","F1506","Ouvrier / Ouvrière de la construction modulaire hors-site"
"41","Construction de batiments","161","F1601","Plâtrier / Plâtrière"
"41","Construction de batiments","162","F1602","Electricien / Electricienne du bâtiment"
"41","Construction de batiments","163","F1603","Plombier / Plombière sanitaire"
"41","Construction de batiments","164","F1604","Plaquiste"
"41","Construction de batiments","166","F1606","Peintre en bâtiment"
"41","Construction de batiments","168","F1608","Carreleur / Carreleuse"
"41","Construction de batiments","169","F1609","Poseur / Poseuse de revêtements de sols"
"41","Construction de batiments","170","F1610","Installateur mainteneur / Installatrice mainteneuse en systèmes solaires, thermiques et photovoltaïques"
"41","Construction de batiments","171","F1611","Façadier / Façadière itéiste"
"41","Construction de batiments","172","F1612","Tailleur / Tailleuse de pierre"
"41","Construction de batiments","173","F1613","Etancheur / Etancheuse"
"41","Construction de batiments","403080","F1615","Poseur / Poseuse de cloisons démontables et mobiles"
"41","Construction de batiments","404037","F1619","Couvreur / Couvreuse"
"41","Construction de batiments","488572","F1621","Ramoneur / Ramoneuse"
"41","Construction de batiments","489189","F1625","Monteur / Monteuse en agencement"
"41","Construction de batiments","509352","F1626","Calorifugeur / Calorifugeuse"
"41","Construction de batiments","509523","F1627","Poseur / Poseuse de compteurs"
"41","Construction de batiments","509685","F1628","Installateur / Installatrice de bornes de recharges électriques"
"41","Construction de batiments","510145","F1630","Technicien / Technicienne de désenfumage"
"41","Construction de batiments","174","F1701","Coffreur / Coffreuse"
"41","Construction de batiments","176","F1703","Maçon / Maçonne"
"41","Construction de batiments","177","F1704","Man½uvre du Bâtiment et des Travaux Publics"
"41","Construction de batiments","179","F1706","Agent / Agente de préfabrication de l'industrie du béton"
"41","Construction de batiments","403952","F1707","Maçon / Maçonne du paysage"
"41","Construction de batiments","403954","F1708","Installateur-poseur / Installatrice-poseuse de piscines préfabriquées"
"41","Construction de batiments","404038","F1709","Démolisseur / Démolisseuse"
"41","Construction de batiments","488283","F1710","Magasinier / Magasinière en négoce des matériaux de construction"
"41","Construction de batiments","518537","F1712","Ferrailleur / Ferrailleuse du BTP"
"41","Construction de batiments","518666","F1713","Maçon-fumiste / Maçonne-fumiste"
"41","Construction de batiments","245","H2209","Dessinateur / Dessinatrice de structures en bois"
"41","Construction de batiments","276","H2804","Pilote de centrale de béton"
"41","Construction de batiments","303","H3404","Peintre industriel / Peintre industrielle"
"41","Construction de batiments","520075","I1122","Directeur / Directrice de travaux d'infrastructure"
"41","Construction de batiments","322","I1501","Opérateur / Opératrice cordiste"
"41","Construction de batiments","488770","I1506","Superviseur / Superviseuse cordiste"
"41","Construction de batiments","509651","I1508","Désamianteur / Désamianteuse"
"41","Construction de batiments","515421","I1511","Technicien / Technicienne cordiste"
"41","Construction de batiments","515438","I1512","Programmateur / Programmatrice des travaux sur cordes"
"41","Construction de batiments","515453","I1513","Chef d'équipe scaphandrier / Cheffe d'équipe scaphandrière"
"41","Construction de batiments","488735","N1108","Conducteur / Conductrice de grue mobile"
"41","Construction de batiments","488583","N4107","Conducteur livreur / Conductrice livreuse de béton prêt à l'emploi"
"42","Genie civil","145","F1104","Dessinateur-projeteur / Dessinatrice-projeteuse de la construction"
"42","Genie civil","146","F1105","Géologue"
"42","Genie civil","147","F1106","Ingénieur / Ingénieure d'études de prix BTP"
"42","Genie civil","148","F1107","Géomètre"
"42","Genie civil","403075","F1109","Assistant / Assistante géomètre"
"42","Genie civil","403089","F1111","Ingénieur / Ingénieure génie civil"
"42","Genie civil","403090","F1112","Ingénieur / Ingénieure calcul et structure"
"42","Genie civil","488590","F1117","Ingénieur / Ingénieure d'étude CVC"
"42","Genie civil","489011","F1125","BIM Manager"
"42","Genie civil","509414","F1128","Géotechnicien / Géotechnicienne"
"42","Genie civil","509907","F1135","Chargé / Chargée d'affaires BTP"
"42","Genie civil","510056","F1137","Chargé / Chargée de méthodes BTP"
"42","Genie civil","518322","F1145","Ingénieur / Ingénieure en génie maritime"
"42","Genie civil","151","F1202","Chef / Cheffe de chantier bâtiment"
"42","Genie civil","153","F1204","Animateur / Animatrice QSE - Qualité Sécurité Environnement BTP"
"42","Genie civil","490402","F1207","Chef / Cheffe d'équipe travaux publics"
"42","Genie civil","509797","F1208","Conducteur / Conductrice de travaux publics"
"42","Genie civil","510010","F1209","Chef / Cheffe de chantier travaux publics"
"42","Genie civil","510445","F1210","Directeur / Directrice de travaux TP - Travaux Publics"
"42","Genie civil","155","F1302","Conducteur / Conductrice d'engins de chantier"
"42","Genie civil","159","F1502","Monteur / Monteuse en structures métalliques"
"42","Genie civil","510636","F1505","Echafaudeur / Echafaudeuse"
"42","Genie civil","173","F1613","Etancheur / Etancheuse"
"42","Genie civil","489030","F1623","Monteur / Monteuse installation réseaux mobiles"
"42","Genie civil","174","F1701","Coffreur / Coffreuse"
"42","Genie civil","175","F1702","Ouvrier / Ouvrière en voieries urbaines"
"42","Genie civil","177","F1704","Man½uvre du Bâtiment et des Travaux Publics"
"42","Genie civil","178","F1705","Poseur / Poseuse de canalisations"
"42","Genie civil","404038","F1709","Démolisseur / Démolisseuse"
"42","Genie civil","509369","F1711","Poseur / Poseuse de voies ferrées"
"42","Genie civil","510075","H1237","Ingénieur / Ingénieure énergies renouvelables"
"42","Genie civil","276","H2804","Pilote de centrale de béton"
"42","Genie civil","519759","H2810","Agent / Agente technique de centrale à enrobés"
"42","Genie civil","304","I1101","Directeur / Directrice de la gestion technique des bâtiments"
"42","Genie civil","488902","I1104","Ingénieur / Ingénieure infrastructures télécoms réseaux mobiles"
"42","Genie civil","520075","I1122","Directeur / Directrice de travaux d'infrastructure"
"42","Genie civil","520076","I1123","Chef / Cheffe de service sécurité trafic routier"
"42","Genie civil","488292","I1311","Technicien / Technicienne installation réseaux câblés fibre optique"
"42","Genie civil","488869","I1315","Monteur raccordeur / Monteuse raccordeuse fibre optique"
"42","Genie civil","488900","I1317","Technicien / Technicienne de maintenance fibre optique"
"42","Genie civil","322","I1501","Opérateur / Opératrice cordiste"
"42","Genie civil","323","I1502","Plongeur scaphandrier / Plongeuse scaphandrière"
"42","Genie civil","488770","I1506","Superviseur / Superviseuse cordiste"
"42","Genie civil","515408","I1509","Scaphandrier inspecteur / Scaphandrière inspectrice"
"42","Genie civil","515418","I1510","Plongeur / Plongeuse scientifique et technique"
"42","Genie civil","515421","I1511","Technicien / Technicienne cordiste"
"42","Genie civil","515438","I1512","Programmateur / Programmatrice des travaux sur cordes"
"42","Genie civil","515453","I1513","Chef d'équipe scaphandrier / Cheffe d'équipe scaphandrière"
"42","Genie civil","510311","K1815","Chargé / Chargée de mission ""Villes et Territoires Durables"""
"43","Travaux de construction specialises","515431","A1318","Technicien / Technicienne de travaux de gestion de milieu naturel"
"43","Travaux de construction specialises","515458","A1322","Technicien / Technicienne de rivière"
"43","Travaux de construction specialises","488793","B1102","Mosaïste d'art"
"43","Travaux de construction specialises","489159","B1103","Sculpteur / Sculptrice"
"43","Travaux de construction specialises","515454","B1815","Technicien voilier / Technicienne voilière"
"43","Travaux de construction specialises","143","F1102","Architecte d'intérieur"
"43","Travaux de construction specialises","145","F1104","Dessinateur-projeteur / Dessinatrice-projeteuse de la construction"
"43","Travaux de construction specialises","147","F1106","Ingénieur / Ingénieure d'études de prix BTP"
"43","Travaux de construction specialises","148","F1107","Géomètre"
"43","Travaux de construction specialises","149","F1108","Métreur / Métreuse de la construction"
"43","Travaux de construction specialises","403075","F1109","Assistant / Assistante géomètre"
"43","Travaux de construction specialises","403079","F1110","Dessinateur / Dessinatrice enveloppe du bâtiment"
"43","Travaux de construction specialises","403089","F1111","Ingénieur / Ingénieure génie civil"
"43","Travaux de construction specialises","403090","F1112","Ingénieur / Ingénieure calcul et structure"
"43","Travaux de construction specialises","488590","F1117","Ingénieur / Ingénieure d'étude CVC"
"43","Travaux de construction specialises","488623","F1120","Economiste de la construction"
"43","Travaux de construction specialises","488719","F1122","Ingénieur / Ingénieure Chantier nucléaire"
"43","Travaux de construction specialises","489011","F1125","BIM Manager"
"43","Travaux de construction specialises","509494","F1130","Contrôleur / Contrôleuse technique de la construction (CTC)"
"43","Travaux de construction specialises","509539","F1132","Acousticien / Acousticienne du bâtiment"
"43","Travaux de construction specialises","509808","F1134","Domoticien / Domoticienne"
"43","Travaux de construction specialises","509907","F1135","Chargé / Chargée d'affaires BTP"
"43","Travaux de construction specialises","510056","F1137","Chargé / Chargée de méthodes BTP"
"43","Travaux de construction specialises","510159","F1139","Décorateur / Décoratrice d'intérieur"
"43","Travaux de construction specialises","510268","F1143","Géophysicien / Géophysicienne"
"43","Travaux de construction specialises","151","F1202","Chef / Cheffe de chantier bâtiment"
"43","Travaux de construction specialises","153","F1204","Animateur / Animatrice QSE - Qualité Sécurité Environnement BTP"
"43","Travaux de construction specialises","403076","F1205","Directeur / Directrice de travaux du bâtiment"
"43","Travaux de construction specialises","489220","F1206","Chef / Cheffe d'équipe bâtiment"
"43","Travaux de construction specialises","490402","F1207","Chef / Cheffe d'équipe travaux publics"
"43","Travaux de construction specialises","509797","F1208","Conducteur / Conductrice de travaux publics"
"43","Travaux de construction specialises","510010","F1209","Chef / Cheffe de chantier travaux publics"
"43","Travaux de construction specialises","510445","F1210","Directeur / Directrice de travaux TP - Travaux Publics"
"43","Travaux de construction specialises","154","F1301","Grutier / Grutière"
"43","Travaux de construction specialises","155","F1302","Conducteur / Conductrice d'engins de chantier"
"43","Travaux de construction specialises","510057","F1303","Conducteur / Conductrice d'engin de damage"
"43","Travaux de construction specialises","157","F1402","Boutefeu"
"43","Travaux de construction specialises","159","F1502","Monteur / Monteuse en structures métalliques"
"43","Travaux de construction specialises","160","F1503","Charpentier / Charpentière"
"43","Travaux de construction specialises","488871","F1504","Charpentier / Charpentière de marine"
"43","Travaux de construction specialises","510636","F1505","Echafaudeur / Echafaudeuse"
"43","Travaux de construction specialises","518882","F1506","Ouvrier / Ouvrière de la construction modulaire hors-site"
"43","Travaux de construction specialises","161","F1601","Plâtrier / Plâtrière"
"43","Travaux de construction specialises","164","F1604","Plaquiste"
"43","Travaux de construction specialises","165","F1605","Monteur / Monteuse de réseaux électriques"
"43","Travaux de construction specialises","166","F1606","Peintre en bâtiment"
"43","Travaux de construction specialises","167","F1607","Menuisier / Menuisière aluminium"
"43","Travaux de construction specialises","168","F1608","Carreleur / Carreleuse"
"43","Travaux de construction specialises","169","F1609","Poseur / Poseuse de revêtements de sols"
"43","Travaux de construction specialises","170","F1610","Installateur mainteneur / Installatrice mainteneuse en systèmes solaires, thermiques et photovoltaïques"
"43","Travaux de construction specialises","172","F1612","Tailleur / Tailleuse de pierre"
"43","Travaux de construction specialises","173","F1613","Etancheur / Etancheuse"
"43","Travaux de construction specialises","403073","F1614","Poseur / Poseuse en fermetures de bâtiment"
"43","Travaux de construction specialises","403080","F1615","Poseur / Poseuse de cloisons démontables et mobiles"
"43","Travaux de construction specialises","403081","F1616","Poseur / Poseuse de menuiseries extérieures"
"43","Travaux de construction specialises","403082","F1617","Poseur / Poseuse de véranda"
"43","Travaux de construction specialises","403083","F1618","Poseur / Poseuse de façade vitrée"
"43","Travaux de construction specialises","404037","F1619","Couvreur / Couvreuse"
"43","Travaux de construction specialises","404539","F1620","Installateur / Installatrice chauffage et climatisation"
"43","Travaux de construction specialises","488572","F1621","Ramoneur / Ramoneuse"
"43","Travaux de construction specialises","488912","F1622","Monteur / Monteuse en éclairage public"
"43","Travaux de construction specialises","489030","F1623","Monteur / Monteuse installation réseaux mobiles"
"43","Travaux de construction specialises","489084","F1624","Staffeur Stuqueur / Staffeuse Stuqueuse"
"43","Travaux de construction specialises","489189","F1625","Monteur / Monteuse en agencement"
"43","Travaux de construction specialises","509523","F1627","Poseur / Poseuse de compteurs"
"43","Travaux de construction specialises","509685","F1628","Installateur / Installatrice de bornes de recharges électriques"
"43","Travaux de construction specialises","510145","F1630","Technicien / Technicienne de désenfumage"
"43","Travaux de construction specialises","174","F1701","Coffreur / Coffreuse"
"43","Travaux de construction specialises","175","F1702","Ouvrier / Ouvrière en voieries urbaines"
"43","Travaux de construction specialises","176","F1703","Maçon / Maçonne"
"43","Travaux de construction specialises","177","F1704","Man½uvre du Bâtiment et des Travaux Publics"
"43","Travaux de construction specialises","178","F1705","Poseur / Poseuse de canalisations"
"43","Travaux de construction specialises","179","F1706","Agent / Agente de préfabrication de l'industrie du béton"
"43","Travaux de construction specialises","403952","F1707","Maçon / Maçonne du paysage"
"43","Travaux de construction specialises","403954","F1708","Installateur-poseur / Installatrice-poseuse de piscines préfabriquées"
"43","Travaux de construction specialises","404038","F1709","Démolisseur / Démolisseuse"
"43","Travaux de construction specialises","488283","F1710","Magasinier / Magasinière en négoce des matériaux de construction"
"43","Travaux de construction specialises","509369","F1711","Poseur / Poseuse de voies ferrées"
"43","Travaux de construction specialises","518666","F1713","Maçon-fumiste / Maçonne-fumiste"
"43","Travaux de construction specialises","242","H2206","Menuisier / Menuisière"
"43","Travaux de construction specialises","271","H2605","Monteur-câbleur / Monteuse-câbleuse"
"43","Travaux de construction specialises","488920","H2607","Chef / Cheffe d'atelier de bobinage électrique"
"43","Travaux de construction specialises","274","H2802","Opérateur / Opératrice de fabrication en matériaux de construction"
"43","Travaux de construction specialises","276","H2804","Pilote de centrale de béton"
"43","Travaux de construction specialises","288","H2911","Métallier / Métallière"
"43","Travaux de construction specialises","291","H2914","Tuyauteur / Tuyauteuse"
"43","Travaux de construction specialises","489024","H2915","Chef soudeur / Cheffe soudeuse"
"43","Travaux de construction specialises","489047","H2916","Soudeur / Soudeuse Tungsten Inert Gas -TIG-"
"43","Travaux de construction specialises","304","I1101","Directeur / Directrice de la gestion technique des bâtiments"
"43","Travaux de construction specialises","488902","I1104","Ingénieur / Ingénieure infrastructures télécoms réseaux mobiles"
"43","Travaux de construction specialises","520075","I1122","Directeur / Directrice de travaux d'infrastructure"
"43","Travaux de construction specialises","510452","I1209","Technicien / Technicienne d'installation de panneau digital"
"43","Travaux de construction specialises","316","I1307","Antenniste"
"43","Travaux de construction specialises","317","I1308","Chauffagiste"
"43","Travaux de construction specialises","318","I1309","Electricien / Electricienne de maintenance"
"43","Travaux de construction specialises","488292","I1311","Technicien / Technicienne installation réseaux câblés fibre optique"
"43","Travaux de construction specialises","488869","I1315","Monteur raccordeur / Monteuse raccordeuse fibre optique"
"43","Travaux de construction specialises","488883","I1316","Technicien / Technicienne de maintenance Chauffage, Ventilation et Climatisation - CVC"
"43","Travaux de construction specialises","488900","I1317","Technicien / Technicienne de maintenance fibre optique"
"43","Travaux de construction specialises","509537","I1325","Technicien-cuisiniste / Technicienne-cuisiniste en cuisines professionnelles"
"43","Travaux de construction specialises","322","I1501","Opérateur / Opératrice cordiste"
"43","Travaux de construction specialises","323","I1502","Plongeur scaphandrier / Plongeuse scaphandrière"
"43","Travaux de construction specialises","324","I1503","Technicien / Technicienne en risques technologiques"
"43","Travaux de construction specialises","488770","I1506","Superviseur / Superviseuse cordiste"
"43","Travaux de construction specialises","509651","I1508","Désamianteur / Désamianteuse"
"43","Travaux de construction specialises","515408","I1509","Scaphandrier inspecteur / Scaphandrière inspectrice"
"43","Travaux de construction specialises","515418","I1510","Plongeur / Plongeuse scientifique et technique"
"43","Travaux de construction specialises","515421","I1511","Technicien / Technicienne cordiste"
"43","Travaux de construction specialises","515438","I1512","Programmateur / Programmatrice des travaux sur cordes"
"43","Travaux de construction specialises","515453","I1513","Chef d'équipe scaphandrier / Cheffe d'équipe scaphandrière"
"43","Travaux de construction specialises","519930","I1514","Technicien / Technicienne en dépollution"
"45","Commerce et reparation d'automobiles et de motocycles","489048","C1113","Expert / Experte en assurances dommages automobile"
"45","Commerce et reparation d'automobiles et de motocycles","518246","C1117","Courtier automobile / Courtière automobile"
"45","Commerce et reparation d'automobiles et de motocycles","509357","D1223","Conseiller / Conseillère de vente en pièces de rechange et accessoires de véhicules"
"45","Commerce et reparation d'automobiles et de motocycles","509363","D1224","Chargé / Chargée de location d'engins et de matériel de chantier"
"45","Commerce et reparation d'automobiles et de motocycles","510014","D1238","Chef / Cheffe d'agence de location de véhicules"
"45","Commerce et reparation d'automobiles et de motocycles","521027","D1252","Chef / Cheffe d'équipe de vente en pièces de rechange et d'accessoires de véhicules"
"45","Commerce et reparation d'automobiles et de motocycles","510424","D1304","Responsable de station de lavage"
"45","Commerce et reparation d'automobiles et de motocycles","102","D1401","Assistant commercial / Assistante commerciale"
"45","Commerce et reparation d'automobiles et de motocycles","105","D1404","Vendeur / Vendeuse automobile"
"45","Commerce et reparation d'automobiles et de motocycles","403086","D1410","Attaché commercial / Attachée commerciale"
"45","Commerce et reparation d'automobiles et de motocycles","509347","D1421","Conseiller commercial / Conseillère commerciale en véhicules industriels"
"45","Commerce et reparation d'automobiles et de motocycles","512356","D1423","Conseiller / Conseillère produits en véhicules"
"45","Commerce et reparation d'automobiles et de motocycles","509532","D1426","Vendeur / Vendeuse en véhicules de collection"
"45","Commerce et reparation d'automobiles et de motocycles","509686","D1427","Conseiller vendeur / Conseillère vendeuse d'autocars"
"45","Commerce et reparation d'automobiles et de motocycles","509809","D1430","Conseiller vendeur / Conseillère vendeuse de véhicules de loisirs"
"45","Commerce et reparation d'automobiles et de motocycles","510416","D1431","Assistant / Assistante achat"
"45","Commerce et reparation d'automobiles et de motocycles","510043","D1434","Conseiller commercial / Conseillère commerciale motocycles"
"45","Commerce et reparation d'automobiles et de motocycles","510272","D1437","Gérant / Gérante de négoce automobile"
"45","Commerce et reparation d'automobiles et de motocycles","521034","D1440","Conseiller / Conseillère en livraison de véhicules"
"45","Commerce et reparation d'automobiles et de motocycles","509899","D1511","Opérateur / Opératrice de station service"
"45","Commerce et reparation d'automobiles et de motocycles","510159","F1139","Décorateur / Décoratrice d'intérieur"
"45","Commerce et reparation d'automobiles et de motocycles","518200","H1245","Mécatronicien / Mécatronicienne"
"45","Commerce et reparation d'automobiles et de motocycles","488631","H2703","Technicien / Technicienne de maintenance de batteries de véhicules électriques"
"45","Commerce et reparation d'automobiles et de motocycles","488775","H2704","Technicien démonteur / Technicienne démonteuse de batteries de véhicules électriques"
"45","Commerce et reparation d'automobiles et de motocycles","306","I1103","Chef / Cheffe d'atelier après-vente des véhicules (auto, moto, VTR)"
"45","Commerce et reparation d'automobiles et de motocycles","488788","I1107","Responsable d'atelier de mécanique parcs et jardins"
"45","Commerce et reparation d'automobiles et de motocycles","509663","I1109","Responsable de parc de véhicules"
"45","Commerce et reparation d'automobiles et de motocycles","509795","I1111","Responsable technique après-vente des véhicules"
"45","Commerce et reparation d'automobiles et de motocycles","510409","I1113","Chef / Cheffe d'équipe atelier en démontage recyclage de VHU (Véhicules hors d'usage)"
"45","Commerce et reparation d'automobiles et de motocycles","510425","I1114","Responsable de centres de contrôle technique de véhicules"
"45","Commerce et reparation d'automobiles et de motocycles","510435","I1115","Responsable de site(s) de vente et de réparation cycles"
"45","Commerce et reparation d'automobiles et de motocycles","510448","I1116","Responsable d'exploitation de stationnement"
"45","Commerce et reparation d'automobiles et de motocycles","510460","I1117","Chef / Cheffe d'atelier après-vente cycles"
"45","Commerce et reparation d'automobiles et de motocycles","510467","I1118","Responsable de site SMAVA (service multimarques de l'après-vente automobile)"
"45","Commerce et reparation d'automobiles et de motocycles","510469","I1119","Responsable de centre de démontage recyclage des VHU"
"45","Commerce et reparation d'automobiles et de motocycles","521025","I1211","Agent / Agente d'exploitation de stationnement"
"45","Commerce et reparation d'automobiles et de motocycles","328","I1604","Mécanicien / Mécanicienne automobile"
"45","Commerce et reparation d'automobiles et de motocycles","330","I1606","Carrossier-peintre / Carrossière-peintre"
"45","Commerce et reparation d'automobiles et de motocycles","331","I1607","Mécanicien / Mécanicienne motocycles"
"45","Commerce et reparation d'automobiles et de motocycles","488607","I1608","Démonteur / Démonteuse de véhicules hors d'usage"
"45","Commerce et reparation d'automobiles et de motocycles","489208","I1609","Peintre automobile"
"45","Commerce et reparation d'automobiles et de motocycles","488613","I1610","Responsable atelier carrosserie"
"45","Commerce et reparation d'automobiles et de motocycles","489079","I1611","Préparateur / Préparatrice de véhicules automobiles"
"45","Commerce et reparation d'automobiles et de motocycles","489045","I1612","Technicien expert / Technicienne experte après-vente automobile"
"45","Commerce et reparation d'automobiles et de motocycles","488731","I1613","Mécanicien / Mécanicienne des véhicules des transports routiers"
"45","Commerce et reparation d'automobiles et de motocycles","488736","I1614","Préparateur / Préparatrice en peinture automobile"
"45","Commerce et reparation d'automobiles et de motocycles","488742","I1615","Dépanneur-remorqueur / Dépanneuse-remorqueuse de véhicules"
"45","Commerce et reparation d'automobiles et de motocycles","488866","I1618","Mécanicien / Mécanicienne en matériels motorisés de parcs et jardins"
"45","Commerce et reparation d'automobiles et de motocycles","488870","I1619","Mécanicien / Mécanicienne cycles"
"45","Commerce et reparation d'automobiles et de motocycles","509349","I1621","Tôlier / Tôlière en carrosserie automobile"
"45","Commerce et reparation d'automobiles et de motocycles","509371","I1622","Technicien expert / Technicienne experte après-vente de véhicules de transport routier"
"45","Commerce et reparation d'automobiles et de motocycles","509404","I1623","Conseiller / Conseillère client après-vente des véhicules"
"45","Commerce et reparation d'automobiles et de motocycles","510155","I1624","Mécanicien réparateur / Mécanicienne réparatrice de véhicules anciens et historiques"
"45","Commerce et reparation d'automobiles et de motocycles","510312","I1625","Débosseleur / Débosseleuse sans peinture"
"45","Commerce et reparation d'automobiles et de motocycles","510422","I1626","Préparateur / Préparatrice en tôlerie automobile"
"45","Commerce et reparation d'automobiles et de motocycles","510586","I1627","Technicien expert / Technicienne experte après vente motocycles"
"45","Commerce et reparation d'automobiles et de motocycles","510471","I1628","Conseiller / Conseillère technique cycles"
"45","Commerce et reparation d'automobiles et de motocycles","510466","I1629","Technicien / Technicienne de réparation et pose de vitrage des véhicules"
"45","Commerce et reparation d'automobiles et de motocycles","510463","I1630","Opérateur / Opératrice maintenance pneumatiques Véhicules Utilitaires et Industriels"
"45","Commerce et reparation d'automobiles et de motocycles","515391","I1632","Opérateur / Opératrice de vérification des dispositifs embarqués Véhicules Légers VL"
"45","Commerce et reparation d'automobiles et de motocycles","519462","I1637","Aménageur / Aménageuse de véhicules"
"45","Commerce et reparation d'automobiles et de motocycles","488884","N4122","Convoyeur / Convoyeuse de véhicules ou matériels lourds"
"46","Commerce de gros, a l'exception des automobiles et des motocycles","86","D1107","Vendeur / Vendeuse grossiste en produits frais"
"46","Commerce de gros, a l'exception des automobiles et des motocycles","489178","D1109","Chef boucher / Cheffe bouchère"
"46","Commerce de gros, a l'exception des automobiles et des motocycles","509568","D1113","Commercial itinérant / Commerciale itinérante en entreprise de commerce de gros"
"46","Commerce de gros, a l'exception des automobiles et des motocycles","509905","D1116","Négociant / Négociante en bétail"
"46","Commerce de gros, a l'exception des automobiles et des motocycles","515406","D1119","Mareyeur / Mareyeuse"
"46","Commerce de gros, a l'exception des automobiles et des motocycles","509554","D1227","Acheteur vendeur / Acheteuse vendeuse d'or, de métaux précieux"
"46","Commerce de gros, a l'exception des automobiles et des motocycles","488618","D1302","Responsable de boutique"
"46","Commerce de gros, a l'exception des automobiles et des motocycles","102","D1401","Assistant commercial / Assistante commerciale"
"46","Commerce de gros, a l'exception des automobiles et des motocycles","103","D1402","Commercial / Commerciale grands comptes et entreprises"
"46","Commerce de gros, a l'exception des automobiles et des motocycles","108","D1407","Technico-commercial / Technico-commerciale"
"46","Commerce de gros, a l'exception des automobiles et des motocycles","403086","D1410","Attaché commercial / Attachée commerciale"
"46","Commerce de gros, a l'exception des automobiles et des motocycles","488868","D1415","Chargé / Chargée de relation client"
"46","Commerce de gros, a l'exception des automobiles et des motocycles","488879","D1416","Commercial / Commerciale auprès d'une clientèle d'entreprises"
"46","Commerce de gros, a l'exception des automobiles et des motocycles","488908","D1417","Chef / Cheffe des ventes"
"46","Commerce de gros, a l'exception des automobiles et des motocycles","488926","D1418","Technico-commercial / Technico-commerciale produits bois"
"46","Commerce de gros, a l'exception des automobiles et des motocycles","488928","D1419","Courtier / Courtière en vins"
"46","Commerce de gros, a l'exception des automobiles et des motocycles","489185","D1420","Cadre Technico-commercial / CadreTechnico-commerciale"
"46","Commerce de gros, a l'exception des automobiles et des motocycles","510405","D1433","Commercial / Commerciale export"
"46","Commerce de gros, a l'exception des automobiles et des motocycles","509366","D1439","Représentant / Représentante en biens et en services auprès des entreprises"
"46","Commerce de gros, a l'exception des automobiles et des motocycles","515444","D1441","Technico-commercial / Technico-commerciale de l'industrie et des services nautiques"
"46","Commerce de gros, a l'exception des automobiles et des motocycles","515426","D1442","Courtier / Courtière en bateau"
"46","Commerce de gros, a l'exception des automobiles et des motocycles","510459","D1444","Responsable grands comptes"
"46","Commerce de gros, a l'exception des automobiles et des motocycles","110","D1501","Animateur / Animatrice de vente"
"46","Commerce de gros, a l'exception des automobiles et des motocycles","118","D1509","Responsable de département en grande distribution"
"46","Commerce de gros, a l'exception des automobiles et des motocycles","510170","D1516","Responsable merchandising"
"46","Commerce de gros, a l'exception des automobiles et des motocycles","510442","D1517","Chef / Cheffe de secteur distribution"
"46","Commerce de gros, a l'exception des automobiles et des motocycles","489052","E1113","Responsable e-commerce"
"46","Commerce de gros, a l'exception des automobiles et des motocycles","488283","F1710","Magasinier / Magasinière en négoce des matériaux de construction"
"46","Commerce de gros, a l'exception des automobiles et des motocycles","518537","F1712","Ferrailleur / Ferrailleuse du BTP"
"46","Commerce de gros, a l'exception des automobiles et des motocycles","220","H1209","Technicien / Technicienne en électricité et électronique études et développement"
"46","Commerce de gros, a l'exception des automobiles et des motocycles","518348","H2220","Agent / Agente de montage en ameublement"
"46","Commerce de gros, a l'exception des automobiles et des motocycles","298","H3302","Agent / Agente de conditionnement"
"46","Commerce de gros, a l'exception des automobiles et des motocycles","518555","K2324","Ferrailleur / Ferrailleuse de métal"
"46","Commerce de gros, a l'exception des automobiles et des motocycles","456","M1101","Acheteur / Acheteuse"
"46","Commerce de gros, a l'exception des automobiles et des motocycles","457","M1102","Directeur / Directrice des achats"
"46","Commerce de gros, a l'exception des automobiles et des motocycles","483","M1701","Responsable de l'administration des ventes"
"46","Commerce de gros, a l'exception des automobiles et des motocycles","486","M1704","Responsable service clients"
"46","Commerce de gros, a l'exception des automobiles et des motocycles","488","M1706","Chef / Cheffe de promotion des ventes"
"46","Commerce de gros, a l'exception des automobiles et des motocycles","489","M1707","Responsable du développement commercial"
"46","Commerce de gros, a l'exception des automobiles et des motocycles","488738","M1715","Directeur commercial / Directrice commerciale"
"46","Commerce de gros, a l'exception des automobiles et des motocycles","520176","M1720","Category Manager Responsable (CATMAN)"
"46","Commerce de gros, a l'exception des automobiles et des motocycles","500","N1101","Cariste"
"46","Commerce de gros, a l'exception des automobiles et des motocycles","502","N1103","Préparateur / Préparatrice de commandes"
"46","Commerce de gros, a l'exception des automobiles et des motocycles","504","N1105","Manutentionnaire"
"46","Commerce de gros, a l'exception des automobiles et des motocycles","488771","N1110","Magasinier / Magasinière"
"46","Commerce de gros, a l'exception des automobiles et des motocycles","489051","N1113","Préparateur / Préparatrice au drive"
"46","Commerce de gros, a l'exception des automobiles et des motocycles","489164","N1115","Opérateur / Opératrice logistique"
"46","Commerce de gros, a l'exception des automobiles et des motocycles","509","N1303","Approvisionneur / Approvisionneuse logistique"
"46","Commerce de gros, a l'exception des automobiles et des motocycles","488732","N4114","Conducteur livreur avitailleur / Conductrice livreuse avitailleuse en carburant"
"47","Commerce de detail, a l'exception des automobiles et des motocycles","26","A1412","Fromager-affineur / Fromagère-affineuse"
"47","Commerce de detail, a l'exception des automobiles et des motocycles","510265","A1447","Herboriste"
"47","Commerce de detail, a l'exception des automobiles et des motocycles","38","B1301","Etalagiste"
"47","Commerce de detail, a l'exception des automobiles et des motocycles","54","B1806","Tapissier / Tapissière d'ameublement"
"47","Commerce de detail, a l'exception des automobiles et des motocycles","80","D1101","Boucher / Bouchère"
"47","Commerce de detail, a l'exception des automobiles et des motocycles","81","D1102","Boulanger / Boulangère"
"47","Commerce de detail, a l'exception des automobiles et des motocycles","84","D1105","Poissonnier / Poissonnière"
"47","Commerce de detail, a l'exception des automobiles et des motocycles","85","D1106","Vendeur / Vendeuse en épicerie"
"47","Commerce de detail, a l'exception des automobiles et des motocycles","489178","D1109","Chef boucher / Cheffe bouchère"
"47","Commerce de detail, a l'exception des automobiles et des motocycles","509365","D1110","Vendeur ambulant / Vendeuse ambulante"
"47","Commerce de detail, a l'exception des automobiles et des motocycles","509520","D1112","Chef charcutier-traiteur / Cheffe charcutière-traiteuse"
"47","Commerce de detail, a l'exception des automobiles et des motocycles","510011","D1117","Chef pâtissier / Cheffe pâtissière"
"47","Commerce de detail, a l'exception des automobiles et des motocycles","87","D1201","Brocanteur / Brocanteuse"
"47","Commerce de detail, a l'exception des automobiles et des motocycles","88","D1202","Coiffeur / Coiffeuse"
"47","Commerce de detail, a l'exception des automobiles et des motocycles","91","D1205","Employé / Employée de pressing"
"47","Commerce de detail, a l'exception des automobiles et des motocycles","95","D1209","Fleuriste"
"47","Commerce de detail, a l'exception des automobiles et des motocycles","96","D1210","Vendeur / Vendeuse en animalerie"
"47","Commerce de detail, a l'exception des automobiles et des motocycles","97","D1211","Vendeur / Vendeuse d'articles de sport et loisirs"
"47","Commerce de detail, a l'exception des automobiles et des motocycles","98","D1212","Vendeur / Vendeuse en équipement de la maison"
"47","Commerce de detail, a l'exception des automobiles et des motocycles","99","D1213","Vendeur / Vendeuse grossiste en équipement du foyer"
"47","Commerce de detail, a l'exception des automobiles et des motocycles","100","D1214","Vendeur / Vendeuse en prêt-à-porter"
"47","Commerce de detail, a l'exception des automobiles et des motocycles","489010","D1219","Vendeur / Vendeuse conseil en jardinerie"
"47","Commerce de detail, a l'exception des automobiles et des motocycles","489056","D1221","Vendeur / Vendeuse de produits culturels et ludiques"
"47","Commerce de detail, a l'exception des automobiles et des motocycles","509368","D1225","Responsable d'institut de beauté"
"47","Commerce de detail, a l'exception des automobiles et des motocycles","509554","D1227","Acheteur vendeur / Acheteuse vendeuse d'or, de métaux précieux"
"47","Commerce de detail, a l'exception des automobiles et des motocycles","509567","D1229","Responsable de pressing"
"47","Commerce de detail, a l'exception des automobiles et des motocycles","509703","D1233","Galeriste"
"47","Commerce de detail, a l'exception des automobiles et des motocycles","510277","D1243","Acheteur vendeur / Acheteuse vendeuse en dépôt-vente"
"47","Commerce de detail, a l'exception des automobiles et des motocycles","518798","D1245","Vendeur / Vendeuse en parfumerie"
"47","Commerce de detail, a l'exception des automobiles et des motocycles","518803","D1246","Vendeur / Vendeuse en accessoires de la personne"
"47","Commerce de detail, a l'exception des automobiles et des motocycles","518802","D1247","Vendeur / Vendeuse en articles de puériculture"
"47","Commerce de detail, a l'exception des automobiles et des motocycles","518834","D1249","Vendeur / Vendeuse de cuisines"
"47","Commerce de detail, a l'exception des automobiles et des motocycles","518982","D1250","Libraire"
"47","Commerce de detail, a l'exception des automobiles et des motocycles","519016","D1251","Vendeur de tabac-presse / Vendeuse de tabac-presse"
"47","Commerce de detail, a l'exception des automobiles et des motocycles","519365","D1253","Disquaire"
"47","Commerce de detail, a l'exception des automobiles et des motocycles","519452","D1254","Vendeur / Vendeuse en articles de papeterie et loisirs créatifs"
"47","Commerce de detail, a l'exception des automobiles et des motocycles","101","D1301","Gérant / Gérante de magasin d'alimentation générale"
"47","Commerce de detail, a l'exception des automobiles et des motocycles","488618","D1302","Responsable de boutique"
"47","Commerce de detail, a l'exception des automobiles et des motocycles","509647","D1303","Responsable de station-service"
"47","Commerce de detail, a l'exception des automobiles et des motocycles","510477","D1305","Responsable de magasin cycles"
"47","Commerce de detail, a l'exception des automobiles et des motocycles","102","D1401","Assistant commercial / Assistante commerciale"
"47","Commerce de detail, a l'exception des automobiles et des motocycles","104","D1403","Conseiller commercial / Conseillère commerciale auprès des particuliers"
"47","Commerce de detail, a l'exception des automobiles et des motocycles","108","D1407","Technico-commercial / Technico-commerciale"
"47","Commerce de detail, a l'exception des automobiles et des motocycles","488282","D1411","Responsable Efficacité Commerciale (SFE) en industrie pharmaceutique"
"47","Commerce de detail, a l'exception des automobiles et des motocycles","488868","D1415","Chargé / Chargée de relation client"
"47","Commerce de detail, a l'exception des automobiles et des motocycles","488879","D1416","Commercial / Commerciale auprès d'une clientèle d'entreprises"
"47","Commerce de detail, a l'exception des automobiles et des motocycles","488908","D1417","Chef / Cheffe des ventes"
"47","Commerce de detail, a l'exception des automobiles et des motocycles","488926","D1418","Technico-commercial / Technico-commerciale produits bois"
"47","Commerce de detail, a l'exception des automobiles et des motocycles","488928","D1419","Courtier / Courtière en vins"
"47","Commerce de detail, a l'exception des automobiles et des motocycles","489185","D1420","Cadre Technico-commercial / CadreTechnico-commerciale"
"47","Commerce de detail, a l'exception des automobiles et des motocycles","509522","D1424","Conseiller vendeur / Conseillère vendeuse à domicile"
"47","Commerce de detail, a l'exception des automobiles et des motocycles","509527","D1425","Conseiller vendeur / Conseillère vendeuse de véhicules poids lourds"
"47","Commerce de detail, a l'exception des automobiles et des motocycles","510405","D1433","Commercial / Commerciale export"
"47","Commerce de detail, a l'exception des automobiles et des motocycles","509366","D1439","Représentant / Représentante en biens et en services auprès des entreprises"
"47","Commerce de detail, a l'exception des automobiles et des motocycles","515444","D1441","Technico-commercial / Technico-commerciale de l'industrie et des services nautiques"
"47","Commerce de detail, a l'exception des automobiles et des motocycles","110","D1501","Animateur / Animatrice de vente"
"47","Commerce de detail, a l'exception des automobiles et des motocycles","112","D1503","Chef / Cheffe de rayon de produits non alimentaires"
"47","Commerce de detail, a l'exception des automobiles et des motocycles","113","D1504","Directeur / Directrice de magasin de grande distribution"
"47","Commerce de detail, a l'exception des automobiles et des motocycles","114","D1505","Hôte / Hôtesse de caisse"
"47","Commerce de detail, a l'exception des automobiles et des motocycles","115","D1506","Chargé / Chargée de merchandising"
"47","Commerce de detail, a l'exception des automobiles et des motocycles","116","D1507","Employé / Employée de rayon libre-service"
"47","Commerce de detail, a l'exception des automobiles et des motocycles","117","D1508","Responsable de caisses"
"47","Commerce de detail, a l'exception des automobiles et des motocycles","403087","D1510","Chef / Cheffe de secteur magasin"
"47","Commerce de detail, a l'exception des automobiles et des motocycles","509899","D1511","Opérateur / Opératrice de station service"
"47","Commerce de detail, a l'exception des automobiles et des motocycles","509501","D1512","Directeur régional / Directrice régionale d'hypermarché ou de supermarché"
"47","Commerce de detail, a l'exception des automobiles et des motocycles","509505","D1513","Chef / Cheffe de rayon produits frais"
"47","Commerce de detail, a l'exception des automobiles et des motocycles","510170","D1516","Responsable merchandising"
"47","Commerce de detail, a l'exception des automobiles et des motocycles","510442","D1517","Chef / Cheffe de secteur distribution"
"47","Commerce de detail, a l'exception des automobiles et des motocycles","489052","E1113","Responsable e-commerce"
"47","Commerce de detail, a l'exception des automobiles et des motocycles","404540","G1608","Ecailler / Ecaillère"
"47","Commerce de detail, a l'exception des automobiles et des motocycles","209","G1804","Sommelier / Sommelière"
"47","Commerce de detail, a l'exception des automobiles et des motocycles","488898","G1806","Chef sommelier / Cheffe sommelière"
"47","Commerce de detail, a l'exception des automobiles et des motocycles","488582","G1807","Gérant / Gérante de bar-tabac"
"47","Commerce de detail, a l'exception des automobiles et des motocycles","316","I1307","Antenniste"
"47","Commerce de detail, a l'exception des automobiles et des motocycles","321","I1402","Technicien / Technicienne de maintenance en appareils électroménagers"
"47","Commerce de detail, a l'exception des automobiles et des motocycles","510406","I1410","Responsable Service Après-Vente -SAV- en électroménager"
"47","Commerce de detail, a l'exception des automobiles et des motocycles","331","I1607","Mécanicien / Mécanicienne motocycles"
"47","Commerce de detail, a l'exception des automobiles et des motocycles","337","J1202","Pharmacien / Pharmacienne"
"47","Commerce de detail, a l'exception des automobiles et des motocycles","519904","K1816","Manager de commerce et territoire"
"47","Commerce de detail, a l'exception des automobiles et des motocycles","488737","K1907","Commissaire-priseur / Commissaire-priseure"
"47","Commerce de detail, a l'exception des automobiles et des motocycles","457","M1102","Directeur / Directrice des achats"
"47","Commerce de detail, a l'exception des automobiles et des motocycles","486","M1704","Responsable service clients"
"47","Commerce de detail, a l'exception des automobiles et des motocycles","488310","M1711","Directeur / Directrice du marketing"
"47","Commerce de detail, a l'exception des automobiles et des motocycles","488738","M1715","Directeur commercial / Directrice commerciale"
"47","Commerce de detail, a l'exception des automobiles et des motocycles","520176","M1720","Category Manager Responsable (CATMAN)"
"47","Commerce de detail, a l'exception des automobiles et des motocycles","488721","M1823","Consultant / Consultante avant-vente"
"47","Commerce de detail, a l'exception des automobiles et des motocycles","488771","N1110","Magasinier / Magasinière"
"47","Commerce de detail, a l'exception des automobiles et des motocycles","489051","N1113","Préparateur / Préparatrice au drive"
"49","Transports terrestres et transport par conduites","509527","D1425","Conseiller vendeur / Conseillère vendeuse de véhicules poids lourds"
"49","Transports terrestres et transport par conduites","509697","D1514","Agent / Agente de péage"
"49","Transports terrestres et transport par conduites","154","F1301","Grutier / Grutière"
"49","Transports terrestres et transport par conduites","509765","F1629","Electricien / Electricienne de signalisation ferroviaire"
"49","Transports terrestres et transport par conduites","189","G1302","Yield manager"
"49","Transports terrestres et transport par conduites","489173","G1611","Steward / Hôtesse de train"
"49","Transports terrestres et transport par conduites","488297","H1405","Responsable supply chain en industrie"
"49","Transports terrestres et transport par conduites","509502","I1108","Chef / Cheffe d'atelier engins de chantier"
"49","Transports terrestres et transport par conduites","509403","I1323","Technicien / Technicienne de maintenance ferroviaire"
"49","Transports terrestres et transport par conduites","518400","I1336","Technicien / Technicienne froid embarqué routier"
"49","Transports terrestres et transport par conduites","489079","I1611","Préparateur / Préparatrice de véhicules automobiles"
"49","Transports terrestres et transport par conduites","488731","I1613","Mécanicien / Mécanicienne des véhicules des transports routiers"
"49","Transports terrestres et transport par conduites","509371","I1622","Technicien expert / Technicienne experte après-vente de véhicules de transport routier"
"49","Transports terrestres et transport par conduites","510606","I1631","Opérateur / Opératrice de vérification des dispositifs embarqués Véhicules de Transports Routiers VTR"
"49","Transports terrestres et transport par conduites","342","J1305","Ambulancier / Ambulancière"
"49","Transports terrestres et transport par conduites","509555","J1311","Transporteur / Transporteuse de produits de santé"
"49","Transports terrestres et transport par conduites","489180","K1722","Plongeur démineur / Plongeuse démineuse militaire dans les fonds marins"
"49","Transports terrestres et transport par conduites","488730","K2506","Convoyeur / Convoyeuse de fonds"
"49","Transports terrestres et transport par conduites","489162","M1616","Auxiliaire de gestion des écoles de conduite"
"49","Transports terrestres et transport par conduites","501","N1102","Déménageur / Déménageuse"
"49","Transports terrestres et transport par conduites","503","N1104","Pontier / Pontière"
"49","Transports terrestres et transport par conduites","504","N1105","Manutentionnaire"
"49","Transports terrestres et transport par conduites","488599","N1107","Chef / Cheffe d'équipe en déménagement"
"49","Transports terrestres et transport par conduites","488735","N1108","Conducteur / Conductrice de grue mobile"
"49","Transports terrestres et transport par conduites","488893","N1111","Conducteur / Conductrice de pont roulant"
"49","Transports terrestres et transport par conduites","489077","N1114","Conducteur / Conductrice d'engins lourds de manutention"
"49","Transports terrestres et transport par conduites","505","N1201","Affréteur / Affréteuse"
"49","Transports terrestres et transport par conduites","488586","N1203","Déclarant / Déclarante en douane"
"49","Transports terrestres et transport par conduites","489175","N1207","Chef / Cheffe de groupe affrètement"
"49","Transports terrestres et transport par conduites","515412","N1209","Technicien / Technicienne logistique"
"49","Transports terrestres et transport par conduites","515420","N1210","Logisticien / Logisticienne"
"49","Transports terrestres et transport par conduites","508","N1302","Responsable entrepôt logistique"
"49","Transports terrestres et transport par conduites","509","N1303","Approvisionneur / Approvisionneuse logistique"
"49","Transports terrestres et transport par conduites","521040","N1306","Coordonnateur / Coordonnatrice de projet logistique humanitaire"
"49","Transports terrestres et transport par conduites","515407","N1307","Coordinateur / Coordinatrice logistique ferroviaire"
"49","Transports terrestres et transport par conduites","489211","N2207","Agent / Agente d'accompagnement du transport"
"49","Transports terrestres et transport par conduites","523","N4101","Conducteur / Conductrice de poids lourd"
"49","Transports terrestres et transport par conduites","524","N4102","Conducteur / Conductrice de transport de particuliers"
"49","Transports terrestres et transport par conduites","525","N4103","Conducteur / Conductrice de bus"
"49","Transports terrestres et transport par conduites","526","N4104","Coursier / Coursière"
"49","Transports terrestres et transport par conduites","527","N4105","Conducteur-livreur / Conductrice-livreuse"
"49","Transports terrestres et transport par conduites","488577","N4106","Responsable de douane"
"49","Transports terrestres et transport par conduites","488583","N4107","Conducteur livreur / Conductrice livreuse de béton prêt à l'emploi"
"49","Transports terrestres et transport par conduites","488591","N4108","Conducteur accompagnateur / Conductrice accompagnatrice de personnes à mobilité réduite"
"49","Transports terrestres et transport par conduites","488595","N4109","Conducteur / Conductrice d'autocar ligne régulière"
"49","Transports terrestres et transport par conduites","488611","N4111","Conducteur / Conductrice super poids lourd de l'armée"
"49","Transports terrestres et transport par conduites","489201","N4112","Conducteur / Conductrice VTC"
"49","Transports terrestres et transport par conduites","488626","N4113","Conducteur routier international / Conductrice routière internationale"
"49","Transports terrestres et transport par conduites","488732","N4114","Conducteur livreur avitailleur / Conductrice livreuse avitailleuse en carburant"
"49","Transports terrestres et transport par conduites","488739","N4115","Conducteur / Conductrice de véhicules Super Lourds"
"49","Transports terrestres et transport par conduites","488777","N4116","Conducteur / Conductrice de transport routier de marchandises dangereuses"
"49","Transports terrestres et transport par conduites","489210","N4117","Conducteur / Conductrice d'attelage"
"49","Transports terrestres et transport par conduites","488857","N4118","Conducteur / Conductrice de matériel de collecte"
"49","Transports terrestres et transport par conduites","488874","N4119","Conducteur / Conductrice de tramway"
"49","Transports terrestres et transport par conduites","488881","N4120","Chauffeur-livreur préparateur / Chauffeuse-livreuse préparatrice de commandes"
"49","Transports terrestres et transport par conduites","488882","N4121","Aide-livreur / Aide-livreuse"
"49","Transports terrestres et transport par conduites","488884","N4122","Convoyeur / Convoyeuse de véhicules ou matériels lourds"
"49","Transports terrestres et transport par conduites","488931","N4123","Conducteur livreur installateur / Conductrice livreuse installatrice"
"49","Transports terrestres et transport par conduites","489226","N4124","Conducteur / Conductrice de taxi moto"
"49","Transports terrestres et transport par conduites","488935","N4125","Conducteur / Conductrice de transport routier d'animaux vivants"
"49","Transports terrestres et transport par conduites","489224","N4126","Conducteur / Conductrice de transport routier en convoi exceptionnel"
"49","Transports terrestres et transport par conduites","489032","N4127","Conducteur / Conductrice de car tourisme"
"49","Transports terrestres et transport par conduites","489043","N4128","Conducteur / Conductrice de navettes moins de 10 places"
"49","Transports terrestres et transport par conduites","489057","N4130","Conducteur / Conductrice de voiture radar à conduite externalisée"
"49","Transports terrestres et transport par conduites","489161","N4131","Conducteur / Conductrice de taxi"
"49","Transports terrestres et transport par conduites","489190","N4132","Contrôleur / Contrôleuse de bus"
"49","Transports terrestres et transport par conduites","518169","N4133","Conducteur / Conductrice de véhicule grumier"
"49","Transports terrestres et transport par conduites","521038","N4134","Conducteur / Conductrice de véhicule de protection de convoi exceptionnel"
"49","Transports terrestres et transport par conduites","521039","N4135","Conducteur / Conductrice de véhicule de guidage"
"49","Transports terrestres et transport par conduites","528","N4201","Responsable d'agence transport routier de marchandises"
"49","Transports terrestres et transport par conduites","529","N4202","Responsable d'exploitation transport routier de personnes"
"49","Transports terrestres et transport par conduites","530","N4203","Agent / Agente d'exploitation en transport routier de marchandises"
"49","Transports terrestres et transport par conduites","531","N4204","Agent / Agente d'exploitation transport routier de personnes"
"49","Transports terrestres et transport par conduites","512368","N4205","Responsable d'exploitation transport routier de marchandises"
"49","Transports terrestres et transport par conduites","532","N4301","Conducteur / Conductrice de train"
"49","Transports terrestres et transport par conduites","533","N4302","Agent / Agente de contrôle du réseau ferré"
"49","Transports terrestres et transport par conduites","509380","N4303","Conducteur / Conductrice d'engins de man½uvre du réseau ferré"
"49","Transports terrestres et transport par conduites","509497","N4304","Responsable d'équipe d'agents de conduite du réseau ferré"
"49","Transports terrestres et transport par conduites","512370","N4305","Conducteur / Conductrice de métro"
"49","Transports terrestres et transport par conduites","512369","N4306","Agent / Agente d'accompagnement des trains"
"49","Transports terrestres et transport par conduites","534","N4401","Aiguilleur / Aiguilleure du rail"
"49","Transports terrestres et transport par conduites","536","N4403","Opérateur / Opératrice ferroviaire"
"49","Transports terrestres et transport par conduites","509514","N4404","Chef opérateur / Cheffe opératrice des man½uvres du réseau ferré"
"49","Transports terrestres et transport par conduites","509667","N4405","Agent / Agente d'exploitation du réseau ferré"
"49","Transports terrestres et transport par conduites","521018","N4406","Caténairiste"
"50","Transports par eau","515454","B1815","Technicien voilier / Technicienne voilière"
"50","Transports par eau","518322","F1145","Ingénieur / Ingénieure en génie maritime"
"50","Transports par eau","488895","G1107","Hôte / Hôtesse d'accueil et d'animation de croisière"
"50","Transports par eau","488769","N1109","Eclusier-barragiste / Eclusière-barragiste"
"50","Transports par eau","505","N1201","Affréteur / Affréteuse"
"50","Transports par eau","506","N1202","Agent / Agente de transit"
"50","Transports par eau","488741","N1205","Responsable de service transit"
"50","Transports par eau","488863","N1206","Courtier / Courtière affrètement maritime"
"50","Transports par eau","521040","N1306","Coordonnateur / Coordonnatrice de projet logistique humanitaire"
"50","Transports par eau","517","N3101","Officier / Officière de port"
"50","Transports par eau","518","N3102","Matelot machine de la marine marchande"
"50","Transports par eau","519","N3103","Matelot de la navigation fluviale"
"50","Transports par eau","509922","N3104","Conducteur / Conductrice de navigation fluviale"
"50","Transports par eau","509510","N3105","Pilote hauturier / Pilote hauturière"
"50","Transports par eau","509805","N3106","Officier / Officière de la marine marchande"
"50","Transports par eau","510026","N3107","Pilote fluvial / Pilote fluviale"
"50","Transports par eau","519637","N3108","Skipper professionnel / Skipper professionnelle"
"50","Transports par eau","512367","N3109","Matelot pont de la marine marchande"
"50","Transports par eau","515395","N3110","Capitaine d'armement"
"50","Transports par eau","515402","N3111","Officier électronicien / Officière électronicienne"
"50","Transports par eau","515403","N3112","Commissaire de bord"
"50","Transports par eau","515428","N3113","Steward yachting polyvalent / Steward yachting polyvalente"
"50","Transports par eau","515432","N3114","Lamaneur / Lamaneuse"
"50","Transports par eau","515436","N3115","Capitaine de yacht"
"50","Transports par eau","515442","N3116","Agent / Agente de service général maritime"
"50","Transports par eau","515443","N3117","Marin de la plaisance professionnelle"
"50","Transports par eau","515461","N3118","Bosco de la navigation maritime"
"50","Transports par eau","520","N3201","Responsable d'exploitation transport maritime"
"50","Transports par eau","521","N3202","Responsable d'exploitation transport fluvial"
"50","Transports par eau","489062","N3204","Chef / Cheffe d'équipe de manutention portuaire"
"50","Transports par eau","510185","N3205","Assistant / Assistante d'exploitation du transport fluvial"
"50","Transports par eau","515394","N3207","Agent / Agente de port de plaisance"
"50","Transports par eau","515425","N3210","Assistant / Assistante d'exploitation transport maritime"
"50","Transports par eau","515449","N3211","Directeur de port / Directrice de port"
"51","Transports aeriens","518200","H1245","Mécatronicien / Mécatronicienne"
"51","Transports aeriens","515435","H1246","Technicien / Technicienne en bureau d'études aéronautiques"
"51","Transports aeriens","488930","I1105","Responsable de maintenance et d'exploitation"
"51","Transports aeriens","510142","I1334","Electronicien / Electronicienne de maintenance aéronautique"
"51","Transports aeriens","326","I1602","Mécanicien / Mécanicienne avion"
"51","Transports aeriens","515414","I1635","Mécanicien / Mécanicienne structure avion"
"51","Transports aeriens","515422","I1636","Mécanicien / Mécanicienne cabine"
"51","Transports aeriens","489034","K1717","Opérateur / Opératrice de surveillance aérienne militaire"
"51","Transports aeriens","505","N1201","Affréteur / Affréteuse"
"51","Transports aeriens","506","N1202","Agent / Agente de transit"
"51","Transports aeriens","488741","N1205","Responsable de service transit"
"51","Transports aeriens","521040","N1306","Coordonnateur / Coordonnatrice de projet logistique humanitaire"
"51","Transports aeriens","510","N2101","Personnel Navigant Commercial (PNC)"
"51","Transports aeriens","511","N2102","Pilote de ligne"
"51","Transports aeriens","515463","N2103","Pilote instructeur / Pilote instructrice aéronautique"
"51","Transports aeriens","515448","N2104","Instructeur / Instructrice Personnel Navigant Commercial (PNC)"
"51","Transports aeriens","512","N2201","Agent / Agente d'Escale Commerciale aéroportuaire (AEC)"
"51","Transports aeriens","513","N2202","Contrôleur aérien / Contrôleuse aérienne"
"51","Transports aeriens","516","N2205","Chef / Cheffe d'escale"
"51","Transports aeriens","489039","N2206","Pilote de drone"
"51","Transports aeriens","510602","N2208","Contrôleur / Contrôleuse de la circulation et de la défense aérienne"
"51","Transports aeriens","515405","N2209","Superviseur / Superviseuse piste"
"51","Transports aeriens","515450","N2211","Planificateur régulateur vol / Planificatrice régulatrice vol"
"52","Entreposage et services auxiliaires des transports","509697","D1514","Agent / Agente de péage"
"52","Entreposage et services auxiliaires des transports","488297","H1405","Responsable supply chain en industrie"
"52","Entreposage et services auxiliaires des transports","509663","I1109","Responsable de parc de véhicules"
"52","Entreposage et services auxiliaires des transports","510297","I1208","Patrouilleur autoroutier / Patrouilleuse autoroutière"
"52","Entreposage et services auxiliaires des transports","509799","M1619","Approvisionneur / Approvisionneuse points de distribution"
"52","Entreposage et services auxiliaires des transports","500","N1101","Cariste"
"52","Entreposage et services auxiliaires des transports","501","N1102","Déménageur / Déménageuse"
"52","Entreposage et services auxiliaires des transports","502","N1103","Préparateur / Préparatrice de commandes"
"52","Entreposage et services auxiliaires des transports","504","N1105","Manutentionnaire"
"52","Entreposage et services auxiliaires des transports","488333","N1106","Déménageur / Déménageuse d'½uvres d'art"
"52","Entreposage et services auxiliaires des transports","488771","N1110","Magasinier / Magasinière"
"52","Entreposage et services auxiliaires des transports","488924","N1112","Chef / Cheffe d'équipe logistique"
"52","Entreposage et services auxiliaires des transports","489051","N1113","Préparateur / Préparatrice au drive"
"52","Entreposage et services auxiliaires des transports","489164","N1115","Opérateur / Opératrice logistique"
"52","Entreposage et services auxiliaires des transports","489168","N1116","Inventoriste"
"52","Entreposage et services auxiliaires des transports","505","N1201","Affréteur / Affréteuse"
"52","Entreposage et services auxiliaires des transports","506","N1202","Agent / Agente de transit"
"52","Entreposage et services auxiliaires des transports","488586","N1203","Déclarant / Déclarante en douane"
"52","Entreposage et services auxiliaires des transports","488601","N1204","Coordinateur / Coordinatrice transit en import - export"
"52","Entreposage et services auxiliaires des transports","488741","N1205","Responsable de service transit"
"52","Entreposage et services auxiliaires des transports","488863","N1206","Courtier / Courtière affrètement maritime"
"52","Entreposage et services auxiliaires des transports","489175","N1207","Chef / Cheffe de groupe affrètement"
"52","Entreposage et services auxiliaires des transports","515412","N1209","Technicien / Technicienne logistique"
"52","Entreposage et services auxiliaires des transports","515420","N1210","Logisticien / Logisticienne"
"52","Entreposage et services auxiliaires des transports","507","N1301","Responsable logistique"
"52","Entreposage et services auxiliaires des transports","508","N1302","Responsable entrepôt logistique"
"52","Entreposage et services auxiliaires des transports","509","N1303","Approvisionneur / Approvisionneuse logistique"
"52","Entreposage et services auxiliaires des transports","488588","N1304","Directeur / Directrice logistique"
"52","Entreposage et services auxiliaires des transports","521040","N1306","Coordonnateur / Coordonnatrice de projet logistique humanitaire"
"52","Entreposage et services auxiliaires des transports","515407","N1307","Coordinateur / Coordinatrice logistique ferroviaire"
"52","Entreposage et services auxiliaires des transports","515413","N1308","Responsable expédition - distribution"
"52","Entreposage et services auxiliaires des transports","512","N2201","Agent / Agente d'Escale Commerciale aéroportuaire (AEC)"
"52","Entreposage et services auxiliaires des transports","514","N2203","Agent / Agente d'opérations sur piste"
"52","Entreposage et services auxiliaires des transports","515","N2204","Agent / Agente de trafic aérien"
"52","Entreposage et services auxiliaires des transports","515405","N2209","Superviseur / Superviseuse piste"
"52","Entreposage et services auxiliaires des transports","509657","N2210","Superviseur / Superviseuse d'exploitation aéroportuaire"
"52","Entreposage et services auxiliaires des transports","515450","N2211","Planificateur régulateur vol / Planificatrice régulatrice vol"
"52","Entreposage et services auxiliaires des transports","515432","N3114","Lamaneur / Lamaneuse"
"52","Entreposage et services auxiliaires des transports","520","N3201","Responsable d'exploitation transport maritime"
"52","Entreposage et services auxiliaires des transports","522","N3203","Ouvrier / Ouvrière de manutention portuaire"
"52","Entreposage et services auxiliaires des transports","489062","N3204","Chef / Cheffe d'équipe de manutention portuaire"
"52","Entreposage et services auxiliaires des transports","515386","N3206","Assistant / Assistante d'exploitation de terminal portuaire"
"52","Entreposage et services auxiliaires des transports","515394","N3207","Agent / Agente de port de plaisance"
"52","Entreposage et services auxiliaires des transports","515416","N3208","Grutier Pontier / Grutière pontière portuaire"
"52","Entreposage et services auxiliaires des transports","515424","N3209","Responsable de structure de manutention portuaire"
"52","Entreposage et services auxiliaires des transports","515425","N3210","Assistant / Assistante d'exploitation transport maritime"
"52","Entreposage et services auxiliaires des transports","515449","N3211","Directeur de port / Directrice de port"
"52","Entreposage et services auxiliaires des transports","523","N4101","Conducteur / Conductrice de poids lourd"
"52","Entreposage et services auxiliaires des transports","527","N4105","Conducteur-livreur / Conductrice-livreuse"
"52","Entreposage et services auxiliaires des transports","488626","N4113","Conducteur routier international / Conductrice routière internationale"
"52","Entreposage et services auxiliaires des transports","488739","N4115","Conducteur / Conductrice de véhicules Super Lourds"
"52","Entreposage et services auxiliaires des transports","488777","N4116","Conducteur / Conductrice de transport routier de marchandises dangereuses"
"52","Entreposage et services auxiliaires des transports","488931","N4123","Conducteur livreur installateur / Conductrice livreuse installatrice"
"52","Entreposage et services auxiliaires des transports","488935","N4125","Conducteur / Conductrice de transport routier d'animaux vivants"
"52","Entreposage et services auxiliaires des transports","489224","N4126","Conducteur / Conductrice de transport routier en convoi exceptionnel"
"52","Entreposage et services auxiliaires des transports","530","N4203","Agent / Agente d'exploitation en transport routier de marchandises"
"52","Entreposage et services auxiliaires des transports","509380","N4303","Conducteur / Conductrice d'engins de man½uvre du réseau ferré"
"52","Entreposage et services auxiliaires des transports","509514","N4404","Chef opérateur / Cheffe opératrice des man½uvres du réseau ferré"
"53","Activites de poste et de courrier","518359","C1211","Guichetier vendeur / Guichetière vendeuse"
"53","Activites de poste et de courrier","509508","E1309","Responsable d'atelier de façonnage routage"
"53","Activites de poste et de courrier","476","M1603","Facteur / Factrice"
"53","Activites de poste et de courrier","489012","M1615","Distributeur / Distributrice de prospectus et imprimés"
"53","Activites de poste et de courrier","509416","M1618","Agent / Agente de liaison courrier"
"53","Activites de poste et de courrier","507","N1301","Responsable logistique"
"53","Activites de poste et de courrier","515413","N1308","Responsable expédition - distribution"
"53","Activites de poste et de courrier","526","N4104","Coursier / Coursière"
"53","Activites de poste et de courrier","527","N4105","Conducteur-livreur / Conductrice-livreuse"
"55","Hebergement","509646","D1231","Responsable espace bien-être"
"55","Hebergement","510203","D1242","Linger / Lingère"
"55","Hebergement","488765","G1104","Consultant / Consultante tourisme"
"55","Hebergement","488895","G1107","Hôte / Hôtesse d'accueil et d'animation de croisière"
"55","Hebergement","489216","G1108","Directeur / Directrice de pays d'accueil touristique"
"55","Hebergement","509374","G1235","Animateur / Animatrice de séjour de vacances"
"55","Hebergement","509387","G1236","Animateur / Animatrice de club de vacances"
"55","Hebergement","509764","G1239","Responsable d'animation"
"55","Hebergement","510396","G1241","Directeur / Directrice de centre de séjour de vacances"
"55","Hebergement","518938","G1247","Surveillant / Surveillante d'espaces aquatiques"
"55","Hebergement","189","G1302","Yield manager"
"55","Hebergement","191","G1401","Adjoint / Adjointe de la direction en hôtellerie-restauration"
"55","Hebergement","192","G1402","Directeur / Directrice d'établissement en hôtellerie-restauration"
"55","Hebergement","193","G1403","Responsable de service en établissement touristique"
"55","Hebergement","488600","G1407","Econome en hôtellerie-restauration"
"55","Hebergement","488762","G1408","Directeur / Directrice de structure d'hébergement touristique"
"55","Hebergement","489049","G1410","Directeur / Directrice de la restauration"
"55","Hebergement","489171","G1411","Directeur / Directrice d'hôtel"
"55","Hebergement","489204","G1412","Directeur / Directrice de parc à thème"
"55","Hebergement","509639","G1415","Gérant / Gérante de gîte et chambres d'hôtes"
"55","Hebergement","509931","G1416","Directeur / Directrice d'hôtellerie de plein air"
"55","Hebergement","195","G1501","Employé / Employée d'étage"
"55","Hebergement","196","G1502","Employé / Employée d'hôtel"
"55","Hebergement","197","G1503","Gouvernant / Gouvernante d'étage en hôtellerie"
"55","Hebergement","518489","G1504","Gouvernant général / Gouvernante générale en hôtellerie"
"55","Hebergement","198","G1601","Chef / Cheffe de cuisine"
"55","Hebergement","199","G1602","Commis / Commise de cuisine"
"55","Hebergement","488568","G1609","Cuisinier / Cuisinière"
"55","Hebergement","203","G1701","Concierge d'hôtel"
"55","Hebergement","204","G1702","Bagagiste en établissement hôtelier"
"55","Hebergement","205","G1703","Réceptionniste"
"55","Hebergement","488579","G1704","Agent / Agente de réservation en hôtellerie"
"55","Hebergement","488585","G1705","Chef / Cheffe concierge d'hôtel"
"55","Hebergement","488620","G1706","Chef / Cheffe de réception en hôtellerie"
"55","Hebergement","488891","G1707","Responsable de vestiaire"
"55","Hebergement","489018","G1708","Voiturier / Voiturière"
"55","Hebergement","518924","G1709","Agent / Agente d'accueil et de prévention en camping"
"55","Hebergement","206","G1801","Barman / Barmaid"
"55","Hebergement","207","G1802","Maître / Maîtresse d'hôtel"
"55","Hebergement","209","G1804","Sommelier / Sommelière"
"55","Hebergement","488898","G1806","Chef sommelier / Cheffe sommelière"
"55","Hebergement","488635","G1808","Chef barman / Cheffe barmaid"
"55","Hebergement","488718","G1809","Barista"
"55","Hebergement","519002","I1120","Responsable technique en camping"
"55","Hebergement","309","I1203","Agent / Agente d'entretien du bâtiment"
"55","Hebergement","519352","I1210","Agent de maintenance qualifié / Agente de maintenance qualifiée en camping"
"56","Restauration","82","D1103","Charcutier-traiteur / Charcutière-traiteuse"
"56","Restauration","83","D1104","Pâtissier / Pâtissière"
"56","Restauration","85","D1106","Vendeur / Vendeuse en épicerie"
"56","Restauration","488597","D1108","Chef boulanger / Cheffe boulangère"
"56","Restauration","509393","D1111","Chef / Cheffe de laboratoire en charcuterie"
"56","Restauration","509520","D1112","Chef charcutier-traiteur / Cheffe charcutière-traiteuse"
"56","Restauration","510138","D1115","Chocolatier / Chocolatière"
"56","Restauration","510011","D1117","Chef pâtissier / Cheffe pâtissière"
"56","Restauration","510047","D1118","Glacier / Glacière"
"56","Restauration","191","G1401","Adjoint / Adjointe de la direction en hôtellerie-restauration"
"56","Restauration","192","G1402","Directeur / Directrice d'établissement en hôtellerie-restauration"
"56","Restauration","193","G1403","Responsable de service en établissement touristique"
"56","Restauration","194","G1404","Responsable d'établissement de restauration collective"
"56","Restauration","488600","G1407","Econome en hôtellerie-restauration"
"56","Restauration","488762","G1408","Directeur / Directrice de structure d'hébergement touristique"
"56","Restauration","488899","G1409","Manager en restauration rapide"
"56","Restauration","489049","G1410","Directeur / Directrice de la restauration"
"56","Restauration","489171","G1411","Directeur / Directrice d'hôtel"
"56","Restauration","489205","G1413","Directeur / Directrice de restaurant"
"56","Restauration","198","G1601","Chef / Cheffe de cuisine"
"56","Restauration","199","G1602","Commis / Commise de cuisine"
"56","Restauration","200","G1603","Equipier polyvalent / Equipière polyvalente de restauration rapide"
"56","Restauration","201","G1604","Pizzaïolo / Pizzaïola"
"56","Restauration","202","G1605","Plongeur officier / Plongeuse officière de cuisine"
"56","Restauration","404039","G1606","Cuisinier / Cuisinière de collectivité"
"56","Restauration","404040","G1607","Employé / Employée de restauration collective"
"56","Restauration","404540","G1608","Ecailler / Ecaillère"
"56","Restauration","488568","G1609","Cuisinier / Cuisinière"
"56","Restauration","488580","G1610","Pâtissier / Pâtissière de restaurant"
"56","Restauration","489173","G1611","Steward / Hôtesse de train"
"56","Restauration","509392","G1612","Crêpier / Crêpière"
"56","Restauration","510306","G1613","Restaurateur ambulant / Restauratrice ambulante"
"56","Restauration","206","G1801","Barman / Barmaid"
"56","Restauration","207","G1802","Maître / Maîtresse d'hôtel"
"56","Restauration","208","G1803","Serveur / Serveuse en restauration"
"56","Restauration","209","G1804","Sommelier / Sommelière"
"56","Restauration","489037","G1805","Gérant / Gérante de café, bar-brasserie"
"56","Restauration","488898","G1806","Chef sommelier / Cheffe sommelière"
"56","Restauration","488582","G1807","Gérant / Gérante de bar-tabac"
"56","Restauration","488635","G1808","Chef barman / Cheffe barmaid"
"56","Restauration","488718","G1809","Barista"
"56","Restauration","488861","G1810","Chef / Cheffe de rang"
"56","Restauration","489181","H1308","Animateur / Animatrice en Hygiène Sécurité Environnement (HSE)"
"56","Restauration","488931","N4123","Conducteur livreur installateur / Conductrice livreuse installatrice"
"58","Edition","518982","D1250","Libraire"
"58","Edition","120","E1102","Auteur / Auteure"
"58","Edition","123","E1105","Editeur / Editrice"
"58","Edition","124","E1106","Journaliste"
"58","Edition","126","E1108","Traducteur / Traductrice"
"58","Edition","488749","E1110","Directeur / Directrice de la rédaction"
"58","Edition","488921","E1112","Chargé / Chargée de communication"
"58","Edition","509400","E1114","Reporter / Reportrice"
"58","Edition","509653","E1115","Chef / Cheffe de projet jeux vidéo"
"58","Edition","509668","E1116","Responsable d'édition en presse"
"58","Edition","510053","E1118","Présentateur / Présentatrice journaliste"
"58","Edition","510255","E1122","Transcripteur adaptateur / Transcriptrice adaptatrice"
"58","Edition","510429","E1125","Concepteur / Conceptrice de jeux vidéo"
"58","Edition","521028","E1130","Chargé / Chargée d'édition musicale graphique"
"58","Edition","520262","E1132","Directeur éditorial / Directrice éditoriale"
"58","Edition","134","E1303","Chef / Cheffe de fabrication en industrie graphique"
"58","Edition","136","E1305","Préparateur-correcteur / Préparatrice-correctrice en industrie graphique"
"58","Edition","139","E1308","Technicien / Technicienne des industries graphiques"
"58","Edition","510250","E1312","Lecteur-correcteur / Lectrice-correctrice"
"58","Edition","520208","K1611","Iconographe"
"58","Edition","509819","K2411","Musicologue"
"58","Edition","520489","L1314","Chargé / Chargée de programme"
"58","Edition","520496","L1317","Directeur / Directrice de casting"
"58","Edition","521023","L1319","Directeur / Directrice artistique éditions de musique et phonographique"
"58","Edition","521024","L1320","Directeur / Directrice de label"
"58","Edition","454","L1508","Ingénieur / Ingénieure du son"
"58","Edition","521032","M1227","Gestionnaire de droits et de redevance"
"58","Edition","521020","M1434","Développeur / Développeuse d'audience"
"58","Edition","521022","M1435","Chargé de tracking vérificateur / Chargée de tracking vérificatrice"
"58","Edition","521019","M1721","Chef / Cheffe de projet édition phonographique"
"58","Edition","521021","M1722","Chargé / Chargée de cession de droits, synchro"
"58","Edition","488750","M1825","Coordinateur / Coordinatrice de production web"
"58","Edition","489017","M1844","Responsable des études et applications informatiques"
"59","Production de films cinematographiques, de video et de programmes de television, enregistrement sonore et edition musicale","520491","E1134","Scénariste"
"59","Production de films cinematographiques, de video et de programmes de television, enregistrement sonore et edition musicale","128","E1202","Opérateur / Opératrice de laboratoire cinématographique"
"59","Production de films cinematographiques, de video et de programmes de television, enregistrement sonore et edition musicale","488782","E1207","Motion designer"
"59","Production de films cinematographiques, de video et de programmes de television, enregistrement sonore et edition musicale","519542","E1213","Responsable technique de la projection"
"59","Production de films cinematographiques, de video et de programmes de television, enregistrement sonore et edition musicale","519595","E1214","Superviseur / Superviseuse de production virtuelle"
"59","Production de films cinematographiques, de video et de programmes de television, enregistrement sonore et edition musicale","512360","E1408","Responsable trafic création"
"59","Production de films cinematographiques, de video et de programmes de television, enregistrement sonore et edition musicale","512358","E1414","Chargé / Chargée de diffusion publicitaire"
"59","Production de films cinematographiques, de video et de programmes de television, enregistrement sonore et edition musicale","512359","E1415","Directeur / Directrice de la production publicitaire"
"59","Production de films cinematographiques, de video et de programmes de television, enregistrement sonore et edition musicale","519419","G1248","Agent / Agente d'accueil en cinéma"
"59","Production de films cinematographiques, de video et de programmes de television, enregistrement sonore et edition musicale","519434","G1249","Responsable de hall de cinéma"
"59","Production de films cinematographiques, de video et de programmes de television, enregistrement sonore et edition musicale","520208","K1611","Iconographe"
"59","Production de films cinematographiques, de video et de programmes de television, enregistrement sonore et edition musicale","437","L1103","Animateur / Animatrice d'antenne"
"59","Production de films cinematographiques, de video et de programmes de television, enregistrement sonore et edition musicale","440","L1203","Comédien / Comédienne"
"59","Production de films cinematographiques, de video et de programmes de television, enregistrement sonore et edition musicale","488789","L1207","Cascadeur / Cascadeuse"
"59","Production de films cinematographiques, de video et de programmes de television, enregistrement sonore et edition musicale","509934","L1210","Orchestrateur / Orchestratrice"
"59","Production de films cinematographiques, de video et de programmes de television, enregistrement sonore et edition musicale","442","L1301","Metteur / Metteuse en scène"
"59","Production de films cinematographiques, de video et de programmes de television, enregistrement sonore et edition musicale","443","L1302","Producteur / Productrice audiovisuel et cinéma"
"59","Production de films cinematographiques, de video et de programmes de television, enregistrement sonore et edition musicale","445","L1304","Assistant réalisateur / Assistante réalisatrice"
"59","Production de films cinematographiques, de video et de programmes de television, enregistrement sonore et edition musicale","489569","L1305","Directeur / Directrice artistique spectacle"
"59","Production de films cinematographiques, de video et de programmes de television, enregistrement sonore et edition musicale","509920","L1306","Réalisateur / Réalisatrice audiovisuel"
"59","Production de films cinematographiques, de video et de programmes de television, enregistrement sonore et edition musicale","510394","L1307","Assistant / Assistante mise en scène"
"59","Production de films cinematographiques, de video et de programmes de television, enregistrement sonore et edition musicale","510423","L1308","Directeur / Directrice de production audiovisuelle et cinéma"
"59","Production de films cinematographiques, de video et de programmes de television, enregistrement sonore et edition musicale","513849","L1309","Coordinateur / Coordinatrice d'intimité"
"59","Production de films cinematographiques, de video et de programmes de television, enregistrement sonore et edition musicale","520012","L1313","Programmateur / Programmatrice salle de cinéma"
"59","Production de films cinematographiques, de video et de programmes de television, enregistrement sonore et edition musicale","520489","L1314","Chargé / Chargée de programme"
"59","Production de films cinematographiques, de video et de programmes de television, enregistrement sonore et edition musicale","520492","L1315","Documentariste"
"59","Production de films cinematographiques, de video et de programmes de television, enregistrement sonore et edition musicale","520494","L1316","Conducteur / Conductrice d'antenne"
"59","Production de films cinematographiques, de video et de programmes de television, enregistrement sonore et edition musicale","520496","L1317","Directeur / Directrice de casting"
"59","Production de films cinematographiques, de video et de programmes de television, enregistrement sonore et edition musicale","520498","L1318","Scripte de programmes audiovisuels"
"59","Production de films cinematographiques, de video et de programmes de television, enregistrement sonore et edition musicale","521023","L1319","Directeur / Directrice artistique éditions de musique et phonographique"
"59","Production de films cinematographiques, de video et de programmes de television, enregistrement sonore et edition musicale","521024","L1320","Directeur / Directrice de label"
"59","Production de films cinematographiques, de video et de programmes de television, enregistrement sonore et edition musicale","447","L1501","Maquilleur / Maquilleuse spectacle"
"59","Production de films cinematographiques, de video et de programmes de television, enregistrement sonore et edition musicale","448","L1502","Costumier / Costumière"
"59","Production de films cinematographiques, de video et de programmes de television, enregistrement sonore et edition musicale","449","L1503","Accessoiriste"
"59","Production de films cinematographiques, de video et de programmes de television, enregistrement sonore et edition musicale","451","L1505","Opérateur / Opératrice de prise de vues"
"59","Production de films cinematographiques, de video et de programmes de television, enregistrement sonore et edition musicale","453","L1507","Monteur / Monteuse vidéo"
"59","Production de films cinematographiques, de video et de programmes de television, enregistrement sonore et edition musicale","39022","L1510","Animateur / Animatrice 2D 3D - films d'animation"
"59","Production de films cinematographiques, de video et de programmes de television, enregistrement sonore et edition musicale","488715","L1511","Technicien / Technicienne spectacle en site de divertissement"
"59","Production de films cinematographiques, de video et de programmes de television, enregistrement sonore et edition musicale","489065","L1512","Régisseur / Régisseuse de spectacles"
"59","Production de films cinematographiques, de video et de programmes de television, enregistrement sonore et edition musicale","489172","L1513","Scénographe"
"59","Production de films cinematographiques, de video et de programmes de television, enregistrement sonore et edition musicale","510478","L1514","Chef opérateur / Cheffe opératrice image"
"59","Production de films cinematographiques, de video et de programmes de television, enregistrement sonore et edition musicale","509649","L1515","Technicien / Technicienne plateau"
"59","Production de films cinematographiques, de video et de programmes de television, enregistrement sonore et edition musicale","510281","L1516","Coiffeur / Coiffeuse spectacle"
"59","Production de films cinematographiques, de video et de programmes de television, enregistrement sonore et edition musicale","509678","L1517","Chef coiffeur / Cheffe coiffeuse spectacle"
"59","Production de films cinematographiques, de video et de programmes de television, enregistrement sonore et edition musicale","509776","L1518","Chef habilleur / Cheffe habilleuse"
"59","Production de films cinematographiques, de video et de programmes de television, enregistrement sonore et edition musicale","510259","L1519","Technicien / Technicienne vidéo"
"59","Production de films cinematographiques, de video et de programmes de television, enregistrement sonore et edition musicale","509826","L1520","Concepteur / Conceptrice de costumes"
"59","Production de films cinematographiques, de video et de programmes de television, enregistrement sonore et edition musicale","510191","L1521","Chef / Cheffe accessoiriste"
"59","Production de films cinematographiques, de video et de programmes de television, enregistrement sonore et edition musicale","510046","L1522","Opérateur / Opératrice d'effets visuels physiques audiovisuel et cinéma"
"59","Production de films cinematographiques, de video et de programmes de television, enregistrement sonore et edition musicale","509676","L1524","Chef décorateur / Cheffe décoratrice spectacle"
"59","Production de films cinematographiques, de video et de programmes de television, enregistrement sonore et edition musicale","510175","L1526","Régisseur / Régisseuse de scène"
"59","Production de films cinematographiques, de video et de programmes de television, enregistrement sonore et edition musicale","510180","L1527","Chef constructeur / Cheffe constructrice en décors"
"59","Production de films cinematographiques, de video et de programmes de television, enregistrement sonore et edition musicale","521032","M1227","Gestionnaire de droits et de redevance"
"59","Production de films cinematographiques, de video et de programmes de television, enregistrement sonore et edition musicale","521020","M1434","Développeur / Développeuse d'audience"
"59","Production de films cinematographiques, de video et de programmes de television, enregistrement sonore et edition musicale","521022","M1435","Chargé de tracking vérificateur / Chargée de tracking vérificatrice"
"59","Production de films cinematographiques, de video et de programmes de television, enregistrement sonore et edition musicale","512365","M1719","Chargé / Chargée des relations avec les influenceurs"
"59","Production de films cinematographiques, de video et de programmes de television, enregistrement sonore et edition musicale","521019","M1721","Chef / Cheffe de projet édition phonographique"
"59","Production de films cinematographiques, de video et de programmes de television, enregistrement sonore et edition musicale","489039","N2206","Pilote de drone"
"6","Extraction d'hydrocarbures","509414","F1128","Géotechnicien / Géotechnicienne"
"6","Extraction d'hydrocarbures","509417","F1129","Ingénieur / Ingénieure réservoir"
"6","Extraction d'hydrocarbures","510268","F1143","Géophysicien / Géophysicienne"
"6","Extraction d'hydrocarbures","518675","F1211","Responsable d'exploitation de gisements pétrole et gaz"
"6","Extraction d'hydrocarbures","518680","F1212","Ingénieur / Ingénieure d'exploitation de gisements"
"6","Extraction d'hydrocarbures","515419","F1403","Foreur / Foreuse pétrole et gaz"
"6","Extraction d'hydrocarbures","519487","F1404","Technicien / Technicienne de forage pétrole et gaz"
"60","Programmation et diffusion","123","E1105","Editeur / Editrice"
"60","Programmation et diffusion","124","E1106","Journaliste"
"60","Programmation et diffusion","488749","E1110","Directeur / Directrice de la rédaction"
"60","Programmation et diffusion","509400","E1114","Reporter / Reportrice"
"60","Programmation et diffusion","510053","E1118","Présentateur / Présentatrice journaliste"
"60","Programmation et diffusion","130","E1204","Technicien / Technicienne d'exploitation cinématographique"
"60","Programmation et diffusion","519542","E1213","Responsable technique de la projection"
"60","Programmation et diffusion","519419","G1248","Agent / Agente d'accueil en cinéma"
"60","Programmation et diffusion","509781","G1418","Directeur / Directrice de salle de cinéma"
"60","Programmation et diffusion","488789","L1207","Cascadeur / Cascadeuse"
"60","Programmation et diffusion","445","L1304","Assistant réalisateur / Assistante réalisatrice"
"60","Programmation et diffusion","509920","L1306","Réalisateur / Réalisatrice audiovisuel"
"60","Programmation et diffusion","510423","L1308","Directeur / Directrice de production audiovisuelle et cinéma"
"60","Programmation et diffusion","520012","L1313","Programmateur / Programmatrice salle de cinéma"
"60","Programmation et diffusion","520492","L1315","Documentariste"
"60","Programmation et diffusion","520494","L1316","Conducteur / Conductrice d'antenne"
"60","Programmation et diffusion","520496","L1317","Directeur / Directrice de casting"
"60","Programmation et diffusion","520498","L1318","Scripte de programmes audiovisuels"
"60","Programmation et diffusion","451","L1505","Opérateur / Opératrice de prise de vues"
"60","Programmation et diffusion","510478","L1514","Chef opérateur / Cheffe opératrice image"
"61","Telecommunications","489030","F1623","Monteur / Monteuse installation réseaux mobiles"
"61","Telecommunications","488902","I1104","Ingénieur / Ingénieure infrastructures télécoms réseaux mobiles"
"61","Telecommunications","489085","I1106","Responsable de maintenance réseaux des territoires connectés"
"61","Telecommunications","316","I1307","Antenniste"
"61","Telecommunications","488292","I1311","Technicien / Technicienne installation réseaux câblés fibre optique"
"61","Telecommunications","488332","I1312","Technicien / Technicienne réseaux mobiles"
"61","Telecommunications","488747","I1314","Monteur installateur / Monteuse installatrice d'équipements connectés"
"61","Telecommunications","488869","I1315","Monteur raccordeur / Monteuse raccordeuse fibre optique"
"61","Telecommunications","488900","I1317","Technicien / Technicienne de maintenance fibre optique"
"61","Telecommunications","489191","I1319","Technicien / Technicienne de maintenance réseaux mobiles"
"61","Telecommunications","489206","I1320","Technicien / Technicienne de maintenance d'équipements connectés"
"61","Telecommunications","510403","I1330","Technicien / Technicienne d'installation de centrales téléphoniques"
"61","Telecommunications","509771","I1407","Réparateur / Réparatrice en produits de télécommunication et multimédia"
"61","Telecommunications","488927","M1614","Standardiste"
"61","Telecommunications","493","M1804","Ingénieur / Ingénieure télécoms et environnement"
"61","Telecommunications","496","M1807","Spécialiste outils, systèmes d'exploitation, réseaux et télécoms"
"61","Telecommunications","488603","M1816","Technicien / Technicienne réseaux informatiques et télécoms"
"61","Telecommunications","488707","M1819","Technicien / Technicienne en cybersécurité"
"61","Telecommunications","488753","M1826","Ingénieur / Ingénieure supervision IT Datacenter"
"61","Telecommunications","488772","M1829","Ingénieur / Ingénieure systèmes et réseaux des territoires connectés"
"61","Telecommunications","488785","M1830","Administrateur / Administratrice réseaux - télécoms"
"61","Telecommunications","488890","M1835","Architecte systèmes et réseaux des territoires connectés"
"61","Telecommunications","488917","M1840","Directeur / Directrice de projets des territoires connectés"
"61","Telecommunications","489026","M1846","Ingénieur / Ingénieure Cybersécurité Datacenter"
"61","Telecommunications","489078","M1854","Chef / Cheffe de projet réseau fixe et mobile"
"61","Telecommunications","489174","M1857","Urbaniste Datacenter"
"61","Telecommunications","489217","M1862","Responsable d'exploitation fibre optique"
"61","Telecommunications","510404","M1885","Responsable télécoms"
"61","Telecommunications","521029","M1896","Analyste cycle de vie dans les télécoms"
"62","Programmation, conseil et autres activites informatiques","109","D1408","Conseiller / Conseillère clientèle à distance"
"62","Programmation, conseil et autres activites informatiques","488879","D1416","Commercial / Commerciale auprès d'une clientèle d'entreprises"
"62","Programmation, conseil et autres activites informatiques","119","E1101","Community manager"
"62","Programmation, conseil et autres activites informatiques","509653","E1115","Chef / Cheffe de projet jeux vidéo"
"62","Programmation, conseil et autres activites informatiques","510429","E1125","Concepteur / Conceptrice de jeux vidéo"
"62","Programmation, conseil et autres activites informatiques","404036","E1206","UX - UI Designer"
"62","Programmation, conseil et autres activites informatiques","488782","E1207","Motion designer"
"62","Programmation, conseil et autres activites informatiques","510604","E1210","Web designer"
"62","Programmation, conseil et autres activites informatiques","519595","E1214","Superviseur / Superviseuse de production virtuelle"
"62","Programmation, conseil et autres activites informatiques","510420","E1410","Responsable programmatique"
"62","Programmation, conseil et autres activites informatiques","210","H1101","Ingénieur / Ingénieure support technique"
"62","Programmation, conseil et autres activites informatiques","488627","H1106","Responsable support technique clients"
"62","Programmation, conseil et autres activites informatiques","489015","H1107","Directeur / Directrice assistance technique"
"62","Programmation, conseil et autres activites informatiques","219","H1208","Automaticien / Automaticienne en bureau d'études"
"62","Programmation, conseil et autres activites informatiques","488271","H1212","Ingénieur / Ingénieure brevet en industrie"
"62","Programmation, conseil et autres activites informatiques","488316","H1218","Responsable de projet recherche et développement"
"62","Programmation, conseil et autres activites informatiques","489085","I1106","Responsable de maintenance réseaux des territoires connectés"
"62","Programmation, conseil et autres activites informatiques","312","I1303","Technicien / Technicienne de maintenance de distributeurs automatiques"
"62","Programmation, conseil et autres activites informatiques","489206","I1320","Technicien / Technicienne de maintenance d'équipements connectés"
"62","Programmation, conseil et autres activites informatiques","509918","I1333","Chef / Cheffe d'équipe d'installation industrielle"
"62","Programmation, conseil et autres activites informatiques","320","I1401","Technicien / Technicienne de maintenance en informatique"
"62","Programmation, conseil et autres activites informatiques","488349","I1403","Technicien / Technicienne Datacenter"
"62","Programmation, conseil et autres activites informatiques","489033","I1404","Conseiller / Conseillère support technique informatique"
"62","Programmation, conseil et autres activites informatiques","489195","I1405","Administrateur / Administratrice bureautique"
"62","Programmation, conseil et autres activites informatiques","509360","I1406","Superviseur / Superviseuse hot line en informatique"
"62","Programmation, conseil et autres activites informatiques","510037","I1409","Agent / Agente de maintenance en bureautique"
"62","Programmation, conseil et autres activites informatiques","488864","K2408","Mathématicien / Mathématicienne"
"62","Programmation, conseil et autres activites informatiques","453","L1507","Monteur / Monteuse vidéo"
"62","Programmation, conseil et autres activites informatiques","510594","M1305","Fablab Manager"
"62","Programmation, conseil et autres activites informatiques","404047","M1405","Data scientist"
"62","Programmation, conseil et autres activites informatiques","510245","M1423","Chief Data Officer"
"62","Programmation, conseil et autres activites informatiques","510019","M1426","Chief digital officer - Responsable de la transformation digitale"
"62","Programmation, conseil et autres activites informatiques","510431","M1717","Responsable innovation"
"62","Programmation, conseil et autres activites informatiques","490","M1801","Administrateur / Administratrice de systèmes d'information (SI)"
"62","Programmation, conseil et autres activites informatiques","491","M1802","Expert / Experte systèmes et réseaux informatiques"
"62","Programmation, conseil et autres activites informatiques","492","M1803","Directeur / Directrice des systèmes d'information (DSI)"
"62","Programmation, conseil et autres activites informatiques","494","M1805","Développeur / Développeuse informatique"
"62","Programmation, conseil et autres activites informatiques","495","M1806","Consultant fonctionnel / Consultante fonctionnelle des systèmes d'information"
"62","Programmation, conseil et autres activites informatiques","496","M1807","Spécialiste outils, systèmes d'exploitation, réseaux et télécoms"
"62","Programmation, conseil et autres activites informatiques","499","M1810","Technicien / Technicienne d'exploitation informatique"
"62","Programmation, conseil et autres activites informatiques","404048","M1811","Data engineer"
"62","Programmation, conseil et autres activites informatiques","404049","M1812","Responsable de la Sécurité des Systèmes d'Information (RSSI)"
"62","Programmation, conseil et autres activites informatiques","404050","M1813","Intégrateur / Intégratrice logiciels métiers"
"62","Programmation, conseil et autres activites informatiques","488329","M1814","Scrum Master"
"62","Programmation, conseil et autres activites informatiques","488576","M1815","Spécialiste test et validation logiciel ou application"
"62","Programmation, conseil et autres activites informatiques","488603","M1816","Technicien / Technicienne réseaux informatiques et télécoms"
"62","Programmation, conseil et autres activites informatiques","488636","M1817","Administrateur / Administratrice sécurité informatique"
"62","Programmation, conseil et autres activites informatiques","488641","M1818","Ingénieur / Ingénieure d'étude informatique"
"62","Programmation, conseil et autres activites informatiques","488707","M1819","Technicien / Technicienne en cybersécurité"
"62","Programmation, conseil et autres activites informatiques","488713","M1820","Expert / Experte méthodes et qualité informatique"
"62","Programmation, conseil et autres activites informatiques","488716","M1821","Analyste d'application informatique"
"62","Programmation, conseil et autres activites informatiques","488717","M1822","Spécialiste Jumeau Numérique"
"62","Programmation, conseil et autres activites informatiques","488748","M1824","Développeur / Développeuse décisionnel - Business Intelligence"
"62","Programmation, conseil et autres activites informatiques","488753","M1826","Ingénieur / Ingénieure supervision IT Datacenter"
"62","Programmation, conseil et autres activites informatiques","488754","M1827","Ingénieur / Ingénieure DevOps"
"62","Programmation, conseil et autres activites informatiques","488768","M1828","Chef de projet / Cheffe de projet (Project Management Officer)"
"62","Programmation, conseil et autres activites informatiques","488772","M1829","Ingénieur / Ingénieure systèmes et réseaux des territoires connectés"
"62","Programmation, conseil et autres activites informatiques","488785","M1830","Administrateur / Administratrice réseaux - télécoms"
"62","Programmation, conseil et autres activites informatiques","488786","M1831","Développeur / Développeuse - jeux vidéo"
"62","Programmation, conseil et autres activites informatiques","488865","M1832","Homologateur / Homologatrice fonctionnel de logiciel"
"62","Programmation, conseil et autres activites informatiques","488877","M1833","Ingénieur / Ingénieure sécurité web"
"62","Programmation, conseil et autres activites informatiques","488888","M1834","Administrateur / Administratrice de site internet"
"62","Programmation, conseil et autres activites informatiques","488890","M1835","Architecte systèmes et réseaux des territoires connectés"
"62","Programmation, conseil et autres activites informatiques","488894","M1836","Ingénieur concepteur / Ingénieure conceptrice informatique"
"62","Programmation, conseil et autres activites informatiques","488904","M1837","Développeur / Développeuse multimédia"
"62","Programmation, conseil et autres activites informatiques","488905","M1838","Urbaniste des systèmes d'information"
"62","Programmation, conseil et autres activites informatiques","488909","M1839","Architecte systèmes et réseaux"
"62","Programmation, conseil et autres activites informatiques","488917","M1840","Directeur / Directrice de projets des territoires connectés"
"62","Programmation, conseil et autres activites informatiques","488922","M1841","Ingénieur informaticien / Ingénieure informaticienne"
"62","Programmation, conseil et autres activites informatiques","488933","M1842","Qualiticien / Qualiticienne logiciel en informatique"
"62","Programmation, conseil et autres activites informatiques","489009","M1843","Administrateur / Administratrice de serveurs"
"62","Programmation, conseil et autres activites informatiques","489017","M1844","Responsable des études et applications informatiques"
"62","Programmation, conseil et autres activites informatiques","489023","M1845","Architecte IoT - Internet des Objets"
"62","Programmation, conseil et autres activites informatiques","489026","M1846","Ingénieur / Ingénieure Cybersécurité Datacenter"
"62","Programmation, conseil et autres activites informatiques","489035","M1847","Expert / Experte en communication et réseaux"
"62","Programmation, conseil et autres activites informatiques","489055","M1848","Analyste Concepteur / Conceptrice informatique"
"62","Programmation, conseil et autres activites informatiques","489061","M1849","Administrateur / Administratrice de messagerie"
"62","Programmation, conseil et autres activites informatiques","489066","M1850","Architecte multimédias interactifs"
"62","Programmation, conseil et autres activites informatiques","489072","M1852","Analyste d'étude informatique"
"62","Programmation, conseil et autres activites informatiques","489073","M1853","Chef / Cheffe de projet étude et développement informatique"
"62","Programmation, conseil et autres activites informatiques","489078","M1854","Chef / Cheffe de projet réseau fixe et mobile"
"62","Programmation, conseil et autres activites informatiques","489081","M1855","Développeur / Développeuse web"
"62","Programmation, conseil et autres activites informatiques","489082","M1856","Expert / Experte en cybersécurité"
"62","Programmation, conseil et autres activites informatiques","489174","M1857","Urbaniste Datacenter"
"62","Programmation, conseil et autres activites informatiques","489179","M1858","Chef / Cheffe de projet TMA - Tierce Maintenance Applicative"
"62","Programmation, conseil et autres activites informatiques","489188","M1859","Chef / Cheffe de projet maîtrise d'½uvre informatique"
"62","Programmation, conseil et autres activites informatiques","489199","M1860","Architecte cloud"
"62","Programmation, conseil et autres activites informatiques","489209","M1861","Développeur / Développeuse logiciel ou d'application"
"62","Programmation, conseil et autres activites informatiques","489217","M1862","Responsable d'exploitation fibre optique"
"62","Programmation, conseil et autres activites informatiques","489218","M1863","Evaluateur / Evaluatrice sécurité des systèmes et produits informatiques"
"62","Programmation, conseil et autres activites informatiques","510638","M1864","Product Owner"
"62","Programmation, conseil et autres activites informatiques","509517","M1865","Ingénieur / Ingénieure blockchain"
"62","Programmation, conseil et autres activites informatiques","509541","M1866","Pentesteur / Pentesteuse"
"62","Programmation, conseil et autres activites informatiques","509549","M1867","Responsable des systèmes d'information (SI)"
"62","Programmation, conseil et autres activites informatiques","509550","M1868","Architecte base de données"
"62","Programmation, conseil et autres activites informatiques","509658","M1869","Gestionnaire de parc informatique"
"62","Programmation, conseil et autres activites informatiques","509688","M1870","Directeur / Directrice de projet en informatique"
"62","Programmation, conseil et autres activites informatiques","509700","M1871","Gestionnaire d'applications système d'information"
"62","Programmation, conseil et autres activites informatiques","509762","M1872","Consultant décisionnel / Consultante décisionnelle - Business Intelligence"
"62","Programmation, conseil et autres activites informatiques","509919","M1873","Spécialiste IA embarquée"
"62","Programmation, conseil et autres activites informatiques","509943","M1874","Spécialiste support"
"62","Programmation, conseil et autres activites informatiques","510033","M1875","Coordinateur / Coordinatrice Maitrise d'Ouvrage Système d'Information (MOA SI)"
"62","Programmation, conseil et autres activites informatiques","510039","M1876","Technicien / Technicienne Cloud"
"62","Programmation, conseil et autres activites informatiques","510055","M1877","Développeur / Développeuse blockchain"
"62","Programmation, conseil et autres activites informatiques","510166","M1878","Responsable de la production informatique"
"62","Programmation, conseil et autres activites informatiques","510169","M1879","Ingénieur / Ingénieure Cloud computing"
"62","Programmation, conseil et autres activites informatiques","510247","M1880","Spécialiste e-santé"
"62","Programmation, conseil et autres activites informatiques","510260","M1881","Chef / Cheffe de projet Maîtrise d'Ouvrage des Systèmes d'Information (MOA)"
"62","Programmation, conseil et autres activites informatiques","510289","M1882","Architecte sécurité informatique"
"62","Programmation, conseil et autres activites informatiques","510315","M1883","Analyste SOC (Security Operations Center)"
"62","Programmation, conseil et autres activites informatiques","510317","M1884","Ingénieur / Ingénieure systèmes, réseaux et sécurité informatique"
"62","Programmation, conseil et autres activites informatiques","510415","M1886","Chef / Cheffe de projet Web"
"62","Programmation, conseil et autres activites informatiques","510419","M1887","Product builder no code"
"62","Programmation, conseil et autres activites informatiques","510440","M1889","Ingénieur / Ingénieure en Intelligence Artificielle (IA)"
"62","Programmation, conseil et autres activites informatiques","510450","M1892","Ingénieur / Ingénieure en informatique embarquée"
"63","Services d'information","119","E1101","Community manager"
"63","Services d'information","122","E1104","Concepteur / Conceptrice de contenus multimedia"
"63","Services d'information","123","E1105","Editeur / Editrice"
"63","Services d'information","124","E1106","Journaliste"
"63","Services d'information","403088","E1109","Directeur / Directrice de la communication"
"63","Services d'information","488749","E1110","Directeur / Directrice de la rédaction"
"63","Services d'information","509400","E1114","Reporter / Reportrice"
"63","Services d'information","509668","E1116","Responsable d'édition en presse"
"63","Services d'information","510053","E1118","Présentateur / Présentatrice journaliste"
"63","Services d'information","515383","E1131","Chargé / Chargée de plaidoyer"
"63","Services d'information","520262","E1132","Directeur éditorial / Directrice éditoriale"
"63","Services d'information","510209","E1406","Influenceur / Influenceuse web"
"63","Services d'information","510298","E1407","Traffic manager"
"63","Services d'information","488349","I1403","Technicien / Technicienne Datacenter"
"63","Services d'information","510063","K2139","Chargé / Chargée de bilan professionnel"
"63","Services d'information","404047","M1405","Data scientist"
"63","Services d'information","509531","M1419","Data analyst"
"63","Services d'information","510245","M1423","Chief Data Officer"
"63","Services d'information","488873","M1716","Directeur / Directrice marketing digital"
"63","Services d'information","510431","M1717","Responsable innovation"
"63","Services d'information","510434","M1718","Chargé / Chargée de marketing digital"
"63","Services d'information","490","M1801","Administrateur / Administratrice de systèmes d'information (SI)"
"63","Services d'information","496","M1807","Spécialiste outils, systèmes d'exploitation, réseaux et télécoms"
"63","Services d'information","404048","M1811","Data engineer"
"63","Services d'information","488329","M1814","Scrum Master"
"63","Services d'information","488576","M1815","Spécialiste test et validation logiciel ou application"
"63","Services d'information","488641","M1818","Ingénieur / Ingénieure d'étude informatique"
"63","Services d'information","488707","M1819","Technicien / Technicienne en cybersécurité"
"63","Services d'information","488716","M1821","Analyste d'application informatique"
"63","Services d'information","488717","M1822","Spécialiste Jumeau Numérique"
"63","Services d'information","488748","M1824","Développeur / Développeuse décisionnel - Business Intelligence"
"63","Services d'information","488750","M1825","Coordinateur / Coordinatrice de production web"
"63","Services d'information","488754","M1827","Ingénieur / Ingénieure DevOps"
"63","Services d'information","488786","M1831","Développeur / Développeuse - jeux vidéo"
"63","Services d'information","488865","M1832","Homologateur / Homologatrice fonctionnel de logiciel"
"63","Services d'information","488894","M1836","Ingénieur concepteur / Ingénieure conceptrice informatique"
"63","Services d'information","489017","M1844","Responsable des études et applications informatiques"
"63","Services d'information","489067","M1851","Analyste décisionnel - Business Intelligence"
"63","Services d'information","489072","M1852","Analyste d'étude informatique"
"63","Services d'information","510465","M1894","Gestionnaire de base de données"
"63","Services d'information","488604","N4110","Releveur / Releveuse de compteurs"
"64","Activites des services financiers, hors assurance et caisses de retraite","63","C1109","Gestionnaire en assurances"
"64","Activites des services financiers, hors assurance et caisses de retraite","518347","C1128","Rédacteur / Rédactrice règlement assurances"
"64","Activites des services financiers, hors assurance et caisses de retraite","65","C1201","Chargé / Chargée d'accueil et de services clientèle bancaire"
"64","Activites des services financiers, hors assurance et caisses de retraite","66","C1202","Analyste de crédits et risques bancaires"
"64","Activites des services financiers, hors assurance et caisses de retraite","67","C1203","Chargé / Chargée d'affaires bancaires"
"64","Activites des services financiers, hors assurance et caisses de retraite","68","C1204","Gestionnaire de produits bancaires"
"64","Activites des services financiers, hors assurance et caisses de retraite","69","C1205","Conseiller / Conseillère en gestion de patrimoine"
"64","Activites des services financiers, hors assurance et caisses de retraite","70","C1206","Conseiller / Conseillère de clientèle bancaire"
"64","Activites des services financiers, hors assurance et caisses de retraite","71","C1207","Directeur / Directrice d'agence bancaire"
"64","Activites des services financiers, hors assurance et caisses de retraite","403084","C1208","Courtier / Courtière en banque"
"64","Activites des services financiers, hors assurance et caisses de retraite","518357","C1210","Vendeur / Vendeuse en devises"
"64","Activites des services financiers, hors assurance et caisses de retraite","518361","C1212","Conseiller / Conseillère à distance de banque"
"64","Activites des services financiers, hors assurance et caisses de retraite","518407","C1213","Directeur / Directrice d'organisme de crédit"
"64","Activites des services financiers, hors assurance et caisses de retraite","518414","C1214","Chargé / Chargée d'études crédits bancaires"
"64","Activites des services financiers, hors assurance et caisses de retraite","518475","C1215","Contrôleur / Contrôleuse de banque"
"64","Activites des services financiers, hors assurance et caisses de retraite","518479","C1216","Rédacteur / Rédactrice Banque de France"
"64","Activites des services financiers, hors assurance et caisses de retraite","518498","C1217","Conseiller commercial / Conseillère commerciale de banque"
"64","Activites des services financiers, hors assurance et caisses de retraite","72","C1301","Trader"
"64","Activites des services financiers, hors assurance et caisses de retraite","73","C1302","Gestionnaire des opérations sur les marchés financiers"
"64","Activites des services financiers, hors assurance et caisses de retraite","74","C1303","Responsable de portefeuille financier"
"64","Activites des services financiers, hors assurance et caisses de retraite","518553","C1304","Gestionnaire d'organisme de placement collectif en valeurs mobilières -OPCVM-"
"64","Activites des services financiers, hors assurance et caisses de retraite","518554","C1305","Opérateur / Opératrice sur marchés financiers"
"64","Activites des services financiers, hors assurance et caisses de retraite","75","C1401","Agent administratif / Agente administrative banque ou assurance"
"64","Activites des services financiers, hors assurance et caisses de retraite","518635","C1403","Cadre technique de la banque"
"64","Activites des services financiers, hors assurance et caisses de retraite","488930","I1105","Responsable de maintenance et d'exploitation"
"64","Activites des services financiers, hors assurance et caisses de retraite","512362","I1322","Technicien / Technicienne de maintenance des automates bancaires"
"64","Activites des services financiers, hors assurance et caisses de retraite","386","K1503","Contrôleur / Contrôleuse des impôts"
"64","Activites des services financiers, hors assurance et caisses de retraite","387","K1504","Percepteur / Perceptrice des impôts et du Trésor Public"
"64","Activites des services financiers, hors assurance et caisses de retraite","509669","K1510","Contrôleur / Contrôleuse du Trésor public"
"64","Activites des services financiers, hors assurance et caisses de retraite","509890","K1511","Inspecteur / Inspectrice des impôts"
"64","Activites des services financiers, hors assurance et caisses de retraite","489169","K1908","Responsable de service contentieux et recouvrement"
"64","Activites des services financiers, hors assurance et caisses de retraite","510013","K1910","Commissaire à la Cour des comptes"
"64","Activites des services financiers, hors assurance et caisses de retraite","458","M1201","Analyste financier / Analyste financière"
"64","Activites des services financiers, hors assurance et caisses de retraite","462","M1205","Directeur administratif et financier / Directrice administrative et financière (DAF)"
"64","Activites des services financiers, hors assurance et caisses de retraite","464","M1207","Trésorier / Trésorière"
"64","Activites des services financiers, hors assurance et caisses de retraite","509798","M1219","Conseiller / Conseillère en fusion et acquisition"
"64","Activites des services financiers, hors assurance et caisses de retraite","509824","M1221","Responsable financement de projet"
"64","Activites des services financiers, hors assurance et caisses de retraite","509898","M1223","Chef / Cheffe des services administratifs et financiers"
"64","Activites des services financiers, hors assurance et caisses de retraite","510034","M1224","Economiste financier / Economiste financière"
"64","Activites des services financiers, hors assurance et caisses de retraite","509355","M1226","Responsable investissements"
"64","Activites des services financiers, hors assurance et caisses de retraite","509556","M1228","Gestionnaire de risques financiers"
"64","Activites des services financiers, hors assurance et caisses de retraite","512366","N1208","Opérateur / Opératrice de traitement de valeurs"
"65","Assurance","55","C1101","Chargé / Chargée de produit en assurances"
"65","Assurance","56","C1102","Conseiller commercial / Conseillère commerciale et relation client en assurances"
"65","Assurance","57","C1103","Courtier / Courtière en assurance"
"65","Assurance","58","C1104","Responsable d'agence en assurances"
"65","Assurance","59","C1105","Actuaire en assurances"
"65","Assurance","60","C1106","Expert / Experte risques en assurances"
"65","Assurance","61","C1107","Chargé / Chargée d'indemnisations en assurances"
"65","Assurance","62","C1108","Responsable de département en assurances"
"65","Assurance","63","C1109","Gestionnaire en assurances"
"65","Assurance","64","C1110","Souscripteur / Souscriptrice en assurances"
"65","Assurance","404510","C1111","Mandataire en assurance"
"65","Assurance","404511","C1112","Agent général / Agente générale d'assurance"
"65","Assurance","489048","C1113","Expert / Experte en assurances dommages automobile"
"65","Assurance","515427","C1114","Assureur / Assureuse maritime"
"65","Assurance","518236","C1115","Conseiller retraite / Conseillère retraite"
"65","Assurance","518239","C1116","Chargé / Chargée de clientèle centre d'appels en assurances"
"65","Assurance","518252","C1118","Responsable de secteur en assurances"
"65","Assurance","518253","C1119","Chargé / Chargée d'affaires en assurances"
"65","Assurance","518278","C1120","Conseiller / Conseillère en études actuarielles"
"65","Assurance","518280","C1121","Inspecteur / Inspectrice des assurances"
"65","Assurance","518310","C1124","Technicien / Technicienne sécurité sociale"
"65","Assurance","518324","C1127","Expert / Experte à distance sinistres et dommages en assurances"
"65","Assurance","518347","C1128","Rédacteur / Rédactrice règlement assurances"
"65","Assurance","518543","C1129","Responsable grands comptes assurances"
"65","Assurance","519631","C1130","Gestionnaire en protection sociale"
"65","Assurance","70","C1206","Conseiller / Conseillère de clientèle bancaire"
"65","Assurance","510029","C1209","Spécialiste de la vérification client"
"65","Assurance","75","C1401","Agent administratif / Agente administrative banque ou assurance"
"65","Assurance","518595","C1402","Agent / Agente technique des régimes de retraite complémentaire et de prévoyance"
"65","Assurance","109","D1408","Conseiller / Conseillère clientèle à distance"
"65","Assurance","488721","M1823","Consultant / Consultante avant-vente"
"66","Activites auxiliaires de services financiers et d'assurance","55","C1101","Chargé / Chargée de produit en assurances"
"66","Activites auxiliaires de services financiers et d'assurance","56","C1102","Conseiller commercial / Conseillère commerciale et relation client en assurances"
"66","Activites auxiliaires de services financiers et d'assurance","57","C1103","Courtier / Courtière en assurance"
"66","Activites auxiliaires de services financiers et d'assurance","58","C1104","Responsable d'agence en assurances"
"66","Activites auxiliaires de services financiers et d'assurance","59","C1105","Actuaire en assurances"
"66","Activites auxiliaires de services financiers et d'assurance","60","C1106","Expert / Experte risques en assurances"
"66","Activites auxiliaires de services financiers et d'assurance","61","C1107","Chargé / Chargée d'indemnisations en assurances"
"66","Activites auxiliaires de services financiers et d'assurance","62","C1108","Responsable de département en assurances"
"66","Activites auxiliaires de services financiers et d'assurance","63","C1109","Gestionnaire en assurances"
"66","Activites auxiliaires de services financiers et d'assurance","64","C1110","Souscripteur / Souscriptrice en assurances"
"66","Activites auxiliaires de services financiers et d'assurance","404510","C1111","Mandataire en assurance"
"66","Activites auxiliaires de services financiers et d'assurance","404511","C1112","Agent général / Agente générale d'assurance"
"66","Activites auxiliaires de services financiers et d'assurance","518239","C1116","Chargé / Chargée de clientèle centre d'appels en assurances"
"66","Activites auxiliaires de services financiers et d'assurance","518252","C1118","Responsable de secteur en assurances"
"66","Activites auxiliaires de services financiers et d'assurance","518253","C1119","Chargé / Chargée d'affaires en assurances"
"66","Activites auxiliaires de services financiers et d'assurance","518278","C1120","Conseiller / Conseillère en études actuarielles"
"66","Activites auxiliaires de services financiers et d'assurance","518280","C1121","Inspecteur / Inspectrice des assurances"
"66","Activites auxiliaires de services financiers et d'assurance","518291","C1122","Contrôleur / Contrôleuse prestations de la sécurité sociale"
"66","Activites auxiliaires de services financiers et d'assurance","518308","C1123","Chef / Cheffe de service de la sécurité sociale"
"66","Activites auxiliaires de services financiers et d'assurance","518318","C1125","Responsable gestion des sinistres"
"66","Activites auxiliaires de services financiers et d'assurance","518324","C1127","Expert / Experte à distance sinistres et dommages en assurances"
"66","Activites auxiliaires de services financiers et d'assurance","518347","C1128","Rédacteur / Rédactrice règlement assurances"
"66","Activites auxiliaires de services financiers et d'assurance","518543","C1129","Responsable grands comptes assurances"
"66","Activites auxiliaires de services financiers et d'assurance","65","C1201","Chargé / Chargée d'accueil et de services clientèle bancaire"
"66","Activites auxiliaires de services financiers et d'assurance","69","C1205","Conseiller / Conseillère en gestion de patrimoine"
"66","Activites auxiliaires de services financiers et d'assurance","70","C1206","Conseiller / Conseillère de clientèle bancaire"
"66","Activites auxiliaires de services financiers et d'assurance","71","C1207","Directeur / Directrice d'agence bancaire"
"66","Activites auxiliaires de services financiers et d'assurance","403084","C1208","Courtier / Courtière en banque"
"66","Activites auxiliaires de services financiers et d'assurance","518357","C1210","Vendeur / Vendeuse en devises"
"66","Activites auxiliaires de services financiers et d'assurance","518359","C1211","Guichetier vendeur / Guichetière vendeuse"
"66","Activites auxiliaires de services financiers et d'assurance","518361","C1212","Conseiller / Conseillère à distance de banque"
"66","Activites auxiliaires de services financiers et d'assurance","518475","C1215","Contrôleur / Contrôleuse de banque"
"66","Activites auxiliaires de services financiers et d'assurance","518479","C1216","Rédacteur / Rédactrice Banque de France"
"66","Activites auxiliaires de services financiers et d'assurance","518498","C1217","Conseiller commercial / Conseillère commerciale de banque"
"66","Activites auxiliaires de services financiers et d'assurance","72","C1301","Trader"
"66","Activites auxiliaires de services financiers et d'assurance","73","C1302","Gestionnaire des opérations sur les marchés financiers"
"66","Activites auxiliaires de services financiers et d'assurance","74","C1303","Responsable de portefeuille financier"
"66","Activites auxiliaires de services financiers et d'assurance","518553","C1304","Gestionnaire d'organisme de placement collectif en valeurs mobilières -OPCVM-"
"66","Activites auxiliaires de services financiers et d'assurance","518554","C1305","Opérateur / Opératrice sur marchés financiers"
"66","Activites auxiliaires de services financiers et d'assurance","75","C1401","Agent administratif / Agente administrative banque ou assurance"
"66","Activites auxiliaires de services financiers et d'assurance","518595","C1402","Agent / Agente technique des régimes de retraite complémentaire et de prévoyance"
"66","Activites auxiliaires de services financiers et d'assurance","518635","C1403","Cadre technique de la banque"
"66","Activites auxiliaires de services financiers et d'assurance","109","D1408","Conseiller / Conseillère clientèle à distance"
"66","Activites auxiliaires de services financiers et d'assurance","459","M1202","Auditeur comptable et financier / Auditrice comptable et financière"
"68","Activites immobilieres","76","C1501","Gestionnaire de copropriété"
"68","Activites immobilieres","77","C1502","Chargé / Chargée de gestion locative en immobilier"
"68","Activites immobilieres","78","C1503","Chargé / Chargée d'affaires immobilières"
"68","Activites immobilieres","79","C1504","Conseiller / Conseillère immobilier"
"68","Activites immobilieres","403085","C1505","Responsable d'agence immobilière"
"68","Activites immobilieres","489040","C1506","Responsable de projet immobilier"
"68","Activites immobilieres","519689","C1507","Chargé / Chargée de recouvrement immobilier"
"68","Activites immobilieres","520067","C1508","Assistant / Assistante de gestion syndic immobilier"
"68","Activites immobilieres","510458","F1133","Chargé / Chargée d'affaires foncières"
"68","Activites immobilieres","488930","I1105","Responsable de maintenance et d'exploitation"
"68","Activites immobilieres","309","I1203","Agent / Agente d'entretien du bâtiment"
"68","Activites immobilieres","510311","K1815","Chargé / Chargée de mission ""Villes et Territoires Durables"""
"68","Activites immobilieres","400","K1901","Notaire"
"68","Activites immobilieres","428","K2501","Gardien / Gardienne d'immeuble"
"69","Activites juridiques et comptables","515427","C1114","Assureur / Assureuse maritime"
"69","Activites juridiques et comptables","69","C1205","Conseiller / Conseillère en gestion de patrimoine"
"69","Activites juridiques et comptables","519689","C1507","Chargé / Chargée de recouvrement immobilier"
"69","Activites juridiques et comptables","488284","H1509","Responsable des affaires règlementaires en industrie pharmaceutique"
"69","Activites juridiques et comptables","488352","H1519","Responsable éthique-déontologie-conformité en industrie pharmaceutique"
"69","Activites juridiques et comptables","365","K1102","Mandataire judiciaire à la protection des majeurs (MJPM)"
"69","Activites juridiques et comptables","387","K1504","Percepteur / Perceptrice des impôts et du Trésor Public"
"69","Activites juridiques et comptables","388","K1505","Inspecteur / Inspectrice des douanes"
"69","Activites juridiques et comptables","510301","K1509","Adjoint / Adjointe de contrôle de la concurrence, de la consommation et de la répression des fraudes"
"69","Activites juridiques et comptables","509669","K1510","Contrôleur / Contrôleuse du Trésor public"
"69","Activites juridiques et comptables","400","K1901","Notaire"
"69","Activites juridiques et comptables","401","K1902","Clerc de notaire"
"69","Activites juridiques et comptables","402","K1903","Juriste"
"69","Activites juridiques et comptables","403","K1904","Juge"
"69","Activites juridiques et comptables","488574","K1905","Huissier / Huissière de justice"
"69","Activites juridiques et comptables","488602","K1906","Délégué / Déléguée à la protection des données - Data Protection Officer"
"69","Activites juridiques et comptables","488737","K1907","Commissaire-priseur / Commissaire-priseure"
"69","Activites juridiques et comptables","489169","K1908","Responsable de service contentieux et recouvrement"
"69","Activites juridiques et comptables","510190","K1909","Greffier / Greffière"
"69","Activites juridiques et comptables","510013","K1910","Commissaire à la Cour des comptes"
"69","Activites juridiques et comptables","509350","K1911","Fiscaliste"
"69","Activites juridiques et comptables","515381","K1912","Formaliste"
"69","Activites juridiques et comptables","510262","K1913","Médiateur / Médiatrice judiciaire"
"69","Activites juridiques et comptables","509909","K1914","Responsable de service juridique"
"69","Activites juridiques et comptables","510042","K1915","Avocat / Avocate"
"69","Activites juridiques et comptables","510152","K1916","Mandataire de justice"
"69","Activites juridiques et comptables","459","M1202","Auditeur comptable et financier / Auditrice comptable et financière"
"69","Activites juridiques et comptables","460","M1203","Comptable"
"69","Activites juridiques et comptables","461","M1204","Contrôleur / Contrôleuse de gestion"
"69","Activites juridiques et comptables","462","M1205","Directeur administratif et financier / Directrice administrative et financière (DAF)"
"69","Activites juridiques et comptables","463","M1206","Responsable comptabilité"
"69","Activites juridiques et comptables","464","M1207","Trésorier / Trésorière"
"69","Activites juridiques et comptables","488629","M1208","Directeur / Directrice du contrôle de gestion"
"69","Activites juridiques et comptables","488910","M1209","Conseiller / Conseillère en gestion"
"69","Activites juridiques et comptables","489196","M1210","Commissaire aux comptes"
"69","Activites juridiques et comptables","510639","M1211","Expert-comptable / Experte-comptable"
"69","Activites juridiques et comptables","509521","M1213","Assistant / Assistante comptable"
"69","Activites juridiques et comptables","509538","M1214","Négociateur / Négociatrice en devises"
"69","Activites juridiques et comptables","509553","M1215","Contrôleur comptable et financier / Contrôleuse comptable et financière"
"69","Activites juridiques et comptables","509822","M1220","Credit manager"
"69","Activites juridiques et comptables","510267","M1225","Aide-comptable"
"69","Activites juridiques et comptables","488773","M1507","Gestionnaire paie"
"69","Activites juridiques et comptables","481","M1608","Secrétaire comptable"
"69","Activites juridiques et comptables","488746","M1611","Secrétaire Facturier / Facturière"
"69","Activites juridiques et comptables","488787","M1612","Assistant / Assistante de service juridique"
"7","Extraction de minerais metalliques","280","H2903","Usineur / Usineuse"
"70","Activites des sieges sociaux, conseil de gestion","510270","A1312","Directeur / Directrice environnement"
"70","Activites des sieges sociaux, conseil de gestion","510436","A1313","Chargé / Chargée de mission environnement"
"70","Activites des sieges sociaux, conseil de gestion","510029","C1209","Spécialiste de la vérification client"
"70","Activites des sieges sociaux, conseil de gestion","106","D1405","Conseiller / Conseillère en information médicale"
"70","Activites des sieges sociaux, conseil de gestion","107","D1406","Directeur / Directrice des ventes"
"70","Activites des sieges sociaux, conseil de gestion","488326","D1414","Responsable de zone internationale"
"70","Activites des sieges sociaux, conseil de gestion","510211","D1443","Chargé / Chargée d'assistance"
"70","Activites des sieges sociaux, conseil de gestion","121","E1103","Chargé / Chargée des relations publiques"
"70","Activites des sieges sociaux, conseil de gestion","403088","E1109","Directeur / Directrice de la communication"
"70","Activites des sieges sociaux, conseil de gestion","488921","E1112","Chargé / Chargée de communication"
"70","Activites des sieges sociaux, conseil de gestion","510598","E1124","Social media manager - Responsable des médias sociaux"
"70","Activites des sieges sociaux, conseil de gestion","510441","E1127","Brand content manager"
"70","Activites des sieges sociaux, conseil de gestion","510443","E1128","Directeur / Directrice de création"
"70","Activites des sieges sociaux, conseil de gestion","510449","E1129","Directeur / Directrice artistique communication"
"70","Activites des sieges sociaux, conseil de gestion","515383","E1131","Chargé / Chargée de plaidoyer"
"70","Activites des sieges sociaux, conseil de gestion","520415","E1133","Attaché parlementaire / Attachée parlementaire"
"70","Activites des sieges sociaux, conseil de gestion","509504","E1403","Consultant / Consultante média"
"70","Activites des sieges sociaux, conseil de gestion","509820","E1405","Référenceur / Référenceuse web"
"70","Activites des sieges sociaux, conseil de gestion","510209","E1406","Influenceur / Influenceuse web"
"70","Activites des sieges sociaux, conseil de gestion","510458","F1133","Chargé / Chargée d'affaires foncières"
"70","Activites des sieges sociaux, conseil de gestion","189","G1302","Yield manager"
"70","Activites des sieges sociaux, conseil de gestion","218","H1207","Rédacteur / Rédactrice technique"
"70","Activites des sieges sociaux, conseil de gestion","509699","H1234","Responsable de service de rédaction technique"
"70","Activites des sieges sociaux, conseil de gestion","519923","H1313","Ingénieur / Ingénieure sécurité incendie"
"70","Activites des sieges sociaux, conseil de gestion","404542","H1507","Chargé / Chargée des affaires réglementaires"
"70","Activites des sieges sociaux, conseil de gestion","366","K1103","Conseiller / Conseillère en développement personnel"
"70","Activites des sieges sociaux, conseil de gestion","399","K1802","Chargé / Chargée de développement économique et local"
"70","Activites des sieges sociaux, conseil de gestion","509511","K1803","Animateur / Animatrice de développement régional"
"70","Activites des sieges sociaux, conseil de gestion","457","M1102","Directeur / Directrice des achats"
"70","Activites des sieges sociaux, conseil de gestion","461","M1204","Contrôleur / Contrôleuse de gestion"
"70","Activites des sieges sociaux, conseil de gestion","464","M1207","Trésorier / Trésorière"
"70","Activites des sieges sociaux, conseil de gestion","488629","M1208","Directeur / Directrice du contrôle de gestion"
"70","Activites des sieges sociaux, conseil de gestion","488910","M1209","Conseiller / Conseillère en gestion"
"70","Activites des sieges sociaux, conseil de gestion","510639","M1211","Expert-comptable / Experte-comptable"
"70","Activites des sieges sociaux, conseil de gestion","510433","M1216","Secrétaire général / Secrétaire générale"
"70","Activites des sieges sociaux, conseil de gestion","509791","M1218","Directeur / Directrice de l'environnement de travail"
"70","Activites des sieges sociaux, conseil de gestion","509822","M1220","Credit manager"
"70","Activites des sieges sociaux, conseil de gestion","509824","M1221","Responsable financement de projet"
"70","Activites des sieges sociaux, conseil de gestion","509880","M1222","Assistant / Assistante de contrôle budgétaire"
"70","Activites des sieges sociaux, conseil de gestion","509898","M1223","Chef / Cheffe des services administratifs et financiers"
"70","Activites des sieges sociaux, conseil de gestion","465","M1301","Dirigeant / Dirigeante d'entreprise privée"
"70","Activites des sieges sociaux, conseil de gestion","466","M1302","Responsable de Petite ou Moyenne Entreprise -PME-"
"70","Activites des sieges sociaux, conseil de gestion","509930","M1303","Directeur / Directrice de filiale"
"70","Activites des sieges sociaux, conseil de gestion","510248","M1304","Directeur / Directrice d'unité de services au public"
"70","Activites des sieges sociaux, conseil de gestion","468","M1402","Responsable en organisation en entreprise"
"70","Activites des sieges sociaux, conseil de gestion","469","M1403","Chargé / Chargée d'études socio-économiques"
"70","Activites des sieges sociaux, conseil de gestion","488287","M1406","Responsable RSE (Responsabilité Sociétale de l'Entreprise)"
"70","Activites des sieges sociaux, conseil de gestion","488639","M1409","Ingénieur / Ingénieure économiste en entreprise"
"70","Activites des sieges sociaux, conseil de gestion","488729","M1410","Responsable Green IT"
"70","Activites des sieges sociaux, conseil de gestion","488756","M1411","Consultant / Consultante en énergie renouvelable"
"70","Activites des sieges sociaux, conseil de gestion","488936","M1413","Chargé / Chargée de mission RSE - Responsabilité Sociétale de l'Entreprise"
"70","Activites des sieges sociaux, conseil de gestion","509391","M1415","Auditeur social / Auditrice sociale"
"70","Activites des sieges sociaux, conseil de gestion","509399","M1416","Animateur / Animatrice qualité services"
"70","Activites des sieges sociaux, conseil de gestion","509408","M1417","Intervenant / Intervenante en Prévention des Risques Professionnels - IPRP"
"70","Activites des sieges sociaux, conseil de gestion","509536","M1420","Responsable en intelligence économique"
"70","Activites des sieges sociaux, conseil de gestion","509641","M1422","Directeur / Directrice d'études socio-économiques"
"70","Activites des sieges sociaux, conseil de gestion","509806","M1424","Consultant / Consultante en intelligence économique"
"70","Activites des sieges sociaux, conseil de gestion","510041","M1427","Animateur / Animatrice de réseau d'entreprises"
"70","Activites des sieges sociaux, conseil de gestion","510195","M1428","Directeur / Directrice qualité services"
"70","Activites des sieges sociaux, conseil de gestion","510146","M1429","Consultant / Consultante en management"
"70","Activites des sieges sociaux, conseil de gestion","510157","M1430","Chargé / Chargée d'études commerciales"
"70","Activites des sieges sociaux, conseil de gestion","515441","M1431","Chargé / Chargée de partenariat"
"70","Activites des sieges sociaux, conseil de gestion","518248","M1432","Office manager"
"70","Activites des sieges sociaux, conseil de gestion","471","M1501","Assistant / Assistante Ressources Humaines (RH)"
"70","Activites des sieges sociaux, conseil de gestion","473","M1503","Directeur / Directrice des Ressources Humaines (DRH)"
"70","Activites des sieges sociaux, conseil de gestion","488324","M1505","Chargé / Chargée de formation en entreprise"
"70","Activites des sieges sociaux, conseil de gestion","488773","M1507","Gestionnaire paie"
"70","Activites des sieges sociaux, conseil de gestion","509375","M1508","Conseiller / Conseillère en gestion de carrière"
"70","Activites des sieges sociaux, conseil de gestion","510401","M1509","Responsable paie et administration du personnel"
"70","Activites des sieges sociaux, conseil de gestion","509677","M1510","Chargé / Chargée de mission RH diversité handicap"
"70","Activites des sieges sociaux, conseil de gestion","509763","M1511","Responsable Qualité de Vie au Travail"
"70","Activites des sieges sociaux, conseil de gestion","510197","M1512","Directeur / Directrice des relations sociales"
"70","Activites des sieges sociaux, conseil de gestion","477","M1604","Assistant / Assistante de direction"
"70","Activites des sieges sociaux, conseil de gestion","488746","M1611","Secrétaire Facturier / Facturière"
"70","Activites des sieges sociaux, conseil de gestion","484","M1702","Planneur / Planneuse stratégique"
"70","Activites des sieges sociaux, conseil de gestion","485","M1703","Chef / Cheffe de produit"
"70","Activites des sieges sociaux, conseil de gestion","487","M1705","Responsable marketing"
"70","Activites des sieges sociaux, conseil de gestion","489","M1707","Responsable du développement commercial"
"70","Activites des sieges sociaux, conseil de gestion","488310","M1711","Directeur / Directrice du marketing"
"70","Activites des sieges sociaux, conseil de gestion","488738","M1715","Directeur commercial / Directrice commerciale"
"70","Activites des sieges sociaux, conseil de gestion","488873","M1716","Directeur / Directrice marketing digital"
"70","Activites des sieges sociaux, conseil de gestion","510434","M1718","Chargé / Chargée de marketing digital"
"70","Activites des sieges sociaux, conseil de gestion","520176","M1720","Category Manager Responsable (CATMAN)"
"70","Activites des sieges sociaux, conseil de gestion","489020","N1305","Ingénieur / Ingénieure logistique"
"71","Activites d'architecture et d'ingenierie, activites de controle et analyses techniques","488634","A1206","Concepteur / Conceptrice paysagiste"
"71","Activites d'architecture et d'ingenierie, activites de controle et analyses techniques","515384","A1314","Halieute"
"71","Activites d'architecture et d'ingenierie, activites de controle et analyses techniques","515385","A1315","Technicien / Technicienne naturaliste"
"71","Activites d'architecture et d'ingenierie, activites de controle et analyses techniques","518742","A1323","Ornithologue"
"71","Activites d'architecture et d'ingenierie, activites de controle et analyses techniques","509566","B1702","Technicien / Technicienne en ostéologie-moulage"
"71","Activites d'architecture et d'ingenierie, activites de controle et analyses techniques","78","C1503","Chargé / Chargée d'affaires immobilières"
"71","Activites d'architecture et d'ingenierie, activites de controle et analyses techniques","142","F1101","Architecte du bâtiment"
"71","Activites d'architecture et d'ingenierie, activites de controle et analyses techniques","143","F1102","Architecte d'intérieur"
"71","Activites d'architecture et d'ingenierie, activites de controle et analyses techniques","144","F1103","Diagnostiqueur / Diagnostiqueuse immobilier"
"71","Activites d'architecture et d'ingenierie, activites de controle et analyses techniques","147","F1106","Ingénieur / Ingénieure d'études de prix BTP"
"71","Activites d'architecture et d'ingenierie, activites de controle et analyses techniques","148","F1107","Géomètre"
"71","Activites d'architecture et d'ingenierie, activites de controle et analyses techniques","149","F1108","Métreur / Métreuse de la construction"
"71","Activites d'architecture et d'ingenierie, activites de controle et analyses techniques","403075","F1109","Assistant / Assistante géomètre"
"71","Activites d'architecture et d'ingenierie, activites de controle et analyses techniques","403079","F1110","Dessinateur / Dessinatrice enveloppe du bâtiment"
"71","Activites d'architecture et d'ingenierie, activites de controle et analyses techniques","403089","F1111","Ingénieur / Ingénieure génie civil"
"71","Activites d'architecture et d'ingenierie, activites de controle et analyses techniques","403090","F1112","Ingénieur / Ingénieure calcul et structure"
"71","Activites d'architecture et d'ingenierie, activites de controle et analyses techniques","404537","F1113","Responsable énergie"
"71","Activites d'architecture et d'ingenierie, activites de controle et analyses techniques","404538","F1114","Conseiller / Conseillère en rénovation énergétique"
"71","Activites d'architecture et d'ingenierie, activites de controle et analyses techniques","488590","F1117","Ingénieur / Ingénieure d'étude CVC"
"71","Activites d'architecture et d'ingenierie, activites de controle et analyses techniques","488623","F1120","Economiste de la construction"
"71","Activites d'architecture et d'ingenierie, activites de controle et analyses techniques","488637","F1121","Architecte du patrimoine national"
"71","Activites d'architecture et d'ingenierie, activites de controle et analyses techniques","488897","F1124","Hydrologue"
"71","Activites d'architecture et d'ingenierie, activites de controle et analyses techniques","489011","F1125","BIM Manager"
"71","Activites d'architecture et d'ingenierie, activites de controle et analyses techniques","489182","F1126","Assistant / Assistante maîtrise d'½uvre en architecture"
"71","Activites d'architecture et d'ingenierie, activites de controle et analyses techniques","509406","F1127","Architecte-urbaniste"
"71","Activites d'architecture et d'ingenierie, activites de controle et analyses techniques","509494","F1130","Contrôleur / Contrôleuse technique de la construction (CTC)"
"71","Activites d'architecture et d'ingenierie, activites de controle et analyses techniques","509539","F1132","Acousticien / Acousticienne du bâtiment"
"71","Activites d'architecture et d'ingenierie, activites de controle et analyses techniques","509808","F1134","Domoticien / Domoticienne"
"71","Activites d'architecture et d'ingenierie, activites de controle et analyses techniques","510056","F1137","Chargé / Chargée de méthodes BTP"
"71","Activites d'architecture et d'ingenierie, activites de controle et analyses techniques","510153","F1138","Géothermicien / Géothermicienne"
"71","Activites d'architecture et d'ingenierie, activites de controle et analyses techniques","510159","F1139","Décorateur / Décoratrice d'intérieur"
"71","Activites d'architecture et d'ingenierie, activites de controle et analyses techniques","510177","F1141","Ingénieur / Ingénieure études conception électrique"
"71","Activites d'architecture et d'ingenierie, activites de controle et analyses techniques","515417","F1144","Architecte naval / Architecte navale"
"71","Activites d'architecture et d'ingenierie, activites de controle et analyses techniques","518590","F1146","Géomètre expert / Géomètre experte"
"71","Activites d'architecture et d'ingenierie, activites de controle et analyses techniques","153","F1204","Animateur / Animatrice QSE - Qualité Sécurité Environnement BTP"
"71","Activites d'architecture et d'ingenierie, activites de controle et analyses techniques","213","H1202","Dessinateur / Dessinatrice en électricité-électronique"
"71","Activites d'architecture et d'ingenierie, activites de controle et analyses techniques","220","H1209","Technicien / Technicienne en électricité et électronique études et développement"
"71","Activites d'architecture et d'ingenierie, activites de controle et analyses techniques","509358","H1227","Maquettiste en électronique"
"71","Activites d'architecture et d'ingenierie, activites de controle et analyses techniques","510276","H1228","Chef de groupe projeteur / Cheffe de groupe projeteuse en électricité-électronique"
"71","Activites d'architecture et d'ingenierie, activites de controle et analyses techniques","509817","H1236","Dessinateur-projeteur / Dessinatrice-projeteuse en électricité-électronique"
"71","Activites d'architecture et d'ingenierie, activites de controle et analyses techniques","510075","H1237","Ingénieur / Ingénieure énergies renouvelables"
"71","Activites d'architecture et d'ingenierie, activites de controle et analyses techniques","510028","H1239","Technicien / Technicienne bureau d'études écoconception"
"71","Activites d'architecture et d'ingenierie, activites de controle et analyses techniques","222","H1301","Inspecteur / Inspectrice de conformité"
"71","Activites d'architecture et d'ingenierie, activites de controle et analyses techniques","488285","H1304","Responsable Hygiène Sécurité Environnement (HSE) en industrie"
"71","Activites d'architecture et d'ingenierie, activites de controle et analyses techniques","229","H1501","Responsable de laboratoire d'analyse industrielle"
"71","Activites d'architecture et d'ingenierie, activites de controle et analyses techniques","230","H1502","Responsable qualité en industrie"
"71","Activites d'architecture et d'ingenierie, activites de controle et analyses techniques","231","H1503","Technicien / Technicienne de laboratoire d'analyse industrielle"
"71","Activites d'architecture et d'ingenierie, activites de controle et analyses techniques","232","H1504","Contrôleur / Contrôleuse technique en électricité-électronique"
"71","Activites d'architecture et d'ingenierie, activites de controle et analyses techniques","233","H1505","Nez"
"71","Activites d'architecture et d'ingenierie, activites de controle et analyses techniques","234","H1506","Contrôleur / Contrôleuse technique en métallurgie"
"71","Activites d'architecture et d'ingenierie, activites de controle et analyses techniques","488278","H1508","Assureur / Assureuse qualité industrie"
"71","Activites d'architecture et d'ingenierie, activites de controle et analyses techniques","509345","H1523","Responsable Qualité Sécurité Environnement -QSE- en industrie"
"71","Activites d'architecture et d'ingenierie, activites de controle et analyses techniques","509526","H1524","Chef / Cheffe de projet contrôle qualité"
"71","Activites d'architecture et d'ingenierie, activites de controle et analyses techniques","509528","H1525","Biologiste de contrôle fabrication en industrie"
"71","Activites d'architecture et d'ingenierie, activites de controle et analyses techniques","509637","H1526","Technicien / Technicienne qualité-surveillance d'installations industrielles"
"71","Activites d'architecture et d'ingenierie, activites de controle et analyses techniques","509670","H1527","Responsable de sécurité industrielle"
"71","Activites d'architecture et d'ingenierie, activites de controle et analyses techniques","509786","H1528","Technicien / Technicienne qualité en industrie"
"71","Activites d'architecture et d'ingenierie, activites de controle et analyses techniques","509879","H1529","Chargé / Chargée de matériovigilance"
"71","Activites d'architecture et d'ingenierie, activites de controle et analyses techniques","510069","H1530","Technicien / Technicienne de la qualité de l'eau"
"71","Activites d'architecture et d'ingenierie, activites de controle et analyses techniques","510271","H1531","Opérateur / Opératrice de laboratoire d'analyse industrielle"
"71","Activites d'architecture et d'ingenierie, activites de controle et analyses techniques","510305","H1532","Responsable de contrôle non destructif en industrie"
"71","Activites d'architecture et d'ingenierie, activites de controle et analyses techniques","510457","H1533","Ingénieur / Ingénieure CND END"
"71","Activites d'architecture et d'ingenierie, activites de controle et analyses techniques","510637","H1534","Ingénieur / Ingénieure d'analyse industrielle"
"71","Activites d'architecture et d'ingenierie, activites de controle et analyses techniques","519905","H1535","Technicien / Technicienne qualité produit et métrologie en mécanique et travail des métaux"
"71","Activites d'architecture et d'ingenierie, activites de controle et analyses techniques","245","H2209","Dessinateur / Dessinatrice de structures en bois"
"71","Activites d'architecture et d'ingenierie, activites de controle et analyses techniques","311","I1302","Technicien / Technicienne de maintenance d'installations automatisées"
"71","Activites d'architecture et d'ingenierie, activites de controle et analyses techniques","488605","I1313","Hydraulicien industriel / Hydraulicienne industrielle"
"71","Activites d'architecture et d'ingenierie, activites de controle et analyses techniques","509702","I1328","Conseiller / Conseillère en hydraulique agricole"
"71","Activites d'architecture et d'ingenierie, activites de controle et analyses techniques","324","I1503","Technicien / Technicienne en risques technologiques"
"71","Activites d'architecture et d'ingenierie, activites de controle et analyses techniques","519930","I1514","Technicien / Technicienne en dépollution"
"71","Activites d'architecture et d'ingenierie, activites de controle et analyses techniques","488791","I1617","Contrôleur / Contrôleuse technique de véhicules"
"71","Activites d'architecture et d'ingenierie, activites de controle et analyses techniques","522279","K1740","Expert / Experte en opérations spatiales militaires"
"71","Activites d'architecture et d'ingenierie, activites de controle et analyses techniques","509672","K1806","Chargé / Chargée de développement social et urbain"
"71","Activites d'architecture et d'ingenierie, activites de controle et analyses techniques","509794","K1807","Urbaniste"
"71","Activites d'architecture et d'ingenierie, activites de controle et analyses techniques","515415","M1306","Directeur / Directrice de bureau d'étude de la biodiversité"
"71","Activites d'architecture et d'ingenierie, activites de controle et analyses techniques","489020","N1305","Ingénieur / Ingénieure logistique"
"71","Activites d'architecture et d'ingenierie, activites de controle et analyses techniques","489039","N2206","Pilote de drone"
"72","Recherche-developpement scientifique","9","A1203","Agent / Agente d'entretien des espaces verts"
"72","Recherche-developpement scientifique","489042","A1211","Chef / Cheffe d'équipe paysagiste"
"72","Recherche-developpement scientifique","515388","A1216","Responsable de site naturel protégé"
"72","Recherche-developpement scientifique","14","A1303","Ingénieur / Ingénieure d'études et de recherche agricoles"
"72","Recherche-developpement scientifique","509636","A1306","Chargé / Chargée d'étude naturaliste"
"72","Recherche-developpement scientifique","509640","A1307","Ingénieur forestier / Ingénieure forestière"
"72","Recherche-developpement scientifique","510436","A1313","Chargé / Chargée de mission environnement"
"72","Recherche-developpement scientifique","515384","A1314","Halieute"
"72","Recherche-developpement scientifique","515409","A1317","Gestionnaire d'aires marines protégées"
"72","Recherche-developpement scientifique","515440","A1319","Ingénieur / Ingénieure écologue"
"72","Recherche-developpement scientifique","488346","A1423","¼nologue"
"72","Recherche-developpement scientifique","488709","A1424","Pisciculteur / Piscicultrice"
"72","Recherche-developpement scientifique","488776","A1427","Goémonier / Goémonière"
"72","Recherche-developpement scientifique","488903","A1428","Algoculteur / Algocultrice"
"72","Recherche-developpement scientifique","488914","A1429","Apiculteur / Apicultrice"
"72","Recherche-developpement scientifique","489025","A1430","Ouvrier / Ouvrière aquacole"
"72","Recherche-developpement scientifique","489063","A1431","Ouvrier / Ouvrière piscicole"
"72","Recherche-developpement scientifique","488328","A1505","Animalier / Animalière de laboratoire"
"72","Recherche-developpement scientifique","518318","C1125","Responsable gestion des sinistres"
"72","Recherche-developpement scientifique","106","D1405","Conseiller / Conseillère en information médicale"
"72","Recherche-developpement scientifique","488290","D1412","Délégué médical hospitalier / Déléguée médicale hospitalière"
"72","Recherche-developpement scientifique","146","F1105","Géologue"
"72","Recherche-developpement scientifique","488578","F1115","Vulcanologue"
"72","Recherche-developpement scientifique","488615","F1118","Sismologue"
"72","Recherche-developpement scientifique","488621","F1119","Pédologue"
"72","Recherche-developpement scientifique","488623","F1120","Economiste de la construction"
"72","Recherche-developpement scientifique","489200","F1123","Glaciologue"
"72","Recherche-developpement scientifique","488897","F1124","Hydrologue"
"72","Recherche-developpement scientifique","489182","F1126","Assistant / Assistante maîtrise d'½uvre en architecture"
"72","Recherche-developpement scientifique","509417","F1129","Ingénieur / Ingénieure réservoir"
"72","Recherche-developpement scientifique","510177","F1141","Ingénieur / Ingénieure études conception électrique"
"72","Recherche-developpement scientifique","510427","F1142","Océanographe"
"72","Recherche-developpement scientifique","510268","F1143","Géophysicien / Géophysicienne"
"72","Recherche-developpement scientifique","515417","F1144","Architecte naval / Architecte navale"
"72","Recherche-developpement scientifique","154","F1301","Grutier / Grutière"
"72","Recherche-developpement scientifique","488912","F1622","Monteur / Monteuse en éclairage public"
"72","Recherche-developpement scientifique","488860","G1230","Guide de tourisme équestre"
"72","Recherche-developpement scientifique","488600","G1407","Econome en hôtellerie-restauration"
"72","Recherche-developpement scientifique","210","H1101","Ingénieur / Ingénieure support technique"
"72","Recherche-developpement scientifique","217","H1206","Ingénieur / Ingénieure R&D en industrie"
"72","Recherche-developpement scientifique","221","H1210","Technicien / Technicienne R&D"
"72","Recherche-developpement scientifique","404541","H1211","Attaché / Attachée de recherche clinique (ARC)"
"72","Recherche-developpement scientifique","488271","H1212","Ingénieur / Ingénieure brevet en industrie"
"72","Recherche-developpement scientifique","488291","H1213","Responsable du développement clinique en industrie pharmaceutique"
"72","Recherche-developpement scientifique","488299","H1214","Agent / Agente de laboratoire de recherche industrielle"
"72","Recherche-developpement scientifique","488303","H1215","Bioinformaticien / Bioinformaticienne en études, recherche et développement"
"72","Recherche-developpement scientifique","488308","H1216","Responsable des études épidémiologiques"
"72","Recherche-developpement scientifique","488313","H1217","Technicien / Technicienne formulation en industrie pharmaceutique"
"72","Recherche-developpement scientifique","488316","H1218","Responsable de projet recherche et développement"
"72","Recherche-developpement scientifique","488319","H1219","Responsable opérationnel / Responsable opérationnelle des études cliniques en industrie pharmaceutique"
"72","Recherche-developpement scientifique","488335","H1221","Responsable des partenariats de recherche en industrie pharmaceutique"
"72","Recherche-developpement scientifique","488347","H1222","Responsable médical / Responsable médicale des études cliniques en industrie pharmaceutique"
"72","Recherche-developpement scientifique","488351","H1223","Coordinateur / Coordinatrice d'études cliniques en industrie pharmaceutique"
"72","Recherche-developpement scientifique","488566","H1224","Technicien / Technicienne de laboratoire de recherche-développement"
"72","Recherche-developpement scientifique","489219","H1225","Ingénieur / Ingénieure développement nucléaire"
"72","Recherche-developpement scientifique","519120","H1243","Technicien / Technicienne en bioproduction"
"72","Recherche-developpement scientifique","515435","H1246","Technicien / Technicienne en bureau d'études aéronautiques"
"72","Recherche-developpement scientifique","222","H1301","Inspecteur / Inspectrice de conformité"
"72","Recherche-developpement scientifique","223","H1302","Ingénieur / Ingénieure Hygiène, Sécurité et Environnement en industrie (HSE)"
"72","Recherche-developpement scientifique","488619","H1306","Ingénieur / Ingénieure sûreté en industrie nucléaire"
"72","Recherche-developpement scientifique","488751","H1307","Responsable de la conformité industrielle"
"72","Recherche-developpement scientifique","489181","H1308","Animateur / Animatrice en Hygiène Sécurité Environnement (HSE)"
"72","Recherche-developpement scientifique","519755","H1311","Responsable en santé environnementale"
"72","Recherche-developpement scientifique","519922","H1312","Inspecteur / Inspectrice de sites industriels"
"72","Recherche-developpement scientifique","520086","H1408","Programmeur / Programmeuse en Conception de Fabrication Assistée par Ordinateur (CFAO)"
"72","Recherche-developpement scientifique","520102","H1409","Ingénieur / Ingénieure soudage"
"72","Recherche-developpement scientifique","233","H1505","Nez"
"72","Recherche-developpement scientifique","404542","H1507","Chargé / Chargée des affaires réglementaires"
"72","Recherche-developpement scientifique","488296","H1510","Technicien / Technicienne de laboratoire de contrôle en industrie pharmaceutique"
"72","Recherche-developpement scientifique","488309","H1511","Chargé / Chargée de validation-qualification en industrie pharmaceutique"
"72","Recherche-developpement scientifique","488312","H1512","Directeur / Directrice de zone en industrie pharmaceutique"
"72","Recherche-developpement scientifique","488314","H1513","Responsable de pharmacovigilance en industrie pharmaceutique"
"72","Recherche-developpement scientifique","488330","H1514","Chargé / Chargée de pharmacovigilance en industrie pharmaceutique"
"72","Recherche-developpement scientifique","488336","H1515","Auditeur / Auditrice qualité en industrie"
"72","Recherche-developpement scientifique","488341","H1516","Expert / Experte métrologue"
"72","Recherche-developpement scientifique","488343","H1517","Responsable de laboratoire de contrôle en industrie pharmaceutique"
"72","Recherche-developpement scientifique","488353","H1520","Ingénieur qualité / Ingénieure qualité"
"72","Recherche-developpement scientifique","488565","H1521","Technicien / Technicienne de validation-qualification"
"72","Recherche-developpement scientifique","509528","H1525","Biologiste de contrôle fabrication en industrie"
"72","Recherche-developpement scientifique","510271","H1531","Opérateur / Opératrice de laboratoire d'analyse industrielle"
"72","Recherche-developpement scientifique","488318","H2303","Opérateur / Opératrice de fabrication en industrie pharmaceutique"
"72","Recherche-developpement scientifique","488901","H2425","Fileur / Fileuse en industrie textile"
"72","Recherche-developpement scientifique","488862","H2508","Ingénieur / Ingénieure exploitation nucléaire"
"72","Recherche-developpement scientifique","519941","H2514","Ingénieur / Ingénieure en génie des matériaux"
"72","Recherche-developpement scientifique","488305","H2702","Conducteur / Conductrice de bloc nucléaire"
"72","Recherche-developpement scientifique","519062","H2920","Prototypiste en mécanique"
"72","Recherche-developpement scientifique","488292","I1311","Technicien / Technicienne installation réseaux câblés fibre optique"
"72","Recherche-developpement scientifique","488332","I1312","Technicien / Technicienne réseaux mobiles"
"72","Recherche-developpement scientifique","488900","I1317","Technicien / Technicienne de maintenance fibre optique"
"72","Recherche-developpement scientifique","489191","I1319","Technicien / Technicienne de maintenance réseaux mobiles"
"72","Recherche-developpement scientifique","509702","I1328","Conseiller / Conseillère en hydraulique agricole"
"72","Recherche-developpement scientifique","324","I1503","Technicien / Technicienne en risques technologiques"
"72","Recherche-developpement scientifique","515418","I1510","Plongeur / Plongeuse scientifique et technique"
"72","Recherche-developpement scientifique","519930","I1514","Technicien / Technicienne en dépollution"
"72","Recherche-developpement scientifique","332","J1101","Médecin du travail et de prévention"
"72","Recherche-developpement scientifique","488916","J1110","Médecin légiste"
"72","Recherche-developpement scientifique","336","J1201","Biologiste médical / Biologiste médicale"
"72","Recherche-developpement scientifique","337","J1202","Pharmacien / Pharmacienne"
"72","Recherche-developpement scientifique","488594","J1203","Directeur / Directrice de laboratoire d'analyses vétérinaires"
"72","Recherche-developpement scientifique","488743","J1204","Directeur / Directrice de laboratoire d'analyses de biologie médicale"
"72","Recherche-developpement scientifique","358","J1502","Cadre de santé d'unité de soins ou de service paramédical"
"72","Recherche-developpement scientifique","361","J1505","Infirmier / Infirmière de prévention"
"72","Recherche-developpement scientifique","362","J1506","Infirmier / Infirmière en soins généraux (IDE)"
"72","Recherche-developpement scientifique","488289","J1508","Infirmier / Infirmière en Pratique Avancée (IPA)"
"72","Recherche-developpement scientifique","488350","J1509","Responsable de secteur coordinateur / Responsable de secteur coordinatrice"
"72","Recherche-developpement scientifique","488567","J1510","Infirmier coordonnateur / Infirmière coordonnatrice (IDEC)"
"72","Recherche-developpement scientifique","489197","J1512","Infirmier / Infirmière de santé au travail"
"72","Recherche-developpement scientifique","522279","K1740","Expert / Experte en opérations spatiales militaires"
"72","Recherche-developpement scientifique","509546","K2125","Archéologue"
"72","Recherche-developpement scientifique","509902","K2133","Sociologue"
"72","Recherche-developpement scientifique","509932","K2134","Démographe"
"72","Recherche-developpement scientifique","509940","K2135","Ethnologue"
"72","Recherche-developpement scientifique","510074","K2140","Historien / Historienne"
"72","Recherche-developpement scientifique","510407","K2143","Anthropologue"
"72","Recherche-developpement scientifique","426","K2401","Chercheur / Chercheuse en sciences humaines et sociales"
"72","Recherche-developpement scientifique","427","K2402","Ingénieur / Ingénieure de recherche scientifique"
"72","Recherche-developpement scientifique","404547","K2403","Biostatisticien / Biostatisticienne"
"72","Recherche-developpement scientifique","488272","K2404","Chargé / Chargée de recherche en industrie pharmaceutique"
"72","Recherche-developpement scientifique","488279","K2405","Attaché / Attachée de recherche clinique en milieu hospitalier"
"72","Recherche-developpement scientifique","488570","K2406","Directeur / Directrice de recherche en industrie pharmaceutique"
"72","Recherche-developpement scientifique","488592","K2407","Climatologue"
"72","Recherche-developpement scientifique","488864","K2408","Mathématicien / Mathématicienne"
"72","Recherche-developpement scientifique","488918","K2409","Astronome"
"72","Recherche-developpement scientifique","489170","K2410","Astrophysicien / Astrophysicienne"
"72","Recherche-developpement scientifique","509819","K2411","Musicologue"
"72","Recherche-developpement scientifique","519212","K2412","Chercheur / Chercheuse du monde aquatique"
"72","Recherche-developpement scientifique","519211","K2413","Chercheur / Chercheuse des écosystèmes"
"72","Recherche-developpement scientifique","509910","K2414","Paléontologue"
"72","Recherche-developpement scientifique","510172","K2415","Paléographe"
"72","Recherche-developpement scientifique","510249","K2416","Linguiste"
"72","Recherche-developpement scientifique","519206","K2417","Chercheur / Chercheuse du monde marin"
"72","Recherche-developpement scientifique","519207","K2418","Chercheur animalier / Chercheuse animalière"
"72","Recherche-developpement scientifique","519208","K2419","Botaniste"
"72","Recherche-developpement scientifique","519209","K2420","Chercheur / Chercheuse du monde forestier"
"72","Recherche-developpement scientifique","519210","K2421","Chercheur / Chercheuse du monde microbien et microbiologique"
"72","Recherche-developpement scientifique","461","M1204","Contrôleur / Contrôleuse de gestion"
"72","Recherche-developpement scientifique","489196","M1210","Commissaire aux comptes"
"72","Recherche-developpement scientifique","510594","M1305","Fablab Manager"
"72","Recherche-developpement scientifique","488287","M1406","Responsable RSE (Responsabilité Sociétale de l'Entreprise)"
"72","Recherche-developpement scientifique","488300","M1407","Responsable de la veille scientifique et technique en industrie pharmaceutique"
"72","Recherche-developpement scientifique","488337","M1408","Responsable des études pharmaco-économiques en industrie pharmaceutique"
"72","Recherche-developpement scientifique","488729","M1410","Responsable Green IT"
"72","Recherche-developpement scientifique","488756","M1411","Consultant / Consultante en énergie renouvelable"
"72","Recherche-developpement scientifique","488778","M1412","Ergonome"
"72","Recherche-developpement scientifique","489213","M1414","Ingénieur statisticien / Ingénieure statisticienne"
"72","Recherche-developpement scientifique","509641","M1422","Directeur / Directrice d'études socio-économiques"
"72","Recherche-developpement scientifique","520263","M1433","Géographe"
"72","Recherche-developpement scientifique","488274","M1708","Directeur / Directrice de l'accès au marché en industrie pharmaceutique"
"72","Recherche-developpement scientifique","488307","M1710","Responsable régional / Responsable régionale des relations scientifiques médicales"
"72","Recherche-developpement scientifique","491","M1802","Expert / Experte systèmes et réseaux informatiques"
"72","Recherche-developpement scientifique","488576","M1815","Spécialiste test et validation logiciel ou application"
"72","Recherche-developpement scientifique","488636","M1817","Administrateur / Administratrice sécurité informatique"
"72","Recherche-developpement scientifique","488641","M1818","Ingénieur / Ingénieure d'étude informatique"
"72","Recherche-developpement scientifique","488707","M1819","Technicien / Technicienne en cybersécurité"
"72","Recherche-developpement scientifique","488713","M1820","Expert / Experte méthodes et qualité informatique"
"72","Recherche-developpement scientifique","488754","M1827","Ingénieur / Ingénieure DevOps"
"72","Recherche-developpement scientifique","488877","M1833","Ingénieur / Ingénieure sécurité web"
"72","Recherche-developpement scientifique","488909","M1839","Architecte systèmes et réseaux"
"72","Recherche-developpement scientifique","488922","M1841","Ingénieur informaticien / Ingénieure informaticienne"
"72","Recherche-developpement scientifique","488933","M1842","Qualiticien / Qualiticienne logiciel en informatique"
"72","Recherche-developpement scientifique","489017","M1844","Responsable des études et applications informatiques"
"72","Recherche-developpement scientifique","489026","M1846","Ingénieur / Ingénieure Cybersécurité Datacenter"
"72","Recherche-developpement scientifique","489055","M1848","Analyste Concepteur / Conceptrice informatique"
"72","Recherche-developpement scientifique","489082","M1856","Expert / Experte en cybersécurité"
"72","Recherche-developpement scientifique","510430","M1888","Spécialiste en modélisation climatique"
"72","Recherche-developpement scientifique","510440","M1889","Ingénieur / Ingénieure en Intelligence Artificielle (IA)"
"73","Publicite et etudes de marche","109","D1408","Conseiller / Conseillère clientèle à distance"
"73","Publicite et etudes de marche","488301","D1413","Délégué / Déléguée pharmaceutique"
"73","Publicite et etudes de marche","488879","D1416","Commercial / Commerciale auprès d'une clientèle d'entreprises"
"73","Publicite et etudes de marche","121","E1103","Chargé / Chargée des relations publiques"
"73","Publicite et etudes de marche","123","E1105","Editeur / Editrice"
"73","Publicite et etudes de marche","403088","E1109","Directeur / Directrice de la communication"
"73","Publicite et etudes de marche","488921","E1112","Chargé / Chargée de communication"
"73","Publicite et etudes de marche","510598","E1124","Social media manager - Responsable des médias sociaux"
"73","Publicite et etudes de marche","510441","E1127","Brand content manager"
"73","Publicite et etudes de marche","510443","E1128","Directeur / Directrice de création"
"73","Publicite et etudes de marche","510449","E1129","Directeur / Directrice artistique communication"
"73","Publicite et etudes de marche","520262","E1132","Directeur éditorial / Directrice éditoriale"
"73","Publicite et etudes de marche","131","E1205","Designer graphique"
"73","Publicite et etudes de marche","488782","E1207","Motion designer"
"73","Publicite et etudes de marche","137","E1306","Opérateur / Opératrice de prépresse"
"73","Publicite et etudes de marche","138","E1307","Opérateur / Opératrice en reprographie"
"73","Publicite et etudes de marche","140","E1401","Chef / Cheffe de publicité"
"73","Publicite et etudes de marche","141","E1402","Média planneur / Média planneuse"
"73","Publicite et etudes de marche","509504","E1403","Consultant / Consultante média"
"73","Publicite et etudes de marche","509665","E1404","Assistant / Assistante en publicité"
"73","Publicite et etudes de marche","509820","E1405","Référenceur / Référenceuse web"
"73","Publicite et etudes de marche","510209","E1406","Influenceur / Influenceuse web"
"73","Publicite et etudes de marche","510298","E1407","Traffic manager"
"73","Publicite et etudes de marche","512360","E1408","Responsable trafic création"
"73","Publicite et etudes de marche","510412","E1409","Acheteur / Acheteuse média"
"73","Publicite et etudes de marche","510420","E1410","Responsable programmatique"
"73","Publicite et etudes de marche","510426","E1411","Chargé / Chargée de développement du patrimoine publicitaire"
"73","Publicite et etudes de marche","510444","E1412","Directeur / Directrice média"
"73","Publicite et etudes de marche","512357","E1413","Chef / Cheffe de projet publicitaire"
"73","Publicite et etudes de marche","512358","E1414","Chargé / Chargée de diffusion publicitaire"
"73","Publicite et etudes de marche","512359","E1415","Directeur / Directrice de la production publicitaire"
"73","Publicite et etudes de marche","233","H1505","Nez"
"73","Publicite et etudes de marche","307","I1201","Agent / Agente technique d'affichage"
"73","Publicite et etudes de marche","510024","I1206","Chef / Cheffe d'équipe en mobilier urbain et publicitaire"
"73","Publicite et etudes de marche","510070","I1207","Agent / Agente de maintenance de mobilier urbain et publicitaire"
"73","Publicite et etudes de marche","510452","I1209","Technicien / Technicienne d'installation de panneau digital"
"73","Publicite et etudes de marche","467","M1401","Enquêteur / Enquêtrice sondage"
"73","Publicite et etudes de marche","469","M1403","Chargé / Chargée d'études socio-économiques"
"73","Publicite et etudes de marche","470","M1404","Responsable d'enquêtes terrain"
"73","Publicite et etudes de marche","489213","M1414","Ingénieur statisticien / Ingénieure statisticienne"
"73","Publicite et etudes de marche","510308","M1418","Recruteur / Recruteuse de donateurs"
"73","Publicite et etudes de marche","509569","M1421","Panéliste"
"73","Publicite et etudes de marche","509641","M1422","Directeur / Directrice d'études socio-économiques"
"73","Publicite et etudes de marche","510157","M1430","Chargé / Chargée d'études commerciales"
"73","Publicite et etudes de marche","489012","M1615","Distributeur / Distributrice de prospectus et imprimés"
"73","Publicite et etudes de marche","510059","M1620","Assistant / Assistante marketing"
"73","Publicite et etudes de marche","484","M1702","Planneur / Planneuse stratégique"
"73","Publicite et etudes de marche","486","M1704","Responsable service clients"
"73","Publicite et etudes de marche","487","M1705","Responsable marketing"
"73","Publicite et etudes de marche","488","M1706","Chef / Cheffe de promotion des ventes"
"73","Publicite et etudes de marche","489","M1707","Responsable du développement commercial"
"73","Publicite et etudes de marche","488310","M1711","Directeur / Directrice du marketing"
"73","Publicite et etudes de marche","488340","M1712","Directeur / Directrice de l'information promotionnelle du médicament en industrie pharmaceutique"
"73","Publicite et etudes de marche","488569","M1714","Chargé / Chargée de l'information promotionnelle du médicament en industrie pharmaceutique"
"73","Publicite et etudes de marche","488738","M1715","Directeur commercial / Directrice commerciale"
"73","Publicite et etudes de marche","488873","M1716","Directeur / Directrice marketing digital"
"73","Publicite et etudes de marche","510431","M1717","Responsable innovation"
"73","Publicite et etudes de marche","510434","M1718","Chargé / Chargée de marketing digital"
"73","Publicite et etudes de marche","512365","M1719","Chargé / Chargée des relations avec les influenceurs"
"73","Publicite et etudes de marche","520176","M1720","Category Manager Responsable (CATMAN)"
"73","Publicite et etudes de marche","492","M1803","Directeur / Directrice des systèmes d'information (DSI)"
"74","Autres activites specialisees, scientifiques et techniques","509636","A1306","Chargé / Chargée d'étude naturaliste"
"74","Autres activites specialisees, scientifiques et techniques","510270","A1312","Directeur / Directrice environnement"
"74","Autres activites specialisees, scientifiques et techniques","510436","A1313","Chargé / Chargée de mission environnement"
"74","Autres activites specialisees, scientifiques et techniques","515445","A1320","Technicien en foncier rural / Technicienne en foncier rural"
"74","Autres activites specialisees, scientifiques et techniques","509753","A1509","Comportementaliste animalier / Comportementaliste animalière"
"74","Autres activites specialisees, scientifiques et techniques","38","B1301","Etalagiste"
"74","Autres activites specialisees, scientifiques et techniques","53","B1805","Styliste"
"74","Autres activites specialisees, scientifiques et techniques","509564","B1807","Assistant / Assistante styliste"
"74","Autres activites specialisees, scientifiques et techniques","509946","B1812","Modéliste"
"74","Autres activites specialisees, scientifiques et techniques","510168","B1814","Directeur / Directrice de collection"
"74","Autres activites specialisees, scientifiques et techniques","515454","B1815","Technicien voilier / Technicienne voilière"
"74","Autres activites specialisees, scientifiques et techniques","515444","D1441","Technico-commercial / Technico-commerciale de l'industrie et des services nautiques"
"74","Autres activites specialisees, scientifiques et techniques","122","E1104","Concepteur / Conceptrice de contenus multimedia"
"74","Autres activites specialisees, scientifiques et techniques","126","E1108","Traducteur / Traductrice"
"74","Autres activites specialisees, scientifiques et techniques","510054","E1119","Concepteur rédacteur / Conceptrice rédactrice"
"74","Autres activites specialisees, scientifiques et techniques","510140","E1120","Chef / Cheffe de projets traduction"
"74","Autres activites specialisees, scientifiques et techniques","510255","E1122","Transcripteur adaptateur / Transcriptrice adaptatrice"
"74","Autres activites specialisees, scientifiques et techniques","510285","E1123","Interprète"
"74","Autres activites specialisees, scientifiques et techniques","510439","E1126","Auteur / Auteure de jeux de société"
"74","Autres activites specialisees, scientifiques et techniques","510441","E1127","Brand content manager"
"74","Autres activites specialisees, scientifiques et techniques","510449","E1129","Directeur / Directrice artistique communication"
"74","Autres activites specialisees, scientifiques et techniques","127","E1201","Photographe professionnel / Photographe professionnelle"
"74","Autres activites specialisees, scientifiques et techniques","129","E1203","Technicien / Technicienne de laboratoire photographique"
"74","Autres activites specialisees, scientifiques et techniques","131","E1205","Designer graphique"
"74","Autres activites specialisees, scientifiques et techniques","404036","E1206","UX - UI Designer"
"74","Autres activites specialisees, scientifiques et techniques","509545","E1208","Chef / Cheffe de studio de photographie"
"74","Autres activites specialisees, scientifiques et techniques","509664","E1209","Responsable de laboratoire photographique"
"74","Autres activites specialisees, scientifiques et techniques","510604","E1210","Web designer"
"74","Autres activites specialisees, scientifiques et techniques","510016","E1211","Dessinateur-illustrateur / Dessinatrice-illustratrice"
"74","Autres activites specialisees, scientifiques et techniques","136","E1305","Préparateur-correcteur / Préparatrice-correctrice en industrie graphique"
"74","Autres activites specialisees, scientifiques et techniques","510250","E1312","Lecteur-correcteur / Lectrice-correctrice"
"74","Autres activites specialisees, scientifiques et techniques","143","F1102","Architecte d'intérieur"
"74","Autres activites specialisees, scientifiques et techniques","146","F1105","Géologue"
"74","Autres activites specialisees, scientifiques et techniques","404537","F1113","Responsable énergie"
"74","Autres activites specialisees, scientifiques et techniques","488578","F1115","Vulcanologue"
"74","Autres activites specialisees, scientifiques et techniques","169","F1609","Poseur / Poseuse de revêtements de sols"
"74","Autres activites specialisees, scientifiques et techniques","512361","G1242","Médiateur / Médiatrice scientifique"
"74","Autres activites specialisees, scientifiques et techniques","215","H1204","Designer"
"74","Autres activites specialisees, scientifiques et techniques","218","H1207","Rédacteur / Rédactrice technique"
"74","Autres activites specialisees, scientifiques et techniques","509401","H1229","Roughman / Roughwoman en design"
"74","Autres activites specialisees, scientifiques et techniques","509402","H1230","Ingénieur / Ingénieure essais vérification et validation (V&V) en milieu nucléaire"
"74","Autres activites specialisees, scientifiques et techniques","510135","H1233","Technicien / Technicienne en design"
"74","Autres activites specialisees, scientifiques et techniques","509699","H1234","Responsable de service de rédaction technique"
"74","Autres activites specialisees, scientifiques et techniques","519923","H1313","Ingénieur / Ingénieure sécurité incendie"
"74","Autres activites specialisees, scientifiques et techniques","509702","I1328","Conseiller / Conseillère en hydraulique agricole"
"74","Autres activites specialisees, scientifiques et techniques","515399","I1633","Agent / Agente de maintenance nautique"
"74","Autres activites specialisees, scientifiques et techniques","518791","K1228","Ecrivain public / Ecrivaine publique"
"74","Autres activites specialisees, scientifiques et techniques","386","K1503","Contrôleur / Contrôleuse des impôts"
"74","Autres activites specialisees, scientifiques et techniques","520208","K1611","Iconographe"
"74","Autres activites specialisees, scientifiques et techniques","522279","K1740","Expert / Experte en opérations spatiales militaires"
"74","Autres activites specialisees, scientifiques et techniques","510605","K1813","Chargé / Chargée de mission eaux pluviales"
"74","Autres activites specialisees, scientifiques et techniques","510074","K2140","Historien / Historienne"
"74","Autres activites specialisees, scientifiques et techniques","404547","K2403","Biostatisticien / Biostatisticienne"
"74","Autres activites specialisees, scientifiques et techniques","519206","K2417","Chercheur / Chercheuse du monde marin"
"74","Autres activites specialisees, scientifiques et techniques","519207","K2418","Chercheur animalier / Chercheuse animalière"
"74","Autres activites specialisees, scientifiques et techniques","436","L1102","Mannequin"
"74","Autres activites specialisees, scientifiques et techniques","488715","L1511","Technicien / Technicienne spectacle en site de divertissement"
"74","Autres activites specialisees, scientifiques et techniques","488778","M1412","Ergonome"
"74","Autres activites specialisees, scientifiques et techniques","520263","M1433","Géographe"
"74","Autres activites specialisees, scientifiques et techniques","488307","M1710","Responsable régional / Responsable régionale des relations scientifiques médicales"
"74","Autres activites specialisees, scientifiques et techniques","497","M1808","Cartographe"
"74","Autres activites specialisees, scientifiques et techniques","498","M1809","Météorologue"
"74","Autres activites specialisees, scientifiques et techniques","404048","M1811","Data engineer"
"74","Autres activites specialisees, scientifiques et techniques","404049","M1812","Responsable de la Sécurité des Systèmes d'Information (RSSI)"
"74","Autres activites specialisees, scientifiques et techniques","510446","M1890","Responsable d'opérations en station météorologique"
"74","Autres activites specialisees, scientifiques et techniques","510447","M1891","Ingénieur / Ingénieure prévisionniste météorologue"
"74","Autres activites specialisees, scientifiques et techniques","510461","M1893","Technicien / Technicienne de la météorologie"
"74","Autres activites specialisees, scientifiques et techniques","489039","N2206","Pilote de drone"
"75","Activites veterinaires","509691","A1308","Technicien / Technicienne de l'insémination animale"
"75","Activites veterinaires","32","A1501","Auxiliaire vétérinaire"
"75","Activites veterinaires","33","A1502","Maréchal-ferrant / Maréchale-ferrante"
"75","Activites veterinaires","35","A1504","Vétérinaire"
"75","Activites veterinaires","488759","A1506","Soigneur animalier / Soigneuse animalière"
"75","Activites veterinaires","489019","A1507","Ostéopathe animalier / Ostéopathe animalière"
"75","Activites veterinaires","519741","A1512","Dentiste équin"
"77","Activites de location et location-bail","90","D1204","Agent technico-commercial / Agente technico-commerciale en location de véhicules"
"77","Activites de location et location-bail","509363","D1224","Chargé / Chargée de location d'engins et de matériel de chantier"
"77","Activites de location et location-bail","509642","D1230","Responsable d'agence de location de matériel de transport"
"77","Activites de location et location-bail","509755","D1234","Chargé / Chargée de location de matériel de transport ou de loisirs"
"77","Activites de location et location-bail","509761","D1235","Plagiste"
"77","Activites de location et location-bail","509663","I1109","Responsable de parc de véhicules"
"77","Activites de location et location-bail","510299","I1112","Chef / Cheffe d'atelier engins de levage et de manutention"
"78","Activites liees a l'emploi","197","G1503","Gouvernant / Gouvernante d'étage en hôtellerie"
"78","Activites liees a l'emploi","510314","K1113","Psychologue du travail"
"78","Activites liees a l'emploi","510147","K1812","Chargé / Chargée de projet emploi"
"78","Activites liees a l'emploi","488317","K2114","Formateur / Formatrice qualité"
"78","Activites liees a l'emploi","510063","K2139","Chargé / Chargée de bilan professionnel"
"78","Activites liees a l'emploi","510248","M1304","Directeur / Directrice d'unité de services au public"
"78","Activites liees a l'emploi","509408","M1417","Intervenant / Intervenante en Prévention des Risques Professionnels - IPRP"
"78","Activites liees a l'emploi","471","M1501","Assistant / Assistante Ressources Humaines (RH)"
"78","Activites liees a l'emploi","472","M1502","Chargé / Chargée de recrutement"
"78","Activites liees a l'emploi","488773","M1507","Gestionnaire paie"
"78","Activites liees a l'emploi","509677","M1510","Chargé / Chargée de mission RH diversité handicap"
"79","Activites des agences de voyage, voyagistes, services de reservation et activites connexes","125","E1107","Chef / Cheffe de projet événementiel"
"79","Activites des agences de voyage, voyagistes, services de reservation et activites connexes","180","G1101","Agent / Agente d'accueil touristique"
"79","Activites des agences de voyage, voyagistes, services de reservation et activites connexes","181","G1102","Chargé / Chargée de promotion touristique"
"79","Activites des agences de voyage, voyagistes, services de reservation et activites connexes","488765","G1104","Consultant / Consultante tourisme"
"79","Activites des agences de voyage, voyagistes, services de reservation et activites connexes","488774","G1105","Directeur / Directrice d'office du tourisme"
"79","Activites des agences de voyage, voyagistes, services de reservation et activites connexes","488895","G1107","Hôte / Hôtesse d'accueil et d'animation de croisière"
"79","Activites des agences de voyage, voyagistes, services de reservation et activites connexes","489216","G1108","Directeur / Directrice de pays d'accueil touristique"
"79","Activites des agences de voyage, voyagistes, services de reservation et activites connexes","182","G1201","Guide-accompagnateur / Guide-accompagnatrice"
"79","Activites des agences de voyage, voyagistes, services de reservation et activites connexes","488606","G1222","Guide-conférencier / Guide-conférencière"
"79","Activites des agences de voyage, voyagistes, services de reservation et activites connexes","488752","G1227","Guide-interprète"
"79","Activites des agences de voyage, voyagistes, services de reservation et activites connexes","489165","G1229","Guide-accompagnateur / Guide-accompagnatrice de pêche"
"79","Activites des agences de voyage, voyagistes, services de reservation et activites connexes","489016","G1231","Accompagnateur / Accompagnatrice nature"
"79","Activites des agences de voyage, voyagistes, services de reservation et activites connexes","188","G1301","Concepteur / Conceptrice de produits touristiques"
"79","Activites des agences de voyage, voyagistes, services de reservation et activites connexes","189","G1302","Yield manager"
"79","Activites des agences de voyage, voyagistes, services de reservation et activites connexes","190","G1303","Conseiller / Conseillère en voyages"
"79","Activites des agences de voyage, voyagistes, services de reservation et activites connexes","509362","G1304","Responsable d'agence de voyages"
"79","Activites des agences de voyage, voyagistes, services de reservation et activites connexes","509883","G1305","Assistant / Assistante chef de produit tourisme"
"79","Activites des agences de voyage, voyagistes, services de reservation et activites connexes","509947","G1306","Billettiste voyages"
"79","Activites des agences de voyage, voyagistes, services de reservation et activites connexes","510182","G1307","Responsable de ventes de voyages en plateau d'affaires"
"79","Activites des agences de voyage, voyagistes, services de reservation et activites connexes","510640","G1308","Chef / Cheffe de produit touristique"
"79","Activites des agences de voyage, voyagistes, services de reservation et activites connexes","509639","G1415","Gérant / Gérante de gîte et chambres d'hôtes"
"79","Activites des agences de voyage, voyagistes, services de reservation et activites connexes","203","G1701","Concierge d'hôtel"
"79","Activites des agences de voyage, voyagistes, services de reservation et activites connexes","510454","L1104","Animateur / Animatrice événementiel"
"8","Autres industries extractives","31","A1417","Saliculteur / Salicultrice"
"8","Autres industries extractives","510153","F1138","Géothermicien / Géothermicienne"
"8","Autres industries extractives","152","F1203","Chef / Cheffe de carrière"
"8","Autres industries extractives","518675","F1211","Responsable d'exploitation de gisements pétrole et gaz"
"8","Autres industries extractives","518680","F1212","Ingénieur / Ingénieure d'exploitation de gisements"
"8","Autres industries extractives","155","F1302","Conducteur / Conductrice d'engins de chantier"
"8","Autres industries extractives","156","F1401","Foreur / Foreuse"
"8","Autres industries extractives","157","F1402","Boutefeu"
"8","Autres industries extractives","515419","F1403","Foreur / Foreuse pétrole et gaz"
"8","Autres industries extractives","172","F1612","Tailleur / Tailleuse de pierre"
"8","Autres industries extractives","276","H2804","Pilote de centrale de béton"
"8","Autres industries extractives","519759","H2810","Agent / Agente technique de centrale à enrobés"
"80","Enquetes et securite","519152","H1310","Responsable sécurité sanitaire en agroalimentaire"
"80","Enquetes et securite","519923","H1313","Ingénieur / Ingénieure sécurité incendie"
"80","Enquetes et securite","388","K1505","Inspecteur / Inspectrice des douanes"
"80","Enquetes et securite","392","K1702","Responsable de sécurité civile et de secours"
"80","Enquetes et securite","395","K1705","Secouriste"
"80","Enquetes et securite","488320","K1709","Commissaire de police"
"80","Enquetes et securite","488345","K1710","Pilote de drones aériens militaires"
"80","Enquetes et securite","488907","K1716","Chef / Cheffe de service pénitentiaire"
"80","Enquetes et securite","489212","K1721","Technicien / Technicienne en investigation criminelle"
"80","Enquetes et securite","509398","K2315","Inspecteur / Inspectrice de salubrité publique"
"80","Enquetes et securite","429","K2502","Responsable sécurité de site"
"80","Enquetes et securite","430","K2503","Agent / Agente de prévention et de sécurité"
"80","Enquetes et securite","404548","K2504","Agent / Agente de sécurité événementielle"
"80","Enquetes et securite","488622","K2505","Enquêteur privé / Enquêtrice privée"
"80","Enquetes et securite","488730","K2506","Convoyeur / Convoyeuse de fonds"
"80","Enquetes et securite","509543","K2507","Agent / Agente d'exploitation et de sûreté aéroportuaire"
"80","Enquetes et securite","509689","K2508","Agent / Agente de protection rapprochée"
"80","Enquetes et securite","509690","K2509","Opérateur / Opératrice en télésurveillance"
"80","Enquetes et securite","510292","K2510","Agent / Agente cynophile de sécurité"
"80","Enquetes et securite","520147","K2511","Agent / Agente de sûreté ferroviaire"
"80","Enquetes et securite","515410","K2512","Agent / Agente de sûreté portuaire"
"80","Enquetes et securite","510072","K2513","Gardien / Gardienne de locaux"
"80","Enquetes et securite","515389","K2514","Responsable de sûreté et de sécurité portuaire"
"80","Enquetes et securite","489057","N4130","Conducteur / Conductrice de voiture radar à conduite externalisée"
"81","Services relatifs aux batiments et amenagement paysager","8","A1202","Ouvrier / Ouvrière d'entretien des espaces naturels"
"81","Services relatifs aux batiments et amenagement paysager","9","A1203","Agent / Agente d'entretien des espaces verts"
"81","Services relatifs aux batiments et amenagement paysager","488640","A1207","Chef / Cheffe d'équipe de travaux de milieux naturels"
"81","Services relatifs aux batiments et amenagement paysager","488734","A1208","Jardinier / Jardinière paysagiste"
"81","Services relatifs aux batiments et amenagement paysager","488755","A1209","Elagueur / Elagueuse"
"81","Services relatifs aux batiments et amenagement paysager","489042","A1211","Chef / Cheffe d'équipe paysagiste"
"81","Services relatifs aux batiments et amenagement paysager","515423","A1218","Conducteur / Conductrice de travaux de milieux naturels"
"81","Services relatifs aux batiments et amenagement paysager","521035","A1220","Jardinier / Jardinière paysagiste en terrain de sport"
"81","Services relatifs aux batiments et amenagement paysager","521036","A1221","Conducteur / Conductrice de travaux paysagers"
"81","Services relatifs aux batiments et amenagement paysager","509694","A1440","Cultivateur urbain / Cultivatrice urbaine"
"81","Services relatifs aux batiments et amenagement paysager","489010","D1219","Vendeur / Vendeuse conseil en jardinerie"
"81","Services relatifs aux batiments et amenagement paysager","510159","F1139","Décorateur / Décoratrice d'intérieur"
"81","Services relatifs aux batiments et amenagement paysager","488572","F1621","Ramoneur / Ramoneuse"
"81","Services relatifs aux batiments et amenagement paysager","403952","F1707","Maçon / Maçonne du paysage"
"81","Services relatifs aux batiments et amenagement paysager","488788","I1107","Responsable d'atelier de mécanique parcs et jardins"
"81","Services relatifs aux batiments et amenagement paysager","309","I1203","Agent / Agente d'entretien du bâtiment"
"81","Services relatifs aux batiments et amenagement paysager","488571","I1204","Agent / Agente d'entretien des piscines"
"81","Services relatifs aux batiments et amenagement paysager","488628","I1205","Installateur vérificateur / Installatrice vérificatrice d'extincteurs"
"81","Services relatifs aux batiments et amenagement paysager","488883","I1316","Technicien / Technicienne de maintenance Chauffage, Ventilation et Climatisation - CVC"
"81","Services relatifs aux batiments et amenagement paysager","322","I1501","Opérateur / Opératrice cordiste"
"81","Services relatifs aux batiments et amenagement paysager","324","I1503","Technicien / Technicienne en risques technologiques"
"81","Services relatifs aux batiments et amenagement paysager","515421","I1511","Technicien / Technicienne cordiste"
"81","Services relatifs aux batiments et amenagement paysager","515438","I1512","Programmateur / Programmatrice des travaux sur cordes"
"81","Services relatifs aux batiments et amenagement paysager","488866","I1618","Mécanicien / Mécanicienne en matériels motorisés de parcs et jardins"
"81","Services relatifs aux batiments et amenagement paysager","338","J1301","Agent / Agente de service hospitalier (ASH)"
"81","Services relatifs aux batiments et amenagement paysager","378","K1304","Employé familial / Employée familiale"
"81","Services relatifs aux batiments et amenagement paysager","510311","K1815","Chargé / Chargée de mission ""Villes et Territoires Durables"""
"81","Services relatifs aux batiments et amenagement paysager","417","K2202","Laveur / Laveuse de vitres"
"81","Services relatifs aux batiments et amenagement paysager","418","K2203","Responsable de secteur en propreté de locaux"
"81","Services relatifs aux batiments et amenagement paysager","419","K2204","Agent / Agente de nettoyage industriel"
"81","Services relatifs aux batiments et amenagement paysager","488581","K2205","Agent / Agente de propreté de locaux"
"81","Services relatifs aux batiments et amenagement paysager","424","K2305","Agent / Agente de désinsectisation"
"81","Services relatifs aux batiments et amenagement paysager","488790","K2307","Agent / Agente de propreté urbaine"
"81","Services relatifs aux batiments et amenagement paysager","428","K2501","Gardien / Gardienne d'immeuble"
"82","Activites administratives et autres activites de soutien aux entreprises","518320","C1126","Contrôleur / Contrôleuse cotisations sociales"
"82","Activites administratives et autres activites de soutien aux entreprises","510029","C1209","Spécialiste de la vérification client"
"82","Activites administratives et autres activites de soutien aux entreprises","102","D1401","Assistant commercial / Assistante commerciale"
"82","Activites administratives et autres activites de soutien aux entreprises","103","D1402","Commercial / Commerciale grands comptes et entreprises"
"82","Activites administratives et autres activites de soutien aux entreprises","403074","D1409","Assistant / Assistante administration des ventes"
"82","Activites administratives et autres activites de soutien aux entreprises","403086","D1410","Attaché commercial / Attachée commerciale"
"82","Activites administratives et autres activites de soutien aux entreprises","509351","D1422","Chargé / Chargée de recouvrement de créances"
"82","Activites administratives et autres activites de soutien aux entreprises","510432","D1429","Assistant / Assistante import-export"
"82","Activites administratives et autres activites de soutien aux entreprises","510416","D1431","Assistant / Assistante achat"
"82","Activites administratives et autres activites de soutien aux entreprises","510410","D1432","Assistant / Assistante service clients"
"82","Activites administratives et autres activites de soutien aux entreprises","510137","D1435","Responsable de plateau de centre d'appels"
"82","Activites administratives et autres activites de soutien aux entreprises","510269","D1438","Assistant / Assistante e-commerce"
"82","Activites administratives et autres activites de soutien aux entreprises","510211","D1443","Chargé / Chargée d'assistance"
"82","Activites administratives et autres activites de soutien aux entreprises","520473","D1515","Agent / Agente de billetterie"
"82","Activites administratives et autres activites de soutien aux entreprises","125","E1107","Chef / Cheffe de projet événementiel"
"82","Activites administratives et autres activites de soutien aux entreprises","403088","E1109","Directeur / Directrice de la communication"
"82","Activites administratives et autres activites de soutien aux entreprises","510143","E1121","Secrétaire de rédaction"
"82","Activites administratives et autres activites de soutien aux entreprises","510598","E1124","Social media manager - Responsable des médias sociaux"
"82","Activites administratives et autres activites de soutien aux entreprises","138","E1307","Opérateur / Opératrice en reprographie"
"82","Activites administratives et autres activites de soutien aux entreprises","509508","E1309","Responsable d'atelier de façonnage routage"
"82","Activites administratives et autres activites de soutien aux entreprises","510182","G1307","Responsable de ventes de voyages en plateau d'affaires"
"82","Activites administratives et autres activites de soutien aux entreprises","203","G1701","Concierge d'hôtel"
"82","Activites administratives et autres activites de soutien aux entreprises","489015","H1107","Directeur / Directrice assistance technique"
"82","Activites administratives et autres activites de soutien aux entreprises","489033","I1404","Conseiller / Conseillère support technique informatique"
"82","Activites administratives et autres activites de soutien aux entreprises","518791","K1228","Ecrivain public / Ecrivaine publique"
"82","Activites administratives et autres activites de soutien aux entreprises","510164","K1229","Médiateur administratif / Médiatrice administrative"
"82","Activites administratives et autres activites de soutien aux entreprises","510036","K1417","Responsable des affaires générales"
"82","Activites administratives et autres activites de soutien aux entreprises","520272","K1613","Archiviste"
"82","Activites administratives et autres activites de soutien aux entreprises","399","K1802","Chargé / Chargée de développement économique et local"
"82","Activites administratives et autres activites de soutien aux entreprises","509511","K1803","Animateur / Animatrice de développement régional"
"82","Activites administratives et autres activites de soutien aux entreprises","509552","K1804","Conseiller / Conseillère en création d'entreprise"
"82","Activites administratives et autres activites de soutien aux entreprises","519904","K1816","Manager de commerce et territoire"
"82","Activites administratives et autres activites de soutien aux entreprises","414","K2111","Formateur / Formatrice"
"82","Activites administratives et autres activites de soutien aux entreprises","429","K2502","Responsable sécurité de site"
"82","Activites administratives et autres activites de soutien aux entreprises","430","K2503","Agent / Agente de prévention et de sécurité"
"82","Activites administratives et autres activites de soutien aux entreprises","461","M1204","Contrôleur / Contrôleuse de gestion"
"82","Activites administratives et autres activites de soutien aux entreprises","488629","M1208","Directeur / Directrice du contrôle de gestion"
"82","Activites administratives et autres activites de soutien aux entreprises","467","M1401","Enquêteur / Enquêtrice sondage"
"82","Activites administratives et autres activites de soutien aux entreprises","468","M1402","Responsable en organisation en entreprise"
"82","Activites administratives et autres activites de soutien aux entreprises","469","M1403","Chargé / Chargée d'études socio-économiques"
"82","Activites administratives et autres activites de soutien aux entreprises","488778","M1412","Ergonome"
"82","Activites administratives et autres activites de soutien aux entreprises","488936","M1413","Chargé / Chargée de mission RSE - Responsabilité Sociétale de l'Entreprise"
"82","Activites administratives et autres activites de soutien aux entreprises","518248","M1432","Office manager"
"82","Activites administratives et autres activites de soutien aux entreprises","471","M1501","Assistant / Assistante Ressources Humaines (RH)"
"82","Activites administratives et autres activites de soutien aux entreprises","472","M1502","Chargé / Chargée de recrutement"
"82","Activites administratives et autres activites de soutien aux entreprises","473","M1503","Directeur / Directrice des Ressources Humaines (DRH)"
"82","Activites administratives et autres activites de soutien aux entreprises","488280","M1504","Responsable formation professionnelle en entreprise"
"82","Activites administratives et autres activites de soutien aux entreprises","488324","M1505","Chargé / Chargée de formation en entreprise"
"82","Activites administratives et autres activites de soutien aux entreprises","488608","M1506","Manager de proximité"
"82","Activites administratives et autres activites de soutien aux entreprises","488773","M1507","Gestionnaire paie"
"82","Activites administratives et autres activites de soutien aux entreprises","510401","M1509","Responsable paie et administration du personnel"
"82","Activites administratives et autres activites de soutien aux entreprises","509677","M1510","Chargé / Chargée de mission RH diversité handicap"
"82","Activites administratives et autres activites de soutien aux entreprises","509763","M1511","Responsable Qualité de Vie au Travail"
"82","Activites administratives et autres activites de soutien aux entreprises","510197","M1512","Directeur / Directrice des relations sociales"
"82","Activites administratives et autres activites de soutien aux entreprises","474","M1601","Chargé / Chargée d'accueil"
"82","Activites administratives et autres activites de soutien aux entreprises","475","M1602","Secrétaire administratif / Secrétaire administrative de collectivité territoriale"
"82","Activites administratives et autres activites de soutien aux entreprises","477","M1604","Assistant / Assistante de direction"
"82","Activites administratives et autres activites de soutien aux entreprises","478","M1605","Secrétaire technique"
"82","Activites administratives et autres activites de soutien aux entreprises","479","M1606","Opérateur / Opératrice de saisie"
"82","Activites administratives et autres activites de soutien aux entreprises","480","M1607","Assistant administratif / Assistante administrative"
"82","Activites administratives et autres activites de soutien aux entreprises","488304","M1610","Intendant / Intendante du sport"
"82","Activites administratives et autres activites de soutien aux entreprises","488787","M1612","Assistant / Assistante de service juridique"
"82","Activites administratives et autres activites de soutien aux entreprises","488885","M1613","Télésecrétaire"
"82","Activites administratives et autres activites de soutien aux entreprises","488927","M1614","Standardiste"
"82","Activites administratives et autres activites de soutien aux entreprises","489162","M1616","Auxiliaire de gestion des écoles de conduite"
"82","Activites administratives et autres activites de soutien aux entreprises","510059","M1620","Assistant / Assistante marketing"
"82","Activites administratives et autres activites de soutien aux entreprises","510208","M1621","Assistant administratif / Assistante administrative multilingue"
"82","Activites administratives et autres activites de soutien aux entreprises","483","M1701","Responsable de l'administration des ventes"
"82","Activites administratives et autres activites de soutien aux entreprises","485","M1703","Chef / Cheffe de produit"
"82","Activites administratives et autres activites de soutien aux entreprises","487","M1705","Responsable marketing"
"82","Activites administratives et autres activites de soutien aux entreprises","488","M1706","Chef / Cheffe de promotion des ventes"
"82","Activites administratives et autres activites de soutien aux entreprises","489","M1707","Responsable du développement commercial"
"82","Activites administratives et autres activites de soutien aux entreprises","488738","M1715","Directeur commercial / Directrice commerciale"
"82","Activites administratives et autres activites de soutien aux entreprises","488873","M1716","Directeur / Directrice marketing digital"
"82","Activites administratives et autres activites de soutien aux entreprises","510434","M1718","Chargé / Chargée de marketing digital"
"84","Administration publique et defense, securite sociale obligatoire","10","A1204","Garde nature"
"84","Administration publique et defense, securite sociale obligatoire","488859","A1210","Ouvrier forestier / Ouvrière forestière"
"84","Administration publique et defense, securite sociale obligatoire","489058","A1212","Chef / Cheffe d'équipe de travaux forestiers"
"84","Administration publique et defense, securite sociale obligatoire","489160","A1213","Conducteur / Conductrice de travaux forestiers"
"84","Administration publique et defense, securite sociale obligatoire","515396","A1217","Responsable de gardes nature"
"84","Administration publique et defense, securite sociale obligatoire","14","A1303","Ingénieur / Ingénieure d'études et de recherche agricoles"
"84","Administration publique et defense, securite sociale obligatoire","509634","A1305","Technicien / Technicienne des services vétérinaires"
"84","Administration publique et defense, securite sociale obligatoire","509636","A1306","Chargé / Chargée d'étude naturaliste"
"84","Administration publique et defense, securite sociale obligatoire","509640","A1307","Ingénieur forestier / Ingénieure forestière"
"84","Administration publique et defense, securite sociale obligatoire","510154","A1311","Technicien forestier / Technicienne forestière"
"84","Administration publique et defense, securite sociale obligatoire","510436","A1313","Chargé / Chargée de mission environnement"
"84","Administration publique et defense, securite sociale obligatoire","515385","A1315","Technicien / Technicienne naturaliste"
"84","Administration publique et defense, securite sociale obligatoire","515445","A1320","Technicien en foncier rural / Technicienne en foncier rural"
"84","Administration publique et defense, securite sociale obligatoire","515455","A1321","Chargé / Chargée de mission thématique durable"
"84","Administration publique et defense, securite sociale obligatoire","515458","A1322","Technicien / Technicienne de rivière"
"84","Administration publique et defense, securite sociale obligatoire","518742","A1323","Ornithologue"
"84","Administration publique et defense, securite sociale obligatoire","521026","A1325","Chargé / Chargée de projet Biodiversité"
"84","Administration publique et defense, securite sociale obligatoire","518291","C1122","Contrôleur / Contrôleuse prestations de la sécurité sociale"
"84","Administration publique et defense, securite sociale obligatoire","518308","C1123","Chef / Cheffe de service de la sécurité sociale"
"84","Administration publique et defense, securite sociale obligatoire","518310","C1124","Technicien / Technicienne sécurité sociale"
"84","Administration publique et defense, securite sociale obligatoire","519631","C1130","Gestionnaire en protection sociale"
"84","Administration publique et defense, securite sociale obligatoire","518584","C1306","Gestionnaire financier / Gestionnaire financière"
"84","Administration publique et defense, securite sociale obligatoire","404537","F1113","Responsable énergie"
"84","Administration publique et defense, securite sociale obligatoire","509406","F1127","Architecte-urbaniste"
"84","Administration publique et defense, securite sociale obligatoire","509496","F1131","Géomètre du cadastre"
"84","Administration publique et defense, securite sociale obligatoire","510458","F1133","Chargé / Chargée d'affaires foncières"
"84","Administration publique et defense, securite sociale obligatoire","510268","F1143","Géophysicien / Géophysicienne"
"84","Administration publique et defense, securite sociale obligatoire","518322","F1145","Ingénieur / Ingénieure en génie maritime"
"84","Administration publique et defense, securite sociale obligatoire","518649","G1246","Animateur / Animatrice mobilité à vélo"
"84","Administration publique et defense, securite sociale obligatoire","218","H1207","Rédacteur / Rédactrice technique"
"84","Administration publique et defense, securite sociale obligatoire","509699","H1234","Responsable de service de rédaction technique"
"84","Administration publique et defense, securite sociale obligatoire","510075","H1237","Ingénieur / Ingénieure énergies renouvelables"
"84","Administration publique et defense, securite sociale obligatoire","519755","H1311","Responsable en santé environnementale"
"84","Administration publique et defense, securite sociale obligatoire","488930","I1105","Responsable de maintenance et d'exploitation"
"84","Administration publique et defense, securite sociale obligatoire","520076","I1123","Chef / Cheffe de service sécurité trafic routier"
"84","Administration publique et defense, securite sociale obligatoire","308","I1202","Agent / Agente d'exploitation de la voirie"
"84","Administration publique et defense, securite sociale obligatoire","309","I1203","Agent / Agente d'entretien du bâtiment"
"84","Administration publique et defense, securite sociale obligatoire","510024","I1206","Chef / Cheffe d'équipe en mobilier urbain et publicitaire"
"84","Administration publique et defense, securite sociale obligatoire","510070","I1207","Agent / Agente de maintenance de mobilier urbain et publicitaire"
"84","Administration publique et defense, securite sociale obligatoire","510453","I1326","Responsable d'équipe maintenance"
"84","Administration publique et defense, securite sociale obligatoire","509702","I1328","Conseiller / Conseillère en hydraulique agricole"
"84","Administration publique et defense, securite sociale obligatoire","510142","I1334","Electronicien / Electronicienne de maintenance aéronautique"
"84","Administration publique et defense, securite sociale obligatoire","488350","J1509","Responsable de secteur coordinateur / Responsable de secteur coordinatrice"
"84","Administration publique et defense, securite sociale obligatoire","489963","K1212","Ministre du culte"
"84","Administration publique et defense, securite sociale obligatoire","510206","K1223","Technicien / Technicienne de l'administration pénitentiaire"
"84","Administration publique et defense, securite sociale obligatoire","510032","K1225","Conseiller / Conseillère en économie sociale et familiale (CESF)"
"84","Administration publique et defense, securite sociale obligatoire","510064","K1227","Directeur / Directrice technique de l'administration pénitentiaire"
"84","Administration publique et defense, securite sociale obligatoire","379","K1401","Directeur / Directrice d'administration centrale"
"84","Administration publique et defense, securite sociale obligatoire","380","K1402","Médecin conseil"
"84","Administration publique et defense, securite sociale obligatoire","382","K1404","Chargé / Chargée de mission développement territorial"
"84","Administration publique et defense, securite sociale obligatoire","383","K1405","Préfet / Préfète"
"84","Administration publique et defense, securite sociale obligatoire","404545","K1406","Secrétaire de mairie"
"84","Administration publique et defense, securite sociale obligatoire","488293","K1407","Directeur / Directrice d'établissement médicosocial"
"84","Administration publique et defense, securite sociale obligatoire","488294","K1408","Responsable de secteur d'aide à domicile"
"84","Administration publique et defense, securite sociale obligatoire","488311","K1409","Chef / Cheffe de service socioéducatif"
"84","Administration publique et defense, securite sociale obligatoire","489074","K1410","Directeur régional / Directrice régionale des services pénitentiaires"
"84","Administration publique et defense, securite sociale obligatoire","509782","K1411","Inspecteur / Inspectrice vétérinaire"
"84","Administration publique et defense, securite sociale obligatoire","510287","K1412","Chargé / Chargée de mission aux relations internationales"
"84","Administration publique et defense, securite sociale obligatoire","509935","K1416","Directeur / Directrice des services pénitentiaires d'insertion et de probation (DSPIP)"
"84","Administration publique et defense, securite sociale obligatoire","510045","K1418","Ambassadeur / Ambassadrice"
"84","Administration publique et defense, securite sociale obligatoire","510148","K1419","Responsable du service des assemblées"
"84","Administration publique et defense, securite sociale obligatoire","510156","K1420","Directeur / Directrice d'établissement pénitentiaire"
"84","Administration publique et defense, securite sociale obligatoire","510263","K1422","Directeur général / Directrice générale d'établissement public"
"84","Administration publique et defense, securite sociale obligatoire","518847","K1423","Directeur / Directrice de cabinet"
"84","Administration publique et defense, securite sociale obligatoire","518813","K1425","Délégué / Déléguée de l'Assurance Maladie (DAM)"
"84","Administration publique et defense, securite sociale obligatoire","384","K1501","Agent / Agente d'administration principal(e) des douanes"
"84","Administration publique et defense, securite sociale obligatoire","385","K1502","Inspecteur / Inspectrice du travail"
"84","Administration publique et defense, securite sociale obligatoire","386","K1503","Contrôleur / Contrôleuse des impôts"
"84","Administration publique et defense, securite sociale obligatoire","387","K1504","Percepteur / Perceptrice des impôts et du Trésor Public"
"84","Administration publique et defense, securite sociale obligatoire","388","K1505","Inspecteur / Inspectrice des douanes"
"84","Administration publique et defense, securite sociale obligatoire","509359","K1506","Inspecteur / Inspectrice de la concurrence, de la consommation et de la répression des fraudes"
"84","Administration publique et defense, securite sociale obligatoire","509377","K1507","Chef / Cheffe de centre des impôts"
"84","Administration publique et defense, securite sociale obligatoire","509493","K1508","Agent / Agente de conservation des hypothèques"
"84","Administration publique et defense, securite sociale obligatoire","510301","K1509","Adjoint / Adjointe de contrôle de la concurrence, de la consommation et de la répression des fraudes"
"84","Administration publique et defense, securite sociale obligatoire","509669","K1510","Contrôleur / Contrôleuse du Trésor public"
"84","Administration publique et defense, securite sociale obligatoire","509890","K1511","Inspecteur / Inspectrice des impôts"
"84","Administration publique et defense, securite sociale obligatoire","509772","K1512","Chef / Cheffe de poste du Trésor public"
"84","Administration publique et defense, securite sociale obligatoire","509784","K1513","Chargé / Chargée de l'exécution de la dépense publique"
"84","Administration publique et defense, securite sociale obligatoire","518284","K1514","Inspecteur / Inspectrice de l'action sanitaire et sociale"
"84","Administration publique et defense, securite sociale obligatoire","519563","K1515","Inspecteur / Inspectrice du permis de conduire et de la sécurité routière"
"84","Administration publique et defense, securite sociale obligatoire","391","K1701","Combattant / Combattante en milieu terrestre"
"84","Administration publique et defense, securite sociale obligatoire","392","K1702","Responsable de sécurité civile et de secours"
"84","Administration publique et defense, securite sociale obligatoire","393","K1703","Responsable de l'emploi des forces armées"
"84","Administration publique et defense, securite sociale obligatoire","394","K1704","Officier / Officière de police"
"84","Administration publique et defense, securite sociale obligatoire","395","K1705","Secouriste"
"84","Administration publique et defense, securite sociale obligatoire","396","K1706","Gendarme"
"84","Administration publique et defense, securite sociale obligatoire","397","K1707","Policier municipal / Policière municipale"
"84","Administration publique et defense, securite sociale obligatoire","488295","K1708","Gardien / Gardienne de la paix"
"84","Administration publique et defense, securite sociale obligatoire","488320","K1709","Commissaire de police"
"84","Administration publique et defense, securite sociale obligatoire","488345","K1710","Pilote de drones aériens militaires"
"84","Administration publique et defense, securite sociale obligatoire","488593","K1711","Surveillant pénitentiaire / Surveillante pénitentiaire"
"84","Administration publique et defense, securite sociale obligatoire","488708","K1712","Pilote d'aéronef militaire"
"84","Administration publique et defense, securite sociale obligatoire","488712","K1713","Pilote de chasse"
"84","Administration publique et defense, securite sociale obligatoire","488892","K1714","Expert / Experte en assurance de la qualité des fournitures spécifiques des armées"
"84","Administration publique et defense, securite sociale obligatoire","488906","K1715","Pilote d'hélicoptère des forces armées"
"84","Administration publique et defense, securite sociale obligatoire","488907","K1716","Chef / Cheffe de service pénitentiaire"
"84","Administration publique et defense, securite sociale obligatoire","489034","K1717","Opérateur / Opératrice de surveillance aérienne militaire"
"84","Administration publique et defense, securite sociale obligatoire","489053","K1718","Chargé / Chargée de navigation maritime sur navire militaire"
"84","Administration publique et defense, securite sociale obligatoire","489167","K1719","Chef / Cheffe de police municipale"
"84","Administration publique et defense, securite sociale obligatoire","489186","K1720","Gardien de compagnie républicaine de sécurité (CRS) / Gardienne de compagnie républicaine de sécurité (CRS)"
"84","Administration publique et defense, securite sociale obligatoire","489212","K1721","Technicien / Technicienne en investigation criminelle"
"84","Administration publique et defense, securite sociale obligatoire","489180","K1722","Plongeur démineur / Plongeuse démineuse militaire dans les fonds marins"
"84","Administration publique et defense, securite sociale obligatoire","488934","K1723","Opérateur / Opératrice d'exploitation et de maintenance pétrolières de l'Armée"
"84","Administration publique et defense, securite sociale obligatoire","510608","K1725","Responsable des opérations militaires en milieu maritime"
"84","Administration publique et defense, securite sociale obligatoire","510600","K1727","Chargé / Chargée du guidage d'aéronef militaire"
"84","Administration publique et defense, securite sociale obligatoire","510470","K1729","Opérateur / Opératrice en pyrotechnie militaire"
"84","Administration publique et defense, securite sociale obligatoire","510473","K1730","Spécialiste de la protection des forces, installations ou matériels sensibles de l'Etat"
"84","Administration publique et defense, securite sociale obligatoire","510475","K1731","Responsable des opérations militaires en milieu aéroterrestre"
"84","Administration publique et defense, securite sociale obligatoire","510599","K1732","Spécialiste des systèmes de communication opérationnels"
"84","Administration publique et defense, securite sociale obligatoire","510584","K1733","Combattant / Combattante des forces spéciales militaires"
"84","Administration publique et defense, securite sociale obligatoire","510587","K1734","Spécialiste du soutien armement nucléaire"
"84","Administration publique et defense, securite sociale obligatoire","510588","K1735","Architecte système de force, d'arme ou équipement militaire"
"84","Administration publique et defense, securite sociale obligatoire","510597","K1736","Spécialiste de l'aide au déploiement des forces combattantes"
"84","Administration publique et defense, securite sociale obligatoire","510591","K1737","Combattant / Combattante en milieu maritime"
"84","Administration publique et defense, securite sociale obligatoire","510596","K1738","Spécialiste du soutien ou de la formation propulsion nucléaire"
"84","Administration publique et defense, securite sociale obligatoire","522317","K1739","Opérateur / Opératrice en navigation maritime sur navire militaire"
"84","Administration publique et defense, securite sociale obligatoire","522279","K1740","Expert / Experte en opérations spatiales militaires"
"84","Administration publique et defense, securite sociale obligatoire","522229","K1741","Maître de pont sur navire militaire"
"84","Administration publique et defense, securite sociale obligatoire","510592","K1742","Contrôleur / Contrôleuse des espaces maritimes"
"84","Administration publique et defense, securite sociale obligatoire","515447","K1743","Agent de surveillance de la voie publique (ASVP) / Agente de surveillance de la voie publique (ASVP)"
"84","Administration publique et defense, securite sociale obligatoire","518191","K1744","Chef / Cheffe de centre d'incendie et de secours"
"84","Administration publique et defense, securite sociale obligatoire","518431","K1745","Pompier / Pompière"
"84","Administration publique et defense, securite sociale obligatoire","518756","K1746","Receveur placier / Receveuse placière"
"84","Administration publique et defense, securite sociale obligatoire","519130","K1747","Equipier / Equipière sécurité civile"
"84","Administration publique et defense, securite sociale obligatoire","519221","K1748","Garde républicain / Garde républicaine"
"84","Administration publique et defense, securite sociale obligatoire","399","K1802","Chargé / Chargée de développement économique et local"
"84","Administration publique et defense, securite sociale obligatoire","509511","K1803","Animateur / Animatrice de développement régional"
"84","Administration publique et defense, securite sociale obligatoire","509661","K1805","Chargé / Chargée de développement social"
"84","Administration publique et defense, securite sociale obligatoire","510031","K1809","Responsable de développement territorial"
"84","Administration publique et defense, securite sociale obligatoire","510311","K1815","Chargé / Chargée de mission ""Villes et Territoires Durables"""
"84","Administration publique et defense, securite sociale obligatoire","488574","K1905","Huissier / Huissière de justice"
"84","Administration publique et defense, securite sociale obligatoire","489169","K1908","Responsable de service contentieux et recouvrement"
"84","Administration publique et defense, securite sociale obligatoire","510190","K1909","Greffier / Greffière"
"84","Administration publique et defense, securite sociale obligatoire","510013","K1910","Commissaire à la Cour des comptes"
"84","Administration publique et defense, securite sociale obligatoire","488923","K2117","Inspecteur / Inspectrice de l'Education Nationale (IEN)"
"84","Administration publique et defense, securite sociale obligatoire","509398","K2315","Inspecteur / Inspectrice de salubrité publique"
"84","Administration publique et defense, securite sociale obligatoire","510248","M1304","Directeur / Directrice d'unité de services au public"
"84","Administration publique et defense, securite sociale obligatoire","467","M1401","Enquêteur / Enquêtrice sondage"
"84","Administration publique et defense, securite sociale obligatoire","468","M1402","Responsable en organisation en entreprise"
"84","Administration publique et defense, securite sociale obligatoire","469","M1403","Chargé / Chargée d'études socio-économiques"
"84","Administration publique et defense, securite sociale obligatoire","488936","M1413","Chargé / Chargée de mission RSE - Responsabilité Sociétale de l'Entreprise"
"84","Administration publique et defense, securite sociale obligatoire","509641","M1422","Directeur / Directrice d'études socio-économiques"
"84","Administration publique et defense, securite sociale obligatoire","509903","M1425","Agent recenseur / Agente recenseuse"
"84","Administration publique et defense, securite sociale obligatoire","471","M1501","Assistant / Assistante Ressources Humaines (RH)"
"84","Administration publique et defense, securite sociale obligatoire","510401","M1509","Responsable paie et administration du personnel"
"84","Administration publique et defense, securite sociale obligatoire","475","M1602","Secrétaire administratif / Secrétaire administrative de collectivité territoriale"
"84","Administration publique et defense, securite sociale obligatoire","480","M1607","Assistant administratif / Assistante administrative"
"84","Administration publique et defense, securite sociale obligatoire","488787","M1612","Assistant / Assistante de service juridique"
"84","Administration publique et defense, securite sociale obligatoire","496","M1807","Spécialiste outils, systèmes d'exploitation, réseaux et télécoms"
"84","Administration publique et defense, securite sociale obligatoire","488917","M1840","Directeur / Directrice de projets des territoires connectés"
"84","Administration publique et defense, securite sociale obligatoire","515456","M1895","Géomaticien / Géomaticienne"
"84","Administration publique et defense, securite sociale obligatoire","507","N1301","Responsable logistique"
"84","Administration publique et defense, securite sociale obligatoire","513","N2202","Contrôleur aérien / Contrôleuse aérienne"
"84","Administration publique et defense, securite sociale obligatoire","510602","N2208","Contrôleur / Contrôleuse de la circulation et de la défense aérienne"
"84","Administration publique et defense, securite sociale obligatoire","488611","N4111","Conducteur / Conductrice super poids lourd de l'armée"
"85","Enseignement","488919","D1218","Formateur coiffeur / Formatrice coiffeuse"
"85","Enseignement","510282","D1232","Formateur / Formatrice en esthétisme"
"85","Enseignement","183","G1202","Animateur / Animatrice d'atelier artistique ou ludique"
"85","Enseignement","488288","G1220","Educateur sportif / Educatrice sportive spécialisé(e) en activités physiques et sportives adaptées"
"85","Enseignement","509760","G1238","Animateur / Animatrice d'atelier multimédia"
"85","Enseignement","510150","G1240","Educateur / Educatrice nature environnement"
"85","Enseignement","518649","G1246","Animateur / Animatrice mobilité à vélo"
"85","Enseignement","404965","G1405","Directeur / Directrice de structure sportive"
"85","Enseignement","309","I1203","Agent / Agente d'entretien du bâtiment"
"85","Enseignement","327","I1603","Mécanicien-réparateur / Mécanicienne-réparatrice en matériels agricoles"
"85","Enseignement","488866","I1618","Mécanicien / Mécanicienne en matériels motorisés de parcs et jardins"
"85","Enseignement","512364","J1414","Coordinateur / Coordinatrice en activité physique adaptée"
"85","Enseignement","512363","J1415","Enseignant / Enseignante en activité physique adaptée (EAPA)"
"85","Enseignement","509558","K1107","Conseiller / Conseillère d'orientation psychologue"
"85","Enseignement","370","K1203","Educateur technique spécialisé / Educatrice technique spécialisée"
"85","Enseignement","374","K1207","Educateur spécialisé / Educatrice spécialisée"
"85","Enseignement","509410","K1215","Moniteur / Monitrice d'atelier en milieu de travail protégé"
"85","Enseignement","510206","K1223","Technicien / Technicienne de l'administration pénitentiaire"
"85","Enseignement","510181","K1224","Encadrant / Encadrante technique d'insertion socioprofessionnelle"
"85","Enseignement","404046","K1308","Agent territorial spécialisé / Agente territoriale spécialisée des écoles maternelles (ATSEM)"
"85","Enseignement","389","K1601","Documentaliste"
"85","Enseignement","488327","K1603","Bibliothécaire"
"85","Enseignement","398","K1801","Conseiller / Conseillère en insertion professionnelle"
"85","Enseignement","404","K2101","Conseiller consultant / Conseillère consultante en formation"
"85","Enseignement","405","K2102","Coordinateur / Coordinatrice pédagogique"
"85","Enseignement","406","K2103","Chef / Cheffe d'établissement d'enseignement"
"85","Enseignement","407","K2104","Surveillant / Surveillante en milieu scolaire"
"85","Enseignement","408","K2105","Professeur / Professeure de musique"
"85","Enseignement","409","K2106","Professeur / Professeure des écoles"
"85","Enseignement","410","K2107","Professeur / Professeure de collège et de lycée"
"85","Enseignement","411","K2108","Professeur / Professeure des universités"
"85","Enseignement","412","K2109","Professeur / Professeure d'enseignement technologique"
"85","Enseignement","413","K2110","Enseignant / Enseignante de la conduite et de la sécurité routière"
"85","Enseignement","414","K2111","Formateur / Formatrice"
"85","Enseignement","415","K2112","Conseiller / Conseillère d'orientation"
"85","Enseignement","404546","K2113","Accompagnant / Accompagnante des élèves en situation de handicap (AESH)"
"85","Enseignement","488886","K2115","Conseiller principal / Conseillère principale d'éducation"
"85","Enseignement","488915","K2116","Responsable d'unité d'enseignement de la conduite de véhicule"
"85","Enseignement","488923","K2117","Inspecteur / Inspectrice de l'Education Nationale (IEN)"
"85","Enseignement","489031","K2118","Directeur / Directrice d'école primaire"
"85","Enseignement","509361","K2119","Consultant / Consultante en ingénierie pédagogique"
"85","Enseignement","509370","K2120","Directeur / Directrice d'établissement d'enseignement supérieur"
"85","Enseignement","509515","K2121","Directeur / Directrice de conservatoire musique et danse"
"85","Enseignement","509529","K2122","Professeur / Professeure à domicile"
"85","Enseignement","509533","K2123","Responsable programme enseignement supérieur"
"85","Enseignement","509534","K2124","Formateur / Formatrice conduite d'engins motorisés et de levage"
"85","Enseignement","509551","K2126","Conseiller / Conseillère en validation des acquis de l'expérience"
"85","Enseignement","509559","K2127","Professeur / Professeure d'enseignement général pour déficients sensoriels"
"85","Enseignement","509671","K2128","Formateur / Formatrice aux métiers de l'éducation et de la sécurité routière"
"85","Enseignement","509673","K2129","Professeur / Professeure documentaliste"
"85","Enseignement","509706","K2130","Professeur / Professeure de Français Langue Etrangère (FLE)"
"85","Enseignement","509783","K2131","Lecteur / Lectrice de langues dans l'enseignement supérieur"
"85","Enseignement","509895","K2132","Responsable ingénierie de la formation professionnelle"
"85","Enseignement","509902","K2133","Sociologue"
"85","Enseignement","509932","K2134","Démographe"
"85","Enseignement","509940","K2135","Ethnologue"
"85","Enseignement","510418","K2136","Professeur territorial / Professeure territoriale d'enseignement artistique"
"85","Enseignement","510044","K2137","Assistant / Assistante pédagogique en milieu scolaire"
"85","Enseignement","510061","K2138","Animateur / Animatrice de stages permis à points"
"85","Enseignement","510074","K2140","Historien / Historienne"
"85","Enseignement","510141","K2141","Formateur / Formatrice conduite d'engins de travaux publics"
"85","Enseignement","510151","K2142","Animateur-coordinateur / Animatrice-coordinatrice de formation"
"85","Enseignement","510407","K2143","Anthropologue"
"85","Enseignement","510184","K2144","Directeur / Directrice d'école paramédicale"
"85","Enseignement","510398","K2145","Formateur / Formatrice de formateurs"
"85","Enseignement","510193","K2146","Responsable d'internat"
"85","Enseignement","510310","K2147","Chef / Cheffe de travaux dans l'enseignement technique"
"85","Enseignement","510295","K2148","Directeur / Directrice pédagogique"
"85","Enseignement","426","K2401","Chercheur / Chercheuse en sciences humaines et sociales"
"85","Enseignement","427","K2402","Ingénieur / Ingénieure de recherche scientifique"
"85","Enseignement","488864","K2408","Mathématicien / Mathématicienne"
"85","Enseignement","488918","K2409","Astronome"
"85","Enseignement","489170","K2410","Astrophysicien / Astrophysicienne"
"85","Enseignement","509819","K2411","Musicologue"
"85","Enseignement","509910","K2414","Paléontologue"
"85","Enseignement","510172","K2415","Paléographe"
"85","Enseignement","510249","K2416","Linguiste"
"85","Enseignement","510284","M1217","Intendant / Intendante d'établissement scolaire (lycée, collège...)"
"85","Enseignement","488287","M1406","Responsable RSE (Responsabilité Sociétale de l'Entreprise)"
"85","Enseignement","489162","M1616","Auxiliaire de gestion des écoles de conduite"
"86","Activites pour la sante humaine","89","D1203","Agent / Agente de soins en hydrothérapie"
"86","Activites pour la sante humaine","488784","D1217","Socio-coiffeur / Socio-coiffeuse"
"86","Activites pour la sante humaine","489570","D1222","Masseur / Masseuse bien-être"
"86","Activites pour la sante humaine","518832","D1248","Conseiller / Conseillère en matériel médical ou paramédical"
"86","Activites pour la sante humaine","106","D1405","Conseiller / Conseillère en information médicale"
"86","Activites pour la sante humaine","488290","D1412","Délégué médical hospitalier / Déléguée médicale hospitalière"
"86","Activites pour la sante humaine","488301","D1413","Délégué / Déléguée pharmaceutique"
"86","Activites pour la sante humaine","509695","D1428","Superviseur / Superviseuse technique et logistique en assistance de régulation médicale"
"86","Activites pour la sante humaine","510165","D1436","Assistant / Assistante de régulation médicale (ARM)"
"86","Activites pour la sante humaine","488288","G1220","Educateur sportif / Educatrice sportive spécialisé(e) en activités physiques et sportives adaptées"
"86","Activites pour la sante humaine","489050","G1233","Préparateur mental / Préparatrice mentale du sport"
"86","Activites pour la sante humaine","488321","H1104","Directeur / Directrice des affaires médicales pharmaceutiques"
"86","Activites pour la sante humaine","488339","H1105","Chef de projets santé / Cheffe de projets santé"
"86","Activites pour la sante humaine","488351","H1223","Coordinateur / Coordinatrice d'études cliniques en industrie pharmaceutique"
"86","Activites pour la sante humaine","489183","H1309","Technicien / Technicienne en radioprotection"
"86","Activites pour la sante humaine","509879","H1529","Chargé / Chargée de matériovigilance"
"86","Activites pour la sante humaine","509662","I1327","Technicien / Technicienne de maintenance en matériel biomédical"
"86","Activites pour la sante humaine","332","J1101","Médecin du travail et de prévention"
"86","Activites pour la sante humaine","333","J1102","Médecin généraliste"
"86","Activites pour la sante humaine","334","J1103","Dentiste"
"86","Activites pour la sante humaine","335","J1104","Homme sage-femme / Sage-femme"
"86","Activites pour la sante humaine","404041","J1105","Médecin coordonnateur"
"86","Activites pour la sante humaine","488298","J1106","Responsable médical / Responsable médicale en région (RMR-MSL) en industrie pharmaceutique"
"86","Activites pour la sante humaine","488726","J1107","Médecin scolaire"
"86","Activites pour la sante humaine","488764","J1108","Médecin régulateur"
"86","Activites pour la sante humaine","488880","J1109","Médecin de la Protection Maternelle et Infantile -PMI-"
"86","Activites pour la sante humaine","488916","J1110","Médecin légiste"
"86","Activites pour la sante humaine","489214","J1111","Gynécologue"
"86","Activites pour la sante humaine","509388","J1112","Oncologue"
"86","Activites pour la sante humaine","509405","J1113","Dermatologue"
"86","Activites pour la sante humaine","509411","J1114","Rhumatologue"
"86","Activites pour la sante humaine","509412","J1115","Pédiatre"
"86","Activites pour la sante humaine","509498","J1116","Gériatre"
"86","Activites pour la sante humaine","509506","J1117","Hématologue"
"86","Activites pour la sante humaine","509524","J1118","Radiologue"
"86","Activites pour la sante humaine","509544","J1119","Chirurgien / Chirurgienne"
"86","Activites pour la sante humaine","509560","J1120","Médecin phlébologue"
"86","Activites pour la sante humaine","509562","J1121","Gastro-entérologue"
"86","Activites pour la sante humaine","509638","J1122","Chirurgien plasticien / Chirurgienne plasticienne"
"86","Activites pour la sante humaine","509643","J1123","Médecin des armées"
"86","Activites pour la sante humaine","510286","J1124","Médecin Anesthésiste Réanimateur / Réanimatrice (MAR)"
"86","Activites pour la sante humaine","509674","J1125","Endocrinologue"
"86","Activites pour la sante humaine","509770","J1126","Médecin du sport"
"86","Activites pour la sante humaine","510162","J1127","Médecin urgentiste"
"86","Activites pour la sante humaine","509785","J1128","Pneumologue"
"86","Activites pour la sante humaine","509807","J1129","Allergologue"
"86","Activites pour la sante humaine","509812","J1130","Oto-rhino-laryngologiste (ORL)"
"86","Activites pour la sante humaine","509949","J1131","Psychiatre"
"86","Activites pour la sante humaine","509887","J1132","Neurologue"
"86","Activites pour la sante humaine","509912","J1133","Stomatologue"
"86","Activites pour la sante humaine","509927","J1134","Ophtalmologue"
"86","Activites pour la sante humaine","509942","J1135","Urologue"
"86","Activites pour la sante humaine","509650","J1136","Gérontologue"
"86","Activites pour la sante humaine","509780","J1137","Néphrologue"
"86","Activites pour la sante humaine","510582","J1138","Sexologue"
"86","Activites pour la sante humaine","510018","J1139","Neurochirurgien / Neurochirurgienne"
"86","Activites pour la sante humaine","510139","J1140","Cardiologue"
"86","Activites pour la sante humaine","510161","J1141","Orthodontiste"
"86","Activites pour la sante humaine","510393","J1142","Angiologue"
"86","Activites pour la sante humaine","336","J1201","Biologiste médical / Biologiste médicale"
"86","Activites pour la sante humaine","337","J1202","Pharmacien / Pharmacienne"
"86","Activites pour la sante humaine","488743","J1204","Directeur / Directrice de laboratoire d'analyses de biologie médicale"
"86","Activites pour la sante humaine","338","J1301","Agent / Agente de service hospitalier (ASH)"
"86","Activites pour la sante humaine","339","J1302","Technicien / Technicienne de laboratoire d'analyses médicales"
"86","Activites pour la sante humaine","340","J1303","Assistant / Assistante médico-technique"
"86","Activites pour la sante humaine","341","J1304","Auxiliaire de puériculture"
"86","Activites pour la sante humaine","342","J1305","Ambulancier / Ambulancière"
"86","Activites pour la sante humaine","343","J1306","Manipulateur / Manipulatrice d'électroradiologie médicale"
"86","Activites pour la sante humaine","344","J1307","Préparateur / Préparatrice en pharmacie"
"86","Activites pour la sante humaine","404042","J1308","Brancardier / Brancardière"
"86","Activites pour la sante humaine","404043","J1309","Agent / Agente de stérilisation de service hospitalier"
"86","Activites pour la sante humaine","509513","J1310","Auxiliaire ambulancier / Auxiliaire ambulancière"
"86","Activites pour la sante humaine","509555","J1311","Transporteur / Transporteuse de produits de santé"
"86","Activites pour la sante humaine","510261","J1312","Assistant / Assistante dentaire"
"86","Activites pour la sante humaine","345","J1401","Audioprothésiste"
"86","Activites pour la sante humaine","346","J1402","Diététicien / Diététicienne"
"86","Activites pour la sante humaine","347","J1403","Ergothérapeute"
"86","Activites pour la sante humaine","348","J1404","Kinésithérapeute"
"86","Activites pour la sante humaine","349","J1405","Opticien / Opticienne"
"86","Activites pour la sante humaine","350","J1406","Orthophoniste"
"86","Activites pour la sante humaine","351","J1407","Orthoptiste"
"86","Activites pour la sante humaine","352","J1408","Ostéopathe"
"86","Activites pour la sante humaine","353","J1409","Pédicure-podologue"
"86","Activites pour la sante humaine","354","J1410","Prothésiste dentaire"
"86","Activites pour la sante humaine","355","J1411","Orthoprothésiste"
"86","Activites pour la sante humaine","356","J1412","Psychomotricien / Psychomotricienne"
"86","Activites pour la sante humaine","488767","J1413","Physiothérapeute"
"86","Activites pour la sante humaine","512364","J1414","Coordinateur / Coordinatrice en activité physique adaptée"
"86","Activites pour la sante humaine","512363","J1415","Enseignant / Enseignante en activité physique adaptée (EAPA)"
"86","Activites pour la sante humaine","509825","J1416","Chiropracteur / Chiropractrice"
"86","Activites pour la sante humaine","357","J1501","Aide-soignant / Aide-soignante"
"86","Activites pour la sante humaine","358","J1502","Cadre de santé d'unité de soins ou de service paramédical"
"86","Activites pour la sante humaine","359","J1503","Infirmier / Infirmière anesthésiste (IADE)"
"86","Activites pour la sante humaine","360","J1504","Infirmier / Infirmière de bloc opératoire (IBODE)"
"86","Activites pour la sante humaine","361","J1505","Infirmier / Infirmière de prévention"
"86","Activites pour la sante humaine","362","J1506","Infirmier / Infirmière en soins généraux (IDE)"
"86","Activites pour la sante humaine","363","J1507","Puériculteur / Puéricultrice"
"86","Activites pour la sante humaine","488289","J1508","Infirmier / Infirmière en Pratique Avancée (IPA)"
"86","Activites pour la sante humaine","488350","J1509","Responsable de secteur coordinateur / Responsable de secteur coordinatrice"
"86","Activites pour la sante humaine","488567","J1510","Infirmier coordonnateur / Infirmière coordonnatrice (IDEC)"
"86","Activites pour la sante humaine","488872","J1511","Infirmier / Infirmière scolaire"
"86","Activites pour la sante humaine","489197","J1512","Infirmier / Infirmière de santé au travail"
"86","Activites pour la sante humaine","366","K1103","Conseiller / Conseillère en développement personnel"
"86","Activites pour la sante humaine","367","K1104","Psychologue"
"86","Activites pour la sante humaine","489075","K1105","Art thérapeute"
"86","Activites pour la sante humaine","510399","K1106","Sophrologue"
"86","Activites pour la sante humaine","509926","K1108","Intervenant / Intervenante en pratique de soins non conventionnelle"
"86","Activites pour la sante humaine","509382","K1109","Graphothérapeute"
"86","Activites pour la sante humaine","510052","K1111","Psychanalyste"
"86","Activites pour la sante humaine","510066","K1112","Addictologue"
"86","Activites pour la sante humaine","510314","K1113","Psychologue du travail"
"86","Activites pour la sante humaine","519872","K1114","Psychologue scolaire"
"86","Activites pour la sante humaine","374","K1207","Educateur spécialisé / Educatrice spécialisée"
"86","Activites pour la sante humaine","510400","K1214","Conseiller / Conseillère en génétique"
"86","Activites pour la sante humaine","509756","K1220","Médiateur / Médiatrice en santé"
"86","Activites pour la sante humaine","375","K1301","Educateur / Educatrice en locomotion"
"86","Activites pour la sante humaine","376","K1302","Assistant / Assistante de vie dépendance"
"86","Activites pour la sante humaine","380","K1402","Médecin conseil"
"86","Activites pour la sante humaine","381","K1403","Directeur / Directrice d'établissement pour personnes âgées"
"86","Activites pour la sante humaine","488293","K1407","Directeur / Directrice d'établissement médicosocial"
"86","Activites pour la sante humaine","509782","K1411","Inspecteur / Inspectrice vétérinaire"
"86","Activites pour la sante humaine","509923","K1414","Chargé / Chargée de mission santé publique"
"86","Activites pour la sante humaine","509933","K1415","Directeur / Directrice d'établissement privé de santé"
"86","Activites pour la sante humaine","510160","K1421","Directeur / Directrice de centre hospitalier"
"86","Activites pour la sante humaine","427","K2402","Ingénieur / Ingénieure de recherche scientifique"
"86","Activites pour la sante humaine","488272","K2404","Chargé / Chargée de recherche en industrie pharmaceutique"
"86","Activites pour la sante humaine","488279","K2405","Attaché / Attachée de recherche clinique en milieu hospitalier"
"86","Activites pour la sante humaine","510455","M1212","Gestionnaire de lits"
"86","Activites pour la sante humaine","488778","M1412","Ergonome"
"86","Activites pour la sante humaine","509408","M1417","Intervenant / Intervenante en Prévention des Risques Professionnels - IPRP"
"86","Activites pour la sante humaine","482","M1609","Secrétaire médical / Secrétaire médicale"
"86","Activites pour la sante humaine","489184","M1617","Médecin responsable de la Documentation et de l'Information Médicale (Médecin responsable DIM)"
"86","Activites pour la sante humaine","510247","M1880","Spécialiste e-santé"
"87","Hebergement medico-social et social","77","C1502","Chargé / Chargée de gestion locative en immobilier"
"87","Hebergement medico-social et social","358","J1502","Cadre de santé d'unité de soins ou de service paramédical"
"87","Hebergement medico-social et social","361","J1505","Infirmier / Infirmière de prévention"
"87","Hebergement medico-social et social","362","J1506","Infirmier / Infirmière en soins généraux (IDE)"
"87","Hebergement medico-social et social","488289","J1508","Infirmier / Infirmière en Pratique Avancée (IPA)"
"87","Hebergement medico-social et social","488350","J1509","Responsable de secteur coordinateur / Responsable de secteur coordinatrice"
"87","Hebergement medico-social et social","488567","J1510","Infirmier coordonnateur / Infirmière coordonnatrice (IDEC)"
"87","Hebergement medico-social et social","488325","K1208","Moniteur éducateur / Monitrice éducatrice"
"87","Hebergement medico-social et social","488587","K1209","Coordonnateur / Coordonnatrice de projet socioéducatif"
"87","Hebergement medico-social et social","509756","K1220","Médiateur / Médiatrice en santé"
"87","Hebergement medico-social et social","510032","K1225","Conseiller / Conseillère en économie sociale et familiale (CESF)"
"87","Hebergement medico-social et social","28964","K1305","Technicien / Technicienne d'Intervention Sociale et Familiale (TISF)"
"87","Hebergement medico-social et social","404044","K1306","Accompagnant Educatif et Social (AES) / Accompagnante Educative et Sociale (AES)"
"87","Hebergement medico-social et social","404543","K1309","Assistant familial / Assistante familiale"
"87","Hebergement medico-social et social","488323","K1311","Assistant / Assistante de vie aux familles"
"87","Hebergement medico-social et social","488338","K1312","Accueillant familial / Accueillante familiale thérapeutique auprès d'adultes"
"87","Hebergement medico-social et social","380","K1402","Médecin conseil"
"87","Hebergement medico-social et social","381","K1403","Directeur / Directrice d'établissement pour personnes âgées"
"87","Hebergement medico-social et social","488293","K1407","Directeur / Directrice d'établissement médicosocial"
"87","Hebergement medico-social et social","488294","K1408","Responsable de secteur d'aide à domicile"
"87","Hebergement medico-social et social","510283","K1413","Directeur / Directrice d'établissement à caractère social"
"87","Hebergement medico-social et social","509933","K1415","Directeur / Directrice d'établissement privé de santé"
"87","Hebergement medico-social et social","510160","K1421","Directeur / Directrice de centre hospitalier"
"87","Hebergement medico-social et social","510049","K1810","Agent / Agente de développement d'habitat social"
"87","Hebergement medico-social et social","488342","M1713","Responsable d'associations de patients en industrie pharmaceutique"
"88","Action sociale sans hebergement","184","G1203","Animateur / Animatrice jeunesse"
"88","Action sociale sans hebergement","488288","G1220","Educateur sportif / Educatrice sportive spécialisé(e) en activités physiques et sportives adaptées"
"88","Action sociale sans hebergement","509666","G1237","Directeur / Directrice d'accueil de loisirs sans hébergement"
"88","Action sociale sans hebergement","509764","G1239","Responsable d'animation"
"88","Action sociale sans hebergement","510396","G1241","Directeur / Directrice de centre de séjour de vacances"
"88","Action sociale sans hebergement","341","J1304","Auxiliaire de puériculture"
"88","Action sociale sans hebergement","361","J1505","Infirmier / Infirmière de prévention"
"88","Action sociale sans hebergement","363","J1507","Puériculteur / Puéricultrice"
"88","Action sociale sans hebergement","488350","J1509","Responsable de secteur coordinateur / Responsable de secteur coordinatrice"
"88","Action sociale sans hebergement","364","K1101","Conseiller conjugal et familial / Conseillère conjugale et familiale"
"88","Action sociale sans hebergement","365","K1102","Mandataire judiciaire à la protection des majeurs (MJPM)"
"88","Action sociale sans hebergement","509558","K1107","Conseiller / Conseillère d'orientation psychologue"
"88","Action sociale sans hebergement","509707","K1110","Tuteur / Tutrice aux majeurs protégés"
"88","Action sociale sans hebergement","368","K1201","Assistant social / Assistante sociale"
"88","Action sociale sans hebergement","369","K1202","Educateur / Educatrice de jeunes enfants"
"88","Action sociale sans hebergement","370","K1203","Educateur technique spécialisé / Educatrice technique spécialisée"
"88","Action sociale sans hebergement","371","K1204","Médiateur social / Médiatrice sociale"
"88","Action sociale sans hebergement","372","K1205","Agent / Agente d'accueil social"
"88","Action sociale sans hebergement","373","K1206","Animateur coordinateur socioculturel / Animatrice coordinatrice socioculturelle"
"88","Action sociale sans hebergement","374","K1207","Educateur spécialisé / Educatrice spécialisée"
"88","Action sociale sans hebergement","488325","K1208","Moniteur éducateur / Monitrice éducatrice"
"88","Action sociale sans hebergement","488587","K1209","Coordonnateur / Coordonnatrice de projet socioéducatif"
"88","Action sociale sans hebergement","488783","K1210","Educateur / Educatrice de la protection judiciaire de la jeunesse"
"88","Action sociale sans hebergement","489059","K1211","Conseiller / Conseillère d'Insertion et de Probation (CIP)"
"88","Action sociale sans hebergement","509376","K1213","Médiateur culturel / Médiatrice culturelle"
"88","Action sociale sans hebergement","509410","K1215","Moniteur / Monitrice d'atelier en milieu de travail protégé"
"88","Action sociale sans hebergement","509415","K1216","Responsable de structure multi accueil petite enfance"
"88","Action sociale sans hebergement","509503","K1217","Animateur socioéducatif / Animatrice socioéducative"
"88","Action sociale sans hebergement","509687","K1218","Responsable de maison de quartier"
"88","Action sociale sans hebergement","509696","K1219","Directeur / Directrice de centre socioculturel"
"88","Action sociale sans hebergement","509756","K1220","Médiateur / Médiatrice en santé"
"88","Action sociale sans hebergement","509896","K1221","Ecoutant social / Ecoutante sociale"
"88","Action sociale sans hebergement","509911","K1222","Coordinateur / Coordinatrice d'équipes de médiation"
"88","Action sociale sans hebergement","510181","K1224","Encadrant / Encadrante technique d'insertion socioprofessionnelle"
"88","Action sociale sans hebergement","510032","K1225","Conseiller / Conseillère en économie sociale et familiale (CESF)"
"88","Action sociale sans hebergement","510058","K1226","Chargé / Chargée de médiation interculturelle"
"88","Action sociale sans hebergement","510196","K1230","Coordonnateur / Coordonnatrice de service social"
"88","Action sociale sans hebergement","375","K1301","Educateur / Educatrice en locomotion"
"88","Action sociale sans hebergement","376","K1302","Assistant / Assistante de vie dépendance"
"88","Action sociale sans hebergement","377","K1303","Garde d'enfant"
"88","Action sociale sans hebergement","378","K1304","Employé familial / Employée familiale"
"88","Action sociale sans hebergement","28964","K1305","Technicien / Technicienne d'Intervention Sociale et Familiale (TISF)"
"88","Action sociale sans hebergement","404044","K1306","Accompagnant Educatif et Social (AES) / Accompagnante Educative et Sociale (AES)"
"88","Action sociale sans hebergement","404045","K1307","Animateur / Animatrice petite enfance"
"88","Action sociale sans hebergement","404543","K1309","Assistant familial / Assistante familiale"
"88","Action sociale sans hebergement","404544","K1310","Assistant maternel / Assistante maternelle"
"88","Action sociale sans hebergement","488323","K1311","Assistant / Assistante de vie aux familles"
"88","Action sociale sans hebergement","489223","K1313","Employé / Employée au pair"
"88","Action sociale sans hebergement","509757","K1314","Auxiliaire de vie sociale auprès d'enfants"
"88","Action sociale sans hebergement","488293","K1407","Directeur / Directrice d'établissement médicosocial"
"88","Action sociale sans hebergement","488294","K1408","Responsable de secteur d'aide à domicile"
"88","Action sociale sans hebergement","509923","K1414","Chargé / Chargée de mission santé publique"
"88","Action sociale sans hebergement","385","K1502","Inspecteur / Inspectrice du travail"
"88","Action sociale sans hebergement","398","K1801","Conseiller / Conseillère en insertion professionnelle"
"88","Action sociale sans hebergement","509661","K1805","Chargé / Chargée de développement social"
"88","Action sociale sans hebergement","509882","K1808","Chargé / Chargée de développement culturel"
"88","Action sociale sans hebergement","510049","K1810","Agent / Agente de développement d'habitat social"
"88","Action sociale sans hebergement","510071","K1811","Chargé / Chargée de projet en aménagement du territoire"
"88","Action sociale sans hebergement","510147","K1812","Chargé / Chargée de projet emploi"
"88","Action sociale sans hebergement","510304","K1814","Chargé / Chargée d'emploi en entreprise de travail temporaire"
"88","Action sociale sans hebergement","415","K2112","Conseiller / Conseillère d'orientation"
"88","Action sociale sans hebergement","404546","K2113","Accompagnant / Accompagnante des élèves en situation de handicap (AESH)"
"88","Action sociale sans hebergement","510248","M1304","Directeur / Directrice d'unité de services au public"
"9","Services de soutien aux industries extractives","146","F1105","Géologue"
"9","Services de soutien aux industries extractives","509414","F1128","Géotechnicien / Géotechnicienne"
"9","Services de soutien aux industries extractives","510268","F1143","Géophysicien / Géophysicienne"
"9","Services de soutien aux industries extractives","156","F1401","Foreur / Foreuse"
"9","Services de soutien aux industries extractives","276","H2804","Pilote de centrale de béton"
"9","Services de soutien aux industries extractives","519759","H2810","Agent / Agente technique de centrale à enrobés"
"90","Activites creatives, artistiques et de spectacle","509692","A1508","Dresseur animalier / Dresseuse animalière"
"90","Activites creatives, artistiques et de spectacle","36","B1101","Artiste Plasticien / Plasticienne"
"90","Activites creatives, artistiques et de spectacle","520153","B1104","Artiste peintre"
"90","Activites creatives, artistiques et de spectacle","37","B1201","Céramiste"
"90","Activites creatives, artistiques et de spectacle","39","B1302","Décorateur / Décoratrice d'objets d'art"
"90","Activites creatives, artistiques et de spectacle","40","B1303","Graveur / Graveuse d'art"
"90","Activites creatives, artistiques et de spectacle","488724","B1304","Artisan démonstrateur / Artisane démonstratrice"
"90","Activites creatives, artistiques et de spectacle","489064","B1403","Restaurateur / Restauratrice de livres anciens"
"90","Activites creatives, artistiques et de spectacle","44","B1601","Métallier / Métallière d'art"
"90","Activites creatives, artistiques et de spectacle","45","B1602","Souffleur / Souffleuse de verre"
"90","Activites creatives, artistiques et de spectacle","404957","B1605","Bijoutier / Bijoutière"
"90","Activites creatives, artistiques et de spectacle","404968","B1606","Joaillier / Joaillière"
"90","Activites creatives, artistiques et de spectacle","404976","B1609","Responsable d'atelier en bijouterie ou joaillerie"
"90","Activites creatives, artistiques et de spectacle","404977","B1610","Sertisseur / Sertisseuse en bijouterie ou joaillerie"
"90","Activites creatives, artistiques et de spectacle","404964","B1612","Concepteur / Conceptrice numérique en bijouterie joaillerie"
"90","Activites creatives, artistiques et de spectacle","488744","B1613","Orfèvre"
"90","Activites creatives, artistiques et de spectacle","489215","B1614","Monteur / Monteuse en orfèvrerie"
"90","Activites creatives, artistiques et de spectacle","490200","B1615","Orfèvre tourneur repousseur / Orfèvre tourneuse repousseuse"
"90","Activites creatives, artistiques et de spectacle","520416","B1617","Coutelier / Coutelière d'art"
"90","Activites creatives, artistiques et de spectacle","520427","B1618","Vitrailliste"
"90","Activites creatives, artistiques et de spectacle","54","B1806","Tapissier / Tapissière d'ameublement"
"90","Activites creatives, artistiques et de spectacle","520875","B1816","Tisserand / Tisserande d'art"
"90","Activites creatives, artistiques et de spectacle","520473","D1515","Agent / Agente de billetterie"
"90","Activites creatives, artistiques et de spectacle","125","E1107","Chef / Cheffe de projet événementiel"
"90","Activites creatives, artistiques et de spectacle","488867","E1111","Game master"
"90","Activites creatives, artistiques et de spectacle","520491","E1134","Scénariste"
"90","Activites creatives, artistiques et de spectacle","131","E1205","Designer graphique"
"90","Activites creatives, artistiques et de spectacle","510016","E1211","Dessinateur-illustrateur / Dessinatrice-illustratrice"
"90","Activites creatives, artistiques et de spectacle","519493","E1212","Restaurateur / Restauratrice numérique image"
"90","Activites creatives, artistiques et de spectacle","489193","G1223","Animateur / Animatrice en site de divertissement"
"90","Activites creatives, artistiques et de spectacle","488633","G1225","Ouvreur / Ouvreuse de salle de spectacles"
"90","Activites creatives, artistiques et de spectacle","488899","G1409","Manager en restauration rapide"
"90","Activites creatives, artistiques et de spectacle","489568","G1414","Directeur / Directrice d'exploitation de site de divertissement"
"90","Activites creatives, artistiques et de spectacle","490329","H3407","Metteur au bain / Metteuse au bain argenture - dorure en orfèvrerie"
"90","Activites creatives, artistiques et de spectacle","490351","H3408","Metteur au point polisseur / Metteuse au point polisseuse sur matrice en orfèvrerie"
"90","Activites creatives, artistiques et de spectacle","509704","I1329","Technicien / Technicienne d'exploitation et de maintenance des équipements audiovisuels"
"90","Activites creatives, artistiques et de spectacle","509376","K1213","Médiateur culturel / Médiatrice culturelle"
"90","Activites creatives, artistiques et de spectacle","488727","K1605","Commissaire d'exposition"
"90","Activites creatives, artistiques et de spectacle","520208","K1611","Iconographe"
"90","Activites creatives, artistiques et de spectacle","509819","K2411","Musicologue"
"90","Activites creatives, artistiques et de spectacle","435","L1101","DJ"
"90","Activites creatives, artistiques et de spectacle","510454","L1104","Animateur / Animatrice événementiel"
"90","Activites creatives, artistiques et de spectacle","438","L1201","Danseur / Danseuse"
"90","Activites creatives, artistiques et de spectacle","439","L1202","Musicien / Musicienne"
"90","Activites creatives, artistiques et de spectacle","440","L1203","Comédien / Comédienne"
"90","Activites creatives, artistiques et de spectacle","441","L1204","Artiste de cirque"
"90","Activites creatives, artistiques et de spectacle","488723","L1205","Artiste-interprète"
"90","Activites creatives, artistiques et de spectacle","488757","L1206","Cavalier / Cavalière de spectacle"
"90","Activites creatives, artistiques et de spectacle","488789","L1207","Cascadeur / Cascadeuse"
"90","Activites creatives, artistiques et de spectacle","489202","L1208","Mascotte-personnage"
"90","Activites creatives, artistiques et de spectacle","509645","L1209","Performeur / Performeuse de cabaret"
"90","Activites creatives, artistiques et de spectacle","509934","L1210","Orchestrateur / Orchestratrice"
"90","Activites creatives, artistiques et de spectacle","510402","L1211","Chorégraphe"
"90","Activites creatives, artistiques et de spectacle","518413","L1212","Chanteur / Chanteuse"
"90","Activites creatives, artistiques et de spectacle","518457","L1213","Auteur-compositeur-interprète / Auteure-compositrice-interprète"
"90","Activites creatives, artistiques et de spectacle","518497","L1214","Chef / Cheffe d'orchestre"
"90","Activites creatives, artistiques et de spectacle","518557","L1215","Humoriste"
"90","Activites creatives, artistiques et de spectacle","520493","L1216","Acteur / Actrice de complément"
"90","Activites creatives, artistiques et de spectacle","442","L1301","Metteur / Metteuse en scène"
"90","Activites creatives, artistiques et de spectacle","443","L1302","Producteur / Productrice audiovisuel et cinéma"
"90","Activites creatives, artistiques et de spectacle","444","L1303","Agent / Agente de talent"
"90","Activites creatives, artistiques et de spectacle","489569","L1305","Directeur / Directrice artistique spectacle"
"90","Activites creatives, artistiques et de spectacle","509920","L1306","Réalisateur / Réalisatrice audiovisuel"
"90","Activites creatives, artistiques et de spectacle","510394","L1307","Assistant / Assistante mise en scène"
"90","Activites creatives, artistiques et de spectacle","510423","L1308","Directeur / Directrice de production audiovisuelle et cinéma"
"90","Activites creatives, artistiques et de spectacle","518852","L1310","Directeur / Directrice de salle de spectacles"
"90","Activites creatives, artistiques et de spectacle","519041","L1311","Chargé / Chargée de production de spectacles"
"90","Activites creatives, artistiques et de spectacle","519308","L1312","Administrateur / Administratrice de tournées"
"90","Activites creatives, artistiques et de spectacle","520489","L1314","Chargé / Chargée de programme"
"90","Activites creatives, artistiques et de spectacle","520496","L1317","Directeur / Directrice de casting"
"90","Activites creatives, artistiques et de spectacle","447","L1501","Maquilleur / Maquilleuse spectacle"
"90","Activites creatives, artistiques et de spectacle","448","L1502","Costumier / Costumière"
"90","Activites creatives, artistiques et de spectacle","449","L1503","Accessoiriste"
"90","Activites creatives, artistiques et de spectacle","450","L1504","Eclairagiste"
"90","Activites creatives, artistiques et de spectacle","451","L1505","Opérateur / Opératrice de prise de vues"
"90","Activites creatives, artistiques et de spectacle","452","L1506","Machiniste spectacle"
"90","Activites creatives, artistiques et de spectacle","454","L1508","Ingénieur / Ingénieure du son"
"90","Activites creatives, artistiques et de spectacle","455","L1509","Régisseur / Régisseuse de production"
"90","Activites creatives, artistiques et de spectacle","488715","L1511","Technicien / Technicienne spectacle en site de divertissement"
"90","Activites creatives, artistiques et de spectacle","489065","L1512","Régisseur / Régisseuse de spectacles"
"90","Activites creatives, artistiques et de spectacle","489172","L1513","Scénographe"
"90","Activites creatives, artistiques et de spectacle","510478","L1514","Chef opérateur / Cheffe opératrice image"
"90","Activites creatives, artistiques et de spectacle","509649","L1515","Technicien / Technicienne plateau"
"90","Activites creatives, artistiques et de spectacle","510281","L1516","Coiffeur / Coiffeuse spectacle"
"90","Activites creatives, artistiques et de spectacle","509678","L1517","Chef coiffeur / Cheffe coiffeuse spectacle"
"90","Activites creatives, artistiques et de spectacle","509776","L1518","Chef habilleur / Cheffe habilleuse"
"90","Activites creatives, artistiques et de spectacle","510259","L1519","Technicien / Technicienne vidéo"
"90","Activites creatives, artistiques et de spectacle","509826","L1520","Concepteur / Conceptrice de costumes"
"90","Activites creatives, artistiques et de spectacle","510191","L1521","Chef / Cheffe accessoiriste"
"90","Activites creatives, artistiques et de spectacle","510046","L1522","Opérateur / Opératrice d'effets visuels physiques audiovisuel et cinéma"
"90","Activites creatives, artistiques et de spectacle","510144","L1523","Artificier / Artificière spectacle"
"90","Activites creatives, artistiques et de spectacle","509676","L1524","Chef décorateur / Cheffe décoratrice spectacle"
"90","Activites creatives, artistiques et de spectacle","510149","L1525","Chef / Cheffe machiniste spectacle"
"90","Activites creatives, artistiques et de spectacle","510175","L1526","Régisseur / Régisseuse de scène"
"90","Activites creatives, artistiques et de spectacle","510180","L1527","Chef constructeur / Cheffe constructrice en décors"
"90","Activites creatives, artistiques et de spectacle","515392","L1528","Machiniste de prise de vues"
"91","Bibliotheques, archives, musees et autres activites culturelles","10","A1204","Garde nature"
"91","Bibliotheques, archives, musees et autres activites culturelles","515382","A1215","Agent / Agente d'aires marines protégées"
"91","Bibliotheques, archives, musees et autres activites culturelles","515409","A1317","Gestionnaire d'aires marines protégées"
"91","Bibliotheques, archives, musees et autres activites culturelles","518742","A1323","Ornithologue"
"91","Bibliotheques, archives, musees et autres activites culturelles","54","B1806","Tapissier / Tapissière d'ameublement"
"91","Bibliotheques, archives, musees et autres activites culturelles","520473","D1515","Agent / Agente de billetterie"
"91","Bibliotheques, archives, musees et autres activites culturelles","123","E1105","Editeur / Editrice"
"91","Bibliotheques, archives, musees et autres activites culturelles","520262","E1132","Directeur éditorial / Directrice éditoriale"
"91","Bibliotheques, archives, musees et autres activites culturelles","180","G1101","Agent / Agente d'accueil touristique"
"91","Bibliotheques, archives, musees et autres activites culturelles","488584","G1103","Directeur / Directrice d'espace naturel protégé"
"91","Bibliotheques, archives, musees et autres activites culturelles","488794","G1106","Animateur / Animatrice du patrimoine"
"91","Bibliotheques, archives, musees et autres activites culturelles","512361","G1242","Médiateur / Médiatrice scientifique"
"91","Bibliotheques, archives, musees et autres activites culturelles","515404","G1243","Responsable d'éducation et d'animation à l'environnement"
"91","Bibliotheques, archives, musees et autres activites culturelles","519419","G1248","Agent / Agente d'accueil en cinéma"
"91","Bibliotheques, archives, musees et autres activites culturelles","509781","G1418","Directeur / Directrice de salle de cinéma"
"91","Bibliotheques, archives, musees et autres activites culturelles","509376","K1213","Médiateur culturel / Médiatrice culturelle"
"91","Bibliotheques, archives, musees et autres activites culturelles","389","K1601","Documentaliste"
"91","Bibliotheques, archives, musees et autres activites culturelles","390","K1602","Conservateur / Conservatrice du patrimoine"
"91","Bibliotheques, archives, musees et autres activites culturelles","488327","K1603","Bibliothécaire"
"91","Bibliotheques, archives, musees et autres activites culturelles","488610","K1604","Directeur / Directrice d'établissement culturel"
"91","Bibliotheques, archives, musees et autres activites culturelles","488727","K1605","Commissaire d'exposition"
"91","Bibliotheques, archives, musees et autres activites culturelles","488758","K1606","Responsable de la conservation préventive"
"91","Bibliotheques, archives, musees et autres activites culturelles","489080","K1607","Conservateur / Conservatrice des antiquités et objets d'art"
"91","Bibliotheques, archives, musees et autres activites culturelles","520053","K1608","Directeur / Directrice d'établissement patrimonial"
"91","Bibliotheques, archives, musees et autres activites culturelles","520055","K1609","Technicien / Technicienne en manipulation d'½uvres d'art"
"91","Bibliotheques, archives, musees et autres activites culturelles","520081","K1610","Régisseur d'½uvres d'art / Régisseuse d'½uvres d'art"
"91","Bibliotheques, archives, musees et autres activites culturelles","520265","K1612","Conservateur / Conservatrice d'archives"
"91","Bibliotheques, archives, musees et autres activites culturelles","520272","K1613","Archiviste"
"91","Bibliotheques, archives, musees et autres activites culturelles","520338","K1614","Directeur / Directrice de médiathèque"
"91","Bibliotheques, archives, musees et autres activites culturelles","509546","K2125","Archéologue"
"91","Bibliotheques, archives, musees et autres activites culturelles","510172","K2415","Paléographe"
"91","Bibliotheques, archives, musees et autres activites culturelles","441","L1204","Artiste de cirque"
"91","Bibliotheques, archives, musees et autres activites culturelles","488333","N1106","Déménageur / Déménageuse d'½uvres d'art"
"92","Organisation de jeux de hasard et d'argent","187","G1206","Croupier / Croupière"
"92","Organisation de jeux de hasard et d'argent","518470","G1244","Directeur / Directrice des jeux"
"92","Organisation de jeux de hasard et d'argent","509656","G1417","Exploitant / Exploitante de casino de jeux"
"93","Activites sportives, recreatives et de loisirs","10","A1204","Garde nature"
"93","Activites sportives, recreatives et de loisirs","510256","A1214","Patrouilleur modeleur / Patrouilleuse modeleuse VTT"
"93","Activites sportives, recreatives et de loisirs","515396","A1217","Responsable de gardes nature"
"93","Activites sportives, recreatives et de loisirs","521035","A1220","Jardinier / Jardinière paysagiste en terrain de sport"
"93","Activites sportives, recreatives et de loisirs","518742","A1323","Ornithologue"
"93","Activites sportives, recreatives et de loisirs","33","A1502","Maréchal-ferrant / Maréchale-ferrante"
"93","Activites sportives, recreatives et de loisirs","488759","A1506","Soigneur animalier / Soigneuse animalière"
"93","Activites sportives, recreatives et de loisirs","510027","A1510","Préparateur / Préparatrice d'équidés"
"93","Activites sportives, recreatives et de loisirs","36","B1101","Artiste Plasticien / Plasticienne"
"93","Activites sportives, recreatives et de loisirs","488724","B1304","Artisan démonstrateur / Artisane démonstratrice"
"93","Activites sportives, recreatives et de loisirs","520427","B1618","Vitrailliste"
"93","Activites sportives, recreatives et de loisirs","489040","C1506","Responsable de projet immobilier"
"93","Activites sportives, recreatives et de loisirs","97","D1211","Vendeur / Vendeuse d'articles de sport et loisirs"
"93","Activites sportives, recreatives et de loisirs","509761","D1235","Plagiste"
"93","Activites sportives, recreatives et de loisirs","488868","D1415","Chargé / Chargée de relation client"
"93","Activites sportives, recreatives et de loisirs","520473","D1515","Agent / Agente de billetterie"
"93","Activites sportives, recreatives et de loisirs","125","E1107","Chef / Cheffe de projet événementiel"
"93","Activites sportives, recreatives et de loisirs","488867","E1111","Game master"
"93","Activites sportives, recreatives et de loisirs","509944","E1117","Conseiller / Conseillère en organisation d'événementiel de particuliers"
"93","Activites sportives, recreatives et de loisirs","510057","F1303","Conducteur / Conductrice d'engin de damage"
"93","Activites sportives, recreatives et de loisirs","180","G1101","Agent / Agente d'accueil touristique"
"93","Activites sportives, recreatives et de loisirs","488794","G1106","Animateur / Animatrice du patrimoine"
"93","Activites sportives, recreatives et de loisirs","183","G1202","Animateur / Animatrice d'atelier artistique ou ludique"
"93","Activites sportives, recreatives et de loisirs","184","G1203","Animateur / Animatrice jeunesse"
"93","Activites sportives, recreatives et de loisirs","185","G1204","Educateur sportif / Educatrice sportive"
"93","Activites sportives, recreatives et de loisirs","186","G1205","Opérateur / Opératrice d'attraction"
"93","Activites sportives, recreatives et de loisirs","403072","G1207","Surveillant / Surveillante de baignade"
"93","Activites sportives, recreatives et de loisirs","403077","G1208","Entraîneur / Entraîneure de sport professionnel et de haut niveau"
"93","Activites sportives, recreatives et de loisirs","403078","G1209","Animateur / Animatrice de loisirs sportifs"
"93","Activites sportives, recreatives et de loisirs","403958","G1210","Enseignant / Enseignante d'équitation"
"93","Activites sportives, recreatives et de loisirs","404961","G1211","Analyste de la performance sportive"
"93","Activites sportives, recreatives et de loisirs","404962","G1212","Animateur socio-sportif / Animatrice socio-sportive"
"93","Activites sportives, recreatives et de loisirs","404963","G1213","Chargé / Chargée de développement d'activités sportives"
"93","Activites sportives, recreatives et de loisirs","404966","G1214","Directeur sportif / Directrice sportive"
"93","Activites sportives, recreatives et de loisirs","404967","G1215","Educateur sportif / Educatrice sportive Santé"
"93","Activites sportives, recreatives et de loisirs","404970","G1216","Moniteur / Monitrice de sport nature"
"93","Activites sportives, recreatives et de loisirs","404971","G1217","Moniteur / Monitrice en salle de sport"
"93","Activites sportives, recreatives et de loisirs","404975","G1218","Préparateur / Préparatrice physique"
"93","Activites sportives, recreatives et de loisirs","488277","G1219","Recruteur sportif / Recruteuse sportive"
"93","Activites sportives, recreatives et de loisirs","488598","G1221","Responsable des attractions"
"93","Activites sportives, recreatives et de loisirs","489193","G1223","Animateur / Animatrice en site de divertissement"
"93","Activites sportives, recreatives et de loisirs","488616","G1224","Maître-nageur sauveteur / Maître-nageuse sauveteuse"
"93","Activites sportives, recreatives et de loisirs","488733","G1226","Chef / Cheffe de bassin"
"93","Activites sportives, recreatives et de loisirs","488779","G1228","Guide de haute montagne"
"93","Activites sportives, recreatives et de loisirs","489165","G1229","Guide-accompagnateur / Guide-accompagnatrice de pêche"
"93","Activites sportives, recreatives et de loisirs","488860","G1230","Guide de tourisme équestre"
"93","Activites sportives, recreatives et de loisirs","489016","G1231","Accompagnateur / Accompagnatrice nature"
"93","Activites sportives, recreatives et de loisirs","489046","G1232","Opérateur / Opératrice de parcours acrobatique dans les arbres"
"93","Activites sportives, recreatives et de loisirs","489070","G1234","Musher guide de randonnée en traîneau"
"93","Activites sportives, recreatives et de loisirs","509374","G1235","Animateur / Animatrice de séjour de vacances"
"93","Activites sportives, recreatives et de loisirs","509387","G1236","Animateur / Animatrice de club de vacances"
"93","Activites sportives, recreatives et de loisirs","509666","G1237","Directeur / Directrice d'accueil de loisirs sans hébergement"
"93","Activites sportives, recreatives et de loisirs","509760","G1238","Animateur / Animatrice d'atelier multimédia"
"93","Activites sportives, recreatives et de loisirs","509764","G1239","Responsable d'animation"
"93","Activites sportives, recreatives et de loisirs","510150","G1240","Educateur / Educatrice nature environnement"
"93","Activites sportives, recreatives et de loisirs","510396","G1241","Directeur / Directrice de centre de séjour de vacances"
"93","Activites sportives, recreatives et de loisirs","518647","G1245","Accompagnateur / Accompagnatrice en moyenne montagne"
"93","Activites sportives, recreatives et de loisirs","518649","G1246","Animateur / Animatrice mobilité à vélo"
"93","Activites sportives, recreatives et de loisirs","518938","G1247","Surveillant / Surveillante d'espaces aquatiques"
"93","Activites sportives, recreatives et de loisirs","519419","G1248","Agent / Agente d'accueil en cinéma"
"93","Activites sportives, recreatives et de loisirs","193","G1403","Responsable de service en établissement touristique"
"93","Activites sportives, recreatives et de loisirs","404965","G1405","Directeur / Directrice de structure sportive"
"93","Activites sportives, recreatives et de loisirs","488348","G1406","Directeur / Directrice d'équipement sportif"
"93","Activites sportives, recreatives et de loisirs","489204","G1412","Directeur / Directrice de parc à thème"
"93","Activites sportives, recreatives et de loisirs","489568","G1414","Directeur / Directrice d'exploitation de site de divertissement"
"93","Activites sportives, recreatives et de loisirs","509781","G1418","Directeur / Directrice de salle de cinéma"
"93","Activites sportives, recreatives et de loisirs","518924","G1709","Agent / Agente d'accueil et de prévention en camping"
"93","Activites sportives, recreatives et de loisirs","488930","I1105","Responsable de maintenance et d'exploitation"
"93","Activites sportives, recreatives et de loisirs","509914","I1331","Nivoculteur / Nivocultrice"
"93","Activites sportives, recreatives et de loisirs","488866","I1618","Mécanicien / Mécanicienne en matériels motorisés de parcs et jardins"
"93","Activites sportives, recreatives et de loisirs","512364","J1414","Coordinateur / Coordinatrice en activité physique adaptée"
"93","Activites sportives, recreatives et de loisirs","488610","K1604","Directeur / Directrice d'établissement culturel"
"93","Activites sportives, recreatives et de loisirs","510040","K1726","Pisteur / Pisteuse secouriste"
"93","Activites sportives, recreatives et de loisirs","510428","K1728","Régulateur / Régulatrice de secours en montagne"
"93","Activites sportives, recreatives et de loisirs","435","L1101","DJ"
"93","Activites sportives, recreatives et de loisirs","438","L1201","Danseur / Danseuse"
"93","Activites sportives, recreatives et de loisirs","441","L1204","Artiste de cirque"
"93","Activites sportives, recreatives et de loisirs","488723","L1205","Artiste-interprète"
"93","Activites sportives, recreatives et de loisirs","488757","L1206","Cavalier / Cavalière de spectacle"
"93","Activites sportives, recreatives et de loisirs","489202","L1208","Mascotte-personnage"
"93","Activites sportives, recreatives et de loisirs","509645","L1209","Performeur / Performeuse de cabaret"
"93","Activites sportives, recreatives et de loisirs","510402","L1211","Chorégraphe"
"93","Activites sportives, recreatives et de loisirs","444","L1303","Agent / Agente de talent"
"93","Activites sportives, recreatives et de loisirs","518852","L1310","Directeur / Directrice de salle de spectacles"
"93","Activites sportives, recreatives et de loisirs","446","L1401","Sportif professionnel / Sportive professionnelle"
"93","Activites sportives, recreatives et de loisirs","488306","L1402","Arbitre professionnel / Professionnelle de discipline sportive"
"93","Activites sportives, recreatives et de loisirs","449","L1503","Accessoiriste"
"93","Activites sportives, recreatives et de loisirs","452","L1506","Machiniste spectacle"
"93","Activites sportives, recreatives et de loisirs","455","L1509","Régisseur / Régisseuse de production"
"93","Activites sportives, recreatives et de loisirs","489065","L1512","Régisseur / Régisseuse de spectacles"
"93","Activites sportives, recreatives et de loisirs","510281","L1516","Coiffeur / Coiffeuse spectacle"
"93","Activites sportives, recreatives et de loisirs","509678","L1517","Chef coiffeur / Cheffe coiffeuse spectacle"
"93","Activites sportives, recreatives et de loisirs","510259","L1519","Technicien / Technicienne vidéo"
"93","Activites sportives, recreatives et de loisirs","510191","L1521","Chef / Cheffe accessoiriste"
"93","Activites sportives, recreatives et de loisirs","509676","L1524","Chef décorateur / Cheffe décoratrice spectacle"
"93","Activites sportives, recreatives et de loisirs","510149","L1525","Chef / Cheffe machiniste spectacle"
"93","Activites sportives, recreatives et de loisirs","510175","L1526","Régisseur / Régisseuse de scène"
"93","Activites sportives, recreatives et de loisirs","510180","L1527","Chef constructeur / Cheffe constructrice en décors"
"93","Activites sportives, recreatives et de loisirs","488304","M1610","Intendant / Intendante du sport"
"93","Activites sportives, recreatives et de loisirs","489039","N2206","Pilote de drone"
"93","Activites sportives, recreatives et de loisirs","519637","N3108","Skipper professionnel / Skipper professionnelle"
"93","Activites sportives, recreatives et de loisirs","535","N4402","Conducteur / Conductrice de remontées mécaniques"
"94","Activites des organisations associatives","8","A1202","Ouvrier / Ouvrière d'entretien des espaces naturels"
"94","Activites des organisations associatives","10","A1204","Garde nature"
"94","Activites des organisations associatives","488640","A1207","Chef / Cheffe d'équipe de travaux de milieux naturels"
"94","Activites des organisations associatives","515388","A1216","Responsable de site naturel protégé"
"94","Activites des organisations associatives","515396","A1217","Responsable de gardes nature"
"94","Activites des organisations associatives","403951","A1304","Conseiller / Conseillère technique agricole"
"94","Activites des organisations associatives","509636","A1306","Chargé / Chargée d'étude naturaliste"
"94","Activites des organisations associatives","509640","A1307","Ingénieur forestier / Ingénieure forestière"
"94","Activites des organisations associatives","510436","A1313","Chargé / Chargée de mission environnement"
"94","Activites des organisations associatives","515385","A1315","Technicien / Technicienne naturaliste"
"94","Activites des organisations associatives","515409","A1317","Gestionnaire d'aires marines protégées"
"94","Activites des organisations associatives","515431","A1318","Technicien / Technicienne de travaux de gestion de milieu naturel"
"94","Activites des organisations associatives","515440","A1319","Ingénieur / Ingénieure écologue"
"94","Activites des organisations associatives","515445","A1320","Technicien en foncier rural / Technicienne en foncier rural"
"94","Activites des organisations associatives","515458","A1322","Technicien / Technicienne de rivière"
"94","Activites des organisations associatives","518742","A1323","Ornithologue"
"94","Activites des organisations associatives","509694","A1440","Cultivateur urbain / Cultivatrice urbaine"
"94","Activites des organisations associatives","510255","E1122","Transcripteur adaptateur / Transcriptrice adaptatrice"
"94","Activites des organisations associatives","515383","E1131","Chargé / Chargée de plaidoyer"
"94","Activites des organisations associatives","184","G1203","Animateur / Animatrice jeunesse"
"94","Activites des organisations associatives","404962","G1212","Animateur socio-sportif / Animatrice socio-sportive"
"94","Activites des organisations associatives","404966","G1214","Directeur sportif / Directrice sportive"
"94","Activites des organisations associatives","404967","G1215","Educateur sportif / Educatrice sportive Santé"
"94","Activites des organisations associatives","404970","G1216","Moniteur / Monitrice de sport nature"
"94","Activites des organisations associatives","404975","G1218","Préparateur / Préparatrice physique"
"94","Activites des organisations associatives","488616","G1224","Maître-nageur sauveteur / Maître-nageuse sauveteuse"
"94","Activites des organisations associatives","488733","G1226","Chef / Cheffe de bassin"
"94","Activites des organisations associatives","509764","G1239","Responsable d'animation"
"94","Activites des organisations associatives","510150","G1240","Educateur / Educatrice nature environnement"
"94","Activites des organisations associatives","510396","G1241","Directeur / Directrice de centre de séjour de vacances"
"94","Activites des organisations associatives","515404","G1243","Responsable d'éducation et d'animation à l'environnement"
"94","Activites des organisations associatives","518649","G1246","Animateur / Animatrice mobilité à vélo"
"94","Activites des organisations associatives","519419","G1248","Agent / Agente d'accueil en cinéma"
"94","Activites des organisations associatives","509781","G1418","Directeur / Directrice de salle de cinéma"
"94","Activites des organisations associatives","512363","J1415","Enseignant / Enseignante en activité physique adaptée (EAPA)"
"94","Activites des organisations associatives","488587","K1209","Coordonnateur / Coordonnatrice de projet socioéducatif"
"94","Activites des organisations associatives","489963","K1212","Ministre du culte"
"94","Activites des organisations associatives","509376","K1213","Médiateur culturel / Médiatrice culturelle"
"94","Activites des organisations associatives","509503","K1217","Animateur socioéducatif / Animatrice socioéducative"
"94","Activites des organisations associatives","509756","K1220","Médiateur / Médiatrice en santé"
"94","Activites des organisations associatives","510032","K1225","Conseiller / Conseillère en économie sociale et familiale (CESF)"
"94","Activites des organisations associatives","510058","K1226","Chargé / Chargée de médiation interculturelle"
"94","Activites des organisations associatives","515429","K1424","Directeur / Directrice d'association"
"94","Activites des organisations associatives","519206","K2417","Chercheur / Chercheuse du monde marin"
"94","Activites des organisations associatives","452","L1506","Machiniste spectacle"
"94","Activites des organisations associatives","510144","L1523","Artificier / Artificière spectacle"
"94","Activites des organisations associatives","510248","M1304","Directeur / Directrice d'unité de services au public"
"94","Activites des organisations associatives","510308","M1418","Recruteur / Recruteuse de donateurs"
"94","Activites des organisations associatives","515441","M1431","Chargé / Chargée de partenariat"
"94","Activites des organisations associatives","488304","M1610","Intendant / Intendante du sport"
"94","Activites des organisations associatives","488342","M1713","Responsable d'associations de patients en industrie pharmaceutique"
"94","Activites des organisations associatives","515456","M1895","Géomaticien / Géomaticienne"
"94","Activites des organisations associatives","488591","N4108","Conducteur accompagnateur / Conductrice accompagnatrice de personnes à mobilité réduite"
"94","Activites des organisations associatives","489210","N4117","Conducteur / Conductrice d'attelage"
"95","Reparation d'ordinateurs et de biens personnels et domestiques","509904","B1811","Sellier-garnisseur / Sellière-garnisseuse"
"95","Reparation d'ordinateurs et de biens personnels et domestiques","92","D1206","Cordonnier / Cordonnière"
"95","Reparation d'ordinateurs et de biens personnels et domestiques","93","D1207","Retoucheur / Retoucheuse en habillement"
"95","Reparation d'ordinateurs et de biens personnels et domestiques","320","I1401","Technicien / Technicienne de maintenance en informatique"
"95","Reparation d'ordinateurs et de biens personnels et domestiques","509771","I1407","Réparateur / Réparatrice en produits de télécommunication et multimédia"
"95","Reparation d'ordinateurs et de biens personnels et domestiques","509810","I1408","Technicien-réparateur / Technicienne-réparatrice d'appareils photographiques"
"95","Reparation d'ordinateurs et de biens personnels et domestiques","510037","I1409","Agent / Agente de maintenance en bureautique"
"95","Reparation d'ordinateurs et de biens personnels et domestiques","510406","I1410","Responsable Service Après-Vente -SAV- en électroménager"
"96","Autres services personnels","488766","A1426","Educateur canin / Educatrice canine"
"96","Autres services personnels","510265","A1447","Herboriste"
"96","Autres services personnels","34","A1503","Toiletteur / Toiletteuse d'animaux"
"96","Autres services personnels","509753","A1509","Comportementaliste animalier / Comportementaliste animalière"
"96","Autres services personnels","510288","A1511","Gardien / Gardienne d'animaux"
"96","Autres services personnels","88","D1202","Coiffeur / Coiffeuse"
"96","Autres services personnels","89","D1203","Agent / Agente de soins en hydrothérapie"
"96","Autres services personnels","94","D1208","Esthéticien / Esthéticienne"
"96","Autres services personnels","488614","D1215","Posticheur / Posticheuse"
"96","Autres services personnels","488617","D1216","Barbier / Barbière"
"96","Autres services personnels","488784","D1217","Socio-coiffeur / Socio-coiffeuse"
"96","Autres services personnels","489036","D1220","Gérant / Gérante salon de coiffure"
"96","Autres services personnels","489570","D1222","Masseur / Masseuse bien-être"
"96","Autres services personnels","509368","D1225","Responsable d'institut de beauté"
"96","Autres services personnels","509547","D1226","Nettoyeur / Nettoyeuse en cuir et peausserie"
"96","Autres services personnels","510300","D1228","Employé / Employée de laverie automatique"
"96","Autres services personnels","509567","D1229","Responsable de pressing"
"96","Autres services personnels","509646","D1231","Responsable espace bien-être"
"96","Autres services personnels","509793","D1236","Repasseur / Repasseuse"
"96","Autres services personnels","509811","D1237","Socio-esthéticien / Socio-esthéticienne"
"96","Autres services personnels","510035","D1239","Perceur corporel / Perceuse corporelle"
"96","Autres services personnels","510077","D1240","Prothésiste ongulaire"
"96","Autres services personnels","510278","D1241","Conseiller / Conseillère en image personnelle"
"96","Autres services personnels","510203","D1242","Linger / Lingère"
"96","Autres services personnels","510163","D1244","Tatoueur / Tatoueuse"
"96","Autres services personnels","510424","D1304","Responsable de station de lavage"
"96","Autres services personnels","515390","H2511","Responsable d'atelier de blanchisserie industrielle"
"96","Autres services personnels","488571","I1204","Agent / Agente d'entretien des piscines"
"96","Autres services personnels","366","K1103","Conseiller / Conseillère en développement personnel"
"96","Autres services personnels","510399","K1106","Sophrologue"
"96","Autres services personnels","376","K1302","Assistant / Assistante de vie dépendance"
"96","Autres services personnels","378","K1304","Employé familial / Employée familiale"
"96","Autres services personnels","404044","K1306","Accompagnant Educatif et Social (AES) / Accompagnante Educative et Sociale (AES)"
"96","Autres services personnels","488323","K1311","Assistant / Assistante de vie aux familles"
"96","Autres services personnels","489223","K1313","Employé / Employée au pair"
"96","Autres services personnels","488294","K1408","Responsable de secteur d'aide à domicile"
"96","Autres services personnels","510063","K2139","Chargé / Chargée de bilan professionnel"
"96","Autres services personnels","509803","K2326","Agent / Agente de mise en fourrière animale"
"96","Autres services personnels","488622","K2505","Enquêteur privé / Enquêtrice privée"
"96","Autres services personnels","431","K2601","Porteur / Porteuse funéraire"
"96","Autres services personnels","432","K2602","Conseiller / Conseillère funéraire"
"96","Autres services personnels","433","K2603","Thanatopracteur / Thanatopractrice"
"96","Autres services personnels","509390","K2604","Agent / Agente de crématorium"
"96","Autres services personnels","510294","K2605","Maître / Maîtresse de cérémonie funéraire"
"96","Autres services personnels","510017","K2606","Directeur / Directrice d'entreprise funéraire"
"96","Autres services personnels","519308","L1312","Administrateur / Administratrice de tournées"
"96","Autres services personnels","489211","N2207","Agent / Agente d'accompagnement du transport"
"96","Autres services personnels","519637","N3108","Skipper professionnel / Skipper professionnelle"
"96","Autres services personnels","488591","N4108","Conducteur accompagnateur / Conductrice accompagnatrice de personnes à mobilité réduite"
"96","Autres services personnels","489225","N4129","Conducteur / Conductrice de corbillard"
"97","Activites des menages en tant qu'employeurs de personnel domestique","197","G1503","Gouvernant / Gouvernante d'étage en hôtellerie"
"97","Activites des menages en tant qu'employeurs de personnel domestique","518489","G1504","Gouvernant général / Gouvernante générale en hôtellerie"
"97","Activites des menages en tant qu'employeurs de personnel domestique","376","K1302","Assistant / Assistante de vie dépendance"
"97","Activites des menages en tant qu'employeurs de personnel domestique","404044","K1306","Accompagnant Educatif et Social (AES) / Accompagnante Educative et Sociale (AES)"
"97","Activites des menages en tant qu'employeurs de personnel domestique","488323","K1311","Assistant / Assistante de vie aux familles"
"98","Activites indifferenciees des menages en tant que producteurs de biens et services pour usage propre","378","K1304","Employé familial / Employée familiale"
"99","Activites des organisations et organismes extraterritoriaux","515383","E1131","Chargé / Chargée de plaidoyer"
"99","Activites des organisations et organismes extraterritoriaux","522279","K1740","Expert / Experte en opérations spatiales militaires"
"99","Activites des organisations et organismes extraterritoriaux","521041","K1817","Coordinateur / Coordinatrice de projet de solidarité"
"99","Activites des organisations et organismes extraterritoriaux","519206","K2417","Chercheur / Chercheuse du monde marin"
