"code_theme","libelle_theme","code_ogr_rome","code_rome","libelle_rome"
"001","Métiers de l'environnement et du développement durable","6","A1101","Conducteur / Conductrice d'engins agricoles"
"001","Métiers de l'environnement et du développement durable","403950","A1102","Conducteur / Conductrice d'engins d'exploitation forestière"
"001","Métiers de l'environnement et du développement durable","7","A1201","Bûcheron / Bûcheronne"
"001","Métiers de l'environnement et du développement durable","8","A1202","Ouvrier / Ouvrière d'entretien des espaces naturels"
"001","Métiers de l'environnement et du développement durable","9","A1203","Agent / Agente d'entretien des espaces verts"
"001","Métiers de l'environnement et du développement durable","10","A1204","Garde nature"
"001","Métiers de l'environnement et du développement durable","11","A1205","Sylviculteur / Sylvicultrice"
"001","Métiers de l'environnement et du développement durable","488634","A1206","Concepteur / Conceptrice paysagiste"
"001","Métiers de l'environnement et du développement durable","488640","A1207","Chef / Cheffe d'équipe de travaux de milieux naturels"
"001","Métiers de l'environnement et du développement durable","488734","A1208","Jardinier / Jardinière paysagiste"
"001","Métiers de l'environnement et du développement durable","488755","A1209","Elagueur / Elagueuse"
"001","Métiers de l'environnement et du développement durable","488859","A1210","Ouvrier forestier / Ouvrière forestière"
"001","Métiers de l'environnement et du développement durable","489042","A1211","Chef / Cheffe d'équipe paysagiste"
"001","Métiers de l'environnement et du développement durable","489058","A1212","Chef / Cheffe d'équipe de travaux forestiers"
"001","Métiers de l'environnement et du développement durable","489160","A1213","Conducteur / Conductrice de travaux forestiers"
"001","Métiers de l'environnement et du développement durable","510256","A1214","Patrouilleur modeleur / Patrouilleuse modeleuse VTT"
"001","Métiers de l'environnement et du développement durable","515382","A1215","Agent / Agente d'aires marines protégées"
"001","Métiers de l'environnement et du développement durable","515388","A1216","Responsable de site naturel protégé"
"001","Métiers de l'environnement et du développement durable","515396","A1217","Responsable de gardes nature"
"001","Métiers de l'environnement et du développement durable","515423","A1218","Conducteur / Conductrice de travaux de milieux naturels"
"001","Métiers de l'environnement et du développement durable","515460","A1219","Directeur / Directrice espaces verts et biodiversité"
"001","Métiers de l'environnement et du développement durable","521036","A1221","Conducteur / Conductrice de travaux paysagers"
"001","Métiers de l'environnement et du développement durable","12","A1301","Technicien / Technicienne en agriculture"
"001","Métiers de l'environnement et du développement durable","14","A1303","Ingénieur / Ingénieure d'études et de recherche agricoles"
"001","Métiers de l'environnement et du développement durable","403951","A1304","Conseiller / Conseillère technique agricole"
"001","Métiers de l'environnement et du développement durable","509636","A1306","Chargé / Chargée d'étude naturaliste"
"001","Métiers de l'environnement et du développement durable","509640","A1307","Ingénieur forestier / Ingénieure forestière"
"001","Métiers de l'environnement et du développement durable","510022","A1310","Technicien / Technicienne de production animale"
"001","Métiers de l'environnement et du développement durable","510154","A1311","Technicien forestier / Technicienne forestière"
"001","Métiers de l'environnement et du développement durable","510270","A1312","Directeur / Directrice environnement"
"001","Métiers de l'environnement et du développement durable","510436","A1313","Chargé / Chargée de mission environnement"
"001","Métiers de l'environnement et du développement durable","515384","A1314","Halieute"
"001","Métiers de l'environnement et du développement durable","515385","A1315","Technicien / Technicienne naturaliste"
"001","Métiers de l'environnement et du développement durable","515387","A1316","Chargé / Chargée de conservation ex-situ"
"001","Métiers de l'environnement et du développement durable","515409","A1317","Gestionnaire d'aires marines protégées"
"001","Métiers de l'environnement et du développement durable","515431","A1318","Technicien / Technicienne de travaux de gestion de milieu naturel"
"001","Métiers de l'environnement et du développement durable","515440","A1319","Ingénieur / Ingénieure écologue"
"001","Métiers de l'environnement et du développement durable","515445","A1320","Technicien en foncier rural / Technicienne en foncier rural"
"001","Métiers de l'environnement et du développement durable","515455","A1321","Chargé / Chargée de mission thématique durable"
"001","Métiers de l'environnement et du développement durable","515458","A1322","Technicien / Technicienne de rivière"
"001","Métiers de l'environnement et du développement durable","518742","A1323","Ornithologue"
"001","Métiers de l'environnement et du développement durable","518781","A1324","Ingénieur / Ingénieure biogaz"
"001","Métiers de l'environnement et du développement durable","521026","A1325","Chargé / Chargée de projet Biodiversité"
"001","Métiers de l'environnement et du développement durable","16","A1402","Aide agricole en production végétale"
"001","Métiers de l'environnement et du développement durable","19","A1405","Arboriculteur / Arboricultrice"
"001","Métiers de l'environnement et du développement durable","23","A1409","Aviculteur / Avicultrice"
"001","Métiers de l'environnement et du développement durable","24","A1410","Eleveur / Eleveuse d'ovins"
"001","Métiers de l'environnement et du développement durable","28","A1414","Horticulteur / Horticultrice"
"001","Métiers de l'environnement et du développement durable","30","A1416","Exploitant / Exploitante agricole"
"001","Métiers de l'environnement et du développement durable","31","A1417","Saliculteur / Salicultrice"
"001","Métiers de l'environnement et du développement durable","403955","A1419","Ouvrier agricole polyvalent / Ouvrière agricole polyvalente"
"001","Métiers de l'environnement et du développement durable","403956","A1420","Chef / Cheffe de culture responsable d'unité de production agricole"
"001","Métiers de l'environnement et du développement durable","488776","A1427","Goémonier / Goémonière"
"001","Métiers de l'environnement et du développement durable","488903","A1428","Algoculteur / Algocultrice"
"001","Métiers de l'environnement et du développement durable","488914","A1429","Apiculteur / Apicultrice"
"001","Métiers de l'environnement et du développement durable","509364","A1432","Osiériculteur / Osiéricultrice"
"001","Métiers de l'environnement et du développement durable","509394","A1433","Maraîcher / Maraîchère"
"001","Métiers de l'environnement et du développement durable","509512","A1436","Conducteur / Conductrice de travaux en entreprise de travaux agricoles"
"001","Métiers de l'environnement et du développement durable","509516","A1437","Champignonniste"
"001","Métiers de l'environnement et du développement durable","509694","A1440","Cultivateur urbain / Cultivatrice urbaine"
"001","Métiers de l'environnement et du développement durable","510265","A1447","Herboriste"
"001","Métiers de l'environnement et du développement durable","33","A1502","Maréchal-ferrant / Maréchale-ferrante"
"001","Métiers de l'environnement et du développement durable","489040","C1506","Responsable de projet immobilier"
"001","Métiers de l'environnement et du développement durable","403088","E1109","Directeur / Directrice de la communication"
"001","Métiers de l'environnement et du développement durable","488921","E1112","Chargé / Chargée de communication"
"001","Métiers de l'environnement et du développement durable","515383","E1131","Chargé / Chargée de plaidoyer"
"001","Métiers de l'environnement et du développement durable","144","F1103","Diagnostiqueur / Diagnostiqueuse immobilier"
"001","Métiers de l'environnement et du développement durable","146","F1105","Géologue"
"001","Métiers de l'environnement et du développement durable","404537","F1113","Responsable énergie"
"001","Métiers de l'environnement et du développement durable","404538","F1114","Conseiller / Conseillère en rénovation énergétique"
"001","Métiers de l'environnement et du développement durable","488578","F1115","Vulcanologue"
"001","Métiers de l'environnement et du développement durable","488615","F1118","Sismologue"
"001","Métiers de l'environnement et du développement durable","488621","F1119","Pédologue"
"001","Métiers de l'environnement et du développement durable","488637","F1121","Architecte du patrimoine national"
"001","Métiers de l'environnement et du développement durable","489200","F1123","Glaciologue"
"001","Métiers de l'environnement et du développement durable","488897","F1124","Hydrologue"
"001","Métiers de l'environnement et du développement durable","509414","F1128","Géotechnicien / Géotechnicienne"
"001","Métiers de l'environnement et du développement durable","509938","F1136","Chef / Cheffe de projet éolien"
"001","Métiers de l'environnement et du développement durable","510153","F1138","Géothermicien / Géothermicienne"
"001","Métiers de l'environnement et du développement durable","510177","F1141","Ingénieur / Ingénieure études conception électrique"
"001","Métiers de l'environnement et du développement durable","510427","F1142","Océanographe"
"001","Métiers de l'environnement et du développement durable","510268","F1143","Géophysicien / Géophysicienne"
"001","Métiers de l'environnement et du développement durable","515417","F1144","Architecte naval / Architecte navale"
"001","Métiers de l'environnement et du développement durable","518322","F1145","Ingénieur / Ingénieure en génie maritime"
"001","Métiers de l'environnement et du développement durable","151","F1202","Chef / Cheffe de chantier bâtiment"
"001","Métiers de l'environnement et du développement durable","153","F1204","Animateur / Animatrice QSE - Qualité Sécurité Environnement BTP"
"001","Métiers de l'environnement et du développement durable","158","F1501","Monteur / Monteuse de structures bois"
"001","Métiers de l'environnement et du développement durable","160","F1503","Charpentier / Charpentière"
"001","Métiers de l'environnement et du développement durable","488871","F1504","Charpentier / Charpentière de marine"
"001","Métiers de l'environnement et du développement durable","170","F1610","Installateur mainteneur / Installatrice mainteneuse en systèmes solaires, thermiques et photovoltaïques"
"001","Métiers de l'environnement et du développement durable","403073","F1614","Poseur / Poseuse en fermetures de bâtiment"
"001","Métiers de l'environnement et du développement durable","509685","F1628","Installateur / Installatrice de bornes de recharges électriques"
"001","Métiers de l'environnement et du développement durable","509765","F1629","Electricien / Electricienne de signalisation ferroviaire"
"001","Métiers de l'environnement et du développement durable","403952","F1707","Maçon / Maçonne du paysage"
"001","Métiers de l'environnement et du développement durable","488584","G1103","Directeur / Directrice d'espace naturel protégé"
"001","Métiers de l'environnement et du développement durable","488765","G1104","Consultant / Consultante tourisme"
"001","Métiers de l'environnement et du développement durable","488774","G1105","Directeur / Directrice d'office du tourisme"
"001","Métiers de l'environnement et du développement durable","488794","G1106","Animateur / Animatrice du patrimoine"
"001","Métiers de l'environnement et du développement durable","182","G1201","Guide-accompagnateur / Guide-accompagnatrice"
"001","Métiers de l'environnement et du développement durable","488606","G1222","Guide-conférencier / Guide-conférencière"
"001","Métiers de l'environnement et du développement durable","488752","G1227","Guide-interprète"
"001","Métiers de l'environnement et du développement durable","489165","G1229","Guide-accompagnateur / Guide-accompagnatrice de pêche"
"001","Métiers de l'environnement et du développement durable","489016","G1231","Accompagnateur / Accompagnatrice nature"
"001","Métiers de l'environnement et du développement durable","510150","G1240","Educateur / Educatrice nature environnement"
"001","Métiers de l'environnement et du développement durable","515404","G1243","Responsable d'éducation et d'animation à l'environnement"
"001","Métiers de l'environnement et du développement durable","518647","G1245","Accompagnateur / Accompagnatrice en moyenne montagne"
"001","Métiers de l'environnement et du développement durable","518649","G1246","Animateur / Animatrice mobilité à vélo"
"001","Métiers de l'environnement et du développement durable","193","G1403","Responsable de service en établissement touristique"
"001","Métiers de l'environnement et du développement durable","488348","G1406","Directeur / Directrice d'équipement sportif"
"001","Métiers de l'environnement et du développement durable","488762","G1408","Directeur / Directrice de structure d'hébergement touristique"
"001","Métiers de l'environnement et du développement durable","509931","G1416","Directeur / Directrice d'hôtellerie de plein air"
"001","Métiers de l'environnement et du développement durable","217","H1206","Ingénieur / Ingénieure R&D en industrie"
"001","Métiers de l'environnement et du développement durable","488271","H1212","Ingénieur / Ingénieure brevet en industrie"
"001","Métiers de l'environnement et du développement durable","488303","H1215","Bioinformaticien / Bioinformaticienne en études, recherche et développement"
"001","Métiers de l'environnement et du développement durable","488308","H1216","Responsable des études épidémiologiques"
"001","Métiers de l'environnement et du développement durable","488316","H1218","Responsable de projet recherche et développement"
"001","Métiers de l'environnement et du développement durable","488319","H1219","Responsable opérationnel / Responsable opérationnelle des études cliniques en industrie pharmaceutique"
"001","Métiers de l'environnement et du développement durable","488322","H1220","Responsable formulation en industrie pharmaceutique"
"001","Métiers de l'environnement et du développement durable","488335","H1221","Responsable des partenariats de recherche en industrie pharmaceutique"
"001","Métiers de l'environnement et du développement durable","510075","H1237","Ingénieur / Ingénieure énergies renouvelables"
"001","Métiers de l'environnement et du développement durable","510028","H1239","Technicien / Technicienne bureau d'études écoconception"
"001","Métiers de l'environnement et du développement durable","513844","H1241","Architecte système hydrogène"
"001","Métiers de l'environnement et du développement durable","222","H1301","Inspecteur / Inspectrice de conformité"
"001","Métiers de l'environnement et du développement durable","223","H1302","Ingénieur / Ingénieure Hygiène, Sécurité et Environnement en industrie (HSE)"
"001","Métiers de l'environnement et du développement durable","224","H1303","Technicien / Technicienne en Hygiène, Sécurité, Environnement industriel (HSE)"
"001","Métiers de l'environnement et du développement durable","488285","H1304","Responsable Hygiène Sécurité Environnement (HSE) en industrie"
"001","Métiers de l'environnement et du développement durable","489181","H1308","Animateur / Animatrice en Hygiène Sécurité Environnement (HSE)"
"001","Métiers de l'environnement et du développement durable","519922","H1312","Inspecteur / Inspectrice de sites industriels"
"001","Métiers de l'environnement et du développement durable","519923","H1313","Ingénieur / Ingénieure sécurité incendie"
"001","Métiers de l'environnement et du développement durable","226","H1402","Ingénieur / Ingénieure méthodes et process"
"001","Métiers de l'environnement et du développement durable","509345","H1523","Responsable Qualité Sécurité Environnement -QSE- en industrie"
"001","Métiers de l'environnement et du développement durable","509670","H1527","Responsable de sécurité industrielle"
"001","Métiers de l'environnement et du développement durable","510069","H1530","Technicien / Technicienne de la qualité de l'eau"
"001","Métiers de l'environnement et du développement durable","510457","H1533","Ingénieur / Ingénieure CND END"
"001","Métiers de l'environnement et du développement durable","510637","H1534","Ingénieur / Ingénieure d'analyse industrielle"
"001","Métiers de l'environnement et du développement durable","488631","H2703","Technicien / Technicienne de maintenance de batteries de véhicules électriques"
"001","Métiers de l'environnement et du développement durable","488775","H2704","Technicien démonteur / Technicienne démonteuse de batteries de véhicules électriques"
"001","Métiers de l'environnement et du développement durable","489071","H2705","Pilote de ligne de production de composants et de cellules pour batteries de véhicules électriques"
"001","Métiers de l'environnement et du développement durable","509683","H2709","Conducteur / Conductrice d'installation d'incinération"
"001","Métiers de l'environnement et du développement durable","513846","H2710","Technicien / Technicienne responsable d'installation hydrogène"
"001","Métiers de l'environnement et du développement durable","509348","H2711","Opérateur / Opératrice consoliste en raffinerie"
"001","Métiers de l'environnement et du développement durable","515430","H2712","Technicien / Technicienne d'exploitation en centrale hydroélectrique"
"001","Métiers de l'environnement et du développement durable","488788","I1107","Responsable d'atelier de mécanique parcs et jardins"
"001","Métiers de l'environnement et du développement durable","510409","I1113","Chef / Cheffe d'équipe atelier en démontage recyclage de VHU (Véhicules hors d'usage)"
"001","Métiers de l'environnement et du développement durable","510469","I1119","Responsable de centre de démontage recyclage des VHU"
"001","Métiers de l'environnement et du développement durable","509367","I1321","Technicien / Technicienne de maintenance d'éoliennes"
"001","Métiers de l'environnement et du développement durable","509403","I1323","Technicien / Technicienne de maintenance ferroviaire"
"001","Métiers de l'environnement et du développement durable","509702","I1328","Conseiller / Conseillère en hydraulique agricole"
"001","Métiers de l'environnement et du développement durable","324","I1503","Technicien / Technicienne en risques technologiques"
"001","Métiers de l'environnement et du développement durable","488273","I1504","Décontaminateur / Décontamineuse nucléaire et radiologique"
"001","Métiers de l'environnement et du développement durable","488281","I1505","Technicien / Technicienne logistique combustible nucléaire"
"001","Métiers de l'environnement et du développement durable","489013","I1507","Opérateur / Opératrice démantèlement nucléaire"
"001","Métiers de l'environnement et du développement durable","515418","I1510","Plongeur / Plongeuse scientifique et technique"
"001","Métiers de l'environnement et du développement durable","327","I1603","Mécanicien-réparateur / Mécanicienne-réparatrice en matériels agricoles"
"001","Métiers de l'environnement et du développement durable","328","I1604","Mécanicien / Mécanicienne automobile"
"001","Métiers de l'environnement et du développement durable","488866","I1618","Mécanicien / Mécanicienne en matériels motorisés de parcs et jardins"
"001","Métiers de l'environnement et du développement durable","509371","I1622","Technicien expert / Technicienne experte après-vente de véhicules de transport routier"
"001","Métiers de l'environnement et du développement durable","510155","I1624","Mécanicien réparateur / Mécanicienne réparatrice de véhicules anciens et historiques"
"001","Métiers de l'environnement et du développement durable","510586","I1627","Technicien expert / Technicienne experte après vente motocycles"
"001","Métiers de l'environnement et du développement durable","510471","I1628","Conseiller / Conseillère technique cycles"
"001","Métiers de l'environnement et du développement durable","510466","I1629","Technicien / Technicienne de réparation et pose de vitrage des véhicules"
"001","Métiers de l'environnement et du développement durable","382","K1404","Chargé / Chargée de mission développement territorial"
"001","Métiers de l'environnement et du développement durable","392","K1702","Responsable de sécurité civile et de secours"
"001","Métiers de l'environnement et du développement durable","395","K1705","Secouriste"
"001","Métiers de l'environnement et du développement durable","509794","K1807","Urbaniste"
"001","Métiers de l'environnement et du développement durable","510071","K1811","Chargé / Chargée de projet en aménagement du territoire"
"001","Métiers de l'environnement et du développement durable","510605","K1813","Chargé / Chargée de mission eaux pluviales"
"001","Métiers de l'environnement et du développement durable","510311","K1815","Chargé / Chargée de mission "Villes et Territoires Durables""
"001","Métiers de l'environnement et du développement durable","521041","K1817","Coordinateur / Coordinatrice de projet de solidarité"
"001","Métiers de l'environnement et du développement durable","420","K2301","Agent / Agente d'exploitation des réseaux d'assainissement"
"001","Métiers de l'environnement et du développement durable","421","K2302","Responsable de collecte de déchets"
"001","Métiers de l'environnement et du développement durable","422","K2303","Equipier / Equipière de collecte de déchets"
"001","Métiers de l'environnement et du développement durable","423","K2304","Agent / Agente de tri des déchets"
"001","Métiers de l'environnement et du développement durable","425","K2306","Responsable de site éco-industriel"
"001","Métiers de l'environnement et du développement durable","488790","K2307","Agent / Agente de propreté urbaine"
"001","Métiers de l'environnement et du développement durable","489068","K2308","Opérateur / Opératrice de tri en récupération et revalorisation"
"001","Métiers de l'environnement et du développement durable","489069","K2309","Technicien / Technicienne réutilisation recyclage"
"001","Métiers de l'environnement et du développement durable","489221","K2310","Ambassadeur / Ambassadrice du tri"
"001","Métiers de l'environnement et du développement durable","509354","K2311","Responsable de site de traitement des déchets"
"001","Métiers de l'environnement et du développement durable","510266","K2312","Ingénieur / Ingénieure responsable propreté nettoiement"
"001","Métiers de l'environnement et du développement durable","510264","K2313","Technicien chargé / Technicienne chargée de la police des eaux"
"001","Métiers de l'environnement et du développement durable","510200","K2314","Technicien / Technicienne de maintenance de systèmes d'irrigation"
"001","Métiers de l'environnement et du développement durable","510065","K2316","Responsable d'usine de production d'eau potable"
"001","Métiers de l'environnement et du développement durable","509901","K2317","Technicien / Technicienne d'exploitation d'eau potable"
"001","Métiers de l'environnement et du développement durable","509889","K2318","Agent / Agente de déchèterie"
"001","Métiers de l'environnement et du développement durable","509540","K2319","Technicien / Technicienne hygiéniste"
"001","Métiers de l'environnement et du développement durable","509778","K2320","Chargé / Chargée du traitement des déchets"
"001","Métiers de l'environnement et du développement durable","509701","K2321","Egoutier / Egoutière"
"001","Métiers de l'environnement et du développement durable","509680","K2322","Technicien / Technicienne en traitement des eaux"
"001","Métiers de l'environnement et du développement durable","509682","K2323","Responsable propreté urbaine"
"001","Métiers de l'environnement et du développement durable","510158","K2325","Technicien / Technicienne d'exploitation méthanisation"
"001","Métiers de l'environnement et du développement durable","509803","K2326","Agent / Agente de mise en fourrière animale"
"001","Métiers de l'environnement et du développement durable","427","K2402","Ingénieur / Ingénieure de recherche scientifique"
"001","Métiers de l'environnement et du développement durable","488592","K2407","Climatologue"
"001","Métiers de l'environnement et du développement durable","519212","K2412","Chercheur / Chercheuse du monde aquatique"
"001","Métiers de l'environnement et du développement durable","519211","K2413","Chercheur / Chercheuse des écosystèmes"
"001","Métiers de l'environnement et du développement durable","519206","K2417","Chercheur / Chercheuse du monde marin"
"001","Métiers de l'environnement et du développement durable","519207","K2418","Chercheur animalier / Chercheuse animalière"
"001","Métiers de l'environnement et du développement durable","519208","K2419","Botaniste"
"001","Métiers de l'environnement et du développement durable","519209","K2420","Chercheur / Chercheuse du monde forestier"
"001","Métiers de l'environnement et du développement durable","519210","K2421","Chercheur / Chercheuse du monde microbien et microbiologique"
"001","Métiers de l'environnement et du développement durable","515415","M1306","Directeur / Directrice de bureau d'étude de la biodiversité"
"001","Métiers de l'environnement et du développement durable","488287","M1406","Responsable RSE (Responsabilité Sociétale de l'Entreprise)"
"001","Métiers de l'environnement et du développement durable","488729","M1410","Responsable Green IT"
"001","Métiers de l'environnement et du développement durable","488756","M1411","Consultant / Consultante en énergie renouvelable"
"001","Métiers de l'environnement et du développement durable","488778","M1412","Ergonome"
"001","Métiers de l'environnement et du développement durable","488936","M1413","Chargé / Chargée de mission RSE - Responsabilité Sociétale de l'Entreprise"
"001","Métiers de l'environnement et du développement durable","515441","M1431","Chargé / Chargée de partenariat"
"001","Métiers de l'environnement et du développement durable","498","M1809","Météorologue"
"001","Métiers de l'environnement et du développement durable","488890","M1835","Architecte systèmes et réseaux des territoires connectés"
"001","Métiers de l'environnement et du développement durable","488917","M1840","Directeur / Directrice de projets des territoires connectés"
"001","Métiers de l'environnement et du développement durable","489174","M1857","Urbaniste Datacenter"
"001","Métiers de l'environnement et du développement durable","510430","M1888","Spécialiste en modélisation climatique"
"001","Métiers de l'environnement et du développement durable","510446","M1890","Responsable d'opérations en station météorologique"
"001","Métiers de l'environnement et du développement durable","510447","M1891","Ingénieur / Ingénieure prévisionniste météorologue"
"001","Métiers de l'environnement et du développement durable","510461","M1893","Technicien / Technicienne de la météorologie"
"001","Métiers de l'environnement et du développement durable","515456","M1895","Géomaticien / Géomaticienne"
"001","Métiers de l'environnement et du développement durable","515407","N1307","Coordinateur / Coordinatrice logistique ferroviaire"
"001","Métiers de l'environnement et du développement durable","515425","N3210","Assistant / Assistante d'exploitation transport maritime"
"001","Métiers de l'environnement et du développement durable","489210","N4117","Conducteur / Conductrice d'attelage"
"001","Métiers de l'environnement et du développement durable","488857","N4118","Conducteur / Conductrice de matériel de collecte"
"001","Métiers de l'environnement et du développement durable","531","N4204","Agent / Agente d'exploitation transport routier de personnes"
"001","Métiers de l'environnement et du développement durable","509514","N4404","Chef opérateur / Cheffe opératrice des manœuvres du réseau ferré"
"001","Métiers de l'environnement et du développement durable","509667","N4405","Agent / Agente d'exploitation du réseau ferré"
"002","Métiers de la défense et de la sécurité publique (hors logistique, santé, tertiaire, restauration)","155","F1302","Conducteur / Conductrice d'engins de chantier"
"002","Métiers de la défense et de la sécurité publique (hors logistique, santé, tertiaire, restauration)","515435","H1246","Technicien / Technicienne en bureau d'études aéronautiques"
"002","Métiers de la défense et de la sécurité publique (hors logistique, santé, tertiaire, restauration)","509670","H1527","Responsable de sécurité industrielle"
"002","Métiers de la défense et de la sécurité publique (hors logistique, santé, tertiaire, restauration)","509879","H1529","Chargé / Chargée de matériovigilance"
"002","Métiers de la défense et de la sécurité publique (hors logistique, santé, tertiaire, restauration)","520076","I1123","Chef / Cheffe de service sécurité trafic routier"
"002","Métiers de la défense et de la sécurité publique (hors logistique, santé, tertiaire, restauration)","319","I1310","Mécanicien / Mécanicienne de maintenance industrielle"
"002","Métiers de la défense et de la sécurité publique (hors logistique, santé, tertiaire, restauration)","488911","I1318","Instrumentiste Industriel / Industrielle"
"002","Métiers de la défense et de la sécurité publique (hors logistique, santé, tertiaire, restauration)","324","I1503","Technicien / Technicienne en risques technologiques"
"002","Métiers de la défense et de la sécurité publique (hors logistique, santé, tertiaire, restauration)","489013","I1507","Opérateur / Opératrice démantèlement nucléaire"
"002","Métiers de la défense et de la sécurité publique (hors logistique, santé, tertiaire, restauration)","515408","I1509","Scaphandrier inspecteur / Scaphandrière inspectrice"
"002","Métiers de la défense et de la sécurité publique (hors logistique, santé, tertiaire, restauration)","515418","I1510","Plongeur / Plongeuse scientifique et technique"
"002","Métiers de la défense et de la sécurité publique (hors logistique, santé, tertiaire, restauration)","515453","I1513","Chef d'équipe scaphandrier / Cheffe d'équipe scaphandrière"
"002","Métiers de la défense et de la sécurité publique (hors logistique, santé, tertiaire, restauration)","489079","I1611","Préparateur / Préparatrice de véhicules automobiles"
"002","Métiers de la défense et de la sécurité publique (hors logistique, santé, tertiaire, restauration)","488742","I1615","Dépanneur-remorqueur / Dépanneuse-remorqueuse de véhicules"
"002","Métiers de la défense et de la sécurité publique (hors logistique, santé, tertiaire, restauration)","488791","I1617","Contrôleur / Contrôleuse technique de véhicules"
"002","Métiers de la défense et de la sécurité publique (hors logistique, santé, tertiaire, restauration)","515391","I1632","Opérateur / Opératrice de vérification des dispositifs embarqués Véhicules Légers VL"
"002","Métiers de la défense et de la sécurité publique (hors logistique, santé, tertiaire, restauration)","515414","I1635","Mécanicien / Mécanicienne structure avion"
"002","Métiers de la défense et de la sécurité publique (hors logistique, santé, tertiaire, restauration)","515422","I1636","Mécanicien / Mécanicienne cabine"
"002","Métiers de la défense et de la sécurité publique (hors logistique, santé, tertiaire, restauration)","509643","J1123","Médecin des armées"
"002","Métiers de la défense et de la sécurité publique (hors logistique, santé, tertiaire, restauration)","509935","K1416","Directeur / Directrice des services pénitentiaires d'insertion et de probation (DSPIP)"
"002","Métiers de la défense et de la sécurité publique (hors logistique, santé, tertiaire, restauration)","510156","K1420","Directeur / Directrice d'établissement pénitentiaire"
"002","Métiers de la défense et de la sécurité publique (hors logistique, santé, tertiaire, restauration)","385","K1502","Inspecteur / Inspectrice du travail"
"002","Métiers de la défense et de la sécurité publique (hors logistique, santé, tertiaire, restauration)","391","K1701","Combattant / Combattante en milieu terrestre"
"002","Métiers de la défense et de la sécurité publique (hors logistique, santé, tertiaire, restauration)","392","K1702","Responsable de sécurité civile et de secours"
"002","Métiers de la défense et de la sécurité publique (hors logistique, santé, tertiaire, restauration)","393","K1703","Responsable de l'emploi des forces armées"
"002","Métiers de la défense et de la sécurité publique (hors logistique, santé, tertiaire, restauration)","394","K1704","Officier / Officière de police"
"002","Métiers de la défense et de la sécurité publique (hors logistique, santé, tertiaire, restauration)","395","K1705","Secouriste"
"002","Métiers de la défense et de la sécurité publique (hors logistique, santé, tertiaire, restauration)","396","K1706","Gendarme"
"002","Métiers de la défense et de la sécurité publique (hors logistique, santé, tertiaire, restauration)","488320","K1709","Commissaire de police"
"002","Métiers de la défense et de la sécurité publique (hors logistique, santé, tertiaire, restauration)","488345","K1710","Pilote de drones aériens militaires"
"002","Métiers de la défense et de la sécurité publique (hors logistique, santé, tertiaire, restauration)","488593","K1711","Surveillant pénitentiaire / Surveillante pénitentiaire"
"002","Métiers de la défense et de la sécurité publique (hors logistique, santé, tertiaire, restauration)","488708","K1712","Pilote d'aéronef militaire"
"002","Métiers de la défense et de la sécurité publique (hors logistique, santé, tertiaire, restauration)","488712","K1713","Pilote de chasse"
"002","Métiers de la défense et de la sécurité publique (hors logistique, santé, tertiaire, restauration)","488892","K1714","Expert / Experte en assurance de la qualité des fournitures spécifiques des armées"
"002","Métiers de la défense et de la sécurité publique (hors logistique, santé, tertiaire, restauration)","488906","K1715","Pilote d'hélicoptère des forces armées"
"002","Métiers de la défense et de la sécurité publique (hors logistique, santé, tertiaire, restauration)","488907","K1716","Chef / Cheffe de service pénitentiaire"
"002","Métiers de la défense et de la sécurité publique (hors logistique, santé, tertiaire, restauration)","489034","K1717","Opérateur / Opératrice de surveillance aérienne militaire"
"002","Métiers de la défense et de la sécurité publique (hors logistique, santé, tertiaire, restauration)","489053","K1718","Chargé / Chargée de navigation maritime sur navire militaire"
"002","Métiers de la défense et de la sécurité publique (hors logistique, santé, tertiaire, restauration)","489212","K1721","Technicien / Technicienne en investigation criminelle"
"002","Métiers de la défense et de la sécurité publique (hors logistique, santé, tertiaire, restauration)","489180","K1722","Plongeur démineur / Plongeuse démineuse militaire dans les fonds marins"
"002","Métiers de la défense et de la sécurité publique (hors logistique, santé, tertiaire, restauration)","488934","K1723","Opérateur / Opératrice d'exploitation et de maintenance pétrolières de l'Armée"
"002","Métiers de la défense et de la sécurité publique (hors logistique, santé, tertiaire, restauration)","488725","K1724","Spécialiste en radioprotection au sein du Ministère des Armées"
"002","Métiers de la défense et de la sécurité publique (hors logistique, santé, tertiaire, restauration)","510608","K1725","Responsable des opérations militaires en milieu maritime"
"002","Métiers de la défense et de la sécurité publique (hors logistique, santé, tertiaire, restauration)","510040","K1726","Pisteur / Pisteuse secouriste"
"002","Métiers de la défense et de la sécurité publique (hors logistique, santé, tertiaire, restauration)","510600","K1727","Chargé / Chargée du guidage d'aéronef militaire"
"002","Métiers de la défense et de la sécurité publique (hors logistique, santé, tertiaire, restauration)","510428","K1728","Régulateur / Régulatrice de secours en montagne"
"002","Métiers de la défense et de la sécurité publique (hors logistique, santé, tertiaire, restauration)","510470","K1729","Opérateur / Opératrice en pyrotechnie militaire"
"002","Métiers de la défense et de la sécurité publique (hors logistique, santé, tertiaire, restauration)","510473","K1730","Spécialiste de la protection des forces, installations ou matériels sensibles de l'Etat"
"002","Métiers de la défense et de la sécurité publique (hors logistique, santé, tertiaire, restauration)","510475","K1731","Responsable des opérations militaires en milieu aéroterrestre"
"002","Métiers de la défense et de la sécurité publique (hors logistique, santé, tertiaire, restauration)","510599","K1732","Spécialiste des systèmes de communication opérationnels"
"002","Métiers de la défense et de la sécurité publique (hors logistique, santé, tertiaire, restauration)","510584","K1733","Combattant / Combattante des forces spéciales militaires"
"002","Métiers de la défense et de la sécurité publique (hors logistique, santé, tertiaire, restauration)","510587","K1734","Spécialiste du soutien armement nucléaire"
"002","Métiers de la défense et de la sécurité publique (hors logistique, santé, tertiaire, restauration)","510588","K1735","Architecte système de force, d'arme ou équipement militaire"
"002","Métiers de la défense et de la sécurité publique (hors logistique, santé, tertiaire, restauration)","510597","K1736","Spécialiste de l'aide au déploiement des forces combattantes"
"002","Métiers de la défense et de la sécurité publique (hors logistique, santé, tertiaire, restauration)","510591","K1737","Combattant / Combattante en milieu maritime"
"002","Métiers de la défense et de la sécurité publique (hors logistique, santé, tertiaire, restauration)","510596","K1738","Spécialiste du soutien ou de la formation propulsion nucléaire"
"002","Métiers de la défense et de la sécurité publique (hors logistique, santé, tertiaire, restauration)","522317","K1739","Opérateur / Opératrice en navigation maritime sur navire militaire"
"002","Métiers de la défense et de la sécurité publique (hors logistique, santé, tertiaire, restauration)","522279","K1740","Expert / Experte en opérations spatiales militaires"
"002","Métiers de la défense et de la sécurité publique (hors logistique, santé, tertiaire, restauration)","522229","K1741","Maître de pont sur navire militaire"
"002","Métiers de la défense et de la sécurité publique (hors logistique, santé, tertiaire, restauration)","510592","K1742","Contrôleur / Contrôleuse des espaces maritimes"
"002","Métiers de la défense et de la sécurité publique (hors logistique, santé, tertiaire, restauration)","515447","K1743","Agent de surveillance de la voie publique (ASVP) / Agente de surveillance de la voie publique (ASVP)"
"002","Métiers de la défense et de la sécurité publique (hors logistique, santé, tertiaire, restauration)","518431","K1745","Pompier / Pompière"
"002","Métiers de la défense et de la sécurité publique (hors logistique, santé, tertiaire, restauration)","519221","K1748","Garde républicain / Garde républicaine"
"002","Métiers de la défense et de la sécurité publique (hors logistique, santé, tertiaire, restauration)","496","M1807","Spécialiste outils, systèmes d'exploitation, réseaux et télécoms"
"002","Métiers de la défense et de la sécurité publique (hors logistique, santé, tertiaire, restauration)","489017","M1844","Responsable des études et applications informatiques"
"002","Métiers de la défense et de la sécurité publique (hors logistique, santé, tertiaire, restauration)","489026","M1846","Ingénieur / Ingénieure Cybersécurité Datacenter"
"002","Métiers de la défense et de la sécurité publique (hors logistique, santé, tertiaire, restauration)","515456","M1895","Géomaticien / Géomaticienne"
"002","Métiers de la défense et de la sécurité publique (hors logistique, santé, tertiaire, restauration)","515463","N2103","Pilote instructeur / Pilote instructrice aéronautique"
"002","Métiers de la défense et de la sécurité publique (hors logistique, santé, tertiaire, restauration)","513","N2202","Contrôleur aérien / Contrôleuse aérienne"
"002","Métiers de la défense et de la sécurité publique (hors logistique, santé, tertiaire, restauration)","489039","N2206","Pilote de drone"
"002","Métiers de la défense et de la sécurité publique (hors logistique, santé, tertiaire, restauration)","510602","N2208","Contrôleur / Contrôleuse de la circulation et de la défense aérienne"
"002","Métiers de la défense et de la sécurité publique (hors logistique, santé, tertiaire, restauration)","509805","N3106","Officier / Officière de la marine marchande"
"002","Métiers de la défense et de la sécurité publique (hors logistique, santé, tertiaire, restauration)","515402","N3111","Officier électronicien / Officière électronicienne"
"002","Métiers de la défense et de la sécurité publique (hors logistique, santé, tertiaire, restauration)","515432","N3114","Lamaneur / Lamaneuse"
"002","Métiers de la défense et de la sécurité publique (hors logistique, santé, tertiaire, restauration)","515436","N3115","Capitaine de yacht"
"002","Métiers de la défense et de la sécurité publique (hors logistique, santé, tertiaire, restauration)","515442","N3116","Agent / Agente de service général maritime"
"002","Métiers de la défense et de la sécurité publique (hors logistique, santé, tertiaire, restauration)","515443","N3117","Marin de la plaisance professionnelle"
"002","Métiers de la défense et de la sécurité publique (hors logistique, santé, tertiaire, restauration)","515461","N3118","Bosco de la navigation maritime"
"002","Métiers de la défense et de la sécurité publique (hors logistique, santé, tertiaire, restauration)","515449","N3211","Directeur de port / Directrice de port"
"002","Métiers de la défense et de la sécurité publique (hors logistique, santé, tertiaire, restauration)","523","N4101","Conducteur / Conductrice de poids lourd"
"002","Métiers de la défense et de la sécurité publique (hors logistique, santé, tertiaire, restauration)","488611","N4111","Conducteur / Conductrice super poids lourd de l'armée"
"002","Métiers de la défense et de la sécurité publique (hors logistique, santé, tertiaire, restauration)","489057","N4130","Conducteur / Conductrice de voiture radar à conduite externalisée"
"003","Métiers du patrimoine et de la restauration d'oeuvres d'art","488634","A1206","Concepteur / Conceptrice paysagiste"
"003","Métiers du patrimoine et de la restauration d'oeuvres d'art","515388","A1216","Responsable de site naturel protégé"
"003","Métiers du patrimoine et de la restauration d'oeuvres d'art","515458","A1322","Technicien / Technicienne de rivière"
"003","Métiers du patrimoine et de la restauration d'oeuvres d'art","488346","A1423","Œnologue"
"003","Métiers du patrimoine et de la restauration d'oeuvres d'art","36","B1101","Artiste Plasticien / Plasticienne"
"003","Métiers du patrimoine et de la restauration d'oeuvres d'art","488793","B1102","Mosaïste d'art"
"003","Métiers du patrimoine et de la restauration d'oeuvres d'art","489159","B1103","Sculpteur / Sculptrice"
"003","Métiers du patrimoine et de la restauration d'oeuvres d'art","39","B1302","Décorateur / Décoratrice d'objets d'art"
"003","Métiers du patrimoine et de la restauration d'oeuvres d'art","40","B1303","Graveur / Graveuse d'art"
"003","Métiers du patrimoine et de la restauration d'oeuvres d'art","488724","B1304","Artisan démonstrateur / Artisane démonstratrice"
"003","Métiers du patrimoine et de la restauration d'oeuvres d'art","42","B1402","Relieur / Relieuse d'art"
"003","Métiers du patrimoine et de la restauration d'oeuvres d'art","489064","B1403","Restaurateur / Restauratrice de livres anciens"
"003","Métiers du patrimoine et de la restauration d'oeuvres d'art","43","B1501","Facteur / Factrice d'instruments à clavier"
"003","Métiers du patrimoine et de la restauration d'oeuvres d'art","509353","B1502","Facteur / Factrice d'instruments de musique anciens"
"003","Métiers du patrimoine et de la restauration d'oeuvres d'art","509888","B1503","Facteur / Factrice d'instruments à vent"
"003","Métiers du patrimoine et de la restauration d'oeuvres d'art","509773","B1504","Facteur / Factrice de percussions"
"003","Métiers du patrimoine et de la restauration d'oeuvres d'art","509801","B1505","Luthier / Luthière"
"003","Métiers du patrimoine et de la restauration d'oeuvres d'art","44","B1601","Métallier / Métallière d'art"
"003","Métiers du patrimoine et de la restauration d'oeuvres d'art","45","B1602","Souffleur / Souffleuse de verre"
"003","Métiers du patrimoine et de la restauration d'oeuvres d'art","47","B1604","Horloger / Horlogère"
"003","Métiers du patrimoine et de la restauration d'oeuvres d'art","404972","B1608","Orfèvre planeur / Orfèvre planeuse"
"003","Métiers du patrimoine et de la restauration d'oeuvres d'art","488744","B1613","Orfèvre"
"003","Métiers du patrimoine et de la restauration d'oeuvres d'art","489215","B1614","Monteur / Monteuse en orfèvrerie"
"003","Métiers du patrimoine et de la restauration d'oeuvres d'art","509929","B1616","Opérateur / Opératrice en horlogerie"
"003","Métiers du patrimoine et de la restauration d'oeuvres d'art","520416","B1617","Coutelier / Coutelière d'art"
"003","Métiers du patrimoine et de la restauration d'oeuvres d'art","520427","B1618","Vitrailliste"
"003","Métiers du patrimoine et de la restauration d'oeuvres d'art","48","B1701","Taxidermiste"
"003","Métiers du patrimoine et de la restauration d'oeuvres d'art","50","B1802","Maroquinier / Maroquinière"
"003","Métiers du patrimoine et de la restauration d'oeuvres d'art","52","B1804","Brodeur / Brodeuse"
"003","Métiers du patrimoine et de la restauration d'oeuvres d'art","54","B1806","Tapissier / Tapissière d'ameublement"
"003","Métiers du patrimoine et de la restauration d'oeuvres d'art","520875","B1816","Tisserand / Tisserande d'art"
"003","Métiers du patrimoine et de la restauration d'oeuvres d'art","509703","D1233","Galeriste"
"003","Métiers du patrimoine et de la restauration d'oeuvres d'art","143","F1102","Architecte d'intérieur"
"003","Métiers du patrimoine et de la restauration d'oeuvres d'art","488637","F1121","Architecte du patrimoine national"
"003","Métiers du patrimoine et de la restauration d'oeuvres d'art","515417","F1144","Architecte naval / Architecte navale"
"003","Métiers du patrimoine et de la restauration d'oeuvres d'art","161","F1601","Plâtrier / Plâtrière"
"003","Métiers du patrimoine et de la restauration d'oeuvres d'art","172","F1612","Tailleur / Tailleuse de pierre"
"003","Métiers du patrimoine et de la restauration d'oeuvres d'art","404037","F1619","Couvreur / Couvreuse"
"003","Métiers du patrimoine et de la restauration d'oeuvres d'art","489084","F1624","Staffeur Stuqueur / Staffeuse Stuqueuse"
"003","Métiers du patrimoine et de la restauration d'oeuvres d'art","488765","G1104","Consultant / Consultante tourisme"
"003","Métiers du patrimoine et de la restauration d'oeuvres d'art","488774","G1105","Directeur / Directrice d'office du tourisme"
"003","Métiers du patrimoine et de la restauration d'oeuvres d'art","488794","G1106","Animateur / Animatrice du patrimoine"
"003","Métiers du patrimoine et de la restauration d'oeuvres d'art","182","G1201","Guide-accompagnateur / Guide-accompagnatrice"
"003","Métiers du patrimoine et de la restauration d'oeuvres d'art","488606","G1222","Guide-conférencier / Guide-conférencière"
"003","Métiers du patrimoine et de la restauration d'oeuvres d'art","488752","G1227","Guide-interprète"
"003","Métiers du patrimoine et de la restauration d'oeuvres d'art","515404","G1243","Responsable d'éducation et d'animation à l'environnement"
"003","Métiers du patrimoine et de la restauration d'oeuvres d'art","242","H2206","Menuisier / Menuisière"
"003","Métiers du patrimoine et de la restauration d'oeuvres d'art","243","H2207","Ebéniste"
"003","Métiers du patrimoine et de la restauration d'oeuvres d'art","244","H2208","Façonnier / Façonnière d'ouvrages décoratifs en bois et matériaux associés"
"003","Métiers du patrimoine et de la restauration d'oeuvres d'art","489038","H2210","Tonnelier / Tonnelière"
"003","Métiers du patrimoine et de la restauration d'oeuvres d'art","247","H2401","Opérateur / Opératrice de fabrication industrie des cuirs, peaux et matériaux associés"
"003","Métiers du patrimoine et de la restauration d'oeuvres d'art","304","I1101","Directeur / Directrice de la gestion technique des bâtiments"
"003","Métiers du patrimoine et de la restauration d'oeuvres d'art","389","K1601","Documentaliste"
"003","Métiers du patrimoine et de la restauration d'oeuvres d'art","390","K1602","Conservateur / Conservatrice du patrimoine"
"003","Métiers du patrimoine et de la restauration d'oeuvres d'art","488610","K1604","Directeur / Directrice d'établissement culturel"
"003","Métiers du patrimoine et de la restauration d'oeuvres d'art","488727","K1605","Commissaire d'exposition"
"003","Métiers du patrimoine et de la restauration d'oeuvres d'art","488758","K1606","Responsable de la conservation préventive"
"003","Métiers du patrimoine et de la restauration d'oeuvres d'art","489080","K1607","Conservateur / Conservatrice des antiquités et objets d'art"
"003","Métiers du patrimoine et de la restauration d'oeuvres d'art","520053","K1608","Directeur / Directrice d'établissement patrimonial"
"003","Métiers du patrimoine et de la restauration d'oeuvres d'art","520055","K1609","Technicien / Technicienne en manipulation d'œuvres d'art"
"003","Métiers du patrimoine et de la restauration d'oeuvres d'art","520081","K1610","Régisseur d'œuvres d'art / Régisseuse d'œuvres d'art"
"003","Métiers du patrimoine et de la restauration d'oeuvres d'art","520265","K1612","Conservateur / Conservatrice d'archives"
"003","Métiers du patrimoine et de la restauration d'oeuvres d'art","488737","K1907","Commissaire-priseur / Commissaire-priseure"
"003","Métiers du patrimoine et de la restauration d'oeuvres d'art","411","K2108","Professeur / Professeure des universités"
"003","Métiers du patrimoine et de la restauration d'oeuvres d'art","509546","K2125","Archéologue"
"003","Métiers du patrimoine et de la restauration d'oeuvres d'art","509940","K2135","Ethnologue"
"003","Métiers du patrimoine et de la restauration d'oeuvres d'art","510074","K2140","Historien / Historienne"
"003","Métiers du patrimoine et de la restauration d'oeuvres d'art","509910","K2414","Paléontologue"
"003","Métiers du patrimoine et de la restauration d'oeuvres d'art","510172","K2415","Paléographe"
"004","Métiers de l'intelligence économique","515384","A1314","Halieute"
"004","Métiers de l'intelligence économique","515440","A1319","Ingénieur / Ingénieure écologue"
"004","Métiers de l'intelligence économique","57","C1103","Courtier / Courtière en assurance"
"004","Métiers de l'intelligence économique","404510","C1111","Mandataire en assurance"
"004","Métiers de l'intelligence économique","404511","C1112","Agent général / Agente générale d'assurance"
"004","Métiers de l'intelligence économique","107","D1406","Directeur / Directrice des ventes"
"004","Métiers de l'intelligence économique","488282","D1411","Responsable Efficacité Commerciale (SFE) en industrie pharmaceutique"
"004","Métiers de l'intelligence économique","488301","D1413","Délégué / Déléguée pharmaceutique"
"004","Métiers de l'intelligence économique","488326","D1414","Responsable de zone internationale"
"004","Métiers de l'intelligence économique","488879","D1416","Commercial / Commerciale auprès d'une clientèle d'entreprises"
"004","Métiers de l'intelligence économique","510459","D1444","Responsable grands comptes"
"004","Métiers de l'intelligence économique","509501","D1512","Directeur régional / Directrice régionale d'hypermarché ou de supermarché"
"004","Métiers de l'intelligence économique","124","E1106","Journaliste"
"004","Métiers de l'intelligence économique","403088","E1109","Directeur / Directrice de la communication"
"004","Métiers de l'intelligence économique","488749","E1110","Directeur / Directrice de la rédaction"
"004","Métiers de l'intelligence économique","489052","E1113","Responsable e-commerce"
"004","Métiers de l'intelligence économique","509668","E1116","Responsable d'édition en presse"
"004","Métiers de l'intelligence économique","515383","E1131","Chargé / Chargée de plaidoyer"
"004","Métiers de l'intelligence économique","189","G1302","Yield manager"
"004","Métiers de l'intelligence économique","488302","H1103","Responsable d'affaires en industrie pharmaceutique"
"004","Métiers de l'intelligence économique","217","H1206","Ingénieur / Ingénieure R&D en industrie"
"004","Métiers de l'intelligence économique","221","H1210","Technicien / Technicienne R&D"
"004","Métiers de l'intelligence économique","488308","H1216","Responsable des études épidémiologiques"
"004","Métiers de l'intelligence économique","488285","H1304","Responsable Hygiène Sécurité Environnement (HSE) en industrie"
"004","Métiers de l'intelligence économique","488902","I1104","Ingénieur / Ingénieure infrastructures télécoms réseaux mobiles"
"004","Métiers de l'intelligence économique","489085","I1106","Responsable de maintenance réseaux des territoires connectés"
"004","Métiers de l'intelligence économique","379","K1401","Directeur / Directrice d'administration centrale"
"004","Métiers de l'intelligence économique","382","K1404","Chargé / Chargée de mission développement territorial"
"004","Métiers de l'intelligence économique","383","K1405","Préfet / Préfète"
"004","Métiers de l'intelligence économique","510287","K1412","Chargé / Chargée de mission aux relations internationales"
"004","Métiers de l'intelligence économique","510045","K1418","Ambassadeur / Ambassadrice"
"004","Métiers de l'intelligence économique","510148","K1419","Responsable du service des assemblées"
"004","Métiers de l'intelligence économique","510263","K1422","Directeur général / Directrice générale d'établissement public"
"004","Métiers de l'intelligence économique","518847","K1423","Directeur / Directrice de cabinet"
"004","Métiers de l'intelligence économique","399","K1802","Chargé / Chargée de développement économique et local"
"004","Métiers de l'intelligence économique","510311","K1815","Chargé / Chargée de mission "Villes et Territoires Durables""
"004","Métiers de l'intelligence économique","519904","K1816","Manager de commerce et territoire"
"004","Métiers de l'intelligence économique","489169","K1908","Responsable de service contentieux et recouvrement"
"004","Métiers de l'intelligence économique","510013","K1910","Commissaire à la Cour des comptes"
"004","Métiers de l'intelligence économique","509350","K1911","Fiscaliste"
"004","Métiers de l'intelligence économique","427","K2402","Ingénieur / Ingénieure de recherche scientifique"
"004","Métiers de l'intelligence économique","429","K2502","Responsable sécurité de site"
"004","Métiers de l'intelligence économique","488622","K2505","Enquêteur privé / Enquêtrice privée"
"004","Métiers de l'intelligence économique","456","M1101","Acheteur / Acheteuse"
"004","Métiers de l'intelligence économique","457","M1102","Directeur / Directrice des achats"
"004","Métiers de l'intelligence économique","458","M1201","Analyste financier / Analyste financière"
"004","Métiers de l'intelligence économique","459","M1202","Auditeur comptable et financier / Auditrice comptable et financière"
"004","Métiers de l'intelligence économique","461","M1204","Contrôleur / Contrôleuse de gestion"
"004","Métiers de l'intelligence économique","462","M1205","Directeur administratif et financier / Directrice administrative et financière (DAF)"
"004","Métiers de l'intelligence économique","464","M1207","Trésorier / Trésorière"
"004","Métiers de l'intelligence économique","488629","M1208","Directeur / Directrice du contrôle de gestion"
"004","Métiers de l'intelligence économique","488910","M1209","Conseiller / Conseillère en gestion"
"004","Métiers de l'intelligence économique","509798","M1219","Conseiller / Conseillère en fusion et acquisition"
"004","Métiers de l'intelligence économique","509824","M1221","Responsable financement de projet"
"004","Métiers de l'intelligence économique","510034","M1224","Economiste financier / Economiste financière"
"004","Métiers de l'intelligence économique","509355","M1226","Responsable investissements"
"004","Métiers de l'intelligence économique","509556","M1228","Gestionnaire de risques financiers"
"004","Métiers de l'intelligence économique","466","M1302","Responsable de Petite ou Moyenne Entreprise -PME-"
"004","Métiers de l'intelligence économique","509930","M1303","Directeur / Directrice de filiale"
"004","Métiers de l'intelligence économique","515415","M1306","Directeur / Directrice de bureau d'étude de la biodiversité"
"004","Métiers de l'intelligence économique","468","M1402","Responsable en organisation en entreprise"
"004","Métiers de l'intelligence économique","469","M1403","Chargé / Chargée d'études socio-économiques"
"004","Métiers de l'intelligence économique","404047","M1405","Data scientist"
"004","Métiers de l'intelligence économique","488287","M1406","Responsable RSE (Responsabilité Sociétale de l'Entreprise)"
"004","Métiers de l'intelligence économique","488639","M1409","Ingénieur / Ingénieure économiste en entreprise"
"004","Métiers de l'intelligence économique","488729","M1410","Responsable Green IT"
"004","Métiers de l'intelligence économique","488778","M1412","Ergonome"
"004","Métiers de l'intelligence économique","489213","M1414","Ingénieur statisticien / Ingénieure statisticienne"
"004","Métiers de l'intelligence économique","509391","M1415","Auditeur social / Auditrice sociale"
"004","Métiers de l'intelligence économique","509531","M1419","Data analyst"
"004","Métiers de l'intelligence économique","509536","M1420","Responsable en intelligence économique"
"004","Métiers de l'intelligence économique","509641","M1422","Directeur / Directrice d'études socio-économiques"
"004","Métiers de l'intelligence économique","510245","M1423","Chief Data Officer"
"004","Métiers de l'intelligence économique","509806","M1424","Consultant / Consultante en intelligence économique"
"004","Métiers de l'intelligence économique","510019","M1426","Chief digital officer - Responsable de la transformation digitale"
"004","Métiers de l'intelligence économique","510157","M1430","Chargé / Chargée d'études commerciales"
"004","Métiers de l'intelligence économique","515441","M1431","Chargé / Chargée de partenariat"
"004","Métiers de l'intelligence économique","473","M1503","Directeur / Directrice des Ressources Humaines (DRH)"
"004","Métiers de l'intelligence économique","488608","M1506","Manager de proximité"
"004","Métiers de l'intelligence économique","485","M1703","Chef / Cheffe de produit"
"004","Métiers de l'intelligence économique","487","M1705","Responsable marketing"
"004","Métiers de l'intelligence économique","488","M1706","Chef / Cheffe de promotion des ventes"
"004","Métiers de l'intelligence économique","489","M1707","Responsable du développement commercial"
"004","Métiers de l'intelligence économique","488274","M1708","Directeur / Directrice de l'accès au marché en industrie pharmaceutique"
"004","Métiers de l'intelligence économique","488275","M1709","Chef / Cheffe de gamme en industrie pharmaceutique"
"004","Métiers de l'intelligence économique","488310","M1711","Directeur / Directrice du marketing"
"004","Métiers de l'intelligence économique","488340","M1712","Directeur / Directrice de l'information promotionnelle du médicament en industrie pharmaceutique"
"004","Métiers de l'intelligence économique","488569","M1714","Chargé / Chargée de l'information promotionnelle du médicament en industrie pharmaceutique"
"004","Métiers de l'intelligence économique","488738","M1715","Directeur commercial / Directrice commerciale"
"004","Métiers de l'intelligence économique","510431","M1717","Responsable innovation"
"004","Métiers de l'intelligence économique","490","M1801","Administrateur / Administratrice de systèmes d'information (SI)"
"004","Métiers de l'intelligence économique","491","M1802","Expert / Experte systèmes et réseaux informatiques"
"004","Métiers de l'intelligence économique","493","M1804","Ingénieur / Ingénieure télécoms et environnement"
"004","Métiers de l'intelligence économique","488636","M1817","Administrateur / Administratrice sécurité informatique"
"004","Métiers de l'intelligence économique","488753","M1826","Ingénieur / Ingénieure supervision IT Datacenter"
"004","Métiers de l'intelligence économique","488768","M1828","Chef de projet / Cheffe de projet (Project Management Officer)"
"004","Métiers de l'intelligence économique","488772","M1829","Ingénieur / Ingénieure systèmes et réseaux des territoires connectés"
"004","Métiers de l'intelligence économique","488785","M1830","Administrateur / Administratrice réseaux - télécoms"
"004","Métiers de l'intelligence économique","488890","M1835","Architecte systèmes et réseaux des territoires connectés"
"004","Métiers de l'intelligence économique","488917","M1840","Directeur / Directrice de projets des territoires connectés"
"004","Métiers de l'intelligence économique","489026","M1846","Ingénieur / Ingénieure Cybersécurité Datacenter"
"004","Métiers de l'intelligence économique","489067","M1851","Analyste décisionnel - Business Intelligence"
"004","Métiers de l'intelligence économique","489072","M1852","Analyste d'étude informatique"
"004","Métiers de l'intelligence économique","489174","M1857","Urbaniste Datacenter"
"004","Métiers de l'intelligence économique","489217","M1862","Responsable d'exploitation fibre optique"
"004","Métiers de l'intelligence économique","509762","M1872","Consultant décisionnel / Consultante décisionnelle - Business Intelligence"
"004","Métiers de l'intelligence économique","510315","M1883","Analyste SOC (Security Operations Center)"
"004","Métiers de l'intelligence économique","510440","M1889","Ingénieur / Ingénieure en Intelligence Artificielle (IA)"
"004","Métiers de l'intelligence économique","510465","M1894","Gestionnaire de base de données"
"004","Métiers de l'intelligence économique","488741","N1205","Responsable de service transit"
"004","Métiers de l'intelligence économique","489020","N1305","Ingénieur / Ingénieure logistique"
"005","Métiers de la recherche","14","A1303","Ingénieur / Ingénieure d'études et de recherche agricoles"
"005","Métiers de la recherche","509640","A1307","Ingénieur forestier / Ingénieure forestière"
"005","Métiers de la recherche","510270","A1312","Directeur / Directrice environnement"
"005","Métiers de la recherche","515384","A1314","Halieute"
"005","Métiers de la recherche","515387","A1316","Chargé / Chargée de conservation ex-situ"
"005","Métiers de la recherche","515409","A1317","Gestionnaire d'aires marines protégées"
"005","Métiers de la recherche","515440","A1319","Ingénieur / Ingénieure écologue"
"005","Métiers de la recherche","515455","A1321","Chargé / Chargée de mission thématique durable"
"005","Métiers de la recherche","518742","A1323","Ornithologue"
"005","Métiers de la recherche","518781","A1324","Ingénieur / Ingénieure biogaz"
"005","Métiers de la recherche","488346","A1423","Œnologue"
"005","Métiers de la recherche","146","F1105","Géologue"
"005","Métiers de la recherche","488578","F1115","Vulcanologue"
"005","Métiers de la recherche","488615","F1118","Sismologue"
"005","Métiers de la recherche","488621","F1119","Pédologue"
"005","Métiers de la recherche","489200","F1123","Glaciologue"
"005","Métiers de la recherche","488897","F1124","Hydrologue"
"005","Métiers de la recherche","509417","F1129","Ingénieur / Ingénieure réservoir"
"005","Métiers de la recherche","510153","F1138","Géothermicien / Géothermicienne"
"005","Métiers de la recherche","510427","F1142","Océanographe"
"005","Métiers de la recherche","510268","F1143","Géophysicien / Géophysicienne"
"005","Métiers de la recherche","518322","F1145","Ingénieur / Ingénieure en génie maritime"
"005","Métiers de la recherche","215","H1204","Designer"
"005","Métiers de la recherche","217","H1206","Ingénieur / Ingénieure R&D en industrie"
"005","Métiers de la recherche","221","H1210","Technicien / Technicienne R&D"
"005","Métiers de la recherche","488271","H1212","Ingénieur / Ingénieure brevet en industrie"
"005","Métiers de la recherche","488291","H1213","Responsable du développement clinique en industrie pharmaceutique"
"005","Métiers de la recherche","488299","H1214","Agent / Agente de laboratoire de recherche industrielle"
"005","Métiers de la recherche","488303","H1215","Bioinformaticien / Bioinformaticienne en études, recherche et développement"
"005","Métiers de la recherche","488308","H1216","Responsable des études épidémiologiques"
"005","Métiers de la recherche","488313","H1217","Technicien / Technicienne formulation en industrie pharmaceutique"
"005","Métiers de la recherche","488316","H1218","Responsable de projet recherche et développement"
"005","Métiers de la recherche","488319","H1219","Responsable opérationnel / Responsable opérationnelle des études cliniques en industrie pharmaceutique"
"005","Métiers de la recherche","488322","H1220","Responsable formulation en industrie pharmaceutique"
"005","Métiers de la recherche","488335","H1221","Responsable des partenariats de recherche en industrie pharmaceutique"
"005","Métiers de la recherche","488347","H1222","Responsable médical / Responsable médicale des études cliniques en industrie pharmaceutique"
"005","Métiers de la recherche","488351","H1223","Coordinateur / Coordinatrice d'études cliniques en industrie pharmaceutique"
"005","Métiers de la recherche","488566","H1224","Technicien / Technicienne de laboratoire de recherche-développement"
"005","Métiers de la recherche","489219","H1225","Ingénieur / Ingénieure développement nucléaire"
"005","Métiers de la recherche","510309","H1226","Rédacteur médical / Rédactrice médicale en industrie pharmaceutique"
"005","Métiers de la recherche","518200","H1245","Mécatronicien / Mécatronicienne"
"005","Métiers de la recherche","223","H1302","Ingénieur / Ingénieure Hygiène, Sécurité et Environnement en industrie (HSE)"
"005","Métiers de la recherche","488619","H1306","Ingénieur / Ingénieure sûreté en industrie nucléaire"
"005","Métiers de la recherche","229","H1501","Responsable de laboratoire d'analyse industrielle"
"005","Métiers de la recherche","231","H1503","Technicien / Technicienne de laboratoire d'analyse industrielle"
"005","Métiers de la recherche","488296","H1510","Technicien / Technicienne de laboratoire de contrôle en industrie pharmaceutique"
"005","Métiers de la recherche","488309","H1511","Chargé / Chargée de validation-qualification en industrie pharmaceutique"
"005","Métiers de la recherche","488314","H1513","Responsable de pharmacovigilance en industrie pharmaceutique"
"005","Métiers de la recherche","488330","H1514","Chargé / Chargée de pharmacovigilance en industrie pharmaceutique"
"005","Métiers de la recherche","488336","H1515","Auditeur / Auditrice qualité en industrie"
"005","Métiers de la recherche","488343","H1517","Responsable de laboratoire de contrôle en industrie pharmaceutique"
"005","Métiers de la recherche","509528","H1525","Biologiste de contrôle fabrication en industrie"
"005","Métiers de la recherche","488318","H2303","Opérateur / Opératrice de fabrication en industrie pharmaceutique"
"005","Métiers de la recherche","515418","I1510","Plongeur / Plongeuse scientifique et technique"
"005","Métiers de la recherche","333","J1102","Médecin généraliste"
"005","Métiers de la recherche","509388","J1112","Oncologue"
"005","Métiers de la recherche","509405","J1113","Dermatologue"
"005","Métiers de la recherche","509638","J1122","Chirurgien plasticien / Chirurgienne plasticienne"
"005","Métiers de la recherche","510286","J1124","Médecin Anesthésiste Réanimateur / Réanimatrice (MAR)"
"005","Métiers de la recherche","509770","J1126","Médecin du sport"
"005","Métiers de la recherche","509785","J1128","Pneumologue"
"005","Métiers de la recherche","509807","J1129","Allergologue"
"005","Métiers de la recherche","509949","J1131","Psychiatre"
"005","Métiers de la recherche","509927","J1134","Ophtalmologue"
"005","Métiers de la recherche","509942","J1135","Urologue"
"005","Métiers de la recherche","509650","J1136","Gérontologue"
"005","Métiers de la recherche","509780","J1137","Néphrologue"
"005","Métiers de la recherche","510161","J1141","Orthodontiste"
"005","Métiers de la recherche","488594","J1203","Directeur / Directrice de laboratoire d'analyses vétérinaires"
"005","Métiers de la recherche","488743","J1204","Directeur / Directrice de laboratoire d'analyses de biologie médicale"
"005","Métiers de la recherche","351","J1407","Orthoptiste"
"005","Métiers de la recherche","352","J1408","Ostéopathe"
"005","Métiers de la recherche","353","J1409","Pédicure-podologue"
"005","Métiers de la recherche","355","J1411","Orthoprothésiste"
"005","Métiers de la recherche","509782","K1411","Inspecteur / Inspectrice vétérinaire"
"005","Métiers de la recherche","390","K1602","Conservateur / Conservatrice du patrimoine"
"005","Métiers de la recherche","488758","K1606","Responsable de la conservation préventive"
"005","Métiers de la recherche","520055","K1609","Technicien / Technicienne en manipulation d'œuvres d'art"
"005","Métiers de la recherche","520081","K1610","Régisseur d'œuvres d'art / Régisseuse d'œuvres d'art"
"005","Métiers de la recherche","411","K2108","Professeur / Professeure des universités"
"005","Métiers de la recherche","509546","K2125","Archéologue"
"005","Métiers de la recherche","509902","K2133","Sociologue"
"005","Métiers de la recherche","509932","K2134","Démographe"
"005","Métiers de la recherche","509940","K2135","Ethnologue"
"005","Métiers de la recherche","510074","K2140","Historien / Historienne"
"005","Métiers de la recherche","510407","K2143","Anthropologue"
"005","Métiers de la recherche","426","K2401","Chercheur / Chercheuse en sciences humaines et sociales"
"005","Métiers de la recherche","427","K2402","Ingénieur / Ingénieure de recherche scientifique"
"005","Métiers de la recherche","488272","K2404","Chargé / Chargée de recherche en industrie pharmaceutique"
"005","Métiers de la recherche","488279","K2405","Attaché / Attachée de recherche clinique en milieu hospitalier"
"005","Métiers de la recherche","488570","K2406","Directeur / Directrice de recherche en industrie pharmaceutique"
"005","Métiers de la recherche","488864","K2408","Mathématicien / Mathématicienne"
"005","Métiers de la recherche","488918","K2409","Astronome"
"005","Métiers de la recherche","489170","K2410","Astrophysicien / Astrophysicienne"
"005","Métiers de la recherche","509819","K2411","Musicologue"
"005","Métiers de la recherche","519212","K2412","Chercheur / Chercheuse du monde aquatique"
"005","Métiers de la recherche","519211","K2413","Chercheur / Chercheuse des écosystèmes"
"005","Métiers de la recherche","509910","K2414","Paléontologue"
"005","Métiers de la recherche","510172","K2415","Paléographe"
"005","Métiers de la recherche","510249","K2416","Linguiste"
"005","Métiers de la recherche","519206","K2417","Chercheur / Chercheuse du monde marin"
"005","Métiers de la recherche","519207","K2418","Chercheur animalier / Chercheuse animalière"
"005","Métiers de la recherche","519208","K2419","Botaniste"
"005","Métiers de la recherche","519209","K2420","Chercheur / Chercheuse du monde forestier"
"005","Métiers de la recherche","519210","K2421","Chercheur / Chercheuse du monde microbien et microbiologique"
"005","Métiers de la recherche","469","M1403","Chargé / Chargée d'études socio-économiques"
"005","Métiers de la recherche","488300","M1407","Responsable de la veille scientifique et technique en industrie pharmaceutique"
"005","Métiers de la recherche","488337","M1408","Responsable des études pharmaco-économiques en industrie pharmaceutique"
"005","Métiers de la recherche","497","M1808","Cartographe"
"005","Métiers de la recherche","498","M1809","Météorologue"
"005","Métiers de la recherche","510430","M1888","Spécialiste en modélisation climatique"
"005","Métiers de la recherche","510446","M1890","Responsable d'opérations en station météorologique"
"005","Métiers de la recherche","510447","M1891","Ingénieur / Ingénieure prévisionniste météorologue"
"005","Métiers de la recherche","510461","M1893","Technicien / Technicienne de la météorologie"
"005","Métiers de la recherche","515456","M1895","Géomaticien / Géomaticienne"
"006","Métiers de la mer, du nautisme et de la construction navale","515388","A1216","Responsable de site naturel protégé"
"006","Métiers de la mer, du nautisme et de la construction navale","515396","A1217","Responsable de gardes nature"
"006","Métiers de la mer, du nautisme et de la construction navale","515384","A1314","Halieute"
"006","Métiers de la mer, du nautisme et de la construction navale","515385","A1315","Technicien / Technicienne naturaliste"
"006","Métiers de la mer, du nautisme et de la construction navale","515387","A1316","Chargé / Chargée de conservation ex-situ"
"006","Métiers de la mer, du nautisme et de la construction navale","515409","A1317","Gestionnaire d'aires marines protégées"
"006","Métiers de la mer, du nautisme et de la construction navale","515431","A1318","Technicien / Technicienne de travaux de gestion de milieu naturel"
"006","Métiers de la mer, du nautisme et de la construction navale","515440","A1319","Ingénieur / Ingénieure écologue"
"006","Métiers de la mer, du nautisme et de la construction navale","515455","A1321","Chargé / Chargée de mission thématique durable"
"006","Métiers de la mer, du nautisme et de la construction navale","515458","A1322","Technicien / Technicienne de rivière"
"006","Métiers de la mer, du nautisme et de la construction navale","18","A1404","Aquaculteur / Aquacultrice"
"006","Métiers de la mer, du nautisme et de la construction navale","20","A1406","Capitaine de pêche"
"006","Métiers de la mer, du nautisme et de la construction navale","29","A1415","Marin-pêcheur"
"006","Métiers de la mer, du nautisme et de la construction navale","31","A1417","Saliculteur / Salicultrice"
"006","Métiers de la mer, du nautisme et de la construction navale","488709","A1424","Pisciculteur / Piscicultrice"
"006","Métiers de la mer, du nautisme et de la construction navale","488728","A1425","Ramendeur / Ramendeuse"
"006","Métiers de la mer, du nautisme et de la construction navale","488776","A1427","Goémonier / Goémonière"
"006","Métiers de la mer, du nautisme et de la construction navale","488903","A1428","Algoculteur / Algocultrice"
"006","Métiers de la mer, du nautisme et de la construction navale","489025","A1430","Ouvrier / Ouvrière aquacole"
"006","Métiers de la mer, du nautisme et de la construction navale","489063","A1431","Ouvrier / Ouvrière piscicole"
"006","Métiers de la mer, du nautisme et de la construction navale","509530","A1438","Pêcheur / Pêcheuse à pied"
"006","Métiers de la mer, du nautisme et de la construction navale","510171","A1445","Pêcheur sous-marin / Pêcheuse sous-marine"
"006","Métiers de la mer, du nautisme et de la construction navale","515454","B1815","Technicien voilier / Technicienne voilière"
"006","Métiers de la mer, du nautisme et de la construction navale","515427","C1114","Assureur / Assureuse maritime"
"006","Métiers de la mer, du nautisme et de la construction navale","84","D1105","Poissonnier / Poissonnière"
"006","Métiers de la mer, du nautisme et de la construction navale","515406","D1119","Mareyeur / Mareyeuse"
"006","Métiers de la mer, du nautisme et de la construction navale","97","D1211","Vendeur / Vendeuse d'articles de sport et loisirs"
"006","Métiers de la mer, du nautisme et de la construction navale","509347","D1421","Conseiller commercial / Conseillère commerciale en véhicules industriels"
"006","Métiers de la mer, du nautisme et de la construction navale","509532","D1426","Vendeur / Vendeuse en véhicules de collection"
"006","Métiers de la mer, du nautisme et de la construction navale","510043","D1434","Conseiller commercial / Conseillère commerciale motocycles"
"006","Métiers de la mer, du nautisme et de la construction navale","515444","D1441","Technico-commercial / Technico-commerciale de l'industrie et des services nautiques"
"006","Métiers de la mer, du nautisme et de la construction navale","515426","D1442","Courtier / Courtière en bateau"
"006","Métiers de la mer, du nautisme et de la construction navale","488897","F1124","Hydrologue"
"006","Métiers de la mer, du nautisme et de la construction navale","518322","F1145","Ingénieur / Ingénieure en génie maritime"
"006","Métiers de la mer, du nautisme et de la construction navale","488871","F1504","Charpentier / Charpentière de marine"
"006","Métiers de la mer, du nautisme et de la construction navale","489189","F1625","Monteur / Monteuse en agencement"
"006","Métiers de la mer, du nautisme et de la construction navale","403072","G1207","Surveillant / Surveillante de baignade"
"006","Métiers de la mer, du nautisme et de la construction navale","217","H1206","Ingénieur / Ingénieure R&D en industrie"
"006","Métiers de la mer, du nautisme et de la construction navale","488308","H1216","Responsable des études épidémiologiques"
"006","Métiers de la mer, du nautisme et de la construction navale","509693","H2213","Menuisier / Menuisière en construction nautique"
"006","Métiers de la mer, du nautisme et de la construction navale","515430","H2712","Technicien / Technicienne d'exploitation en centrale hydroélectrique"
"006","Métiers de la mer, du nautisme et de la construction navale","279","H2902","Chaudronnier / Chaudronnière"
"006","Métiers de la mer, du nautisme et de la construction navale","288","H2911","Métallier / Métallière"
"006","Métiers de la mer, du nautisme et de la construction navale","291","H2914","Tuyauteur / Tuyauteuse"
"006","Métiers de la mer, du nautisme et de la construction navale","489024","H2915","Chef soudeur / Cheffe soudeuse"
"006","Métiers de la mer, du nautisme et de la construction navale","489047","H2916","Soudeur / Soudeuse Tungsten Inert Gas -TIG-"
"006","Métiers de la mer, du nautisme et de la construction navale","489194","H2917","Soudeur / Soudeuse MIG MAG"
"006","Métiers de la mer, du nautisme et de la construction navale","515446","H2919","Charpentier / Charpentière métallique en construction navale"
"006","Métiers de la mer, du nautisme et de la construction navale","296","H3203","Mouleur-stratifieur / Mouleuse-stratifieuse"
"006","Métiers de la mer, du nautisme et de la construction navale","303","H3404","Peintre industriel / Peintre industrielle"
"006","Métiers de la mer, du nautisme et de la construction navale","318","I1309","Electricien / Electricienne de maintenance"
"006","Métiers de la mer, du nautisme et de la construction navale","323","I1502","Plongeur scaphandrier / Plongeuse scaphandrière"
"006","Métiers de la mer, du nautisme et de la construction navale","515408","I1509","Scaphandrier inspecteur / Scaphandrière inspectrice"
"006","Métiers de la mer, du nautisme et de la construction navale","515418","I1510","Plongeur / Plongeuse scientifique et technique"
"006","Métiers de la mer, du nautisme et de la construction navale","515453","I1513","Chef d'équipe scaphandrier / Cheffe d'équipe scaphandrière"
"006","Métiers de la mer, du nautisme et de la construction navale","325","I1601","Préparateur / Préparatrice de bateau"
"006","Métiers de la mer, du nautisme et de la construction navale","329","I1605","Mécanicien / Mécanicienne en mécanique marine ou navale"
"006","Métiers de la mer, du nautisme et de la construction navale","488870","I1619","Mécanicien / Mécanicienne cycles"
"006","Métiers de la mer, du nautisme et de la construction navale","515399","I1633","Agent / Agente de maintenance nautique"
"006","Métiers de la mer, du nautisme et de la construction navale","515411","I1634","Accastilleur / Accastilleuse"
"006","Métiers de la mer, du nautisme et de la construction navale","395","K1705","Secouriste"
"006","Métiers de la mer, du nautisme et de la construction navale","522317","K1739","Opérateur / Opératrice en navigation maritime sur navire militaire"
"006","Métiers de la mer, du nautisme et de la construction navale","522229","K1741","Maître de pont sur navire militaire"
"006","Métiers de la mer, du nautisme et de la construction navale","519212","K2412","Chercheur / Chercheuse du monde aquatique"
"006","Métiers de la mer, du nautisme et de la construction navale","519206","K2417","Chercheur / Chercheuse du monde marin"
"006","Métiers de la mer, du nautisme et de la construction navale","446","L1401","Sportif professionnel / Sportive professionnelle"
"006","Métiers de la mer, du nautisme et de la construction navale","488306","L1402","Arbitre professionnel / Professionnelle de discipline sportive"
"006","Métiers de la mer, du nautisme et de la construction navale","515456","M1895","Géomaticien / Géomaticienne"
"006","Métiers de la mer, du nautisme et de la construction navale","517","N3101","Officier / Officière de port"
"006","Métiers de la mer, du nautisme et de la construction navale","519","N3103","Matelot de la navigation fluviale"
"006","Métiers de la mer, du nautisme et de la construction navale","509922","N3104","Conducteur / Conductrice de navigation fluviale"
"006","Métiers de la mer, du nautisme et de la construction navale","509510","N3105","Pilote hauturier / Pilote hauturière"
"006","Métiers de la mer, du nautisme et de la construction navale","509805","N3106","Officier / Officière de la marine marchande"
"006","Métiers de la mer, du nautisme et de la construction navale","510026","N3107","Pilote fluvial / Pilote fluviale"
"006","Métiers de la mer, du nautisme et de la construction navale","519637","N3108","Skipper professionnel / Skipper professionnelle"
"006","Métiers de la mer, du nautisme et de la construction navale","512367","N3109","Matelot pont de la marine marchande"
"006","Métiers de la mer, du nautisme et de la construction navale","515395","N3110","Capitaine d'armement"
"006","Métiers de la mer, du nautisme et de la construction navale","515402","N3111","Officier électronicien / Officière électronicienne"
"006","Métiers de la mer, du nautisme et de la construction navale","515403","N3112","Commissaire de bord"
"006","Métiers de la mer, du nautisme et de la construction navale","515428","N3113","Steward yachting polyvalent / Steward yachting polyvalente"
"006","Métiers de la mer, du nautisme et de la construction navale","515432","N3114","Lamaneur / Lamaneuse"
"006","Métiers de la mer, du nautisme et de la construction navale","515436","N3115","Capitaine de yacht"
"006","Métiers de la mer, du nautisme et de la construction navale","515442","N3116","Agent / Agente de service général maritime"
"006","Métiers de la mer, du nautisme et de la construction navale","515443","N3117","Marin de la plaisance professionnelle"
"006","Métiers de la mer, du nautisme et de la construction navale","515461","N3118","Bosco de la navigation maritime"
"006","Métiers de la mer, du nautisme et de la construction navale","520","N3201","Responsable d'exploitation transport maritime"
"006","Métiers de la mer, du nautisme et de la construction navale","521","N3202","Responsable d'exploitation transport fluvial"
"006","Métiers de la mer, du nautisme et de la construction navale","522","N3203","Ouvrier / Ouvrière de manutention portuaire"
"006","Métiers de la mer, du nautisme et de la construction navale","510185","N3205","Assistant / Assistante d'exploitation du transport fluvial"
"006","Métiers de la mer, du nautisme et de la construction navale","515386","N3206","Assistant / Assistante d'exploitation de terminal portuaire"
"006","Métiers de la mer, du nautisme et de la construction navale","515394","N3207","Agent / Agente de port de plaisance"
"006","Métiers de la mer, du nautisme et de la construction navale","515424","N3209","Responsable de structure de manutention portuaire"
"006","Métiers de la mer, du nautisme et de la construction navale","515425","N3210","Assistant / Assistante d'exploitation transport maritime"
"006","Métiers de la mer, du nautisme et de la construction navale","515449","N3211","Directeur de port / Directrice de port"
"007","Métiers de l'aéronautique","210","H1101","Ingénieur / Ingénieure support technique"
"007","Métiers de l'aéronautique","488627","H1106","Responsable support technique clients"
"007","Métiers de l'aéronautique","489015","H1107","Directeur / Directrice assistance technique"
"007","Métiers de l'aéronautique","489029","H1108","Technicien / Technicienne support client en industrie"
"007","Métiers de l'aéronautique","217","H1206","Ingénieur / Ingénieure R&D en industrie"
"007","Métiers de l'aéronautique","488271","H1212","Ingénieur / Ingénieure brevet en industrie"
"007","Métiers de l'aéronautique","488308","H1216","Responsable des études épidémiologiques"
"007","Métiers de l'aéronautique","515435","H1246","Technicien / Technicienne en bureau d'études aéronautiques"
"007","Métiers de l'aéronautique","226","H1402","Ingénieur / Ingénieure méthodes et process"
"007","Métiers de l'aéronautique","227","H1403","Gestionnaire de flux de production"
"007","Métiers de l'aéronautique","228","H1404","Technicien / Technicienne méthodes"
"007","Métiers de l'aéronautique","488297","H1405","Responsable supply chain en industrie"
"007","Métiers de l'aéronautique","488331","H1406","Ingénieur / Ingénieure supply chain en industrie"
"007","Métiers de l'aéronautique","488278","H1508","Assureur / Assureuse qualité industrie"
"007","Métiers de l'aéronautique","488284","H1509","Responsable des affaires règlementaires en industrie pharmaceutique"
"007","Métiers de l'aéronautique","488309","H1511","Chargé / Chargée de validation-qualification en industrie pharmaceutique"
"007","Métiers de l'aéronautique","488312","H1512","Directeur / Directrice de zone en industrie pharmaceutique"
"007","Métiers de l'aéronautique","488336","H1515","Auditeur / Auditrice qualité en industrie"
"007","Métiers de l'aéronautique","488341","H1516","Expert / Experte métrologue"
"007","Métiers de l'aéronautique","488344","H1518","Consultant / Consultante qualité"
"007","Métiers de l'aéronautique","488352","H1519","Responsable éthique-déontologie-conformité en industrie pharmaceutique"
"007","Métiers de l'aéronautique","488353","H1520","Ingénieur qualité / Ingénieure qualité"
"007","Métiers de l'aéronautique","488565","H1521","Technicien / Technicienne de validation-qualification"
"007","Métiers de l'aéronautique","488632","H1522","Technicien / Technicienne en contrôles et essais non destructifs (CND END)"
"007","Métiers de l'aéronautique","263","H2502","Ingénieur / Ingénieure de production"
"007","Métiers de l'aéronautique","515390","H2511","Responsable d'atelier de blanchisserie industrielle"
"007","Métiers de l'aéronautique","268","H2602","Câbleur / Câbleuse d'armoires"
"007","Métiers de l'aéronautique","278","H2901","Ajusteur-monteur / Ajusteuse-monteuse"
"007","Métiers de l'aéronautique","279","H2902","Chaudronnier / Chaudronnière"
"007","Métiers de l'aéronautique","280","H2903","Usineur / Usineuse"
"007","Métiers de l'aéronautique","282","H2905","Cisailleur / Cisailleuse en métallurgie"
"007","Métiers de l'aéronautique","284","H2907","Fondeur / Fondeuse en métallurgie"
"007","Métiers de l'aéronautique","515446","H2919","Charpentier / Charpentière métallique en construction navale"
"007","Métiers de l'aéronautique","296","H3203","Mouleur-stratifieur / Mouleuse-stratifieuse"
"007","Métiers de l'aéronautique","301","H3402","Opérateur / Opératrice de traitement de surface"
"007","Métiers de l'aéronautique","303","H3404","Peintre industriel / Peintre industrielle"
"007","Métiers de l'aéronautique","305","I1102","Ingénieur / Ingénieure de maintenance industrielle"
"007","Métiers de l'aéronautique","313","I1304","Technicien / Technicienne de maintenance industrielle"
"007","Métiers de l'aéronautique","510142","I1334","Electronicien / Electronicienne de maintenance aéronautique"
"007","Métiers de l'aéronautique","326","I1602","Mécanicien / Mécanicienne avion"
"007","Métiers de l'aéronautique","515414","I1635","Mécanicien / Mécanicienne structure avion"
"007","Métiers de l'aéronautique","515422","I1636","Mécanicien / Mécanicienne cabine"
"007","Métiers de l'aéronautique","522279","K1740","Expert / Experte en opérations spatiales militaires"
"007","Métiers de l'aéronautique","430","K2503","Agent / Agente de prévention et de sécurité"
"007","Métiers de l'aéronautique","488730","K2506","Convoyeur / Convoyeuse de fonds"
"007","Métiers de l'aéronautique","510292","K2510","Agent / Agente cynophile de sécurité"
"007","Métiers de l'aéronautique","515410","K2512","Agent / Agente de sûreté portuaire"
"007","Métiers de l'aéronautique","515389","K2514","Responsable de sûreté et de sécurité portuaire"
"007","Métiers de l'aéronautique","488641","M1818","Ingénieur / Ingénieure d'étude informatique"
"007","Métiers de l'aéronautique","488754","M1827","Ingénieur / Ingénieure DevOps"
"007","Métiers de l'aéronautique","488894","M1836","Ingénieur concepteur / Ingénieure conceptrice informatique"
"007","Métiers de l'aéronautique","489017","M1844","Responsable des études et applications informatiques"
"007","Métiers de l'aéronautique","510","N2101","Personnel Navigant Commercial (PNC)"
"007","Métiers de l'aéronautique","511","N2102","Pilote de ligne"
"007","Métiers de l'aéronautique","515463","N2103","Pilote instructeur / Pilote instructrice aéronautique"
"007","Métiers de l'aéronautique","515448","N2104","Instructeur / Instructrice Personnel Navigant Commercial (PNC)"
"007","Métiers de l'aéronautique","512","N2201","Agent / Agente d'Escale Commerciale aéroportuaire (AEC)"
"007","Métiers de l'aéronautique","513","N2202","Contrôleur aérien / Contrôleuse aérienne"
"007","Métiers de l'aéronautique","514","N2203","Agent / Agente d'opérations sur piste"
"007","Métiers de l'aéronautique","516","N2205","Chef / Cheffe d'escale"
"007","Métiers de l'aéronautique","489039","N2206","Pilote de drone"
"007","Métiers de l'aéronautique","510602","N2208","Contrôleur / Contrôleuse de la circulation et de la défense aérienne"
"007","Métiers de l'aéronautique","515405","N2209","Superviseur / Superviseuse piste"
"007","Métiers de l'aéronautique","509657","N2210","Superviseur / Superviseuse d'exploitation aéroportuaire"
"007","Métiers de l'aéronautique","515450","N2211","Planificateur régulateur vol / Planificatrice régulatrice vol"
"008","Métiers de la sécurité publique et privée","223","H1302","Ingénieur / Ingénieure Hygiène, Sécurité et Environnement en industrie (HSE)"
"008","Métiers de la sécurité publique et privée","224","H1303","Technicien / Technicienne en Hygiène, Sécurité, Environnement industriel (HSE)"
"008","Métiers de la sécurité publique et privée","488285","H1304","Responsable Hygiène Sécurité Environnement (HSE) en industrie"
"008","Métiers de la sécurité publique et privée","488596","H1305","Vérificateur / Vérificatrice de conformité industrielle"
"008","Métiers de la sécurité publique et privée","489181","H1308","Animateur / Animatrice en Hygiène Sécurité Environnement (HSE)"
"008","Métiers de la sécurité publique et privée","489183","H1309","Technicien / Technicienne en radioprotection"
"008","Métiers de la sécurité publique et privée","488284","H1509","Responsable des affaires règlementaires en industrie pharmaceutique"
"008","Métiers de la sécurité publique et privée","509670","H1527","Responsable de sécurité industrielle"
"008","Métiers de la sécurité publique et privée","489085","I1106","Responsable de maintenance réseaux des territoires connectés"
"008","Métiers de la sécurité publique et privée","308","I1202","Agent / Agente d'exploitation de la voirie"
"008","Métiers de la sécurité publique et privée","488628","I1205","Installateur vérificateur / Installatrice vérificatrice d'extincteurs"
"008","Métiers de la sécurité publique et privée","510606","I1631","Opérateur / Opératrice de vérification des dispositifs embarqués Véhicules de Transports Routiers VTR"
"008","Métiers de la sécurité publique et privée","509643","J1123","Médecin des armées"
"008","Métiers de la sécurité publique et privée","380","K1402","Médecin conseil"
"008","Métiers de la sécurité publique et privée","509923","K1414","Chargé / Chargée de mission santé publique"
"008","Métiers de la sécurité publique et privée","509935","K1416","Directeur / Directrice des services pénitentiaires d'insertion et de probation (DSPIP)"
"008","Métiers de la sécurité publique et privée","510156","K1420","Directeur / Directrice d'établissement pénitentiaire"
"008","Métiers de la sécurité publique et privée","384","K1501","Agent / Agente d'administration principal(e) des douanes"
"008","Métiers de la sécurité publique et privée","386","K1503","Contrôleur / Contrôleuse des impôts"
"008","Métiers de la sécurité publique et privée","387","K1504","Percepteur / Perceptrice des impôts et du Trésor Public"
"008","Métiers de la sécurité publique et privée","388","K1505","Inspecteur / Inspectrice des douanes"
"008","Métiers de la sécurité publique et privée","510301","K1509","Adjoint / Adjointe de contrôle de la concurrence, de la consommation et de la répression des fraudes"
"008","Métiers de la sécurité publique et privée","509669","K1510","Contrôleur / Contrôleuse du Trésor public"
"008","Métiers de la sécurité publique et privée","509772","K1512","Chef / Cheffe de poste du Trésor public"
"008","Métiers de la sécurité publique et privée","519563","K1515","Inspecteur / Inspectrice du permis de conduire et de la sécurité routière"
"008","Métiers de la sécurité publique et privée","392","K1702","Responsable de sécurité civile et de secours"
"008","Métiers de la sécurité publique et privée","395","K1705","Secouriste"
"008","Métiers de la sécurité publique et privée","396","K1706","Gendarme"
"008","Métiers de la sécurité publique et privée","397","K1707","Policier municipal / Policière municipale"
"008","Métiers de la sécurité publique et privée","488295","K1708","Gardien / Gardienne de la paix"
"008","Métiers de la sécurité publique et privée","488320","K1709","Commissaire de police"
"008","Métiers de la sécurité publique et privée","488345","K1710","Pilote de drones aériens militaires"
"008","Métiers de la sécurité publique et privée","488907","K1716","Chef / Cheffe de service pénitentiaire"
"008","Métiers de la sécurité publique et privée","489167","K1719","Chef / Cheffe de police municipale"
"008","Métiers de la sécurité publique et privée","489186","K1720","Gardien de compagnie républicaine de sécurité (CRS) / Gardienne de compagnie républicaine de sécurité (CRS)"
"008","Métiers de la sécurité publique et privée","489212","K1721","Technicien / Technicienne en investigation criminelle"
"008","Métiers de la sécurité publique et privée","522317","K1739","Opérateur / Opératrice en navigation maritime sur navire militaire"
"008","Métiers de la sécurité publique et privée","522279","K1740","Expert / Experte en opérations spatiales militaires"
"008","Métiers de la sécurité publique et privée","522229","K1741","Maître de pont sur navire militaire"
"008","Métiers de la sécurité publique et privée","515447","K1743","Agent de surveillance de la voie publique (ASVP) / Agente de surveillance de la voie publique (ASVP)"
"008","Métiers de la sécurité publique et privée","510013","K1910","Commissaire à la Cour des comptes"
"008","Métiers de la sécurité publique et privée","429","K2502","Responsable sécurité de site"
"008","Métiers de la sécurité publique et privée","430","K2503","Agent / Agente de prévention et de sécurité"
"008","Métiers de la sécurité publique et privée","404548","K2504","Agent / Agente de sécurité événementielle"
"008","Métiers de la sécurité publique et privée","488622","K2505","Enquêteur privé / Enquêtrice privée"
"008","Métiers de la sécurité publique et privée","488730","K2506","Convoyeur / Convoyeuse de fonds"
"008","Métiers de la sécurité publique et privée","509543","K2507","Agent / Agente d'exploitation et de sûreté aéroportuaire"
"008","Métiers de la sécurité publique et privée","509689","K2508","Agent / Agente de protection rapprochée"
"008","Métiers de la sécurité publique et privée","509690","K2509","Opérateur / Opératrice en télésurveillance"
"008","Métiers de la sécurité publique et privée","510292","K2510","Agent / Agente cynophile de sécurité"
"008","Métiers de la sécurité publique et privée","515410","K2512","Agent / Agente de sûreté portuaire"
"008","Métiers de la sécurité publique et privée","510072","K2513","Gardien / Gardienne de locaux"
"008","Métiers de la sécurité publique et privée","515389","K2514","Responsable de sûreté et de sécurité portuaire"
"008","Métiers de la sécurité publique et privée","516","N2205","Chef / Cheffe d'escale"
"008","Métiers de la sécurité publique et privée","489039","N2206","Pilote de drone"
"008","Métiers de la sécurité publique et privée","517","N3101","Officier / Officière de port"
"008","Métiers de la sécurité publique et privée","521038","N4134","Conducteur / Conductrice de véhicule de protection de convoi exceptionnel"
"008","Métiers de la sécurité publique et privée","521039","N4135","Conducteur / Conductrice de véhicule de guidage"
"009","Métiers du multimédia","119","E1101","Community manager"
"009","Métiers du multimédia","122","E1104","Concepteur / Conceptrice de contenus multimedia"
"009","Métiers du multimédia","124","E1106","Journaliste"
"009","Métiers du multimédia","403088","E1109","Directeur / Directrice de la communication"
"009","Métiers du multimédia","488749","E1110","Directeur / Directrice de la rédaction"
"009","Métiers du multimédia","488867","E1111","Game master"
"009","Métiers du multimédia","488921","E1112","Chargé / Chargée de communication"
"009","Métiers du multimédia","509400","E1114","Reporter / Reportrice"
"009","Métiers du multimédia","509653","E1115","Chef / Cheffe de projet jeux vidéo"
"009","Métiers du multimédia","509668","E1116","Responsable d'édition en presse"
"009","Métiers du multimédia","510054","E1119","Concepteur rédacteur / Conceptrice rédactrice"
"009","Métiers du multimédia","510598","E1124","Social media manager - Responsable des médias sociaux"
"009","Métiers du multimédia","510429","E1125","Concepteur / Conceptrice de jeux vidéo"
"009","Métiers du multimédia","510439","E1126","Auteur / Auteure de jeux de société"
"009","Métiers du multimédia","510441","E1127","Brand content manager"
"009","Métiers du multimédia","510443","E1128","Directeur / Directrice de création"
"009","Métiers du multimédia","510449","E1129","Directeur / Directrice artistique communication"
"009","Métiers du multimédia","515383","E1131","Chargé / Chargée de plaidoyer"
"009","Métiers du multimédia","131","E1205","Designer graphique"
"009","Métiers du multimédia","404036","E1206","UX - UI Designer"
"009","Métiers du multimédia","488782","E1207","Motion designer"
"009","Métiers du multimédia","510604","E1210","Web designer"
"009","Métiers du multimédia","139","E1308","Technicien / Technicienne des industries graphiques"
"009","Métiers du multimédia","140","E1401","Chef / Cheffe de publicité"
"009","Métiers du multimédia","141","E1402","Média planneur / Média planneuse"
"009","Métiers du multimédia","509504","E1403","Consultant / Consultante média"
"009","Métiers du multimédia","509820","E1405","Référenceur / Référenceuse web"
"009","Métiers du multimédia","510209","E1406","Influenceur / Influenceuse web"
"009","Métiers du multimédia","510298","E1407","Traffic manager"
"009","Métiers du multimédia","510412","E1409","Acheteur / Acheteuse média"
"009","Métiers du multimédia","510420","E1410","Responsable programmatique"
"009","Métiers du multimédia","510426","E1411","Chargé / Chargée de développement du patrimoine publicitaire"
"009","Métiers du multimédia","510444","E1412","Directeur / Directrice média"
"009","Métiers du multimédia","509760","G1238","Animateur / Animatrice d'atelier multimédia"
"009","Métiers du multimédia","515404","G1243","Responsable d'éducation et d'animation à l'environnement"
"009","Métiers du multimédia","509781","G1418","Directeur / Directrice de salle de cinéma"
"009","Métiers du multimédia","488902","I1104","Ingénieur / Ingénieure infrastructures télécoms réseaux mobiles"
"009","Métiers du multimédia","488292","I1311","Technicien / Technicienne installation réseaux câblés fibre optique"
"009","Métiers du multimédia","489195","I1405","Administrateur / Administratrice bureautique"
"009","Métiers du multimédia","509360","I1406","Superviseur / Superviseuse hot line en informatique"
"009","Métiers du multimédia","509771","I1407","Réparateur / Réparatrice en produits de télécommunication et multimédia"
"009","Métiers du multimédia","389","K1601","Documentaliste"
"009","Métiers du multimédia","437","L1103","Animateur / Animatrice d'antenne"
"009","Métiers du multimédia","510454","L1104","Animateur / Animatrice événementiel"
"009","Métiers du multimédia","39022","L1510","Animateur / Animatrice 2D 3D - films d'animation"
"009","Métiers du multimédia","510308","M1418","Recruteur / Recruteuse de donateurs"
"009","Métiers du multimédia","485","M1703","Chef / Cheffe de produit"
"009","Métiers du multimédia","487","M1705","Responsable marketing"
"009","Métiers du multimédia","488873","M1716","Directeur / Directrice marketing digital"
"009","Métiers du multimédia","510431","M1717","Responsable innovation"
"009","Métiers du multimédia","510434","M1718","Chargé / Chargée de marketing digital"
"009","Métiers du multimédia","490","M1801","Administrateur / Administratrice de systèmes d'information (SI)"
"009","Métiers du multimédia","491","M1802","Expert / Experte systèmes et réseaux informatiques"
"009","Métiers du multimédia","494","M1805","Développeur / Développeuse informatique"
"009","Métiers du multimédia","499","M1810","Technicien / Technicienne d'exploitation informatique"
"009","Métiers du multimédia","488329","M1814","Scrum Master"
"009","Métiers du multimédia","488576","M1815","Spécialiste test et validation logiciel ou application"
"009","Métiers du multimédia","488636","M1817","Administrateur / Administratrice sécurité informatique"
"009","Métiers du multimédia","488641","M1818","Ingénieur / Ingénieure d'étude informatique"
"009","Métiers du multimédia","488716","M1821","Analyste d'application informatique"
"009","Métiers du multimédia","488721","M1823","Consultant / Consultante avant-vente"
"009","Métiers du multimédia","488748","M1824","Développeur / Développeuse décisionnel - Business Intelligence"
"009","Métiers du multimédia","488750","M1825","Coordinateur / Coordinatrice de production web"
"009","Métiers du multimédia","488754","M1827","Ingénieur / Ingénieure DevOps"
"009","Métiers du multimédia","488768","M1828","Chef de projet / Cheffe de projet (Project Management Officer)"
"009","Métiers du multimédia","488772","M1829","Ingénieur / Ingénieure systèmes et réseaux des territoires connectés"
"009","Métiers du multimédia","488785","M1830","Administrateur / Administratrice réseaux - télécoms"
"009","Métiers du multimédia","488786","M1831","Développeur / Développeuse - jeux vidéo"
"009","Métiers du multimédia","488865","M1832","Homologateur / Homologatrice fonctionnel de logiciel"
"009","Métiers du multimédia","488888","M1834","Administrateur / Administratrice de site internet"
"009","Métiers du multimédia","488890","M1835","Architecte systèmes et réseaux des territoires connectés"
"009","Métiers du multimédia","488894","M1836","Ingénieur concepteur / Ingénieure conceptrice informatique"
"009","Métiers du multimédia","488904","M1837","Développeur / Développeuse multimédia"
"009","Métiers du multimédia","488905","M1838","Urbaniste des systèmes d'information"
"009","Métiers du multimédia","488909","M1839","Architecte systèmes et réseaux"
"009","Métiers du multimédia","488922","M1841","Ingénieur informaticien / Ingénieure informaticienne"
"009","Métiers du multimédia","488933","M1842","Qualiticien / Qualiticienne logiciel en informatique"
"009","Métiers du multimédia","489009","M1843","Administrateur / Administratrice de serveurs"
"009","Métiers du multimédia","489017","M1844","Responsable des études et applications informatiques"
"009","Métiers du multimédia","489023","M1845","Architecte IoT - Internet des Objets"
"009","Métiers du multimédia","489035","M1847","Expert / Experte en communication et réseaux"
"009","Métiers du multimédia","489055","M1848","Analyste Concepteur / Conceptrice informatique"
"009","Métiers du multimédia","489061","M1849","Administrateur / Administratrice de messagerie"
"009","Métiers du multimédia","489066","M1850","Architecte multimédias interactifs"
"009","Métiers du multimédia","489072","M1852","Analyste d'étude informatique"
"009","Métiers du multimédia","489073","M1853","Chef / Cheffe de projet étude et développement informatique"
"009","Métiers du multimédia","489078","M1854","Chef / Cheffe de projet réseau fixe et mobile"
"009","Métiers du multimédia","489081","M1855","Développeur / Développeuse web"
"009","Métiers du multimédia","489179","M1858","Chef / Cheffe de projet TMA - Tierce Maintenance Applicative"
"009","Métiers du multimédia","489188","M1859","Chef / Cheffe de projet maîtrise d'œuvre informatique"
"009","Métiers du multimédia","489199","M1860","Architecte cloud"
"009","Métiers du multimédia","489209","M1861","Développeur / Développeuse logiciel ou d'application"
"009","Métiers du multimédia","489218","M1863","Evaluateur / Evaluatrice sécurité des systèmes et produits informatiques"
"009","Métiers du multimédia","510638","M1864","Product Owner"
"009","Métiers du multimédia","509549","M1867","Responsable des systèmes d'information (SI)"
"009","Métiers du multimédia","509658","M1869","Gestionnaire de parc informatique"
"009","Métiers du multimédia","509700","M1871","Gestionnaire d'applications système d'information"
"009","Métiers du multimédia","509762","M1872","Consultant décisionnel / Consultante décisionnelle - Business Intelligence"
"009","Métiers du multimédia","509943","M1874","Spécialiste support"
"009","Métiers du multimédia","510169","M1879","Ingénieur / Ingénieure Cloud computing"
"009","Métiers du multimédia","510247","M1880","Spécialiste e-santé"
"009","Métiers du multimédia","510450","M1892","Ingénieur / Ingénieure en informatique embarquée"
"009","Métiers du multimédia","510465","M1894","Gestionnaire de base de données"
"010","Métiers de l'humanitaire (hors santé et tertiaire)","515384","A1314","Halieute"
"010","Métiers de l'humanitaire (hors santé et tertiaire)","515440","A1319","Ingénieur / Ingénieure écologue"
"010","Métiers de l'humanitaire (hors santé et tertiaire)","66","C1202","Analyste de crédits et risques bancaires"
"010","Métiers de l'humanitaire (hors santé et tertiaire)","403088","E1109","Directeur / Directrice de la communication"
"010","Métiers de l'humanitaire (hors santé et tertiaire)","488921","E1112","Chargé / Chargée de communication"
"010","Métiers de l'humanitaire (hors santé et tertiaire)","515383","E1131","Chargé / Chargée de plaidoyer"
"010","Métiers de l'humanitaire (hors santé et tertiaire)","515417","F1144","Architecte naval / Architecte navale"
"010","Métiers de l'humanitaire (hors santé et tertiaire)","509643","J1123","Médecin des armées"
"010","Métiers de l'humanitaire (hors santé et tertiaire)","391","K1701","Combattant / Combattante en milieu terrestre"
"010","Métiers de l'humanitaire (hors santé et tertiaire)","392","K1702","Responsable de sécurité civile et de secours"
"010","Métiers de l'humanitaire (hors santé et tertiaire)","395","K1705","Secouriste"
"010","Métiers de l'humanitaire (hors santé et tertiaire)","510040","K1726","Pisteur / Pisteuse secouriste"
"010","Métiers de l'humanitaire (hors santé et tertiaire)","518431","K1745","Pompier / Pompière"
"010","Métiers de l'humanitaire (hors santé et tertiaire)","521041","K1817","Coordinateur / Coordinatrice de projet de solidarité"
"010","Métiers de l'humanitaire (hors santé et tertiaire)","409","K2106","Professeur / Professeure des écoles"
"010","Métiers de l'humanitaire (hors santé et tertiaire)","420","K2301","Agent / Agente d'exploitation des réseaux d'assainissement"
"010","Métiers de l'humanitaire (hors santé et tertiaire)","510308","M1418","Recruteur / Recruteuse de donateurs"
"010","Métiers de l'humanitaire (hors santé et tertiaire)","487","M1705","Responsable marketing"
"010","Métiers de l'humanitaire (hors santé et tertiaire)","510431","M1717","Responsable innovation"
"010","Métiers de l'humanitaire (hors santé et tertiaire)","488601","N1204","Coordinateur / Coordinatrice transit en import - export"
"010","Métiers de l'humanitaire (hors santé et tertiaire)","515412","N1209","Technicien / Technicienne logistique"
"010","Métiers de l'humanitaire (hors santé et tertiaire)","521040","N1306","Coordonnateur / Coordonnatrice de projet logistique humanitaire"
"010","Métiers de l'humanitaire (hors santé et tertiaire)","523","N4101","Conducteur / Conductrice de poids lourd"
"011","Métiers du nucléaire","488589","F1116","Ingénieur / Ingénieure démantèlement et assainissement"
"011","Métiers du nucléaire","488719","F1122","Ingénieur / Ingénieure Chantier nucléaire"
"011","Métiers du nucléaire","509352","F1626","Calorifugeur / Calorifugeuse"
"011","Métiers du nucléaire","211","H1102","Ingénieur / Ingénieure d'affaires en industrie"
"011","Métiers du nucléaire","488302","H1103","Responsable d'affaires en industrie pharmaceutique"
"011","Métiers du nucléaire","489219","H1225","Ingénieur / Ingénieure développement nucléaire"
"011","Métiers du nucléaire","509402","H1230","Ingénieur / Ingénieure essais vérification et validation (V&V) en milieu nucléaire"
"011","Métiers du nucléaire","223","H1302","Ingénieur / Ingénieure Hygiène, Sécurité et Environnement en industrie (HSE)"
"011","Métiers du nucléaire","224","H1303","Technicien / Technicienne en Hygiène, Sécurité, Environnement industriel (HSE)"
"011","Métiers du nucléaire","488285","H1304","Responsable Hygiène Sécurité Environnement (HSE) en industrie"
"011","Métiers du nucléaire","488619","H1306","Ingénieur / Ingénieure sûreté en industrie nucléaire"
"011","Métiers du nucléaire","489181","H1308","Animateur / Animatrice en Hygiène Sécurité Environnement (HSE)"
"011","Métiers du nucléaire","489183","H1309","Technicien / Technicienne en radioprotection"
"011","Métiers du nucléaire","488278","H1508","Assureur / Assureuse qualité industrie"
"011","Métiers du nucléaire","488284","H1509","Responsable des affaires règlementaires en industrie pharmaceutique"
"011","Métiers du nucléaire","488296","H1510","Technicien / Technicienne de laboratoire de contrôle en industrie pharmaceutique"
"011","Métiers du nucléaire","488309","H1511","Chargé / Chargée de validation-qualification en industrie pharmaceutique"
"011","Métiers du nucléaire","488312","H1512","Directeur / Directrice de zone en industrie pharmaceutique"
"011","Métiers du nucléaire","488314","H1513","Responsable de pharmacovigilance en industrie pharmaceutique"
"011","Métiers du nucléaire","488336","H1515","Auditeur / Auditrice qualité en industrie"
"011","Métiers du nucléaire","488341","H1516","Expert / Experte métrologue"
"011","Métiers du nucléaire","488344","H1518","Consultant / Consultante qualité"
"011","Métiers du nucléaire","488352","H1519","Responsable éthique-déontologie-conformité en industrie pharmaceutique"
"011","Métiers du nucléaire","488353","H1520","Ingénieur qualité / Ingénieure qualité"
"011","Métiers du nucléaire","488565","H1521","Technicien / Technicienne de validation-qualification"
"011","Métiers du nucléaire","488632","H1522","Technicien / Technicienne en contrôles et essais non destructifs (CND END)"
"011","Métiers du nucléaire","510457","H1533","Ingénieur / Ingénieure CND END"
"011","Métiers du nucléaire","488862","H2508","Ingénieur / Ingénieure exploitation nucléaire"
"011","Métiers du nucléaire","488305","H2702","Conducteur / Conductrice de bloc nucléaire"
"011","Métiers du nucléaire","510173","H2706","Opérateur / Opératrice de production en énergie nucléaire"
"011","Métiers du nucléaire","509386","H2707","Technicien / Technicienne essais en industrie nucléaire"
"011","Métiers du nucléaire","509525","H2708","Technicien / Technicienne d'exploitation nucléaire"
"011","Métiers du nucléaire","509348","H2711","Opérateur / Opératrice consoliste en raffinerie"
"011","Métiers du nucléaire","279","H2902","Chaudronnier / Chaudronnière"
"011","Métiers du nucléaire","291","H2914","Tuyauteur / Tuyauteuse"
"011","Métiers du nucléaire","489024","H2915","Chef soudeur / Cheffe soudeuse"
"011","Métiers du nucléaire","489047","H2916","Soudeur / Soudeuse Tungsten Inert Gas -TIG-"
"011","Métiers du nucléaire","489194","H2917","Soudeur / Soudeuse MIG MAG"
"011","Métiers du nucléaire","515446","H2919","Charpentier / Charpentière métallique en construction navale"
"011","Métiers du nucléaire","304","I1101","Directeur / Directrice de la gestion technique des bâtiments"
"011","Métiers du nucléaire","488930","I1105","Responsable de maintenance et d'exploitation"
"011","Métiers du nucléaire","313","I1304","Technicien / Technicienne de maintenance industrielle"
"011","Métiers du nucléaire","318","I1309","Electricien / Electricienne de maintenance"
"011","Métiers du nucléaire","319","I1310","Mécanicien / Mécanicienne de maintenance industrielle"
"011","Métiers du nucléaire","324","I1503","Technicien / Technicienne en risques technologiques"
"011","Métiers du nucléaire","488273","I1504","Décontaminateur / Décontamineuse nucléaire et radiologique"
"011","Métiers du nucléaire","488281","I1505","Technicien / Technicienne logistique combustible nucléaire"
"011","Métiers du nucléaire","488770","I1506","Superviseur / Superviseuse cordiste"
"011","Métiers du nucléaire","489013","I1507","Opérateur / Opératrice démantèlement nucléaire"
"011","Métiers du nucléaire","515408","I1509","Scaphandrier inspecteur / Scaphandrière inspectrice"
"011","Métiers du nucléaire","515418","I1510","Plongeur / Plongeuse scientifique et technique"
"011","Métiers du nucléaire","515453","I1513","Chef d'équipe scaphandrier / Cheffe d'équipe scaphandrière"
"012","Métiers auprès des enfants","183","G1202","Animateur / Animatrice d'atelier artistique ou ludique"
"012","Métiers auprès des enfants","184","G1203","Animateur / Animatrice jeunesse"
"012","Métiers auprès des enfants","403072","G1207","Surveillant / Surveillante de baignade"
"012","Métiers auprès des enfants","403078","G1209","Animateur / Animatrice de loisirs sportifs"
"012","Métiers auprès des enfants","403958","G1210","Enseignant / Enseignante d'équitation"
"012","Métiers auprès des enfants","488598","G1221","Responsable des attractions"
"012","Métiers auprès des enfants","489046","G1232","Opérateur / Opératrice de parcours acrobatique dans les arbres"
"012","Métiers auprès des enfants","509374","G1235","Animateur / Animatrice de séjour de vacances"
"012","Métiers auprès des enfants","509387","G1236","Animateur / Animatrice de club de vacances"
"012","Métiers auprès des enfants","509666","G1237","Directeur / Directrice d'accueil de loisirs sans hébergement"
"012","Métiers auprès des enfants","509764","G1239","Responsable d'animation"
"012","Métiers auprès des enfants","510396","G1241","Directeur / Directrice de centre de séjour de vacances"
"012","Métiers auprès des enfants","515404","G1243","Responsable d'éducation et d'animation à l'environnement"
"012","Métiers auprès des enfants","518649","G1246","Animateur / Animatrice mobilité à vélo"
"012","Métiers auprès des enfants","488726","J1107","Médecin scolaire"
"012","Métiers auprès des enfants","488880","J1109","Médecin de la Protection Maternelle et Infantile -PMI-"
"012","Métiers auprès des enfants","341","J1304","Auxiliaire de puériculture"
"012","Métiers auprès des enfants","363","J1507","Puériculteur / Puéricultrice"
"012","Métiers auprès des enfants","488872","J1511","Infirmier / Infirmière scolaire"
"012","Métiers auprès des enfants","519872","K1114","Psychologue scolaire"
"012","Métiers auprès des enfants","369","K1202","Educateur / Educatrice de jeunes enfants"
"012","Métiers auprès des enfants","370","K1203","Educateur technique spécialisé / Educatrice technique spécialisée"
"012","Métiers auprès des enfants","373","K1206","Animateur coordinateur socioculturel / Animatrice coordinatrice socioculturelle"
"012","Métiers auprès des enfants","374","K1207","Educateur spécialisé / Educatrice spécialisée"
"012","Métiers auprès des enfants","488325","K1208","Moniteur éducateur / Monitrice éducatrice"
"012","Métiers auprès des enfants","488783","K1210","Educateur / Educatrice de la protection judiciaire de la jeunesse"
"012","Métiers auprès des enfants","509415","K1216","Responsable de structure multi accueil petite enfance"
"012","Métiers auprès des enfants","509503","K1217","Animateur socioéducatif / Animatrice socioéducative"
"012","Métiers auprès des enfants","509696","K1219","Directeur / Directrice de centre socioculturel"
"012","Métiers auprès des enfants","377","K1303","Garde d'enfant"
"012","Métiers auprès des enfants","404045","K1307","Animateur / Animatrice petite enfance"
"012","Métiers auprès des enfants","404046","K1308","Agent territorial spécialisé / Agente territoriale spécialisée des écoles maternelles (ATSEM)"
"012","Métiers auprès des enfants","489223","K1313","Employé / Employée au pair"
"012","Métiers auprès des enfants","509757","K1314","Auxiliaire de vie sociale auprès d'enfants"
"012","Métiers auprès des enfants","389","K1601","Documentaliste"
"012","Métiers auprès des enfants","488327","K1603","Bibliothécaire"
"012","Métiers auprès des enfants","407","K2104","Surveillant / Surveillante en milieu scolaire"
"012","Métiers auprès des enfants","408","K2105","Professeur / Professeure de musique"
"012","Métiers auprès des enfants","409","K2106","Professeur / Professeure des écoles"
"012","Métiers auprès des enfants","488886","K2115","Conseiller principal / Conseillère principale d'éducation"
"012","Métiers auprès des enfants","489031","K2118","Directeur / Directrice d'école primaire"
"012","Métiers auprès des enfants","509673","K2129","Professeur / Professeure documentaliste"
"012","Métiers auprès des enfants","509706","K2130","Professeur / Professeure de Français Langue Etrangère (FLE)"
"012","Métiers auprès des enfants","510418","K2136","Professeur territorial / Professeure territoriale d'enseignement artistique"
"012","Métiers auprès des enfants","510044","K2137","Assistant / Assistante pédagogique en milieu scolaire"
"012","Métiers auprès des enfants","510284","M1217","Intendant / Intendante d'établissement scolaire (lycée, collège...)"
"013","Métiers saisonniers, de vacances / Jobs d'été","15","A1401","Cueilleur / Cueilleuse de fruits"
"013","Métiers saisonniers, de vacances / Jobs d'été","16","A1402","Aide agricole en production végétale"
"013","Métiers saisonniers, de vacances / Jobs d'été","510021","A1444","Aide agricole en production fruitière"
"013","Métiers saisonniers, de vacances / Jobs d'été","85","D1106","Vendeur / Vendeuse en épicerie"
"013","Métiers saisonniers, de vacances / Jobs d'été","90","D1204","Agent technico-commercial / Agente technico-commerciale en location de véhicules"
"013","Métiers saisonniers, de vacances / Jobs d'été","97","D1211","Vendeur / Vendeuse d'articles de sport et loisirs"
"013","Métiers saisonniers, de vacances / Jobs d'été","489056","D1221","Vendeur / Vendeuse de produits culturels et ludiques"
"013","Métiers saisonniers, de vacances / Jobs d'été","509363","D1224","Chargé / Chargée de location d'engins et de matériel de chantier"
"013","Métiers saisonniers, de vacances / Jobs d'été","509755","D1234","Chargé / Chargée de location de matériel de transport ou de loisirs"
"013","Métiers saisonniers, de vacances / Jobs d'été","509761","D1235","Plagiste"
"013","Métiers saisonniers, de vacances / Jobs d'été","510014","D1238","Chef / Cheffe d'agence de location de véhicules"
"013","Métiers saisonniers, de vacances / Jobs d'été","518982","D1250","Libraire"
"013","Métiers saisonniers, de vacances / Jobs d'été","519016","D1251","Vendeur de tabac-presse / Vendeuse de tabac-presse"
"013","Métiers saisonniers, de vacances / Jobs d'été","519452","D1254","Vendeur / Vendeuse en articles de papeterie et loisirs créatifs"
"013","Métiers saisonniers, de vacances / Jobs d'été","515444","D1441","Technico-commercial / Technico-commerciale de l'industrie et des services nautiques"
"013","Métiers saisonniers, de vacances / Jobs d'été","114","D1505","Hôte / Hôtesse de caisse"
"013","Métiers saisonniers, de vacances / Jobs d'été","116","D1507","Employé / Employée de rayon libre-service"
"013","Métiers saisonniers, de vacances / Jobs d'été","509899","D1511","Opérateur / Opératrice de station service"
"013","Métiers saisonniers, de vacances / Jobs d'été","509697","D1514","Agent / Agente de péage"
"013","Métiers saisonniers, de vacances / Jobs d'été","180","G1101","Agent / Agente d'accueil touristique"
"013","Métiers saisonniers, de vacances / Jobs d'été","488895","G1107","Hôte / Hôtesse d'accueil et d'animation de croisière"
"013","Métiers saisonniers, de vacances / Jobs d'été","182","G1201","Guide-accompagnateur / Guide-accompagnatrice"
"013","Métiers saisonniers, de vacances / Jobs d'été","183","G1202","Animateur / Animatrice d'atelier artistique ou ludique"
"013","Métiers saisonniers, de vacances / Jobs d'été","186","G1205","Opérateur / Opératrice d'attraction"
"013","Métiers saisonniers, de vacances / Jobs d'été","187","G1206","Croupier / Croupière"
"013","Métiers saisonniers, de vacances / Jobs d'été","403072","G1207","Surveillant / Surveillante de baignade"
"013","Métiers saisonniers, de vacances / Jobs d'été","488598","G1221","Responsable des attractions"
"013","Métiers saisonniers, de vacances / Jobs d'été","489193","G1223","Animateur / Animatrice en site de divertissement"
"013","Métiers saisonniers, de vacances / Jobs d'été","488633","G1225","Ouvreur / Ouvreuse de salle de spectacles"
"013","Métiers saisonniers, de vacances / Jobs d'été","488752","G1227","Guide-interprète"
"013","Métiers saisonniers, de vacances / Jobs d'été","488779","G1228","Guide de haute montagne"
"013","Métiers saisonniers, de vacances / Jobs d'été","489165","G1229","Guide-accompagnateur / Guide-accompagnatrice de pêche"
"013","Métiers saisonniers, de vacances / Jobs d'été","488860","G1230","Guide de tourisme équestre"
"013","Métiers saisonniers, de vacances / Jobs d'été","489016","G1231","Accompagnateur / Accompagnatrice nature"
"013","Métiers saisonniers, de vacances / Jobs d'été","489046","G1232","Opérateur / Opératrice de parcours acrobatique dans les arbres"
"013","Métiers saisonniers, de vacances / Jobs d'été","489070","G1234","Musher guide de randonnée en traîneau"
"013","Métiers saisonniers, de vacances / Jobs d'été","509374","G1235","Animateur / Animatrice de séjour de vacances"
"013","Métiers saisonniers, de vacances / Jobs d'été","509387","G1236","Animateur / Animatrice de club de vacances"
"013","Métiers saisonniers, de vacances / Jobs d'été","509760","G1238","Animateur / Animatrice d'atelier multimédia"
"013","Métiers saisonniers, de vacances / Jobs d'été","509764","G1239","Responsable d'animation"
"013","Métiers saisonniers, de vacances / Jobs d'été","510150","G1240","Educateur / Educatrice nature environnement"
"013","Métiers saisonniers, de vacances / Jobs d'été","510396","G1241","Directeur / Directrice de centre de séjour de vacances"
"013","Métiers saisonniers, de vacances / Jobs d'été","512361","G1242","Médiateur / Médiatrice scientifique"
"013","Métiers saisonniers, de vacances / Jobs d'été","515404","G1243","Responsable d'éducation et d'animation à l'environnement"
"013","Métiers saisonniers, de vacances / Jobs d'été","518938","G1247","Surveillant / Surveillante d'espaces aquatiques"
"013","Métiers saisonniers, de vacances / Jobs d'été","519419","G1248","Agent / Agente d'accueil en cinéma"
"013","Métiers saisonniers, de vacances / Jobs d'été","188","G1301","Concepteur / Conceptrice de produits touristiques"
"013","Métiers saisonniers, de vacances / Jobs d'été","509883","G1305","Assistant / Assistante chef de produit tourisme"
"013","Métiers saisonniers, de vacances / Jobs d'été","509947","G1306","Billettiste voyages"
"013","Métiers saisonniers, de vacances / Jobs d'été","510640","G1308","Chef / Cheffe de produit touristique"
"013","Métiers saisonniers, de vacances / Jobs d'été","193","G1403","Responsable de service en établissement touristique"
"013","Métiers saisonniers, de vacances / Jobs d'été","488762","G1408","Directeur / Directrice de structure d'hébergement touristique"
"013","Métiers saisonniers, de vacances / Jobs d'été","509931","G1416","Directeur / Directrice d'hôtellerie de plein air"
"013","Métiers saisonniers, de vacances / Jobs d'été","195","G1501","Employé / Employée d'étage"
"013","Métiers saisonniers, de vacances / Jobs d'été","196","G1502","Employé / Employée d'hôtel"
"013","Métiers saisonniers, de vacances / Jobs d'été","197","G1503","Gouvernant / Gouvernante d'étage en hôtellerie"
"013","Métiers saisonniers, de vacances / Jobs d'été","200","G1603","Equipier polyvalent / Equipière polyvalente de restauration rapide"
"013","Métiers saisonniers, de vacances / Jobs d'été","202","G1605","Plongeur officier / Plongeuse officière de cuisine"
"013","Métiers saisonniers, de vacances / Jobs d'été","489173","G1611","Steward / Hôtesse de train"
"013","Métiers saisonniers, de vacances / Jobs d'été","204","G1702","Bagagiste en établissement hôtelier"
"013","Métiers saisonniers, de vacances / Jobs d'été","488891","G1707","Responsable de vestiaire"
"013","Métiers saisonniers, de vacances / Jobs d'été","489018","G1708","Voiturier / Voiturière"
"013","Métiers saisonniers, de vacances / Jobs d'été","518924","G1709","Agent / Agente d'accueil et de prévention en camping"
"013","Métiers saisonniers, de vacances / Jobs d'été","206","G1801","Barman / Barmaid"
"013","Métiers saisonniers, de vacances / Jobs d'été","208","G1803","Serveur / Serveuse en restauration"
"013","Métiers saisonniers, de vacances / Jobs d'été","489037","G1805","Gérant / Gérante de café, bar-brasserie"
"013","Métiers saisonniers, de vacances / Jobs d'été","488582","G1807","Gérant / Gérante de bar-tabac"
"013","Métiers saisonniers, de vacances / Jobs d'été","488635","G1808","Chef barman / Cheffe barmaid"
"013","Métiers saisonniers, de vacances / Jobs d'été","488718","G1809","Barista"
"013","Métiers saisonniers, de vacances / Jobs d'été","519352","I1210","Agent de maintenance qualifié / Agente de maintenance qualifiée en camping"
"013","Métiers saisonniers, de vacances / Jobs d'été","488587","K1209","Coordonnateur / Coordonnatrice de projet socioéducatif"
"013","Métiers saisonniers, de vacances / Jobs d'été","376","K1302","Assistant / Assistante de vie dépendance"
"013","Métiers saisonniers, de vacances / Jobs d'été","377","K1303","Garde d'enfant"
"013","Métiers saisonniers, de vacances / Jobs d'été","404044","K1306","Accompagnant Educatif et Social (AES) / Accompagnante Educative et Sociale (AES)"
"013","Métiers saisonniers, de vacances / Jobs d'été","488323","K1311","Assistant / Assistante de vie aux familles"
"013","Métiers saisonniers, de vacances / Jobs d'été","488338","K1312","Accueillant familial / Accueillante familiale thérapeutique auprès d'adultes"
"013","Métiers saisonniers, de vacances / Jobs d'été","489223","K1313","Employé / Employée au pair"
"013","Métiers saisonniers, de vacances / Jobs d'été","395","K1705","Secouriste"
"013","Métiers saisonniers, de vacances / Jobs d'été","510040","K1726","Pisteur / Pisteuse secouriste"
"013","Métiers saisonniers, de vacances / Jobs d'été","440","L1203","Comédien / Comédienne"
"013","Métiers saisonniers, de vacances / Jobs d'été","489202","L1208","Mascotte-personnage"
"013","Métiers saisonniers, de vacances / Jobs d'été","520493","L1216","Acteur / Actrice de complément"
"013","Métiers saisonniers, de vacances / Jobs d'été","474","M1601","Chargé / Chargée d'accueil"
"013","Métiers saisonniers, de vacances / Jobs d'été","488927","M1614","Standardiste"
"013","Métiers saisonniers, de vacances / Jobs d'été","489051","N1113","Préparateur / Préparatrice au drive"
"013","Métiers saisonniers, de vacances / Jobs d'été","515428","N3113","Steward yachting polyvalent / Steward yachting polyvalente"
"013","Métiers saisonniers, de vacances / Jobs d'été","526","N4104","Coursier / Coursière"
"013","Métiers saisonniers, de vacances / Jobs d'été","488935","N4125","Conducteur / Conductrice de transport routier d'animaux vivants"
"013","Métiers saisonniers, de vacances / Jobs d'été","489032","N4127","Conducteur / Conductrice de car tourisme"
"013","Métiers saisonniers, de vacances / Jobs d'été","489043","N4128","Conducteur / Conductrice de navettes moins de 10 places"
"014","Métiers des services à la personne à domicile","488734","A1208","Jardinier / Jardinière paysagiste"
"014","Métiers des services à la personne à domicile","515460","A1219","Directeur / Directrice espaces verts et biodiversité"
"014","Métiers des services à la personne à domicile","521036","A1221","Conducteur / Conductrice de travaux paysagers"
"014","Métiers des services à la personne à domicile","510288","A1511","Gardien / Gardienne d'animaux"
"014","Métiers des services à la personne à domicile","88","D1202","Coiffeur / Coiffeuse"
"014","Métiers des services à la personne à domicile","94","D1208","Esthéticien / Esthéticienne"
"014","Métiers des services à la personne à domicile","488614","D1215","Posticheur / Posticheuse"
"014","Métiers des services à la personne à domicile","488617","D1216","Barbier / Barbière"
"014","Métiers des services à la personne à domicile","488784","D1217","Socio-coiffeur / Socio-coiffeuse"
"014","Métiers des services à la personne à domicile","403072","G1207","Surveillant / Surveillante de baignade"
"014","Métiers des services à la personne à domicile","488568","G1609","Cuisinier / Cuisinière"
"014","Métiers des services à la personne à domicile","309","I1203","Agent / Agente d'entretien du bâtiment"
"014","Métiers des services à la personne à domicile","320","I1401","Technicien / Technicienne de maintenance en informatique"
"014","Métiers des services à la personne à domicile","348","J1404","Kinésithérapeute"
"014","Métiers des services à la personne à domicile","488767","J1413","Physiothérapeute"
"014","Métiers des services à la personne à domicile","512363","J1415","Enseignant / Enseignante en activité physique adaptée (EAPA)"
"014","Métiers des services à la personne à domicile","357","J1501","Aide-soignant / Aide-soignante"
"014","Métiers des services à la personne à domicile","362","J1506","Infirmier / Infirmière en soins généraux (IDE)"
"014","Métiers des services à la personne à domicile","488289","J1508","Infirmier / Infirmière en Pratique Avancée (IPA)"
"014","Métiers des services à la personne à domicile","488567","J1510","Infirmier coordonnateur / Infirmière coordonnatrice (IDEC)"
"014","Métiers des services à la personne à domicile","364","K1101","Conseiller conjugal et familial / Conseillère conjugale et familiale"
"014","Métiers des services à la personne à domicile","376","K1302","Assistant / Assistante de vie dépendance"
"014","Métiers des services à la personne à domicile","378","K1304","Employé familial / Employée familiale"
"014","Métiers des services à la personne à domicile","28964","K1305","Technicien / Technicienne d'Intervention Sociale et Familiale (TISF)"
"014","Métiers des services à la personne à domicile","404044","K1306","Accompagnant Educatif et Social (AES) / Accompagnante Educative et Sociale (AES)"
"014","Métiers des services à la personne à domicile","488323","K1311","Assistant / Assistante de vie aux familles"
"014","Métiers des services à la personne à domicile","488338","K1312","Accueillant familial / Accueillante familiale thérapeutique auprès d'adultes"
"014","Métiers des services à la personne à domicile","489223","K1313","Employé / Employée au pair"
"014","Métiers des services à la personne à domicile","409","K2106","Professeur / Professeure des écoles"
"014","Métiers des services à la personne à domicile","410","K2107","Professeur / Professeure de collège et de lycée"
"014","Métiers des services à la personne à domicile","509529","K2122","Professeur / Professeure à domicile"
"014","Métiers des services à la personne à domicile","509559","K2127","Professeur / Professeure d'enseignement général pour déficients sensoriels"
"014","Métiers des services à la personne à domicile","509673","K2129","Professeur / Professeure documentaliste"
"014","Métiers des services à la personne à domicile","428","K2501","Gardien / Gardienne d'immeuble"
"014","Métiers des services à la personne à domicile","430","K2503","Agent / Agente de prévention et de sécurité"
"014","Métiers des services à la personne à domicile","488730","K2506","Convoyeur / Convoyeuse de fonds"
"014","Métiers des services à la personne à domicile","510292","K2510","Agent / Agente cynophile de sécurité"
"014","Métiers des services à la personne à domicile","515410","K2512","Agent / Agente de sûreté portuaire"
"014","Métiers des services à la personne à domicile","510072","K2513","Gardien / Gardienne de locaux"
"014","Métiers des services à la personne à domicile","515389","K2514","Responsable de sûreté et de sécurité portuaire"
"014","Métiers des services à la personne à domicile","433","K2603","Thanatopracteur / Thanatopractrice"
"014","Métiers des services à la personne à domicile","435","L1101","DJ"
"014","Métiers des services à la personne à domicile","441","L1204","Artiste de cirque"
"014","Métiers des services à la personne à domicile","488723","L1205","Artiste-interprète"
"014","Métiers des services à la personne à domicile","475","M1602","Secrétaire administratif / Secrétaire administrative de collectivité territoriale"
"014","Métiers des services à la personne à domicile","480","M1607","Assistant administratif / Assistante administrative"
"014","Métiers des services à la personne à domicile","489211","N2207","Agent / Agente d'accompagnement du transport"
"014","Métiers des services à la personne à domicile","527","N4105","Conducteur-livreur / Conductrice-livreuse"
"014","Métiers des services à la personne à domicile","488591","N4108","Conducteur accompagnateur / Conductrice accompagnatrice de personnes à mobilité réduite"
"014","Métiers des services à la personne à domicile","488732","N4114","Conducteur livreur avitailleur / Conductrice livreuse avitailleuse en carburant"
"014","Métiers des services à la personne à domicile","488882","N4121","Aide-livreur / Aide-livreuse"
"014","Métiers des services à la personne à domicile","488935","N4125","Conducteur / Conductrice de transport routier d'animaux vivants"
"014","Métiers des services à la personne à domicile","489043","N4128","Conducteur / Conductrice de navettes moins de 10 places"
"015","Métiers du sport et autour du sport","510256","A1214","Patrouilleur modeleur / Patrouilleuse modeleuse VTT"
"015","Métiers du sport et autour du sport","403957","A1421","Palefrenier soigneur / Palefrenière soigneuse"
"015","Métiers du sport et autour du sport","489019","A1507","Ostéopathe animalier / Ostéopathe animalière"
"015","Métiers du sport et autour du sport","510027","A1510","Préparateur / Préparatrice d'équidés"
"015","Métiers du sport et autour du sport","510274","B1809","Sellier / Sellière"
"015","Métiers du sport et autour du sport","97","D1211","Vendeur / Vendeuse d'articles de sport et loisirs"
"015","Métiers du sport et autour du sport","125","E1107","Chef / Cheffe de projet événementiel"
"015","Métiers du sport et autour du sport","403088","E1109","Directeur / Directrice de la communication"
"015","Métiers du sport et autour du sport","488921","E1112","Chargé / Chargée de communication"
"015","Métiers du sport et autour du sport","185","G1204","Educateur sportif / Educatrice sportive"
"015","Métiers du sport et autour du sport","403072","G1207","Surveillant / Surveillante de baignade"
"015","Métiers du sport et autour du sport","403077","G1208","Entraîneur / Entraîneure de sport professionnel et de haut niveau"
"015","Métiers du sport et autour du sport","403078","G1209","Animateur / Animatrice de loisirs sportifs"
"015","Métiers du sport et autour du sport","403958","G1210","Enseignant / Enseignante d'équitation"
"015","Métiers du sport et autour du sport","404961","G1211","Analyste de la performance sportive"
"015","Métiers du sport et autour du sport","404962","G1212","Animateur socio-sportif / Animatrice socio-sportive"
"015","Métiers du sport et autour du sport","404963","G1213","Chargé / Chargée de développement d'activités sportives"
"015","Métiers du sport et autour du sport","404966","G1214","Directeur sportif / Directrice sportive"
"015","Métiers du sport et autour du sport","404970","G1216","Moniteur / Monitrice de sport nature"
"015","Métiers du sport et autour du sport","404971","G1217","Moniteur / Monitrice en salle de sport"
"015","Métiers du sport et autour du sport","404975","G1218","Préparateur / Préparatrice physique"
"015","Métiers du sport et autour du sport","488277","G1219","Recruteur sportif / Recruteuse sportive"
"015","Métiers du sport et autour du sport","488288","G1220","Educateur sportif / Educatrice sportive spécialisé(e) en activités physiques et sportives adaptées"
"015","Métiers du sport et autour du sport","489193","G1223","Animateur / Animatrice en site de divertissement"
"015","Métiers du sport et autour du sport","488616","G1224","Maître-nageur sauveteur / Maître-nageuse sauveteuse"
"015","Métiers du sport et autour du sport","488733","G1226","Chef / Cheffe de bassin"
"015","Métiers du sport et autour du sport","488779","G1228","Guide de haute montagne"
"015","Métiers du sport et autour du sport","488860","G1230","Guide de tourisme équestre"
"015","Métiers du sport et autour du sport","489050","G1233","Préparateur mental / Préparatrice mentale du sport"
"015","Métiers du sport et autour du sport","489070","G1234","Musher guide de randonnée en traîneau"
"015","Métiers du sport et autour du sport","518647","G1245","Accompagnateur / Accompagnatrice en moyenne montagne"
"015","Métiers du sport et autour du sport","518649","G1246","Animateur / Animatrice mobilité à vélo"
"015","Métiers du sport et autour du sport","404965","G1405","Directeur / Directrice de structure sportive"
"015","Métiers du sport et autour du sport","488348","G1406","Directeur / Directrice d'équipement sportif"
"015","Métiers du sport et autour du sport","488762","G1408","Directeur / Directrice de structure d'hébergement touristique"
"015","Métiers du sport et autour du sport","509931","G1416","Directeur / Directrice d'hôtellerie de plein air"
"015","Métiers du sport et autour du sport","509914","I1331","Nivoculteur / Nivocultrice"
"015","Métiers du sport et autour du sport","322","I1501","Opérateur / Opératrice cordiste"
"015","Métiers du sport et autour du sport","323","I1502","Plongeur scaphandrier / Plongeuse scaphandrière"
"015","Métiers du sport et autour du sport","515408","I1509","Scaphandrier inspecteur / Scaphandrière inspectrice"
"015","Métiers du sport et autour du sport","515418","I1510","Plongeur / Plongeuse scientifique et technique"
"015","Métiers du sport et autour du sport","331","I1607","Mécanicien / Mécanicienne motocycles"
"015","Métiers du sport et autour du sport","489022","I1616","Mécanicien / Mécanicienne d'engins de chantier et de travaux publics"
"015","Métiers du sport et autour du sport","510471","I1628","Conseiller / Conseillère technique cycles"
"015","Métiers du sport et autour du sport","488764","J1108","Médecin régulateur"
"015","Métiers du sport et autour du sport","488916","J1110","Médecin légiste"
"015","Métiers du sport et autour du sport","509674","J1125","Endocrinologue"
"015","Métiers du sport et autour du sport","509770","J1126","Médecin du sport"
"015","Métiers du sport et autour du sport","348","J1404","Kinésithérapeute"
"015","Métiers du sport et autour du sport","488767","J1413","Physiothérapeute"
"015","Métiers du sport et autour du sport","512364","J1414","Coordinateur / Coordinatrice en activité physique adaptée"
"015","Métiers du sport et autour du sport","512363","J1415","Enseignant / Enseignante en activité physique adaptée (EAPA)"
"015","Métiers du sport et autour du sport","518431","K1745","Pompier / Pompière"
"015","Métiers du sport et autour du sport","410","K2107","Professeur / Professeure de collège et de lycée"
"015","Métiers du sport et autour du sport","438","L1201","Danseur / Danseuse"
"015","Métiers du sport et autour du sport","441","L1204","Artiste de cirque"
"015","Métiers du sport et autour du sport","488723","L1205","Artiste-interprète"
"015","Métiers du sport et autour du sport","488757","L1206","Cavalier / Cavalière de spectacle"
"015","Métiers du sport et autour du sport","488789","L1207","Cascadeur / Cascadeuse"
"015","Métiers du sport et autour du sport","509645","L1209","Performeur / Performeuse de cabaret"
"015","Métiers du sport et autour du sport","510402","L1211","Chorégraphe"
"015","Métiers du sport et autour du sport","446","L1401","Sportif professionnel / Sportive professionnelle"
"015","Métiers du sport et autour du sport","488306","L1402","Arbitre professionnel / Professionnelle de discipline sportive"
"015","Métiers du sport et autour du sport","509395","L1403","Cavalier / Cavalière d'entraînement"
"015","Métiers du sport et autour du sport","488304","M1610","Intendant / Intendante du sport"
"015","Métiers du sport et autour du sport","487","M1705","Responsable marketing"
"015","Métiers du sport et autour du sport","510431","M1717","Responsable innovation"
"015","Métiers du sport et autour du sport","509805","N3106","Officier / Officière de la marine marchande"
"015","Métiers du sport et autour du sport","515436","N3115","Capitaine de yacht"
"015","Métiers du sport et autour du sport","515449","N3211","Directeur de port / Directrice de port"
"015","Métiers du sport et autour du sport","535","N4402","Conducteur / Conductrice de remontées mécaniques"
"016","Métiers de l'ingénierie","14","A1303","Ingénieur / Ingénieure d'études et de recherche agricoles"
"016","Métiers de l'ingénierie","403951","A1304","Conseiller / Conseillère technique agricole"
"016","Métiers de l'ingénierie","509640","A1307","Ingénieur forestier / Ingénieure forestière"
"016","Métiers de l'ingénierie","510270","A1312","Directeur / Directrice environnement"
"016","Métiers de l'ingénierie","510436","A1313","Chargé / Chargée de mission environnement"
"016","Métiers de l'ingénierie","515384","A1314","Halieute"
"016","Métiers de l'ingénierie","515387","A1316","Chargé / Chargée de conservation ex-situ"
"016","Métiers de l'ingénierie","515409","A1317","Gestionnaire d'aires marines protégées"
"016","Métiers de l'ingénierie","515440","A1319","Ingénieur / Ingénieure écologue"
"016","Métiers de l'ingénierie","515455","A1321","Chargé / Chargée de mission thématique durable"
"016","Métiers de l'ingénierie","518781","A1324","Ingénieur / Ingénieure biogaz"
"016","Métiers de l'ingénierie","521026","A1325","Chargé / Chargée de projet Biodiversité"
"016","Métiers de l'ingénierie","143","F1102","Architecte d'intérieur"
"016","Métiers de l'ingénierie","147","F1106","Ingénieur / Ingénieure d'études de prix BTP"
"016","Métiers de l'ingénierie","488589","F1116","Ingénieur / Ingénieure démantèlement et assainissement"
"016","Métiers de l'ingénierie","488590","F1117","Ingénieur / Ingénieure d'étude CVC"
"016","Métiers de l'ingénierie","489011","F1125","BIM Manager"
"016","Métiers de l'ingénierie","509414","F1128","Géotechnicien / Géotechnicienne"
"016","Métiers de l'ingénierie","509417","F1129","Ingénieur / Ingénieure réservoir"
"016","Métiers de l'ingénierie","509539","F1132","Acousticien / Acousticienne du bâtiment"
"016","Métiers de l'ingénierie","509808","F1134","Domoticien / Domoticienne"
"016","Métiers de l'ingénierie","509938","F1136","Chef / Cheffe de projet éolien"
"016","Métiers de l'ingénierie","510056","F1137","Chargé / Chargée de méthodes BTP"
"016","Métiers de l'ingénierie","510153","F1138","Géothermicien / Géothermicienne"
"016","Métiers de l'ingénierie","510177","F1141","Ingénieur / Ingénieure études conception électrique"
"016","Métiers de l'ingénierie","510268","F1143","Géophysicien / Géophysicienne"
"016","Métiers de l'ingénierie","518322","F1145","Ingénieur / Ingénieure en génie maritime"
"016","Métiers de l'ingénierie","518590","F1146","Géomètre expert / Géomètre experte"
"016","Métiers de l'ingénierie","152","F1203","Chef / Cheffe de carrière"
"016","Métiers de l'ingénierie","153","F1204","Animateur / Animatrice QSE - Qualité Sécurité Environnement BTP"
"016","Métiers de l'ingénierie","518680","F1212","Ingénieur / Ingénieure d'exploitation de gisements"
"016","Métiers de l'ingénierie","210","H1101","Ingénieur / Ingénieure support technique"
"016","Métiers de l'ingénierie","211","H1102","Ingénieur / Ingénieure d'affaires en industrie"
"016","Métiers de l'ingénierie","488302","H1103","Responsable d'affaires en industrie pharmaceutique"
"016","Métiers de l'ingénierie","488627","H1106","Responsable support technique clients"
"016","Métiers de l'ingénierie","489015","H1107","Directeur / Directrice assistance technique"
"016","Métiers de l'ingénierie","217","H1206","Ingénieur / Ingénieure R&D en industrie"
"016","Métiers de l'ingénierie","488271","H1212","Ingénieur / Ingénieure brevet en industrie"
"016","Métiers de l'ingénierie","488291","H1213","Responsable du développement clinique en industrie pharmaceutique"
"016","Métiers de l'ingénierie","488303","H1215","Bioinformaticien / Bioinformaticienne en études, recherche et développement"
"016","Métiers de l'ingénierie","488308","H1216","Responsable des études épidémiologiques"
"016","Métiers de l'ingénierie","488313","H1217","Technicien / Technicienne formulation en industrie pharmaceutique"
"016","Métiers de l'ingénierie","488316","H1218","Responsable de projet recherche et développement"
"016","Métiers de l'ingénierie","488319","H1219","Responsable opérationnel / Responsable opérationnelle des études cliniques en industrie pharmaceutique"
"016","Métiers de l'ingénierie","488322","H1220","Responsable formulation en industrie pharmaceutique"
"016","Métiers de l'ingénierie","488335","H1221","Responsable des partenariats de recherche en industrie pharmaceutique"
"016","Métiers de l'ingénierie","488347","H1222","Responsable médical / Responsable médicale des études cliniques en industrie pharmaceutique"
"016","Métiers de l'ingénierie","509402","H1230","Ingénieur / Ingénieure essais vérification et validation (V&V) en milieu nucléaire"
"016","Métiers de l'ingénierie","510075","H1237","Ingénieur / Ingénieure énergies renouvelables"
"016","Métiers de l'ingénierie","513844","H1241","Architecte système hydrogène"
"016","Métiers de l'ingénierie","519122","H1242","Responsable de développement industriel en bioproduction"
"016","Métiers de l'ingénierie","518200","H1245","Mécatronicien / Mécatronicienne"
"016","Métiers de l'ingénierie","223","H1302","Ingénieur / Ingénieure Hygiène, Sécurité et Environnement en industrie (HSE)"
"016","Métiers de l'ingénierie","488285","H1304","Responsable Hygiène Sécurité Environnement (HSE) en industrie"
"016","Métiers de l'ingénierie","488619","H1306","Ingénieur / Ingénieure sûreté en industrie nucléaire"
"016","Métiers de l'ingénierie","488751","H1307","Responsable de la conformité industrielle"
"016","Métiers de l'ingénierie","225","H1401","Responsable ordonnancement-lancement-planification en industrie"
"016","Métiers de l'ingénierie","226","H1402","Ingénieur / Ingénieure méthodes et process"
"016","Métiers de l'ingénierie","488297","H1405","Responsable supply chain en industrie"
"016","Métiers de l'ingénierie","488331","H1406","Ingénieur / Ingénieure supply chain en industrie"
"016","Métiers de l'ingénierie","229","H1501","Responsable de laboratoire d'analyse industrielle"
"016","Métiers de l'ingénierie","230","H1502","Responsable qualité en industrie"
"016","Métiers de l'ingénierie","231","H1503","Technicien / Technicienne de laboratoire d'analyse industrielle"
"016","Métiers de l'ingénierie","488278","H1508","Assureur / Assureuse qualité industrie"
"016","Métiers de l'ingénierie","488284","H1509","Responsable des affaires règlementaires en industrie pharmaceutique"
"016","Métiers de l'ingénierie","488296","H1510","Technicien / Technicienne de laboratoire de contrôle en industrie pharmaceutique"
"016","Métiers de l'ingénierie","488309","H1511","Chargé / Chargée de validation-qualification en industrie pharmaceutique"
"016","Métiers de l'ingénierie","488312","H1512","Directeur / Directrice de zone en industrie pharmaceutique"
"016","Métiers de l'ingénierie","488336","H1515","Auditeur / Auditrice qualité en industrie"
"016","Métiers de l'ingénierie","488341","H1516","Expert / Experte métrologue"
"016","Métiers de l'ingénierie","488344","H1518","Consultant / Consultante qualité"
"016","Métiers de l'ingénierie","488352","H1519","Responsable éthique-déontologie-conformité en industrie pharmaceutique"
"016","Métiers de l'ingénierie","488353","H1520","Ingénieur qualité / Ingénieure qualité"
"016","Métiers de l'ingénierie","488565","H1521","Technicien / Technicienne de validation-qualification"
"016","Métiers de l'ingénierie","509345","H1523","Responsable Qualité Sécurité Environnement -QSE- en industrie"
"016","Métiers de l'ingénierie","509526","H1524","Chef / Cheffe de projet contrôle qualité"
"016","Métiers de l'ingénierie","509528","H1525","Biologiste de contrôle fabrication en industrie"
"016","Métiers de l'ingénierie","509786","H1528","Technicien / Technicienne qualité en industrie"
"016","Métiers de l'ingénierie","509879","H1529","Chargé / Chargée de matériovigilance"
"016","Métiers de l'ingénierie","510069","H1530","Technicien / Technicienne de la qualité de l'eau"
"016","Métiers de l'ingénierie","510271","H1531","Opérateur / Opératrice de laboratoire d'analyse industrielle"
"016","Métiers de l'ingénierie","510305","H1532","Responsable de contrôle non destructif en industrie"
"016","Métiers de l'ingénierie","510457","H1533","Ingénieur / Ingénieure CND END"
"016","Métiers de l'ingénierie","510637","H1534","Ingénieur / Ingénieure d'analyse industrielle"
"016","Métiers de l'ingénierie","488276","H2302","Conducteur / Conductrice de procédé de fabrication en industrie pharmaceutique"
"016","Métiers de l'ingénierie","263","H2502","Ingénieur / Ingénieure de production"
"016","Métiers de l'ingénierie","488315","H2507","Responsable de ligne de production industrielle"
"016","Métiers de l'ingénierie","488862","H2508","Ingénieur / Ingénieure exploitation nucléaire"
"016","Métiers de l'ingénierie","509384","H2509","Ingénieur / Ingénieure de fonderie ou de forge"
"016","Métiers de l'ingénierie","515390","H2511","Responsable d'atelier de blanchisserie industrielle"
"016","Métiers de l'ingénierie","489024","H2915","Chef soudeur / Cheffe soudeuse"
"016","Métiers de l'ingénierie","304","I1101","Directeur / Directrice de la gestion technique des bâtiments"
"016","Métiers de l'ingénierie","305","I1102","Ingénieur / Ingénieure de maintenance industrielle"
"016","Métiers de l'ingénierie","488902","I1104","Ingénieur / Ingénieure infrastructures télécoms réseaux mobiles"
"016","Métiers de l'ingénierie","488332","I1312","Technicien / Technicienne réseaux mobiles"
"016","Métiers de l'ingénierie","489191","I1319","Technicien / Technicienne de maintenance réseaux mobiles"
"016","Métiers de l'ingénierie","489033","I1404","Conseiller / Conseillère support technique informatique"
"016","Métiers de l'ingénierie","522279","K1740","Expert / Experte en opérations spatiales militaires"
"016","Métiers de l'ingénierie","509361","K2119","Consultant / Consultante en ingénierie pédagogique"
"016","Métiers de l'ingénierie","509533","K2123","Responsable programme enseignement supérieur"
"016","Métiers de l'ingénierie","509895","K2132","Responsable ingénierie de la formation professionnelle"
"016","Métiers de l'ingénierie","421","K2302","Responsable de collecte de déchets"
"016","Métiers de l'ingénierie","510266","K2312","Ingénieur / Ingénieure responsable propreté nettoiement"
"016","Métiers de l'ingénierie","427","K2402","Ingénieur / Ingénieure de recherche scientifique"
"016","Métiers de l'ingénierie","519207","K2418","Chercheur animalier / Chercheuse animalière"
"016","Métiers de l'ingénierie","515415","M1306","Directeur / Directrice de bureau d'étude de la biodiversité"
"016","Métiers de l'ingénierie","404047","M1405","Data scientist"
"016","Métiers de l'ingénierie","488639","M1409","Ingénieur / Ingénieure économiste en entreprise"
"016","Métiers de l'ingénierie","489213","M1414","Ingénieur statisticien / Ingénieure statisticienne"
"016","Métiers de l'ingénierie","491","M1802","Expert / Experte systèmes et réseaux informatiques"
"016","Métiers de l'ingénierie","493","M1804","Ingénieur / Ingénieure télécoms et environnement"
"016","Métiers de l'ingénierie","494","M1805","Développeur / Développeuse informatique"
"016","Métiers de l'ingénierie","404048","M1811","Data engineer"
"016","Métiers de l'ingénierie","488329","M1814","Scrum Master"
"016","Métiers de l'ingénierie","488576","M1815","Spécialiste test et validation logiciel ou application"
"016","Métiers de l'ingénierie","488641","M1818","Ingénieur / Ingénieure d'étude informatique"
"016","Métiers de l'ingénierie","488707","M1819","Technicien / Technicienne en cybersécurité"
"016","Métiers de l'ingénierie","488713","M1820","Expert / Experte méthodes et qualité informatique"
"016","Métiers de l'ingénierie","488716","M1821","Analyste d'application informatique"
"016","Métiers de l'ingénierie","488717","M1822","Spécialiste Jumeau Numérique"
"016","Métiers de l'ingénierie","488721","M1823","Consultant / Consultante avant-vente"
"016","Métiers de l'ingénierie","488748","M1824","Développeur / Développeuse décisionnel - Business Intelligence"
"016","Métiers de l'ingénierie","488753","M1826","Ingénieur / Ingénieure supervision IT Datacenter"
"016","Métiers de l'ingénierie","488754","M1827","Ingénieur / Ingénieure DevOps"
"016","Métiers de l'ingénierie","488768","M1828","Chef de projet / Cheffe de projet (Project Management Officer)"
"016","Métiers de l'ingénierie","488772","M1829","Ingénieur / Ingénieure systèmes et réseaux des territoires connectés"
"016","Métiers de l'ingénierie","488865","M1832","Homologateur / Homologatrice fonctionnel de logiciel"
"016","Métiers de l'ingénierie","488877","M1833","Ingénieur / Ingénieure sécurité web"
"016","Métiers de l'ingénierie","488890","M1835","Architecte systèmes et réseaux des territoires connectés"
"016","Métiers de l'ingénierie","488894","M1836","Ingénieur concepteur / Ingénieure conceptrice informatique"
"016","Métiers de l'ingénierie","488905","M1838","Urbaniste des systèmes d'information"
"016","Métiers de l'ingénierie","488909","M1839","Architecte systèmes et réseaux"
"016","Métiers de l'ingénierie","488922","M1841","Ingénieur informaticien / Ingénieure informaticienne"
"016","Métiers de l'ingénierie","488933","M1842","Qualiticien / Qualiticienne logiciel en informatique"
"016","Métiers de l'ingénierie","489009","M1843","Administrateur / Administratrice de serveurs"
"016","Métiers de l'ingénierie","489017","M1844","Responsable des études et applications informatiques"
"016","Métiers de l'ingénierie","489023","M1845","Architecte IoT - Internet des Objets"
"016","Métiers de l'ingénierie","489026","M1846","Ingénieur / Ingénieure Cybersécurité Datacenter"
"016","Métiers de l'ingénierie","489055","M1848","Analyste Concepteur / Conceptrice informatique"
"016","Métiers de l'ingénierie","489061","M1849","Administrateur / Administratrice de messagerie"
"016","Métiers de l'ingénierie","489066","M1850","Architecte multimédias interactifs"
"016","Métiers de l'ingénierie","489067","M1851","Analyste décisionnel - Business Intelligence"
"016","Métiers de l'ingénierie","489072","M1852","Analyste d'étude informatique"
"016","Métiers de l'ingénierie","489073","M1853","Chef / Cheffe de projet étude et développement informatique"
"016","Métiers de l'ingénierie","489078","M1854","Chef / Cheffe de projet réseau fixe et mobile"
"016","Métiers de l'ingénierie","489081","M1855","Développeur / Développeuse web"
"016","Métiers de l'ingénierie","489082","M1856","Expert / Experte en cybersécurité"
"016","Métiers de l'ingénierie","489179","M1858","Chef / Cheffe de projet TMA - Tierce Maintenance Applicative"
"016","Métiers de l'ingénierie","489188","M1859","Chef / Cheffe de projet maîtrise d'œuvre informatique"
"016","Métiers de l'ingénierie","489199","M1860","Architecte cloud"
"016","Métiers de l'ingénierie","489209","M1861","Développeur / Développeuse logiciel ou d'application"
"016","Métiers de l'ingénierie","489218","M1863","Evaluateur / Evaluatrice sécurité des systèmes et produits informatiques"
"016","Métiers de l'ingénierie","510638","M1864","Product Owner"
"016","Métiers de l'ingénierie","509517","M1865","Ingénieur / Ingénieure blockchain"
"016","Métiers de l'ingénierie","509541","M1866","Pentesteur / Pentesteuse"
"016","Métiers de l'ingénierie","509550","M1868","Architecte base de données"
"016","Métiers de l'ingénierie","509762","M1872","Consultant décisionnel / Consultante décisionnelle - Business Intelligence"
"016","Métiers de l'ingénierie","509919","M1873","Spécialiste IA embarquée"
"016","Métiers de l'ingénierie","510033","M1875","Coordinateur / Coordinatrice Maitrise d'Ouvrage Système d'Information (MOA SI)"
"016","Métiers de l'ingénierie","510055","M1877","Développeur / Développeuse blockchain"
"016","Métiers de l'ingénierie","510169","M1879","Ingénieur / Ingénieure Cloud computing"
"016","Métiers de l'ingénierie","510289","M1882","Architecte sécurité informatique"
"016","Métiers de l'ingénierie","510317","M1884","Ingénieur / Ingénieure systèmes, réseaux et sécurité informatique"
"016","Métiers de l'ingénierie","510419","M1887","Product builder no code"
"016","Métiers de l'ingénierie","510440","M1889","Ingénieur / Ingénieure en Intelligence Artificielle (IA)"
"016","Métiers de l'ingénierie","510447","M1891","Ingénieur / Ingénieure prévisionniste météorologue"
"016","Métiers de l'ingénierie","510450","M1892","Ingénieur / Ingénieure en informatique embarquée"
"016","Métiers de l'ingénierie","515456","M1895","Géomaticien / Géomaticienne"
"016","Métiers de l'ingénierie","489020","N1305","Ingénieur / Ingénieure logistique"
"016","Métiers de l'ingénierie","511","N2102","Pilote de ligne"
"016","Métiers de l'ingénierie","515463","N2103","Pilote instructeur / Pilote instructrice aéronautique"
"017","Métiers accessibles sans diplôme et sans expérience","7","A1201","Bûcheron / Bûcheronne"
"017","Métiers accessibles sans diplôme et sans expérience","8","A1202","Ouvrier / Ouvrière d'entretien des espaces naturels"
"017","Métiers accessibles sans diplôme et sans expérience","9","A1203","Agent / Agente d'entretien des espaces verts"
"017","Métiers accessibles sans diplôme et sans expérience","488859","A1210","Ouvrier forestier / Ouvrière forestière"
"017","Métiers accessibles sans diplôme et sans expérience","510256","A1214","Patrouilleur modeleur / Patrouilleuse modeleuse VTT"
"017","Métiers accessibles sans diplôme et sans expérience","515382","A1215","Agent / Agente d'aires marines protégées"
"017","Métiers accessibles sans diplôme et sans expérience","521035","A1220","Jardinier / Jardinière paysagiste en terrain de sport"
"017","Métiers accessibles sans diplôme et sans expérience","509754","A1309","Technicien / Technicienne d'élevage équin"
"017","Métiers accessibles sans diplôme et sans expérience","15","A1401","Cueilleur / Cueilleuse de fruits"
"017","Métiers accessibles sans diplôme et sans expérience","16","A1402","Aide agricole en production végétale"
"017","Métiers accessibles sans diplôme et sans expérience","17","A1403","Aide d'élevage agricole"
"017","Métiers accessibles sans diplôme et sans expérience","18","A1404","Aquaculteur / Aquacultrice"
"017","Métiers accessibles sans diplôme et sans expérience","19","A1405","Arboriculteur / Arboricultrice"
"017","Métiers accessibles sans diplôme et sans expérience","23","A1409","Aviculteur / Avicultrice"
"017","Métiers accessibles sans diplôme et sans expérience","26","A1412","Fromager-affineur / Fromagère-affineuse"
"017","Métiers accessibles sans diplôme et sans expérience","27","A1413","Brasseur / Brasseuse de bière"
"017","Métiers accessibles sans diplôme et sans expérience","29","A1415","Marin-pêcheur"
"017","Métiers accessibles sans diplôme et sans expérience","31","A1417","Saliculteur / Salicultrice"
"017","Métiers accessibles sans diplôme et sans expérience","403953","A1418","Viticulteur / Viticultrice"
"017","Métiers accessibles sans diplôme et sans expérience","403955","A1419","Ouvrier agricole polyvalent / Ouvrière agricole polyvalente"
"017","Métiers accessibles sans diplôme et sans expérience","403957","A1421","Palefrenier soigneur / Palefrenière soigneuse"
"017","Métiers accessibles sans diplôme et sans expérience","488709","A1424","Pisciculteur / Piscicultrice"
"017","Métiers accessibles sans diplôme et sans expérience","488728","A1425","Ramendeur / Ramendeuse"
"017","Métiers accessibles sans diplôme et sans expérience","488766","A1426","Educateur canin / Educatrice canine"
"017","Métiers accessibles sans diplôme et sans expérience","488903","A1428","Algoculteur / Algocultrice"
"017","Métiers accessibles sans diplôme et sans expérience","489025","A1430","Ouvrier / Ouvrière aquacole"
"017","Métiers accessibles sans diplôme et sans expérience","489063","A1431","Ouvrier / Ouvrière piscicole"
"017","Métiers accessibles sans diplôme et sans expérience","509364","A1432","Osiériculteur / Osiéricultrice"
"017","Métiers accessibles sans diplôme et sans expérience","510303","A1434","Tabaculteur / Tabacultrice"
"017","Métiers accessibles sans diplôme et sans expérience","509407","A1435","Eleveur / Eleveuse d'animaux de compagnie"
"017","Métiers accessibles sans diplôme et sans expérience","509516","A1437","Champignonniste"
"017","Métiers accessibles sans diplôme et sans expérience","509530","A1438","Pêcheur / Pêcheuse à pied"
"017","Métiers accessibles sans diplôme et sans expérience","509813","A1442","Eleveur / Eleveuse de lapins"
"017","Métiers accessibles sans diplôme et sans expérience","509917","A1443","Cidrier / Cidrière"
"017","Métiers accessibles sans diplôme et sans expérience","510021","A1444","Aide agricole en production fruitière"
"017","Métiers accessibles sans diplôme et sans expérience","510171","A1445","Pêcheur sous-marin / Pêcheuse sous-marine"
"017","Métiers accessibles sans diplôme et sans expérience","34","A1503","Toiletteur / Toiletteuse d'animaux"
"017","Métiers accessibles sans diplôme et sans expérience","510027","A1510","Préparateur / Préparatrice d'équidés"
"017","Métiers accessibles sans diplôme et sans expérience","510288","A1511","Gardien / Gardienne d'animaux"
"017","Métiers accessibles sans diplôme et sans expérience","488793","B1102","Mosaïste d'art"
"017","Métiers accessibles sans diplôme et sans expérience","510020","B1404","Canneur rempailleur / Canneuse rempailleuse"
"017","Métiers accessibles sans diplôme et sans expérience","44","B1601","Métallier / Métallière d'art"
"017","Métiers accessibles sans diplôme et sans expérience","45","B1602","Souffleur / Souffleuse de verre"
"017","Métiers accessibles sans diplôme et sans expérience","46","B1603","Opérateur / Opératrice en bijouterie"
"017","Métiers accessibles sans diplôme et sans expérience","404978","B1611","Trieur / Trieuse de pierres et perles"
"017","Métiers accessibles sans diplôme et sans expérience","520416","B1617","Coutelier / Coutelière d'art"
"017","Métiers accessibles sans diplôme et sans expérience","520427","B1618","Vitrailliste"
"017","Métiers accessibles sans diplôme et sans expérience","52","B1804","Brodeur / Brodeuse"
"017","Métiers accessibles sans diplôme et sans expérience","85","D1106","Vendeur / Vendeuse en épicerie"
"017","Métiers accessibles sans diplôme et sans expérience","86","D1107","Vendeur / Vendeuse grossiste en produits frais"
"017","Métiers accessibles sans diplôme et sans expérience","509365","D1110","Vendeur ambulant / Vendeuse ambulante"
"017","Métiers accessibles sans diplôme et sans expérience","510047","D1118","Glacier / Glacière"
"017","Métiers accessibles sans diplôme et sans expérience","515406","D1119","Mareyeur / Mareyeuse"
"017","Métiers accessibles sans diplôme et sans expérience","90","D1204","Agent technico-commercial / Agente technico-commerciale en location de véhicules"
"017","Métiers accessibles sans diplôme et sans expérience","93","D1207","Retoucheur / Retoucheuse en habillement"
"017","Métiers accessibles sans diplôme et sans expérience","96","D1210","Vendeur / Vendeuse en animalerie"
"017","Métiers accessibles sans diplôme et sans expérience","97","D1211","Vendeur / Vendeuse d'articles de sport et loisirs"
"017","Métiers accessibles sans diplôme et sans expérience","99","D1213","Vendeur / Vendeuse grossiste en équipement du foyer"
"017","Métiers accessibles sans diplôme et sans expérience","100","D1214","Vendeur / Vendeuse en prêt-à-porter"
"017","Métiers accessibles sans diplôme et sans expérience","489010","D1219","Vendeur / Vendeuse conseil en jardinerie"
"017","Métiers accessibles sans diplôme et sans expérience","489056","D1221","Vendeur / Vendeuse de produits culturels et ludiques"
"017","Métiers accessibles sans diplôme et sans expérience","509547","D1226","Nettoyeur / Nettoyeuse en cuir et peausserie"
"017","Métiers accessibles sans diplôme et sans expérience","510300","D1228","Employé / Employée de laverie automatique"
"017","Métiers accessibles sans diplôme et sans expérience","509761","D1235","Plagiste"
"017","Métiers accessibles sans diplôme et sans expérience","509793","D1236","Repasseur / Repasseuse"
"017","Métiers accessibles sans diplôme et sans expérience","510203","D1242","Linger / Lingère"
"017","Métiers accessibles sans diplôme et sans expérience","510163","D1244","Tatoueur / Tatoueuse"
"017","Métiers accessibles sans diplôme et sans expérience","518798","D1245","Vendeur / Vendeuse en parfumerie"
"017","Métiers accessibles sans diplôme et sans expérience","519016","D1251","Vendeur de tabac-presse / Vendeuse de tabac-presse"
"017","Métiers accessibles sans diplôme et sans expérience","519452","D1254","Vendeur / Vendeuse en articles de papeterie et loisirs créatifs"
"017","Métiers accessibles sans diplôme et sans expérience","509522","D1424","Conseiller vendeur / Conseillère vendeuse à domicile"
"017","Métiers accessibles sans diplôme et sans expérience","509527","D1425","Conseiller vendeur / Conseillère vendeuse de véhicules poids lourds"
"017","Métiers accessibles sans diplôme et sans expérience","515444","D1441","Technico-commercial / Technico-commerciale de l'industrie et des services nautiques"
"017","Métiers accessibles sans diplôme et sans expérience","515426","D1442","Courtier / Courtière en bateau"
"017","Métiers accessibles sans diplôme et sans expérience","114","D1505","Hôte / Hôtesse de caisse"
"017","Métiers accessibles sans diplôme et sans expérience","116","D1507","Employé / Employée de rayon libre-service"
"017","Métiers accessibles sans diplôme et sans expérience","509899","D1511","Opérateur / Opératrice de station service"
"017","Métiers accessibles sans diplôme et sans expérience","509697","D1514","Agent / Agente de péage"
"017","Métiers accessibles sans diplôme et sans expérience","509944","E1117","Conseiller / Conseillère en organisation d'événementiel de particuliers"
"017","Métiers accessibles sans diplôme et sans expérience","128","E1202","Opérateur / Opératrice de laboratoire cinématographique"
"017","Métiers accessibles sans diplôme et sans expérience","135","E1304","Agent / Agente de façonnage et routage"
"017","Métiers accessibles sans diplôme et sans expérience","138","E1307","Opérateur / Opératrice en reprographie"
"017","Métiers accessibles sans diplôme et sans expérience","173","F1613","Etancheur / Etancheuse"
"017","Métiers accessibles sans diplôme et sans expérience","509523","F1627","Poseur / Poseuse de compteurs"
"017","Métiers accessibles sans diplôme et sans expérience","175","F1702","Ouvrier / Ouvrière en voieries urbaines"
"017","Métiers accessibles sans diplôme et sans expérience","404038","F1709","Démolisseur / Démolisseuse"
"017","Métiers accessibles sans diplôme et sans expérience","518537","F1712","Ferrailleur / Ferrailleuse du BTP"
"017","Métiers accessibles sans diplôme et sans expérience","183","G1202","Animateur / Animatrice d'atelier artistique ou ludique"
"017","Métiers accessibles sans diplôme et sans expérience","186","G1205","Opérateur / Opératrice d'attraction"
"017","Métiers accessibles sans diplôme et sans expérience","187","G1206","Croupier / Croupière"
"017","Métiers accessibles sans diplôme et sans expérience","488633","G1225","Ouvreur / Ouvreuse de salle de spectacles"
"017","Métiers accessibles sans diplôme et sans expérience","518938","G1247","Surveillant / Surveillante d'espaces aquatiques"
"017","Métiers accessibles sans diplôme et sans expérience","195","G1501","Employé / Employée d'étage"
"017","Métiers accessibles sans diplôme et sans expérience","196","G1502","Employé / Employée d'hôtel"
"017","Métiers accessibles sans diplôme et sans expérience","199","G1602","Commis / Commise de cuisine"
"017","Métiers accessibles sans diplôme et sans expérience","200","G1603","Equipier polyvalent / Equipière polyvalente de restauration rapide"
"017","Métiers accessibles sans diplôme et sans expérience","201","G1604","Pizzaïolo / Pizzaïola"
"017","Métiers accessibles sans diplôme et sans expérience","202","G1605","Plongeur officier / Plongeuse officière de cuisine"
"017","Métiers accessibles sans diplôme et sans expérience","404540","G1608","Ecailler / Ecaillère"
"017","Métiers accessibles sans diplôme et sans expérience","489173","G1611","Steward / Hôtesse de train"
"017","Métiers accessibles sans diplôme et sans expérience","509392","G1612","Crêpier / Crêpière"
"017","Métiers accessibles sans diplôme et sans expérience","510306","G1613","Restaurateur ambulant / Restauratrice ambulante"
"017","Métiers accessibles sans diplôme et sans expérience","204","G1702","Bagagiste en établissement hôtelier"
"017","Métiers accessibles sans diplôme et sans expérience","488891","G1707","Responsable de vestiaire"
"017","Métiers accessibles sans diplôme et sans expérience","489018","G1708","Voiturier / Voiturière"
"017","Métiers accessibles sans diplôme et sans expérience","518924","G1709","Agent / Agente d'accueil et de prévention en camping"
"017","Métiers accessibles sans diplôme et sans expérience","206","G1801","Barman / Barmaid"
"017","Métiers accessibles sans diplôme et sans expérience","488718","G1809","Barista"
"017","Métiers accessibles sans diplôme et sans expérience","235","H2101","Ouvrier / Ouvrière d'abattoir"
"017","Métiers accessibles sans diplôme et sans expérience","236","H2102","Conducteur / Conductrice de machines en industrie alimentaire"
"017","Métiers accessibles sans diplôme et sans expérience","403959","H2103","Opérateur / Opératrice de transformation des viandes"
"017","Métiers accessibles sans diplôme et sans expérience","488711","H2104","Fromager industriel / Fromagère industrielle"
"017","Métiers accessibles sans diplôme et sans expérience","509557","H2105","Agent / Agente de production en industrie alimentaire"
"017","Métiers accessibles sans diplôme et sans expérience","513850","H2214","Mérandier / Mérandière"
"017","Métiers accessibles sans diplôme et sans expérience","513853","H2215","Caissier / Caissière de l'emballage industriel"
"017","Métiers accessibles sans diplôme et sans expérience","518348","H2220","Agent / Agente de montage en ameublement"
"017","Métiers accessibles sans diplôme et sans expérience","259","H2413","Noueur / Noueuse de chaîne de tissage"
"017","Métiers accessibles sans diplôme et sans expérience","488760","H2420","Repasseur / Repasseuse en industrie textile et de l'habillement"
"017","Métiers accessibles sans diplôme et sans expérience","270","H2604","Assembleur / Assembleuse en produits électriques et électroniques"
"017","Métiers accessibles sans diplôme et sans expérience","271","H2605","Monteur-câbleur / Monteuse-câbleuse"
"017","Métiers accessibles sans diplôme et sans expérience","282","H2905","Cisailleur / Cisailleuse en métallurgie"
"017","Métiers accessibles sans diplôme et sans expérience","283","H2906","Opérateur / Opératrice en fabrication mécanique"
"017","Métiers accessibles sans diplôme et sans expérience","286","H2909","Assembleur monteur / Assembleuse monteuse"
"017","Métiers accessibles sans diplôme et sans expérience","520869","H2921","Ouvrier / Ouvrière de montage en construction automobile"
"017","Métiers accessibles sans diplôme et sans expérience","521037","H2922","Fondeur / Fondeuse en métaux précieux"
"017","Métiers accessibles sans diplôme et sans expérience","509815","H3103","Opérateur / Opératrice de production de pâte à papier"
"017","Métiers accessibles sans diplôme et sans expérience","510076","H3104","Opérateur / Opératrice de production de papier carton"
"017","Métiers accessibles sans diplôme et sans expérience","296","H3203","Mouleur-stratifieur / Mouleuse-stratifieuse"
"017","Métiers accessibles sans diplôme et sans expérience","298","H3302","Agent / Agente de conditionnement"
"017","Métiers accessibles sans diplôme et sans expérience","299","H3303","Cuisinier / Cuisinière en industrie chimique"
"017","Métiers accessibles sans diplôme et sans expérience","515452","H3307","Agent / Agente de silo"
"017","Métiers accessibles sans diplôme et sans expérience","518259","H3308","Emballeur industriel / Emballeuse industrielle"
"017","Métiers accessibles sans diplôme et sans expérience","520912","H3309","Préparateur / Préparatrice de mélange en industrie"
"017","Métiers accessibles sans diplôme et sans expérience","301","H3402","Opérateur / Opératrice de traitement de surface"
"017","Métiers accessibles sans diplôme et sans expérience","302","H3403","Opérateur / Opératrice de traitement thermique"
"017","Métiers accessibles sans diplôme et sans expérience","404973","H3405","Polisseur / Polisseuse en bijouterie ou joaillerie ou orfèvrerie"
"017","Métiers accessibles sans diplôme et sans expérience","520907","H3411","Laqueur industriel / Laqueuse industrielle"
"017","Métiers accessibles sans diplôme et sans expérience","307","I1201","Agent / Agente technique d'affichage"
"017","Métiers accessibles sans diplôme et sans expérience","488571","I1204","Agent / Agente d'entretien des piscines"
"017","Métiers accessibles sans diplôme et sans expérience","510070","I1207","Agent / Agente de maintenance de mobilier urbain et publicitaire"
"017","Métiers accessibles sans diplôme et sans expérience","515408","I1509","Scaphandrier inspecteur / Scaphandrière inspectrice"
"017","Métiers accessibles sans diplôme et sans expérience","488607","I1608","Démonteur / Démonteuse de véhicules hors d'usage"
"017","Métiers accessibles sans diplôme et sans expérience","489079","I1611","Préparateur / Préparatrice de véhicules automobiles"
"017","Métiers accessibles sans diplôme et sans expérience","488870","I1619","Mécanicien / Mécanicienne cycles"
"017","Métiers accessibles sans diplôme et sans expérience","510312","I1625","Débosseleur / Débosseleuse sans peinture"
"017","Métiers accessibles sans diplôme et sans expérience","510471","I1628","Conseiller / Conseillère technique cycles"
"017","Métiers accessibles sans diplôme et sans expérience","515411","I1634","Accastilleur / Accastilleuse"
"017","Métiers accessibles sans diplôme et sans expérience","519462","I1637","Aménageur / Aménageuse de véhicules"
"017","Métiers accessibles sans diplôme et sans expérience","338","J1301","Agent / Agente de service hospitalier (ASH)"
"017","Métiers accessibles sans diplôme et sans expérience","404042","J1308","Brancardier / Brancardière"
"017","Métiers accessibles sans diplôme et sans expérience","372","K1205","Agent / Agente d'accueil social"
"017","Métiers accessibles sans diplôme et sans expérience","377","K1303","Garde d'enfant"
"017","Métiers accessibles sans diplôme et sans expérience","378","K1304","Employé familial / Employée familiale"
"017","Métiers accessibles sans diplôme et sans expérience","391","K1701","Combattant / Combattante en milieu terrestre"
"017","Métiers accessibles sans diplôme et sans expérience","488892","K1714","Expert / Experte en assurance de la qualité des fournitures spécifiques des armées"
"017","Métiers accessibles sans diplôme et sans expérience","489034","K1717","Opérateur / Opératrice de surveillance aérienne militaire"
"017","Métiers accessibles sans diplôme et sans expérience","488934","K1723","Opérateur / Opératrice d'exploitation et de maintenance pétrolières de l'Armée"
"017","Métiers accessibles sans diplôme et sans expérience","488725","K1724","Spécialiste en radioprotection au sein du Ministère des Armées"
"017","Métiers accessibles sans diplôme et sans expérience","510473","K1730","Spécialiste de la protection des forces, installations ou matériels sensibles de l'Etat"
"017","Métiers accessibles sans diplôme et sans expérience","510584","K1733","Combattant / Combattante des forces spéciales militaires"
"017","Métiers accessibles sans diplôme et sans expérience","510587","K1734","Spécialiste du soutien armement nucléaire"
"017","Métiers accessibles sans diplôme et sans expérience","510591","K1737","Combattant / Combattante en milieu maritime"
"017","Métiers accessibles sans diplôme et sans expérience","522317","K1739","Opérateur / Opératrice en navigation maritime sur navire militaire"
"017","Métiers accessibles sans diplôme et sans expérience","515447","K1743","Agent de surveillance de la voie publique (ASVP) / Agente de surveillance de la voie publique (ASVP)"
"017","Métiers accessibles sans diplôme et sans expérience","518431","K1745","Pompier / Pompière"
"017","Métiers accessibles sans diplôme et sans expérience","518756","K1746","Receveur placier / Receveuse placière"
"017","Métiers accessibles sans diplôme et sans expérience","519130","K1747","Equipier / Equipière sécurité civile"
"017","Métiers accessibles sans diplôme et sans expérience","416","K2201","Employé / Employée de blanchisserie industrielle"
"017","Métiers accessibles sans diplôme et sans expérience","417","K2202","Laveur / Laveuse de vitres"
"017","Métiers accessibles sans diplôme et sans expérience","419","K2204","Agent / Agente de nettoyage industriel"
"017","Métiers accessibles sans diplôme et sans expérience","488581","K2205","Agent / Agente de propreté de locaux"
"017","Métiers accessibles sans diplôme et sans expérience","422","K2303","Equipier / Equipière de collecte de déchets"
"017","Métiers accessibles sans diplôme et sans expérience","423","K2304","Agent / Agente de tri des déchets"
"017","Métiers accessibles sans diplôme et sans expérience","424","K2305","Agent / Agente de désinsectisation"
"017","Métiers accessibles sans diplôme et sans expérience","488790","K2307","Agent / Agente de propreté urbaine"
"017","Métiers accessibles sans diplôme et sans expérience","489068","K2308","Opérateur / Opératrice de tri en récupération et revalorisation"
"017","Métiers accessibles sans diplôme et sans expérience","489221","K2310","Ambassadeur / Ambassadrice du tri"
"017","Métiers accessibles sans diplôme et sans expérience","509889","K2318","Agent / Agente de déchèterie"
"017","Métiers accessibles sans diplôme et sans expérience","518555","K2324","Ferrailleur / Ferrailleuse de métal"
"017","Métiers accessibles sans diplôme et sans expérience","428","K2501","Gardien / Gardienne d'immeuble"
"017","Métiers accessibles sans diplôme et sans expérience","510072","K2513","Gardien / Gardienne de locaux"
"017","Métiers accessibles sans diplôme et sans expérience","489202","L1208","Mascotte-personnage"
"017","Métiers accessibles sans diplôme et sans expérience","518457","L1213","Auteur-compositeur-interprète / Auteure-compositrice-interprète"
"017","Métiers accessibles sans diplôme et sans expérience","518497","L1214","Chef / Cheffe d'orchestre"
"017","Métiers accessibles sans diplôme et sans expérience","518557","L1215","Humoriste"
"017","Métiers accessibles sans diplôme et sans expérience","520493","L1216","Acteur / Actrice de complément"
"017","Métiers accessibles sans diplôme et sans expérience","513849","L1309","Coordinateur / Coordinatrice d'intimité"
"017","Métiers accessibles sans diplôme et sans expérience","467","M1401","Enquêteur / Enquêtrice sondage"
"017","Métiers accessibles sans diplôme et sans expérience","510308","M1418","Recruteur / Recruteuse de donateurs"
"017","Métiers accessibles sans diplôme et sans expérience","509569","M1421","Panéliste"
"017","Métiers accessibles sans diplôme et sans expérience","509903","M1425","Agent recenseur / Agente recenseuse"
"017","Métiers accessibles sans diplôme et sans expérience","474","M1601","Chargé / Chargée d'accueil"
"017","Métiers accessibles sans diplôme et sans expérience","476","M1603","Facteur / Factrice"
"017","Métiers accessibles sans diplôme et sans expérience","479","M1606","Opérateur / Opératrice de saisie"
"017","Métiers accessibles sans diplôme et sans expérience","488927","M1614","Standardiste"
"017","Métiers accessibles sans diplôme et sans expérience","489012","M1615","Distributeur / Distributrice de prospectus et imprimés"
"017","Métiers accessibles sans diplôme et sans expérience","509416","M1618","Agent / Agente de liaison courrier"
"017","Métiers accessibles sans diplôme et sans expérience","500","N1101","Cariste"
"017","Métiers accessibles sans diplôme et sans expérience","501","N1102","Déménageur / Déménageuse"
"017","Métiers accessibles sans diplôme et sans expérience","502","N1103","Préparateur / Préparatrice de commandes"
"017","Métiers accessibles sans diplôme et sans expérience","503","N1104","Pontier / Pontière"
"017","Métiers accessibles sans diplôme et sans expérience","504","N1105","Manutentionnaire"
"017","Métiers accessibles sans diplôme et sans expérience","488333","N1106","Déménageur / Déménageuse d'œuvres d'art"
"017","Métiers accessibles sans diplôme et sans expérience","488769","N1109","Eclusier-barragiste / Eclusière-barragiste"
"017","Métiers accessibles sans diplôme et sans expérience","488771","N1110","Magasinier / Magasinière"
"017","Métiers accessibles sans diplôme et sans expérience","489051","N1113","Préparateur / Préparatrice au drive"
"017","Métiers accessibles sans diplôme et sans expérience","489164","N1115","Opérateur / Opératrice logistique"
"017","Métiers accessibles sans diplôme et sans expérience","489168","N1116","Inventoriste"
"017","Métiers accessibles sans diplôme et sans expérience","489211","N2207","Agent / Agente d'accompagnement du transport"
"017","Métiers accessibles sans diplôme et sans expérience","526","N4104","Coursier / Coursière"
"017","Métiers accessibles sans diplôme et sans expérience","488583","N4107","Conducteur livreur / Conductrice livreuse de béton prêt à l'emploi"
"017","Métiers accessibles sans diplôme et sans expérience","488591","N4108","Conducteur accompagnateur / Conductrice accompagnatrice de personnes à mobilité réduite"
"017","Métiers accessibles sans diplôme et sans expérience","488595","N4109","Conducteur / Conductrice d'autocar ligne régulière"
"017","Métiers accessibles sans diplôme et sans expérience","488604","N4110","Releveur / Releveuse de compteurs"
"017","Métiers accessibles sans diplôme et sans expérience","489201","N4112","Conducteur / Conductrice VTC"
"017","Métiers accessibles sans diplôme et sans expérience","488881","N4120","Chauffeur-livreur préparateur / Chauffeuse-livreuse préparatrice de commandes"
"017","Métiers accessibles sans diplôme et sans expérience","488882","N4121","Aide-livreur / Aide-livreuse"
"017","Métiers accessibles sans diplôme et sans expérience","488931","N4123","Conducteur livreur installateur / Conductrice livreuse installatrice"
"017","Métiers accessibles sans diplôme et sans expérience","533","N4302","Agent / Agente de contrôle du réseau ferré"
"017","Métiers accessibles sans diplôme et sans expérience","512369","N4306","Agent / Agente d'accompagnement des trains"
"017","Métiers accessibles sans diplôme et sans expérience","535","N4402","Conducteur / Conductrice de remontées mécaniques"
"017","Métiers accessibles sans diplôme et sans expérience","536","N4403","Opérateur / Opératrice ferroviaire"
"017","Métiers accessibles sans diplôme et sans expérience","509667","N4405","Agent / Agente d'exploitation du réseau ferré"
