unified_id,primary_label_en,primary_label_fr,alt_labels_en,alt_labels_fr,isco_code,occupation_type,sources,member_entity_ids,wikidata_qid,wikidata_url,wikidata_description,description,description_source
UOCC_e3fddf215e47,ICT security administrator,administrateur sécurité informatique/administratrice sécurité informatique,CISO | IT security administrator | information security administrator | ICT security administrators | network security administrator | system security administrator,responsable de la sécurité des technologies de l'information et de la communication | responsable de la sécurité des TIC | directrice de la sécurité de la technologie de l'information et de la communication | administratrice sécurité informatique | gestionnaire sécurité informatique | directeur de la sécurité de la technologie de l'information et de la communication | administrateur sécurité informatique | directeur de la sécurité TIC | responsable de l'administration de sécurité informatique | directeur de la sécurité informatique | directrice de la sécurité informatique | directrice de la sécurité TIC,2529,unified_occupation,ESCO,OCC_a0cecf937326,,,,"ICT security administrators plan and carry out security measures to protect information and data from unauthorised access, deliberate attack, theft and corruption.",source
UOCC_66a1790ba933,software analyst,analyste logiciel,software requirement analyst | programming analyst | software analysts | programmer analyst | application analyst | software requirements analyst | analyst of software,analyste informatique | analyste de logiciels | analyste d'applications | analyste software,2512,unified_occupation,ESCO,OCC_6b1c7257ba1b,Q2058241,https://www.wikidata.org/wiki/Q2058241,profession in IT,"Software analysts elicit and prioritise user requirements, produce and document software specifications, test their application, and review them during software development. They act as the interface between the software users and the software development team.",source
UOCC_5625605ea47c,performance video operator,opérateur vidéo/opératrice vidéo,live video operator | projection operator | video and graphics operator | video projection operator | visuals operator | video projection technician | visual and graphic operator | visual projection operator | video and graphics technician | video operator,opératrice vidéo | opérateur vidéo,3521,unified_occupation,ESCO,OCC_d1c91c3f5320,,,,"Performance video operators control the (projected) images of a performance based on the artistic or creative concept, in interaction with the performers. Their work is influenced by and influences the results of other operators. Therefore, the operators work closely together with the designers, operators and performers. Performance video operators prepare media fragments, supervise the setup, steer the technical crew, program the equipment and operate the video system. Their work is based on plans, instructions and other documentation.",source
UOCC_8dbbe0111cd8,integration engineer,ingénieur intégration/ingénieure intégration,IT integration engineer | ICT integration engineers | system integration engineer | software integration engineer,ingénieur informatique | ingénieure intégration | ingénieur intégration des technologies de l'information et de la communication | ingénieur intégration des TIC | ingénieure intégration des technologies de l'information et de la communication | ingénieure informatique | ingénieur intégration | ingénieure intégration des TIC,2511,unified_occupation,ESCO,OCC_535421ae1e2c,,,,Integration engineers develop and implement solutions which coordinate applications across the enterprise or its units and departments. They evaluate existing components or systems to determine integration requirements and ensure that the final solutions meet organisational needs. They reuse components when possible and assist management in taking decisions. They perform ICT system integration troubleshooting.,source
UOCC_b8caec9ae4d1,search engine optimisation expert,spécialiste de l’optimisation des moteurs de recherche,search engine optimisation experts | search engine optimization expert | search engine optimisation specialist | search engine optimiser | SEO expert | SEO specialist | inbound marketer | growth hacker | search engine marketing specialist | search engine optimisation consultant | SEO experts,experte de l'optimisation des moteurs de recherche | conseiller en optimisation des moteurs de recherche | spécialiste optimisation de moteurs de recherche | conseillère en optimisation des moteurs de recherche | expert de l'optimisation des moteurs de recherche,2513,unified_occupation,ESCO,OCC_0ee16ac6947b,,,,Search engine optimisation experts increase the ranking of a company's web pages with regard to target queries in a search engine. They create and launch SEO campaigns and identify areas of improvement. Search engine optimisation experts may conduct pay per click (PPC) campaigns.,source
UOCC_1300295236e5,ICT test analyst,analyste-testeur informatique/analyste-testeuse informatique,IT test analyst | test designer,analyste-testeur informatique | analyste-testeur en informatique | analyste-testeuse en informatique | analyste-testeur en informatique/analyste-testeuse en informatique | analyste-testeuse informatique,2519,unified_occupation,ESCO,OCC_1fbb1e6392b6,,,,"ICT test analysts work in testing environments, assessing products, checking for quality and accuracy, or creating tests scripts. They design tests which are then implemented by testers.",source
UOCC_7e83bf58927e,digital forensics expert,spécialiste de l’investigation numérique,computer forensics consultant | computer forensics investigator | computer forensics expert | digital forensics analyst | digital forensics specialist | digital forensics experts | ICT forensics expert | digital forensic expert | cyber forensics expert | cybersecurity analyst | information forensics expert | cybersecurity and forensic specialist,spécialiste de la cybersécurité et de la criminalistique | expert en investigation numérique | professionnel l'investigation numérique | professionnel de l'investigation informatique | spécialiste en cybersécurité et en criminalistique | consultant en informatique légale | spécialiste de l'investigation informatique | professionnelle de l'investigation informatique | professionnelle de l'investigation numérique,2529,unified_occupation,ESCO,OCC_46b37f0135cb,,,,"Digital forensics experts retrieve and analyse information from computers and other types of data storage devices. They examine digital media that may have been hidden, encrypted or damaged, in a forensic manner with the aim to identify, preserve, recover, analyse and present facts and opinions about the digital information.",source
UOCC_1d03457ea9c5,cyber incident responder,analyste réponse aux incidents de sécurité,ICT security consultant | cyber crisis expert | information technology security consultant | security operations center analyst | cyber incident handler | information communications technology security consultant | cyber fighter | IT security expert | incident response engineer | ICT security engineer | cybersecurity SIEM manager | ICT security advisor | IT security advisor | security architect | security operation analyst | SOC Analyst | consultant in ICT security activities | cyber defender | IT security consultant | ICT security architect,conseiller sur la sécurité des technologies de l'information et de la communication | conseillère sur la sécurité des TIC | conseillère sur la sécurité des technologies de l'information et de la communication | consultante en sécurité informatique | consultante en sécurité des TIC | consultant en sécurité informatique | conseillère en sécurité informatique | consultante en sécurité des technologies de l'information et de la communication | consultant en sécurité des TIC | conseiller sur la sécurité des TIC | conseiller en sécurité informatique | consultant en sécurité des technologies de l'information et de la communication,2529,unified_occupation,ESCO,OCC_8b508c20ce1d,,,,"Cyber incident responders monitor and assess cybersecurity state systems, analysing, evaluating, and mitigating the impact of cybersecurity incidents. Moreover, they identify malicious actors and cyber incidents root causes. According to the organisation’s Incident Response Plan, they restore systems and process functionalities to an operational state, collecting evidence and documenting actions taken.",source
UOCC_133d5fecaede,sound operator,opérateur du son/opératrice du son,sound board operator | sound mixer | audio board operator | sound board technician | audio operator | sound audio technician | sound system operator | audio system operator,opératrice du son | opérateur du son | chef opératrice du son | sonorisateur | chef opérateur du son | sonorisatrice | cheffe opératrice du son | OPS | sondier,3521,unified_occupation,ESCO,OCC_6dc1b627155d,Q10341105,https://www.wikidata.org/wiki/Q10341105,"technician who prepares, programs and operates sound systems for performances, broadcasts or events","Sound operators control the sound of a performance based on the artistic or creative concept, in interaction with the performers. Their work is influenced by and influences the results of other operators. Therefore, the operators work closely together with the designers and performers. They prepare audio fragments, supervise the setup, steer the technical crew, program the equipment and operate the sound system. Their work is based on plans, instructions and other documentation.",source
UOCC_b7ca379cfdb0,ICT disaster recovery analyst,analyste de la reprise des activités informatiques,business continuity analyst | ICT resilience analysts | IT resilience analyst | IT disaster recovery analyst | business continuity strategist | disaster recovery officer,analyste de la résistance informatique | analyste de la résilience TIC | analyste de la résilience des technologies de l'information et de la communication | analyste risque opérationnel et résilience informatique,2519,unified_occupation,ESCO,OCC_cbee4548194c,,,,"ICT disaster recovery analysts develop, maintain, and implement ICT continuity and disaster recovery strategies and solutions. They support the technical teams, assess the risks, design and develop procedures, documentation and strategies for disaster recovery in order for business functions to continue and recover with a minimal loss of data. They also coordinate the system backups tests and validations.",source
UOCC_bdb07d56a94b,embedded system designer,concepteur de systèmes informatiques intégrés/conceptrice de systèmes informatiques intégrés,embedded system programmer | embedded systems designers | embedded software developer | embedded system developer | embedded systems programmer | battery controls engineer | embedded systems developer | embedded systems engineer,conceptrice de systèmes imbriqués | concepteur de systèmes informatiques intégrés à l'équipement | concepteur de systèmes incorporés | conceptrice de systèmes incorporés | ingénieur de contrôle de batterie | ingénieur en contrôle de batterie | concepteur de systèmes informatiques intégrés | concepteur informatique intégré | conceptrice de systèmes emboîtés | concepteur de systèmes emboîtés | conceptrice de systèmes informatiques intégrés | conceptrice informatique intégré | concepteur de systèmes imbriqués | conceptrice de systèmes informatiques intégrés à l'équipement,2511,unified_occupation,ESCO,OCC_89f4b0de8aeb,,,,Embedded system designers translate and design requirements and the high-level plan or architecture of an embedded control system according to technical software specifications.,source
UOCC_9b38722f3b0b,software tester,testeur de logiciels/testeuse de logiciels,module tester | application tester | soft tester | application software tester | software testing specialist | unit tester | software testers | software application tester | tester,testeuse d'applications | testeur d'applications | testeuse de logiciels | testeuse de logiciels d'application | testeur de logiciels d'application | testeur de logiciels,2519,unified_occupation,ESCO,OCC_3e502e92822a,Q53471584,https://www.wikidata.org/wiki/Q53471584,person who performs software tests,Software testers perform software tests. They may also plan and design them. They may also debug and repair software although this mainly corresponds to designers and developers. They ensure that applications function properly before delivering them to internal and external clients.,source
UOCC_9f4469f34da0,ICT help desk manager,responsable du service d’assistance informatique,software support manager | ICT helpdesk managers | IT helpdesk manager | ICT service desk manager | ICT help desk managers | IT help desk manager | technical support manager | ICT helpdesk manager,responsable du service d'assistance en technologies de l'information et de la communication | responsable du service d'assistance en TIC | responsable help desk informatique | responsable du service d'aide aux utilisateurs,3512,unified_occupation,ESCO,OCC_127c8b092532,,,,ICT help desk managers monitor the delivery of technical support services to clients according to the predefined deadlines. They plan and organise the user support actions and troubleshoot ICT problems and issues. ICT help desk managers supervise the help desk team ensuring that the customers get the appropriate feedback and support. They also participate in developing customer service guidelines and in reinforcing the team.,source
UOCC_3facf15f4d71,data warehouse designer,concepteur d’entrepôt de données/conceptrice d’entrepôt de données,data warehouse architect | data warehouse developer,conceptrice d'entrepôt de données | concepteur d'entrepôt de données,2521,unified_occupation,ESCO,OCC_c7ddb7ad3c99,,,,"Data warehouse designers are responsible for planning, connecting, designing, scheduling, and deploying data warehouse systems. They develop, monitor and maintain ETL processes, reporting applications and data warehouse design.",source
UOCC_0df85846acab,computer vision engineer,ingénieur en vision par ordinateur/ingénieure en vision par ordinateur,computer vision applied scientist | computer vision expert | computer vision specialist | computer vision project engineer | smart technics computer vision engineer,expert en vision par ordinateur | scientifique appliquée en vision par ordinateur | spécialiste de la vision par ordinateur | experte en vision par ordinateur,2511,unified_occupation,ESCO,OCC_991dd4068ca0,Q116952811,https://www.wikidata.org/wiki/Q116952811,engineer specialized in computer vision,"Computer vision engineers research, design, develop, and train artificial intelligence algorithms and machine learning primitives that understand the content of digital images based on a large amount of data. They apply this understanding to solve different real-world problems such as security, autonomous driving, robotic manufacturing, digital image classification, medical image processing and diagnosis, etc.",source
UOCC_f03d9ea5483a,embedded systems security engineer,ingénieur en sécurité des systèmes intégrés/ingénieure en sécurité des systèmes intégrés,cybersecurity engineer | cyber security engineer | IoT security engineer | internet of thing security engineer | embedded systems security expert,ingénieure sécurité IoT | ingénieur sécurité internet des objets | ingénieure en cybersécurité | ingénieure sécurité internet des objets | ingénieur cybersécurité | spécialiste de la cybersécurité | ingénieure cybersécurité | ingénieur sécurité IoT | ingénieur en cybersécurité,2529,unified_occupation,ESCO,OCC_b0446201413b,,,,"Embedded systems security engineers advise and implement solutions to control access to data and programs in embedded and connected systems. They help ensuring the safe operation of products with embedded systems and connected devices by being responsible for the protection and security of the related systems and design, plan and execute security measures accordingly. Embedded systems security engineers help to keep attackers at bay by implementing safeguards that prevent intrusions and breaches.",source
UOCC_58e96e252caa,data engineer,Data engineer,data engineer expert | research data engineer,ingénieur/ingénieure de données | ingénieur en mégadonnées | ingénieure en mégadonnées | expert en ingénieur de données | ingénieur de données expert | ingénieur de recherche en données | ingénieur en données de recherche | Architecte de données informatiques | Data manager | Développeur / Développeuse Big Data | Analyste qualité des données | Architecte big data | Big data engineer | Docteur big data | Expert / Experte big data | Expert / Experte technique big data | Ingénieur / Ingénieure big data | Ingénieur / Ingénieure dataviz | Ingénieur / Ingénieure données | Ingénieur / Ingénieure en développement big data | Responsable architecture conception data | Responsable big data | Développeur / Développeuse data | Analyste scientifique des données | Ingénieur / Ingénieure Data Visualisation,2511,unified_occupation,ESCO | ROME,OCC_7d1a8b2ea390 | OCC_903f27875082,Q104659813,https://www.wikidata.org/wiki/Q104659813,person who deals with the processing of data,"Data engineers develop the architecture needed to process, manage, and store large amounts of data which will be used by data scientists for analysis. They design the infrastructure and maintain data pipelines and warehouses to leverage data for strategic advantage.",source
UOCC_9f52b030ea97,green ICT consultant,consultant en technologie de l’information et de la communication verte/consultante en technologie de l’information et de la communication verte,IT environmental consultant | green IT consultant | green ICT consultants | ICT environmental consultant | ICT sustainability systems consultant,conseiller technologies de l'information et de la communication vertes | consultante en technologie de l'information et de la communication verte | conseillère sur les TIC vertes | conseillère technologies de l'information et de la communication vertes | conseillère en TIC vertes | consultant sur la TIC verte | consultant en technologie de l'information et de la communication verte | conseiller sur les TIC vertes | consultante sur la TIC verte | conseiller en TIC vertes,2511,unified_occupation,ESCO,OCC_43a86b759733,,,,"Green ICT consultants advise organisations on their green ICT strategy and its implementation in the most effective and efficient manner to allow the organisation to reach their short, mid, and long term ICT environmental objectives.",source
UOCC_58c82a3ba66a,sound mastering engineer,ingénieur son mastering/ingénieure son mastering,mixing & mastering sound engineer | audio mastering engineer | mixing and mastering engineer | mastering technician | audio mastering operator | mastering engineer | digital mastering technician,ingénieur son mastering | ingénieure son mastering | ingénieur de mastérisation | ingénieur du mastering | ingénieure de mastérisation | technicien au matriçage | technicienne au matriçage | ingénieure du mastering,3521,unified_occupation,ESCO,OCC_fa827183f8af,Q6785368,https://www.wikidata.org/wiki/Q6785368,type of audio engineer,"Sound mastering engineers convert finished recordings to the desired format such as CD, vinyl and digital. They ensure the quality of the sound on all formats.",source
UOCC_a13a5749a326,blockchain developer,développeur de chaînes de blocs/développeuse de chaînes de blocs,DLT engineer | blockchain development engineer | decentralized ledger technology specialist | blockchain engineer | DLT specialist,ingénieure blockchain | spécialiste de la technologie de comptabilité décentralisée | ingénieur blockchain | spécialiste DLT,2512,unified_occupation,ESCO,OCC_a4f72755e1ad,,,,"Blockchain developers implement or program blockchain-based software systems based on specifications and designs by using programming languages, tools, and blockchain platforms.",source
UOCC_744bda8afccc,Data Scientists,Data scientist,data scientist | data expert | research data scientist | data research scientist | electromobility data scientist | Data scientists | machine learning engineer | machine learning specialist | quantitative analyst | artificial intelligence (AI) analyst | artificial intelligence (AI) consultant | artificial intelligence (AI) designer | artificial intelligence analyst | artificial intelligence consultant | big data analyst | big data developer | big data engineer | data analytics consultant | data analytics specialist | data architect | data engineer | data miner | data mining analyst | data modeler | lead data scientist,scientifique des données | data scientist | scientifiques des données | analyste scientifique des données | experte en analyse des données | expert en analyse des données | Data Miner | Expert / Experte en sciences des données | Chargé / Chargée de modélisation des données | Explorateur / Exploratrice de données | Ingénieur / Ingénieure data scientist | Expert en datascience / Experte en datascience | Scientifiques des données,2511,unified_occupation,ESCO | NOC | ONET | ROME,OCC_05c762dc00b3 | OCC_792309dd0b13 | OCC_7bde92a813dd | OCC_e053f9b6d813,,,,"Data scientists use advanced analytics technologies, including machine learning and predictive modelling, to support the identification of trends, scrape information from unstructured data sources and provide automated recommendations. They are employed by consulting firms, universities, banks and information technology departments in the public and private sectors. Main duties: This group performs some or all of the following duties: Implement cutting-edge techniques and tools in machine learning, deep learning and artificial intelligence to make data analysis more efficient Perform large-scale experimentation to identify hidden relationships between variables in large datasets Create advanced machine learning algorithms such as regression, simulation, scenario analysis, modeling, clustering, decision trees and neural networks Prepare and extract data using programming language Implement new statistical, machine learning, or other mathematical methodologies to solve specific business problems Visualize data in a way that allows a business to quickly draw conclusions and make decisions Develop artificial intelligence models and algorithms and implement them to meet the needs of the organization Coordinate research and analysis activities using unstructured and structured data and use programming to clean and organize data",source
UOCC_ea175c103455,chief ICT security officer,responsable de la sécurité des TIC,information security manager | CISO | information security administrator | IT security officer | ICT security officer | chief information security officer | ISO | chief ICT security officers | cybersecurity programme director | information security officer | head of IT security | head IT security officer | head of information security,responsable de la sécurité des technologies de l'information et de la communication | responsable de la sécurité de la technologie de l'information et de la communication | responsable de la sécurité TIC | responsable de la sécurité informatique | responsable de la sécurité | directeur du programme de cybersécurité,2529,unified_occupation,ESCO,OCC_3ea9dcd66347,,,,"Chief ICT security officers protect company and employee information against unauthorized access. They also define the Information System security policy, manage security deployment across all Information Systems and ensure the provision of information availability.",source
UOCC_3523e479c349,enterprise architect,architecte d’entreprise,enterprise architects | enterprise developer | enterprise architecture manager | enterprise designer,architecte technique | architecte informatique d'entreprise | architecte applicatif | responsable de l'architecture d'entreprise | architecte métier,2511,unified_occupation,ESCO,OCC_01372aeb8cb5,Q17089045,https://www.wikidata.org/wiki/Q17089045,profession,"Enterprise architects balance technological opportunities with business requirements. They also maintain a holistic view of the organisation's strategy, processes, information and ICT assets and link the business mission, strategy and processes to the ICT strategy.",source
UOCC_830b9496067b,mobile application developer,développeur d’applications mobiles/développeuse d’applications mobiles,cell phone app developer | app programmer | mobile app specialist | app coder | mobile app developer | app developer,développeur d'applications pour mobile | développeur d'applications pour dispositifs mobiles | développeuse d'applications mobiles | développeuse d'applications pour portables | développeuse d'applications pour dispositifs mobiles | développeuse mobile | développeur d'applications mobiles | développeuse d'applications pour mobile | conceptrice d'applications mobiles | développeur mobile | concepteur d'applications mobiles | développeur d'applications pour portables,2514,unified_occupation,ESCO,OCC_60d10ff7dab8,,,,"Mobile application developers implement applications software for mobile devices, based on the designs provided, using general or specific development tools for device operating systems.",source
UOCC_7519edf41161,cloud architect,Architecte cloud,aws cloud architect | cloud solutions consultant,architecte cloud | consultant en solutions cloud | aws architecte cloud,2512,unified_occupation,ESCO | ROME,OCC_8545ea52f78d | OCC_96b5d34f1d58,,,,"Cloud architects are responsible for converting the technical features of a project into the architecture to lead to the final product. To develop technical cloud strategy, they have in-depth knowledge of the architectural principles and services, assisting with cloud migration efforts, review workload architectures, and provide guidance on how to address high-risk issues. They typically perform in a pre-sales capacity and are often asked to deliver proof-of-concept projects, topical workshops, and lead implementation projects. They team up with DevOps engineers to build the appropriate technologies.",source
UOCC_a9dcbba73f39,digital games tester,testeur de jeux numériques/testeuse de jeux numériques,virtual games tester | computer games tester | digital game tester | digital games testers | video games tester,développeur de jeux numériques | développeur de jeux vidéo | testeuse de jeux numériques | testeur de jeux sur Internet | testeuse de jeux vidéo | testeur de jeux en ligne | testeuse de jeux virtuels | testeuse de jeux sur Internet | testeuse de jeux en ligne | testeur de jeux virtuels | testeur de jeux vidéo | testeur de jeux numériques,2519,unified_occupation,ESCO,OCC_234bb9d3e7c0,,,,Digital games testers review and test various genres of digital games by playing them in order to find bugs and glitches within the game's functionality or graphics. They may evaluate the capacity of attraction and playability of games. They may also debug the games themselves.,source
UOCC_1e04f284c69d,cloud engineer,ingénieur en informatique en nuage/ingénieure en informatique en nuage,hybrid cloud engineer | cloud computing engineer | cloud infrastructure engineer | cloud software engineer | cloud-native engineer | cloud security engineer | cloud developer | cloud network engineer | cloud solution engineer,architecte cloud | ingénieur cloud devops | développeur cloud | ingénieure sécurité cloud | ingénieur cloud hybride | ingénieure en cloud computing | ingénieur réseau cloud | ingénieure réseau cloud | ingénieur solution cloud | ingénieur en cloud computing | ingénieure cloud devops | ingénieur sécurité cloud | ingénieure cloud natif | ingénieur infrastructure cloud | ingénieur cloud natif | ingénieure logiciel cloud | ingénieure cloud hybride | ingénieur logiciel cloud | ingénieure solution cloud | ingénieure infrastructure cloud | développeuse cloud,2512,unified_occupation,ESCO,OCC_ff4e73f258e8,,,,"Cloud engineers are responsible for the design, planning, management and maintenance of cloud-based systems. They develop and implement cloud-applications, handle the migration of existing on-premise applications to the cloud, and debug cloud stacks.",source
UOCC_d3e538f6a7a1,artificial intelligence engineer,ingénieur en intelligence artificielle/ingénieure en intelligence artificielle,intelligent systems designers | artificial intelligence designer | ICT intelligent systems designer | AI system designer | semantic technologies engineer | machine learning systems designer | intelligent systems developer | linked data engineer | intelligent system designer | machine learning engineer | designer of intelligent systems | intelligent systems engineer | AI engineer,concepteur de SI | designer de systèmes intelligents | conceptrice de systèmes intelligents | conceptrice de SI | ingénieur en intelligence artificielle | ingénieure en intelligence artificielle | concepteur de systèmes intelligents | ingénieur en IA | ingénieur IA | ingénieur intelligence artificielle,2511,unified_occupation,ESCO,OCC_80660e3c36ff,Q126116209,https://www.wikidata.org/wiki/Q126116209,métier et le nom des personnes qui font ce métier qui consiste à créer des programmes informatiques qui font des taches qui sont habituellement faites par des humains,"Artificial intelligence engineer apply methods of artificial intelligence in engineering, robotics and computer science to design programs which simulate intelligence including thinking models, cognitive and knowledge-based systems, problem solving, and decision making. They also integrate structured knowledge into computer systems (ontologies, knowledge bases) in order to solve complex problems normally requiring a high level of human expertise or artificial intelligence methods.",source
UOCC_6a46a76ef41d,sound editor,mixeur/mixeuse,sound designer | audio editor | music editor | music supervisor | dubbing manager | automatic dialogue replacement editor | foley editor | dialogue editor | foley artist | ADR editor,mixeuse | mixeur,3521,unified_occupation,ESCO,OCC_44244775ffc6,Q3180462,https://www.wikidata.org/wiki/Q3180462,creative professional responsible for selecting and assembling sound recordings in preparation for the final sound mixing or mastering of a visual media production involving recorded or synthetic sound,"Sound editors create the soundtrack and sound effects for motion pictures, television series or other multimedia productions. They are responsible for all the music and sound featured in the movie, series or videogames. Sound editors use equipment to edit and mix image and sound recordings and make sure that the music, sound and dialogue is synchronised with and fits in the scene. They work closely together with the video and motion picture editor.",source
UOCC_b6db83a859f2,ICT change and configuration manager,gestionnaire des modifications et de la configuration des TIC,configuration manager | application lifecycle manager | software change and configuration manager,spécialiste devops | ingénieur développement | gestionnaire du cycle de vie des applications | gestionnaire de changement et de configuration de logiciel | ingénieure développement | panneau de configuration,2519,unified_occupation,ESCO,OCC_b12363d00856,,,,"ICT change and configuration managers organise and implement a process to manage changes throughout the lifecycle of ICT assets such as software, applications, ICT systems, etc. ICT change and configuration managers have a sound knowledge of the main technologies and processes used in system engineering and to manage the lifecycle of ICT systems and subsystems.",source
UOCC_b784039e1c63,telecommunications manager,responsable des télécommunications,communications manager | telecommunications commissioning manager | ICT manager | telecommunications managers | telecommunications services manager | telecommunications technician supervisor | telecommunications development manager | telecommunications equipment manager | telecommunications installation manager | telecommunications project manager | telecommunications systems manager | telecoms manager | telecom manager | network and telecommunications manager | telecommunications service manager,directeur des télécommunications | directrice des télécommunications | responsable des télécoms | responsable réseau et télécommunications,1330,unified_occupation,ESCO,OCC_cdb44ab40521,,,,"Telecommunications managers coordinate telecommunications staff activities for installing, troubleshooting, repairing and maintaining telecommunications equipment and infrastructure. They oversee the research, evaluation and implementation of new technologies and ensure a safe working environment for the employees. They supervise the inventory of supplies as well as user and customer assistance actions.",source
UOCC_b7c8e3841fa5,database integrator,intégrateur de base de données/intégratrice de base de données,data integrator | data base integrator | data base integrators | database integrators | database development specialist,conceptrice de bases de données | responsable de base de données | concepteur de base de données | intégratrice de données | intégrateur de base de données | intégrateur de données | intégratrice de base de données,2521,unified_occupation,ESCO,OCC_69eaea4542b3,,,,Database integrators perform integration among different databases. They maintain integration and ensure interoperability.,source
UOCC_212c0dbdbca9,Computer User Support Specialists,technicien informatique/technicienne informatique,ICT technician | computer operator | IT officer | IT technician | IT assistant | information systems technician | ICT engineer | IT engineer,agent technique en technologie de l'information et de la communication | technicien en TIC | agente technique en TIC | technicien en systèmes d'information | responsable informatique | technicienne en TIC | ingénieur en TIC | agente technique en technologie de l'information et de la communication | agent technique en informatique | technicien informatique | technicienne en technologies de l'information et de la communication | technicien en technologies de l'information et de la communication | assistant informatique | agent technique en TIC | technicienne informatique | agente technique en informatique,3512,unified_occupation,ESCO | ONET,OCC_14d19ed15436 | OCC_7dd66a9512aa,,,,"Provide technical assistance to computer users. Answer questions or resolve computer problems for clients in person, via telephone, or electronically. May provide assistance concerning the use of computer hardware and software, including printing, installation, word processing, electronic mail, and operating systems.",source
UOCC_486e72c94adb,ICT capacity planner,responsable de la planification de la capacité informatique,ICT capacity planners | IT capacity planner | ICT capability manager | IT capability planner | ICT performance manager,planificatrice de la capacité TIC | planificateur de la capacité informatique | responsable de la planification de la capacité en TIC | planificateur de la capacité TIC | planificatrice de la capacité informatique | planificateur de la capacité en TIC | responsable de la planification de la capacité en technologies de l'information et de la communication | planificatrice de la capacité en TIC,2523,unified_occupation,ESCO,OCC_e1b1773585de,,,,"ICT capacity planners ensure that the capacity of ICT services and ICT infrastructure is able to deliver agreed service level targets in a cost effective and timely manner. They also consider all resources required to deliver the appropriate ICT service, and plan for short, medium, and long term business requirements.",source
UOCC_7b5b9fbb1ccc,ICT application configurator,configurateur d’applications/configuratrice d’applications,app configurator | software application configurator | application configurators | application software configurator,configuratrice de logiciels | configurateur logiciel | configurateur de logiciels | configuratrice logiciel | responsable de la configuration d'applications | configuratrice | configurateur applications | configurateur | configuratrice d'applications | configuratrice applications | configurateur d'applications,2514,unified_occupation,ESCO,OCC_e1899e09057e,,,,"ICT application configurators identify, record, and maintain user-specific application configurations based upon user requirements and business rules. They configure generic software systems in order to create a specific version applied to an organisation's context. These configurations range from adjusting basic parameters through the creation of business rules and roles in the ICT system to developing specific modules (including the configuration of Commercial off-the-shelf systems (COTS). They also document configurations, perform configuration updates, and ensure the configurations are correctly implemented in the application.",source
UOCC_d4aa3c5e96fa,performance rental technician,technicien matériel de location/technicienne matériel de location,load cell hire technician | equipment hire technician | rental equipment performance technician | lighting hire equipment technician | venue technician (rental equipment) | rental equipment performance engineer | equipment technician | performance rental engineer | sound equipment hire technician | special effects hire equipment technician | weight report technician | performance rental monitor | venue performance monitor,technicienne matériel de location | technicien matériel de location,3521,unified_occupation,ESCO,OCC_2fff9f5f7342,,,,"Performance rental technicians prepare, maintain, issue, transport, set‐up, program, operate, take in, check, clean and store audiovisual, performance and event equipment. Their work is based on plans, instructions and order forms.",source
UOCC_d76b01563957,ICT business analysis manager,responsable de l’analyse commerciale des technologies de l’information et de la communication,IT business analysis manager | IT commercial analysis manager | IT business analysis director | ICT business analysis managers | lead IT business analyst | ICT commercial analysis manager,responsable de l'analyse commerciale des TIC | responsable de l'analyse commerciale de la technologie de l'information et de la communication | responsable de l'analyse commerciale TIC | responsable de l'analyse métier technologies de l'information et de la communication,2511,unified_occupation,ESCO,OCC_697bbd77a746,,,,ICT business analysis managers identify areas where information system changes are needed to support business plans and monitor the impact in terms of change management. They contribute to the general ICT functional requirements of the business organisation. ICT business analysis managers analyse business needs and translate them into ICT solutions.,source
UOCC_303392f49891,boom operator,perchiste,TV boom operator | shotgun microphone operator | production sound mixer assistant | shotgun operator | boom holder | sound equipment technician | film boom operator | tape operator | fishpole operator,perchwoman | perchman | opérateur du son,3521,unified_occupation,ESCO,OCC_a0619cde9492,Q373709,https://www.wikidata.org/wiki/Q373709,profession for microphone pole placement,"Boom operators set up and operate the boom microphone, either by hand, on an arm or on a moving platform. They make sure that every microphone is correctly stationed on set and in the best position to capture the dialogues. Boom operators are also responsible for the microphones on the actors clothing.",source
UOCC_e4fd4beb5428,ICT accessibility tester,testeur d’accessibilité/testeuse d’accessibilité,accessibility testers | usability tester | accessibility test specialist,évaluateur d'accessibilité | testeur accessibilité | évaluatrice d'accessibilité | testeuse d'accessibilité | testeur de la facilité d'accès | testeuse en accessibilité | testeuse de la facilité d'accès | testeuse accessibilité | testeur en accessibilité | testeur d'accessibilité,2519,unified_occupation,ESCO,OCC_3e265a77afe1,,,,"ICT accessibility testers evaluate websites, software applications, systems or user interface components with regards to friendliness, operability of the navigation and visibility to all types of users, especially including those with special needs or disabilities.",source
UOCC_af848a790f95,ICT system tester,testeur de systèmes informatiques/testeuse de systèmes informatiques,IT system tester | ICT systems tester | systems tester | ICT systems test engineer | ICT systems testers,testeuse TIC | testeur de systèmes de technologies de l'information et de la communication | testeuse en TIC | testeuse de systèmes informatiques | testeur de systèmes TIC | testeuse de systèmes de technologies de l'information et de la communication | testeuse de systèmes TIC | testeur en TIC | testeur TIC | testeur de systèmes informatiques,2519,unified_occupation,ESCO,OCC_b46ed0bc22d0,,,,ICT system testers perform testing activities and some test planning activities. They may also debug and repair ICT systems and components although this mainly corresponds to designers and developers. They ensure that all systems and components function properly before delivering them to internal and external clients.,source
UOCC_8cf52beff2ef,embedded systems software developer,développeur de logiciels pour systèmes informatiques intégrés/développeuse de logiciels pour systèmes informatiques intégrés,embedded systems software developers | embedded software developerl embedded systems engineer | embedded systems designer | embedded system software programmer | embedded software programmer | embedded system software developer,conceptrice de logiciels pour systèmes incorporé | développeuse de logiciels pour systèmes informatiques intégrés | concepteur de logiciels systèmes emboîtés | concepteur de logiciels pour systèmes informatiques intégrés à l'équipement | conceptrice de logiciels pour systèmes informatiques intégrés à l'équipement | développeur de logiciels pour systèmes informatiques intégrés | conceptrice de logiciels pour systèmes imbriqués | concepteur de logiciels pour systèmes incorporés | conceptrice de logiciels systèmes emboîtés | concepteur de logiciels pour systèmes imbriqués,2514,unified_occupation,ESCO,OCC_47055aec8572,,,,"Embedded systems software developers program, implement, document and maintain software to be run on an embedded system.",source
UOCC_0a329edb7396,aviation data communications manager,responsable communications de données aéronautiques,aviation data communications officer | aviation data communications contractor | data communications manager in aviation | aviation data communications consultant | aviation data communications specialist | aviation sector data manager,,3513,unified_occupation,ESCO,OCC_8d3f855bfe60,,,,"Aviation data communications managers perform the planning, implementation and maintenance of data transmission networks. They support data processing systems linking participant user agencies to central computers.",source
UOCC_894c6cbd9672,ICT usability tester,testeur d’utilisabilité/testeuse d’utilisabilité,usability developer | usability specialist | usability testers | user-friendliness tester,testeur utilisabilité | testeur en utilisabilité | testeuse de la facilité d'utilisation | évaluateur d'utilisabilité | testeuse d'utilisabilité | testeur d'utilisabilité | testeuse utilisabilité | évaluatrice d'utilisabilité | testeur de la facilité d'utilisation | testeuse en utilisabilité,2519,unified_occupation,ESCO,OCC_59802a0ba34e,,,,"ICT usability testers ensure compliance with requirements and strive for optimal usability within the software engineering cycle phases (analysis, design, implementation, and deployment). They also work closely with users (analysts) to research for and document user profiles, analyse tasks, workflows, and user scenarios.",source
UOCC_2be64e15eb8f,ICT documentation manager,responsable de la documentation informatique,documentation manager | ICT documentation managers | technical communication manager | IT documentation manager,responsable de la documentation TIC | responsable de la documentation sur les technologies de l'information et de la communication | responsable des documents sur les technologies de l'information et de la communication | responsable des documents TIC | responsable des documents informatiques,1330,unified_occupation,ESCO,OCC_54342b02bcc0,,,,"ICT documentation managers are in charge of managing the documentation development process in accordance with legal requirements, standards, organisational policies and goals. They schedule, control and direct the resources, people, funding and facilities of the documentation department (including establishing budgets and timelines, risk analysis and quality management). They also develop documentation standards, structuring methods and media concepts to effectively communicate product concepts and usage.",source
UOCC_8c72345bb907,ICT network technician,technicien de réseau informatique/technicienne de réseau informatique,system engineer | assistant network administrator | networks technician | network engineer | IT network technician | network technician | network maintenance professional | network technicians,technicien réseau | technicienne des réseaux | technicienne en réseautique | technicienne de réseau | technicienne réseau | technicien en réseautique | technicien des réseaux | technicienne du réseau | technicien de réseau | technicien du réseau,3513,unified_occupation,ESCO,OCC_f609b6bc11bf,,,,"ICT network technicians install, maintain and troubleshoot networks, data communications equipment and network installed devices such as printers and storage area networks. They also analyse and fix network-related problems reported by users.",source
UOCC_c3936bef0617,IoT developer,développeur IoT/développeuse IoT,IoT software developer,développeur IoT | développeuse IoT | développeur de logiciels iot,2512,unified_occupation,ESCO,OCC_af0b4023ea6c,,,,"IoT developers analyse and gather data for interpreting the pattern and predicting the result. They use artificial intelligence for managing the tasks and autonomous decisions, employing machine learning algorithms to create smarter devices through data sensors. IoT developers create software for connecting objects to systems and devices, or for programming these objects to make them function on their own.",source
UOCC_b7c899d01a6c,numerical tool and process control programmer,programmeur en informatique industrielle/programmeuse en informatique industrielle,numerical tool setting operator | numerical process control programmer | numerical tool programmer | numerical process control operator | numerical process control set up operator | numerical process control tool setting operator | numerical tool setter | numerical tool machine set up operator | numerical tool l programme setter | numerical tool and process control programer | numerical tool machine operator | numerical process control supervisor | numerical tool maker,programmeuse en informatique industrielle | programmeur en informatique industrielle,2514,unified_occupation,ESCO,OCC_9f67438781d4,,,,"Numerical tool and process control programmers develop computer programs to control automatic machines and equipment involved in manufacturing processes. They analyse blueprints and job orders, conduct computer simulations and trial runs.",source
UOCC_b76667f2889c,ICT research consultant,consultant en recherche informatique/consultante en recherche informatique,IT research consultant | ICT research advisor | IT research specialist | ICT research consultants | IT research advisor | ICT research specialist,consultante en recherche dans la TIC | consultante en recherche dans la technologie de l'information et de la communication | consultant en recherche dans la TIC | conseillère en recherche dans les TIC | consultante en recherche informatique | consultant en recherche dans les TIC | consultant en recherche dans la technologie de l'information et de la communication | consultant recherche informatique | conseiller en recherche dans les TIC | consultante en recherche dans les TIC | consultant en recherche informatique | consultante recherche informatique,2511,unified_occupation,ESCO,OCC_106b6f022c02,,,,"ICT research consultants perform targeted ICT research and provide a final report to the client. They also use ICT tools to design questionnaires for surveys, analyse the results, write reports, present the results and make recommendations based on the research findings.",source
UOCC_0b415f6e30a2,camera operator,opérateur de prise de vues/opératrice de prise de vues,videographer | towercam operator | remote head operator | cameraman | camerawoman | video camera operator | camera equipment operator | steadicam operator | camera crane operator | railcam operator,opératrice vidéo | opérateur vidéo | caméraman | camérawoman | cadreur | ingénieur de la vision | opératrice de prise de vues | ingénieure de la vision | opérateur image | opératrice image | opérateur de prise de vues | cadreuse,3521,unified_occupation,ESCO,OCC_dfd91b9dccd4,,,,"Camera operators setup and operate digital film cameras to shoot domestic motion pictures or television programs. They work together with the video and motion picture director, the director of photography, or the private client. Camera operators give advice on how to shoot scenes to actors, the video and motion picture director and other camera operators.",source
UOCC_75923f4cce69,data quality specialist,analyste qualité des données,data integrity officer | data integrity specialist | data quality officer | data quality expert | data quality specialists,analyste de la qualité des données | analystes qualité de données | analyste qualitatif | analyste qualité de données,2519,unified_occupation,ESCO,OCC_7c028d934ec6,,,,"Data quality specialists review organisation's data for accuracy, recommend enhancements to record systems and data acquisition processes and assess referential and historical integrity of data. They also develop documents and maintain data quality goals and standards and oversee an organisation's data privacy policy and monitor compliance of data flows against data quality standards.",source
UOCC_2e974762fe44,digital transformation manager,gestionnaire de la transformation numérique,digital transformation officer | digital transformation director,directeur de la transformation numérique | responsable de la transformation numérique | chargée de la transformation numérique,1330,unified_occupation,ESCO,OCC_f51eb1bf5014,,,,"Digital transformation managers are professionals in charge of the acceleration of digital transformation in business by implementing emerging trends initiatives and digital strategies within an organisation. Additionally, they identify new business opportunities in sustainable innovation and develop guidance regarding to ensure a qualified transition to the latest technology business processes. Digital transformation managers translate business requirements and market needs into digital solutions.",source
UOCC_3bfc5c0a8f24,ICT integration tester,responsable des tests d’intégration,ICT compatibility tester | compatibility tester | module compatibility tester | module integration tester | integration testers | IT compatibility tester,testeur d'intégration | responsable intégration | testeuse d'intégration,2519,unified_occupation,ESCO,OCC_23fda8338d1e,,,,"ICT integration testers perform tests in groups of system components, units or even applications. They group them in larger aggregates and apply integration test plans on them. They oversee the complexity of relations between different components.",source
UOCC_548f9bd14d3e,audio-visual technician,technicien audiovisuel/technicienne audiovisuel,video technician | audio-visual assistant | audio & video operator | audio technician | audio-visual operator | audio-visual engineer | audio-video technician | audio and video operator | audio-video operator | audio-visuals technician | audiovisual assistant | AV technician,technicienne audiovisuel | technicien audiovisuel,3521,unified_occupation,ESCO,OCC_e25ca0e0dbaa,Q93922873,https://www.wikidata.org/wiki/Q93922873,"set up, operate and maintain equipment to record and edit images and sound for radio and television broadcasts, at live events and for telecommunication signals","Audio-visual technicians set up, operate and maintain equipment to record and edit images and sound for radio and television broadcasts, at live events and for telecommunication signals.",source
UOCC_b8e5df1ad49d,ICT auditor manager,responsable de l’audit informatique,ICT auditor managers | ICT audit manager | information technology audit manager | IT audit manager,responsable-auditeur informatique | responsable audits en technologies de l'information et de la communication | responsable-auditrice des technologies de l'information et de la communication | responsable-auditeur des TIC | auditrice des TIC | responsable-auditeur des technologies de l'information et de la communication | responsable audits informatiques | responsable-auditrice informatique,2519,unified_occupation,ESCO,OCC_65c02430a9d6,,,,"ICT auditor managers monitor ICT auditors responsible for auditing information systems, platforms, and operating procedures in accordance with established corporate standards for efficiency, accuracy and security. They evaluate ICT infrastructure in terms of risk to the organisation and establish controls to mitigate loss. They determine and recommend improvements in the current risk management controls and in the implementation of system changes or upgrades.",source
UOCC_c342c11ce256,ethical hacker,hacker éthique,network security tester | cybersecurity specialist | cybersecurity tester | ICT security tester | system security tester | red team expert | penetration tester | pentester | offensive cybersecurity expert | vulnerability analyst | whitehat | white-hat hacker | white hat hacker,pirate autorisé | hacker professionnel | chapeau blanc | pirates éthiques | testeur de sécurité TIC | spécialiste du piratage éthique | white hat | chapeau bleu,2529,unified_occupation,ESCO,OCC_68dccaf6a895,Q18922761,https://www.wikidata.org/wiki/Q18922761,computer hacker who hacks ethically,"Ethical hackers perform security vulnerability assessments and penetration tests in accordance with industry-accepted methods and protocols. They analyse systems for potential vulnerabilities that may result from improper system configuration, hardware or software flaws, or operational weaknesses.",source
UOCC_a67d3cf28e2b,cybersecurity risk manager,gestionnaire des risques en cybersécurité,cybersecurity specialist | cybersecurity risk assurance consultant | information security manager | cyber risk manager | cybersecurity risk assessor | IT security chief | ICT security chief | ICT security manager | ICT technical security expert | security coordinator | cybersecurity impact analyst | IT security manager | information security risk analyst,responsable de la sécurité des technologies de l'information et de la communication | responsable de la sécurité des TIC | responsable de la sécurité de la technologie de l'information et de la communication | responsable de la sécurité TIC,2529,unified_occupation,ESCO,OCC_9113c1374afd,,,,"Cybersecurity risk managers identify, analyse, assess, estimate and mitigate cybersecurity-related risks of ICT infrastructures such as systems or services. They manage these aspects by planning risk analysis, applying, reporting, assessing, communicating, and treating them. They establish a risk management strategy for the organisation and ensure that risks remain at an acceptable level for the organisation by selecting mitigation actions and controls.",source
UOCC_e7703a22e737,cloud software developer,développeur/développeuse de logiciels cloud,cloud and infrastructure specialist | cloud solutions specialist | cloud consultant | cloud deployment specialist | cloud technical specialist | cloud administrator | full stack cloud software engineer | cloud infrastructure it specialist,administrateur cloud | spécialiste du cloud et de l'infrastructure | administrateur de cloud | développeur de logiciels en nuage | spécialiste des solutions cloud | ingénieur logiciel cloud full stack | spécialiste en infrastructure cloud | développeuse de logiciels en nuage | consultant en cloud | spécialiste du cloud et des infrastructures | spécialiste technique cloud,2512,unified_occupation,ESCO,OCC_02a46f9d3b88,,,,"Cloud software developers create, deploy, and modernize software applications to run on the cloud using microservices, containers, and serverless technologies. They develop scalable and highly available applications using cloud architectures and best practices. They incorporate logging and monitoring into their code and are able to perform root cause analysis on failures.",source
UOCC_d88501fea207,blockchain architect,concepteur de chaînes de blocs/conceptrice de chaînes de blocs,decentralized ledger technology specialist | DLT specialist | blockchain technology specialist | DLT architect,ingénieure blockchain | spécialiste de la technologie blockchain,2511,unified_occupation,ESCO,OCC_04bac78229be,,,,"Blockchain architects are ICT system architects that are specialized in blockchain-based solutions. They design architecture, components, modules, interfaces, and data for a decentralized system to meet specified requirements.",source
UOCC_ae658dbbacbd,sound designer,designer sonore,music and sound artist | sound designer and composer | sound designer and engineer | sound designer & composer | composer & sound designer | audio designer | composer and sound designer | audio engineer and sound artist | sound engineer & designer | sound designer and audio engineer | audio engineer & sound artist | sound designer and music composer | sound artist and audio engineer | sound designer & engineer | sound engineer and designer | music composer and sound designer | audio engineer and sound designer | music composer & sound designer | sound designer & audio engineer | sound designer & music composer,sound designer | designeuse sonore | concepteur sonore,3521,unified_occupation,ESCO,OCC_5240fa0b028e,Q3024424,https://www.wikidata.org/wiki/Q3024424,"professional responsible for creating and arranging the auditory elements of a production, such as a film, television show, theater play, or video game","Sound designers develop a sound design concept for a performance and supervise the execution of it. Their work is based on research and artistic vision. Their design is influenced by and influences other designs and must be conform with these designs and the overall artistic vision. Therefore, the designers work closely with artistic directors, operators and the artistic team. Sound designers prepare audio fragments to be used in a performance, which can involve recording, composing, manipulating and editing. Sound designers develop plans, cue lists and other documentation to support the operators and production crew. Sound designers sometimes also work as autonomous artists, creating sound art outside a performance context.",source
UOCC_a2147e78ce09,chief technology officer,responsable de la technologie,chief technology officers | IT director | chief digital officer | information technology director | CTO | chief technical officer,directrice des technologies | directrice de la technologie | directeur de la technologie | directeur des technologies | responsable des technologies | directeur technique | directeur technologique | directrice technique | directrice technologique,1330,unified_occupation,ESCO,OCC_161685225dd0,Q5287861,https://www.wikidata.org/wiki/Q5287861,"executive-level position overseeing technical, technological or scientific areas","Chief technology officers contribute to a company's technical vision and lead all aspects of technology development, according to its strategic direction and growth objectives. They match technology with business needs.",source
UOCC_d9a2d39759cf,ICT information and knowledge manager,responsable des connaissances et de l'information informatique,chief technology officer | ICT knowledge manager | ICT information manager | IT information manager | IT information and knowledge manager | IT knowledge manager,directrice des connaissances et de l'information TIC | directrice des connaissances et de l'information Technologies de l'information et de la communication | responsable des connaissances et de l'information Technologies de l'information et de la communication | directeur des connaissances et de l'information Technologies de l'information et de la communication | directeur des connaissances et de l'information TIC | responsable des connaissances et de l'information TIC,1330,unified_occupation,ESCO,OCC_16f26aba6fcc,,,,"ICT information and knowledge managers contribute to the definition of organisational information strategy and apply information and knowledge creation, editing, storage, and distribution policies. They manage the maintenance and evolution of structured and unstructured information. They create digital structures to enable exploitation and optimisation of information and knowledge, manage data analysis and enable business intelligence.",source
UOCC_cf7b34afe3ab,knowledge engineer,ingénieur de la connaissance/ingénieure de la connaissance,linked data engineer | taxonomist | knowledge officer | information engineer | knowledge engineers,ingénieure de la connaissance | ingénieur du savoir | ingénieur de la connaissance | ingénieur cogniticien | ingénieur connaissance | cogniticien,2529,unified_occupation,ESCO,OCC_e29ace1e3e50,Q3141282,https://www.wikidata.org/wiki/Q3141282,,"Knowledge engineers integrate structured knowledge into computer systems (knowledge bases) in order to solve complex problems normally requiring a high level of human expertise or artificial intelligence methods. They are also responsible for eliciting or extracting knowledge from information sources, maintaining this knowledge, and making it available to the organisation or users. To achieve this, they are aware of knowledge representation and maintenance techniques (rules, frames, semantic nets, ontologies) and use knowledge extraction techniques and tools. They can design and build expert or artificial intelligence systems that use this knowledge.",source
UOCC_0a5a85d4aff7,ICT network administrator,administrateur de réseau informatique/administratrice de réseau informatique,network manager | network specialist | network administrators | network support | networks administrator,directeur des réseaux | administratrice réseau | administrateur réseau | responsable de réseau | responsable des réseaux | administratrice de réseau | administrateur de réseau | directrice des réseaux,2522,unified_occupation,ESCO,OCC_07647950ddea,,,,"ICT network administrators maintain operation of a reliable, secure, and efficient data communications network, including LAN, WAN, intranet, and internet. They perform network address assignment, management and implementation of routing protocols such as ISIS, OSPF, BGP, routing table configurations and certain implementations of authentication. They perform maintenance and administration of servers (file servers, VPN gateways, intrusion detection systems), desktop computers, printers, routers, switches, firewalls, phones, IP communications, personal digital assistants, smartphones, software deployment, security updates and patches as well as a vast array of additional technologies inclusive of both hardware and software.",source
UOCC_bc4b786f93ea,chief information officer,directeur des systèmes d'information /directrice des systèmes d'information,IT director | chief information officers | CIO,directeur des SI | directrice principale technologies de l'information | directeur informatique | directrice informatique | DSI | directeur principal technologies de l'information | directrice des SI | directeur des systèmes d'information | directrice des systèmes d'information | Direction des systèmes d'information | Chief Information Officer | Directeur du système d'information | Direction informatique | Directions des systèmes d'information | responsable IT,1330,unified_occupation,ESCO,OCC_eaf6402c9543,Q2589465,https://www.wikidata.org/wiki/Q2589465,information technology executive,"Chief information officers define and implement the ICT strategy and governance. They determine necessary resources for the ICT strategy implementation, anticipate ICT market evolutions and company business needs. They contribute to the development of the organisation's strategic plan and ensure that the ICT infrastructure supports the organisation's overall operations and priorities.",source
UOCC_7347489c8dce,user interface developer,développeur d’interface utilisateur/développeuse d’interface utilisatrice,user interface engineer | user interface developers | UI programmer | front end developer | UI developer | UI developers,conceptrice d'interface | concepteur d'interface | designer d'interface | développeuse d'interface | conceptrice d'interfaces utilisatrices | développeur d'interface utilisateurs | développeuse d'interface utilisatrices | développeur IU | développeuse IU | développeuse d'interface utilisatrice | conceptrice d'interface utilisatrices | concepteur d'interface utilisateurs | développeur d'interface | développeur d'interface utilisateur | concepteur d'interfaces utilisateurs,2512,unified_occupation,ESCO,OCC_c089ec2388cd,,,,"User interface developers implement, code, document and maintain the interface of a software system by using front-end development technologies.",source
UOCC_b7c0b8567d25,ICT project manager,gestionnaire de projet informatique,IT projects manager | web project manager | scrum master | IT project manager | blockchain manager,responsable de projet informatique | scrum master (maître de mêlée) | gestionnaire de blockchain | chef de projet informatique | gestionnaire de projet en technologies de l'information et de la communication | directeur de projet informatique | gestionnaire de projet TIC | directrice de projet informatique | chef de projet web | cheffe de projet informatique,1330,unified_occupation,ESCO,OCC_eed8baadbed1,,,,"ICT project managers schedule, control and direct the resources, people, funding and facilities to achieve the objectives of ICT projects. They establish budgets and timelines, perform risk analysis and quality management, and complete project closure reports.",source
UOCC_8debc3db028d,database administrator,administrateur de base de données/administratrice de base de données,data base administrators | database administrators | data administrator | DBA | database configurator | data base administrator | data manager | database manager | Database Administrators,administratrice de bases de données | administrateur de données | administrateur de bases de données | gestionnaire de base de données | administratrice de données | administratrice de base de données | responsable des bases de données | administrateur de base de données,2521,unified_occupation,ESCO | ONET,OCC_3543db8ef14f | OCC_759562b3dd51,Q1078262,https://www.wikidata.org/wiki/Q1078262,profession,"Administer, test, and implement computer databases, applying knowledge of database management systems. Coordinate changes to computer databases. Identify, investigate, and resolve database performance issues, database capacity, and database scalability. May plan, coordinate, and implement security measures to safeguard computer databases.",source
UOCC_306a6084c26f,database designer,concepteur de bases de données /conceptrice de bases de données,database designers | data architect | secure could-edge computing system architect | data base designer | data model designer | data base designers | database architect | database design engineer,conceptrice de bases de données | architecte de système informatique sécurisé à la fine pointe de la technologie | architecte de système informatique sécurisé de pointe | designer de base de données | concepteur de bases de données,2521,unified_occupation,ESCO,OCC_65014a542c78,,,,"Database designers specify the database's logical structure, processes, and information flows. They design data models and databases to serve data acquisition.",source
UOCC_9e99acd060fe,user interface designer,concepteur d’interface utilisateur/conceptrice d’interface utilisatrice,UI designer | accessibility designer | user interface designers | user interface engineer | interface designer,conceptrice d'interface | concepteur d'interface | designer d'interface | concepteur IU | conceptrice IU | concepteur d'interface utilisateur | conceptrice d'interface utilisatrice,2513,unified_occupation,ESCO,OCC_340f51445866,Q29381289,https://www.wikidata.org/wiki/Q29381289,person working in the field of user interface design,"User interface designers are in charge of designing user interfaces for applications and systems. They perform layout, graphics and dialogues design activities as well as adaptation activities.",source
UOCC_3e6ed3c89679,data centre operator,opérateur de centre de données/opératrice de centre de données,data centre employee | data centre administrator | data center operator | data centre operators | data center administrator,opérateur de centre de traitement de données | opérateur de centre de données | opératrice de centres informatiques | opératrice de centre de données de calcul | opérateur de centres informatiques | opératrice de data centers | opérateur de data centers | opérateur de centre de données de calcul | opératrice de centre de données | opératrice de centre de traitement de données,3511,unified_occupation,ESCO,OCC_9c9233e004da,,,,"Data centre operators maintain computer operations within the data centre. They manage daily activities within the centre to solve problems, maintain the system availability, and evaluate the system's performance.",source
UOCC_42a02421e854,system configurator,configurateur de systèmes/configuratrice de systèmes,system configurators | system setup professional | system configuration professional | ICT system configurator | IT system configurator | systems configurator,configuratrice système | configurateur systèmes | configurateur de système informatique | configuratrice de systèmes | configurateur de systèmes | configuratrice systèmes | configurateur système | configuratrice de système informatique,2522,unified_occupation,ESCO,OCC_e28a715b58e4,,,,System configurators tailor a computer system to the organisation's and users' needs. They adjust the base system and software to the needs of the customer. They perform configuration activities and scripting and ensure communication with users.,source
UOCC_9fe2ef7bf755,ICT system administrator,administrateur de systèmes informatiques/administratrice de systèmes informatiques,sysadmin | IT system administrator | IT systems administrator | server administrator | network administrator | system and networks administrator | system and network administrator | ICT sysadmin | ICT sysadmins | enterprise administrator,administratrice systèmes | administrateur de systèmes des technologies de l'information et de la communication | administrateur système | administratrice de systèmes informatiques | administrateur de systèmes informatiques | administrateur de systèmes TIC | administratrice système | administrateur systèmes,2522,unified_occupation,ESCO,OCC_6cb6d62106d9,,,,"ICT system administrators are responsible for the upkeep, configuration, and reliable operation of computer and network systems, servers, workstations and peripheral devices. They may acquire, install, or upgrade computer components and software; automate routine tasks; write computer programs; troubleshoot; train and supervise staff; and provide technical support. They ensure optimum system integrity, security, backup and performance.",source
UOCC_438a5124cbcb,digital games developer,développeur de jeux numériques/développeuse de jeux numériques,digital games developers | digital game developer | computer games developer | games programmer | video games developer | virtual games developer,développeuse de jeux numériques | développeuse de jeux en ligne | concepteur de jeux vidéos | développeuse de jeux virtuels | développeur de jeux en ligne | développeur de jeux sur Internet | conceptrice de jeux numériques | développeur de jeux numériques | concepteur de jeux numériques | conceptrice de jeux vidéos | développeuse de jeux vidéo | développeuse de jeux sur Internet | développeur de jeux vidéo | développeur de jeux virtuels,2513,unified_occupation,ESCO,OCC_554c5e421f89,,,,"Digital games developers program, implement and document digital games. They implement technical standards in gameplay, graphics, sound and functionality.",source
UOCC_57c4819dccde,ICT quality assurance manager,responsable de l’assurance qualité informatique,IT quality assurance manager | ICT quality manager | ICT principal testing manager | ICT quality assurance managers | ICT test manager | principal test manager,cheffe de l'assurance qualité des TIC | responsable de l'assurance qualité des TIC | directeur de l'AQ informatique | chef de l'assurance qualité des TIC | responsable AQ informatique | responsable de l'assurance qualité des technologies de l'information et de la communication | directrice de l'AQ informatique,2519,unified_occupation,ESCO,OCC_b01b8def641d,,,,"ICT quality assurance managers establish and operate an ICT quality approach through quality management systems, in compliance with internal and external standards and the organisation's culture. They ensure that the management controls are correctly implemented to safeguard asset, data integrity and operations. They focus on the achievement of quality goals, including the maintenance of the external certification according to quality standards and monitor statistics to forecast quality outcomes.",source
UOCC_a3ff522e700a,ICT security technician,technicien en sécurité informatique/technicienne en sécurité informatique,IT security officer | ICT security technicians | cybersecurity solutions expert | cybersecurity developer | development and operations security engineer | cybersecurity implementer | ICT security officer | IT security technician | DevSecOps engineer | information security implement,agente de sécurité informatique | technicienne en sécurité informatique | agent de sécurité informatique | technicien en sécurité des technologies de l'information et de la sécurité | responsable de la sécurité informatique | technicienne en sécurité des technologies de l'information et de la sécurité | technicienne en sécurité des TIC | technicien en sécurité des TIC | technicien en sécurité informatique,3512,unified_occupation,ESCO,OCC_47b1b32e81f9,,,,"ICT security technicians propose and implement necessary security updates and measures whenever is required. They advise, support, inform and provide training and security awareness.",source
UOCC_18b8a8762e00,video technician,technicien vidéo/technicienne vidéo,audio-video technician | audio/visual technician | audio-visual specialist | graphics/video technician | audio video specialist | image technician | video/graphics technician | video conference technician | AV technician | audio visual technician | audio visual specialist | visuals technician | audio-video specialist | video mixer | Video FX console | video engineer,technicienne vidéo | technicien vidéo | chef d'équipements vidéo | ingénieur de la vision | metteur en images | Poste trucage | responsable de fabrication vidéo | truquiste,3521,unified_occupation,ESCO,OCC_b0371a36c909,Q10429552,https://www.wikidata.org/wiki/Q10429552,person operating the CCUs in a video production,"Video technicians set up, prepare, check and maintain equipment in order to provide optimal projected image quality for a live performance. They cooperate with road crew to unload, set up and operate video equipment and instruments.",source
UOCC_b3c9b8a5b56e,ICT system analyst,analyste de système informatique,ICT system analysts | ICT systems analysts | ICT systems analyst | system analyst | IT system analyst | network analyst | systems analyst | IT systems analyst,analyste système TIC | analyste système | analyste de systèmes de technologies de l'information et de la communication,2511,unified_occupation,ESCO,OCC_20596f0afee7,,,,"ICT system analysts specify the system needs to meet the end user requirements. They analyse system functions in order to define their goals or purposes and to discover operations and procedures for accomplishing them most efficiently. They also design new IT solutions to improve business efficiency and productivity, produce outline designs and estimate costs of new systems, specify the operations the system will perform, and the way data will be viewed by the end user. They present the design to the users and work closely with the users to implement the solution.",source
UOCC_aa9b656898a7,web content manager,administrateur de contenu web/administratrice de contenu web,content specialist | web content specialist | web content curatorspecialist | web content administrators | digital content | content curator,administratrice du contenu Internet | administrateur du contenu web | administrateur du contenu Internet | administrateur des contenus Internet | administratrice des contenus Internet | gestionnaire du contenu web | administratrice du contenu web | administrateur des contenus en ligne | administrateur de contenu web | administratrice des contenus en ligne | administratrice de contenu web,2513,unified_occupation,ESCO,OCC_aa3336017d8a,Q31197581,https://www.wikidata.org/wiki/Q31197581,,"Web content managers curate or create content for a web platform according to the long-term strategic goals, policies and procedures for an organisation's online content or their customers. They control and monitor compliance with standards, legal and privacy regulations and ensure web optimisation. They are also responsible for integrating the work of writers and designers to produce a final layout which is compatible with corporate standards.",source
UOCC_eab3c7f16558,ICT product manager,responsable des produits informatiques,ICT product managers | IT product manager | IT products manager | ICT products managers | ICT products manager,chef de produit TIC | chef de produit informatique | cheffe de produits de technologie de l'information et de la communication | cheffe de produit informatique | cheffe de produit TIC | responsable des produits de technologie de l'information et de la communication | responsable des produits de TIC | chef de produits de technologie de l'information et de la communication,1330,unified_occupation,ESCO,OCC_eaee5960dffb,,,,"ICT product managers analyse and define current and target status for ICT products, services or solutions. They estimate the cost effectiveness, points of risk, opportunities, strengths and weaknesses of products or services provided. ICT product managers create structured plans and establish time scales and milestones, ensuring optimisation of activities and resources.",source
UOCC_2a9dca472af9,ICT system developer,développeur de systèmes informatiques/développeuse de systèmes informatiques,systems programmer | ICT system developers | systems developer | IT system developer | chief ICT system developer | ICT systems developer | system developer | component developer | system software developer | ICT systems developers,développeur de systèmes de technologies de l'information et de la communication | développeuse de systèmes informatiques | développeur système | développeuse système | développeuse système TIC | développeuse de systèmes de technologies de l'information et de la communication | développeur système TIC | développeur de systèmes informatiques,2511,unified_occupation,ESCO,OCC_a1ea51659e23,,,,"ICT system developers maintain, audit and improve organisational support systems. They use existing or new technologies to meet particular needs. They test both hardware and software system components, diagnose and resolve system faults.",source
UOCC_229b767b2ef3,ICT resilience manager,responsable de la résilience informatique,IT resilience manager | manager for vulnerability | manager for IT resilience | vulnerability manager | disaster recovery manager | manager for disaster recovery,responsable risque opérationnel et résilience informatique | responsable de la résilience TIC,2529,unified_occupation,ESCO,OCC_0464755fe4e8,,,,"ICT resilience managers research, plan and develop models, policies, methods, techniques and tools that enhance an organisation's cyber security, resilience and disaster recovery.",source
UOCC_7c838b1ba9f7,recording studio technician,technicien en studio d’enregistrement/technicienne en studio d’enregistrement,sound mixer | audio editor | sounds technician | recording sound engineer | recording studio sound technician | studio sound engineer | studio technician | audio post-production technician | recording engineer | recording technician | audio restorer | recording studio audio engineer | re-recording mixer | special effects sound technician | recording sound technician | recording audio technician | studio recording technician,technicienne en studio d'enregistrement | technicien en studio d'enregistrement,3521,unified_occupation,ESCO,OCC_6b47842f318d,Q21009829,https://www.wikidata.org/wiki/Q21009829,"technician who sets up, operates and maintains audio equipment in a recording studio during recording and post-production",Recording studio technicians operate and maintain microphones and headsets in recording booths in recording studios. They operate mixing panels. Recording studio technicians manage all sound production requirements. They advise singers on the use of their voice. Recording studio technicians edit recordings into a finished product.,source
UOCC_782b6074a184,ICT help desk agent,agent de service d’assistance informatique/agente de service d’assistance informatique,IT support technician | IT help desk agent | ICT service desk agent | ICT helpdesk agent | ICT help desk advisor | IT help desk advisor,agent du service d'assistance en TIC | agente du service d'assistance en technologies de l'information et de la communication | agent du service d'aide aux utilisateurs | agente de service d'assistance informatique | agent du service d'assistance en technologies de l'information et de la communication | conseiller en assistance technique TIC | technicien de support informatique | agente help desk informatique | agente du service d'assistance en TIC | agent help desk informatique | agent du service d'assistance TIC | conseiller en assistance informatique | agente du service d'aide aux utilisateurs | agent de service d'assistance informatique,3512,unified_occupation,ESCO,OCC_708b91f0f734,,,,"ICT help desk agents provide technical assistance to computer users, answer questions or solve computer problems for clients via telephone or electronically. They provide assistance concerning the use of computer hardware and software.",source
UOCC_2d36c281a066,database developer,développeur de base de données/développeuse de base de données,data base developer | database design specialist | database development engineer | database coder | database programmer | data base developers | database developers | database creator | database author,responsable de base de données | concepteur de base de données | conceptrice de base de données | développeuse de base de données | développeur de base de données,2521,unified_occupation,ESCO,OCC_11d84dbfc1bc,Q115641904,https://www.wikidata.org/wiki/Q115641904,software professional responsible for developing a database,"Database developers program, implement and coordinate changes to computer databases based on their expertise of database management systems.",source
UOCC_e5c2c66ee2f3,ICT consultant,consultant informatique/consultante informatique,ICT ERP consultant | ICT advisor | IT advisor | IT consultant | IT compliance consultant,conseillère technologies de l'information et de la communication | conseillère sur les TIC | consultante en TIC | consultant en technologies de l'information et de la communication | conseiller informatique | consultant en TIC | consultant informatique | conseillère en informatique | consultante informatique | conseiller technologies de l'information et de la communication | conseiller sur les TIC | conseiller en informatique | consultante en technologies de l'information et de la communication,2511,unified_occupation,ESCO,OCC_30549a5affd9,,,,"ICT consultants provide advice on how to optimise the use of existing tools and systems, make recommendations for the development and implementation of a business project or technological solution and contribute to project definitions. They raise awareness on information technology innovations and their potential value to a business. They also participate in the assessment and choice of ICT solutions.",source
UOCC_803f19fa2154,industrial mobile devices software developer,développeur de logiciels pour appareils mobiles destinés à l’industrie/développeuse de logiciels pour appareils mobiles destinés à l’industrie,industrial mobile devices software programmer | industrial mobile devices software coder | handheld programmer | handheld software developer,développeuse de logiciels pour appareils mobiles destinés à l'industrie | développeur de logiciels pour appareils mobiles destinés à l'industrie,2514,unified_occupation,ESCO,OCC_28d6f1c634d8,,,,"Industrial mobile devices software developers implement applications software for specific, professional industrial mobile (handheld) devices, based on the industry needs, using general or specific development tools for device operating systems.",source
UOCC_f80dbda42c15,ICT application developer,concepteur de logiciels d’application/conceptrice de logiciels d’application,application developer | application software developers | application designer | app software developer | software programmer | application software engineer,conceptrice de logiciels | concepteur de logiciels | concepteur de logiciels applicatifs | conceptrice de logiciels d'application | conceptrice de logiciels applicatifs | concepteur de logiciels d'application | concepteur informatique | conceptrice informatique,2514,unified_occupation,ESCO,OCC_cd04c9fb1a40,,,,"ICT application developers implement the ICT (software) applications based on the designs provided using application domain specific languages, tools, platforms and experience.",source
UOCC_163fb9f4b57b,ICT system integration consultant,consultant en intégration de systèmes informatiques/consultante en intégration de systèmes informatiques,network integration consultant | system integration consultants | systems integration consultant | application integration consultant | systems integration consultants,consultant en systèmes intégrés | consultant en intégration de systèmes | consultante en intégration de systèmes | conseillère sur l'intégration de systèmes | conseillère sur l'intégration des systèmes | consultante en systèmes intégrés | conseiller systèmes intégrés | conseillère systèmes intégrés | conseiller sur l'intégration de systèmes | conseiller sur l'intégration des systèmes,2511,unified_occupation,ESCO,OCC_af41616819b5,,,,ICT system integration consultants advise on bringing together different systems to interoperate within an organisation for enabling data sharing and reducing redundancy.,source
UOCC_1087c62b62b3,web developer,développeur web/développeuse web,web application developer | web developers | web engineer | web specialist | web programmer | Web Developers | Website developer | webdev,développeur web | développeuse web | développeuse Internet | développeur Internet | concepteur web | conceptrice web | créatrice de contenus web | créateur de contenus web,2513,unified_occupation,ESCO | ONET,OCC_3a2f82f3951e | OCC_3b83c3012cf7,Q6859454,https://www.wikidata.org/wiki/Q6859454,programmer who specializes in World Wide Web applications,"Develop and implement websites, web applications, application databases, and interactive web interfaces. Evaluate code to ensure that it is properly structured, meets industry standards, and is compatible with browsers and devices. Optimize website performance, scalability, and server-side code and processes. May develop website infrastructure and integrate websites with other computer applications.",source
UOCC_d54f5e85dea4,ICT environmental manager,responsable de l'environnement informatique,IT environmental manager | information and communication technologies environmental manager | ICT environment manager | ICT environment managers | information technologies environmental manager,directrice de l'environnement TIC | directeur de l'environnement des technologies de l'information et de la communication | directeur de l'environnement TIC | responsable de l'environnement des technologies de l'information et de la communication | responsable de l'environnement TIC | directrice de l'environnement des technologies de l'information et de la communication,1330,unified_occupation,ESCO,OCC_f68b3b78c313,,,,"ICT environmental managers know the green ICT legal framework, understand the role of the ICT network configurations in the economy and energy resources deployment and evaluate the impact of CO2 footprint of each ICT resource in the organisation's network. They plan and manage the implementation of environmental strategies for ICT networks and systems by conducting applied research, developing organisational policy, and devising strategies to meet sustainability targets. They ensure that the whole organisation uses ICT resources in a way that is as friendly as possible for the environment.",source
UOCC_e88615a0ba86,cloud identity manager,responsable de l'identité cloud,cloud identity risk manager | cloud identity access manager | cloud identity engineer,gestionnaire des risques liés aux identités dans le cloud | gestionnaire d'accès aux identités dans le cloud | gestionnaire d'accès à l'identité Cloud | gestionnaire des risques liés à l’identité dans le nuage | ingénieur en identité cloud,2514,unified_occupation,ESCO,OCC_5bfe9fc9c093,,,,Cloud identity managers work with identity access management's applications. Collaborate with senior management to address key risks in the identity governance. Plan strategies to comply with professional standards.,source
UOCC_d312cd1f5929,cloud DevOps engineer,ingénieur DevOps cloud/ingénieure DevOps cloud,devops analyst | devops consultant | cloud devops solution specialist | devops administrator | devops engineer | cloud infrastructure devops engineer | devops architect | site reliability devops engineer | cloud automation engineer | devops specialist | devops | cloud devops | devops consultant engineer,spécialiste devops | ingénieur en automatisation du cloud | devops ingénieur consultant | consultant devops | analyste DevOps | ingénieur DevOps d'infrastructure cloud | ingénieur DevOps en nuage | administrateur DevOps | devops | la fiabilité du site devops ingénieur | ingénieure DevOps en nuage | devops de nuages | devops architect | ingénieur en automatisation Cloud,2512,unified_occupation,ESCO,OCC_c79207b250ca,,,,"Cloud DevOps engineers implement and manage continuous software delivery systems and methodologies. This includes managing and configuring code repositories, build services, automated testing, and deployment mechanisms. For cloud-based workloads, a Cloud DevOps Engineer define and deploy infrastructure as code, automating test and development environments. They can define and configure automated disaster recovery solutions that meet business objectives.",source
UOCC_c4f85bd2876c,IT auditor,auditeur des systèmes d’information/auditrice des systèmes d’information,ICT auditor | information technology auditor | IT Quality Appraiser,auditrice informatique | auditeur des systèmes d'information | auditeur informatique/auditrice informatique | auditeur informatique | auditrice des systèmes d'information,2511,unified_occupation,ESCO,OCC_7d8d0e4e5d42,,,,"IT auditors perform audits of information systems, platforms, and operating procedures in accordance with established corporate standards for efficiency, accuracy and security. They evaluate ICT infrastructure in terms of risk to the organisation and establish controls to mitigate loss. They determine and recommend improvements in the current risk management controls and in the implementation of system changes or upgrades.",source
UOCC_388cec2be33d,ICT network engineer,ingénieur de réseaux informatiques/ingénieure de réseaux informatiques,networks designer | networks developer | network configurator | network developer | network engineers | networks engineer,ingénieure réseaux | ingénieur réseaux | ingénieure de réseaux | développeur de réseaux | ingénieur de réseaux | ingénieur réseau | ingénieure réseau,2523,unified_occupation,ESCO,OCC_6836ed031e87,,,,"ICT network engineers implement, maintain and support computer networks. They also perform network modelling, analysis, and planning. They may also design network and computer security measures. They may research and recommend network and data communications hardware and software.",source
UOCC_7ee4ae3ace9e,software architect,concepteur de logiciels/conceptrice de logiciels,software architects | software designer | application architect,concepteur-architecte logiciel | architecte logiciel | conceptrice-architecte logiciel | conceptrice de logiciels | concepteur de logiciels | architecte informatique,2512,unified_occupation,ESCO,OCC_fa1704d164c5,Q1548249,https://www.wikidata.org/wiki/Q1548249,profession,"Software architects create the technical design and the functional model of a software system, based on functional specifications. They also design the architecture of the system or different modules and components related to the business' or customer requirements, technical platform, computer language or development environment.",source
UOCC_f37b961d0d4b,data analyst,analyste de données,battery data analyst | mine electrification data analyst | data warehouse analyst | data warehousing analyst | battery materials data analyst | battery module performance data analyst | business data analyst | data storage analyst | data analist,analyste data | data analyst | analystes de données | Data analyst,2511,unified_occupation,ESCO | ROME,OCC_ccd1a82716dc | OCC_cf20e065f84e,Q77293133,https://www.wikidata.org/wiki/Q77293133,profession that finds trends and patterns in data used to make decisions,"Data analysts import, inspect, clean, transform, validate, model, or interpret collections of data with regard to the business goals of the company. They ensure that the data sources and repositories provide consistent and reliable data. Data analysts use different algorithms and IT tools as demanded by the situation and the current data. They might prepare reports in the form of visualisations such as graphs, charts, and dashboards.",source
UOCC_b438985407c4,telecommunications engineering technician,technicien en télécommunications/technicienne en télécommunications,telecommunications administrators | telecoms administrator | communication administrator | telecom administrator | communications administrator | telecommunications administrator | telecommunication administrator,responsable des télécommunications | administratrice de télécommunications | administrateur de télécommunication | administratrice de télécom | administrateur télécom | administratrice télécom | administrateur de télécom | administratrice télécommunications | administratrice télécoms | administrateur télécommunications | administrateur télécoms,3522,unified_occupation,ESCO,OCC_a7160e31f31c,,,,"Telecommunications engineering technician deploy, maintain and monitor a telecommunication system that provides interactions between data and voice communications, such as telephone, video conferencing, computer, and voicemail systems. They are also involved in the design, manufacturing, construction, maintenance and repair of telecommunication systems. Telecommunications engineering technicians provide technical assistance in the research and development of telecommunication equipment.",source
UOCC_2ff8180bcc06,webmaster,webmestre,website administrator | web administrator | web technician | e-commerce technician | webmasters | website coordinator | webops | webmistress | web architect | site author | website operator | web developer,administratrice de site Internet | administratrice de site web | administratrice de serveur | administrateur de site Internet | administratrice de site | administrateur de site web | webmaster | administrateur de serveur | administrateur de site | Édimestre | Maître toile | Web Master | Webmestres,3514,unified_occupation,ESCO,OCC_1cd71aaf46fd,Q41674,https://www.wikidata.org/wiki/Q41674,responsible for maintaining one or many websites,"Webmasters deploy, maintain, monitor and support a web server to meet service requirements. They ensure optimum system integrity, security, backup and performance. They coordinate the content, quality and style of websites, execute the website strategy and update and add new features to websites.",source
UOCC_366d12c6a8e3,projectionist,projectionniste,projection operator | booth operator | film projectionist | movie projector operator | projector booth operator | digital cinema projectionist | cinema projectionist | projection technician | projector operator,chef de cabine de projection | opératrice de projection | opérateur projectionniste | chef opératrice de projection | opérateur de projection | responsable technique de la projection | chef opérateur de projection | opératrice projectionniste | cheffe de cabine de projection | cheffe opératrice de projection,3521,unified_occupation,ESCO,OCC_70a55b7f5d0b,,,,Projectionists operate and maintain projection equipment in cinema theatres. They inspect the movie films before loading them into the projector. Projectionist make sure that everything runs smoothly during the projection of the movie. They also are responsible for the proper storage of movie films.,source
UOCC_5e0f652a4d7d,ICT network architect,architecte de réseau,network designer | network architects,ingénieure de réseaux | ingénieur de réseaux | architecte de réseaux | architecte réseaux,2523,unified_occupation,ESCO,OCC_bd1d7a63edf2,,,,"ICT network architects design the topology and connectivity of ICT network such as hardware, infrastructure, communication and hardware components.",source
UOCC_bdae20d245b2,ICT system architect,concepteur de systèmes informatiques/conceptrice de systèmes informatiques,systems architect | IT systems architect | information systems architect | ICT system architects | solution architect | ICT systems architect | ICT systems architects | IT system architect,concepteur système | architecte de système informatique | concepteur de système de technologies de l'information et de la communication | concepteur de systèmes informatiques | conceptrice de système de technologies de l'information et de la communication | conceptrice de systèmes informatiques | concepteur de système de TIC | conceptrice de systèmes | concepteur de systèmes | conceptrice système | concepteur de système | conceptrice de système de TIC | conceptrice de système,2511,unified_occupation,ESCO,OCC_9e5778cecf8d,,,,"ICT system architects design architecture, components, modules, interfaces, and data for a multi-components system to meet specified requirements.",source
UOCC_4bc203b884ad,chief data officer,Chief Data Officer,chief data officers | chief analytics officer | CDO,directeur des données/directrice des données | directrice des data | chief data officer | administrateur général des donnée | responsable des données | directeur des data | administratrice générale des données | CDO | directrice des données | directeur des données | Directeur / Directrice data (données),1330,unified_occupation,ESCO | ROME,OCC_2529ef72b927 | OCC_a16d6e2b92e8,,,,Chief data officers manage companies' enterprise-wide data administration and data mining functions. They ensure data are used as a strategic business asset at the executive level and implement and support a more collaborative and aligned information management infrastructure for the benefit of the organisation at large.,source
UOCC_9ffd4ab6d016,computer scientist,informaticien/informaticienne,IT researcher | IT scientist | ICT science researcher | ICT researcher | IT research scientist | ICT scientist | ICT research scientist | computers scientist | IT science researcher,professeur en technologies de l'information et de la communication | chercheur TIC | informaticien | chercheur en TIC | chercheur informatique | informaticienne | professeur en TIC,2511,unified_occupation,ESCO,OCC_727ec0d8350c,Q82594,https://www.wikidata.org/wiki/Q82594,one who studies or practices computer science,"Computer scientists conduct research in computer and information science, directed toward greater knowledge and understanding of fundamental aspects of ICT phenomena. They write research reports and proposals. Computer scientists also invent and design new approaches to computing technology, find innovative uses for existing technology and studies and solve complex problems in computing.",source
UOCC_3d37c0f285c5,ICT vendor relationship manager,responsable de la relation avec les fournisseurs informatiques,ICT vendor relations manager | IT vendor relations manager | ICT vendor relationships manager | IT vendor relationship manager | ICT vendor relationship managers,directeur de la relation avec les prestataires en technologies de l'information et de la communication | directeur de la relation avec les prestataires en TIC | responsable de la relation avec les fournisseurs de TIC | directrice de la relation avec les prestataires en TIC | responsable de la relation avec les fournisseurs de technologies de l'information et de la communication | directrice de la relation avec les prestataires en technologies de l'information et de la communication,1330,unified_occupation,ESCO,OCC_1d5d8d3d0459,,,,"ICT vendor relationship managers establish and maintain positive business relationships between stakeholders (external or internal), by deploying activities which are compliant with organisational processes. They also manage the outsourcing process for the organisation's ICT department and the supply chain communications.",source
UOCC_99c2523d59b9,ICT operations manager,responsable des activités informatiques,IT process manager | ICT operations managers | IT operations manager | data processing manager | ICT data processing manager | systems and networks manager | IT data processing manager | ICT acquisitions manager,directeur de l'exploitation des technologies de l'information et de la communication | responsable des opérations informatiques | responsable de l'activité en technologies de l'information et de la communication | directrice des activités de TIC | directeur des activités de TIC | responsable de l'activité en TIC | directrice de l'exploitation des technologies de l'information et de la communication,1330,unified_occupation,ESCO,OCC_0bbb7a59d8a0,,,,"ICT operations managers coordinate ICT services and infrastructure ensuring that the organisation has the required infrastructural resources. They also plan and monitor stages of either a business process or a computer process, negotiate contracts and take mitigation action in case of non-fulfilment of agreements. They oversee the day-to-day tasks involving infrastructure components, ICT systems and software.",source
UOCC_a11d5d70d77c,software developer,développeur de logiciels/développeuse de logiciels,application developer | solutions developer | electric vehicle software development engineer | programmer | application programmer | software specialist | application software developer | software engineer | applications engineer | soft developer | battery software developer | software developers | developer of software | Software Developers | software development engineer | software studio,concepteur de logiciels | conceptrice logiciel | développeur de logiciels pour les batteries | développeur de programmes | développeur de logiciels de batterie | développeuse de logiciels | développeur applications | développeuse logiciels | développeur de logiciels | développeur logiciels | concepteur d'applications | concepteur logiciel | développeuse applications | développeur | développeurs | programmeur | programmeurs | développeuse | programmeuse | développeur informatique | analyste programmeur,2512,unified_occupation,ESCO | ONET,OCC_a8ad0cc0d9ad | OCC_e57061351bc6,Q183888,https://www.wikidata.org/wiki/Q183888,person or company concerned with facets of the software development process,"Research, design, and develop computer and network software or specialized utility programs. Analyze user needs and develop software solutions, applying principles and techniques of computer science, engineering, and mathematical analysis. Update software or enhance existing software capabilities. May work with computer hardware engineers to integrate hardware and software systems, and develop specifications and performance requirements. May maintain databases within an application area, working individually or coordinating database development as part of a team.",source
UOCC_501643306a58,software manager,responsable des logiciels,software managers | software applications manager | applications manager | ICT applications manager | soft manager,directeur des applications informatiques | directrice des applications informatiques | responsable des applications | directrice des applications | directeur des applications | responsable des applications informatiques | chef des programmes informatiques | cheffe des programmes informatiques,1330,unified_occupation,ESCO,OCC_d6d83c79ea91,,,,Software managers oversee the acquisition and development of software systems in order to provide support to all organisational units. They also monitor the results and quality of the different software solutions and projects implemented in the organisation.,source
UOCC_75b70a6ee4c6,user experience analyst,analyste d’expérience utilisateur,user experience officer | usability analyst | user experience analysts,analyste expérience utilisateur | analyste d'utilisabilité | analyste d'expérience d'utilisateur | analyste de l'expérience des utilisateurs,2511,unified_occupation,ESCO,OCC_7ca8931aad99,,,,"User experience analysts assess client interaction and experience and analyse users' behaviours, attitudes, and emotions about the usage of a particular product, system or service. They make proposals for the improvement of the interface and usability of products, systems or services. In doing so, they take into consideration the practical, experiential, affective, meaningful and valuable aspects of human–computer interaction and product ownership, as well as the person's perceptions of system aspects such as utility, ease of use and efficiency, and user experience dynamics.",source
UOCC_0763469b1f67,ICT business analyst,analyste d’étude en TIC,requirement engineer | business process specialist | IT business analyst | ICT business analysts,analyste de gestion TIC | ingénieur des exigences | analyste métier en TIC | analyste d'affaires | business analyst | analyste fonctionnel | analyste commercial,2511,unified_occupation,ESCO,OCC_0a3ba0a2e348,Q119561639,https://www.wikidata.org/wiki/Q119561639,,"ICT business analysts are in charge of analysing and designing an organisation's processes and systems, assessing the business model and its integration with technology. They also identify change needs, assess the impact of the change, capture and document requirements and then ensure that these requirements are delivered whilst supporting the business through the implementation process.",source
UOCC_958c62e4749c,broadcast technician,technicien de radiodiffusion/technicienne de radiodiffusion,radio and TV technician | broadcast technicians | broadcast engineering technician | broadcasting engineer | broadcasting technician | broadcast transmitting technician | broadcast transmitting equipment operator | broadcasting equipment operator | broadcast transmitter operator,technicienne de la diffusion radio et télé | technicienne de radiodiffusion | technicien de la diffusion radio et télé | opérateur de radiodiffusion | opératrice de radiodiffusion | technicien de radiodiffusion | technicien de broadcasting,3521,unified_occupation,ESCO,OCC_c5ff6e8a57aa,,,,"Broadcast technicians install, start up, maintain, monitor and repair equipment used for the transmission and reception of television and radio broadcast signals. They ensure that all materials are available in a suitable format of transmittable quality according to the transmission deadline. Broadcast technicians also maintain and repair this equipment.",source
UOCC_db1968972085,analytics engineer,ingénieur en analyse,analytics developer | dbt developer | data analytics engineer,,2512,unified_occupation,EMERGING,OCC_146cef3838e1,,,,"An analytics engineer builds, tests and documents clean, reliable data models and analysis-ready datasets — typically with SQL and transformation tools such as dbt — transforming raw data warehouse data into curated tables that data analysts and business users consume. The role bridges data engineering and data analysis, applying software-engineering practices (version control, testing, CI/CD) to analytics.",source
UOCC_c29e6b83b6b8,MLOps engineer,ingénieur MLOps,machine learning operations engineer | ML operations engineer | ML platform engineer,,2523,unified_occupation,EMERGING,OCC_84c57fdb2850,,,,"An MLOps engineer designs and operates the infrastructure, pipelines and tooling to deploy, serve, monitor, version and scale machine-learning models in production. The role combines machine learning, software engineering, DevOps and cloud practices to automate the machine-learning lifecycle (training, deployment, monitoring, retraining).",source
UOCC_13452b5ade5b,business intelligence developer,Développeur business intelligence,BI developer | BI engineer | business intelligence engineer | reporting developer,,2512,unified_occupation,EMERGING,OCC_171d6e86049e,,,,"A business intelligence developer designs, builds and maintains BI solutions — data models, ETL/ELT processes, reports and interactive dashboards — using tools such as Power BI, Tableau, SSRS, SSIS and SQL, to deliver reporting and analytics to an organisation. Distinct from a BI analyst, the role focuses on building the BI systems.",source
UOCC_89ce7315320d,data governance analyst,analyste de gouvernance des données,data governance manager | data governance specialist | data governance lead,,2522,unified_occupation,EMERGING,OCC_e86eea97848c,,,,"A data governance analyst defines, implements and enforces data policies, standards, quality rules, lineage, cataloguing, ownership and regulatory compliance across an organisation's data assets, ensuring data is trustworthy, well-documented and used responsibly.",source
UOCC_ab6f9c8a4414,full stack developer,développeur full stack,full-stack developer | full stack engineer | full-stack engineer | full stack software developer | full stack web developer,,2512,unified_occupation,EMERGING,OCC_d3fe9a83e0b7,Q96072517,https://www.wikidata.org/wiki/Q96072517,software developer covering the full range of technology between frontend and backend development,"A full-stack developer designs, builds and maintains both the front-end (user interface, client-side) and the back-end (server-side application logic, APIs, databases) of web and software applications, working across the entire technology stack from the browser to the database.",source
UOCC_d118ecc3112a,back-end developer,développeur backend,backend developer | back end developer | back-end engineer | backend engineer | server-side developer | back-end software developer,développeur back end | développeur back-end,2512,unified_occupation,EMERGING,OCC_6cbe95f0223e,Q110245834,https://www.wikidata.org/wiki/Q110245834,practitioner of back-end development,"A back-end developer designs, builds and maintains the server-side of web and software applications — the application logic, APIs, services, business rules and database access that run on the server rather than in the browser. The role works with server languages and frameworks, data stores and integration, and is the counterpart to the front-end developer; distinct from a full-stack developer, who spans both tiers.",source
UOCC_6990c49d9975,Chief digital officer - Responsible for digital transformation,Chief digital officer - Responsable de la transformation digitale,,,1330,unified_occupation,ROME,OCC_672c6b1886f7,,,,"A Chief Digital Officer is a senior executive responsible for leading an organization's digital transformation, integrating technology, and driving innovation to achieve business objectives.",llm
UOCC_8aa513e2505d,Administrator / Administrator of information systems (SI),Administrateur / Administratrice de systèmes d'information (SI),,Administrateur / Administratrice réseau informatique | Administrateur / Administratrice système informatique | Responsable de gestion de configuration | Administrateur / Administratrice système et réseaux d'information et de communication | Administrateur / Administratrice de plateforme de service | Administrateur / Administratrice informatique | Administrateur / Administratrice systèmes et réseaux | Administrateur / Administratrice de système d'information | Administrateur / Administratrice d'infrastructure | Gestionnaire de système informatique,2522,unified_occupation,ROME,OCC_98d19aeea9a4,,,,"Manages, maintains, and coordinates the operation of computer systems, networks, and databases to ensure efficient and secure information processing and storage.",llm
UOCC_1d5741e7db30,Expert / Expert computer systems and networks,Expert / Experte systèmes et réseaux informatiques,,Consultant / Consultante informatique | Consultant / Consultante réseaux informatiques | Expert / Experte réseaux et télécoms | Expert / Experte système d'exploitation | Expert / Experte système et réseaux | Ingénieur / Ingénieure méthodes informatiques | Ingénieur / Ingénieure réseau informatique | Ingénieur / Ingénieure sécurité informatique | Ingénieur / Ingénieure système informatique | Ingénieur / Ingénieure système réseau informatique | Ingénieur / Ingénieure systèmes & réseaux Datacenter | Ingénieur / Ingénieure des systèmes d'information et de communication | Ingénieur / Ingénieure intégration de système | Analyste réseau | Analyste informatique | Expert / Experte réseau informatique | Expert / Experte sharepoint | Expert infrastructure de données / Experte infrastructure de données,2523,unified_occupation,ROME,OCC_c44a9eaae6e7,,,,"Designs, develops, tests, and evaluates complex computer systems and networks, ensuring their efficiency, reliability, and security.",llm
UOCC_c3b8e0962ff8,Director/Director of information systems (DSI),Directeur / Directrice des systèmes d'information (DSI),,"Directeur / Directrice de l'Organisation et des Systèmes d'Information (DOSI) | Directeur / Directrice des systèmes d'information | Directeur / Directrice des systèmes d'information et télécoms | Responsable des systèmes d'information | Responsable du management de la DSI | Responsable production informatique | Chief Technical Officer - CTO | Directeur / Directrice des systèmes d'information (DSI, 50 salariés ou plus) | Directeur / Directrice technique en informatique (50 salariés ou plus) | Directeur / Directrice technique en informatique | Directeur / Directrice de l'innovation numérique | Chief information officer | Chief information security officer | Chef / Cheffe de projet Systèmes d'Information",2522,unified_occupation,ROME,OCC_4a2781037768,,,,"Directs and oversees the planning, implementation, and maintenance of information systems to ensure their alignment with organizational goals and objectives.",llm
UOCC_ad81ec469e6f,Telecommunications Engineering Specialists,Ingénieur / Ingénieure télécoms et environnement,,Ingénieur / Ingénieure déploiement télécoms | Ingénieur / Ingénieure en architecture télécoms | Ingénieur / Ingénieure études et support télécoms | Ingénieur / Ingénieure radio | Ingénieur / Ingénieure réseaux télécoms | Ingénieur / Ingénieure télécommunication | Ingénieur / Ingénieure télécoms | Ingénieur / Ingénieure validation réseaux de télécoms | Network planner,3522,unified_occupation,ONET | ROME,OCC_234e9bc0e4be | OCC_863ed03d42e0,,,,"Design or configure wired, wireless, and satellite communications systems for voice, video, and data services. Supervise installation, service, and maintenance.",source
UOCC_f3aaa866d640,Developer / computer developer,Développeur / Développeuse informatique,,Analyste développeur / Analyste développeuse | Analyste-programmeur / Analyste-programmeuse gestion informatique | Analyste-programmeur / Analyste-programmeuse informatique | Analyste-programmeur / Analyste-programmeuse scientifique informatique | Informaticien / Informaticienne de développement | Programmeur / Programmeuse de maintenance informatique | Programmeur / Programmeuse d'études | Programmeur industriel / Programmeuse industrielle | Programmeur / Programmeuse informatique | Programmeur / Programmeuse logiciel de base informatique | Développeur / Développeuse de sécurité des systèmes d'information | Informaticien / Informaticienne | Développeur / Développeuse IOT | Développeur / Développeuse systèmes embarqués,2512,unified_occupation,ROME,OCC_4243894cf004,,,,"Developers design, create, test, and maintain software applications, systems, and tools, using a range of programming languages and technologies.",llm
UOCC_edc2b0530576,Functional consultant / Functional consultant of information systems,Consultant fonctionnel / Consultante fonctionnelle des systèmes d'information,,Architecte fonctionnel / Architecte fonctionnelle de système d'information | Assistant fonctionnel / Assistante fonctionnelle des systèmes d'information | Consultant / Consultante ERP (Enterprise Resource Planning) | Consultant fonctionnel / Consultante fonctionnelle de progiciel | Expert / Experte métier système d'information | Intégrateur / Intégratrice en informatique industrielle | Consultant / Consultante SIRH ressources humaines | Consultant / Consultante SI finance comptabilité | Consultant / Consultante SI Gestion de la Relation Client | Consultant / Consultante en accessibilité numérique | Consultant / Consultante SaaS - Software as a Service | Consultant / Consultante IT | Business analyst,2511,unified_occupation,ROME,OCC_2088e2ac84a9,,,,A functional consultant of information systems is a professional who specializes in implementing and integrating business processes and systems to meet organizational needs.,llm
UOCC_08ea99c17d81,"Specialist in tools, operating systems, networks and telecommunications","Spécialiste outils, systèmes d'exploitation, réseaux et télécoms",,Adjoint / Adjointe chef de centre de télétraitement mobile aux armées | Agent / Agente d'exploitation des systèmes d'information et de communication aux armées | Analyste de signaux électromagnétiques | Analyste des services techniques du renseignement | Chargé / Chargée de planification réseaux de télécoms | Chargé / Chargée d'opération réseaux de télécoms | Concepteur réalisateur / Conceptrice réalisatrice de réseau télécoms | Technicien détecteur / Technicienne détectrice spécialiste des opérations des forces navales et sous-marines | Technicien détecteur / Technicienne détectrice anti-sous-marins spécialiste des opérations des forces navales et sous-marines | Exploitant / Exploitante des supports hertziens radio satellitaire | Exploitant / Exploitante des systèmes de guerre électronique | Exploitant / Exploitante des télécommunications | Exploitant / Exploitante faisceaux hertziens | Exploitant / Exploitante système d'information et de communication aux armées | Exploitant / Exploitante système composante projetable | Exploitant / Exploitante transmissions | Guetteur / Guetteuse de la flotte | Intercepteur / Interceptrice graphie aux armées | Intercepteur / Interceptrice technique aux armées | Intercepteur traducteur / Interceptrice traductrice de langues aux armées | Linguiste d'écoute aux armées | Marketeur / Marketeuse réseaux de télécoms | Opérateur / Opératrice écoute | Opérateur navigateur / Opératrice navigatrice terrestre aux armées | Opérateur / Opératrice radio | Opérateur / Opératrice radiographiste | Opérateur / Opératrice système qualifié aux armées | Planificateur / Planificatrice réseaux de télécoms | Radiotélégraphiste | Technicien / Technicienne des systèmes d'information et de télécommunications | Technicien / Technicienne communication aux armées | Technicien / Technicienne détection et analyse des signaux électromagnétiques | Technicien / Technicienne d'exploitation télécommunication | Technicien / Technicienne en communication | Technicien exploitant / Technicienne exploitante de systèmes de guerre électronique | Technicien / Technicienne exploitation systèmes acoustiques | Technicien / Technicienne réseau de transmission de données aux armées | Technicien / Technicienne sécurité des communications aux armées | Technicien supérieur / Technicienne supérieure détection électromagnétique sol-air aux armées | Transfiliste aux armées | Transmetteur / Transmettrice aux armées | Opérateur / Opératrice de surveillance de la circulation maritime | Opérateur / Opératrice des systèmes de combat en opérations navales | Opérateur / Opératrice systèmes de télécommunication des armées | Spécialiste du domaine systèmes d'information et de communication aux armées | Spécialiste administration des réseaux IP | Spécialiste réseaux et systèmes de télécommunications des armées | Technicien / Technicienne appui technique spatial,3511,unified_occupation,ROME,OCC_c7ee9cba34be,,,,"An ISCO 3511 Specialist in tools, operating systems, networks and telecommunications is a technician who installs, maintains, and troubleshoots computer hardware and software systems.",llm
UOCC_e2c83fe0c9b6,Technician / IT Operating Technician,Technicien / Technicienne d'exploitation informatique,,Adjoint / Adjointe d'exploitation informatique | Adjoint technicien / Adjointe technicienne d'exploitation informatique | Agent / Agente de planning informatique | Agent / Agente d'exploitation informatique | Analyste d'exploitation | Assistant / Assistante d'exploitation informatique | Chef / Cheffe d'équipe de production informatique | Exploitant / Exploitante informatique | Gestionnaire du parc informatique | Informaticien automaticien / Informaticienne automaticienne | Intégrateur / Intégratrice d'exploitation informatique | Opérateur / Opératrice informatique | Opérateur pupitreur / Opératrice pupitreuse informatique | Pupitreur / Pupitreuse d'exploitation informatique | Pupitreur / Pupitreuse réseau informatique | Technicien / Technicienne en informatique industrielle | Technicien / Technicienne informatique | Technicien / Technicienne programmation | Technicien supérieur / Technicienne supérieure en automatique | Technicien / Technicienne système informatique | Technicien / Technicienne de développement informatique | Technicien / Technicienne développement logiciel,3512,unified_occupation,ROME,OCC_1ce0e8031f25,,,,"An IT Operating Technician installs, configures, and maintains computer systems, networks, and peripherals to ensure optimal performance and troubleshoot issues.",llm
UOCC_be95fccf06c0,Responsible for the security of information systems (RSSI),Responsable de la Sécurité des Systèmes d'Information (RSSI),,Responsable sécurité des systèmes d'information | Responsable sécurité informatique | Chief Information Security Officer (CISO) | Data Protection Officer | Directeur / Directrice de la sécurité informatique | Directeur / Directrice de la sécurité tic | Manager de la Sécurité et des Risques de l'Information (MSRI) | Responsable Sécurité de l'information | Responsable de la sécurité informatique | Responsable des risques de la sécurité des systèmes informatiques (RRSSI) | Responsable ou directeur de la sécurité des systèmes d'information (RSSI ou DSSI) | Responsable risque sécurité réseaux informatiques | Responsable sécurité des réseaux informatiques,2522,unified_occupation,ROME,OCC_563c9ee7ae68,,,,"Responsible for the security of information systems (RSSI) is an occupation that involves protecting computer systems, networks, and data from unauthorized access, use, or malicious activities.",llm
UOCC_26ec9dbb5e69,Integrator / Integrator of business software,Intégrateur / Intégratrice logiciels métiers,,Ingénieur / Ingénieure d'intégration applicative | Intégrateur / Intégratrice d'application informatique | Paramétreur / Paramétreuse logiciel ERP | ERP Consultant | ERP integrator | Consultant / Consultante ERP | Consultant / Consultante produit | Ingénieur / Ingénieure intégration | Ingénieur / Ingénieure progiciel | Paramétreur / Paramétreuse de logiciels | Chef / Cheffe de projet erp,2512,unified_occupation,ROME,OCC_22a265df20e2,,,,"An integrator of business software is a person who combines multiple software systems into a single, cohesive system to facilitate efficient business operations and data exchange.",llm
UOCC_0ea88a2fc092,Scrum Master,Scrum Master,,Assistant / Assistante chef de projet informatique | Scrum master informatique | Chef / Cheffe de projet agile,2522,unified_occupation,ROME,OCC_df34a0f9f6c0,,,,"Scrum Master is a role that facilitates and coordinates the Scrum framework in software development teams, ensuring its adoption and adherence.",llm
UOCC_cacd8c15bbbc,Software or application testing and validation specialist,Spécialiste test et validation logiciel ou application,,,2519,unified_occupation,ROME,OCC_2523d083789d,,,,"This occupation involves testing and validating software or applications to ensure they meet specifications, are free of defects, and function as intended.",llm
UOCC_1450c7f8279a,Computer and telecommunications technician/technician,Technicien / Technicienne réseaux informatiques et télécoms,,Contrôleur / Contrôleuse de réseau informatique | Technicien / Technicienne d'essais et de contrôle en télécommunications | Technicien / Technicienne en télécommunications | Technicien / Technicienne en télécommunications et réseaux d'entreprise | Technicien expert / Technicienne experte en installation intégration en télécommunications et réseaux d'entreprise | Technicien / Technicienne ingénierie réseaux de télécoms | Technicien / Technicienne installation intégration en télécommunications et réseaux d'entreprise | Technicien / Technicienne réseau informatique | Technicien / Technicienne réseaux et télécommunications d'entreprise | Technicien spécialisé / Technicienne spécialisée en installation et intégration en télécommunications et réseaux d'entreprise | Technicien spécialisé / Technicienne spécialisée en télécommunications et réseaux d'entreprise | Technicien / Technicienne télécoms et réseaux | Technicien / Technicienne réseau Datacenter | Technicien / Technicienne réseau et maintenance,3513,unified_occupation,ROME,OCC_940b6385dcd1,,,,"Installs, maintains, and repairs computer and telecommunications equipment, including hardware, software, and communication networks.",llm
UOCC_6ec9a08592ed,Administrator / Administrator of computer security,Administrateur / Administratrice sécurité informatique,,,2522,unified_occupation,ROME,OCC_6d24adb3285c,,,,"An Administrator of computer security is responsible for ensuring the security, integrity, and confidentiality of an organization's computer systems and data.",llm
UOCC_0f23a669f1f0,Engineer / Computer science engineer,Ingénieur / Ingénieure d'étude informatique,,Informaticien chargé / Informaticienne chargée d'étude | Ingénieur / Ingénieure analyste en système d'information | Ingénieur / Ingénieure d'étude en informatique de gestion | Ingénieur / Ingénieure d'étude et développement informatique | Ingénieur / Ingénieure d'étude logiciel informatique | Ingénieur / Ingénieure logiciel informatique | Informaticien / Informaticienne d'études | Chargé / Chargée d'étude informatique | Ingénieur / Ingénieure logiciel | Architecte logiciel | Expert / Experte logiciel | Ingénieur / Ingénieure logiciel en robotique,2511,unified_occupation,ROME,OCC_050f179f19d8,,,,,
UOCC_02273c3b8928,Cybersecurity technician / technician,Technicien / Technicienne en cybersécurité,,Opérateur / Opératrice en cybersécurité,3513,unified_occupation,ROME,OCC_7f18f2f19e2a,,,,"Cybersecurity technicians install, maintain, and troubleshoot computer and network security systems to protect against unauthorized access and cyber threats.",llm
UOCC_cc70389a9291,Expert / Expert methods and computer quality,Expert / Experte méthodes et qualité informatique,,"Expert / Experte méthodes et outils en informatique | Expert / Experte qualité informatique | Expert / Experte sécurité, méthode et qualité informatique",3512,unified_occupation,ROME,OCC_336e0a8cfc0b,,,,"They plan, design, and implement computer systems and quality control methods to ensure high-quality software and hardware products.",llm
UOCC_67d66ad483ec,Computer application analyst,Analyste d'application informatique,,Analyste d'application | Analyste responsable d'application informatique,2511,unified_occupation,ROME,OCC_085a2958b6aa,,,,,
UOCC_fa26fd983b14,,Spécialiste Jumeau Numérique,,Développeur / Développeuse de logiciel de simulation optique et réalité virtuelle (VR) | Développeur / Développeuse logiciel de réalité augmentée | Expert / Experte virtualisation,2519,unified_occupation,ROME,OCC_88068199c10c,,,,,
UOCC_38d89aa3c2fa,Consultant / pre-sales consultant,Consultant / Consultante avant-vente,,Ingénieur / Ingénieure technico-commercial(e) IT | Ingénieur / Ingénieure informatique avant-vente,3512,unified_occupation,ROME,OCC_3dd25c7bc53e,,,,,
UOCC_bf0dde9fbfb4,Developer / Decision-making Developer - Business Intelligence,Développeur / Développeuse décisionnel - Business Intelligence,,,2512,unified_occupation,ROME,OCC_2e83dfac986c,,,,,
UOCC_71086593cd61,Coordinator / Coordinator of web production,Coordinateur / Coordinatrice de production web,,Coordinateur / Coordinatrice de projet digital | Directeur / Directrice de projets digitaux,3514,unified_occupation,ROME,OCC_8febad416722,,,,,
UOCC_af477ada48c0,Engineer / Supervising engineer IT Datacenter,Ingénieur / Ingénieure supervision IT Datacenter,,Responsable des systèmes informatiques | Ingénieur / Ingénieure support informatique | Ingénieur / Ingénieure support réseaux,2522,unified_occupation,ROME,OCC_07c3258d7642,,,,,
UOCC_a6a2d1f453fb,Engineer / Engineer DevOps,Ingénieur / Ingénieure DevOps,,Chef / Cheffe de groupe logicien informaticien | Ingénieur / Ingénieure de développement informatique | Ingénieur / Ingénieure développement logiciel informatique | Ingénieur / Ingénieure en développement d'applications | Ingénieur / Ingénieure informatique développement en temps réel | Ingénieur / Ingénieure programme informatique | Ingénieur / Ingénieure développement logiciel | Devops | Architecte DevOps | Spécialiste DevOps,3511,unified_occupation,ROME,OCC_eab9b08d024c,,,,,
UOCC_4ffc49260a13,Project manager / Project manager,Chef de projet / Cheffe de projet (Project Management Officer),,Chef / Cheffe de projet utilisateurs des systèmes d'information | Coordinateur / Coordinatrice de la Maîtrise d'ouvrage des systèmes d'information | Responsable de projets « métiers » système d'information | Project Manager | Project Management Officer - PMO | Chef / Cheffe de projet client | Chef / Cheffe de projet SI,1330,unified_occupation,ROME,OCC_21efe6cdd8d9,,,,,
UOCC_40e46bec85ec,Engineer / Engineer systems and networks of the connected territories,Ingénieur / Ingénieure systèmes et réseaux des territoires connectés,,,3513,unified_occupation,ROME,OCC_33ca0a6e17b8,,,,,
UOCC_884a6866b476,Administrator / Network Administrator - telecommunications,Administrateur / Administratrice réseaux - télécoms,,Architecte réseaux de télécoms | Administrateur / Administratrice réseau de télécommunications | Administrateur / Administratrice réseaux des territoires connectés,3513,unified_occupation,ROME,OCC_8a0009547b60,,,,,
UOCC_e662d4a55801,Developer / Developer - video games,Développeur / Développeuse - jeux vidéo,,Lead programmeur / Lead programmeuse - jeux vidéo | Programmeur / Programmeuse - jeux vidéo | Développeur / Développeuse gameplay | Programmeur / Programmeuse gameplay,2512,unified_occupation,ROME,OCC_2f27eb2177cc,,,,,
UOCC_35791d82a452,Licensee/Functional Licensee of software,Homologateur / Homologatrice fonctionnel de logiciel,,Homologateur / Homologatrice logiciel,2512,unified_occupation,ROME,OCC_21c50bd3a35a,,,,,
UOCC_6fa35e2b7030,Engineer / Web security engineer,Ingénieur / Ingénieure sécurité web,,,3513,unified_occupation,ROME,OCC_54194a8e4af5,,,,,
UOCC_182bdea65a0a,Administrator / Administrator of the website,Administrateur / Administratrice de site internet,,Administrateur / Administratrice de site Web | Infographiste web master | Webmaster concepteur / Webmaster conceptrice de site web | Webmaster éditorialiste | Webmaster chargé / Webmaster chargée de communication | Responsable qualité web | Responsable éditorial / Responsable éditoriale web | Webmaster,2522,unified_occupation,ROME,OCC_53745b14cb87,,,,,
UOCC_3524cd5f5324,Architect of systems and networks of connected territories,Architecte systèmes et réseaux des territoires connectés,,Architecte des systèmes d'information des territoires connectés | Architecte SOA des territoires connectés,2523,unified_occupation,ROME,OCC_b6f0c15f7803,,,,,
UOCC_75ea3f0ecaf8,Design engineer / Computer design engineer,Ingénieur concepteur / Ingénieure conceptrice informatique,,Analyste-programmeur / Analyste-programmeuse en informatique industrielle | Concepteur / Conceptrice informatique | Ingénieur analyste-programmeur / Ingénieure analyste-programmeuse | Ingénieur / Ingénieure de conception informatique | Chercheur Concepteur / Chercheuse Conceptrice informatique | Ingénieur / Ingénieure recherche et développement (R&D) en informatique,2512,unified_occupation,ROME,OCC_286d9da07b4d,,,,,
UOCC_742dcd097590,Multimedia developer/developer,Développeur / Développeuse multimédia,,,2512,unified_occupation,ROME,OCC_073f57ae50f2,,,,,
UOCC_52576aafd604,Urban planning for information systems,Urbaniste des systèmes d'information,,Consultant / Consultante en système d'information | Expert / Experte en système d'information,2511,unified_occupation,ROME,OCC_bf56177836a1,,,,,
UOCC_60b5158d3fb8,Systems and networks architect,Architecte systèmes et réseaux,,Architecte réseaux informatiques | Architecte système d'information | Architecte système informatique | Architecte technique informatique | Consultant / Consultante architecte technique | Architecte solutions,2523,unified_occupation,ROME,OCC_21715cbb5d2f,,,,,
UOCC_775461f814f2,Director/Director of Connected Territories Projects,Directeur / Directrice de projets des territoires connectés,,Directeur / Directrice de programme de territoire connecté,1330,unified_occupation,ROME,OCC_45f8e3b56a4a,,,,,
UOCC_2089c19d306a,Computer engineer / Computer engineer,Ingénieur informaticien / Ingénieure informaticienne,,Ingénieur / Ingénieure analyste informatique | Ingénieur / Ingénieure d'analyse et de programmation en informatique de gestion | Ingénieur / Ingénieure d'application informatique | Ingénieur / Ingénieure de réalisation informatique | Expert / Experte en application informatique | Ingénieur / Ingénieure informatique | Ingénieur-conseil / Ingénieure-conseil informatique,3522,unified_occupation,ROME,OCC_e02a62ee28e8,,,,,
UOCC_b1106f0c0f65,Quality engineer / Quality software engineer in computer science,Qualiticien / Qualiticienne logiciel en informatique,,Analyste cogniticien / Analyste cogniticienne informatique | Didacticien / Didacticienne informatique | Responsable d'atelier de génie logiciel,2511,unified_occupation,ROME,OCC_da40f63e4373,,,,,
UOCC_cc2620780956,Administrator / Administrator of servers,Administrateur / Administratrice de serveurs,,,2522,unified_occupation,ROME,OCC_0dfd1568b513,,,,,
UOCC_016c22d6c92d,Head of IT studies and applications,Responsable des études et applications informatiques,,Ingénieur / Ingénieure d'étude en applications scientifiques informatiques | Responsable d'application informatique | Responsable de projet informatique | Responsable des développements informatiques | Responsable d'étude informatique,2514,unified_occupation,ROME,OCC_e16c45181fb8,,,,,
UOCC_d5b81bf02c94,Architect IoT - Internet of Things,Architecte IoT - Internet des Objets,,,2511,unified_occupation,ROME,OCC_afe0af7ee789,,,,,
UOCC_9b7a5a0a7869,Engineer / Engineer Cybersecurity Datacenter,Ingénieur / Ingénieure Cybersécurité Datacenter,,,2529,unified_occupation,ROME,OCC_0194b59e1846,,,,,
UOCC_885728d25dc6,Communication and networking expert,Expert / Experte en communication et réseaux,,Expert / Experte en technologie de l'information et des communications (TIC),2523,unified_occupation,ROME,OCC_b7befaa6cd86,,,,,
UOCC_a7a228eff141,Analyst Designer / Computer Designer,Analyste Concepteur / Conceptrice informatique,,,2511,unified_occupation,ROME,OCC_6208e1876753,,,,,
UOCC_e6327dabdc53,Admin/mail administrator,Administrateur / Administratrice de messagerie,,Administrateur / Administratrice de la messagerie,2522,unified_occupation,ROME,OCC_7d00df02eb9d,,,,,
UOCC_26ebb05c90b8,Interactive media architect,Architecte multimédias interactifs,,Architecte multimédia | Expert / Experte en technologie Internet et multimédia,2513,unified_occupation,ROME,OCC_9f8d6a13ded5,,,,,
UOCC_1f1faac28725,Decision-making analyst - Business Intelligence,Analyste décisionnel - Business Intelligence,,,2511,unified_occupation,ROME,OCC_4fedfaca20de,,,,,
UOCC_eaaeaab40649,Computer research analyst,Analyste d'étude informatique,,Analyste de gestion informatique | Analyste fonctionnel / Analyste fonctionnelle informatique | Analyste organique informatique | Analyste réseau informatique | Analyste télématique | Analyste-programmeur / Analyste-programmeuse de micro-informatique | Analyste-programmeur / Analyste-programmeuse d'étude informatique | Informaticien / Informaticienne analyste,2511,unified_occupation,ROME,OCC_5fafb471f4aa,,,,,
UOCC_3983bb13b4cb,Head/Project Manager Computer research and development,Chef / Cheffe de projet étude et développement informatique,,Chef / Cheffe de projet développement logiciel | Chef / Cheffe de projet en linguistique informatique | Chef / Cheffe de projet informatique | Chargé / Chargée de projet Data,2512,unified_occupation,ROME,OCC_09b65ca00490,,,,,
UOCC_cfd96772226a,Head / Project Manager of fixed and mobile network,Chef / Cheffe de projet réseau fixe et mobile,,Chef / Cheffe de projet Réseau | Chef / Cheffe de projet Réseaux mobiles | Chef / Cheffe de projet Datacenter | Chef / Cheffe de projet équipements connectés | Directeur / Directrice de projets,2523,unified_occupation,ROME,OCC_734c5ae6a3df,,,,,
UOCC_8b9c06140b6a,Developer / web developer,Développeur / Développeuse web,,Webmaster développeur / Webmaster développeuse | Développeur / Développeuse web mobile | Développeur / Développeuse full-stack | Développeur / Développeuse front-end | Développeur / Développeuse back-end | Développeur / Développeuse no code | Intégrateur / Intégratrice web,3514,unified_occupation,ROME,OCC_c506a18083b7,,,,,
UOCC_31ac2ddc3174,Expert / Cybersecurity expert,Expert / Experte en cybersécurité,,Expert / Experte en sécurité des systèmes d'exploitation | Expert / Experte sécurité informatique | Expert / Experte en sécurité des systèmes d'information | Analyste en cybersécurité | Spécialiste en gestion de crise cyber | Expert / Experte en sécurité informatique (SSI) | Expert / Experte en sécurité des systèmes d'information (SSI) | Analyste de la menace | Expert / Experte sécurité IT,2511,unified_occupation,ROME,OCC_4def1bedc140,,,,,
UOCC_8cb8f652d4f5,Datacenter city planner,Urbaniste Datacenter,,,2522,unified_occupation,ROME,OCC_c86e2d385aa5,,,,,
UOCC_dfe6f7cd4960,Head / Project Manager TMA - Third Maintenance Application,Chef / Cheffe de projet TMA - Tierce Maintenance Applicative,,,1330,unified_occupation,ROME,OCC_202da271cabe,,,,,
UOCC_a667833b1d88,Information Technology Project Managers,Chef / Cheffe de projet maîtrise d'œuvre informatique,,,2522,unified_occupation,ONET | ROME,OCC_1ffff5374bce | OCC_fc361ed0ca3c,,,,"Plan, initiate, and manage information technology (IT) projects. Lead and guide the work of technical staff. Serve as liaison between business and technical aspects of projects. Plan project stages and assess business implications for each stage. Monitor progress to assure deadlines, standards, and cost targets are met.",source
UOCC_7143064f8d0a,Software or application developer/developer,Développeur / Développeuse logiciel ou d'application,,Concepteur / Conceptrice d'application informatique | Concepteur / Conceptrice logiciel informatique | Développeur / Développeuse d'application | Informaticien / Informaticienne d'application | Programmeur / Programmeuse d'applications,2512,unified_occupation,ROME,OCC_d6a2ea4adc66,,,,,
UOCC_5c3466754d9a,Operator of optical fibre,Responsable d'exploitation fibre optique,,Consultant / Consultante télécoms | Négociateur / Négociatrice de sites télécoms en téléphonie mobile | Négociateur / Négociatrice de sites télécoms en fibre optique,2523,unified_occupation,ROME,OCC_6c87c4d3e182,,,,,
UOCC_1a7763179538,Assessor / Assessor for the security of computer systems and products,Evaluateur / Evaluatrice sécurité des systèmes et produits informatiques,,Auditeur / Auditrice en système d'information | Auditeur informaticien / Auditrice informaticienne | Testeur / Testeuse informatique | Analyste en vulnérabilité de code logiciel | Auditeur / Auditrice en sécurité des systèmes d'information | Post auditeur / Post auditrice en sécurité des systèmes d'information | Recetteur / Recetteuse | Auditeur / Auditrice Sécurité des systèmes d'information (SSI),2511,unified_occupation,ROME,OCC_9f440c1548b6,,,,,
UOCC_d78f777a3b2a,Product Owner,Product Owner,,,1330,unified_occupation,ROME,OCC_3946835718f5,,,,,
UOCC_769fb064fc0b,Engineer / Engineer blockchain,Ingénieur / Ingénieure blockchain,,Chef / Cheffe de projet blockchain,2512,unified_occupation,ROME,OCC_58f6f0c81c5b,,,,,
UOCC_57e30ce280f7,Pintestor / Pintestor,Pentesteur / Pentesteuse,,Expert / Experte en tests d'intrusion - sécurité des systèmes d'information,2529,unified_occupation,ROME,OCC_b0651e781d64,,,,,
UOCC_570f941bd475,Head of information systems (SI),Responsable des systèmes d'information (SI),,Responsable de département informatique | Responsable de division informatique | Directeur / Directrice de département informatique | Directeur / Directrice informatique | Responsable de domaine en informatique | Responsable du réseau informatique | Responsable d'un service informatique | Responsable micro-informatique | Chef / Cheffe de service de maintenance informatique | Directeur / Directrice de service informatique (50 salariés ou plus) | Directeur / Directrice de service informatique | Directeur / Directrice de division informatique | Chef / Cheffe de service informatique | Responsable analyse programmation | Responsable maintenance informatique,2522,unified_occupation,ROME,OCC_48e7a1feb2bb,,,,,
UOCC_77011bd51288,Database architect,Architecte base de données,,Architecte de bases de données | Data architect | Spécialiste bases de données | Concepteur / Conceptrice de bases de données,2521,unified_occupation,ROME,OCC_9e721c3b1a5c,,,,,
UOCC_d8d8bb6b354e,Manager of the computer park,Gestionnaire de parc informatique,,Gestionnaire de ressources matérielles informatiques | Gestionnaire de parc micro-informatique,2522,unified_occupation,ROME,OCC_b847e63cc092,,,,,
UOCC_547401800a55,Director / Project Manager in computer science,Directeur / Directrice de projet en informatique,,Responsable de projet architecture et intégration grands systèmes | Responsable de projet architecture informatique | Directeur / Directrice de laboratoire de recherche informatique,2522,unified_occupation,ROME,OCC_5dccaa0f70e3,,,,,
UOCC_3dad54c812f7,Application manager information system,Gestionnaire d'applications système d'information,,,2522,unified_occupation,ROME,OCC_5575a38586ce,,,,,
UOCC_84b64442da75,Decision-making consultant / Decision-making consultant - Business Intelligence,Consultant décisionnel / Consultante décisionnelle - Business Intelligence,,Consultant / Consultante décisionnel - Business Intelligence,2511,unified_occupation,ROME,OCC_c9809e8b4e1d,,,,,
UOCC_0b3900acae46,Specialist IA on board,Spécialiste IA embarquée,,Ingénieur / Ingénieure IA embarquée,2512,unified_occupation,ROME,OCC_4ccd24ba172d,,,,,
UOCC_017dae8d7a2e,Support specialist,Spécialiste support,,Superviseur / Superviseuse Hotline,3512,unified_occupation,ROME,OCC_129225e67499,,,,,
UOCC_09b42b68080a,Coordinator / Coordinator Control of work Information system (MOA SI),Coordinateur / Coordinatrice Maitrise d'Ouvrage Système d'Information (MOA SI),,Assistant / Assistante maîtrise d'ouvrage des systèmes d'information | Responsable utilisateurs des systèmes d'information | Coordonnateur / Coordonnatrice du système d'information,1330,unified_occupation,ROME,OCC_069c1da7cb17,,,,,
UOCC_f77a9514eec3,Technician / Technician Cloud,Technicien / Technicienne Cloud,,,3514,unified_occupation,ROME,OCC_4cb0c0a25225,,,,,
UOCC_b735f97b409b,Developer / Developer blockchain,Développeur / Développeuse blockchain,,,2512,unified_occupation,ROME,OCC_f98f0e96ecac,,,,,
UOCC_1dae8072961e,Head of IT production,Responsable de la production informatique,,Responsable d'exploitation informatique | Directeur / Directrice des risques informatiques,2522,unified_occupation,ROME,OCC_91c7799dadef,,,,,
UOCC_5281997e3ed1,Engineer / Engineer Cloud computing,Ingénieur / Ingénieure Cloud computing,,,2523,unified_occupation,ROME,OCC_5a5307f6b57c,,,,,
UOCC_9870928e01a7,E-health specialist,Spécialiste e-santé,,Consultant / Consultante e-santé | Chef / Cheffe de projet e-santé | Ingénieur / Ingénieure e-santé,2511,unified_occupation,ROME,OCC_7606d49145d3,,,,,
UOCC_d7db94e212e9,Head/Project Manager Mastery in the operation of information systems (MOA),Chef / Cheffe de projet Maîtrise d'Ouvrage des Systèmes d'Information (MOA),,Chef / Cheffe de projet maîtrise d'ouvrage des systèmes d'information | Coordinateur / Coordinatrice projet en Maîtrise d'Ouvrage (MOA),1330,unified_occupation,ROME,OCC_7139e09be76c,,,,,
UOCC_9ed600249c7f,Computer security architect,Architecte sécurité informatique,,Security architect | Architecte cybersécurité,2522,unified_occupation,ROME,OCC_8d1f9f4c93ee,,,,,
UOCC_db1f3a418f6b,Analyst SOC (Security Operations Center),Analyste SOC (Security Operations Center),,,2522,unified_occupation,ROME,OCC_7342748ca544,,,,,
UOCC_d97db129b36d,Computer Systems Engineers/Architects,"Ingénieur / Ingénieure systèmes, réseaux et sécurité informatique",Information Security Engineers,"Chargé / Chargée de mise en exploitation informatique | Chef / Cheffe d'exploitation informatique | Gestionnaire de production informatique | Gestionnaire de ressources informatiques | Ingénieur / Ingénieure de production informatique | Ingénieur / Ingénieure d'exploitation informatique | Pilote de ressources informatiques | Pilote multiserveur informatique | Architecte de sécurité des systèmes d'information | Ingénieur / Ingénieure systèmes, réseaux et sécurité",3513,unified_occupation,ONET | ROME,OCC_6ccbe5fe0132 | OCC_6e95be486cd6 | OCC_a13c1314c47a,,,,"Develop and oversee the implementation of information security procedures and policies. Build, maintain and upgrade security technology, such as firewalls, for the safe use of computer networks and the transmission and retrieval of information. Design and implement appropriate security controls to identify vulnerabilities and protect digital files and electronic infrastructures. Monitor and respond to computer security breaches, viruses, and intrusions, and perform forensic investigation. May oversee the assessment of information security systems.",source
UOCC_65569152a0e3,Head of telecommunications,Responsable télécoms,,Responsable de département télécoms | Responsable de division télécoms | Chef / Cheffe de projet télécoms | Directeur / Directrice de département télécoms | Directeur / Directrice de projet télécoms | Directeur / Directrice de service télécoms | Directeur / Directrice télécoms | Programmeur / Programmeuse réseaux de télécoms | Responsable de domaine télécoms | Responsable de programmes réseaux de télécoms | Responsable de projet architecture télécoms | Responsable de réseaux télécoms | Responsable d'un service télécoms | Responsable de programmes télécoms | Responsable service télécom,3513,unified_occupation,ROME,OCC_a4044d9bc8b4,,,,,
UOCC_6239ed036a83,Head of web project,Chef / Cheffe de projet Web,,Chef / Cheffe de projet internet | Chef / Cheffe de projet multimédia | Digital project manager | Chef / Cheffe de projet digital | Chef / Cheffe de projet technique digital,3514,unified_occupation,ROME,OCC_8afef792d150,,,,,
UOCC_c13a9c1070f3,Product builder no code,Product builder no code,,Ingénieur / Ingénieure no code,2512,unified_occupation,ROME,OCC_c5a485d17612,,,,,
UOCC_dbbcd9069f5a,Engineer / Engineer in Artificial Intelligence (IA),Ingénieur / Ingénieure en Intelligence Artificielle (IA),,Développeur / Développeuse IA | Développeur / Développeuse Machine Learning | Expert / Experte en Intelligence Artificielle | Ingénieur / Ingénieure machine learning | IA Product Manager | Ingénieur / Ingénieure en apprentissage automatique | Prompt engineer,2512,unified_occupation,ROME,OCC_ec6735d1a243,,,,,
UOCC_e7a449e9728f,Engineer / Computer engineer on board,Ingénieur / Ingénieure en informatique embarquée,,Architecte systèmes embarqués,3522,unified_occupation,ROME,OCC_3b2885fc44e3,,,,,
UOCC_25012b8206f8,Database manager,Gestionnaire de base de données,,Administrateur / Administratrice de bases de données | Database administrator | Administrateur général donnée / Administratrice générale données des | Ingénieur / Ingénieure bases de données | Responsable des bases de données | Responsable de la production de bases de données | Technicien / Technicienne base de données,2521,unified_occupation,ROME,OCC_164e408e096f,,,,,
UOCC_6d24224bf930,Life cycle analyst in telecommunications,Analyste cycle de vie dans les télécoms,,Ingénieur / Ingénieure ACV | Ingénieur / Ingénieure analyste télécoms | LCA Engineer,3522,unified_occupation,ROME,OCC_f0026eafdf53,,,,,
UOCC_0b39aa7fdeaf,Computer and Information Systems Managers,Gestionnaires des systèmes informatiques,Computer and information systems managers | business systems manager | cloud solutions architect manager | computer systems manager | data centre manager | data processing and systems analysis manager | data processing director | director of software engineering | electronic data processing (EDP) manager | enterprise resource planning (ERP) manager | information systems manager | management information system (MIS) manager | software development manager | software engineering manager | systems development manager | technical delivery manager - information technology (IT) | technical program manager - information technology (IT) | application development director - information technology (IT) | cloud architect manager | cloud engineering manager | cloud operations manager | cloud services manager | communication systems design manager | computer and related services manager | computer application development manager | computer applications manager | computer department coordinator | computer development division head | computer facility manager | computer legacy systems manager | computer manager | computer networks manager | computer programs manager | computer software design manager | computer system operations manager | computer systems development manager | computer systems integration manager | computerized information systems manager | computerized technical information manager | cybersecurity manager | data analytics manager | data processing manager | data processing planning manager | director of data science | director of technology management | help desk manager - information technology (IT) | information systems development director | information systems operations director | information technology (IT) development manager | information technology (IT) director | information technology (IT) implementation manager | information technology (IT) Infrastructure engineering manager | information technology (IT) integration manager | information technology (IT) service delivery manager | Internet systems administrator | network design manager | software quality assurance director | systems implementation manager - computer systems | test engineering manager - software,,3513,unified_occupation,NOC | ONET,OCC_77dfa03404a8 | OCC_9716a19e26c0,,,,"Computer and information systems managers plan, organize, direct, control and evaluate the activities of organizations that analyze, design, develop, implement, operate and administer computer and telecommunications software, networks and information systems. They are employed throughout the public and private sectors. Main duties: This group performs some or all of the following duties: Plan, organize, direct, control and evaluate the operations of information systems and electronic data processing (EDP) departments and companies Develop and implement policies and procedures for electronic data processing and computer systems development and operations Meet with clients to discuss system requirements, specifications, costs and timelines Assemble and manage teams of information systems personnel to design, develop, implement, operate and administer computer and telecommunications software, networks and information systems Control the budget and expenditures of the department, company or project Recruit and supervise computer analysts, engineers, programmers, technicians and other personnel and oversee their professional development and training.",source
UOCC_5976a0f8bbd5,Cybersecurity specialists,Spécialistes de la cybersécurité,cybersecurity analyst | informatics security analyst | informatics security consultant | information technology (IT) security specialist | systems security analyst | application security engineer | communicator research operator - Canadian Armed Forces | cyber operator - Canadian Armed Forces | cybersecurity consultant | cybersecurity specialist | information technology (IT) project manager - cybersecurity | information technology (IT) security analyst | Information technology (IT) security architect | information technology (IT) security consultant | Internet security analyst | network security analyst | network security engineer | systems security engineer | systems security planner,,2523,unified_occupation,NOC,OCC_f2a71e8a4b5a,,,,"Cybersecurity specialists develop, plan, recommend, implement, improve and monitor security measures to protect an organization's computer networks, connected devices and information to prevent unauthorized access, use, disclosure, disruption, modification, or destruction of the information or of the systems on which the information resides. They are employed in information technology consulting firms and in information technology units throughout the public and private sectors. Main duties: This group performs some or all of the following duties: Confer with clients to identify and document requirements, assess physical and technical security risks to data, software and hardware Apply encryption protocols, and manage keys to ensure security of data is maintained while at rest and in transit Monitor access and credentials for information and systems Install, test and operate security software and tools such as anti-virus and automated threat detection/prevent systems to ensure security measures are in place and working as intended Monitor for cyber attacks, intrusions and unusual, unauthorised or illegal activity Plan and carry out security measures in response to cybersecurity events and incidents in accordance with an organization's incident response plan to protect information, data and systems Document computer security and emergency measures policies, procedures, and tests.",source
UOCC_3ae5755c825c,Business systems specialists,Spécialistes des systèmes commerciaux,business systems analyst | business systems consultant | business systems specialist - computer systems | information systems business analyst | information technology (IT) business analyst | business analyst - computer systems | business continuity analyst | business data analyst | business intelligence analyst - information technology (IT) | business intelligence specialist | business process analyst | business solutions consultant | computer systems business analyst | enterprise resource planning analyst | functional consultant - information systems | human resource information system analyst | informatics business analyst | information systems implementation consultant | information systems technical analyst | information systems technical specialist | systems business re-engineering analyst | technical business analyst,,2511,unified_occupation,NOC,OCC_e9792b3b8a2b,,,,"Business systems specialists perform detailed system tests, produce reports and develop new system architectures. They must also identify the strategic objectives of a company and translate these objectives into achievable tasks for an organization's information technology department. They are employed in information technology consulting firms and in information technology units throughout the public and private sectors. Main duties: This group performs some or all of the following duties: Confer with clients to identify and document requirements Analyze information systems processes, and propose customized solutions to improve performance and efficiency Design, develop, integrate, test and implement information systems business solutions Provide advice on information systems strategy, policy, management, security and service delivery Act as a liaison between the business units, technology teams and support teams Conduct tests to ensure the reliability, accuracy, and functionality of system changes and enhancements",source
UOCC_36ae69a2da6f,Information systems specialists,Spécialistes en informatique,computer systems analyst | informatics consultant | information systems quality assurance (QA) analyst | information technology (IT) consultant | management information systems (MIS) analyst | systems auditor | systems consultant | applications analyst - computer systems | cloud service management specialist | computer analyst | computer consultant | computer simulations analyst | computer systems development coordinator | data processing consultant | electronic data processing (EDP) auditor | enterprise architect - information technology (IT) | informatics applications analyst | informatics quality assurance (QA) analyst | information systems analyst - computer systems | information systems contingency planner | information technology (IT) analyst | information technology (IT) auditor | information technology (IT) consulting account manager | information technology (IT) engineer | information technology (IT) operations analyst | information technology (IT) project manager | information technology (IT) specialist | management information systems (MIS) consultant | simulations analyst - computer systems | software quality assurance (QA) analyst | software quality assurance (QA) auditor | solutions architect - cloud management and monitoring | solutions architect - information technology (IT) | system integration analyst | system integration consultant | systems analyst | systems quality assurance (QA) analyst | systems specialist - computer systems | technical project manager | technical support engineer,,2511,unified_occupation,NOC,OCC_4060d96748a0,,,,"Information systems specialists analyze, test and assess systems requirements, develop and implement information systems development plans, policies and procedures, and provide advice on a wide range of information systems issues. They are employed in information technology consulting firms and in information technology units throughout the public and private sectors, or they may be self-employed. Main duties: This group performs some or all of the following duties: Design, develop, test, implement and oversee IT systems Collect and analyze data to identify areas for improvement within an organization's IT infrastructure Review existing IT systems and internal processes Develop, implement and apply policies and procedures throughout the software development life cycle to maximize the efficiency, effectiveness and overall quality of software products and information systems, and to ensure that all systems and processes meet organization standards and user requirements Develop quality assurance procedures and tests for the development and improvement of new and existing systems Identify, analyze and document discrepancies and ensure that appropriate adjustments are made Perform preventive maintenance tasks on computer systems.",source
UOCC_edb23e6b2f91,Database analysts and data administrators,Analystes de bases de données et administrateurs/administratrices de données,data administrator | data custodian | data dictionary administrator | data warehouse analyst | database administrator (DBA) | database analyst | database architect | technical architect - database | data analyst - informatics and systems | data management specialist | data processing specialist | data quality analyst | data steward | database designer | database developer | database management supervisor - computer systems | database manager | electronic data processing (EDP) analyst | electronic data processing (EDP) specialist | electronic data processing (EDP) systems analyst | enterprise data architect | information resource analyst | Information technology (IT) data analyst,,2521,unified_occupation,NOC,OCC_3d3f23f196d1,,,,"Database analysts design, develop and administer data management solutions. Data administrators develop and implement data administration policy, standards and models. They are employed in information technology consulting firms and in information technology units throughout the public and private sectors. Main duties: This group performs some or all of the following duties: Database analysts Collect and document user requirements Design and develop database architecture for information systems projects Design, construct, modify, integrate, implement and test data models and database management systems Conduct research and provide advice to other informatics professionals regarding the selection, application and implementation of database management tools Operate database management systems to analyze data and perform data mining analysis May lead, coordinate or supervise other workers in this group. Data administrators Develop and implement data administration policy, standards and models Research and document data requirements, data collection and administration policy, data access rules and security Develop policies and procedures for network and/or Internet database access and usage and for the backup and recovery of data Conduct research and provide advice to other information systems professionals regarding the collection, availability, security and suitability of data Write scripts related to stored procedures and triggers May lead and coordinate teams of data administrators in the development and implementation of data policies, standards and models.",source
UOCC_516e5004996e,Computer systems developers and programmers,Développeurs/développeuses et programmeurs/programmeuses de systèmes informatiques,computer programmer | operating systems programmer | programmer analyst | scientific programmer | systems programmer | detail programmer | electronic data processing (EDP) applications programmer | mainframe systems programmer | satellite scientific telecommunications programmer,,2512,unified_occupation,NOC,OCC_98f63450c5da,,,,"Computer systems developers and programmers write, modify, integrate and test computer code for software applications, data processing applications, operating systems-level software and communications software. They are employed in computer software development firms, information technology consulting firms, and in information technology units throughout the public and private sectors. Main duties: This group performs some or all of the following duties: Write, modify, integrate and test software code Maintain existing computer programs by making modifications as required Identify and communicate technical problems, processes and solutions Prepare reports, manuals and other documentation on the status, operation and maintenance of software Assist in the collection and documentation of user requirements Assist in the development of logical and physical specifications May lead and coordinate teams of computer programmers May research and evaluate a variety of software products",source
UOCC_c14e71e34998,Software engineers and designers,Ingénieurs/ingénieures et concepteurs/conceptrices en logiciel,application architect | computer software engineer | embedded software designer | embedded software engineer | software architect | software design engineer | software design verification engineer | software designer | software testing engineer | telecommunications software engineer | automation engineer - software | backend engineer | cloud administrator | cloud architect | cloud engineer | cloud infrastructure engineer | cloud operations engineer | computer applications engineer | computer systems platform engineer - software | computer telecommunications software specialist | development and operations (DevOps) engineer | lead development and operations (DevOps) engineer | lead software engineer | mobile development lead | simulation software design engineer | site reliability engineer | software and information technology project manager | software design project manager | software design supervisor | software development engineer | software engineer | software engineering lead | software project manager | software quality assurance (QA) engineer | software systems designer | software systems integration engineer | software technical architect | systems applications engineer | systems architect | systems engineer - software | telecommunications software specialist | test automation engineer - software,,2512,unified_occupation,NOC,OCC_7892d9c0b620,,,,"Software engineers and designers research, design, evaluate, integrate and maintain software applications, technical environments, operating systems, embedded software, information warehouses and telecommunications software. They are employed in information technology consulting firms, information technology research and development firms, and information technology units throughout the private and public sectors, or they may be self-employed. Main duties: This group performs some or all of the following duties: Collect and document users' requirements and develop logical and physical specifications Research, evaluate and synthesize technical information to design, develop and test computer-based systems including mobile applications Develop data, process and network models to optimize architecture and to evaluate the performance and reliability of designs Plan, design and coordinate the development, installation, integration and operation of computer-based systems including mobile applications Assess, test, troubleshoot, document, upgrade and develop maintenance procedures for operating systems, communications environments and applications software May lead and coordinate teams of information systems professionals in the development of software and integrated information systems, process control software and other embedded software control systems.",source
UOCC_06f0e880debd,Software developers and programmers,Développeurs/développeuses et programmeurs/programmeuses de logiciels,application programmer | computer game developer | electronic business (e-business) software developer | interactive media developer | multimedia developer | software developer | software programmer | animation programmer | artificial intelligence programmer | cloud developer | computer application programmer | computer game programmer | electronic commerce (e-commerce) software developer | graphical user interface (GUI) designer | graphical user interface (GUI) developer | graphics programmer | interactive media programmer | mobile applications developer | multimedia programmer | software development programmer | software development project manager | special effects programmer | teleprocessing software programmer,,2512,unified_occupation,NOC,OCC_11ba48109f61,,,,"Software developers and programmers design, write, and test code for new systems and software to ensure efficiency. They create the foundations for operative systems and run diagnostic programs to certify effectiveness. They are employed in computer software, computer and video game development firms, information technology consulting firms, and in information technology units throughout the public and private sectors. Main duties: This group performs some or all of the following duties: Design, write, read, test, and correct code for new software Analyze information to recommend and plan the installation of new systems or modifications of an existing system Evaluate simple interrelationships between programs such as whether a contemplated change in one part of a program would cause unwanted results in a related part Program animation software to predefined specifications for interactive video games, Internet and mobile applications Write, modify, integrate and test software code for e-commerce, Internet and mobile applications Develop, implement, modify and maintain gameplay features that integrate effectively into existing software Write documentation for new and updated software.",source
UOCC_181f345f80ed,Web designers,Concepteurs/conceptrices Web,Internet site designer | Intranet site designer | Web designer | interactive media consultant | multimedia consultant | Web site designer,,2513,unified_occupation,NOC,OCC_9111ae8af624,,,,"Web designers develop and create the visual presentation, layout and functionality of websites and related applications. They are responsible for ensuring that the website is easy to use, and that the information is easy to access. Web designers are employed in computer software development firms, information technology consulting firms, information technology units throughout the public and private sectors, advertising agencies or they may be self-employed. Main duties: This group performs some or all of the following duties: Establish design guidelines, standards and optimal design practices Maintain the appearance of websites by applying content standards Designing visual imagery for websites and ensuring that it is consistent with the organization image Integrate features and functionalities into Web sites Create and optimize content for the Web site using a variety of graphics, database, animation and other software Test and improve the design of a Web site May lead and coordinate multidisciplinary teams to develop Web site graphics, content, capacity and interactivity.",source
UOCC_8c8ecd2eca9e,Web developers and programmers,Développeurs/développeuses et programmeurs/programmeuses Web,electronic business (e-business) Web site developer | Internet site developer | Web developer | Web manager | Web programmer | Web site developer | back-end web developer | corporate Webmaster | electronic commerce (e-commerce) Web site developer | front-end web developer | full stack web developer | Intranet site developer | web application developer | Web integrator | Webmaster,,2513,unified_occupation,NOC,OCC_67a5290e6732,,,,"Web developers and programmers use a variety of programming languages to design, create and modify websites. They analyze users' needs to implement content, graphics, performance, and website capacity. They may also integrate websites with other computer applications. They are employed in computer software development firms, information technology consulting firms, information technology units throughout the public and private sectors, advertising agencies or they may be self-employed. Main duties: This group performs some or all of the following duties: Develop, write, modify, integrate and test Web site related code and web application interfaces Conduct tests and analyze data to monitor quality, security, user interface experiences and to identify areas for improvement Develop and implement procedures for ongoing web site revision Monitor and maintain Web site functionality May participate in Web site architecture and design in collaboration with designers or clients May research and evaluate a variety of interactive media software products.",source
UOCC_d219486886bc,Computer engineers (except software engineers and designers),Ingénieurs informaticiens/ingénieures informaticiennes (sauf ingénieurs/ingénieures et concepteurs/conceptrices en logiciel),computer hardware engineer | fibre-optic network designer | hardware circuit board designer | hardware development engineer | hardware technical architect | network test engineer | systems designer - hardware | telecommunications hardware engineer | wireless communications network engineer | application specific integrated circuit (ASIC) design engineer | capacity planning analyst | computer engineer | computer engineer (except software) | computer engineering project manager | computer systems engineer | computer telecommunications specialist | data communications specialist | hardware design engineer | hardware engineer | information technology (IT) solutions engineer | infrastructure architect - information technology (IT) | microprocessor designer and application engineer | microwave systems engineer | microwave transmission systems engineer | network architect - computer systems | network capacity planner | network designer - computer systems | network engineer - communication hardware | network infrastructure engineer | network specialist - computer systems | network support engineer | network systems engineer | optical communications engineer | optical communications hardware engineer | optical systems engineer - telecommunications | radio systems engineer | satellite data transmission engineer | spacecraft electronics engineer - hardware | technical architect - hardware | telecommunications engineer | telecommunications hardware specialist | telecommunications specialist - computer systems | telecommunications systems specialist,,3513,unified_occupation,NOC,OCC_2e1e466b0505,,,,"Computer engineers (except software engineers and designers) research, plan, design, develop, modify, evaluate and integrate computer and telecommunications hardware and related equipment, and information and communication system networks including mainframe systems, local and wide area networks, fibre-optic networks, wireless communication networks, intranets, the Internet and other data communications systems. They are employed by computer and telecommunication hardware manufacturers, by engineering, manufacturing and telecommunications firms, in information technology consulting firms, by governmental, educational and research institutions and in information technology units throughout the private and public sectors. Main duties: This group performs some or all of the following duties: Computer and telecommunications hardware engineers Analyze user requirements, and design and develop system architecture and specifications Research, design, develop and integrate computer and telecommunications hardware such as microprocessors, integrated circuit boards and semiconductor lasers Develop and conduct design verification simulations and prototype bench tests of components Supervise, inspect and provide design support during the manufacturing, installation and implementation of computer and telecommunications hardware Establish and maintain relationships with suppliers and clients May lead and coordinate teams of engineers, technologists, technicians and drafters in the design and development of computer and telecommunications hardware. Network system and data communication engineers Research, design and develop information and communication system network architecture Research, evaluate and integrate network system and data communication hardware and software Assess, document and optimize the capacity and performance of information and communication system networks May lead and coordinate teams of design professionals in the development and integration of information and communication system architecture, hardware and software. Computer engineers may specialize in a number of areas including analog and digital signal processing, fibre optics, integrated circuits, lasers, microprocessors, microwaves and radio astronomy.",source
UOCC_9d9a8c656e83,Computer network and web technicians,Techniciens/techniciennes de réseau informatique et Web,computer network technician | data centre operator | Internet Web site technician | local area network (LAN) administrator | local area network (LAN) technician | network administrator | network support technician | network system administrator | Web technician | computer master console operator | computer network technicians' supervisor | computer operations supervisor | computer tape librarian | digital computer operator | local area network (LAN) manager | local area network (LAN) operator | network analyst | network controller | network operator | network security administrator | network support analyst | server administrator | technical support analyst - network | Web site administrator | Wide area network (WAN) administrator | wide area network (WAN) technician,,3514,unified_occupation,NOC,OCC_794a07006307,,,,"Computer network technicians establish, operate, maintain and coordinate the use of local and wide area networks (LANs and WANs), mainframe networks, hardware, software and related computer equipment. Web technicians set up and maintain internet, extranet and intranet web sites and web server hardware and software, and monitor and optimize network connectivity and performance. They are employed in information technology units throughout the public and private sectors. Computer network technicians who are supervisors are included in this group. Main duties: This group performs some or all of the following duties: Computer and network operators Maintain, troubleshoot, repair and administer local area networks (LANs), wide area networks (WANs), mainframe networks, computer workstations, connections to the Internet and peripheral equipment Evaluate and install computer hardware, networking software, operating system software and software applications Operate master consoles to monitor the performance of computer systems and networks and to coordinate access and use of computer networks Provide problem-solving services to network users Perform routine network start up and close down and maintain control records Perform data backups and disaster recovery operations Conduct tests and perform security and quality controls Perform shell scripting or other basic scripting tasks May supervise other workers in this group. Web technicians Install, maintain, troubleshoot and upgrade Web-server hardware and software Implement network traffic and security monitoring software, and optimize server performance Control and monitor e-mail use, Web navigation, and installed software Respond to requests for help and information from Web site visitors and Web site designers.",source
UOCC_28a3ebba791e,User support technicians,Agents/agentes de soutien aux utilisateurs,call centre agent - technical support | client support representative - systems | computer help desk representative - systems | computer help desk supervisor | hardware installation technician | hardware technical support analyst | help desk technician | software installation technician | software technical support analyst | systems support representative | technical support analyst | technical support supervisor | user support technician | application support analyst | computer technician | deskside support technician | desktop support analyst | help desk analyst - systems | help desk specialist | help desk technical agent | information technology (IT) support analyst | information technology (IT) support technician | personal computer (PC) support analyst | service desk analyst | systems technical support analyst | technical help desk agent | technical support agent | technical support representative - information technology (IT) | technical support specialist - information technology (IT),,3512,unified_occupation,NOC,OCC_0955575601a0,,,,"User support technicians provide first-line technical support to computer users experiencing difficulties with computer hardware and with computer applications and communications software. They are employed by computer hardware manufacturers and retailers, software developers, in call centres and in information technology units throughout the public and private sectors. They are also employed by independent technical support companies or they may be self-employed. Main duties: This group performs some or all of the following duties: Communicate electronically and in person with computer users experiencing difficulties to determine and document problems experienced Consult user guides, technical manuals and other documents to research and implement solutions Reproduce, diagnose and resolve technical problems encountered by users Provide advice and training to users in response to identified difficulties Provide business systems, network and Internet support to users in response to identified difficulties Collect, organize and maintain a problems and solutions log for use by other technical support analysts Participate in the redesign of applications and other software May supervise other technical support workers in this group.",source
UOCC_ad6543a07628,Information systems testing technicians,Évaluateurs/évaluatrices de systèmes informatiques,application tester | application testing technician | software test coordinator | software tester | software testing technician | systems tester | systems testing technician | user acceptance tester | quality assurance analyst - information systems | quality assurance tester - information systems | test coordination analyst | video game tester,,2511,unified_occupation,NOC,OCC_0553eba7a386,,,,"Information systems testing technicians execute test plans to evaluate the performance of software applications and information and telecommunications systems. They are employed in information technology units throughout the private and public sectors. Main duties: This group performs some or all of the following duties: Develop and document software testing plans Install software and hardware and configure operating system software in preparation for testing Execute, analyze and document results of software application, video game and information and telecommunication systems tests Develop and implement software and information system testing policies, procedures and scripts Identify, report, track and propose solutions to product defects.",source
UOCC_f8e4b6b3c84d,Computer Systems Analysts,Analystes des systèmes informatiques,,,2511,unified_occupation,ONET,OCC_2413e8e18b32,,,,"Analyze science, engineering, business, and other data processing problems to develop and implement solutions to complex applications problems, system administration issues, or network concerns. Perform systems management and integration functions, improve existing computer systems, and review computer system capabilities, workflow, and schedule limitations. May analyze or recommend commercially available software.",source
UOCC_21564371870e,Health Informatics Specialists,Spécialistes en informatique de la santé,,,3513,unified_occupation,ONET,OCC_0bc9a981f71a,,,,"Apply knowledge of nursing and informatics to assist in the design, development, and ongoing modification of computerized health care systems. May educate staff and assist in problem solving to promote the implementation of the health care system.",source
UOCC_0ab56111792f,Information Security Analysts,Analyseurs de la sécurité de l'information,,,2522,unified_occupation,ONET,OCC_12f40167dad9,,,,"Plan, implement, upgrade, or monitor security measures for the protection of computer networks and information. Assess system vulnerabilities for security risks and propose and implement risk mitigation strategies. May ensure appropriate security controls are in place that will safeguard digital files and vital electronic infrastructure. May respond to computer security breaches and viruses.",source
UOCC_2b9d8a4c29bc,Computer and Information Research Scientists,Les scientifiques de l'informatique et de l'information,,,2523,unified_occupation,ONET,OCC_049f29b0d016,,,,"Conduct research into fundamental computer and information science as theorists, designers, or inventors. Develop solutions to problems in the field of computer hardware and software.",source
UOCC_1855200a3d37,Computer Network Support Specialists,Spécialistes en réseau informatique,,,3513,unified_occupation,ONET,OCC_6c0ada1a7298,,,,"Analyze, test, troubleshoot, and evaluate existing network systems, such as local area networks (LAN), wide area networks (WAN), cloud networks, servers, and other data communications networks. Perform network maintenance to ensure networks operate correctly with minimal interruption.",source
UOCC_948490cf7b9a,Computer Network Architects,Architectes de réseaux informatiques,,,2523,unified_occupation,ONET,OCC_e7ecbc0aa824,,,,"Design and implement computer and information networks, such as local area networks (LAN), wide area networks (WAN), intranets, extranets, and other data communications networks. Perform network modeling, analysis, and planning, including analysis of capacity needs for network infrastructures. May also design network and computer security measures. May research and recommend network and data communications hardware and software.",source
UOCC_8e7f80de121f,Database Architects,Architectes de base de données,,,2521,unified_occupation,ONET,OCC_1fe13c2221de,,,,"Design strategies for enterprise databases, data warehouse systems, and multidimensional networks. Set standards for database operations, programming, query processes, and security. Model, design, and construct large relational databases or data warehouses. Create and optimize data models for warehouse infrastructure and workflow. Integrate new systems with existing warehouse structure and refine system performance and functionality.",source
UOCC_954255295bef,Data Warehousing Specialists,Spécialistes du stockage de données,,,2521,unified_occupation,ONET,OCC_ba88f6c6fa5a,,,,"Design, model, or implement corporate data warehousing activities. Program and configure warehouses of database information and provide support to warehouse users.",source
UOCC_4332bd186351,Network and Computer Systems Administrators,Administrateurs de réseaux et de systèmes informatiques,,,3513,unified_occupation,ONET,OCC_191dff98f7d7,,,,"Install, configure, and maintain an organization's local area network (LAN), wide area network (WAN), data communications network, operating systems, and physical and virtual servers. Perform system monitoring and verify the integrity and availability of hardware, network, and server resources and systems. Review system and application logs and verify completion of scheduled jobs, including system backups. Analyze network and server resource consumption and control user access. Install and upgrade software and maintain software licenses. May assist in network modeling, analysis, planning, and coordination between network and data communications hardware and software.",source
UOCC_4eb0199b63fe,Computer Programmers,Programmeurs informatiques,,,2514,unified_occupation,ONET,OCC_7e608ebb0a7e,,,,"Create, modify, and test the code and scripts that allow computer applications to run. Work from specifications drawn up by software and web developers or other individuals. May develop and write computer programs to store, locate, and retrieve specific documents, data, and information.",source
UOCC_10e58469c67c,Software Quality Assurance Analysts and Testers,Analyseurs et testeurs de l'assurance de la qualité des logiciels,,,2512,unified_occupation,ONET,OCC_96f60317599c,,,,"Develop and execute software tests to identify software problems and their causes. Test system modifications to prepare for implementation. Document software and application defects using a bug tracking system and report defects to software or web developers. Create and maintain databases of known defects. May participate in software design reviews to provide input on functional requirements, operational characteristics, product designs, and schedules.",source
UOCC_1d2237e5edad,Web and Digital Interface Designers,Des concepteurs d'interfaces Web et numériques,,,2513,unified_occupation,ONET,OCC_d92fb40fa0da,,,,"Design digital user interfaces or websites. Develop and test layouts, interfaces, functionality, and navigation menus to ensure compatibility and usability across browsers or devices. May use web framework applications as well as client-side code and processes. May evaluate web design following web and accessibility standards, and may analyze web use metrics and optimize websites for marketability and search engine ranking. May design and test interfaces that facilitate the human-computer interaction and maximize the usability of digital devices, websites, and software with a focus on aesthetics and design. May create graphics used in websites and manage website content and links.",source
UOCC_98121321cffe,Video Game Designers,Des concepteurs de jeux vidéo,,,2513,unified_occupation,ONET,OCC_21e6a1c289f1,,,,"Design core features of video games. Specify innovative game and role-play mechanics, story lines, and character biographies. Create and maintain design documentation. Guide and collaborate with production staff to produce games as designed.",source
UOCC_4cc8097323d1,"Computer Occupations, All Other",Tous les autres métiers informatiques,,,3511,unified_occupation,ONET,OCC_7f56023e6bef,,,,All computer occupations not listed separately.,source
UOCC_03ddcdf05ca7,Web Administrators,Les administrateurs Web,,,2522,unified_occupation,ONET,OCC_ead95d891a26,,,,"Manage web environment design, deployment, development and maintenance activities. Perform testing and quality assurance of web sites and web applications.",source
UOCC_e6db3a865945,Geographic Information Systems Technologists and Technicians,Technologues et techniciens des systèmes d'information géographique,,,3513,unified_occupation,ONET,OCC_c556e2c365e5,,,,"Assist scientists or related professionals in building, maintaining, modifying, or using geographic information systems (GIS) databases. May also perform some custom application development or provide user support.",source
UOCC_d758661e6802,Document Management Specialists,Spécialistes en gestion des documents,,,2522,unified_occupation,ONET,OCC_f7914e889674,,,,"Implement and administer enterprise-wide document management systems and related procedures that allow organizations to capture, store, retrieve, share, and destroy electronic records and documents.",source
UOCC_4e765e4245fa,Penetration Testers,Testeurs de pénétration,,,2511,unified_occupation,ONET,OCC_e8e7321908de,,,,Evaluate network system security by conducting simulated internal and external cyberattacks using adversary tools and techniques. Attempt to breach and exploit critical systems and gain access to sensitive information to assess system security.,source
UOCC_3e398852a5a2,Digital Forensics Analysts,Des analystes en forensique numérique,,,2523,unified_occupation,ONET,OCC_5a67a9cefa70,,,,"Conduct investigations on computer-based crimes establishing documentary or physical evidence, such as digital media and logs associated with cyber intrusion incidents. Analyze digital evidence and investigate computer security incidents to derive information in support of system and network vulnerability mitigation. Preserve and present computer-related evidence in support of criminal, fraud, counterintelligence, or law enforcement investigations.",source
UOCC_078e902cc152,Blockchain Engineers,Blockchain Ingénieurs,,,2523,unified_occupation,ONET,OCC_f163acbc152f,,,,"Maintain and support distributed and decentralized blockchain-based networks or block-chain applications such as cryptocurrency exchange, payment processing, document sharing, and digital voting. Design and deploy secure block-chain design patterns and solutions over geographically distributed networks using advanced technologies. May assist with infrastructure setup and testing for application transparency and security.",source
UOCC_976b4ebecb42,Business Intelligence Analysts,Business Intelligence Les analystes,,,2511,unified_occupation,ONET,OCC_3a154c616646,,,,Produce financial and market intelligence by querying data repositories and generating periodic reports. Devise methods for identifying data patterns and trends in available information sources.,source
UOCC_cc21d30475b5,Clinical Data Managers,Gestionnaires de données cliniques,,,2511,unified_occupation,ONET,OCC_045e4a1b92fe,,,,"Apply knowledge of health care and database management to analyze clinical data, and to identify and report trends.",source
UOCC_c0732f4be31b,ai engineer,un ingénieur,,,3522,unified_occupation,SCRAPER,OCC_3353388b0422,,,,"An information-technology role (ai engineer); job postings for it commonly require ai, aws, pytorch, python, data science, machine learning, multi-agent systems, source code.",source
UOCC_f598a786697f,android engineer,ingénieur androïde,,,3522,unified_occupation,SCRAPER,OCC_716682c4e8c8,,,,"An information-technology role (android engineer); job postings for it commonly require android, kotlin, java, jetpack compose, privacy policy, android applications, android development, android sdk.",source
UOCC_6e7568a0d1a4,ai/ml researcher,ai/ml chercheur,,,2513,unified_occupation,SCRAPER,OCC_82b2f25837b0,,,,"An information-technology role (ai/ml researcher); job postings for it commonly require reinforcement learning, machine learning, llm, applied, python, java, c++, pytorch.",source
UOCC_cf92d81ec4d0,frontend engineer,ingénieur de front-end,,,3522,unified_occupation,SCRAPER,OCC_f8050b7c9f33,,,,"An information-technology role (frontend engineer); job postings for it commonly require user experience, typescript, san, web development, performance engineering, javascript libraries, applied, llm.",source
UOCC_37ea88aaf167,ios engineer,ingénieur,,,3522,unified_occupation,SCRAPER,OCC_6aaf14b6ff9b,,,,"An information-technology role (ios engineer); job postings for it commonly require ios, privacy policy, observability, privacy, user experience, ios development, strategy, performance testing.",source
UOCC_d07850add6f7,customer success architect,architecte du succès du client,,,2511,unified_occupation,SCRAPER,OCC_505aba760b42,,,,"An information-technology role (customer success architect); job postings for it commonly require software development, continuous integration, continuous deployment, privacy policy, devsecops, git, less, privacy.",source
UOCC_7125a6b592ad,customer success engineer,ingénieur du succès du client,,,3512,unified_occupation,SCRAPER,OCC_d9db376656b8,,,,"An information-technology role (customer success engineer); job postings for it commonly require privacy, security, ai, software, go, systems engineering, privacy policy, devsecops.",source
UOCC_2d8d34b2c0bb,forward deployed engineer,ingénieur déployé en avant,,,3522,unified_occupation,SCRAPER,OCC_284b749b0d99,,,,"An information-technology role (forward deployed engineer); job postings for it commonly require ai, privacy, software, production code, product engineering, foundation, observability, typescript.",source
UOCC_aa13f4f63a49,it automation engineer,l'ingénieur de l'automatisation,,,3513,unified_occupation,SCRAPER,OCC_9b92326c26b7,,,,"An information-technology role (it automation engineer); job postings for it commonly require systems engineering, generative ai, okta, airflow, iam, privacy, jira, technical.",source
UOCC_fe9b04dd20c4,cloud partner solutions architect,cloud architecte de solutions partenaires,,,3512,unified_occupation,SCRAPER,OCC_1be7bf8af937,,,,"An information-technology role (cloud partner solutions architect); job postings for it commonly require reference architectures, source code, aws, databricks, swing, revenue, iam, python.",source
UOCC_f4d947d0dda2,delivery solutions architect,architecte de solutions de livraison,,,2512,unified_occupation,SCRAPER,OCC_c332cf36fd94,,,,"An information-technology role (delivery solutions architect); job postings for it commonly require source code, databricks, commercial, use cases, data systems, python, solutions architecture, systems engineering.",source
UOCC_533c44b61a9d,customer engineer,ingénieur client,,,3512,unified_occupation,SCRAPER,OCC_c1afb3de5b9d,Q5196452,https://www.wikidata.org/wiki/Q5196452,support workers who provide a service to customers,"An information-technology role (customer engineer); job postings for it commonly require ai, cloud infrastructure, revenue, applied, python, javascript, foundation, privacy.",source
UOCC_accf58d81a3a,distributed systems engineer,ingénieur en systèmes distribués,,,3513,unified_occupation,SCRAPER,OCC_f7bda27da371,,,,"An information-technology role (distributed systems engineer); job postings for it commonly require installing software, software development, cloudflare, internet, bloggers, foundation, salt, terraform.",source
UOCC_2a48596f233b,enterprise customer engineer,ingénieur client d'entreprise,,,3512,unified_occupation,SCRAPER,OCC_136257b3349d,,,,"An information-technology role (enterprise customer engineer); job postings for it commonly require installing software, ddos mitigation, cloud infrastructure, edge computing, cloudflare, internet, bloggers, revenue.",source
UOCC_bf9ef12459e3,network reliability engineer,ingénieur en fiabilité du réseau,,,3513,unified_occupation,SCRAPER,OCC_0f8a7c726587,,,,"An information-technology role (network reliability engineer); job postings for it commonly require routing protocols, python, privacy, network operating systems, installing software, core data, network supports, web property.",source
UOCC_1e5235cfec2e,partner solutions architect,architecte de solutions partenaires,,,3512,unified_occupation,SCRAPER,OCC_506c600c6f0d,,,,"An information-technology role (partner solutions architect); job postings for it commonly require privacy, cloud migration, public cloud, cloud foundry, cloud monitoring, data models, datadog, devops.",source
UOCC_c955d0c88629,pre-sales customer engineer,ingénieur client de prévente,,,3512,unified_occupation,SCRAPER,OCC_46d111fa047c,,,,"An information-technology role (pre-sales customer engineer); job postings for it commonly require web application security, installing software, ddos mitigation, cloud infrastructure, edge computing, cloudflare, internet, bloggers.",source
UOCC_9b41f11d1bfb,presales customer engineer,ingénieur client de prévente,,,3512,unified_occupation,SCRAPER,OCC_a065810f5831,,,,"An information-technology role (presales customer engineer); job postings for it commonly require installing software, zero trust, ddos mitigation, cloud infrastructure, internet security, reverse proxy, application development, identity management.",source
UOCC_9c853ca64291,quality engineer,ingénieur de qualité,,,3522,unified_occupation,SCRAPER,OCC_3e8326b62890,,,,"An information-technology role (quality engineer); job postings for it commonly require automated testing, user experience, web applications, artificial intelligence, privacy policy, ios, android, playwright.",source
UOCC_502b19b51478,security engineer,ingénieur en sécurité,IT security engineer,ingénieur en sécurité,3513,unified_occupation,SCRAPER,OCC_86b0dffd8550,Q65952601,https://www.wikidata.org/wiki/Q65952601,specialist who protects computers and networks against security threats,"An information-technology role (security engineer); job postings for it commonly require security, incident response, aws, ai, application security, python, threat modeling, software engineering.",source
UOCC_559f2303d93c,ai research engineer,un ingénieur de recherche,,,3522,unified_occupation,SCRAPER,OCC_95d6d7cbaf1f,,,,"An information-technology role (ai research engineer); job postings for it commonly require data pipelines, foundation, python, c++, pytorch, ai, anomaly detection, incident response.",source
UOCC_c6a7a3b4840c,ai research scientist,ai chercheur scientifique,,,2511,unified_occupation,SCRAPER,OCC_7d1afea0dea2,,,,"An information-technology role (ai research scientist); job postings for it commonly require machine learning, reinforcement learning, pytorch, ai, deep learning, anomaly detection, incident response, simulation environments.",source
UOCC_4d86984563e1,commercial sales engineer,ingénieur des ventes commerciales,,,3513,unified_occupation,SCRAPER,OCC_96ef3565dbd8,,,,"An information-technology role (commercial sales engineer); job postings for it commonly require data models, datadog, observability, devops, privacy, proposition, strategy, technical presentations.",source
UOCC_a573361faba3,enterprise sales engineer,ingénieur des ventes d'entreprise,,,3522,unified_occupation,SCRAPER,OCC_6893ea83766b,,,,"An information-technology role (enterprise sales engineer); job postings for it commonly require data models, datadog, observability, privacy, strategy, public cloud, aws, azure.",source
UOCC_c81133f11911,machine learning systems engineer,Ingénieur des systèmes machine learning,,,3513,unified_occupation,SCRAPER,OCC_bb554dd76242,,,,"An information-technology role (machine learning systems engineer); job postings for it commonly require artificial intelligence, personal information, privacy policy, internet, performance tuning, model deployment, scalability, kubernetes.",source
UOCC_b58e9542e5ed,business engineer,ingénieur d'affaires,,,3522,unified_occupation,SCRAPER,OCC_129f18c28fa0,Q25377062,https://www.wikidata.org/wiki/Q25377062,profession,"An information-technology role (business engineer); job postings for it commonly require software development, rest apis, openid connect, artificial intelligence, personal information, privacy policy, internet, codebases.",source
UOCC_7baf2e3886d7,frontend software engineer,ingénieur logiciel front-end,,,2512,unified_occupation,SCRAPER,OCC_b6328d58eb18,,,,"An information-technology role (frontend software engineer); job postings for it commonly require artificial intelligence, javascript, typescript, http, software development, front end, web frameworks, user experience.",source
UOCC_7d76badb6749,enterprise context architect,architecte de contexte d'entreprise,,,2511,unified_occupation,SCRAPER,OCC_29b48c1fdd23,,,,"An information-technology role (enterprise context architect); job postings for it commonly require privacy and security, retrieval, classification, owasp, genai, ai, stewardship, strategy.",source
UOCC_61bf19671861,infrastructure software engineer,ingénieur en logiciel d'infrastructure,,,3513,unified_occupation,SCRAPER,OCC_4a39e7e17617,,,,"An information-technology role (infrastructure software engineer); job postings for it commonly require user experience, data integrity, software development, operating systems, scalability, interoperability, m, debugging.",source
UOCC_637559b27d4c,platform engineer,ingénieur de plateforme,,,3522,unified_occupation,SCRAPER,OCC_4944bcf3d613,,,,"An information-technology role (platform engineer); job postings for it commonly require kubernetes, aws, terraform, docker, python, ci, cd, api gateway.",source
UOCC_404c916707f2,mobile engineer,ingénieur mobile,,,3522,unified_occupation,SCRAPER,OCC_2b0d42e0df1f,,,,"An information-technology role (mobile engineer); job postings for it commonly require react native, http, android, typescript, ai, app store, google play, expo.",source
UOCC_6b778a53a804,research engineer,IGE,,IGE | ingénieure d'études,3522,unified_occupation,SCRAPER,OCC_37c43503eb66,Q3151026,https://www.wikidata.org/wiki/Q3151026,profession,"An information-technology role (research engineer); job postings for it commonly require python, pytorch, http, pandas, data science, pipelines, model development, numpy.",source
UOCC_25b8e53ad398,founding software engineer,ingénieur logiciel fondateur,,,3513,unified_occupation,SCRAPER,OCC_c36ceadcf302,,,,"An information-technology role (founding software engineer); job postings for it commonly require software, ai, http, postgresql, pg, revenue, llm, observability.",source
UOCC_14425a9c4991,customer solutions engineer,ingénieur en solutions à la clientèle,,,3512,unified_occupation,SCRAPER,OCC_c9c168e70d63,,,,"An information-technology role (customer solutions engineer); job postings for it commonly require connected devices, debugging, codebases, less, software, api, integration, hardware.",source
UOCC_b65496b97def,ml engineer,ingénieur en ml,,,3513,unified_occupation,SCRAPER,OCC_5ef21a00a920,,,,"An information-technology role (ml engineer); job postings for it commonly require machine learning, software engineering, version control, python, software, cloud infrastructure, inference engines, neural networks.",source
UOCC_8432f844f620,electrical engineer,ingénieur électrique,electrical engineers,ingénieur électrique | ingénieur en électricité | ingénieur en génie électrique,3513,unified_occupation,SCRAPER,OCC_83b8b310db30,Q1326886,https://www.wikidata.org/wiki/Q1326886,professional practicioner of electrical engineering,"An information-technology role (electrical engineer); job postings for it commonly require hardware, software, troubleshooting, authorization, electrical design, cloud infrastructure, systems generators, applied.",source
UOCC_cc0740211a0b,partner solutions engineer,ingénieur de solutions partenaires,,,3512,unified_occupation,SCRAPER,OCC_fd8d92a9cc16,,,,"An information-technology role (partner solutions engineer); job postings for it commonly require cybersecurity, enablement, akamai, strategy, integration, client requirements, competitive intelligence, use cases.",source
UOCC_f300ac19c933,online data analyst,analyste de données en ligne,,,2511,unified_occupation,SCRAPER,OCC_bed12481894b,,,,"An information-technology role (online data analyst); job postings for it commonly require machine learning model, broadband, internet, ai, machine learning, go, quality assurance, social.",source
UOCC_5d7006bfeafe,security software engineer,ingénieur en logiciels de sécurité,,,2522,unified_occupation,SCRAPER,OCC_e1832db9c944,,,,"An information-technology role (security software engineer); job postings for it commonly require ai, security, software, strategy, access controls, security engineering, cloud infrastructure, service accounts.",source
UOCC_69284901d65a,security operations engineer,ingénieur des opérations de sécurité,,,3513,unified_occupation,SCRAPER,OCC_c7ae924e4e2e,,,,"An information-technology role (security operations engineer); job postings for it commonly require security operations, threat intelligence, security architecture, work environment, soc, iot, security, security engineering.",source
UOCC_34eefb45dba3,cyber defense analyst,analyste de la cyberdéfense,,,2511,unified_occupation,SCRAPER,OCC_4167f37e1807,,,,"An information-technology role (cyber defense analyst); job postings for it commonly require data analytics, security operations, cyber defense, security threat, cyber threats, incident response, information security, cyber security.",source
UOCC_a9b3dfc356bb,qa engineer,ingénieur,,,3522,unified_occupation,SCRAPER,OCC_10feaa508f6d,,,,"An information-technology role (qa engineer); job postings for it commonly require manual testing, web applications, cypress, software, testing, reliability, automated testing, javascript.",source
UOCC_5c32e0999fc8,technical support specialist,spécialiste du soutien technique,,,3512,unified_occupation,SCRAPER,OCC_45a43435bd14,,,,"An information-technology role (technical support specialist); job postings for it commonly require technical support, chat, user experience, internet, software, hardware, communication, smartsheet.",source
UOCC_2a52cca88af6,customer support engineer,ingénieur du service à la clientèle,,,3513,unified_occupation,SCRAPER,OCC_1de45fc27753,,,,"An information-technology role (customer support engineer); job postings for it commonly require software, runbooks, internet, node, vpn, firewall, macos, linux.",source
UOCC_010010564054,sales engineer,ingénieur des ventes,technical sales engineer | technical account manager | solutions engineer | solutions architect | pre-sales consultant | customer engineer,,3522,unified_occupation,SCRAPER,OCC_18a4f9a64f7f,Q1383502,https://www.wikidata.org/wiki/Q1383502,engineer who deals with sale of technical products that require explanation to companies,"An information-technology role (sales engineer); job postings for it commonly require python, java, data models, datadog, observability, privacy, http, strategy.",source
UOCC_d16825409388,independent software developer,développeur indépendant de logiciels,,,2513,unified_occupation,SCRAPER,OCC_64ba2a6658c7,,,,"An information-technology role (independent software developer); job postings for it commonly require http, wordpress, wix, software, internet, go, apple, testing.",source
UOCC_ce0411d5e780,independent ai engineer,ingénieur indépendant,,,3522,unified_occupation,SCRAPER,OCC_0166aca1d76e,,,,"An information-technology role (independent ai engineer); job postings for it commonly require machine learning, retrieval, ai, demos, reliability, thin, api, technical direction.",source
UOCC_fc79ec5516a3,asic design verification engineer,ingénieur de vérification de conception asique,,,3522,unified_occupation,SCRAPER,OCC_7f2046840595,,,,"An information-technology role (asic design verification engineer); job postings for it commonly require architectures design, object-oriented programming, broadband, internet, firmware, python, authorization, spacecraft.",source
UOCC_90d808d67d2f,sr software engineer,sr ingénieur en logiciel,,,3513,unified_occupation,SCRAPER,OCC_e4ff5b7e9e1a,,,,"An information-technology role (sr software engineer); job postings for it commonly require authorization, software, testing, data stores, docker container, secure gateways, data systems, security architecture.",source
UOCC_3a001fe857a1,design verification engineer,ingénieur de vérification de conception,,,3522,unified_occupation,SCRAPER,OCC_a275cd33063e,,,,"An information-technology role (design verification engineer); job postings for it commonly require architectures design, object-oriented programming, broadband, internet, firmware, python, authorization, spacecraft.",source
UOCC_356c29b847d6,sr it systems administrator,sr l'administrateur des systèmes,,,2522,unified_occupation,SCRAPER,OCC_1f7025aa6d72,,,,"An information-technology role (sr it systems administrator); job postings for it commonly require linux, authentication, authorization, spacex, software, automation, restful apis, data transformation.",source
UOCC_bdbcd5b47ce7,ai product engineer,un ingénieur de produits,,,3512,unified_occupation,SCRAPER,OCC_3f0481d87107,,,,"An information-technology role (ai product engineer); job postings for it commonly require private cloud, incident response, software engineering, work environment, clickhouse, observability, window, typescript.",source
