entity_id,entity_kind,unified_id,label_en,qid,relation,wikidata_url,wd_label,wd_description,wd_aliases_en,wd_aliases_fr,instance_of,match_method,confidence
USKL_3935d8d5c92a,skill,USKL_3935d8d5c92a,business analytics,Q5001829,skos:exactMatch,https://www.wikidata.org/wiki/Q5001829,business analytics,developing new insights and understanding of business performance based on data and statistical methods,BA,analytique d'affaires,,exact,high
USKL_aafaa70e7b52,skill,USKL_aafaa70e7b52,Joomla,Q13167,skos:exactMatch,https://www.wikidata.org/wiki/Q13167,Joomla,web-based Content Management System (CMS),Joomla!,joomla,,exact,high
USKL_dd964ca18d6c,skill,USKL_dd964ca18d6c,electronics,Q11650,skos:exactMatch,https://www.wikidata.org/wiki/Q11650,electronics,"physics, engineering, technology and applications that deal with the emission, flow and control of electrons in vacuum and matter",,,,exact,high
USKL_55837d589fa9,skill,USKL_55837d589fa9,telecommunications engineering,Q1061219,skos:exactMatch,https://www.wikidata.org/wiki/Q1061219,telecommunications engineering,"subfield of electrical engineering that deals with the recording, transmission, processing and storage of communication",telephone engineering | telecommunication engineering | communications engineering | communication engineering,,,exact,high
USKL_ba929b0ce4dc,skill,USKL_ba929b0ce4dc,mechatronics,Q180165,skos:exactMatch,https://www.wikidata.org/wiki/Q180165,mechatronics,combination of electronics and mechanics,mechatronics engineering | mechatronic engineering,mecatronique,,exact,high
USKL_22d267e5a02a,skill,USKL_22d267e5a02a,Wireshark,Q403539,skos:exactMatch,https://www.wikidata.org/wiki/Q403539,Wireshark,network traffic analyzer,,Ethereal,,exact,high
USKL_ed6d17b5959e,skill,USKL_ed6d17b5959e,Python,Q28865,skos:exactMatch,https://www.wikidata.org/wiki/Q28865,Python,general-purpose programming language,Python.org | Python Programming Language | Python programming language | Python language | Python computer language | Python (software) | Python (scripting language) | Python (programming) | Python (Programming Language) | Python (language) | Python (lang) | Python (computing) | Python (computer language),langage de programmation Python | langage Python,,exact+csv_seed,high
USKL_e5f7e4078b1f,skill,USKL_e5f7e4078b1f,database,Q132198157,skos:exactMatch,https://www.wikidata.org/wiki/Q132198157,database,"creative work by Adriana de Souza e Silva, Fabian Winkler",,,,exact,high
USKL_3331ff4490ba,skill,USKL_3331ff4490ba,Oracle Warehouse Builder,Q3354986,skos:exactMatch,https://www.wikidata.org/wiki/Q3354986,Oracle Warehouse Builder,,,,,exact,high
USKL_9727fdad2f9d,skill,USKL_9727fdad2f9d,Chef,Q24479,skos:exactMatch,https://www.wikidata.org/wiki/Q24479,Chef,configuration management tool,Progress Chef | Chef software,,,exact,high
USKL_60cd6bee3526,skill,USKL_60cd6bee3526,information extraction,Q1662562,skos:exactMatch,https://www.wikidata.org/wiki/Q1662562,information extraction,"automatically extracting structured information from un- or semi-structured machine-readable documents, such as human language texts",IE,,,exact,high
USKL_08befd8aa54c,skill,USKL_08befd8aa54c,cyber security,Q3510521,skos:closeMatch,https://www.wikidata.org/wiki/Q3510521,computer security,"protection of computer systems and networks from theft, damage, misuse or data leak",computer security industry | information technology security | cyber security | IT security | cybersecurity,sécurité informatique | sécurité du système d’information,,alias,medium
USKL_d8d49bff75e8,skill,USKL_d8d49bff75e8,Pascal,Q87280768,skos:exactMatch,https://www.wikidata.org/wiki/Q87280768,Pascal,episode of In Our Time,,,,exact,high
USKL_a9581386c02e,skill,USKL_a9581386c02e,Puppet,Q2095962,skos:exactMatch,https://www.wikidata.org/wiki/Q2095962,Puppet,open source configuration management software,Reductive Labs | Puppet Labs,,,exact,high
USKL_4f7e565d9edf,skill,USKL_4f7e565d9edf,social network analysis,Q7551269,skos:exactMatch,https://www.wikidata.org/wiki/Q7551269,social network analysis,analysis of social structures using network and graph theory,,,,exact,high
USKL_0f5e05abaa53,skill,USKL_0f5e05abaa53,IBM InfoSphere DataStage,Q5968866,skos:exactMatch,https://www.wikidata.org/wiki/Q5968866,IBM InfoSphere DataStage,ETL tool,datastage,,,exact,high
USKL_fb21cd60fdd4,skill,USKL_fb21cd60fdd4,Vagrant,Q7725312,skos:closeMatch,https://www.wikidata.org/wiki/Q7725312,HashiCorp Vagrant,software for portable virtual development environments,Vagrant,Vagrant,,alias,medium
USKL_450126b167f3,skill,USKL_450126b167f3,Ansible,Q2852503,skos:exactMatch,https://www.wikidata.org/wiki/Q2852503,Ansible,open-source software platform for remote configuring and managing computers,ansible software | ansible,,,exact,high
USKL_0def91adf6c8,skill,USKL_0def91adf6c8,Microsoft Visual C++,Q847296,skos:exactMatch,https://www.wikidata.org/wiki/Q847296,Visual C++,compiler (and formerly a standalone IDE) by Microsoft,Visual C++ .NET | MSVC | Microsoft Visual C++ | Microsoft VC | VC,Microsoft Visual C++ | MSVC | Visual C Plus Plus,,exact+csv_seed,high
USKL_d73535f50e8e,skill,USKL_d73535f50e8e,SPARK,Q3493345,skos:exactMatch,https://www.wikidata.org/wiki/Q3493345,SPARK,programming language,SPADE Ada Kernel | Spark,,,exact,high
USKL_7e5374753278,skill,USKL_7e5374753278,Swift,Q17118377,skos:exactMatch,https://www.wikidata.org/wiki/Q17118377,Swift,"general-purpose, multi-paradigm, compiled programming language",Swiftlang | Swift.org | Swift programming language | Swift language | Swift (Apple programming language) | Apple Swift,,,exact+csv_seed,high
USKL_5fd2bcf26299,skill,USKL_5fd2bcf26299,Scala,Q460584,skos:exactMatch,https://www.wikidata.org/wiki/Q460584,Scala,general-purpose programming language,Scala programming language,,,exact+csv_seed,high
USKL_c71731dc59d7,skill,USKL_c71731dc59d7,Parrot Security OS,Q19768087,skos:closeMatch,https://www.wikidata.org/wiki/Q19768087,Parrot OS,Linux distribution,Parrot Linux | Parrot Security OS,,,alias,medium
USKL_d109730089ff,skill,USKL_d109730089ff,Angular,Q28925578,skos:exactMatch,https://www.wikidata.org/wiki/Q28925578,Angular,web application framework,Angular 2+,,,exact+csv_seed,high
USKL_6b9d7c433810,skill,USKL_6b9d7c433810,C#,Q110857100,skos:exactMatch,https://www.wikidata.org/wiki/Q110857100,C#,Discord server focused on C#,,,,exact,high
USKL_688e11c601f9,skill,USKL_688e11c601f9,R,Q206904,skos:exactMatch,https://www.wikidata.org/wiki/Q206904,R,programming language for statistical analysis,R programming language | R language | GNU S | GNU R,GNU R | GNU S | langage R,,exact+csv_seed,high
USKL_abc7409fe51f,skill,USKL_abc7409fe51f,Java,Q251,skos:exactMatch,https://www.wikidata.org/wiki/Q251,Java,object-oriented programming language,java programming language,,,exact+csv_seed,high
USKL_adfe96a6d21a,skill,USKL_adfe96a6d21a,data protection,Q456632,skos:closeMatch,https://www.wikidata.org/wiki/Q456632,information privacy,"appropriate collection, use and dissemination of personal data in products and services, as well as their protection and related legal and political issues",protection of personal data | personal data protection | data privacy | data protection,vie privée et informatique | confidentialité des données personnelles | protection des données personnelles,,alias,medium
USKL_5c2dd08dc9c7,skill,USKL_5c2dd08dc9c7,image recognition,Q28038508,skos:exactMatch,https://www.wikidata.org/wiki/Q28038508,image recognition,image identification made by artificial intelligence,,,,exact,high
USKL_ec5ebd5c22df,skill,USKL_ec5ebd5c22df,MATLAB,Q169478,skos:exactMatch,https://www.wikidata.org/wiki/Q169478,MATLAB,numerical computing environment,Matrix Laboratory | Matlab,,,exact+csv_seed,high
USKL_c49f3e245d08,skill,USKL_c49f3e245d08,Oracle Data Integrator,Q18154822,skos:exactMatch,https://www.wikidata.org/wiki/Q18154822,Oracle Data Integrator,software used in data transformation,ODI,ODI,,exact,high
USKL_fdf7b9cb2819,skill,USKL_fdf7b9cb2819,WordPress,Q2001888,skos:closeMatch,https://www.wikidata.org/wiki/Q2001888,WordPress.com,Website builder,wp.com | WordPress,,,alias,medium
USKL_4f8e7d8aaf5b,skill,USKL_4f8e7d8aaf5b,OmniPage,Q3227436,skos:exactMatch,https://www.wikidata.org/wiki/Q3227436,OmniPage,OCR software,Tungsten OmniPage | OmniPage Pro,,,exact,high
USKL_35a6b42460fe,skill,USKL_35a6b42460fe,SQL Server,Q215819,skos:closeMatch,https://www.wikidata.org/wiki/Q215819,Microsoft SQL Server,family of database software by Microsoft,Windows SQL | SQL Server | MSSQL | MS-SQL Server | MS-SQL | MS SQLServer | MS SQL-Server | MS SQL Server | MS SQL,MS SQL | MsSQL | SQL Server | SQL Server 2000 | Sqlserver | SSRS,,alias,medium
USKL_9d9ef45ad4f9,skill,USKL_9d9ef45ad4f9,Solidity,Q24909565,skos:exactMatch,https://www.wikidata.org/wiki/Q24909565,Solidity,object-oriented programming language for writing smart contracts.,,,,exact+csv_seed,high
USKL_9ed38d324f1f,skill,USKL_9ed38d324f1f,Eclipse,Q5332995,skos:exactMatch,https://www.wikidata.org/wiki/Q5332995,Eclipse,suite of software applications,ECSS Compliant Toolset for Information and Projects Support of Enterprises in Space,,,exact,high
USKL_496b654bff86,skill,USKL_496b654bff86,Xcode,Q250328,skos:exactMatch,https://www.wikidata.org/wiki/Q250328,Xcode,"IDE containing tools for developing for iOS, iPadOS, macOS, watchOS, tvOS, and visionOS",,,,exact+csv_seed,high
USKL_ea958e3f8ddb,skill,USKL_ea958e3f8ddb,CSS,Q27826469,skos:exactMatch,https://www.wikidata.org/wiki/Q27826469,Cascading Style Sheets Level 3,file format,.css | CSS,.css | format CSS 3,,exact+csv_seed,high
USKL_8e2bdb5f7ced,skill,USKL_8e2bdb5f7ced,Teradata Database,Q65746013,skos:exactMatch,https://www.wikidata.org/wiki/Q65746013,Teradata Database,,,,,exact,high
USKL_d2739385cb7e,skill,USKL_d2739385cb7e,Nessus,Q1070329,skos:exactMatch,https://www.wikidata.org/wiki/Q1070329,Nessus,free network vulnerability scanning tool,,,,exact,high
USKL_a0a48ed87982,skill,USKL_a0a48ed87982,PostgreSQL,Q192490,skos:exactMatch,https://www.wikidata.org/wiki/Q192490,PostgreSQL,free and open-source relational database management system,,,,exact,high
USKL_f29d26fe8542,skill,USKL_f29d26fe8542,DB2,Q431195,skos:closeMatch,https://www.wikidata.org/wiki/Q431195,IBM Db2,relational model database server,DB2 | Db2,,,alias,medium
USKL_57052e59dc8c,skill,USKL_57052e59dc8c,Objective-C,Q188531,skos:exactMatch,https://www.wikidata.org/wiki/Q188531,Objective-C,"general-purpose, high-level, object-oriented programming language",Objective-C programming language | Objective-C (programming language) | Objective C programming language | Objc | Obj-C programming language,Objc,,exact+csv_seed,high
USKL_92301e58d36e,skill,USKL_92301e58d36e,computer forensics,Q878553,skos:exactMatch,https://www.wikidata.org/wiki/Q878553,computer forensics,branch of digital forensic science,computer forensic science,Criminalistique informatique | Expertise technico-légale d'ordinateurs individuels | Expertise technico-légale de PCs | Inforensique | Informatique legale | Informatique légiste | Investigation informatique | Investigation informatique légale | Investigation numérique | Technico-legale | Technicolégale,,exact,high
USKL_a5dbd0ae2462,skill,USKL_a5dbd0ae2462,PHP,Q59,skos:exactMatch,https://www.wikidata.org/wiki/Q59,PHP,scripting language focused on web development,PHP programming language | PHP Hypertext Preprocessor,,,exact+csv_seed,high
USKL_ff4ad01c3bd0,skill,USKL_ff4ad01c3bd0,TypeScript,Q978185,skos:exactMatch,https://www.wikidata.org/wiki/Q978185,TypeScript,"programming language, superset of JavaScript that compiles to JavaScript",.ts | TS,TS | .ts,,exact+csv_seed,high
USKL_f7bc1a65854e,skill,USKL_f7bc1a65854e,Metasploit,Q1147445,skos:exactMatch,https://www.wikidata.org/wiki/Q1147445,Metasploit,computer security testing tool,Metasploit Project | Metasploit Framework,,,exact,high
USKL_5a744b7dd30d,skill,USKL_5a744b7dd30d,cybernetics,Q123637,skos:exactMatch,https://www.wikidata.org/wiki/Q123637,cybernetics,theory of communication and control based on regulatory feedback,,,,exact,high
USKL_f86a787aed78,skill,USKL_f86a787aed78,LESS,Q1107192,skos:exactMatch,https://www.wikidata.org/wiki/Q1107192,LESS,dynamic stylesheet language,,,,exact+csv_seed,high
USKL_b215fd27c9ef,skill,USKL_b215fd27c9ef,ASP.NET,Q178817,skos:exactMatch,https://www.wikidata.org/wiki/Q178817,ASP.NET,server-side web application framework,,.asp | .aspx | Aspx,,exact+csv_seed,high
USKL_a2b0659f5384,skill,USKL_a2b0659f5384,Cloud Technologies,Q140136708,skos:closeMatch,https://www.wikidata.org/wiki/Q140136708,Cloud Technologies S.A.,Polish technology company specializing in data and digital advertising,cloudtechnologies.pl | Cloud Technologies SA | Cloud Technologies | CT,,,alias,medium
USKL_43fa93dd5462,skill,USKL_43fa93dd5462,Hadoop,Q29120,skos:closeMatch,https://www.wikidata.org/wiki/Q29120,Apache Hadoop,distributed data processing framework,Hadoop,Apache Hadoop,,alias,medium
USKL_a737e3fdeca0,skill,USKL_a737e3fdeca0,decision support systems,Q330268,skos:closeMatch,https://www.wikidata.org/wiki/Q330268,decision support system,system that supports business or organizational decision-making processes,decision-support system | decision support systems | decision support | Decision Support Systems | DSS,business intelligence | decision Support System | informatique decisionnelle | système décisionnel | système informatique d'aide à la décision | systèmes décisionnels,,alias,medium
USKL_133201efb7ca,skill,USKL_133201efb7ca,Kali Linux,Q8364850,skos:exactMatch,https://www.wikidata.org/wiki/Q8364850,Kali Linux,Debian-derived Linux distribution,Kali Linux OS | Kali | Kernel Auditing LInux,,,exact,high
USKL_b16630fa1c0d,skill,USKL_b16630fa1c0d,HTML,Q8811,skos:exactMatch,https://www.wikidata.org/wiki/Q8811,HTML,family of markup languages for displaying content in a web browser,,,,exact+csv_seed,high
USKL_a595ee0ed70d,skill,USKL_a595ee0ed70d,Fortran,Q83303,skos:exactMatch,https://www.wikidata.org/wiki/Q83303,Fortran,general-purpose programming language,,,,exact+csv_seed,high
USKL_00c26f29f272,skill,USKL_00c26f29f272,Bash,Q189248,skos:exactMatch,https://www.wikidata.org/wiki/Q189248,GNU Bash,GNU Project implementation of the standard Unix shell,Bourne-Again shell | Bourne Again shell | Bash shell | Bash (Unix shell) | Bash (programming language) | Bash | BASH | shell,Bash | Bourne-Again shell,,exact+csv_seed,high
USKL_85a5abe424ef,skill,USKL_85a5abe424ef,Apache Hadoop,Q29120,skos:exactMatch,https://www.wikidata.org/wiki/Q29120,Apache Hadoop,distributed data processing framework,Hadoop,Apache Hadoop,,exact,high
USKL_fab607ccbaf9,skill,USKL_fab607ccbaf9,Apache HTTP Server,Q11354,skos:exactMatch,https://www.wikidata.org/wiki/Q11354,Apache HTTP Server,open-source web server software,httpd | Apache webserver | Apache web server | Apache,httpd | Apache httpd,,exact,high
USKL_b8c9dab797d1,skill,USKL_b8c9dab797d1,macOS,Q14116,skos:exactMatch,https://www.wikidata.org/wiki/Q14116,macOS,operating system for Apple computers,Modern Mac OS | Macintosh Operating System X | Mac OS | Mac OS 10 | OSX,,,exact,high
USKL_6822d99b2c7f,skill,USKL_6822d99b2c7f,Backbone.js,Q3736988,skos:exactMatch,https://www.wikidata.org/wiki/Q3736988,Backbone.js,JavaScript library,,,,exact,high
USKL_d26d451225be,skill,USKL_d26d451225be,Eclipse IDE,Q82268,skos:closeMatch,https://www.wikidata.org/wiki/Q82268,Q82268,software development environment,Visual Age for Java | Eclipse IDE,Communauté Open Source Eclipse,,alias,medium
USKL_cc6c0e0ce9d5,skill,USKL_cc6c0e0ce9d5,Google Analytics,Q220577,skos:exactMatch,https://www.wikidata.org/wiki/Q220577,Google Analytics,web analytics service offered by Google,Universal Analytics | Google Analytics 4 | GA4 | UA,,,exact,high
USKL_97eefbe93ae6,skill,USKL_97eefbe93ae6,Linux,Q14579,skos:closeMatch,https://www.wikidata.org/wiki/Q14579,Linux kernel,"Unix-like operating system kernel, basis for all Linux operating systems",linux | Linux,Linux,,alias,medium
USKL_bf10b1111320,skill,USKL_bf10b1111320,Microsoft SQL Server,Q215819,skos:exactMatch,https://www.wikidata.org/wiki/Q215819,Microsoft SQL Server,family of database software by Microsoft,Windows SQL | SQL Server | MSSQL | MS-SQL Server | MS-SQL | MS SQLServer | MS SQL-Server | MS SQL Server | MS SQL,MS SQL | MsSQL | SQL Server | SQL Server 2000 | Sqlserver | SSRS,,exact,high
USKL_848d6859e97d,skill,USKL_848d6859e97d,Microsoft Windows Server,Q11219,skos:closeMatch,https://www.wikidata.org/wiki/Q11219,Q11219,brand name for a group of server operating systems by Microsoft,Microsoft Windows Server,,,alias,medium
USKL_af742ff4a462,skill,USKL_af742ff4a462,MongoDB,Q1165204,skos:exactMatch,https://www.wikidata.org/wiki/Q1165204,MongoDB,cross-platform document-oriented database management system,,Mongo,,exact+csv_seed,high
USKL_7b28d8af6121,skill,USKL_7b28d8af6121,Node.js,Q756100,skos:exactMatch,https://www.wikidata.org/wiki/Q756100,Node.js,JavaScript runtime environment,NodeJS | Node,Node | Node js | Nodejs,,exact+csv_seed,high
USKL_f2acd243ebe7,skill,USKL_f2acd243ebe7,Oracle Database,Q185524,skos:exactMatch,https://www.wikidata.org/wiki/Q185524,Oracle Database,proprietary database management system,Oracle RDBMS | Oracle DBMS | Oracle,Oracle,,exact,high
USKL_3bf36318f640,skill,USKL_3bf36318f640,Oracle E-Business Suite,Q2426725,skos:exactMatch,https://www.wikidata.org/wiki/Q2426725,Oracle E-Business Suite,"collection of enterprise resource planning (ERP), customer relationship management (CRM), and supply-chain management (SCM) computer applications either developed or acquired by Oracle",Oracle EBS | EBS,,,exact,high
USKL_f749ab962f2c,skill,USKL_f749ab962f2c,Oracle Hyperion,Q1431991,skos:closeMatch,https://www.wikidata.org/wiki/Q1431991,Hyperion Solutions Corporation,company,Oracle Hyperion | Hyperion Solutions,Arbor Software | Hyperion Solutions Corporation,,alias,medium
USKL_a20864eebe9f,skill,USKL_a20864eebe9f,Oracle PeopleSoft,Q1928814,skos:closeMatch,https://www.wikidata.org/wiki/Q1928814,PeopleSoft,Oracle on-premises suite of enterprise applications software,PSFT | Oracle PeopleSoft,,,alias,medium
USKL_be249c47fdd2,skill,USKL_be249c47fdd2,PL/SQL,Q41574,skos:exactMatch,https://www.wikidata.org/wiki/Q41574,PL/SQL,"One of the technologies in Oracle Database, a programming language that combines SQL syntax",Procedural Language/Structured Query Language | PL-SQL | PL SQL,PL-SQL,,exact+csv_seed,high
USKL_745bd3d27837,skill,USKL_745bd3d27837,Oracle Solaris,Q14646,skos:closeMatch,https://www.wikidata.org/wiki/Q14646,Solaris,Unix operating system originally developed by Sun Microsystems,Sun Solaris | Solaris OS | Solaris Operating System | Oracle Solaris,Oracle Solaris | Solaris OS | Sun Solaris,,alias,medium
USKL_85b54c8aa7d6,skill,USKL_85b54c8aa7d6,Oracle WebLogic Server,Q83589,skos:exactMatch,https://www.wikidata.org/wiki/Q83589,Oracle WebLogic Server,Java application server,,BEA WebLogic | Weblogic,,exact,high
USKL_d5fba0ab5f5d,skill,USKL_d5fba0ab5f5d,Samba,Q1830735,skos:exactMatch,https://www.wikidata.org/wiki/Q1830735,Samba,free software re-implementation of the SMB networking protocol,,,,exact,high
USKL_6e34f8faa349,skill,USKL_6e34f8faa349,Spring Framework,Q720314,skos:exactMatch,https://www.wikidata.org/wiki/Q720314,Spring Framework,application framework for Java platform,springframework | ApplicationContext | ac | Spring,Spring,,exact,high
USKL_7531d8057cdf,skill,USKL_7531d8057cdf,UNIX,Q105994387,skos:closeMatch,https://www.wikidata.org/wiki/Q105994387,AT&T UNIX,The original commercial Unix operating system by AT&T,UNIX,,,alias,medium
USKL_3115d62a26cc,skill,USKL_3115d62a26cc,Veritas NetBackup,Q2063698,skos:closeMatch,https://www.wikidata.org/wiki/Q2063698,NetBackup,enterprise level backup and recovery suite,Veritas NetBackup | Symantec NetBackup,,,alias,medium
USKL_82365271a773,skill,USKL_82365271a773,Adobe ColdFusion,Q468446,skos:exactMatch,https://www.wikidata.org/wiki/Q468446,Adobe ColdFusion,rapid web app development platform,Macromedia ColdFusion | ColdFusion | Cold Fusion,.cfm | Aspect Software | ColdFusion Markup Language,,exact,high
USKL_8ce010afc780,skill,USKL_8ce010afc780,Adobe Dreamweaver,Q192324,skos:exactMatch,https://www.wikidata.org/wiki/Q192324,Adobe Dreamweaver,proprietary web development application,Macromedia Dreamweaver | Dreamweaver | DW,Dreamweaver | Macromedia Dreamweaver,,exact,high
USKL_6276198c8ecf,skill,USKL_6276198c8ecf,Amazon Redshift,Q17012109,skos:exactMatch,https://www.wikidata.org/wiki/Q17012109,Amazon Redshift,cloud-based service,,,,exact,high
USKL_758fd9a48efa,skill,USKL_758fd9a48efa,Apache Hive,Q4778914,skos:exactMatch,https://www.wikidata.org/wiki/Q4778914,Apache Hive,database engine,Hive,,,exact,high
USKL_877c1fb2747a,skill,USKL_877c1fb2747a,Apache Kafka,Q16235208,skos:exactMatch,https://www.wikidata.org/wiki/Q16235208,Apache Kafka,open source data stream processing platform,Kafka,,,exact,high
USKL_457814fa0c07,skill,USKL_457814fa0c07,Apache Spark,Q7573619,skos:exactMatch,https://www.wikidata.org/wiki/Q7573619,Apache Spark,open-source data analytics cluster computing framework,Spark,,,exact,high
USKL_6d9dca5ee86b,skill,USKL_6d9dca5ee86b,Apache Struts,Q900957,skos:exactMatch,https://www.wikidata.org/wiki/Q900957,Apache Struts,open-source web application framework,Jakarta Struts | WebWork | Struts,Struts | Struts framework,,exact,high
USKL_2818ab675ac2,skill,USKL_2818ab675ac2,Django,Q842014,skos:exactMatch,https://www.wikidata.org/wiki/Q842014,Django,Python web framework,Django Project,,,exact+csv_seed,high
USKL_90a3e73c4e36,skill,USKL_90a3e73c4e36,Elasticsearch,Q3050461,skos:exactMatch,https://www.wikidata.org/wiki/Q3050461,Elasticsearch,"distributed, scalable, and highly available real-time search platform with a RESTful API",es,,,exact,high
USKL_9598440044a2,skill,USKL_9598440044a2,Go,Q37227,skos:exactMatch,https://www.wikidata.org/wiki/Q37227,Go,programming language developed by Google and the open-source community,Go programming language,,,exact+csv_seed,high
USKL_c12ce6f709f6,skill,USKL_c12ce6f709f6,Jupyter Notebook,Q105099901,skos:exactMatch,https://www.wikidata.org/wiki/Q105099901,Jupyter Notebook,web-based interactive computational environment for creating Jupyter notebook documents,Jupyter Notebooks | IPython Notebook,IPython Notebook,,exact+csv_seed,high
USKL_b5432b43962d,skill,USKL_b5432b43962d,ASP.NET Core MVC,Q24833297,skos:exactMatch,https://www.wikidata.org/wiki/Q24833297,ASP.NET Core MVC,web application framework,,,,exact,high
USKL_be1e38ccc9be,skill,USKL_be1e38ccc9be,Microsoft Power BI,Q23542287,skos:exactMatch,https://www.wikidata.org/wiki/Q23542287,Microsoft Power BI,business analytics service by Microsoft,PowerBI | Power BI,,,exact,high
USKL_e734029990ca,skill,USKL_e734029990ca,Microsoft Windows,Q1406,skos:exactMatch,https://www.wikidata.org/wiki/Q1406,Microsoft Windows,family of computer operating systems developed by Microsoft,MSFT Win,MS Win | Windows PC,,exact,high
USKL_e71444f4108e,skill,USKL_e71444f4108e,Oracle Application Server,Q2027912,skos:exactMatch,https://www.wikidata.org/wiki/Q2027912,Oracle Application Server,"integrated, standards-based software platform",,,,exact,high
USKL_c956a2e1b3b2,skill,USKL_c956a2e1b3b2,Oracle SQL Developer,Q931351,skos:exactMatch,https://www.wikidata.org/wiki/Q931351,Oracle SQL Developer,free SQL IDE from Oracle Corporation,sqldeveloper,,,exact,high
USKL_167ddc72e5d5,skill,USKL_167ddc72e5d5,Oracle Taleo,Q7679213,skos:closeMatch,https://www.wikidata.org/wiki/Q7679213,Taleo,"Oracle talent acquisition software suite for sourcing, recruiting, and onboarding",Oracle Taleo,,,alias,medium
USKL_14f0dfa1ed9e,skill,USKL_14f0dfa1ed9e,React,Q19399674,skos:exactMatch,https://www.wikidata.org/wiki/Q19399674,React,JavaScript library for building user interfaces,ReactJS | reactjs | React.js | React JavaScript library,React.js | ReactJS,,exact+csv_seed,high
USKL_d33a0364fa97,skill,USKL_d33a0364fa97,Selenium,Q752522,skos:exactMatch,https://www.wikidata.org/wiki/Q752522,Selenium,testing framework for web applications,,,,exact,high
USKL_22e49ffc0bb6,skill,USKL_22e49ffc0bb6,Slack,Q17130715,skos:exactMatch,https://www.wikidata.org/wiki/Q17130715,Slack,web-based instant messaging service,Slack HQ | chatlyio | chatly.io,,,exact,high
USKL_d85c6f4d1360,skill,USKL_d85c6f4d1360,Snort,Q1332255,skos:exactMatch,https://www.wikidata.org/wiki/Q1332255,Snort,free software intrusion prevention system,,,,exact,high
USKL_ebab5d096862,skill,USKL_ebab5d096862,Spring Boot,Q98731994,skos:exactMatch,https://www.wikidata.org/wiki/Q98731994,Spring Boot,Java framework to create enterprise grade applications,,,,exact,high
USKL_0eae9fd893a7,skill,USKL_0eae9fd893a7,Transact-SQL,Q1411245,skos:exactMatch,https://www.wikidata.org/wiki/Q1411245,Transact-SQL,Microsoft's and Sybase's proprietary extension to SQL (Structured Query Language) used to interact with relational databases,T-SQL,T-SQL,,exact+csv_seed,high
USKL_0b7624ee865f,skill,USKL_0b7624ee865f,Google Sites,Q623456,skos:exactMatch,https://www.wikidata.org/wiki/Q623456,Google Sites,structured wiki- and Web page-creation tool,JotSpot,JotSpot,,exact,high
USKL_83ceb3aec2db,skill,USKL_83ceb3aec2db,HP WebInspect,Q2781532,skos:exactMatch,https://www.wikidata.org/wiki/Q2781532,HP WebInspect,web application security assessment solution,,,,exact,high
USKL_cfb5fd688af6,skill,USKL_cfb5fd688af6,McAfee VirusScan,Q1629915,skos:exactMatch,https://www.wikidata.org/wiki/Q1629915,McAfee VirusScan,security software,,,,exact,high
USKL_c791d855cde7,skill,USKL_c791d855cde7,Active Directory,Q55692,skos:exactMatch,https://www.wikidata.org/wiki/Q55692,Active Directory,directory service created by Microsoft for Windows domain networks,MS AD | MS Active Directory | AD,,,exact,high
USKL_52aef8c83c75,skill,USKL_52aef8c83c75,Microsoft Hyper-V Server,Q4044226,skos:exactMatch,https://www.wikidata.org/wiki/Q4044226,Microsoft Hyper-V Server,,,,,exact,high
USKL_fe6a191b83c1,skill,USKL_fe6a191b83c1,Norton AntiVirus,Q741128,skos:exactMatch,https://www.wikidata.org/wiki/Q741128,Norton AntiVirus,anti-virus software,NortonOnline | Norton by Symantec | Norton Antivirus | Norton Anti-Virus | Norton Security | NAV,,,exact,high
USKL_feab1791e645,skill,USKL_feab1791e645,Symantec Endpoint Protection,Q1055444,skos:exactMatch,https://www.wikidata.org/wiki/Q1055444,Symantec Endpoint Protection,computer security software,SEP,,,exact,high
USKL_5b4566323199,skill,USKL_5b4566323199,Tcpdump,Q306039,skos:closeMatch,https://www.wikidata.org/wiki/Q306039,tcpdump,data-network packet analyzer,Tcpdump,,,alias,medium
USKL_17951f59017f,skill,USKL_17951f59017f,Apache Airflow,Q28915062,skos:exactMatch,https://www.wikidata.org/wiki/Q28915062,Apache Airflow,"open-source workflow management platform written in Python, where workflows are created via Python scripts",apache-airflow | Apache Airflow software project | Airflow,,,exact,high
USKL_a1b0d5e9dfa9,skill,USKL_a1b0d5e9dfa9,Apache Flume,Q19599376,skos:exactMatch,https://www.wikidata.org/wiki/Q19599376,Apache Flume,"service for collecting, aggregating, and moving large amounts of log data",,,,exact,high
USKL_c0168b47be45,skill,USKL_c0168b47be45,Kubernetes,Q22661306,skos:exactMatch,https://www.wikidata.org/wiki/Q22661306,Kubernetes,software to manage containers on a server-cluster,K8s | container orchestrator,k8s,,exact,high
USKL_28dcd38a7327,skill,USKL_28dcd38a7327,Prometheus,Q52534999,skos:exactMatch,https://www.wikidata.org/wiki/Q52534999,Prometheus,event monitoring and alerting software,Prometheus Time Series Collection and Processing Server,,,exact,high
USKL_f99c52e3bde7,skill,USKL_f99c52e3bde7,PyTorch,Q47509047,skos:exactMatch,https://www.wikidata.org/wiki/Q47509047,PyTorch,"open source machine learning library for Python, based on Torch",torch,,,exact+csv_seed,high
USKL_653ff55973f5,skill,USKL_653ff55973f5,Redis,Q17086822,skos:exactMatch,https://www.wikidata.org/wiki/Q17086822,Redis,American based private computer software company,"Redis, Inc. | Redis Labs | Redis (company) | Garantia Data | Redis | Redis Inc. | redislabs | Redis, Ltd.",Redis | Redis Labs | Redis Inc.,,exact,high
USKL_7bd735fcd8bb,skill,USKL_7bd735fcd8bb,BlackBerry Enterprise Server,Q2613503,skos:exactMatch,https://www.wikidata.org/wiki/Q2613503,BlackBerry Enterprise Server,software,,,,exact,high
USKL_1b15bd77cc73,skill,USKL_1b15bd77cc73,EMC NetWorker,Q3045961,skos:exactMatch,https://www.wikidata.org/wiki/Q3045961,EMC NetWorker,backup software,,,,exact,high
USKL_ebe1ebcd3e9e,skill,USKL_ebe1ebcd3e9e,Microsoft Network Monitor,Q6840173,skos:exactMatch,https://www.wikidata.org/wiki/Q6840173,Microsoft Network Monitor,packet analyzer,,,,exact,high
USKL_db380889ec4c,skill,USKL_db380889ec4c,Nbtstat,Q6983630,skos:exactMatch,https://www.wikidata.org/wiki/Q6983630,Nbtstat,,,,,exact,high
USKL_9fd5fcab2334,skill,USKL_9fd5fcab2334,Nslookup,Q283972,skos:exactMatch,https://www.wikidata.org/wiki/Q283972,Nslookup,utility to query the Domain Name System,,NSLOOKUP,,exact,high
USKL_9d2c096ecd30,skill,USKL_9d2c096ecd30,Zabbix,Q136722,skos:exactMatch,https://www.wikidata.org/wiki/Q136722,Zabbix,computer system and network monitoring application software,,,,exact,high
USKL_6a878000aaf7,skill,USKL_6a878000aaf7,Cisco IOS,Q753576,skos:exactMatch,https://www.wikidata.org/wiki/Q753576,Cisco IOS,Operating system,Internetwork Operating System | Cisco Internetwork Operating System,Cisco IOS,,exact,high
USKL_053c316ddd6f,skill,USKL_053c316ddd6f,Zoom,Q94979732,skos:exactMatch,https://www.wikidata.org/wiki/Q94979732,Zoom,video-conferencing software,,,,exact,high
USKL_738d3f2d85b8,skill,USKL_738d3f2d85b8,Citrix XenApp,Q1093482,skos:closeMatch,https://www.wikidata.org/wiki/Q1093482,Citrix Virtual Apps,application virtualization software,XenApp | Citrix XenApp | Citrix Presentation Server,Citrix MetaFrame | Citrix Presentation Server | XenApp,,alias,medium
USKL_fac06dbb1ebb,skill,USKL_fac06dbb1ebb,ADO.NET,Q290508,skos:exactMatch,https://www.wikidata.org/wiki/Q290508,ADO.NET,data access software from Microsoft .NET Framework,ADO.net | Ado.NET | Ado.Net | Ado.net,,,exact,high
USKL_1d114aece9c5,skill,USKL_1d114aece9c5,Apache Mahout,Q4778931,skos:exactMatch,https://www.wikidata.org/wiki/Q4778931,Apache Mahout,open-source machine learning algorithms,,,,exact,high
USKL_716ea1eddf68,skill,USKL_716ea1eddf68,Couchbase Server,Q10858568,skos:exactMatch,https://www.wikidata.org/wiki/Q10858568,Couchbase Server,open-source NoSQL database,,,,exact,high
USKL_9a993523e945,skill,USKL_9a993523e945,MariaDB,Q787177,skos:exactMatch,https://www.wikidata.org/wiki/Q787177,MariaDB,"database management system, relational, open source, community developed fork of MySQL",,,,exact,high
USKL_98592a47c14f,skill,USKL_98592a47c14f,Azure Data Factory,Q119454396,skos:exactMatch,https://www.wikidata.org/wiki/Q119454396,Azure Data Factory,,,,,exact,high
USKL_c6470f27ee4c,skill,USKL_c6470f27ee4c,Oracle Data Guard,Q2027927,skos:exactMatch,https://www.wikidata.org/wiki/Q2027927,Oracle Data Guard,software for replicating Oracle databases,Data Guard,,,exact,high
USKL_c38a8354a7ea,skill,USKL_c38a8354a7ea,Oracle Designer,Q7099261,skos:exactMatch,https://www.wikidata.org/wiki/Q7099261,Oracle Designer,data modeling software,,,,exact,high
USKL_416dee57927f,skill,USKL_416dee57927f,Oracle Reports,Q4045946,skos:exactMatch,https://www.wikidata.org/wiki/Q4045946,Oracle Reports,,,,,exact,high
USKL_974d6f9ab986,skill,USKL_974d6f9ab986,Amazon Kinesis,Q56358285,skos:exactMatch,https://www.wikidata.org/wiki/Q56358285,Amazon Kinesis,real-time data processing service from Amazon Web Services,,,,exact,high
USKL_f7eb7c5f01e3,skill,USKL_f7eb7c5f01e3,Oracle Recovery Manager,Q7276968,skos:closeMatch,https://www.wikidata.org/wiki/Q7276968,RMAN,backup and recovery manager included in Oracle Database,Oracle Recovery Manager | Oracle Database/Backup and Recovery Concepts,,,alias,medium
USKL_d5f2ed1f80a1,skill,USKL_d5f2ed1f80a1,Bootstrap,Q893195,skos:exactMatch,https://www.wikidata.org/wiki/Q893195,Bootstrap,web design front-end framework,,,,exact,high
USKL_64ec1ce2a609,skill,USKL_64ec1ce2a609,Figma,Q96186334,skos:exactMatch,https://www.wikidata.org/wiki/Q96186334,Figma,online vector graphics editor and prototyping tool,figma.com | Figma (software),,,exact,high
USKL_f0421b30c2a6,skill,USKL_f0421b30c2a6,GraphQL,Q25104949,skos:exactMatch,https://www.wikidata.org/wiki/Q25104949,GraphQL,data query language developed by Facebook,,,,exact,high
USKL_add0a1c99d7f,skill,USKL_add0a1c99d7f,Kotlin,Q3816639,skos:exactMatch,https://www.wikidata.org/wiki/Q3816639,Kotlin,general-purpose programming language derived from Java,,,,exact,high
USKL_e68304d085df,skill,USKL_e68304d085df,React Native,Q55774523,skos:exactMatch,https://www.wikidata.org/wiki/Q55774523,React Native,JavaScript framework to create cross-platform mobile applications,,,,exact+csv_seed,high
USKL_6ab192c7d5a1,skill,USKL_6ab192c7d5a1,Vue.js,Q24589705,skos:exactMatch,https://www.wikidata.org/wiki/Q24589705,Vue.js,JavaScript framework,VueJS | Vue,Vue JS | VueJS,,exact+csv_seed,high
USKL_2329dd9fd09f,skill,USKL_2329dd9fd09f,Apache JMeter,Q616885,skos:exactMatch,https://www.wikidata.org/wiki/Q616885,Apache JMeter,free performance testing software,,,,exact,high
USKL_d06cd699a6c3,skill,USKL_d06cd699a6c3,Appium,Q27208114,skos:exactMatch,https://www.wikidata.org/wiki/Q27208114,Appium,Automation for Apps,,,,exact,high
USKL_52717b8d2e3b,skill,USKL_52717b8d2e3b,Microsoft Windows SDK,Q1062589,skos:exactMatch,https://www.wikidata.org/wiki/Q1062589,Microsoft Windows SDK,software development kit,,,,exact,high
USKL_97b79c49fb97,skill,USKL_97b79c49fb97,Postman,Q105538901,skos:exactMatch,https://www.wikidata.org/wiki/Q105538901,Postman,API development platform,,,,exact,high
USKL_9d862224e02a,skill,USKL_9d862224e02a,InVision,Q1660583,skos:exactMatch,https://www.wikidata.org/wiki/Q1660583,InVision,"software company based in Düsseldorf, Germany",Invision Software | InVision AG,,,exact,high
USKL_53776944cd84,skill,USKL_53776944cd84,Jest,Q65121527,skos:exactMatch,https://www.wikidata.org/wiki/Q65121527,Jest,Delightful JavaScript Testing,,,,exact,high
USKL_a2f94527214f,skill,USKL_a2f94527214f,Microsoft Commerce Server,Q3312374,skos:exactMatch,https://www.wikidata.org/wiki/Q3312374,Microsoft Commerce Server,software by Microsoft,,,,exact,high
USKL_9f20f183d1ec,skill,USKL_9f20f183d1ec,PhantomJS,Q20712371,skos:exactMatch,https://www.wikidata.org/wiki/Q20712371,PhantomJS,headless browser,,,,exact,high
USKL_4d075f970f9d,skill,USKL_4d075f970f9d,RequireJS,Q15842219,skos:exactMatch,https://www.wikidata.org/wiki/Q15842219,RequireJS,free software,,,,exact,high
USKL_24305f9cc595,skill,USKL_24305f9cc595,Zend Framework,Q189475,skos:closeMatch,https://www.wikidata.org/wiki/Q189475,Laminas,web application framework,Zend Framework | Laminas Project,,,alias,medium
USKL_18b6937ef7be,skill,USKL_18b6937ef7be,Adobe XD,Q24060074,skos:exactMatch,https://www.wikidata.org/wiki/Q24060074,Adobe XD,vector-based user gold code experience design software tool,DGXL | Adobe Experience Design | 3DPhotoshop Experiences,,,exact,high
USKL_41ea1f4af150,skill,USKL_41ea1f4af150,Lua,Q207316,skos:exactMatch,https://www.wikidata.org/wiki/Q207316,Lua,lightweight programming language,Lua language,LUA | Introduction au Lua | Lua (langage de programmation) | Lua (langage),,exact+csv_seed,high
USKL_ffd488be5fe2,skill,USKL_ffd488be5fe2,Adobe Experience Manager,Q98841196,skos:exactMatch,https://www.wikidata.org/wiki/Q98841196,Adobe Experience Manager,gestionnaire de contenus,AEM,,,exact,high
USKL_5fcf34e90676,skill,USKL_5fcf34e90676,Microsoft Virtual Server,Q1315909,skos:exactMatch,https://www.wikidata.org/wiki/Q1315909,Microsoft Virtual Server,software,,Virtual Server,,exact,high
USKL_7a153e42ac5f,skill,USKL_7a153e42ac5f,Salesforce Marketing Cloud,Q5419210,skos:exactMatch,https://www.wikidata.org/wiki/Q5419210,Salesforce Marketing Cloud,Cloud-based marketing and advertising tools developed by Salesforce,ExactTarget,,,exact,high
USKL_c4521d697c1c,skill,USKL_c4521d697c1c,Ghidra,Q61983083,skos:exactMatch,https://www.wikidata.org/wiki/Q61983083,Ghidra,reverse engineering software developed by the National Security Agency,,,,exact,high
USKL_dd0f8150ae1a,skill,USKL_dd0f8150ae1a,Nmap,Q623332,skos:exactMatch,https://www.wikidata.org/wiki/Q623332,Nmap,network discovery and security auditing tool,Nmap Security Scanner | Network Mapper,,,exact,high
USKL_ebb0e9cc961d,skill,USKL_ebb0e9cc961d,Rapid7,Q85874460,skos:exactMatch,https://www.wikidata.org/wiki/Q85874460,Rapid7,developer of the Metasploit Framework,"Rapid7, Inc.     (Boston, MA)",,,exact,high
USKL_72a3eeef7238,skill,USKL_72a3eeef7238,Azure Sentinel,Q120668020,skos:closeMatch,https://www.wikidata.org/wiki/Q120668020,Microsoft Sentinel,cloud-native SIEM on Azure,Azure Sentinel,,,alias,medium
USKL_4cb459b934e5,skill,USKL_4cb459b934e5,OpenVAS,Q1810573,skos:exactMatch,https://www.wikidata.org/wiki/Q1810573,OpenVAS,open source vulnerability assessment scanner,Open Vulnerability Assessment System,GNessUs | Open source Vulnerability Assessment Scanner | OpenSource Vulnerability Assessment Scanner,,exact,high
USKL_25809973cd8c,skill,USKL_25809973cd8c,Grails,Q848544,skos:exactMatch,https://www.wikidata.org/wiki/Q848544,Grails,Open source web application framework,,,,exact,high
USKL_ef20c4189ab0,skill,USKL_ef20c4189ab0,Project.net,Q1769157,skos:exactMatch,https://www.wikidata.org/wiki/Q1769157,Project.net,,,,,exact,high
USKL_cd061e162499,skill,USKL_cd061e162499,Apache MXNet,Q22348165,skos:exactMatch,https://www.wikidata.org/wiki/Q22348165,Apache MXNet,multi-language machine learning library,mix-net,,,exact,high
USKL_526153c3bbf1,skill,USKL_526153c3bbf1,BigQuery,Q4904867,skos:exactMatch,https://www.wikidata.org/wiki/Q4904867,BigQuery,"fully managed, scalable data warehouse with built-in machine learning",Google BigQuery,,,exact,high
USKL_251570140135,skill,USKL_251570140135,Flask,Q289281,skos:exactMatch,https://www.wikidata.org/wiki/Q289281,Flask,Python web framework,flask,,,exact,high
USKL_47023493d83c,skill,USKL_47023493d83c,Julia,Q2613697,skos:exactMatch,https://www.wikidata.org/wiki/Q2613697,Julia,high-performance dynamic programming language,The Julia Language | JuliaLang | Julia programming language,,,exact+csv_seed,high
USKL_e3974a4a430f,skill,USKL_e3974a4a430f,Kubeflow,Q65048974,skos:exactMatch,https://www.wikidata.org/wiki/Q65048974,Kubeflow,open-source machine learning platform,,,,exact,high
USKL_b734575aa384,skill,USKL_b734575aa384,Neo4j,Q1628290,skos:exactMatch,https://www.wikidata.org/wiki/Q1628290,Neo4j,graph database management system implemented in Java,,,,exact,high
USKL_3a2a7ec04cea,skill,USKL_3a2a7ec04cea,XGBoost,Q23793561,skos:exactMatch,https://www.wikidata.org/wiki/Q23793561,XGBoost,scalable machine learning system for tree boosting,eXtreme Gradient Boosting,eXtreme Gradient Boosting,,exact,high
USKL_27491da8184f,skill,USKL_27491da8184f,human computer interaction,Q207434,skos:closeMatch,https://www.wikidata.org/wiki/Q207434,human–computer interaction,academic discipline,human computer interaction | computer-human interaction | human–computer interface | human-computer interaction | HCI,IHM | human interface device | interaction homme-machine | interaction humain machine | interaction humain-machine | interface homme machine | interface homme/machine | interface humain-machine | interface personne-machine | interfaces homme/machine | interfaces utilisateur,,alias,medium
USKL_232b64a388cf,skill,USKL_232b64a388cf,cryptology,Q1430062,skos:exactMatch,https://www.wikidata.org/wiki/Q1430062,cryptology,science that deals with the encryption and decryption of information,cryptology as science | cryptography as science,cryptologique,,exact,high
USKL_1cc6d6761683,skill,USKL_1cc6d6761683,cybersecurity,Q17233037,skos:exactMatch,https://www.wikidata.org/wiki/Q17233037,cybersecurity,study of information security on connected systems,operational technology security | industrial control system security | cybersec | cybernetic security | cyber vigilance | cyber shield | cyber security | cyber safeguard | cyber risk mitigation | cyber risk management | cyber resilience | cyber protection | cyber oversight | cyber monitoring | cyber safety | cyber defense,sécurité cybernétique,,exact,high
USKL_d5c1d4baf54d,skill,USKL_d5c1d4baf54d,link prediction,Q98925312,skos:closeMatch,https://www.wikidata.org/wiki/Q98925312,Link prediction,problem in network theory of predicting the existence of an unobserved link between two entities in a network,link prediction,,,alias,medium
USKL_7246238f50ff,skill,USKL_7246238f50ff,one-shot learning,Q7092335,skos:exactMatch,https://www.wikidata.org/wiki/Q7092335,one-shot learning,object categorization problem that aims to learn information about object categories from one training sample,,apprentissage par un seul exemple,,exact,high
USKL_f31b6795fb08,skill,USKL_f31b6795fb08,pattern recognition,Q378859,skos:exactMatch,https://www.wikidata.org/wiki/Q378859,pattern recognition,branch of machine learning,automated pattern recognition,reconnaissance de forme | reconnaissance de formes & localisation | reconnaissance de motif | reconnaissance des formes,,exact,high
USKL_67427af95db6,skill,USKL_67427af95db6,statistical learning,Q2539,skos:closeMatch,https://www.wikidata.org/wiki/Q2539,machine learning,scientific study of algorithms and statistical models that computer systems use to perform tasks without explicit instructions,statistical machine learning | statistical learning | ML,apprentissage machine | apprentissage statistique | machine learning,,alias,medium
USKL_ba76b5f3970d,skill,USKL_ba76b5f3970d,supervised machine learning,Q334384,skos:closeMatch,https://www.wikidata.org/wiki/Q334384,supervised learning,machine learning task of learning a function that maps an input to an output based on example input-output pairs,supervised machine learning,apprentissage supervise,,alias,medium
USKL_26a4d653aa96,skill,USKL_26a4d653aa96,topic model,Q3532085,skos:exactMatch,https://www.wikidata.org/wiki/Q3532085,topic model,type of model,topic models,,,exact,high
USKL_aef4017e33cc,skill,USKL_aef4017e33cc,zero-shot learning,Q96416030,skos:exactMatch,https://www.wikidata.org/wiki/Q96416030,zero-shot learning,"problem setup in machine learning, where at test time, a learner observes samples from classes that were not observed during training, and needs to predict the class they belong to",Zero-shot learning | ZSL,apprentissage à zéro échantillon,,exact,high
USKL_7536049433e1,skill,USKL_7536049433e1,ambient intelligence,Q457396,skos:exactMatch,https://www.wikidata.org/wiki/Q457396,ambient intelligence,electronic environments that are sensitive and responsive to the presence of people,AmI,informatique ambiante | Intelligence Ambiante | ordinateur évanescent | système pervasif | Systèmes Pervasifs,,exact,high
USKL_1cea695f5c77,skill,USKL_1cea695f5c77,decision theory,Q177571,skos:exactMatch,https://www.wikidata.org/wiki/Q177571,decision theory,branch of applied probability theory,theory of choice | decision sciences | decision science,,,exact,high
USKL_9c8634903d9e,skill,USKL_9c8634903d9e,formal logic,Q1003009,skos:exactMatch,https://www.wikidata.org/wiki/Q1003009,formal logic,"study of propositions, statements, and deductive arguments; practice of deriving conclusions from premises",,,,exact,high
USKL_62c3c4e00743,skill,USKL_62c3c4e00743,intelligent tutoring system,Q3055492,skos:exactMatch,https://www.wikidata.org/wiki/Q3055492,intelligent tutoring system,artificial intelligence system used for tutoring,ITS,Eiah | EIAH | Environnement informatique pour l'apprentissage humain | Environnements Informatiques Pour L'apprentissage Humain,,exact,high
USKL_944582222bba,skill,USKL_944582222bba,machine perception,Q6723726,skos:exactMatch,https://www.wikidata.org/wiki/Q6723726,machine perception,research area of machine abilities to process and understand sensory input data,,,,exact,high
USKL_d00ae26262f3,skill,USKL_d00ae26262f3,Classification,Q124210717,skos:closeMatch,https://www.wikidata.org/wiki/Q124210717,Template:Taxonomy/Mestonia,Taxonomy template,Classification,,,alias,medium
USKL_13a7d3ccdf78,skill,USKL_13a7d3ccdf78,knowledge discovery,Q1582085,skos:closeMatch,https://www.wikidata.org/wiki/Q1582085,knowledge extraction,creation of knowledge from structured and unstructured sources,knowledge discovery,,,alias,medium
USKL_80682a2f6d04,skill,USKL_80682a2f6d04,process mining,Q2608526,skos:exactMatch,https://www.wikidata.org/wiki/Q2608526,process mining,data mining technique,,,,exact,high
USKL_3497dad81201,skill,USKL_3497dad81201,relational learning,Q7604413,skos:closeMatch,https://www.wikidata.org/wiki/Q7604413,statistical relational learning,subdiscipline of artificial intelligence,Relational Machine Learning | relational learning | RML,,,alias,medium
USKL_431ef37cc045,skill,USKL_431ef37cc045,image retrieval,Q10927554,skos:exactMatch,https://www.wikidata.org/wiki/Q10927554,image retrieval,"computer system for browsing, searching and retrieving images from a large database of digital images",,,,exact,high
USKL_62269e96bc04,skill,USKL_62269e96bc04,bandwidth,Q194158,skos:closeMatch,https://www.wikidata.org/wiki/Q194158,bit rate,information transmission rate expressed in bits per second,transfer rate for binary digits | binary digit rate | data rate | bitrate | bandwidth,bit rate | bitrate,,alias,medium
USKL_22f93af334d8,skill,USKL_22f93af334d8,assistive technology,Q688498,skos:exactMatch,https://www.wikidata.org/wiki/Q688498,assistive technology,techniques (physical and virtual) for people with disabilities,assistive device,,,exact,high
USKL_b09d29799f82,skill,USKL_b09d29799f82,central processing unit,P880,skos:closeMatch,https://www.wikidata.org/wiki/P880,CPU,central processing unit found within the subject item,central processing unit | processor,cpu,,alias,medium
USKL_a887b22b977e,skill,USKL_a887b22b977e,process engineering,Q83588,skos:closeMatch,https://www.wikidata.org/wiki/Q83588,chemical engineering,"branch of science that applies physical sciences and life sciences together with applied mathematics and economics to produce, transform, transport, and properly use chemicals, materials and energy",process engineering,génie des procédés physico-chimiques | ingénierie chimique | ingénierie des procédés,,alias,medium
USKL_3e65b762f137,skill,USKL_3e65b762f137,Unified Modeling Language,Q169411,skos:exactMatch,https://www.wikidata.org/wiki/Q169411,Unified Modeling Language,software system design modeling tool,UML diagram | UML,Diagramme d'interactions | Diagramme UML | UML Diagramme | Unified Modeling Language,,exact,high
USKL_b38f15aab095,skill,USKL_b38f15aab095,electronic mail,P968,skos:closeMatch,https://www.wikidata.org/wiki/P968,email address,"email address, prefixed with mailto:",mailto: | electronic mail address | e-mail | email | e-mail address | electronic mail,courrier électronique | email | adresse courriel | adresse de courrier électronique | adresse électronique | adresse email | adresse mail | e-mail | mail,,alias,medium
USKL_4b43416700b6,skill,USKL_4b43416700b6,revenue,P2139,skos:closeMatch,https://www.wikidata.org/wiki/P2139,total revenue,income gained by an organization during a given time frame. Not to be confused with fiscal revenue,net sales | gross revenue | sales | revenue | income | turnover,CA | chiffre des ventes,,alias,medium
USKL_3db5d8d35464,skill,USKL_3db5d8d35464,computer applications,Q5157412,skos:exactMatch,https://www.wikidata.org/wiki/Q5157412,computer applications,one of several academic events sanctioned by the University Interscholastic League in the U.S. state of Texas,UIL Computer Applications,,,exact,high
USKL_d59ea182797e,skill,USKL_d59ea182797e,gps,P625,skos:closeMatch,https://www.wikidata.org/wiki/P625,coordinate location,"geocoordinates of the subject. For Earth, please note that only the WGS84 geodetic datum is currently supported",co-ordinates | co-ordinate location | geotag | geocoordinates | longitude | coordinates | location | latitude | position | wgs84 | wgs-84 | wgs 84 | point on the globe | point on earth | point on a map | location on map | location on earth | gps location | gps coordinates | gps coordinate | gps co-ordinates | gps co-ordinate | gps | geolocation | geographical coordinates | geographic coordinates | geographic coordinate | geo | coords | co-ords,emplacement | géolocalisation | position | coordonnées | localisation | latitude | longitude | coordonnées GPS | GPS | localisation géodésique | WGS 84 | WGS84,,alias,medium
USKL_36829feb6b2d,skill,USKL_36829feb6b2d,biometrics,Q214746,skos:closeMatch,https://www.wikidata.org/wiki/Q214746,biostatistics,study of statistics application in biology,biometry | biometrics,,,alias,medium
USKL_96884f81fa43,skill,USKL_96884f81fa43,data privacy,Q456632,skos:closeMatch,https://www.wikidata.org/wiki/Q456632,information privacy,"appropriate collection, use and dissemination of personal data in products and services, as well as their protection and related legal and political issues",protection of personal data | personal data protection | data privacy | data protection,vie privée et informatique | confidentialité des données personnelles | protection des données personnelles,,alias,medium
USKL_947538ac377a,skill,USKL_947538ac377a,rule mining,Q120969795,skos:exactMatch,https://www.wikidata.org/wiki/Q120969795,rule mining,area of research,,,,exact,high
USKL_c6db3ce64dec,skill,USKL_c6db3ce64dec,Jitter,Q113279161,skos:exactMatch,https://www.wikidata.org/wiki/Q113279161,GNU Jitter,generator of portable and efficient language virtual machines,Jitter,Jitter,,exact+csv_seed,high
USKL_646725015d26,skill,USKL_646725015d26,affective state,Q120970769,skos:exactMatch,https://www.wikidata.org/wiki/Q120970769,affective state,area of research,,,,exact,high
USKL_06a1fb2095c7,skill,USKL_06a1fb2095c7,brain machine interface,Q897410,skos:closeMatch,https://www.wikidata.org/wiki/Q897410,brain–computer interface,connection between brain and computer,synthetic telepathy interface | mind-machine interface | direct neural interface | brain–machine interface | Brain-machine Interface: BMI | brain-computer interface | brain machine interface | brain computer interface | brain chip | BMI | BCI,Brain-computer interface | Brain-Computer Interface | Interface cerveau-machine | Interface cerveau-ordinateur | Interface neurale | Interface neuronale direct | Interface Neuronale Directe,,alias,medium
USKL_c5013546cc07,skill,USKL_c5013546cc07,Message Passing Interface,Q127879,skos:exactMatch,https://www.wikidata.org/wiki/Q127879,Message Passing Interface,message-passing system for parallel computers,MPI,,,exact,high
USKL_b649d73de347,skill,USKL_b649d73de347,brain computer interface,Q897410,skos:closeMatch,https://www.wikidata.org/wiki/Q897410,brain–computer interface,connection between brain and computer,synthetic telepathy interface | mind-machine interface | direct neural interface | brain–machine interface | Brain-machine Interface: BMI | brain-computer interface | brain machine interface | brain computer interface | brain chip | BMI | BCI,Brain-computer interface | Brain-Computer Interface | Interface cerveau-machine | Interface cerveau-ordinateur | Interface neurale | Interface neuronale direct | Interface Neuronale Directe,,alias,medium
USKL_612446915e5f,skill,USKL_612446915e5f,facial expression,P6022,skos:closeMatch,https://www.wikidata.org/wiki/P6022,"expression, gesture or body pose","qualifier on ""depicts"" (P180) for position of a figure in an artwork",expression | pose | movement | gesture | facial expression | position | action,expression | mimique | mouvement | posture | geste | station | position,,alias,medium
USKL_4f7a8c5f37ca,skill,USKL_4f7a8c5f37ca,Kinect,Q474334,skos:exactMatch,https://www.wikidata.org/wiki/Q474334,Kinect,motion sensing input device for the Xbox 360 and Xbox One,Project Natal,Project Natal | Projet Natal,,exact,high
USKL_ca4218e00f94,skill,USKL_ca4218e00f94,ergonomics,Q1750812,skos:exactMatch,https://www.wikidata.org/wiki/Q1750812,ergonomics,study of designing equipment and devices that fit the human body and its cognitive abilities,human factors and ergonomics | human factors,,,exact,high
USKL_40ec7dce0aed,skill,USKL_40ec7dce0aed,human factors,Q121029188,skos:exactMatch,https://www.wikidata.org/wiki/Q121029188,human factors,understanding and handling of people's abilities and limitations,,,,exact,high
USKL_02f8ec19517a,skill,USKL_02f8ec19517a,interaction design,Q1061656,skos:exactMatch,https://www.wikidata.org/wiki/Q1061656,interaction design,specialization of design focused on the experience users have of a product or service,IxD,design d'interaction | design d’interaction | design interactif | design numerique,,exact,high
USKL_acbb29682d44,skill,USKL_acbb29682d44,bug tracking system,P1401,skos:closeMatch,https://www.wikidata.org/wiki/P1401,issue tracker URL,"web page where bugs, issues, and feature requests for a particular software program can be listed or reported",feedback platform | user feedback forum | feature requests platform | issue tracker | feature tracking system | error tracking system | error tracker | defect tracking tool | bug tracking tool | bug tracking system | bug tracker URL | bug tracker | issues | bugs,améliorations | anomalies | bogues | bugs | bugtracker | outil de suivi des améliorations | outil de suivi des anomalies | outil de suivi des fonctionnalités | suivi des améliorations | suivi des anomalies | suivi des fonctionnalirés | système de suivi des améliorations | système de suivi des anomalies | système de suivi des fonctionnalités,,alias,medium
USKL_5f50b7c1839e,skill,USKL_5f50b7c1839e,1Password,Q2150861,skos:exactMatch,https://www.wikidata.org/wiki/Q2150861,1Password,password management software,1Passwd | 1P,,,exact,high
USKL_91d36bc7f51f,skill,USKL_91d36bc7f51f,ADABAS,Q346434,skos:exactMatch,https://www.wikidata.org/wiki/Q346434,ADABAS,database management system,Adaptable DAta BAse System,,,exact,high
USKL_5c604fae7fd3,skill,USKL_5c604fae7fd3,AMPL,Q295250,skos:exactMatch,https://www.wikidata.org/wiki/Q295250,AMPL,algebraic modeling language,AMPL programming language | A Mathematical Programming Language,,,exact+csv_seed,high
USKL_82a69ce7fa05,skill,USKL_82a69ce7fa05,ARCore,Q48839221,skos:exactMatch,https://www.wikidata.org/wiki/Q48839221,ARCore,software development kit for building augmented reality applications,,,,exact,high
USKL_0deefbbd1dbc,skill,USKL_0deefbbd1dbc,ARKit,Q66314506,skos:exactMatch,https://www.wikidata.org/wiki/Q66314506,ARKit,Apple software development kit for augmented reality,AR Kit,,,exact,high
USKL_4c180a63371f,skill,USKL_4c180a63371f,ASP.NET Core,Q17513350,skos:exactMatch,https://www.wikidata.org/wiki/Q17513350,ASP.NET Core,web framework,ASP.NET vNext,,,exact,high
USKL_8019ebc5b610,skill,USKL_8019ebc5b610,ASP.NET MVC Framework,Q581643,skos:exactMatch,https://www.wikidata.org/wiki/Q581643,ASP.NET MVC Framework,web application framework,ASP.NET MVC,,,exact,high
USKL_a91713025d99,skill,USKL_a91713025d99,ASP.NET Razor,Q6840077,skos:exactMatch,https://www.wikidata.org/wiki/Q6840077,ASP.NET Razor,Programming syntax for ASP.NET,,,,exact,high
USKL_3244698d60bd,skill,USKL_3244698d60bd,AWS CloudFormation,Q117272797,skos:exactMatch,https://www.wikidata.org/wiki/Q117272797,AWS CloudFormation,computing service,CloudFormation | Cloud Formation,,,exact,high
USKL_39b586c12c36,skill,USKL_39b586c12c36,AWS CloudTrail,Q119292509,skos:closeMatch,https://www.wikidata.org/wiki/Q119292509,Amazon CloudTrail,,AWS CloudTrail,,,alias,medium
USKL_932d820e9f43,skill,USKL_932d820e9f43,AWS CodeBuild,Q110705619,skos:exactMatch,https://www.wikidata.org/wiki/Q110705619,AWS CodeBuild,service offered by Amazon Web Services,CodeBuild,,,exact,high
USKL_70b6955cac88,skill,USKL_70b6955cac88,AWS CodePipeline,Q110720922,skos:exactMatch,https://www.wikidata.org/wiki/Q110720922,AWS CodePipeline,service offered by Amazon Web Services,,,,exact,high
USKL_d9d029faa24e,skill,USKL_d9d029faa24e,AWS Elastic Beanstalk,Q4655150,skos:exactMatch,https://www.wikidata.org/wiki/Q4655150,AWS Elastic Beanstalk,Orchestration service offered by Amazon Web Services,,,,exact,high
USKL_2c3ee247353d,skill,USKL_2c3ee247353d,AWS Glue,Q104861519,skos:exactMatch,https://www.wikidata.org/wiki/Q104861519,AWS Glue,serverless data integration service,,,,exact,high
USKL_12c65451adc1,skill,USKL_12c65451adc1,AWS SDK,Q130167569,skos:exactMatch,https://www.wikidata.org/wiki/Q130167569,AWS SDK,,,,,exact,high
USKL_de0519ceea35,skill,USKL_de0519ceea35,Accelerated Mobile Pages,Q25452619,skos:exactMatch,https://www.wikidata.org/wiki/Q25452619,Accelerated Mobile Pages,website publishing technology developed by Google,amphtml | Accelerated Mobile Pages Project | AMP,Google AMP,,exact,high
USKL_6fe72570ad67,skill,USKL_6fe72570ad67,Access Control Facility,Q4650640,skos:closeMatch,https://www.wikidata.org/wiki/Q4650640,ACF2,software security system from 1978,CA ACF2 | Access Control Facility,,,alias,medium
USKL_c0659f7cad4b,skill,USKL_c0659f7cad4b,AccuRev SCM,Q4672895,skos:exactMatch,https://www.wikidata.org/wiki/Q4672895,AccuRev SCM,,,,,exact,high
USKL_3260631182c8,skill,USKL_3260631182c8,Acronis True Image,Q2422684,skos:exactMatch,https://www.wikidata.org/wiki/Q2422684,Acronis True Image,"software product produced by Acronis that provides data protection for personal users including, backup, archive, access and recovery",,.tib,,exact,high
USKL_966e1bfdffce,skill,USKL_966e1bfdffce,ActivePerl,Q4033363,skos:exactMatch,https://www.wikidata.org/wiki/Q4033363,ActivePerl,Windows port of perl by ActiveState,,,,exact,high
USKL_8226a2de6edc,skill,USKL_8226a2de6edc,ActiveReports,Q4677476,skos:exactMatch,https://www.wikidata.org/wiki/Q4677476,ActiveReports,.NET reporting tool,,,,exact,high
USKL_209b7d4dd857,skill,USKL_209b7d4dd857,ActiveSync,Q343961,skos:exactMatch,https://www.wikidata.org/wiki/Q343961,ActiveSync,mobile data synchronization software developed by Microsoft,,,,exact,high
USKL_8380b4582c06,skill,USKL_8380b4582c06,Acunetix,Q60168780,skos:exactMatch,https://www.wikidata.org/wiki/Q60168780,Acunetix,vulnerability scanner software,awvs | Acunetix Web Vulnerability Scanner | Acunetix Ltd. | Acunetix Corp. | AWVS,,,exact,high
USKL_93b0347d3d49,skill,USKL_93b0347d3d49,Adobe Contribute,Q1191002,skos:closeMatch,https://www.wikidata.org/wiki/Q1191002,Contribute,web publishing and website management tool by Adobe,Macromedia Contribute | Adobe Contribute,Contribute | Macromedia Contribute,,alias,medium
USKL_1dcdfa1b4095,skill,USKL_1dcdfa1b4095,Adobe Edge Animate,Q360119,skos:exactMatch,https://www.wikidata.org/wiki/Q360119,Adobe Edge Animate,Software,,,,exact,high
USKL_ffb4ce180f14,skill,USKL_ffb4ce180f14,Adobe Flash Builder,Q1140557,skos:exactMatch,https://www.wikidata.org/wiki/Q1140557,Adobe Flash Builder,Integrated development environment,Adobe Flex Builder,,,exact,high
USKL_67c3c3a6c7f3,skill,USKL_67c3c3a6c7f3,Adobe Flash Player,Q857177,skos:exactMatch,https://www.wikidata.org/wiki/Q857177,Adobe Flash Player,"deprecated browser extension software for viewing multimedia, Rich Internet Applications, and streaming video and audio",Macromedia Flash Player | Flash Player | flash,Flash Player,,exact,high
USKL_d08030f1038b,skill,USKL_d08030f1038b,Adobe JRun,Q2912004,skos:exactMatch,https://www.wikidata.org/wiki/Q2912004,Adobe JRun,J2EE application server,JRun,,,exact,high
USKL_5f3e24586271,skill,USKL_5f3e24586271,Advanced Installer,Q113849629,skos:exactMatch,https://www.wikidata.org/wiki/Q113849629,Advanced Installer,software for creating installers,,,,exact,high
USKL_6ee130244478,skill,USKL_6ee130244478,AirSnort,Q409086,skos:exactMatch,https://www.wikidata.org/wiki/Q409086,AirSnort,,,,,exact,high
USKL_3ff1109a9afd,skill,USKL_3ff1109a9afd,Akamai,Q415598,skos:closeMatch,https://www.wikidata.org/wiki/Q415598,Akamai Technologies,"American content delivery network, cybersecurity, and cloud service company","Akamai Technologies, Inc. | Akamai",Akamai,,alias,medium
USKL_c01fdc884234,skill,USKL_c01fdc884234,Alamofire,Q115916294,skos:exactMatch,https://www.wikidata.org/wiki/Q115916294,Alamofire,Elegant HTTP Networking in Swift,,,,exact,high
USKL_2c9719198c39,skill,USKL_2c9719198c39,Alibaba Cloud,Q17062154,skos:exactMatch,https://www.wikidata.org/wiki/Q17062154,Alibaba Cloud,Chinese cloud computing company,Aliyun | AliCloud | Alibaba Cloud Computing,,,exact,high
USKL_e526abfdd8dc,skill,USKL_e526abfdd8dc,AlienVault,Q20311382,skos:closeMatch,https://www.wikidata.org/wiki/Q20311382,AT&T Cybersecurity,computer security software developer,AlienVault,AlienVault,,alias,medium
USKL_18a39599d9cc,skill,USKL_18a39599d9cc,AllegroGraph,Q4731408,skos:exactMatch,https://www.wikidata.org/wiki/Q4731408,AllegroGraph,"horizontally distributed, multi-model (document and graph), entity-event knowledge graph database system",,,,exact,high
USKL_910e3bf0da59,skill,USKL_910e3bf0da59,Alluxio,Q65074533,skos:exactMatch,https://www.wikidata.org/wiki/Q65074533,Alluxio,free virtual distributed file system,Tachyon,,,exact,high
USKL_46d302dbecb3,skill,USKL_46d302dbecb3,Altera Quartus,Q843225,skos:exactMatch,https://www.wikidata.org/wiki/Q843225,Altera Quartus,programmable logic device design software by Intel,Intel Quartus Prime | Altera Quartus Prime,,,exact,high
USKL_d87d1be18c62,skill,USKL_d87d1be18c62,Amazon Alexa,Q28022144,skos:exactMatch,https://www.wikidata.org/wiki/Q28022144,Amazon Alexa,virtual assistant service,Alexa Bot | Echo Frames | Echo Buds | Amazon Alexa App | Alexa Amazon,,,exact,high
USKL_4f6d2779cbff,skill,USKL_4f6d2779cbff,Amazon Athena,Q65203360,skos:exactMatch,https://www.wikidata.org/wiki/Q65203360,Amazon Athena,interactive query service used to analyze data on Amazon S3,,,,exact,high
USKL_88ea907a33fa,skill,USKL_88ea907a33fa,Amazon Aurora,Q18754151,skos:exactMatch,https://www.wikidata.org/wiki/Q18754151,Amazon Aurora,relational database service from Amazon Web Services,Aurora,,,exact,high
USKL_fa9939c5cd34,skill,USKL_fa9939c5cd34,Amazon CloudWatch,Q456090,skos:exactMatch,https://www.wikidata.org/wiki/Q456090,Amazon CloudWatch,service offered by Amazon Web Services,CloudWatch,,,exact,high
USKL_45421e2946f4,skill,USKL_45421e2946f4,Amazon DocumentDB,Q60787643,skos:exactMatch,https://www.wikidata.org/wiki/Q60787643,Amazon DocumentDB,managed database service,,,,exact,high
USKL_54453cbdfaac,skill,USKL_54453cbdfaac,Amazon ElastiCache,Q28035268,skos:exactMatch,https://www.wikidata.org/wiki/Q28035268,Amazon ElastiCache,cloud-based service,,,,exact,high
USKL_23482778580f,skill,USKL_23482778580f,Amazon GuardDuty,Q110659313,skos:exactMatch,https://www.wikidata.org/wiki/Q110659313,Amazon GuardDuty,threat detection service provided by Amazon Web Services,,,,exact,high
USKL_e15d73614014,skill,USKL_e15d73614014,Amazon MQ,Q110705906,skos:exactMatch,https://www.wikidata.org/wiki/Q110705906,Amazon MQ,service offered by Amazon Web Services,,,,exact,high
USKL_17fe7f5e224b,skill,USKL_17fe7f5e224b,Amazon Mechanical Turk,Q733115,skos:exactMatch,https://www.wikidata.org/wiki/Q733115,Amazon Mechanical Turk,micro-work service subsidiary of Amazon,mturk.com | Amazon’s Mechanical Turk | Mechanical Turk,Turc mécanique d'Amazon,,exact,high
USKL_c50b0c7d1e27,skill,USKL_c50b0c7d1e27,Amazon Neptune,Q48843359,skos:exactMatch,https://www.wikidata.org/wiki/Q48843359,Amazon Neptune,graph database service offered as a service by Amazon Web Services,,,,exact,high
USKL_cddecb627a21,skill,USKL_cddecb627a21,Amazon S3,Q2593067,skos:exactMatch,https://www.wikidata.org/wiki/Q2593067,Amazon S3,cloud storage service offered by Amazon Web Services,Amazon Simple Storage Service | S3,,,exact,high
USKL_465eed311531,skill,USKL_465eed311531,Amazon S3 Glacier,Q4740857,skos:exactMatch,https://www.wikidata.org/wiki/Q4740857,Amazon S3 Glacier,Amazon S3 storage class used for archival purposes,,,,exact,high
USKL_d1a600271ff2,skill,USKL_d1a600271ff2,Amazon SimpleDB,Q2656963,skos:exactMatch,https://www.wikidata.org/wiki/Q2656963,Amazon SimpleDB,cloud database service offered by Amazon Web Services,,,,exact,high
USKL_a9d031caf0cf,skill,USKL_a9d031caf0cf,Android Debug Bridge,Q107980224,skos:exactMatch,https://www.wikidata.org/wiki/Q107980224,Android Debug Bridge,Tool for debugging Android-based devices,ADB,,,exact,high
USKL_86feaf66b226,skill,USKL_86feaf66b226,Android Jetpack,Q114646133,skos:exactMatch,https://www.wikidata.org/wiki/Q114646133,Android Jetpack,suite of libraries for Android development,AndroidX | androidx | Jetpack,,,exact,high
USKL_00a7fe502027,skill,USKL_00a7fe502027,Android NDK,Q110745757,skos:exactMatch,https://www.wikidata.org/wiki/Q110745757,Android NDK,Software development kit,The Android Native Development Kit,,,exact,high
USKL_1f30c37c0b61,skill,USKL_1f30c37c0b61,Android SDK,Q29364625,skos:exactMatch,https://www.wikidata.org/wiki/Q29364625,Android SDK,set of software tools for developing Android software,,,,exact,high
USKL_7b901da6f937,skill,USKL_7b901da6f937,Apache Accumulo,Q2822898,skos:exactMatch,https://www.wikidata.org/wiki/Q2822898,Apache Accumulo,Open source Bigtable implementation,,,,exact,high
USKL_7a024d7a4b8b,skill,USKL_7a024d7a4b8b,Apache ActiveMQ,Q773135,skos:exactMatch,https://www.wikidata.org/wiki/Q773135,Apache ActiveMQ,Software message broker,ActiveMQ,,,exact,high
USKL_d7ebc74df74e,skill,USKL_d7ebc74df74e,Apache Ambari,Q21711047,skos:exactMatch,https://www.wikidata.org/wiki/Q21711047,Apache Ambari,management software for Apache Hadoop.,Ambari,,,exact,high
USKL_71425c0ef14d,skill,USKL_71425c0ef14d,Apache Archiva,Q616575,skos:exactMatch,https://www.wikidata.org/wiki/Q616575,Apache Archiva,extensible repository management software,,,,exact,high
USKL_c80d55cfaa81,skill,USKL_c80d55cfaa81,Apache Atlas,Q28915124,skos:exactMatch,https://www.wikidata.org/wiki/Q28915124,Apache Atlas,,,,,exact,high
USKL_4e471ab04f93,skill,USKL_4e471ab04f93,Apache Axis2,Q2445002,skos:exactMatch,https://www.wikidata.org/wiki/Q2445002,Apache Axis2,software for Web services,Axis2,,,exact,high
USKL_da4004bc8dd1,skill,USKL_da4004bc8dd1,Apache Beam,Q27926168,skos:exactMatch,https://www.wikidata.org/wiki/Q27926168,Apache Beam,Unified programming model,,,,exact,high
USKL_c8973fa9d2d5,skill,USKL_c8973fa9d2d5,Apache CXF,Q223449,skos:exactMatch,https://www.wikidata.org/wiki/Q223449,Apache CXF,web services framework,,,,exact,high
USKL_170f726b02ed,skill,USKL_170f726b02ed,Apache Camel,Q616626,skos:exactMatch,https://www.wikidata.org/wiki/Q616626,Apache Camel,"Apache Camel is an open source integration framework with 350+ connectors. Write routes in Java, YAML, or XML. Run on Spring Boot, Quarkus, or standalone. Apache License 2.0.",Camel,,,exact,high
USKL_ba218f14eb0e,skill,USKL_ba218f14eb0e,Apache CloudStack,Q2496860,skos:exactMatch,https://www.wikidata.org/wiki/Q2496860,Apache CloudStack,open-source cloud computing software,CloudStack,CloudStack,,exact,high
USKL_a113754fa724,skill,USKL_a113754fa724,Apache Cordova,Q16626338,skos:exactMatch,https://www.wikidata.org/wiki/Q16626338,Apache Cordova,free software framework for multiplatform hybrid mobile apps,Cordova,Apache Callback | PhoneGap,,exact,high
USKL_301ef1b095da,skill,USKL_301ef1b095da,Apache Drill,Q4778908,skos:exactMatch,https://www.wikidata.org/wiki/Q4778908,Apache Drill,open-source software framework,,,,exact,high
USKL_c9ecb9a6d60f,skill,USKL_c9ecb9a6d60f,Apache Druid,Q3715530,skos:exactMatch,https://www.wikidata.org/wiki/Q3715530,Apache Druid,analytical database software,Druid,,,exact,high
USKL_d1a982eb2176,skill,USKL_d1a982eb2176,Apache Felix,Q4034164,skos:exactMatch,https://www.wikidata.org/wiki/Q4034164,Apache Felix,open source OSGi framework by Apache Software Foundation,,,,exact,high
USKL_fac200074ce2,skill,USKL_fac200074ce2,Apache Flex,Q616759,skos:exactMatch,https://www.wikidata.org/wiki/Q616759,Apache Flex,software development kit (SDK) for the development and deployment of rich Internet applications,Adobe Flex,Flex (Macromedia),,exact+csv_seed,high
USKL_712c52282b02,skill,USKL_712c52282b02,Apache Ignite,Q28915265,skos:exactMatch,https://www.wikidata.org/wiki/Q28915265,Apache Ignite,software by Apache Software Foundation,,,,exact,high
USKL_a50c134d6ad3,skill,USKL_a50c134d6ad3,Apache Impala,Q28915268,skos:exactMatch,https://www.wikidata.org/wiki/Q28915268,Apache Impala,,,,,exact,high
USKL_711e1dcdf547,skill,USKL_711e1dcdf547,Apache Karaf,Q2858084,skos:exactMatch,https://www.wikidata.org/wiki/Q2858084,Apache Karaf,enterprise platform,,,,exact,high
USKL_c69a1bd67e58,skill,USKL_c69a1bd67e58,Apache Lucene,Q773196,skos:exactMatch,https://www.wikidata.org/wiki/Q773196,Apache Lucene,Java library for full-text search,Lucene Core | Lucene | Java Lucene | Apache Lucene Core,Apache Lucene,,exact,high
USKL_ef0d23206309,skill,USKL_ef0d23206309,Apache Mesos,Q19315319,skos:exactMatch,https://www.wikidata.org/wiki/Q19315319,Apache Mesos,software to manage computer clusters,Apache Aurora,,,exact,high
USKL_7614f030b5ce,skill,USKL_7614f030b5ce,Apache POI,Q616991,skos:exactMatch,https://www.wikidata.org/wiki/Q616991,Apache POI,"Java library for reading and writing Microsoft Office file formats, such as Excel, PowerPoint, Word, Visio, Publisher and Outlook. It supports both the older (OLE2) and new (OOXML - Office Open XML) formats.",,Jakarta POI,,exact,high
USKL_27a93be7190a,skill,USKL_27a93be7190a,Apache Parquet,Q28915683,skos:exactMatch,https://www.wikidata.org/wiki/Q28915683,Apache Parquet,"language agnostic, open source Columnar file format for analytics",Parquet file format | Parquet File | Parquet,parquet,,exact,high
USKL_31855e6ce201,skill,USKL_31855e6ce201,Apache Phoenix,Q19646047,skos:exactMatch,https://www.wikidata.org/wiki/Q19646047,Apache Phoenix,relational database engine for Hadoop,,,,exact,high
USKL_4055a5f7e429,skill,USKL_4055a5f7e429,Apache Pulsar,Q89693880,skos:exactMatch,https://www.wikidata.org/wiki/Q89693880,Apache Pulsar,cloud software,Pulsar,,,exact,high
USKL_0e3fdc6d7142,skill,USKL_0e3fdc6d7142,Apache Ranger,Q28915718,skos:exactMatch,https://www.wikidata.org/wiki/Q28915718,Apache Ranger,,,,,exact,high
USKL_502052b690c2,skill,USKL_502052b690c2,Apache Sling,Q4778948,skos:exactMatch,https://www.wikidata.org/wiki/Q4778948,Apache Sling,Java web framework,,,,exact,high
USKL_d872076470a2,skill,USKL_d872076470a2,Apache Subversion,Q46794,skos:exactMatch,https://www.wikidata.org/wiki/Q46794,Apache Subversion,advanced version control system,SVN | svn | Subversion,Subversion | svn | SVN,,exact,high
USKL_487b823d3eb2,skill,USKL_487b823d3eb2,Apache Thrift,Q266257,skos:exactMatch,https://www.wikidata.org/wiki/Q266257,Apache Thrift,data serialization format,,,,exact,high
USKL_36e0e2a7f06b,skill,USKL_36e0e2a7f06b,Apache Tiles,Q28912908,skos:exactMatch,https://www.wikidata.org/wiki/Q28912908,Apache Tiles,templating framework for the development of web application user interfaces,,,,exact,high
USKL_832dece0dbce,skill,USKL_832dece0dbce,Apache TinkerPop,Q20942022,skos:exactMatch,https://www.wikidata.org/wiki/Q20942022,Apache TinkerPop,Graph Computing Framework,TinkerPop,,,exact,high
USKL_1bc5d1faf6aa,skill,USKL_1bc5d1faf6aa,Apache TomEE,Q4778959,skos:exactMatch,https://www.wikidata.org/wiki/Q4778959,Apache TomEE,computer Software,TomEE,,,exact,high
USKL_9cf81b3c1582,skill,USKL_9cf81b3c1582,Apache Torque,Q4778956,skos:exactMatch,https://www.wikidata.org/wiki/Q4778956,Apache Torque,,,,,exact,high
USKL_96ac1eb66bf9,skill,USKL_96ac1eb66bf9,Apache Traffic Server,Q1061377,skos:exactMatch,https://www.wikidata.org/wiki/Q1061377,Apache Traffic Server,proxy server developed by the Apache Software Foundation,Inktomi Traffic Server,,,exact,high
USKL_dc0793778021,skill,USKL_dc0793778021,Apache Turbine,Q11251534,skos:exactMatch,https://www.wikidata.org/wiki/Q11251534,Apache Turbine,Servlet-based web framework,Jakarta Turbine,,,exact,high
USKL_d653175679d3,skill,USKL_d653175679d3,Apache Velocity,Q617156,skos:exactMatch,https://www.wikidata.org/wiki/Q617156,Apache Velocity,Java template engine,,Velocity (informatique),,exact+csv_seed,high
USKL_23712e1ff988,skill,USKL_23712e1ff988,Apache Wicket,Q617162,skos:exactMatch,https://www.wikidata.org/wiki/Q617162,Apache Wicket,web application framework written in Java,,,,exact,high
USKL_e888715d1f64,skill,USKL_e888715d1f64,Apex Data Loader,Q115602902,skos:closeMatch,https://www.wikidata.org/wiki/Q115602902,Data Loader,"Salesforce.com tool for import, export and deletion of data",Salesforce Data Loader | dataloader | Apex Data Loader,,,alias,medium
USKL_9052657807fe,skill,USKL_9052657807fe,AppSense,Q4780799,skos:exactMatch,https://www.wikidata.org/wiki/Q4780799,AppSense,software company in United Kingdom,,,,exact,high
USKL_8ef32881a936,skill,USKL_8ef32881a936,Apple Configurator,Q15733937,skos:exactMatch,https://www.wikidata.org/wiki/Q15733937,Apple Configurator,application developed by Apple Inc,,,,exact,high
USKL_160c71db6d66,skill,USKL_160c71db6d66,Apple Watch,Q70820895,skos:exactMatch,https://www.wikidata.org/wiki/Q70820895,Apple Watch,mobile application developed by Apple,com.apple.Bridge | Watch,,,exact,high
USKL_20592581a686,skill,USKL_20592581a686,Application Foundation Classes,Q4781469,skos:exactMatch,https://www.wikidata.org/wiki/Q4781469,Application Foundation Classes,"graphical framework for building Java-based graphical user interfaces (GUIs), developed by Microsoft",,,,exact,high
USKL_5529ab06ad24,skill,USKL_5529ab06ad24,Appveyor,Q25100033,skos:exactMatch,https://www.wikidata.org/wiki/Q25100033,Appveyor,hosted continuous integration service,,,,exact,high
USKL_5dff8b1d8e23,skill,USKL_5dff8b1d8e23,Aptana,Q2618907,skos:closeMatch,https://www.wikidata.org/wiki/Q2618907,Aptana Inc.,entreprise informatique,Aptana,,,alias,medium
USKL_85972eb8ac5d,skill,USKL_85972eb8ac5d,Aqua Data Studio,Q622921,skos:exactMatch,https://www.wikidata.org/wiki/Q622921,Aqua Data Studio,software,,,,exact,high
USKL_2112ec43630c,skill,USKL_2112ec43630c,ArangoDB,Q20072115,skos:exactMatch,https://www.wikidata.org/wiki/Q20072115,ArangoDB,open-source multi-model database system,,,,exact,high
USKL_6f4460ca997a,skill,USKL_6f4460ca997a,ArcEditor,Q4784989,skos:exactMatch,https://www.wikidata.org/wiki/Q4784989,ArcEditor,,,,,exact,high
USKL_745a83969824,skill,USKL_745a83969824,ArcGIS Engine,Q4784988,skos:exactMatch,https://www.wikidata.org/wiki/Q4784988,ArcGIS Engine,,ArcGIS,,,exact,high
USKL_d646630358b6,skill,USKL_d646630358b6,ArcGIS StoryMaps,Q124101816,skos:closeMatch,https://www.wikidata.org/wiki/Q124101816,ArcGIS StoryMap,product by ESRI creating a story map,StoryMaps | Esri Story Map | ArcGIS StoryMaps | ArcGIS Story Map,,,alias,medium
USKL_8b4b720e32d2,skill,USKL_8b4b720e32d2,ArcIMS,Q4784986,skos:exactMatch,https://www.wikidata.org/wiki/Q4784986,ArcIMS,,,,,exact,high
USKL_8fce334c2dc4,skill,USKL_8fce334c2dc4,ArcInfo,Q2062851,skos:exactMatch,https://www.wikidata.org/wiki/Q2062851,ArcInfo,GIS software,Arc/Info,,,exact,high
USKL_3da451e2eec1,skill,USKL_3da451e2eec1,ArcMap,Q4784993,skos:exactMatch,https://www.wikidata.org/wiki/Q4784993,ArcMap,main component (end of service planned in March 2026) of the “ArcGIS Desktop” geospatial processing programs suite developed by ESRI,,,,exact,high
USKL_61cef638d5c0,skill,USKL_61cef638d5c0,AspectJ,Q735604,skos:exactMatch,https://www.wikidata.org/wiki/Q735604,AspectJ,aspect-oriented programming (AOP) extension created at PARC for the Java programming language,,,,exact,high
USKL_2141db659481,skill,USKL_2141db659481,Auth0,Q56072164,skos:exactMatch,https://www.wikidata.org/wiki/Q56072164,Auth0,Identity-as-a-Service company,,,,exact,high
USKL_3f0043a84f4a,skill,USKL_3f0043a84f4a,AutoIt,Q784845,skos:exactMatch,https://www.wikidata.org/wiki/Q784845,AutoIt,software,,,,exact+csv_seed,high
USKL_be2f2b91d291,skill,USKL_be2f2b91d291,AutoLISP,Q782397,skos:exactMatch,https://www.wikidata.org/wiki/Q782397,AutoLISP,dialect of the programming language Lisp built specifically for use with the full version of AutoCAD and its derivatives,,,,exact+csv_seed,high
USKL_5ecc99ed8ca0,skill,USKL_5ecc99ed8ca0,Automake,Q1324275,skos:exactMatch,https://www.wikidata.org/wiki/Q1324275,Automake,programming tool to automate parts of the compilation process,GNU Automake,Automake,,exact+csv_seed,high
USKL_70a54f77a660,skill,USKL_70a54f77a660,Automatic Storage Management,Q2872616,skos:exactMatch,https://www.wikidata.org/wiki/Q2872616,Automatic Storage Management,storage management subsystem of Oracle Database,Oracle ASM | ASM,,,exact,high
USKL_f3f236666cc3,skill,USKL_f3f236666cc3,Automatically Programmed Tool,Q787227,skos:exactMatch,https://www.wikidata.org/wiki/Q787227,Automatically Programmed Tool,programming language,APT,,,exact,high
USKL_951b6274f080,skill,USKL_951b6274f080,Azure Active Directory,Q24833870,skos:closeMatch,https://www.wikidata.org/wiki/Q24833870,Microsoft Entra ID,system in Microsoft Azure,Microsoft Azure Active Directory | Azure AD | Azure Active Directory,,,alias,medium
USKL_999682e0e298,skill,USKL_999682e0e298,Azure Cosmos DB,Q20707889,skos:exactMatch,https://www.wikidata.org/wiki/Q20707889,Azure Cosmos DB,cloud hosted document-oriented database,CosmosDB | Cosmos DB | Azure DocumentDB | Azure CosmosDB | Cosmos,,,exact,high
USKL_3a9f109a90bd,skill,USKL_3a9f109a90bd,BIOS,Q226264,skos:exactMatch,https://www.wikidata.org/wiki/Q226264,BIOS,common firmware system used to initialize hardware when a computer boots,System BIOS | ROM BIOS | PC BIOS | legacy BIOS | Basic Input/Output System | Basic Input Output System,BIOS | Basic Input-Output System,,exact,high
USKL_b06e8dad0d71,skill,USKL_b06e8dad0d71,BRFplus,Q796935,skos:exactMatch,https://www.wikidata.org/wiki/Q796935,BRFplus,software,,,,exact,high
USKL_3946aa810f64,skill,USKL_3946aa810f64,BackupPC,Q798540,skos:exactMatch,https://www.wikidata.org/wiki/Q798540,BackupPC,disk-to-disk backup software suite with a web-based frontend,,Backuppc,,exact,high
USKL_c3d5c28adfd6,skill,USKL_c3d5c28adfd6,Bacula,Q591063,skos:exactMatch,https://www.wikidata.org/wiki/Q591063,Bacula,free software backup utility,,,,exact,high
USKL_71958918512e,skill,USKL_71958918512e,Baidu,Q14772,skos:exactMatch,https://www.wikidata.org/wiki/Q14772,Baidu,Chinese web services company,"Baidu, Inc. | Bǎidù | Baidu Group | BIDU | BEIJING BAIDU NETCOM SCIENCE AND TECHNOLOGY CO., LTD. (Beijing) | baidu.com","Baidu, Inc.",,exact,high
USKL_f8a5cc0058b4,skill,USKL_f8a5cc0058b4,Bazel,Q25345982,skos:exactMatch,https://www.wikidata.org/wiki/Q25345982,Bazel,software tool that automates software builds and tests,Google Bazel | Bazel Build | Blaze,,,exact,high
USKL_036ab7175cd2,skill,USKL_036ab7175cd2,BeanShell,Q812964,skos:exactMatch,https://www.wikidata.org/wiki/Q812964,BeanShell,Java-like scripting language,,,,exact,high
USKL_0cf5393629ee,skill,USKL_0cf5393629ee,Behat,Q18357265,skos:exactMatch,https://www.wikidata.org/wiki/Q18357265,Behat,test framework for behavior-driven development written in the PHP,,,,exact,high
USKL_a6c44b29e037,skill,USKL_a6c44b29e037,Berkeley DB,Q820854,skos:exactMatch,https://www.wikidata.org/wiki/Q820854,Berkeley DB,software library providing embedded database for key/value data,BDB,Berkeley db,,exact,high
USKL_2e41cf5ef158,skill,USKL_2e41cf5ef158,Bing Search,Q62664806,skos:exactMatch,https://www.wikidata.org/wiki/Q62664806,Bing Search,mobile app for Bing Search,Bing: Chat with AI & GPT-4,Bing : Discuter avec IA & GPT-4,,exact,high
USKL_9d64937f201b,skill,USKL_9d64937f201b,BitLocker Drive Encryption,Q871861,skos:closeMatch,https://www.wikidata.org/wiki/Q871861,BitLocker,Windows encryption software,BitLocker Drive Encryption,Bitlocker,,alias,medium
USKL_1c5bc31ad16d,skill,USKL_1c5bc31ad16d,Bitbucket,Q2493781,skos:exactMatch,https://www.wikidata.org/wiki/Q2493781,Bitbucket,web-based hosting service for software development projects,bitbucket.org | Atlassian Bitbucket,,,exact,high
USKL_1de3a18896ae,skill,USKL_1de3a18896ae,BlackBerry OS,Q880016,skos:exactMatch,https://www.wikidata.org/wiki/Q880016,BlackBerry OS,operating system,,Blackberry OS,,exact,high
USKL_5c64d6cb11a7,skill,USKL_5c64d6cb11a7,BlackBerry World,Q122381,skos:exactMatch,https://www.wikidata.org/wiki/Q122381,BlackBerry World,application distribution service and application by BlackBerry Ltd,BlackBerry App World,,,exact,high
USKL_1bd10527066f,skill,USKL_1bd10527066f,Blazor,Q60749742,skos:exactMatch,https://www.wikidata.org/wiki/Q60749742,Blazor,web programming framework for C# and HTML,,,,exact,high
USKL_a766f6afbc73,skill,USKL_a766f6afbc73,Brakeman,Q54886541,skos:exactMatch,https://www.wikidata.org/wiki/Q54886541,Brakeman,static analysis tool for Rails applications,Brakeman Scanner | Brakeman Pro,,,exact,high
USKL_7b351ea8ab5c,skill,USKL_7b351ea8ab5c,Breakpoint,Q79141345,skos:exactMatch,https://www.wikidata.org/wiki/Q79141345,Breakpoint,Website of articles from the Colson Center for Christian Worldview,,,,exact,high
USKL_363baa3be4b5,skill,USKL_363baa3be4b5,Browserify,Q22906933,skos:exactMatch,https://www.wikidata.org/wiki/Q22906933,Browserify,open-source JavaScript tool,,,,exact,high
USKL_465691cb0d11,skill,USKL_465691cb0d11,Buildbot,Q4986417,skos:exactMatch,https://www.wikidata.org/wiki/Q4986417,Buildbot,free software continuous integration tool,,,,exact,high
USKL_eec3dd429e5f,skill,USKL_eec3dd429e5f,Bulma,Q56297974,skos:exactMatch,https://www.wikidata.org/wiki/Q56297974,Bulma,CSS framework,,,,exact,high
USKL_caafab9e159a,skill,USKL_caafab9e159a,Burp Suite,Q2324584,skos:exactMatch,https://www.wikidata.org/wiki/Q2324584,Burp Suite,Web security software,Burpsuite | Burp suite | Burp,,,exact,high
USKL_8a7d36c0c27a,skill,USKL_8a7d36c0c27a,Business Information System,Q10501290,skos:exactMatch,https://www.wikidata.org/wiki/Q10501290,Business Information System,service jointly maintained by the Finnish Patent and Registration Office and the Finnish Tax Administration,"yritys- ja yhteisötietojärjestelmä | The Business Information System (BIS) | företags- och organisationsdatasystemet | Finnish Business Information System | Business Information System, Finland | Business Information System (BIS)",,,exact,high
USKL_d751dc1149db,skill,USKL_d751dc1149db,BusyBox,Q620558,skos:exactMatch,https://www.wikidata.org/wiki/Q620558,BusyBox,collection of Unix tools in a single executable file,,,,exact,high
USKL_c7c4cb04c4ec,skill,USKL_c7c4cb04c4ec,C++/CLI,Q1022268,skos:exactMatch,https://www.wikidata.org/wiki/Q1022268,C++/CLI,programming language,C++/Common Language Infrastructure | C plus plus/CLI,,,exact,high
USKL_e56127633578,skill,USKL_e56127633578,CA Gen,Q2125673,skos:exactMatch,https://www.wikidata.org/wiki/Q2125673,CA Gen,application development environment marketed by CA Technologies,Information Engineering Facility | IEF,,,exact,high
USKL_c2124ae7e013,skill,USKL_c2124ae7e013,CA-Telon,Q2383975,skos:exactMatch,https://www.wikidata.org/wiki/Q2383975,CA-Telon,,TELON,,,exact,high
USKL_0ed8813a5961,skill,USKL_0ed8813a5961,CA/EZTEST,Q5008463,skos:exactMatch,https://www.wikidata.org/wiki/Q5008463,CA/EZTEST,computer Debug Software Package,,,,exact,high
USKL_056593f0dc57,skill,USKL_056593f0dc57,CBASIC,Q1022951,skos:exactMatch,https://www.wikidata.org/wiki/Q1022951,CBASIC,compiled version of the BASIC programming language,,,,exact,high
USKL_569531420b66,skill,USKL_569531420b66,CFScript,Q5010855,skos:exactMatch,https://www.wikidata.org/wiki/Q5010855,CFScript,CFML programming language extension for ColdFusion,,,,exact,high
USKL_f8260dae2403,skill,USKL_f8260dae2403,CI/CD,Q28136854,skos:exactMatch,https://www.wikidata.org/wiki/Q28136854,CI/CD,softtware developement practices of continuous integration and either continuous delivery or continuous deployment,CICD,,,exact,high
USKL_efaa15f50cfd,skill,USKL_efaa15f50cfd,CLIST,Q579880,skos:exactMatch,https://www.wikidata.org/wiki/Q579880,CLIST,programming language,,,,exact,high
USKL_bc92705dec9a,skill,USKL_bc92705dec9a,CVSNT,Q5014778,skos:exactMatch,https://www.wikidata.org/wiki/Q5014778,CVSNT,software version control system,,,,exact,high
USKL_156108828abe,skill,USKL_156108828abe,Cacti,Q1025056,skos:exactMatch,https://www.wikidata.org/wiki/Q1025056,Cacti,free open source RRDtool,,,,exact,high
USKL_46c2aa76ad73,skill,USKL_46c2aa76ad73,Cadence SKILL,Q5016377,skos:exactMatch,https://www.wikidata.org/wiki/Q5016377,Cadence SKILL,Lisp dialect,,,,exact,high
USKL_919d118cb8d4,skill,USKL_919d118cb8d4,Caffe,Q27643379,skos:exactMatch,https://www.wikidata.org/wiki/Q27643379,Caffe,deep learning framework,Convolutional Architecture for Fast Feature Embedding | Caffe (software) | CAFFE,,,exact,high
USKL_ef7fa0ee78ac,skill,USKL_ef7fa0ee78ac,CakePHP,Q647055,skos:exactMatch,https://www.wikidata.org/wiki/Q647055,CakePHP,web application framework,,,,exact,high
USKL_8d22afa8d876,skill,USKL_8d22afa8d876,CartoDB,Q14933257,skos:closeMatch,https://www.wikidata.org/wiki/Q14933257,Carto,Spanish geospatial technology company,CARTODB Inc. | Carto (company) | CartoDB | CARTO,CartoDB,,alias,medium
USKL_0c280d7c1b9e,skill,USKL_0c280d7c1b9e,Chai,Q115569929,skos:exactMatch,https://www.wikidata.org/wiki/Q115569929,Chai,BDD / TDD assertion library for node,,,,exact,high
USKL_8b1f4ad1ab1f,skill,USKL_8b1f4ad1ab1f,Chatbot,Q138632409,skos:exactMatch,https://www.wikidata.org/wiki/Q138632409,Chatbot,topics referred to by the same term,,,,exact,high
USKL_f8931f6985cc,skill,USKL_f8931f6985cc,Checkmarx,Q99546157,skos:exactMatch,https://www.wikidata.org/wiki/Q99546157,Checkmarx,Software company,,,,exact,high
USKL_787c4eddd503,skill,USKL_787c4eddd503,Checkstyle,Q1068794,skos:exactMatch,https://www.wikidata.org/wiki/Q1068794,Checkstyle,Java static code analysis tool,CS,,,exact,high
USKL_f872181501e7,skill,USKL_f872181501e7,CircleCI,Q38922434,skos:exactMatch,https://www.wikidata.org/wiki/Q38922434,CircleCI,continuous integration service,circleci.com,,,exact,high
USKL_85515e08ef51,skill,USKL_85515e08ef51,Citrix Workspace,Q105394670,skos:exactMatch,https://www.wikidata.org/wiki/Q105394670,Citrix Workspace,Digital workspace software platform,,,,exact,high
USKL_313f4f2dd2be,skill,USKL_313f4f2dd2be,Claroty,Q109986619,skos:exactMatch,https://www.wikidata.org/wiki/Q109986619,Claroty,,,,,exact,high
USKL_590eb1e3db4c,skill,USKL_590eb1e3db4c,ClickOnce,Q1100928,skos:exactMatch,https://www.wikidata.org/wiki/Q1100928,ClickOnce,component of Microsoft .NET Framework 2.0 and later,,,,exact,high
USKL_ffecfc33e581,skill,USKL_ffecfc33e581,Clojure,Q51798,skos:exactMatch,https://www.wikidata.org/wiki/Q51798,Clojure,dialect of the Lisp programming language,,,,exact+csv_seed,high
USKL_fb6ae29e219c,skill,USKL_fb6ae29e219c,Clonezilla,Q1102277,skos:exactMatch,https://www.wikidata.org/wiki/Q1102277,Clonezilla,drive cloning software,Clonezilla SE,Clonezilla SE,,exact,high
USKL_3945a1bb48d1,skill,USKL_3945a1bb48d1,Closed Loop,Q132470780,skos:exactMatch,https://www.wikidata.org/wiki/Q132470780,Closed Loop,Radio Drama based on Doctor Who,,,,exact,high
USKL_27210e22565c,skill,USKL_27210e22565c,Cloud Foundry,Q5135664,skos:exactMatch,https://www.wikidata.org/wiki/Q5135664,Cloud Foundry,"open source, multi-cloud application platform as a service",,,,exact,high
USKL_8ba8c621567a,skill,USKL_8ba8c621567a,Cloud Storage,Q114396281,skos:exactMatch,https://www.wikidata.org/wiki/Q114396281,Cloud Storage,Minecraft mod,,,,exact,high
USKL_ed9bc9dd2aa3,skill,USKL_ed9bc9dd2aa3,Cloudflare,Q4778915,skos:exactMatch,https://www.wikidata.org/wiki/Q4778915,Cloudflare,American internet infrastructure and website security company,"Cloudflare.com | Cloudflare, Inc. | NET | CF",,,exact,high
USKL_82804b6141f0,skill,USKL_82804b6141f0,Cloudify,Q17087093,skos:exactMatch,https://www.wikidata.org/wiki/Q17087093,Cloudify,Cloudify is a TOSCA based cloud orchestration platform,,,,exact,high
USKL_ea5f643fc035,skill,USKL_ea5f643fc035,Cocoa Touch,Q2628895,skos:exactMatch,https://www.wikidata.org/wiki/Q2628895,Cocoa Touch,software development enviroment,,,,exact,high
USKL_c03dd463eb27,skill,USKL_c03dd463eb27,CocoaPods,Q16247893,skos:exactMatch,https://www.wikidata.org/wiki/Q16247893,CocoaPods,dependency manager for Swift and Objective-C Cocoa projects,,,,exact,high
USKL_246e1e26d169,skill,USKL_246e1e26d169,Code Composer Studio,Q2981424,skos:exactMatch,https://www.wikidata.org/wiki/Q2981424,Code Composer Studio,integrated development environment,CCStudio | CCS,,,exact,high
USKL_b1413c537645,skill,USKL_b1413c537645,CodeIgniter,Q339829,skos:exactMatch,https://www.wikidata.org/wiki/Q339829,CodeIgniter,PHP framework,,,,exact+csv_seed,high
USKL_0fa1f12a12b7,skill,USKL_0fa1f12a12b7,ColdFusion Markup Language,Q2524362,skos:exactMatch,https://www.wikidata.org/wiki/Q2524362,ColdFusion Markup Language,scripting language for web development,CFML,,,exact+csv_seed,high
USKL_689fa46c3873,skill,USKL_689fa46c3873,Command Prompt,Q310897,skos:exactMatch,https://www.wikidata.org/wiki/Q310897,Command Prompt,shell for Windows NT and other operating systems,Windows Command Prompt | Windows Command Processor | Command Processor | CMD.EXE | cmd.exe | cmd,Cmd exe | CMD.EXE | Commandes cmd | Commandes OS/2 | Commandes Windows NT | Invite de commandes,,exact,high
USKL_782aae2f0694,skill,USKL_782aae2f0694,Common Language Runtime,Q733134,skos:exactMatch,https://www.wikidata.org/wiki/Q733134,Common Language Runtime,virtual machine component of Microsoft's .NET framework,"Common Language Runtime, CLR | .NET CLR | CLR",,,exact,high
USKL_680f72569986,skill,USKL_680f72569986,CommunityViz,Q5154605,skos:exactMatch,https://www.wikidata.org/wiki/Q5154605,CommunityViz,extensions to ArcGIS Geographic Information System software,,,,exact,high
USKL_580169aa9416,skill,USKL_580169aa9416,Complex Networks,Q5156550,skos:closeMatch,https://www.wikidata.org/wiki/Q5156550,Complex,American media and entertainment company,"Complex Networks | Complex Media, Inc. | Complex magazine and guide | Complex Gaming",,,alias,medium
USKL_a2ed97f6f04f,skill,USKL_a2ed97f6f04f,Content Security Policy,Q1128636,skos:exactMatch,https://www.wikidata.org/wiki/Q1128636,Content Security Policy,"computer security concept, to prevent cross-site scripting and related attacks",Content-Security-Policy | CSP,,,exact,high
USKL_b0731823c01d,skill,USKL_b0731823c01d,Core Audio,Q1132463,skos:exactMatch,https://www.wikidata.org/wiki/Q1132463,Core Audio,application programming interface in Apple's macOS and iOS,,,,exact,high
USKL_178118f5be52,skill,USKL_178118f5be52,CoreOS,Q15984850,skos:closeMatch,https://www.wikidata.org/wiki/Q15984850,Container Linux,Linux distribution,CoreOS,,,alias,medium
USKL_7a635174d4d2,skill,USKL_7a635174d4d2,CouchDB,Q1136882,skos:closeMatch,https://www.wikidata.org/wiki/Q1136882,Apache CouchDB,document-oriented DBMS,CouchDB | Couch,Couch | CouchDB,,alias,medium
USKL_dc04a5943c09,skill,USKL_dc04a5943c09,Cucumber,Q5192416,skos:exactMatch,https://www.wikidata.org/wiki/Q5192416,Cucumber,software tool for behavior-driven development,,,,exact,high
USKL_82b59406a056,skill,USKL_82b59406a056,Cyber Security,Q3510521,skos:closeMatch,https://www.wikidata.org/wiki/Q3510521,computer security,"protection of computer systems and networks from theft, damage, misuse or data leak",computer security industry | information technology security | cyber security | IT security | cybersecurity,sécurité informatique | sécurité du système d’information,,alias,medium
USKL_d58a74f3883e,skill,USKL_d58a74f3883e,CyberArk,Q5197666,skos:exactMatch,https://www.wikidata.org/wiki/Q5197666,CyberArk,publicly traded information security company,"CyberArk Software, Inc. | CyberArk Software | Cyber-Ark | Cyber Ark",,,exact,high
USKL_bd642e95c8f1,skill,USKL_bd642e95c8f1,Cyberduck,Q1147137,skos:exactMatch,https://www.wikidata.org/wiki/Q1147137,Cyberduck,open source FTP client,CyberDuck,,,exact,high
USKL_4b14ab96ba4e,skill,USKL_4b14ab96ba4e,Cygwin,Q216192,skos:exactMatch,https://www.wikidata.org/wiki/Q216192,Cygwin,Unix subsystem for Windows machines,,Cygwin32,,exact,high
USKL_42351a585c65,skill,USKL_42351a585c65,Cypher Query Language,Q16834355,skos:exactMatch,https://www.wikidata.org/wiki/Q16834355,Cypher Query Language,declarative graph query language for the Neo4j graph database,CQL | Cypher,,,exact,high
USKL_df73d78044de,skill,USKL_df73d78044de,D3.js,Q3011087,skos:exactMatch,https://www.wikidata.org/wiki/Q3011087,D3.js,JavaScript data visualization library using SVG and CSS,Data-Driven Documents | d3js | D3,,,exact,high
USKL_b7a55695e3b3,skill,USKL_b7a55695e3b3,DIGITAL Command Language,Q427002,skos:exactMatch,https://www.wikidata.org/wiki/Q427002,DIGITAL Command Language,command language adopted by several operating systems (OSs),DCL,,,exact+csv_seed,high
USKL_295a3b54d25f,skill,USKL_295a3b54d25f,DLX,Q71396719,skos:exactMatch,https://www.wikidata.org/wiki/Q71396719,DLX,,,,,exact,high
USKL_efd3659c3a0a,skill,USKL_efd3659c3a0a,Daemon Tools,Q874892,skos:exactMatch,https://www.wikidata.org/wiki/Q874892,Daemon Tools,software,,Daemon-Tools | Daemons tools,,exact,high
USKL_46b3a53578f6,skill,USKL_46b3a53578f6,Dapper ORM,Q5221802,skos:exactMatch,https://www.wikidata.org/wiki/Q5221802,Dapper ORM,object-relational database software,,,,exact,high
USKL_07416491d48d,skill,USKL_07416491d48d,Dart,Q406009,skos:exactMatch,https://www.wikidata.org/wiki/Q406009,Dart,programming language,Google Dart | ECMA-408,ECMA-408 | Google Dart,,exact+csv_seed,high
USKL_fe5212457af8,skill,USKL_fe5212457af8,Das U-Boot,Q1170607,skos:exactMatch,https://www.wikidata.org/wiki/Q1170607,Das U-Boot,multi-platform free software boot loader,Universal Boot Loader | uboot | u-boot,u-boot,,exact,high
USKL_fad1be0a55fc,skill,USKL_fad1be0a55fc,Datadog,Q16248637,skos:exactMatch,https://www.wikidata.org/wiki/Q16248637,Datadog,US IT company,,,,exact,high
USKL_07e714eb7a2b,skill,USKL_07e714eb7a2b,Dataflow,Q60146662,skos:exactMatch,https://www.wikidata.org/wiki/Q60146662,Dataflow,data processing service offered by Google's Cloud Platform,Cloud Dataflow,,,exact,high
USKL_88f8a00c3b19,skill,USKL_88f8a00c3b19,DbVisualizer,Q104404504,skos:exactMatch,https://www.wikidata.org/wiki/Q104404504,DbVisualizer,,,,,exact,high
USKL_6a7b1050b498,skill,USKL_6a7b1050b498,Deeplearning4j,Q18206387,skos:exactMatch,https://www.wikidata.org/wiki/Q18206387,Deeplearning4j,open source deep learning library,DL4J,,,exact,high
USKL_0f9497adec75,skill,USKL_0f9497adec75,DevExpress,Q139659916,skos:exactMatch,https://www.wikidata.org/wiki/Q139659916,DevExpress,software development application,,,,exact,high
USKL_2813cf693205,skill,USKL_2813cf693205,Digital Guardian,Q24807559,skos:exactMatch,https://www.wikidata.org/wiki/Q24807559,Digital Guardian,,,,,exact,high
USKL_b71049c8409d,skill,USKL_b71049c8409d,DirSync Pro,Q3029316,skos:exactMatch,https://www.wikidata.org/wiki/Q3029316,DirSync Pro,discontinued computer file synchronization software,DirSyncPro,,,exact,high
USKL_fef3754d87de,skill,USKL_fef3754d87de,Direct3D,Q939208,skos:exactMatch,https://www.wikidata.org/wiki/Q939208,Direct3D,API used in Microsoft DirectX for 3D rendering,Microsoft Direct3D | D3D,,,exact,high
USKL_ae8f555bbfbf,skill,USKL_ae8f555bbfbf,Docker Compose,Q66317867,skos:exactMatch,https://www.wikidata.org/wiki/Q66317867,Docker Compose,software,docker-compose,,,exact,high
USKL_082e4840fe6e,skill,USKL_082e4840fe6e,Docker Hub,Q100769064,skos:exactMatch,https://www.wikidata.org/wiki/Q100769064,Docker Hub,hosting service for Docker repository,,,,exact,high
USKL_3a3505be99c9,skill,USKL_3a3505be99c9,Dockerfile,Q105856101,skos:exactMatch,https://www.wikidata.org/wiki/Q105856101,Dockerfile,file format,Containerfile,,,exact,high
USKL_f17c09cda0bf,skill,USKL_f17c09cda0bf,Document Structure Description,Q265904,skos:exactMatch,https://www.wikidata.org/wiki/Q265904,Document Structure Description,schema language for describing valid XML documents,DSD,,,exact,high
USKL_a830cbab0262,skill,USKL_a830cbab0262,Document Type Definition,Q212327,skos:exactMatch,https://www.wikidata.org/wiki/Q212327,Document Type Definition,set of markup declarations that define a document type for an SGML-family markup language,DTD,définition de type de document | Définition de Type de Document | Doctype | DTD,,exact,high
USKL_2a1c8d7f4763,skill,USKL_2a1c8d7f4763,Documentum,Q5287684,skos:exactMatch,https://www.wikidata.org/wiki/Q5287684,Documentum,enterprise content management platform,OpenText Documentum Content Managemen,,,exact,high
USKL_4138c7971df5,skill,USKL_4138c7971df5,Dojo Toolkit,Q956343,skos:closeMatch,https://www.wikidata.org/wiki/Q956343,Dojo,"Modular JavaScript framework designed to ease the rapid development of cross-platform, JavaScript/Ajax-based applications and web sites.",Dojo 2 | ng-dhtml | dōjō toolkit | Dojo Toolkit,Dojo Toolkit,,alias,medium
USKL_aa0fce5c9064,skill,USKL_aa0fce5c9064,DotNetNuke,Q1251148,skos:closeMatch,https://www.wikidata.org/wiki/Q1251148,DNN,"formerly DotNetNuke, a web content management system developed by DNN Corporation",DotNetNuke,,,alias,medium
USKL_9f0b7c0df9d5,skill,USKL_9f0b7c0df9d5,Dovecot,Q742820,skos:exactMatch,https://www.wikidata.org/wiki/Q742820,Dovecot,free software IMAP and POP3 server,,,,exact,high
USKL_b96dc7120b61,skill,USKL_b96dc7120b61,Drush,Q15783391,skos:exactMatch,https://www.wikidata.org/wiki/Q15783391,Drush,command-line shell and scripting interface for Drupal,,,,exact,high
USKL_c2db2eb0d53a,skill,USKL_c2db2eb0d53a,EHealth,Q20160772,skos:closeMatch,https://www.wikidata.org/wiki/Q20160772,eHealth platform,Belgian public body,EHealth,eGezondheid | eHealth | eSanté,,alias,medium
USKL_298ebf685e32,skill,USKL_298ebf685e32,Easy Java Simulations,Q5331134,skos:exactMatch,https://www.wikidata.org/wiki/Q5331134,Easy Java Simulations,open source physics simulations,,,,exact,high
USKL_56378aa3fc5e,skill,USKL_56378aa3fc5e,Easytrieve,Q1278381,skos:exactMatch,https://www.wikidata.org/wiki/Q1278381,Easytrieve,report generator,,,,exact,high
USKL_ab7ae7b979b7,skill,USKL_ab7ae7b979b7,Ebean,Q5331584,skos:exactMatch,https://www.wikidata.org/wiki/Q5331584,Ebean,object–relational mapping software,,,,exact,high
USKL_2bd6bd227910,skill,USKL_2bd6bd227910,EchoSign,Q5332650,skos:closeMatch,https://www.wikidata.org/wiki/Q5332650,Adobe Sign,E-signatures & digital signing software,EchoSign | Adobe Echosign,,,alias,medium
USKL_0662ec4b108b,skill,USKL_0662ec4b108b,Eclipse Modeling Framework,Q1281972,skos:exactMatch,https://www.wikidata.org/wiki/Q1281972,Eclipse Modeling Framework,modeling framework and code generation facility for building tools and other applications based on a structured data model,EMF,,,exact,high
USKL_f9703c0339b8,skill,USKL_f9703c0339b8,EclipseLink,Q897058,skos:exactMatch,https://www.wikidata.org/wiki/Q897058,EclipseLink,Eclipse Persistence Services Project,EclipseLink Project,,,exact,high
USKL_db675d3efe37,skill,USKL_db675d3efe37,Ehcache,Q277784,skos:exactMatch,https://www.wikidata.org/wiki/Q277784,Ehcache,distributed cache software,,,,exact,high
USKL_882006baea67,skill,USKL_882006baea67,Ekahau Site Survey,Q5350272,skos:exactMatch,https://www.wikidata.org/wiki/Q5350272,Ekahau Site Survey,enterprise-grade Wi-Fi design and maintenance tool for Wi-Fi professionals,,,,exact,high
USKL_7510af2562e9,skill,USKL_7510af2562e9,Ektron,Q5350618,skos:exactMatch,https://www.wikidata.org/wiki/Q5350618,Ektron,,,,,exact,high
USKL_1cee85026edb,skill,USKL_1cee85026edb,Elixir,Q5362035,skos:exactMatch,https://www.wikidata.org/wiki/Q5362035,Elixir,programming language,,,,exact+csv_seed,high
USKL_365ce77f8ac2,skill,USKL_365ce77f8ac2,Eltron Programming Language,Q5367900,skos:exactMatch,https://www.wikidata.org/wiki/Q5367900,Eltron Programming Language,printer control language,EPL,,,exact,high
USKL_6c8b3efa886c,skill,USKL_6c8b3efa886c,Emacs,Q189722,skos:exactMatch,https://www.wikidata.org/wiki/Q189722,Emacs,family of text editors,MIT TECO EMACS | Emacs family of text editors | Emacs family editors | EMACS | Editor MACroS,EMACS | Editing MACroS,,exact,high
USKL_6e9b58217e1c,skill,USKL_6e9b58217e1c,Embedded C,Q5369984,skos:exactMatch,https://www.wikidata.org/wiki/Q5369984,Embedded C,C language extensions for embedded systems,,,,exact,high
USKL_2fb802536e2c,skill,USKL_2fb802536e2c,Ember.js,Q13592527,skos:exactMatch,https://www.wikidata.org/wiki/Q13592527,Ember.js,JavaScript framework,,,,exact,high
USKL_4d6097134e87,skill,USKL_4d6097134e87,Endpoint Security,Q125475382,skos:exactMatch,https://www.wikidata.org/wiki/Q125475382,Endpoint Security,macOS framework,Endpoint Security Framework,,,exact,high
USKL_6fb6ebae2ec0,skill,USKL_6fb6ebae2ec0,Enscribe,Q5379930,skos:exactMatch,https://www.wikidata.org/wiki/Q5379930,Enscribe,hierarchical database,,,,exact,high
USKL_af3681685046,skill,USKL_af3681685046,Entity Framework,Q851939,skos:exactMatch,https://www.wikidata.org/wiki/Q851939,Entity Framework,object-relational mapping framework for ADO.NET,ADO.NET Entity Framework | EF,,,exact,high
USKL_6ca04c199207,skill,USKL_6ca04c199207,Erdas Imagine,Q1275764,skos:closeMatch,https://www.wikidata.org/wiki/Q1275764,Octave Imagine remote sensing software,software for analysing geospatial data,Erdas Imagine,Erdas Imagine,,alias,medium
USKL_8f30d7194e22,skill,USKL_8f30d7194e22,ESLint,Q55452824,skos:exactMatch,https://www.wikidata.org/wiki/Q55452824,ESLint,JavaScript code analysis software,,,,exact,high
USKL_4ad6770c9c53,skill,USKL_4ad6770c9c53,Ethereum,Q16783523,skos:exactMatch,https://www.wikidata.org/wiki/Q16783523,Ethereum,public blockchain platform with programmable transaction functionality,ETH Mainnet | Ethereum Chain | ETH Network | ETH blockchain | Ethereum platform | Ethereum network | Ethereum blockchain | Ξ | ethereum.org | ETH | Ether,,,exact,high
USKL_f565a17da4d9,skill,USKL_f565a17da4d9,Ethereum Virtual Machine,Q139953717,skos:exactMatch,https://www.wikidata.org/wiki/Q139953717,Ethereum Virtual Machine,The runtime environment used for the ethereum blockchain,,,,exact,high
USKL_2f50cce4110e,skill,USKL_2f50cce4110e,Event Viewer,Q360204,skos:exactMatch,https://www.wikidata.org/wiki/Q360204,Event Viewer,component of Microsoft's Windows operating system,,,,exact,high
USKL_cc3236cbd711,skill,USKL_cc3236cbd711,Express.js,Q16878131,skos:exactMatch,https://www.wikidata.org/wiki/Q16878131,Express.js,JavaScript server-side/backend web framework for node.js,Expressjs | Express,Expressjs | Express,,exact,high
USKL_16ea747bec10,skill,USKL_16ea747bec10,F#,Q648619,skos:exactMatch,https://www.wikidata.org/wiki/Q648619,F#,Microsoft programming language,FSharp | F Sharp | F♯,F♯ | Fsharp,,exact+csv_seed,high
USKL_37717942a588,skill,USKL_37717942a588,Facelets,Q917721,skos:exactMatch,https://www.wikidata.org/wiki/Q917721,Facelets,open-source Web template system,view,,,exact,high
USKL_1eccccc92c49,skill,USKL_1eccccc92c49,FastAPI,Q101119404,skos:exactMatch,https://www.wikidata.org/wiki/Q101119404,FastAPI,software framework for developing web applications in Python,fastapi,,,exact,high
USKL_48244fba08a0,skill,USKL_48244fba08a0,Fedora Linux,Q48267,skos:exactMatch,https://www.wikidata.org/wiki/Q48267,Fedora Linux,Linux distribution,,,,exact,high
USKL_1161f8f1b4dd,skill,USKL_1161f8f1b4dd,File Manager,Q1172307,skos:exactMatch,https://www.wikidata.org/wiki/Q1172307,File Manager,"file manager bundled with Microsoft Windows in the 1990s, now open source and ported to modern Windows",,,,exact,high
USKL_426457228e42,skill,USKL_426457228e42,FileZilla,Q300662,skos:exactMatch,https://www.wikidata.org/wiki/Q300662,FileZilla,free and cross-platform FTP software,,,,exact,high
USKL_c7dc39568660,skill,USKL_c7dc39568660,Firebase,Q18150728,skos:exactMatch,https://www.wikidata.org/wiki/Q18150728,Firebase,cloud services provider and app development platform,"Google Firebase | Firebase, Inc.",,,exact,high
USKL_c6dce8226f26,skill,USKL_c6dce8226f26,Firebug,Q1321700,skos:exactMatch,https://www.wikidata.org/wiki/Q1321700,Firebug,web development add-on for Firefox,,,,exact,high
USKL_82c4cf92cd04,skill,USKL_82c4cf92cd04,Firewall,Q132469204,skos:exactMatch,https://www.wikidata.org/wiki/Q132469204,Firewall,Radio Drama based on Doctor Who,,,,exact,high
USKL_c516fb306297,skill,USKL_c516fb306297,Flutter,Q39072787,skos:exactMatch,https://www.wikidata.org/wiki/Q39072787,Flutter,open-source UI software development kit for cross-platform applications,,,,exact+csv_seed,high
USKL_2ee493f024bf,skill,USKL_2ee493f024bf,Flux,Q128801793,skos:exactMatch,https://www.wikidata.org/wiki/Q128801793,Flux,suite of text-to-image models,FLUX.1-schnell | FLUX.1-pro | FLUX.1-dev | FLUX.1 | Flux AI,,,exact,high
USKL_70baf713b0f2,skill,USKL_70baf713b0f2,Fortinet,Q2749364,skos:exactMatch,https://www.wikidata.org/wiki/Q2749364,Fortinet,network security corporation,"FTNT | Fortinet, Inc. | Fortinet Inc. | ftn",Fortinet Inc.,,exact,high
USKL_cff4b0cf558e,skill,USKL_cff4b0cf558e,FoxPro,Q2507721,skos:exactMatch,https://www.wikidata.org/wiki/Q2507721,FoxPro,programming language,,,,exact,high
USKL_5fbb5d5112e3,skill,USKL_5fbb5d5112e3,FpML,Q1306880,skos:closeMatch,https://www.wikidata.org/wiki/Q1306880,Financial products Markup Language,XML-based markup language,FpML,,,alias,medium
USKL_c2355efe83da,skill,USKL_c2355efe83da,FreeBSD,Q34236,skos:exactMatch,https://www.wikidata.org/wiki/Q34236,FreeBSD,free Unix-like operating system,,,,exact,high
USKL_af2d58f30a19,skill,USKL_af2d58f30a19,FreeMarker,Q1138215,skos:exactMatch,https://www.wikidata.org/wiki/Q1138215,FreeMarker,Java-based template engine,Apache FreeMarker,,,exact+csv_seed,high
USKL_df1611af4190,skill,USKL_df1611af4190,FreeNAS,Q1328132,skos:closeMatch,https://www.wikidata.org/wiki/Q1328132,TrueNAS,open-source operating system designed for file sharing,FreeNAS,FreeNAS,,alias,medium
USKL_23ceaae09243,skill,USKL_23ceaae09243,FreeRADIUS,Q2424806,skos:exactMatch,https://www.wikidata.org/wiki/Q2424806,FreeRADIUS,open source RADIUS server,,,,exact,high
USKL_ba3aa10a23b1,skill,USKL_ba3aa10a23b1,FreeRTOS,Q1186761,skos:exactMatch,https://www.wikidata.org/wiki/Q1186761,FreeRTOS,Real-time operating system,,,,exact,high
USKL_dfcbc64c657c,skill,USKL_dfcbc64c657c,FreeSWITCH,Q2071303,skos:exactMatch,https://www.wikidata.org/wiki/Q2071303,FreeSWITCH,"free and open-source application server for real-time communication, WebRTC, telecommunications, video and Voice over Internet Protocol",,,,exact,high
USKL_ac17039f4405,skill,USKL_ac17039f4405,FxCop,Q1478575,skos:exactMatch,https://www.wikidata.org/wiki/Q1478575,FxCop,static code analysis tool,,,,exact,high
USKL_80755a615fca,skill,USKL_80755a615fca,GNS3,Q15077385,skos:exactMatch,https://www.wikidata.org/wiki/Q15077385,GNS3,network software emulator,Graphical Network Simulator-3,,,exact,high
USKL_d0f222ad3f74,skill,USKL_d0f222ad3f74,GNU Compiler Collection,Q178940,skos:exactMatch,https://www.wikidata.org/wiki/Q178940,GNU Compiler Collection,"optimizing compiler produced by the GNU Project, key component of the GNU tool-chain and standard compiler for most projects related to GNU and the Linux kernel.",GNU C++ Compiler | G++ | Gcc | GCC | GNU C Compiler,GCC,,exact,high
USKL_8e2a70cc8041,skill,USKL_8e2a70cc8041,Galera,Q72233759,skos:exactMatch,https://www.wikidata.org/wiki/Q72233759,Galera,,,,,exact,high
USKL_d35449cb55fe,skill,USKL_d35449cb55fe,Gearman,Q5529489,skos:exactMatch,https://www.wikidata.org/wiki/Q5529489,Gearman,,,,,exact,high
USKL_c3d77c0fa7bd,skill,USKL_c3d77c0fa7bd,General Graphics Interface,Q5531930,skos:exactMatch,https://www.wikidata.org/wiki/Q5531930,General Graphics Interface,,,,,exact,high
USKL_3d437dd9e9d3,skill,USKL_3d437dd9e9d3,Genesys,Q22908616,skos:exactMatch,https://www.wikidata.org/wiki/Q22908616,Genesys,website,,,,exact,high
USKL_47bfa86416c6,skill,USKL_47bfa86416c6,Gentoo Linux,Q170378,skos:exactMatch,https://www.wikidata.org/wiki/Q170378,Gentoo Linux,Linux distribution,Gentoo | Enoch Linux | Enoch,Gentoo,,exact,high
USKL_c59ab69d69a3,skill,USKL_c59ab69d69a3,GeoMedia,Q5533906,skos:exactMatch,https://www.wikidata.org/wiki/Q5533906,GeoMedia,,,,,exact,high
USKL_9b4e0e323653,skill,USKL_9b4e0e323653,GeoServer,Q1502779,skos:exactMatch,https://www.wikidata.org/wiki/Q1502779,GeoServer,"open-source geospatial data server, written in Java",,,,exact,high
USKL_7fab87d64b78,skill,USKL_7fab87d64b78,Geonames,Q65923914,skos:exactMatch,https://www.wikidata.org/wiki/Q65923914,Geonames,"official database of geographical names of the Czech Republic, operated by ČÚZK",database of geographical names of the Czech Republic,,,exact,high
USKL_29fea8adce24,skill,USKL_29fea8adce24,Gitorious,Q5565140,skos:exactMatch,https://www.wikidata.org/wiki/Q5565140,Gitorious,"société produisant un site et code de forge logicielle libre utilisant git, rachetée par GitLab en mars 2015",gitorious.org,,,exact,high
USKL_0cadeecafc9e,skill,USKL_0cadeecafc9e,Global File System,Q5486715,skos:exactMatch,https://www.wikidata.org/wiki/Q5486715,Global File System,shared-disk file system for Linux computer clusters,,,,exact,high
USKL_4bb808e5224b,skill,USKL_4bb808e5224b,Global Mapper,Q4039494,skos:exactMatch,https://www.wikidata.org/wiki/Q4039494,Global Mapper,geographic information system (GIS) software,,,,exact,high
USKL_bd3d490848f8,skill,USKL_bd3d490848f8,GlusterFS,Q830550,skos:exactMatch,https://www.wikidata.org/wiki/Q830550,GlusterFS,distributed file system,,GlusterFS File System,,exact,high
USKL_37e83f2c0923,skill,USKL_37e83f2c0923,GoToAssist,Q5574647,skos:exactMatch,https://www.wikidata.org/wiki/Q5574647,GoToAssist,cloud-based remote support platform,,,,exact,high
USKL_1b7875973011,skill,USKL_1b7875973011,Google APIs,Q5583797,skos:exactMatch,https://www.wikidata.org/wiki/Q5583797,Google APIs,application programming interfaces for Google services,,,,exact,high
USKL_bae9cfefba5c,skill,USKL_bae9cfefba5c,Google Alerts,Q2067785,skos:exactMatch,https://www.wikidata.org/wiki/Q2067785,Google Alerts,service by Google,,,,exact,high
USKL_dea382385f73,skill,USKL_dea382385f73,Google Apps Script,Q5583799,skos:exactMatch,https://www.wikidata.org/wiki/Q5583799,Google Apps Script,scripting platform developed by Google,GAS,,,exact,high
USKL_de41ce793b47,skill,USKL_de41ce793b47,Google AutoML,Q59902830,skos:exactMatch,https://www.wikidata.org/wiki/Q59902830,Google AutoML,service to train and deploy custom machine learning models to Google Cloud Platform,Cloud AutoML,,,exact,high
USKL_6afa846ba08c,skill,USKL_6afa846ba08c,Google Closure Tools,Q79554,skos:exactMatch,https://www.wikidata.org/wiki/Q79554,Google Closure Tools,software,Closure Compiler,,,exact,high
USKL_c5c4825b0bf6,skill,USKL_c5c4825b0bf6,Google Cloud,Q125850907,skos:exactMatch,https://www.wikidata.org/wiki/Q125850907,Google Cloud,mobile app,,,,exact,high
USKL_5dcc054333d4,skill,USKL_5dcc054333d4,Google Cloud Messaging,Q5583818,skos:exactMatch,https://www.wikidata.org/wiki/Q5583818,Google Cloud Messaging,mobile notification service,GCM,,,exact,high
USKL_80fe5403ad1a,skill,USKL_80fe5403ad1a,Google Code,Q10507565,skos:exactMatch,https://www.wikidata.org/wiki/Q10507565,Google Code,website,,,,exact,high
USKL_d1a4c560d007,skill,USKL_d1a4c560d007,Google Earth,Q42274,skos:exactMatch,https://www.wikidata.org/wiki/Q42274,Google Earth,virtual map program developed by Google,GoogleEarth | GE,Earth Viewer | Google Ocean | Google Terre,,exact,high
USKL_ffa2c8bafa88,skill,USKL_ffa2c8bafa88,Google Groups,Q840820,skos:exactMatch,https://www.wikidata.org/wiki/Q840820,Google Groups,service from Google that provides discussion groups,groups.google.com,Google Groups | Groupes Google,,exact,high
USKL_355a8fb12919,skill,USKL_355a8fb12919,Google Guice,Q1537677,skos:exactMatch,https://www.wikidata.org/wiki/Q1537677,Google Guice,open-source software framework,,Guice,,exact,high
USKL_ea0f03e8ee19,skill,USKL_ea0f03e8ee19,Google Home,Q125464114,skos:exactMatch,https://www.wikidata.org/wiki/Q125464114,Google Home,mobile app,,,,exact,high
USKL_1aca66410fa9,skill,USKL_1aca66410fa9,Google Kubernetes Engine,Q59848767,skos:exactMatch,https://www.wikidata.org/wiki/Q59848767,Google Kubernetes Engine,cloud-based platform for running containerized applications,GKE,,,exact,high
USKL_f3632e7965d5,skill,USKL_f3632e7965d5,Google Play,Q79576,skos:exactMatch,https://www.wikidata.org/wiki/Q79576,Google Play,digital software distribution platform from Google,Google Playstore | Android App Store | Playstore,,,exact,high
USKL_ec739cabe4cc,skill,USKL_ec739cabe4cc,Google Search Appliance,Q3306623,skos:exactMatch,https://www.wikidata.org/wiki/Q3306623,Google Search Appliance,rack-mounted device,GSA,,,exact,high
USKL_d59d0bc77e4f,skill,USKL_d59d0bc77e4f,Google Cloud Storage,Q4605228,skos:exactMatch,https://www.wikidata.org/wiki/Q4605228,Google Cloud Storage,cloud storage service offered by Google's Cloud Platform,Google Storage | Cloud Storage,,,exact,high
USKL_674c58a3ab30,skill,USKL_674c58a3ab30,Google Voice,Q51712,skos:exactMatch,https://www.wikidata.org/wiki/Q51712,Google Voice,telecommunications service by Google,GrandCentral,,,exact,high
USKL_53c7aaea5753,skill,USKL_53c7aaea5753,Gprof,Q3112910,skos:closeMatch,https://www.wikidata.org/wiki/Q3112910,GNU profiler,"GNU profiling tool, part of binutils",Gprof | gprof,gprof | Gprof,,alias,medium
USKL_3e3f0f97ca24,skill,USKL_3e3f0f97ca24,GraphDB,Q58425577,skos:closeMatch,https://www.wikidata.org/wiki/Q58425577,Ontotext GraphDB,A highly efficient and robust graph database system with RDF and SPARQL support,GraphDB,,,alias,medium
USKL_e6c52c24cadc,skill,USKL_e6c52c24cadc,Graphics Device Interface,Q1046656,skos:exactMatch,https://www.wikidata.org/wiki/Q1046656,Graphics Device Interface,Microsoft Windows component responsible for representing objects as output devices such as monitors and printers,GDI32.DLL | GDI.EXE | GDI,GDI32.dll,,exact,high
USKL_205d6bf0a083,skill,USKL_205d6bf0a083,Graphite,Q1027984,skos:exactMatch,https://www.wikidata.org/wiki/Q1027984,Graphite,programmable Unicode-compliant smart-font technology and rendering system developed by SIL International as free software,graphite2,,,exact,high
USKL_e6c61dbd658e,skill,USKL_e6c61dbd658e,Grep,Q132204074,skos:exactMatch,https://www.wikidata.org/wiki/Q132204074,Grep,creative work by Loss Pequeño Glazier,,,,exact,high
USKL_126237cffb0b,skill,USKL_126237cffb0b,Group Policy,Q263678,skos:exactMatch,https://www.wikidata.org/wiki/Q263678,Group Policy,policy management system in Microsoft Windows,,,,exact,high
USKL_89d9763e93d7,skill,USKL_89d9763e93d7,Gunicorn,Q5618801,skos:exactMatch,https://www.wikidata.org/wiki/Q5618801,Gunicorn,web server,gunicorn,gunicorn,,exact,high
USKL_e0fef01ad031,skill,USKL_e0fef01ad031,HAProxy,Q5628948,skos:exactMatch,https://www.wikidata.org/wiki/Q5628948,HAProxy,free software,,,,exact,high
USKL_0426e7f1f4e5,skill,USKL_0426e7f1f4e5,HFS Plus,Q1071337,skos:exactMatch,https://www.wikidata.org/wiki/Q1071337,HFS Plus,file system developed by Apple,Mac OS Extended | Hierarchical File System Plus | HFS+ | HFS Extended,HFS plus | Systeme de fichiers HFSX | Système de fichiers hfsx,,exact,high
USKL_4d1a8202cdf4,skill,USKL_4d1a8202cdf4,HP 3000,Q1259157,skos:exactMatch,https://www.wikidata.org/wiki/Q1259157,HP 3000,mini computer series by HP,,,,exact,high
USKL_f3bdcb52a8e8,skill,USKL_f3bdcb52a8e8,HP OpenView,Q515316,skos:exactMatch,https://www.wikidata.org/wiki/Q515316,HP OpenView,former HP network and systems management software products,,,,exact,high
USKL_aa6066fd1590,skill,USKL_aa6066fd1590,HP Web Jetadmin,Q3177794,skos:closeMatch,https://www.wikidata.org/wiki/Q3177794,Jetadmin,computer program for administration of network printers,HP Web Jetadmin | HP Jetadmin,,,alias,medium
USKL_ba89d43589bd,skill,USKL_ba89d43589bd,HP-UX,Q847593,skos:exactMatch,https://www.wikidata.org/wiki/Q847593,HP-UX,proprietary Unix operating system,,HP/UX,,exact,high
USKL_c2d399cb393c,skill,USKL_c2d399cb393c,HTML Application,Q1566078,skos:exactMatch,https://www.wikidata.org/wiki/Q1566078,HTML Application,file format,.hta | HTA,.hta,,exact,high
USKL_e37f3061662c,skill,USKL_e37f3061662c,HTML Components,Q5636096,skos:exactMatch,https://www.wikidata.org/wiki/Q5636096,HTML Components,file format,,,,exact,high
USKL_540beec04038,skill,USKL_540beec04038,HTML5,Q2053,skos:exactMatch,https://www.wikidata.org/wiki/Q2053,HTML5,fifth and current version of the hypertext markup language,HTML 5,,,exact+csv_seed,high
USKL_d36575084641,skill,USKL_d36575084641,HackerOne,Q22022648,skos:exactMatch,https://www.wikidata.org/wiki/Q22022648,HackerOne,cybersecurity company,,,,exact,high
USKL_91ef14c21b65,skill,USKL_91ef14c21b65,Hazelcast,Q17021540,skos:exactMatch,https://www.wikidata.org/wiki/Q17021540,Hazelcast,Unified real-time data platform,,,,exact,high
USKL_4e7cadedf811,skill,USKL_4e7cadedf811,Highcharts,Q22908888,skos:exactMatch,https://www.wikidata.org/wiki/Q22908888,Highcharts,JavaScript library for charts,,,,exact,high
USKL_38f895274ed8,skill,USKL_38f895274ed8,HyperACCESS,Q1516517,skos:exactMatch,https://www.wikidata.org/wiki/Q1516517,HyperACCESS,family of terminal emulation software by Hilgraeve,,,,exact,high
USKL_0ca13d854328,skill,USKL_0ca13d854328,IBM Bluemix,Q18378690,skos:exactMatch,https://www.wikidata.org/wiki/Q18378690,IBM Bluemix,Platform as a Service,Bluemix,,,exact,high
USKL_d7862f8295d6,skill,USKL_d7862f8295d6,IBM DFSMS,Q28871078,skos:closeMatch,https://www.wikidata.org/wiki/Q28871078,DFSMS,storage management component of z/OS,IBM DFSMS | IBM Data Facility Storage Management Subsystem | Data Facility Storage Management Subsystem,,,alias,medium
USKL_84a234f7c7f7,skill,USKL_84a234f7c7f7,IBM Informix-4GL,Q2816938,skos:exactMatch,https://www.wikidata.org/wiki/Q2816938,IBM Informix-4GL,4GL programming language,,4gl,,exact,high
USKL_9c40cc48be50,skill,USKL_9c40cc48be50,IBM Lotus Symphony,Q259201,skos:exactMatch,https://www.wikidata.org/wiki/Q259201,IBM Lotus Symphony,"office suite for Windows, Macintosh and Linux",,Symphony | Lotus Symphony,,exact,high
USKL_b60b1c901b7c,skill,USKL_b60b1c901b7c,IBM OMEGAMON,Q5968908,skos:exactMatch,https://www.wikidata.org/wiki/Q5968908,IBM OMEGAMON,software bundle,OMEGAMON,,,exact,high
USKL_4867c48d4524,skill,USKL_4867c48d4524,IBM Parallel Sysplex,Q358927,skos:exactMatch,https://www.wikidata.org/wiki/Q358927,IBM Parallel Sysplex,cluster of IBM mainframes,Sysplex,,,exact,high
USKL_a0eebd0632fc,skill,USKL_a0eebd0632fc,IBM SQL/DS,Q5969010,skos:exactMatch,https://www.wikidata.org/wiki/Q5969010,IBM SQL/DS,relational database management system,SQL/DS | DB2 for VM and VSE,,,exact,high
USKL_b82f31a5dd63,skill,USKL_b82f31a5dd63,IBM Spufi,Q1604254,skos:exactMatch,https://www.wikidata.org/wiki/Q1604254,IBM Spufi,,,,,exact,high
USKL_7654564b3d21,skill,USKL_7654564b3d21,IBM VisualAge,Q1370704,skos:closeMatch,https://www.wikidata.org/wiki/Q1370704,VisualAge,integrated development environment,VA Smalltalk | IBM VisualAge,,,alias,medium
USKL_c0bcee8000db,skill,USKL_c0bcee8000db,ICEfaces,Q1653245,skos:exactMatch,https://www.wikidata.org/wiki/Q1653245,ICEfaces,web framework implementing JSF with Ajax,,,,exact,high
USKL_c836ca805dbe,skill,USKL_c836ca805dbe,IDoc,Q5970139,skos:exactMatch,https://www.wikidata.org/wiki/Q5970139,IDoc,document format,Intermediate Document,,,exact,high
USKL_85943e922ee4,skill,USKL_85943e922ee4,IEFBR14,Q1653463,skos:exactMatch,https://www.wikidata.org/wiki/Q1653463,IEFBR14,"famous ""do nothing"" program on IBM mainframes",,,,exact,high
USKL_3e40d955848e,skill,USKL_3e40d955848e,IP Multimedia Subsystem,Q1140664,skos:exactMatch,https://www.wikidata.org/wiki/Q1140664,IP Multimedia Subsystem,architectural framework of telecommunications,,,,exact,high
USKL_e26bf6283172,skill,USKL_e26bf6283172,IPython,Q2659957,skos:exactMatch,https://www.wikidata.org/wiki/Q2659957,IPython,advanced interactive shell for Python,ipython,,,exact,high
USKL_a2ab16cb218d,skill,USKL_a2ab16cb218d,IRIX,Q627611,skos:exactMatch,https://www.wikidata.org/wiki/Q627611,IRIX,operating system,,,,exact,high
USKL_4d4d3513e9bb,skill,USKL_4d4d3513e9bb,Icinga,Q3499542,skos:exactMatch,https://www.wikidata.org/wiki/Q3499542,Icinga,open-source monitoring software,Icinga2 | icinga2,icinga2,,exact,high
USKL_d9ffee4cc1ed,skill,USKL_d9ffee4cc1ed,Icinga2,Q3499542,skos:closeMatch,https://www.wikidata.org/wiki/Q3499542,Icinga,open-source monitoring software,Icinga2 | icinga2,icinga2,,alias,medium
USKL_cef24d83a699,skill,USKL_cef24d83a699,Image Server,Q123964697,skos:closeMatch,https://www.wikidata.org/wiki/Q123964697,ArcGIS Image Server,type of server/service using ArcGIS Server,ImageServer | Image Service | Image Server | ArcGIS Imager Service,,,alias,medium
USKL_49a4fd22f892,skill,USKL_49a4fd22f892,Imperva,Q6007092,skos:exactMatch,https://www.wikidata.org/wiki/Q6007092,Imperva,provider of cyber and data security products,,,,exact,high
USKL_6abec9feaf77,skill,USKL_6abec9feaf77,IndexedDB,Q125176,skos:closeMatch,https://www.wikidata.org/wiki/Q125176,Indexed Database API,JavaScript application programming interface provided by web browsers for managing a NoSQL database of JSON objects,WebSimpleDB | IndexedDB,IndexedDB,,alias,medium
USKL_b5bec452b6d3,skill,USKL_b5bec452b6d3,Infinispan,Q18152516,skos:exactMatch,https://www.wikidata.org/wiki/Q18152516,Infinispan,distributed cache software,,,,exact,high
USKL_148fd8a5b33c,skill,USKL_148fd8a5b33c,InfluxDB,Q28127110,skos:exactMatch,https://www.wikidata.org/wiki/Q28127110,InfluxDB,"open source software, a time series db platform",,,,exact,high
USKL_e98efc8f3ca3,skill,USKL_e98efc8f3ca3,Informatica,Q941392,skos:exactMatch,https://www.wikidata.org/wiki/Q941392,Informatica,American software company (1993-),informatica.com | Informatica LLC,,,exact,high
USKL_eec54eb75058,skill,USKL_eec54eb75058,InnoDB,Q838388,skos:exactMatch,https://www.wikidata.org/wiki/Q838388,InnoDB,Storage engine for the MySQL database management system,,,,exact,high
USKL_7a17404f0cd6,skill,USKL_7a17404f0cd6,Instant Messaging,Q58199,skos:closeMatch,https://www.wikidata.org/wiki/Q58199,instant messaging,form of communication over the Internet,text chat | Instant Messaging | messaging | IM | chat,chat | clavardage | dialogue en ligne | tchat,,alias,medium
USKL_7a0569d03306,skill,USKL_7a0569d03306,IntelliJ IDEA,Q1206660,skos:exactMatch,https://www.wikidata.org/wiki/Q1206660,IntelliJ IDEA,integrated development environment,IntelliJ | IDEA,IDEA | IntelliJ,,exact,high
USKL_51379bc9e5f3,skill,USKL_51379bc9e5f3,Intercom,Q48965215,skos:exactMatch,https://www.wikidata.org/wiki/Q48965215,Intercom,American software company,,,,exact,high
USKL_80d1f25f7522,skill,USKL_80d1f25f7522,Interface Builder,Q1196601,skos:exactMatch,https://www.wikidata.org/wiki/Q1196601,Interface Builder,software development application for Apple's macOS operating system,.xib | .nib,,,exact,high
USKL_ee76ad55106e,skill,USKL_ee76ad55106e,Internet Information Services,Q11341,skos:exactMatch,https://www.wikidata.org/wiki/Q11341,Internet Information Services,"Microsoft's web server software, included in most recent versions of Microsoft Windows",Microsoft Internet Information Services | Microsoft IIS | Internet Information Server | IIS,IIS,,exact,high
USKL_79bbb6b6e85a,skill,USKL_79bbb6b6e85a,Internetwork Operating System,Q753576,skos:closeMatch,https://www.wikidata.org/wiki/Q753576,Cisco IOS,Operating system,Internetwork Operating System | Cisco Internetwork Operating System,Cisco IOS,,alias,medium
USKL_63beae032bc2,skill,USKL_63beae032bc2,Interoperability,Q749647,skos:closeMatch,https://www.wikidata.org/wiki/Q749647,interoperability,ability of systems to work with each other,interop | Interoperability | interoperable | compatibility,interfonctionnement | interoperabilite | interopérabilité des systèmes | interopérable,,alias,medium
USKL_3ab8f0a99f0f,skill,USKL_3ab8f0a99f0f,Istio,Q88464464,skos:exactMatch,https://www.wikidata.org/wiki/Q88464464,Istio,open platform service mesh,,,,exact,high
USKL_af1fdd55c9cc,skill,USKL_af1fdd55c9cc,JBoss Developer Studio,Q1099065,skos:exactMatch,https://www.wikidata.org/wiki/Q1099065,JBoss Developer Studio,software,,,,exact,high
USKL_08f4a2194bb7,skill,USKL_08f4a2194bb7,JBoss Messaging,Q6107819,skos:exactMatch,https://www.wikidata.org/wiki/Q6107819,JBoss Messaging,,,,,exact,high
USKL_ff2ec14f1b72,skill,USKL_ff2ec14f1b72,JBoss Seam,Q923560,skos:exactMatch,https://www.wikidata.org/wiki/Q923560,JBoss Seam,web application framework,,,,exact,high
USKL_ed3c92467e6b,skill,USKL_ed3c92467e6b,JBuilder,Q795932,skos:exactMatch,https://www.wikidata.org/wiki/Q795932,JBuilder,an integrated development environment for the Java programming language,,,,exact,high
USKL_6fc04cf093ad,skill,USKL_6fc04cf093ad,JDeveloper,Q41525,skos:exactMatch,https://www.wikidata.org/wiki/Q41525,JDeveloper,integrated development environment,,,,exact,high
USKL_dbce0d326c6e,skill,USKL_dbce0d326c6e,JIRA Studio,Q6108249,skos:exactMatch,https://www.wikidata.org/wiki/Q6108249,JIRA Studio,,,,,exact,high
USKL_d2bf419c5911,skill,USKL_d2bf419c5911,JRuby,Q605718,skos:exactMatch,https://www.wikidata.org/wiki/Q605718,JRuby,implementation of the Ruby programming language running on the Java Virtual Machine,,,,exact,high
USKL_3bde290e6b71,skill,USKL_3bde290e6b71,JSHint,Q6108931,skos:exactMatch,https://www.wikidata.org/wiki/Q6108931,JSHint,JavaScript code analysis software,,,,exact,high
USKL_35754e21a639,skill,USKL_35754e21a639,JSLint,Q1338047,skos:exactMatch,https://www.wikidata.org/wiki/Q1338047,JSLint,JavaScript static code analysis tool,,,,exact,high
USKL_b5e244d9a34f,skill,USKL_b5e244d9a34f,JSON,Q2063,skos:exactMatch,https://www.wikidata.org/wiki/Q2063,JSON,text-based open standard designed for human-readable data interchange,JavaScript/Handling JSON,Programmation JavaScript/Notation JSON,,exact,high
USKL_09bd5280ada8,skill,USKL_09bd5280ada8,JScript,Q553514,skos:exactMatch,https://www.wikidata.org/wiki/Q553514,JScript,implementation of ECMAScript by Microsoft,,,,exact+csv_seed,high
USKL_e16de2905a87,skill,USKL_e16de2905a87,JaCoCo,Q6109486,skos:exactMatch,https://www.wikidata.org/wiki/Q6109486,JaCoCo,two types of tools,,,,exact,high
USKL_0878eb317175,skill,USKL_0878eb317175,Jamstack,Q57204236,skos:exactMatch,https://www.wikidata.org/wiki/Q57204236,Jamstack,"web development architecture based on client-side JavaScript, APIs, and markup","JavaScript, APIs, and Markup | JAMstack","JAMstack | JavaScript, APIs, and Markup",,exact,high
USKL_da127027bb79,skill,USKL_da127027bb79,JanusGraph,Q56856628,skos:exactMatch,https://www.wikidata.org/wiki/Q56856628,JanusGraph,"distributed online transaction processing and OLAP graph database system with BerkeleyDB, Apache Cassandra and Apache HBase support; uses the TinkerPop framework and Gremlin graph traversal language; written in Java",,,,exact,high
USKL_505f3a01d4e7,skill,USKL_505f3a01d4e7,Jasmine,Q6161738,skos:exactMatch,https://www.wikidata.org/wiki/Q6161738,Jasmine,testing framework for JavaScript,JSUnit,,,exact,high
USKL_b8f8724c7814,skill,USKL_b8f8724c7814,Java Advanced Imaging,Q1129895,skos:exactMatch,https://www.wikidata.org/wiki/Q1129895,Java Advanced Imaging,,,,,exact,high
USKL_4240e80b59db,skill,USKL_4240e80b59db,Java Database Connectivity,Q722772,skos:exactMatch,https://www.wikidata.org/wiki/Q722772,Java Database Connectivity,API for Java,JDBC,JDBC,,exact+csv_seed,high
USKL_f8c380ad63e4,skill,USKL_f8c380ad63e4,Java Development Kit,Q741303,skos:exactMatch,https://www.wikidata.org/wiki/Q741303,Java Development Kit,"implementation of either one of the Java Platform, Standard Edition, Java Platform, Enterprise Edition, or Java Platform, Micro Edition platforms",Java 2 Software Development Kit,,,exact,high
USKL_2ca36500f24b,skill,USKL_2ca36500f24b,Java Development Tools,Q1684185,skos:exactMatch,https://www.wikidata.org/wiki/Q1684185,Java Development Tools,,JDT,,,exact,high
USKL_cb5df5d5c2d8,skill,USKL_cb5df5d5c2d8,Java Foundation Classes,Q957782,skos:exactMatch,https://www.wikidata.org/wiki/Q957782,Java Foundation Classes,part of the Java programming language,JFC,,,exact,high
USKL_9edfd5ac420e,skill,USKL_9edfd5ac420e,Java Media Framework,Q1684192,skos:exactMatch,https://www.wikidata.org/wiki/Q1684192,Java Media Framework,"Java library for audio, video and other time-based media",JMF,,,exact,high
USKL_7865146121c0,skill,USKL_7865146121c0,Java Runtime Environment,Q1504505,skos:exactMatch,https://www.wikidata.org/wiki/Q1504505,Java Runtime Environment,Oracle's Java virtual machine,JRE,JRE | Environnement d'execution Java | Java Runtime Environment,,exact,high
USKL_0abb6821811e,skill,USKL_0abb6821811e,Java Web Start,Q33079,skos:exactMatch,https://www.wikidata.org/wiki/Q33079,Java Web Start,Framework for running Java apps in a web browser,,,,exact,high
USKL_052a06c51cd6,skill,USKL_052a06c51cd6,JavaBeans,Q259322,skos:exactMatch,https://www.wikidata.org/wiki/Q259322,JavaBeans,reusable software components used in Java programming,JavaBean,,,exact,high
USKL_8a581c13e874,skill,USKL_8a581c13e874,JavaFX,Q2270514,skos:exactMatch,https://www.wikidata.org/wiki/Q2270514,JavaFX,Java software platform for GUI,,,,exact,high
USKL_ef86b59227f6,skill,USKL_ef86b59227f6,JavaMail,Q772456,skos:closeMatch,https://www.wikidata.org/wiki/Q772456,Jakarta Mail,"Jakarta EE API used to send and receive email via SMTP, POP3 and IMAP",Eclipse Project for JavaMail | JavaMail,,,alias,medium
USKL_a2d494c364ee,skill,USKL_a2d494c364ee,JavaServer Faces,Q729427,skos:closeMatch,https://www.wikidata.org/wiki/Q729427,Jakarta Faces,Jakarta EE specification for building component-based user interfaces for web applications,JavaServer Faces | Jakarta Server Faces | JSF,,,alias,medium
USKL_80223c61faf2,skill,USKL_80223c61faf2,JavaServer Pages,Q183169,skos:closeMatch,https://www.wikidata.org/wiki/Q183169,Jakarta Server Pages,Jakarta EE dynamic web pages technology,JavaServer Pages | JavaServer Page | Jakarta Pages | .JSP | JSP,.jsp,,alias,medium
USKL_0cb401bce0bb,skill,USKL_0cb401bce0bb,Javadoc,Q1413077,skos:exactMatch,https://www.wikidata.org/wiki/Q1413077,Javadoc,documentation generator,,,,exact,high
USKL_12a6e20bcbed,skill,USKL_12a6e20bcbed,Jetty,Q1085688,skos:exactMatch,https://www.wikidata.org/wiki/Q1085688,Jetty,web server written in Java,,Eclipse Jetty,,exact,high
USKL_4959384863ac,skill,USKL_4959384863ac,JiBX,Q1688838,skos:exactMatch,https://www.wikidata.org/wiki/Q1688838,JiBX,Java-Library,,,,exact,high
USKL_2b306346b1ff,skill,USKL_2b306346b1ff,Junos,Q4041744,skos:exactMatch,https://www.wikidata.org/wiki/Q4041744,Junos,real-time operating system (RTOS) software,,,,exact,high
USKL_23fff3eae168,skill,USKL_23fff3eae168,Jython,Q1053999,skos:exactMatch,https://www.wikidata.org/wiki/Q1053999,Jython,Java implementation of the Python interpreter,jython.org,,,exact,high
USKL_9990c544cf4d,skill,USKL_9990c544cf4d,Kaldi,Q17045101,skos:exactMatch,https://www.wikidata.org/wiki/Q17045101,Kaldi,open-source speech recognition software toolkit,,,,exact,high
USKL_e19b17a1a732,skill,USKL_e19b17a1a732,Kalido,Q16995570,skos:exactMatch,https://www.wikidata.org/wiki/Q16995570,Kalido,UK software company,,,,exact,high
USKL_e8fde6dd10a0,skill,USKL_e8fde6dd10a0,Kaspersky Anti-Virus,Q1043518,skos:exactMatch,https://www.wikidata.org/wiki/Q1043518,Kaspersky Anti-Virus,antivirus program developed by Kaspersky Lab,KAV | AntiViral Toolkit Pro,AntiViral Toolkit Pro,,exact,high
USKL_52299dbc30f0,skill,USKL_52299dbc30f0,Kentico,Q1739065,skos:exactMatch,https://www.wikidata.org/wiki/Q1739065,Kentico,content management and digital experience platform,,,,exact,high
USKL_1427e43c2389,skill,USKL_1427e43c2389,Kernel-Mode Driver Framework,Q10851258,skos:exactMatch,https://www.wikidata.org/wiki/Q10851258,Kernel-Mode Driver Framework,driver framework by Microsoft,KMDF,,,exact,high
USKL_42c156e66381,skill,USKL_42c156e66381,Keychain,Q250173,skos:exactMatch,https://www.wikidata.org/wiki/Q250173,Keychain,password management system in macOS,,,,exact,high
USKL_e269e5b101cf,skill,USKL_e269e5b101cf,KiXtart,Q1477376,skos:exactMatch,https://www.wikidata.org/wiki/Q1477376,KiXtart,logon script processor and enhanced batch scripting language,,,,exact,high
USKL_5ab39fb949c2,skill,USKL_5ab39fb949c2,Knockout.js,Q1100240,skos:exactMatch,https://www.wikidata.org/wiki/Q1100240,Knockout.js,JavaScript library,KnockoutJS | Knockout,,,exact,high
USKL_68793291314c,skill,USKL_68793291314c,Knowledge Management Software,Q73908613,skos:closeMatch,https://www.wikidata.org/wiki/Q73908613,Knowmax,knowledge management software,KNOWMAX | Knowledge management system | Knowledge Management Software | Knowledge base,,,alias,medium
USKL_2e2c5bd7c5a6,skill,USKL_2e2c5bd7c5a6,Kohana,Q2449047,skos:exactMatch,https://www.wikidata.org/wiki/Q2449047,Kohana,PHP5 HMVC framework,,,,exact,high
USKL_69d038381e46,skill,USKL_69d038381e46,LANSA,Q6711282,skos:exactMatch,https://www.wikidata.org/wiki/Q6711282,LANSA,Peruvian airline,Lineas Aéreas Nacionales S. A.,,,exact,high
USKL_cf805b016122,skill,USKL_cf805b016122,LDAP Admin,Q28127124,skos:exactMatch,https://www.wikidata.org/wiki/Q28127124,LDAP Admin,Directory management software,,,,exact,high
USKL_838196df54fa,skill,USKL_838196df54fa,Laravel,Q13634357,skos:exactMatch,https://www.wikidata.org/wiki/Q13634357,Laravel,"open source web application framework, written in PHP",,,,exact+csv_seed,high
USKL_9b39c1e8a348,skill,USKL_9b39c1e8a348,Lauterbach,Q652979,skos:exactMatch,https://www.wikidata.org/wiki/Q652979,Lauterbach,former district of Germany,Lauterbach district | Landkreis Lauterbach,,,exact,high
USKL_fb8814669a29,skill,USKL_fb8814669a29,Leap Motion,Q6509916,skos:exactMatch,https://www.wikidata.org/wiki/Q6509916,Leap Motion,American manufacturer of computer hardware sensor devices,"OcuSpec Inc. | Leap Motion, Inc.","Leap Motion, Inc.",,exact,high
USKL_9c4d4712e02e,skill,USKL_9c4d4712e02e,Linden Scripting Language,Q1185543,skos:exactMatch,https://www.wikidata.org/wiki/Q1185543,Linden Scripting Language,script language used within Second Life,LSL,,,exact,high
USKL_1cae0ce6a911,skill,USKL_1cae0ce6a911,Linux Security Modules,Q2550704,skos:exactMatch,https://www.wikidata.org/wiki/Q2550704,Linux Security Modules,framework that allows the Linux kernel to support a variety of computer security models,LSM,Linux Security Module,,exact,high
USKL_70b13d324b4f,skill,USKL_70b13d324b4f,Linux Virtual Server,Q1827146,skos:exactMatch,https://www.wikidata.org/wiki/Q1827146,Linux Virtual Server,load balancing software,LVS,LVS,,exact,high
USKL_219ba3a1d5bc,skill,USKL_219ba3a1d5bc,Liquibase,Q17097280,skos:exactMatch,https://www.wikidata.org/wiki/Q17097280,Liquibase,"software library to track, manage and apply database schema changes",,,,exact,high
USKL_91661c610d15,skill,USKL_91661c610d15,Lodash,Q24033787,skos:exactMatch,https://www.wikidata.org/wiki/Q24033787,Lodash,JavaScript library in the functional programming paradigm,,,,exact,high
USKL_29e98edbb77e,skill,USKL_29e98edbb77e,Log4j,Q286923,skos:exactMatch,https://www.wikidata.org/wiki/Q286923,Log4j,Java library for logging,,,,exact,high
USKL_78952a43c664,skill,USKL_78952a43c664,Logical Volume Manager,Q6667482,skos:exactMatch,https://www.wikidata.org/wiki/Q6667482,Logical Volume Manager,logical volume management software for Linux,LVM2 | linux_lvm | Linux LVM | geom_linux_lvm | LVM,LVM,,exact,high
USKL_00c4600efaed,skill,USKL_00c4600efaed,Logstash,Q17620247,skos:exactMatch,https://www.wikidata.org/wiki/Q17620247,Logstash,server-side data ingestion and transformation tool,,,,exact,high
USKL_28f8eb432213,skill,USKL_28f8eb432213,LotusScript,Q3260092,skos:exactMatch,https://www.wikidata.org/wiki/Q3260092,LotusScript,object oriented programming language used by Lotus Notes,,Lotus Script,,exact,high
USKL_1ba887abed93,skill,USKL_1ba887abed93,LynxOS,Q1878937,skos:exactMatch,https://www.wikidata.org/wiki/Q1878937,LynxOS,Real-time operating system,,,,exact,high
USKL_c3d54baf7c01,skill,USKL_c3d54baf7c01,MAMP,Q2125478,skos:exactMatch,https://www.wikidata.org/wiki/Q2125478,MAMP,web software stack,,,,exact,high
USKL_05945783de39,skill,USKL_05945783de39,MITRE ATT&CK Framework,Q104434300,skos:closeMatch,https://www.wikidata.org/wiki/Q104434300,Mitre ATT&CK,knowledge base of cyber threats and tactics maintained by the Mitre Corporation,Mitre Attack Framework | Mitre Attack | MITRE ATT&CK Framework | MITRE ATT&CK,ATT&CK,,alias,medium
USKL_001e01c06b74,skill,USKL_001e01c06b74,MIVA Script,Q3026464,skos:exactMatch,https://www.wikidata.org/wiki/Q3026464,MIVA Script,scripting language,,Find What | Miva Script,,exact,high
USKL_b61252e4e5cc,skill,USKL_b61252e4e5cc,MODX,Q74452,skos:exactMatch,https://www.wikidata.org/wiki/Q74452,MODX,open source content management system and web application framework,modx.com,,,exact,high
USKL_84e4d3e9481e,skill,USKL_84e4d3e9481e,MQX,Q6717408,skos:exactMatch,https://www.wikidata.org/wiki/Q6717408,MQX,real-time operating system,,,,exact,high
USKL_a4cb6491b8f4,skill,USKL_a4cb6491b8f4,MSBuild,Q2065919,skos:exactMatch,https://www.wikidata.org/wiki/Q2065919,MSBuild,build automation tool created by Microsoft,,,,exact,high
USKL_e0989169d7a0,skill,USKL_e0989169d7a0,Mac Defender,Q941302,skos:exactMatch,https://www.wikidata.org/wiki/Q941302,Mac Defender,rogue security software,,,,exact,high
USKL_ed2e64310303,skill,USKL_ed2e64310303,MapInfo Professional,Q64189,skos:closeMatch,https://www.wikidata.org/wiki/Q64189,MapInfo,software,MapInfo Professional | MapInfo Pro,MapInfo Professionnal,,alias,medium
USKL_bdb7f0e07aa7,skill,USKL_bdb7f0e07aa7,Mapbox,Q17068357,skos:exactMatch,https://www.wikidata.org/wiki/Q17068357,Mapbox,American geospatial technology company that produces tools for map designers and application developers,"Mapbox, Inc. | mapbox.com | MapBox | MBX",,,exact,high
USKL_1cb92d9873bd,skill,USKL_1cb92d9873bd,Markup Languages,Q85417732,skos:closeMatch,https://www.wikidata.org/wiki/Q85417732,Markup Languages: Theory and Practice,MIT Press - Journals (10.1162) ISSN / EISSN : 10996621 / 15372626,Markup Languages,,,alias,medium
USKL_46c4f14b6cec,skill,USKL_46c4f14b6cec,Matterport,Q107520260,skos:exactMatch,https://www.wikidata.org/wiki/Q107520260,Matterport,American multinational corporation in scanning physical spaces,"MTTR | Matterport, Inc. | Matterport Inc.",,,exact,high
USKL_a39953ba1efe,skill,USKL_a39953ba1efe,MaxDB,Q2143312,skos:exactMatch,https://www.wikidata.org/wiki/Q2143312,MaxDB,relational database management system,,,,exact,high
USKL_c47680bfdfc4,skill,USKL_c47680bfdfc4,MediaWiki,Q110820759,skos:exactMatch,https://www.wikidata.org/wiki/Q110820759,MediaWiki,Discord server focused on MediaWiki,,,,exact,high
USKL_ac38df4833fa,skill,USKL_ac38df4833fa,Memcached,Q306661,skos:exactMatch,https://www.wikidata.org/wiki/Q306661,Memcached,"software that caches strings in computer memory, often used for web sites",,,,exact,high
USKL_48320427a553,skill,USKL_48320427a553,Mercurial,Q476543,skos:exactMatch,https://www.wikidata.org/wiki/Q476543,Mercurial,"cross-platform, distributed revision-control tool for software developers",hg,hg,,exact,high
USKL_8dbce241f216,skill,USKL_8dbce241f216,Micro Focus,Q1931458,skos:closeMatch,https://www.wikidata.org/wiki/Q1931458,Micro Focus International,former British multinational software and information technology business,Novell | Micro Focus International plc | Micro Focus | MERANT | MF,,,alias,medium
USKL_f76ecc14fbd0,skill,USKL_f76ecc14fbd0,MicroC/OS-II,Q1140614,skos:exactMatch,https://www.wikidata.org/wiki/Q1140614,MicroC/OS-II,logiciel,,,,exact,high
USKL_77221d0c7d1b,skill,USKL_77221d0c7d1b,Microsoft App-V,Q1665339,skos:exactMatch,https://www.wikidata.org/wiki/Q1665339,Microsoft App-V,application virtualization and application streaming solution from Microsoft,Softricity SoftGrid | Microsoft Application Virtualization,,,exact,high
USKL_af0e149b0f70,skill,USKL_af0e149b0f70,Microsoft Cluster Server,Q4215987,skos:exactMatch,https://www.wikidata.org/wiki/Q4215987,Microsoft Cluster Server,high-availability cluster software,Microsoft Cluster,,,exact,high
USKL_5f37700d9cf6,skill,USKL_5f37700d9cf6,Microsoft Deployment Toolkit,Q1420900,skos:exactMatch,https://www.wikidata.org/wiki/Q1420900,Microsoft Deployment Toolkit,tool for deployment of operating systems created by Microsoft,,,,exact,high
USKL_14c9f5578987,skill,USKL_14c9f5578987,Microsoft Enterprise Library,Q6840128,skos:exactMatch,https://www.wikidata.org/wiki/Q6840128,Microsoft Enterprise Library,set of tools and programming libraries for the Microsoft .NET Framework,Enterprise Library,,,exact,high
USKL_f9645d0c50bc,skill,USKL_f9645d0c50bc,Microsoft File Compare,Q2985720,skos:closeMatch,https://www.wikidata.org/wiki/Q2985720,FC,command of DOS and Microsoft Windows command line interpreters,Microsoft File Compare | File Compare | fc | Fc,FC | Fc,,alias,medium
USKL_7632bd90454d,skill,USKL_7632bd90454d,Microsoft Forefront,Q2312791,skos:exactMatch,https://www.wikidata.org/wiki/Q2312791,Microsoft Forefront,line-of-business security software by Microsoft Corporation,,,,exact,high
USKL_6a1b079a3800,skill,USKL_6a1b079a3800,Microsoft Management Console,Q731135,skos:exactMatch,https://www.wikidata.org/wiki/Q731135,Microsoft Management Console,component of Windows 2000,MMC,,,exact,high
USKL_eaeac8178082,skill,USKL_eaeac8178082,Microsoft MapPoint,Q1853389,skos:exactMatch,https://www.wikidata.org/wiki/Q1853389,Microsoft MapPoint,mapping software,MapPoint,,,exact,high
USKL_acabe7cb9b4f,skill,USKL_acabe7cb9b4f,Microsoft Operations Manager,Q202861,skos:closeMatch,https://www.wikidata.org/wiki/Q202861,System Center Operations Manager,Data center monitoring system for operating systems,Microsoft Operations Manager | MOM,,,alias,medium
USKL_cccf5c89c8e8,skill,USKL_cccf5c89c8e8,Microsoft Security Essentials,Q51707,skos:exactMatch,https://www.wikidata.org/wiki/Q51707,Microsoft Security Essentials,free antivirus product produced by Microsoft for the Windows operating system,MSE,,,exact,high
USKL_fa4a34278add,skill,USKL_fa4a34278add,Microsoft Stream,Q30694375,skos:exactMatch,https://www.wikidata.org/wiki/Q30694375,Microsoft Stream,corporate video-sharing software,,,,exact,high
USKL_3db200a60b00,skill,USKL_3db200a60b00,Microsoft UI Automation,Q3547212,skos:closeMatch,https://www.wikidata.org/wiki/Q3547212,UI Automation,Application programming interface,Microsoft UI Automation,,,alias,medium
USKL_c6ac851dde0b,skill,USKL_c6ac851dde0b,Microsoft WebMatrix,Q1969827,skos:exactMatch,https://www.wikidata.org/wiki/Q1969827,Microsoft WebMatrix,"HTML editor, website builder, IDE and source control system client for web development",,,,exact,high
USKL_1769ee918055,skill,USKL_1769ee918055,Microsoft Windows CE,Q488244,skos:closeMatch,https://www.wikidata.org/wiki/Q488244,Windows Embedded Compact,operating system subfamily by Microsoft,Windows Embedded Compact efficient | Windows Embedded CE | Windows CE | WinCE | Microsoft Windows CE,Microsoft Windows CE | Microsoft Windows Embedded,,alias,medium
USKL_a8be23550106,skill,USKL_a8be23550106,Mirth Connect,Q6874730,skos:exactMatch,https://www.wikidata.org/wiki/Q6874730,Mirth Connect,healthcare integration engine,NextGen Connect,,,exact,high
USKL_71508245b936,skill,USKL_71508245b936,Mitel,Q1957521,skos:exactMatch,https://www.wikidata.org/wiki/Q1957521,Mitel,Canadian telecommunications company,Mitel Networks,Mitel Networks,,exact,high
USKL_4750fa627344,skill,USKL_4750fa627344,MobX,Q115570779,skos:exactMatch,https://www.wikidata.org/wiki/Q115570779,MobX,JavaScript library,,,,exact,high
USKL_0c1a1f27835c,skill,USKL_0c1a1f27835c,Mocha,Q18346290,skos:exactMatch,https://www.wikidata.org/wiki/Q18346290,Mocha,JavaScript test framework running on node.js,,,,exact,high
USKL_37389b9fe8d1,skill,USKL_37389b9fe8d1,Modernizr,Q869483,skos:exactMatch,https://www.wikidata.org/wiki/Q869483,Modernizr,JavaScript library,,,,exact,high
USKL_59535a7e8020,skill,USKL_59535a7e8020,Monit,Q3320971,skos:exactMatch,https://www.wikidata.org/wiki/Q3320971,Monit,process supervision tool for Unix and Linux,,,,exact,high
USKL_ae15e36f0efa,skill,USKL_ae15e36f0efa,MooTools,Q279201,skos:exactMatch,https://www.wikidata.org/wiki/Q279201,MooTools,JavaScript library,,,,exact,high
USKL_11dd8056977c,skill,USKL_11dd8056977c,MrSID,Q1422885,skos:exactMatch,https://www.wikidata.org/wiki/Q1422885,MrSID,file format,Multi-resolution Seamless Image Database | .sid,,,exact,high
USKL_18797eced583,skill,USKL_18797eced583,MyBatis,Q5851860,skos:exactMatch,https://www.wikidata.org/wiki/Q5851860,MyBatis,java persistence framework,SSM,,,exact,high
USKL_d4db20d53071,skill,USKL_d4db20d53071,MyEclipse,Q6944810,skos:exactMatch,https://www.wikidata.org/wiki/Q6944810,MyEclipse,commercially available Java EE and Ajax IDE,,,,exact,high
USKL_ec40384bea33,skill,USKL_ec40384bea33,MyISAM,Q917941,skos:exactMatch,https://www.wikidata.org/wiki/Q917941,MyISAM,database engine,,,,exact,high
USKL_375d2d2c0fe1,skill,USKL_375d2d2c0fe1,MySQL Workbench,Q640741,skos:exactMatch,https://www.wikidata.org/wiki/Q640741,MySQL Workbench,database design graphical tool,,,,exact,high
USKL_57daca683d4d,skill,USKL_57daca683d4d,NDepend,Q3334327,skos:exactMatch,https://www.wikidata.org/wiki/Q3334327,NDepend,logiciel informatique,,,,exact,high
USKL_16ee999b4a21,skill,USKL_16ee999b4a21,NHibernate,Q1213732,skos:exactMatch,https://www.wikidata.org/wiki/Q1213732,NHibernate,object–relational mapping solution,,,,exact,high
USKL_ff2fc0d57d84,skill,USKL_ff2fc0d57d84,NativeScript,Q28127049,skos:exactMatch,https://www.wikidata.org/wiki/Q28127049,NativeScript,Open-source framework to develop native mobile apps,,,,exact,high
USKL_31c5770fa0d6,skill,USKL_31c5770fa0d6,NetBackup,Q2063698,skos:exactMatch,https://www.wikidata.org/wiki/Q2063698,NetBackup,enterprise level backup and recovery suite,Veritas NetBackup | Symantec NetBackup,,,exact,high
USKL_d0e8a91471b3,skill,USKL_d0e8a91471b3,NetBeans,Q264456,skos:closeMatch,https://www.wikidata.org/wiki/Q264456,Apache NetBeans,Integrated development environment software for software development,NetBeans,,,alias,medium
USKL_341f1b264924,skill,USKL_341f1b264924,NetStumbler,Q285770,skos:exactMatch,https://www.wikidata.org/wiki/Q285770,NetStumbler,computer program,,,,exact,high
USKL_8de2b151db88,skill,USKL_8de2b151db88,NetWare,Q691990,skos:exactMatch,https://www.wikidata.org/wiki/Q691990,NetWare,"computer network operating system developed by Novell, Inc",Novell NetWare,NetWare,,exact,high
USKL_8cd1bfba31d4,skill,USKL_8cd1bfba31d4,Netcat,Q306070,skos:exactMatch,https://www.wikidata.org/wiki/Q306070,Netcat,computer networking utility,nc,,,exact,high
USKL_aae58d38db1d,skill,USKL_aae58d38db1d,Netfilter,Q1545633,skos:exactMatch,https://www.wikidata.org/wiki/Q1545633,Netfilter,packet alteration framework for Linux and the umbrella project for software of the same,Netfilter project,,,exact,high
USKL_d5103d4ea147,skill,USKL_d5103d4ea147,Netty,Q6107820,skos:exactMatch,https://www.wikidata.org/wiki/Q6107820,Netty,non-blocking I/O client-server framework for the development of Java network applications,,,,exact,high
USKL_2a969d216be8,skill,USKL_2a969d216be8,Network Management,Q7696095,skos:closeMatch,https://www.wikidata.org/wiki/Q7696095,telecommunications systems management,interdisciplinary area of study,telecommunication systems | Network Management,,,alias,medium
USKL_948a9480d67e,skill,USKL_948a9480d67e,Network Security Services,Q7000904,skos:exactMatch,https://www.wikidata.org/wiki/Q7000904,Network Security Services,free software library,libnss | NSS,NSS | libnss,,exact,high
USKL_30279fc360e0,skill,USKL_30279fc360e0,Next.js,Q56062435,skos:exactMatch,https://www.wikidata.org/wiki/Q56062435,Next.js,JavaScript framework to create web applications,NextJS,,,exact+csv_seed,high
USKL_954b2aba1339,skill,USKL_954b2aba1339,Node Package Manager,Q7067518,skos:closeMatch,https://www.wikidata.org/wiki/Q7067518,npm,package manager for the Node.js JavaScript runtime environment,Node Package Manager,Node Package Manager,,alias,medium
USKL_4a64af375199,skill,USKL_4a64af375199,Node-RED,Q22907329,skos:exactMatch,https://www.wikidata.org/wiki/Q22907329,Node-RED,visual flow-based programming tool for network-aware hardware devices,,,,exact,high
USKL_8e917f654557,skill,USKL_8e917f654557,NonStop SQL,Q1218487,skos:exactMatch,https://www.wikidata.org/wiki/Q1218487,NonStop SQL,fault tolerant relational database management system,HP NonStop SQL,,,exact,high
USKL_f70781a682a6,skill,USKL_f70781a682a6,Novell ZENworks,Q2002922,skos:exactMatch,https://www.wikidata.org/wiki/Q2002922,Novell ZENworks,software,ZENworks,Micro Focus ZENworks | Novell ZENworks | OpenText ZENworks,,exact,high
USKL_3c13fbcd551a,skill,USKL_3c13fbcd551a,NuGet,Q975870,skos:exactMatch,https://www.wikidata.org/wiki/Q975870,NuGet,.NET package manager,NuPack,,,exact,high
USKL_4e97029fa298,skill,USKL_4e97029fa298,Numba,Q17132992,skos:exactMatch,https://www.wikidata.org/wiki/Q17132992,Numba,just-in-time compiler for numerical functions in the Python programming language,,,,exact,high
USKL_4fb03c4731fc,skill,USKL_4fb03c4731fc,Nutch,Q1372248,skos:exactMatch,https://www.wikidata.org/wiki/Q1372248,Nutch,open source web crawler software,Apache Nutch,Apache Nutch,,exact,high
USKL_3130b8c64b2c,skill,USKL_3130b8c64b2c,OAuth,Q21677849,skos:exactMatch,https://www.wikidata.org/wiki/Q21677849,OAuth,MediaWiki extension that implements an OAuth server,,,,exact,high
USKL_25f139268eb9,skill,USKL_25f139268eb9,OPNET,Q610728,skos:exactMatch,https://www.wikidata.org/wiki/Q610728,OPNET,organization,,,,exact,high
USKL_23e13a5c7647,skill,USKL_23e13a5c7647,Object Pascal,Q633894,skos:exactMatch,https://www.wikidata.org/wiki/Q633894,Object Pascal,branch of object-oriented derivatives of Pascal programming language,,ObjectPascal | Pascal Objet,,exact+csv_seed,high
USKL_a840d7f98b62,skill,USKL_a840d7f98b62,OCaml,Q212587,skos:exactMatch,https://www.wikidata.org/wiki/Q212587,OCaml,extension of the Caml programming language,,Objective Caml,,exact+csv_seed,high
USKL_c9e93cacb791,skill,USKL_c9e93cacb791,Octave,Q223679,skos:exactMatch,https://www.wikidata.org/wiki/Q223679,GNU Octave,numerical computation software,OCTAVE,Octave,,exact+csv_seed,high
USKL_0295e8b42de2,skill,USKL_0295e8b42de2,Oculus,Q16321326,skos:closeMatch,https://www.wikidata.org/wiki/Q16321326,Reality Labs,virtual reality technology subsidiary of Meta Platforms (formerly Oculus VR),"OculusVR, LLC | Oculus VR, LLC | Oculus VR | Oculus from Facebook | Facebook Technologies, LLC | Facebook Technologies | Facebook Reality Labs | Oculus",Facebook Reality Labs | Facebook Technologies | Oculus VR | Oculus,,alias,medium
USKL_83061565a941,skill,USKL_83061565a941,Okta,Q55627388,skos:exactMatch,https://www.wikidata.org/wiki/Q55627388,Okta,American information technology company,"Saasure Inc. | okta.com | Okta, Inc. | OKTA",,,exact,high
USKL_8453b3f5a217,skill,USKL_8453b3f5a217,Omeka,Q3524651,skos:exactMatch,https://www.wikidata.org/wiki/Q3524651,Omeka,"An open-source platform for creating online exhibitions and collections, popular with smaller heritage institutions and researchers.",omeka.org | Omeka Classic,omeka classic,,exact,high
USKL_f920a107f42f,skill,USKL_f920a107f42f,OmniMark,Q7090311,skos:exactMatch,https://www.wikidata.org/wiki/Q7090311,OmniMark,fourth-generation programming language used mostly in the publishing industry,,,,exact,high
USKL_c3ba70fc2812,skill,USKL_c3ba70fc2812,Omnis Studio,Q1460443,skos:exactMatch,https://www.wikidata.org/wiki/Q1460443,Omnis Studio,tool,,,,exact,high
USKL_20cf10bba3b4,skill,USKL_20cf10bba3b4,Open Enterprise Server,Q1197839,skos:exactMatch,https://www.wikidata.org/wiki/Q1197839,Open Enterprise Server,computing platform for delivery of shared network services,OpenText Open Enterprise Server | Novell Open Enterprise Server | OES,,,exact,high
USKL_a5d11cd190f3,skill,USKL_a5d11cd190f3,Open Interface,Q7096098,skos:exactMatch,https://www.wikidata.org/wiki/Q7096098,Open Interface,cross-platform graphical user interface toolkit,,,,exact,high
USKL_72e588af8551,skill,USKL_72e588af8551,Open Programming Language,Q1700602,skos:exactMatch,https://www.wikidata.org/wiki/Q1700602,Open Programming Language,programming language,OPL,OPL | Optimization Programming Language | Organiser Programming Language,,exact,high
USKL_595fa72ee6b6,skill,USKL_595fa72ee6b6,OpenAM,Q822258,skos:exactMatch,https://www.wikidata.org/wiki/Q822258,OpenAM,open source access management platform,,OpenSSO,,exact,high
USKL_a2ea6bf7f822,skill,USKL_a2ea6bf7f822,OpenBSD,Q34215,skos:exactMatch,https://www.wikidata.org/wiki/Q34215,OpenBSD,security-focused Unix-like operating system,,,,exact,high
USKL_dcd42e8f93f8,skill,USKL_dcd42e8f93f8,OpenCL,Q681360,skos:exactMatch,https://www.wikidata.org/wiki/Q681360,OpenCL,"open standard for programming heterogenous computing systems, such as CPUs or GPUs",Open Computing Language,Open CL,,exact,high
USKL_fda5e53b166f,skill,USKL_fda5e53b166f,OpenDJ,Q7095765,skos:exactMatch,https://www.wikidata.org/wiki/Q7095765,OpenDJ,Directory server software,,,,exact,high
USKL_8cc9914c322b,skill,USKL_8cc9914c322b,OpenGL Shading Language,Q779819,skos:exactMatch,https://www.wikidata.org/wiki/Q779819,OpenGL Shading Language,shading language,GLslang | GLSL,OpenGL Shading Language,,exact+csv_seed,high
USKL_6c309b901187,skill,USKL_6c309b901187,OpenLDAP,Q682918,skos:exactMatch,https://www.wikidata.org/wiki/Q682918,OpenLDAP,"free, open source implementation of the Lightweight Directory Access Protocol",,,,exact,high
USKL_53b7525a3ca6,skill,USKL_53b7525a3ca6,OpenLayers,Q736666,skos:exactMatch,https://www.wikidata.org/wiki/Q736666,OpenLayers,JavaScript library for displaying map data in web browsers,,,,exact,high
USKL_4b4564f25128,skill,USKL_4b4564f25128,OpenMAX,Q2396434,skos:exactMatch,https://www.wikidata.org/wiki/Q2396434,OpenMAX,cross-platform set of C-language programming interfaces,Open Media Acceleration,,,exact,high
USKL_e9d53402b5e9,skill,USKL_e9d53402b5e9,OpenMP,Q496579,skos:exactMatch,https://www.wikidata.org/wiki/Q496579,OpenMP,open standard for parallelizing,Open Multi-Processing,Open Multi-Processing,,exact,high
USKL_5572c52c947d,skill,USKL_5572c52c947d,OpenNMS,Q1427813,skos:exactMatch,https://www.wikidata.org/wiki/Q1427813,OpenNMS,software,,,,exact,high
USKL_28ea5d757568,skill,USKL_28ea5d757568,OpenSIPS,Q604911,skos:exactMatch,https://www.wikidata.org/wiki/Q604911,OpenSIPS,software,,,,exact,high
USKL_53f23e114634,skill,USKL_53f23e114634,OpenSSH,Q847062,skos:exactMatch,https://www.wikidata.org/wiki/Q847062,OpenSSH,client and server implementation of the Secure Shell (SSH) protocol,OpenBSD Secure Shell | ssh,ssh,,exact,high
USKL_331ad3107c39,skill,USKL_331ad3107c39,OpenSSO,Q1224849,skos:exactMatch,https://www.wikidata.org/wiki/Q1224849,OpenSSO,,,,,exact,high
USKL_ef78adb32747,skill,USKL_ef78adb32747,OpenShift,Q2912272,skos:exactMatch,https://www.wikidata.org/wiki/Q2912272,OpenShift,cloud computing software,,,,exact,high
USKL_8cf45b0d0aa6,skill,USKL_8cf45b0d0aa6,OpenStack,Q1470293,skos:exactMatch,https://www.wikidata.org/wiki/Q1470293,OpenStack,software system for cloud computing,,,,exact,high
USKL_a6b6734edc49,skill,USKL_a6b6734edc49,OpenVINO,Q85790839,skos:exactMatch,https://www.wikidata.org/wiki/Q85790839,OpenVINO,toolkit for optimizing and deploying inference neural network models on Intel hardware,,,,exact,high
USKL_0e5703c9b1b3,skill,USKL_0e5703c9b1b3,OpenVMS,Q479882,skos:exactMatch,https://www.wikidata.org/wiki/Q479882,OpenVMS,computer operating system,Virtual Memory System | VAX/VMS | VMS,VMS | VAX/VMS,,exact,high
USKL_c23349957ff9,skill,USKL_c23349957ff9,OpenVPN,Q509075,skos:exactMatch,https://www.wikidata.org/wiki/Q509075,OpenVPN,open-source software application,,,,exact,high
USKL_104a66de3d46,skill,USKL_104a66de3d46,OpenVZ,Q990419,skos:exactMatch,https://www.wikidata.org/wiki/Q990419,OpenVZ,operating-system level virtualization technology,OpenVz,,,exact,high
USKL_6b1899dfde34,skill,USKL_6b1899dfde34,OpenWrt,Q1140401,skos:exactMatch,https://www.wikidata.org/wiki/Q1140401,OpenWrt,Linux distribution for wireless routers and embedded systems,OWrt,,,exact,high
USKL_2b1569f99335,skill,USKL_2b1569f99335,Openswan,Q3304404,skos:exactMatch,https://www.wikidata.org/wiki/Q3304404,Openswan,,,,,exact,high
USKL_b7d83b08956f,skill,USKL_b7d83b08956f,Oracle Advanced Queuing,Q4260174,skos:exactMatch,https://www.wikidata.org/wiki/Q4260174,Oracle Advanced Queuing,message provider used in the software products of the Oracle Corporation,Oracle AQ,,,exact,high
USKL_f49e839b7a05,skill,USKL_f49e839b7a05,Oracle Advanced Security,Q7099240,skos:exactMatch,https://www.wikidata.org/wiki/Q7099240,Oracle Advanced Security,,,,,exact,high
USKL_7b0ff82b6af0,skill,USKL_7b0ff82b6af0,Oracle Application Express,Q1908291,skos:exactMatch,https://www.wikidata.org/wiki/Q1908291,Oracle Application Express,PL/SQL-based web development framework from Oracle,Oracle APEX,,,exact,high
USKL_0964ac8c54be,skill,USKL_0964ac8c54be,Oracle Cloud,Q43401211,skos:exactMatch,https://www.wikidata.org/wiki/Q43401211,Oracle Cloud,cloud computing platform,Oracle Cloud Infrastructure | Oracle Cloud Applications | OCI,OCI,,exact,high
USKL_574255cb3bf6,skill,USKL_574255cb3bf6,Oracle Exadata,Q4038419,skos:exactMatch,https://www.wikidata.org/wiki/Q4038419,Oracle Exadata,a computing platform that is specialized and optimized for running the Oracle Database,Oracle Exadata Database Machine | Exadate Cloud Service | Exadata Cloud@Customer | Exadata,,,exact,high
USKL_cf6bf3441414,skill,USKL_cf6bf3441414,Oracle Forms,Q744707,skos:exactMatch,https://www.wikidata.org/wiki/Q744707,Oracle Forms,type of software,,,,exact,high
USKL_9050ee50a909,skill,USKL_9050ee50a909,Oracle Linux,Q46094,skos:exactMatch,https://www.wikidata.org/wiki/Q46094,Oracle Linux,Linux distribution,Oracle Enterprise Linux,,,exact,high
USKL_f7c72c92bf72,skill,USKL_f7c72c92bf72,Oracle Spatial,Q3508244,skos:exactMatch,https://www.wikidata.org/wiki/Q3508244,Oracle Spatial,component of the Oracle Database,,,,exact,high
USKL_a633cd11a81f,skill,USKL_a633cd11a81f,Oracle VM,Q10852040,skos:exactMatch,https://www.wikidata.org/wiki/Q10852040,Oracle VM,server virtualization offering by Oracle Corporation,Virtualization and Management | Oracle VM Server for x86,,,exact,high
USKL_730dc5c11701,skill,USKL_730dc5c11701,Orbix,Q4045955,skos:exactMatch,https://www.wikidata.org/wiki/Q4045955,Orbix,software,,,,exact,high
USKL_14c0da93e268,skill,USKL_14c0da93e268,OrientDB,Q808716,skos:exactMatch,https://www.wikidata.org/wiki/Q808716,OrientDB,open source NoSQL database management system written in Java,Orient,,,exact,high
USKL_bd07ec8bc447,skill,USKL_bd07ec8bc447,PL/pgSQL,Q2044345,skos:exactMatch,https://www.wikidata.org/wiki/Q2044345,PL/pgSQL,procedural programming language for PostgreSQL database systems,,,,exact+csv_seed,high
USKL_be378807ba9e,skill,USKL_be378807ba9e,PVCS Version Manager,Q3359906,skos:closeMatch,https://www.wikidata.org/wiki/Q3359906,PVCS,source code version control software,Serena PVCS Version Manager | PVCS Version Manager | Polytron Version Control System,Polytron Version Control System | PVCS Version Manager | Serena PVCS Version Manager,,alias,medium
USKL_985b7f7f12be,skill,USKL_985b7f7f12be,Pacbase,Q458034,skos:exactMatch,https://www.wikidata.org/wiki/Q458034,Pacbase,Fourth-generation programming language,,PAC700,,exact,high
USKL_bea36d765ec7,skill,USKL_bea36d765ec7,PaddlePaddle,Q116232709,skos:exactMatch,https://www.wikidata.org/wiki/Q116232709,PaddlePaddle,deep-learning framework,Baidu PaddlePaddle,,,exact,high
USKL_3023e5286199,skill,USKL_3023e5286199,Panvalet,Q17073931,skos:exactMatch,https://www.wikidata.org/wiki/Q17073931,Panvalet,mainframe version control system,,,,exact,high
USKL_6715ac712658,skill,USKL_6715ac712658,Parallel Patterns Library,Q7134966,skos:exactMatch,https://www.wikidata.org/wiki/Q7134966,Parallel Patterns Library,,,,,exact,high
USKL_2121a17e9b2b,skill,USKL_2121a17e9b2b,Pathfinder,Q7144761,skos:exactMatch,https://www.wikidata.org/wiki/Q7144761,Pathfinder,several related series of roleplaying game books,,,,exact,high
USKL_2973162dbaef,skill,USKL_2973162dbaef,PeopleCode,Q7165836,skos:exactMatch,https://www.wikidata.org/wiki/Q7165836,PeopleCode,proprietary object-oriented programming language,,,,exact,high
USKL_404f7dadc898,skill,USKL_404f7dadc898,Perforce,Q1681038,skos:closeMatch,https://www.wikidata.org/wiki/Q1681038,Perforce P4,centralized VCS by Perforce Software,Perforce | Helix Core,,,alias,medium
USKL_ca85eb03fba7,skill,USKL_ca85eb03fba7,Pervasive PSQL,Q7171236,skos:exactMatch,https://www.wikidata.org/wiki/Q7171236,Pervasive PSQL,proprietary DBMS optimized for embedding in applications,,,,exact,high
USKL_5f749e6b2489,skill,USKL_5f749e6b2489,Phabricator,Q42156541,skos:closeMatch,https://www.wikidata.org/wiki/Q42156541,Wikimedia Phabricator,Wikimedia instance of the Phorge (formerly Phabricator) software development collaboration tool suite,Wikimedia's Phabricator | Wikimedia Phorge | Phabricator (Wikimedia) | Phabricator,,,alias,medium
USKL_f02a2e5a2746,skill,USKL_f02a2e5a2746,PhoneGap,Q1704018,skos:exactMatch,https://www.wikidata.org/wiki/Q1704018,PhoneGap,software application for making mobile applications,,,,exact,high
USKL_efe5c4e8e92f,skill,USKL_efe5c4e8e92f,Photo Mechanic,Q7187677,skos:exactMatch,https://www.wikidata.org/wiki/Q7187677,Photo Mechanic,photo tool developed by Camera Bits,,,,exact,high
USKL_12b1a72079cd,skill,USKL_12b1a72079cd,PhpStorm,Q1786113,skos:exactMatch,https://www.wikidata.org/wiki/Q1786113,PhpStorm,PHP IDE,,,,exact,high
USKL_130eec2b840c,skill,USKL_130eec2b840c,Play Framework,Q3392101,skos:exactMatch,https://www.wikidata.org/wiki/Q3392101,Play Framework,Open-source web framework written in Scala,,Play Framework,,exact,high
USKL_924e9ff67ac9,skill,USKL_924e9ff67ac9,Plesk,Q2099390,skos:exactMatch,https://www.wikidata.org/wiki/Q2099390,Plesk,web hosting and data center automation software,Parallels Plesk Panel,,,exact,high
USKL_0f9fbcf285d0,skill,USKL_0f9fbcf285d0,Plone,Q924422,skos:exactMatch,https://www.wikidata.org/wiki/Q924422,Plone,content management system,,,,exact,high
USKL_70050988677b,skill,USKL_70050988677b,Polyspace,Q7226954,skos:exactMatch,https://www.wikidata.org/wiki/Q7226954,Polyspace,static program analysis tool,,,,exact,high
USKL_c0760e30d8c4,skill,USKL_c0760e30d8c4,Portlet,Q848460,skos:exactMatch,https://www.wikidata.org/wiki/Q848460,Portlet,pluggable user interface software components,,,,exact,high
USKL_f65e1c44149b,skill,USKL_f65e1c44149b,PostCSS,Q27145544,skos:exactMatch,https://www.wikidata.org/wiki/Q27145544,PostCSS,software development tool that uses JavaScript-based plugins to automate routine CSS operations,,,,exact,high
USKL_47841fdfa2a2,skill,USKL_47841fdfa2a2,PostGIS,Q1569955,skos:exactMatch,https://www.wikidata.org/wiki/Q1569955,PostGIS,geospatial extension for the PostgreSQL Database,,,,exact,high
USKL_288d72232430,skill,USKL_288d72232430,Postfix,Q1121334,skos:exactMatch,https://www.wikidata.org/wiki/Q1121334,Postfix,mail transfer agent,,,,exact,high
USKL_0b322a41714b,skill,USKL_0b322a41714b,PowerVM,Q3400898,skos:exactMatch,https://www.wikidata.org/wiki/Q3400898,PowerVM,"now renamed PowerVM, a software virtualization technique used by IBM",,,,exact,high
USKL_4210847438f7,skill,USKL_4210847438f7,Preboot Execution Environment,Q105865631,skos:exactMatch,https://www.wikidata.org/wiki/Q105865631,Preboot Execution Environment,file format,,,,exact,high
USKL_fa0ad3d760c7,skill,USKL_fa0ad3d760c7,Predix,Q25345904,skos:exactMatch,https://www.wikidata.org/wiki/Q25345904,Predix,General Electric's software platform for the collection and analysis of data from industrial machines,Predix Platform,,,exact,high
USKL_1d0922b7ef29,skill,USKL_1d0922b7ef29,Prism,Q47421716,skos:exactMatch,https://www.wikidata.org/wiki/Q47421716,Prism,AI-powered camera app,Prism - By Promethea,,,exact,high
USKL_9c29a76aac7c,skill,USKL_9c29a76aac7c,Pro*C,Q2111340,skos:exactMatch,https://www.wikidata.org/wiki/Q2111340,Pro*C,embedded SQL programming language used by Oracle Database management systems,Pro-C/C++,,,exact,high
USKL_c490ad50e6a9,skill,USKL_c490ad50e6a9,ProFTPD,Q2111436,skos:exactMatch,https://www.wikidata.org/wiki/Q2111436,ProFTPD,open-source FTP server software,,Proftpd,,exact,high
USKL_e931d8917028,skill,USKL_e931d8917028,Protocol Buffers,Q1645574,skos:exactMatch,https://www.wikidata.org/wiki/Q1645574,Protocol Buffers,data serialization format,Protobuf,Protobuf,,exact,high
USKL_8abeea33be8b,skill,USKL_8abeea33be8b,Prototype JavaScript Framework,Q746599,skos:exactMatch,https://www.wikidata.org/wiki/Q746599,Prototype JavaScript Framework,JavaScript framework,prototype.js,,,exact,high
USKL_513a7cbaf94a,skill,USKL_513a7cbaf94a,Proxmox,Q108039404,skos:exactMatch,https://www.wikidata.org/wiki/Q108039404,Proxmox,family of free server management products by Proxmox Server Solutions GmbH,,,,exact,high
USKL_ca14b4289f6d,skill,USKL_ca14b4289f6d,Puppeteer,Q96253940,skos:exactMatch,https://www.wikidata.org/wiki/Q96253940,Puppeteer,library which provides a high-level API to control Chrome or Chromium,,,,exact,high
USKL_55dc421c31b1,skill,USKL_55dc421c31b1,PyCharm,Q1484375,skos:exactMatch,https://www.wikidata.org/wiki/Q1484375,PyCharm,integrated development environment for development in Python,,,,exact,high
USKL_7d30865755de,skill,USKL_7d30865755de,PyQt,Q2382780,skos:exactMatch,https://www.wikidata.org/wiki/Q2382780,PyQt,GUI Library for Python,PyQt6 | PyQt4 | PyQt3 | PyQt5,,,exact+csv_seed,high
USKL_c1f6b22f1a65,skill,USKL_c1f6b22f1a65,Pylint,Q772889,skos:exactMatch,https://www.wikidata.org/wiki/Q772889,Pylint,Python static code analysis tool,pylint,,,exact,high
USKL_06238839a3a5,skill,USKL_06238839a3a5,Qiskit,Q70490607,skos:exactMatch,https://www.wikidata.org/wiki/Q70490607,Qiskit,framework,qiskit,,,exact,high
USKL_e24f11e38e44,skill,USKL_e24f11e38e44,Qualys,Q7268802,skos:exactMatch,https://www.wikidata.org/wiki/Q7268802,Qualys,American web security company,"Qualys, Inc. | Qualys Inc",,,exact,high
USKL_db9d58af5339,skill,USKL_db9d58af5339,Quartz Composer,Q609180,skos:exactMatch,https://www.wikidata.org/wiki/Q609180,Quartz Composer,programming language,,,,exact,high
USKL_71c1f80a40b8,skill,USKL_71c1f80a40b8,Query Builder,Q105550739,skos:closeMatch,https://www.wikidata.org/wiki/Q105550739,Wikidata Query Builder,visual interface for building a simple Wikidata SPARQL query,Wikidata:Query Builder | Simple Query Builder | querybuilder | query.wikidata.org/querybuilder/ | Query Builder | https://query.wikidata.org/querybuilder/,,,alias,medium
USKL_2b64ae140acf,skill,USKL_2b64ae140acf,RTLinux,Q1928473,skos:exactMatch,https://www.wikidata.org/wiki/Q1928473,RTLinux,Real-Time operating system,,,,exact,high
USKL_ec74bad1a871,skill,USKL_ec74bad1a871,Radware,Q2907743,skos:exactMatch,https://www.wikidata.org/wiki/Q2907743,Radware,Israeli cybersecurity company,,,,exact,high
USKL_b4d0af3b2c47,skill,USKL_b4d0af3b2c47,Rational Rhapsody,Q1977027,skos:exactMatch,https://www.wikidata.org/wiki/Q1977027,Rational Rhapsody,software,IBM Engineering Rhapsody,,,exact,high
USKL_6d9597610caa,skill,USKL_6d9597610caa,RavenDB,Q97280779,skos:exactMatch,https://www.wikidata.org/wiki/Q97280779,RavenDB,NoSQL document-oriented database,,Raven,,exact,high
USKL_ede6702aaf97,skill,USKL_ede6702aaf97,React.js,Q19399674,skos:exactMatch,https://www.wikidata.org/wiki/Q19399674,React,JavaScript library for building user interfaces,ReactJS | reactjs | React.js | React JavaScript library,React.js | ReactJS,,exact+csv_seed,high
USKL_f0a2dc68e6f8,skill,USKL_f0a2dc68e6f8,Recaptcha,Q188054,skos:closeMatch,https://www.wikidata.org/wiki/Q188054,reCAPTCHA,CAPTCHA implementation owned by Google,ReCAPTCHA | Recaptcha,,,alias,medium
USKL_30c71dc40d81,skill,USKL_30c71dc40d81,Relation Extraction,Q7310755,skos:closeMatch,https://www.wikidata.org/wiki/Q7310755,relationship extraction,type of text mining,relational extraction | Relation Extraction | relation extraction,,,alias,medium
USKL_fbd9b9103955,skill,USKL_fbd9b9103955,Remote Application Platform,Q850689,skos:exactMatch,https://www.wikidata.org/wiki/Q850689,Remote Application Platform,Eclipse opensource project,,,,exact,high
USKL_a00232f34ab7,skill,USKL_a00232f34ab7,Remote File Sharing,Q7312106,skos:exactMatch,https://www.wikidata.org/wiki/Q7312106,Remote File Sharing,discontinued distributed file system developed by AT&T in the 1980s,RFS,,,exact,high
USKL_1d98c440c99d,skill,USKL_1d98c440c99d,RemoteView,Q12594368,skos:exactMatch,https://www.wikidata.org/wiki/Q12594368,RemoteView,software,,,,exact,high
USKL_24447224919d,skill,USKL_24447224919d,Resource Monitor,Q7315809,skos:exactMatch,https://www.wikidata.org/wiki/Q7315809,Resource Monitor,"a utility in Windows Vista and later, displays information about the use of hardware (CPU, memory, disk, and network) and software (file handles and modules) resources in real time.",,,,exact,high
USKL_50f4f1cadddb,skill,USKL_50f4f1cadddb,Restlet,Q7316175,skos:exactMatch,https://www.wikidata.org/wiki/Q7316175,Restlet,,,,,exact,high
USKL_4e92b911cea8,skill,USKL_4e92b911cea8,RethinkDB,Q20890659,skos:exactMatch,https://www.wikidata.org/wiki/Q20890659,RethinkDB,"open source, NoSQL, distributed document-oriented database",,,,exact,high
USKL_ef218d421e89,skill,USKL_ef218d421e89,Riak,Q2328712,skos:exactMatch,https://www.wikidata.org/wiki/Q2328712,Riak,Distributed NoSQL key-value data store,Basho Riak,,,exact,high
USKL_372c46594efb,skill,USKL_372c46594efb,RichFaces,Q677888,skos:exactMatch,https://www.wikidata.org/wiki/Q677888,RichFaces,,,,,exact,high
USKL_9cc57fbe7ab6,skill,USKL_9cc57fbe7ab6,Robocopy,Q1932245,skos:exactMatch,https://www.wikidata.org/wiki/Q1932245,Robocopy,command line utility for Microsoft Windows,,,,exact,high
USKL_f58d6cd22739,skill,USKL_f58d6cd22739,Rocket U2,Q7355146,skos:exactMatch,https://www.wikidata.org/wiki/Q7355146,Rocket U2,database management system,,,,exact,high
USKL_0f865de748ae,skill,USKL_0f865de748ae,RocksDB,Q22908356,skos:exactMatch,https://www.wikidata.org/wiki/Q22908356,RocksDB,high performance embedded database for key-value data,,,,exact,high
USKL_0ddda44e47c3,skill,USKL_0ddda44e47c3,Rollup,Q114900810,skos:exactMatch,https://www.wikidata.org/wiki/Q114900810,Rollup,module bundler for JavaScript,RollupJS | rollup.js | rollup,,,exact,high
USKL_c9bcb0d4493d,skill,USKL_c9bcb0d4493d,Rsyslog,Q995115,skos:exactMatch,https://www.wikidata.org/wiki/Q995115,Rsyslog,system log utility,rsyslog,,,exact,high
USKL_1d784ee30ac8,skill,USKL_1d784ee30ac8,RubyGems,Q1853420,skos:exactMatch,https://www.wikidata.org/wiki/Q1853420,RubyGems,Package manager for Ruby,,,,exact,high
USKL_87c3a15d6a46,skill,USKL_87c3a15d6a46,RubyMine,Q4048590,skos:exactMatch,https://www.wikidata.org/wiki/Q4048590,RubyMine,Ruby and Ruby on Rails IDE,,,,exact,high
USKL_fda08e4d38d9,skill,USKL_fda08e4d38d9,Rundeck,Q56317793,skos:exactMatch,https://www.wikidata.org/wiki/Q56317793,Rundeck,automation software,,,,exact,high
USKL_e40841771ac1,skill,USKL_e40841771ac1,RxJava,Q96277086,skos:exactMatch,https://www.wikidata.org/wiki/Q96277086,RxJava,a library for composing asynchronous and event-based programs for the Java VM,,,,exact,high
USKL_03f31fb823bc,skill,USKL_03f31fb823bc,SAP HANA,Q951374,skos:exactMatch,https://www.wikidata.org/wiki/Q951374,SAP HANA,relational database management system,,,,exact,high
USKL_b3bbc88eef2c,skill,USKL_b3bbc88eef2c,SAP Solution Manager,Q2204860,skos:exactMatch,https://www.wikidata.org/wiki/Q2204860,SAP Solution Manager,business software suite,,,,exact,high
USKL_ce7ff668cca7,skill,USKL_ce7ff668cca7,SCons,Q539042,skos:exactMatch,https://www.wikidata.org/wiki/Q539042,SCons,software construction tool,,,,exact,high
USKL_1986e69b01c3,skill,USKL_1986e69b01c3,SMS,Q7391304,skos:exactMatch,https://www.wikidata.org/wiki/Q7391304,SMS,software for building and simulating surface water models,Surface-water Modeling System,,,exact,high
USKL_9def43f7f057,skill,USKL_9def43f7f057,SOCET SET,Q7392006,skos:exactMatch,https://www.wikidata.org/wiki/Q7392006,SOCET SET,software application,,,,exact,high
USKL_dcca4d90c87e,skill,USKL_dcca4d90c87e,SQL Anywhere,Q2247564,skos:exactMatch,https://www.wikidata.org/wiki/Q2247564,SQL Anywhere,proprietary relational database management system,Watcom SQL | SQL Anywhere Studio | Adaptive Server Anywhere,,,exact,high
USKL_fdabe40e9533,skill,USKL_fdabe40e9533,SQL Server Agent,Q7392738,skos:exactMatch,https://www.wikidata.org/wiki/Q7392738,SQL Server Agent,,,,,exact,high
USKL_fd8a5b1ca605,skill,USKL_fd8a5b1ca605,SQL Server Compact,Q1814028,skos:exactMatch,https://www.wikidata.org/wiki/Q1814028,SQL Server Compact,compact relational database by Microsoft,SQL Server CE | SQL CE | Microsoft SQL Server Compact,,,exact,high
USKL_ce06ce028b9e,skill,USKL_ce06ce028b9e,SQL Server Express,Q1012765,skos:exactMatch,https://www.wikidata.org/wiki/Q1012765,SQL Server Express,relational database management system,,,,exact,high
USKL_099afa131598,skill,USKL_099afa131598,SQL*Plus,Q2575010,skos:exactMatch,https://www.wikidata.org/wiki/Q2575010,SQL*Plus,Interactive and batch query tool installed with Oracle Database installations,"SQLPlus, SQL Plus",SQLPlus,,exact,high
USKL_a44f900e3b7c,skill,USKL_a44f900e3b7c,SQLAlchemy,Q1092514,skos:exactMatch,https://www.wikidata.org/wiki/Q1092514,SQLAlchemy,free software SQL toolkit and object-relational mapper,sqlalchemy,,,exact,high
USKL_f980878405a4,skill,USKL_f980878405a4,Scapy,Q2645567,skos:exactMatch,https://www.wikidata.org/wiki/Q2645567,Scapy,Python-based interactive packet manipulation program & library,scapy,,,exact,high
USKL_1bbde2907e36,skill,USKL_1bbde2907e36,Schematron,Q1780096,skos:exactMatch,https://www.wikidata.org/wiki/Q1780096,Schematron,rule-based validation language for XML,ISO Schematron | ISO 19757-3,,,exact,high
USKL_3937250a2ae3,skill,USKL_3937250a2ae3,Scientific Linux,Q839735,skos:exactMatch,https://www.wikidata.org/wiki/Q839735,Scientific Linux,Linux distribution,SL,,,exact,high
USKL_99cee0562533,skill,USKL_99cee0562533,SecureCRT,Q7444822,skos:exactMatch,https://www.wikidata.org/wiki/Q7444822,SecureCRT,"telnet client by VanDyke Software, formerly CRT",,,,exact,high
USKL_afed410de2bc,skill,USKL_afed410de2bc,Semantic UI,Q96276859,skos:exactMatch,https://www.wikidata.org/wiki/Q96276859,Semantic UI,XQuery and Java tools for working with semantic tuples stored in MarkLogic Server,Semantic,,,exact,high
USKL_8e13b067b9bb,skill,USKL_8e13b067b9bb,Sencha Touch,Q886130,skos:exactMatch,https://www.wikidata.org/wiki/Q886130,Sencha Touch,JavaScript framework,,,,exact,high
USKL_ce0715880cd1,skill,USKL_ce0715880cd1,Server Message Block,Q857655,skos:exactMatch,https://www.wikidata.org/wiki/Q857655,Server Message Block,network communication protocol for providing shared access to resources,Common Internet File System | CIFS | SMB,CIFS | Common Internet File System | Protocole SMB | Smbfs,,exact,high
USKL_1b3a815e993b,skill,USKL_1b3a815e993b,Session Description Protocol,Q105852734,skos:exactMatch,https://www.wikidata.org/wiki/Q105852734,Session Description Protocol,file format,,,,exact,high
USKL_614f1ef3432b,skill,USKL_614f1ef3432b,Sidekiq,Q51002502,skos:exactMatch,https://www.wikidata.org/wiki/Q51002502,Sidekiq,Working queue in Ruby,,,,exact,high
USKL_859ab77d4bbf,skill,USKL_859ab77d4bbf,SignalR,Q7512622,skos:exactMatch,https://www.wikidata.org/wiki/Q7512622,SignalR,This is the way,,,,exact,high
USKL_cbc0506b1365,skill,USKL_cbc0506b1365,Silk Performer,Q7515184,skos:exactMatch,https://www.wikidata.org/wiki/Q7515184,Silk Performer,software performance testing tool,,,,exact,high
USKL_8f4d497b29de,skill,USKL_8f4d497b29de,Siteminder,Q109536250,skos:exactMatch,https://www.wikidata.org/wiki/Q109536250,Siteminder,Australian public company,SITEMINDER LIMITED,,,exact,high
USKL_e2cd426cd27f,skill,USKL_e2cd426cd27f,Skybox,Q140068773,skos:exactMatch,https://www.wikidata.org/wiki/Q140068773,Skybox,,,,,exact,high
USKL_14be97350e0e,skill,USKL_14be97350e0e,Smarty,Q726196,skos:exactMatch,https://www.wikidata.org/wiki/Q726196,Smarty,Web template system in PHP,,,,exact+csv_seed,high
USKL_37edda01b776,skill,USKL_37edda01b776,SoapUI,Q2296314,skos:exactMatch,https://www.wikidata.org/wiki/Q2296314,SoapUI,open-source web service testing application,,,,exact,high
USKL_4d52cfebb136,skill,USKL_4d52cfebb136,Software Updater,Q3347080,skos:exactMatch,https://www.wikidata.org/wiki/Q3347080,Software Updater,Ubuntu frontend for APT and snap,Update Manager,,,exact,high
USKL_8d3046f1429d,skill,USKL_8d3046f1429d,Solaris Containers,Q1128477,skos:exactMatch,https://www.wikidata.org/wiki/Q1128477,Solaris Containers,OS-level virtualisation,,,,exact,high
USKL_99c7dec642ab,skill,USKL_99c7dec642ab,Solaris Trusted Extensions,Q27865945,skos:exactMatch,https://www.wikidata.org/wiki/Q27865945,Solaris Trusted Extensions,security extensions for Solaris operating system,,,,exact,high
USKL_f00d69ffc22e,skill,USKL_f00d69ffc22e,Solution Deployment Descriptor,Q7558973,skos:exactMatch,https://www.wikidata.org/wiki/Q7558973,Solution Deployment Descriptor,"proposed OASIS standard for software deployment, configuration and maintenance",,,,exact,high
USKL_816949cbb6cd,skill,USKL_816949cbb6cd,Spring Batch,Q7580383,skos:exactMatch,https://www.wikidata.org/wiki/Q7580383,Spring Batch,open source framework for batch processing,,spring batch,,exact,high
USKL_b151f0804046,skill,USKL_b151f0804046,Spring Security,Q4049968,skos:exactMatch,https://www.wikidata.org/wiki/Q4049968,Spring Security,,,,,exact,high
USKL_f8ce6d046a47,skill,USKL_f8ce6d046a47,SpriteKit,Q120359479,skos:exactMatch,https://www.wikidata.org/wiki/Q120359479,SpriteKit,video game development framework,,,,exact,high
USKL_b453d598a877,skill,USKL_b453d598a877,Sqoop,Q773220,skos:exactMatch,https://www.wikidata.org/wiki/Q773220,Sqoop,command-line interface application,,,,exact,high
USKL_37543665be69,skill,USKL_37543665be69,Squarespace,Q7582097,skos:exactMatch,https://www.wikidata.org/wiki/Q7582097,Squarespace,web hosting service; publicly traded American company,,,,exact,high
USKL_a719d74b81fb,skill,USKL_a719d74b81fb,Stack Overflow,Q549037,skos:exactMatch,https://www.wikidata.org/wiki/Q549037,Stack Overflow,website for professional and enthusiast programmers,stackoverflow.com | SO,SO | stackoverflow.com,,exact,high
USKL_436c232a02d1,skill,USKL_436c232a02d1,Stackdriver,Q17088889,skos:closeMatch,https://www.wikidata.org/wiki/Q17088889,Google Cloud's operations suite,service offered by Google,Stackdriver | Google Stackdriver,,,alias,medium
USKL_6b6033f11967,skill,USKL_6b6033f11967,StarTeam,Q7600567,skos:exactMatch,https://www.wikidata.org/wiki/Q7600567,StarTeam,version control system,,,,exact,high
USKL_40b700e959d7,skill,USKL_40b700e959d7,Stratus VOS,Q7622298,skos:exactMatch,https://www.wikidata.org/wiki/Q7622298,Stratus VOS,operating system,,,,exact,high
USKL_e63333620991,skill,USKL_e63333620991,StyleCop,Q7629378,skos:exactMatch,https://www.wikidata.org/wiki/Q7629378,StyleCop,Static program analysis software,,,,exact,high
USKL_23c8701546ec,skill,USKL_23c8701546ec,SunOS,Q1208460,skos:exactMatch,https://www.wikidata.org/wiki/Q1208460,SunOS,version of the Unix operating system developed by Sun Microsystems for their workstation and server computer systems,Sun OS,,,exact,high
USKL_71d8057198ec,skill,USKL_71d8057198ec,Svelte,Q16863097,skos:exactMatch,https://www.wikidata.org/wiki/Q16863097,Svelte,JavaScript framework,SVELTE | sveltejs,sveltejs,,exact+csv_seed,high
USKL_7131dee1b2c4,skill,USKL_7131dee1b2c4,Symbian,Q483318,skos:exactMatch,https://www.wikidata.org/wiki/Q483318,Symbian,mobile operating system,Symbian OS,EPOC | Symbian S60,,exact,high
USKL_c006ee5df7f3,skill,USKL_c006ee5df7f3,Symfony,Q1322933,skos:exactMatch,https://www.wikidata.org/wiki/Q1322933,Symfony,PHP web application framework for MVC applications,,,,exact+csv_seed,high
USKL_dfcfdb9dcfc2,skill,USKL_dfcfdb9dcfc2,Sympy,Q5971368,skos:closeMatch,https://www.wikidata.org/wiki/Q5971368,SymPy,Python library that provides functions of a computer algebra system,Sympy | sympy | Symbolic Python,,,alias,medium
USKL_d3bebbdf0f47,skill,USKL_d3bebbdf0f47,SystemC,Q1753563,skos:exactMatch,https://www.wikidata.org/wiki/Q1753563,SystemC,C++ extensions for simulating embedded systems,,,,exact,high
USKL_3f994f478a7b,skill,USKL_3f994f478a7b,Systrace,Q7663906,skos:exactMatch,https://www.wikidata.org/wiki/Q7663906,Systrace,computer security utility,,,,exact,high
USKL_ad6d60cbd516,skill,USKL_ad6d60cbd516,TCP Wrapper,Q3049304,skos:exactMatch,https://www.wikidata.org/wiki/Q3049304,TCP Wrapper,access control list software,,,,exact,high
USKL_38671a0aa44c,skill,USKL_38671a0aa44c,TIBCO Hawk,Q7670352,skos:exactMatch,https://www.wikidata.org/wiki/Q7670352,TIBCO Hawk,Distributed computing management software,,,,exact,high
USKL_009dfefd147a,skill,USKL_009dfefd147a,TYPO3,Q618512,skos:exactMatch,https://www.wikidata.org/wiki/Q618512,TYPO3,web content management framework,TYPO3 CMS | Typo3 CMS | Typo3,,,exact,high
USKL_75761ce95885,skill,USKL_75761ce95885,TargetLink,Q2394119,skos:exactMatch,https://www.wikidata.org/wiki/Q2394119,TargetLink,,,,,exact,high
USKL_09dd1dfac734,skill,USKL_09dd1dfac734,TeamForge,Q2379026,skos:exactMatch,https://www.wikidata.org/wiki/Q2379026,TeamForge,proprietary software for managing source code repositories and tracking issues reports,SourceForge Enterprise Edition | SFEE | CollabNet Enterprise Edition,,,exact,high
USKL_29d58ea8fd6e,skill,USKL_29d58ea8fd6e,TeamCity,Q4050768,skos:exactMatch,https://www.wikidata.org/wiki/Q4050768,TeamCity,build management and continuous integration server,,,,exact,high
USKL_bf994c19d98a,skill,USKL_bf994c19d98a,Telegraf,Q119859727,skos:exactMatch,https://www.wikidata.org/wiki/Q119859727,Telegraf,"Ukrainian online publication with a socio-political focus, created in 2012. The site covers current events in Ukraine and the world.",Telegraf.com.ua | Telegraf Ukraine | Telegraf News | Telegraf com ua | Telegraf UA | Telegraf,,,exact,high
USKL_14ab6e470134,skill,USKL_14ab6e470134,TestFlight,Q21041366,skos:exactMatch,https://www.wikidata.org/wiki/Q21041366,TestFlight,pre-release software installation and testing infrastructure for iOS apps,,,,exact,high
USKL_2795f4673863,skill,USKL_2795f4673863,ThreadX,Q7797161,skos:exactMatch,https://www.wikidata.org/wiki/Q7797161,ThreadX,real-time operating system,,,,exact,high
USKL_11359e9f08c0,skill,USKL_11359e9f08c0,Three.js,Q3525922,skos:exactMatch,https://www.wikidata.org/wiki/Q3525922,Three.js,lightweight cross-browser JavaScript library/API,ThreeJS,,,exact,high
USKL_853e15df954c,skill,USKL_853e15df954c,Thymeleaf,Q3526177,skos:exactMatch,https://www.wikidata.org/wiki/Q3526177,Thymeleaf,Java template engine,,,,exact,high
USKL_c390d35814bb,skill,USKL_c390d35814bb,Tizen,Q609306,skos:exactMatch,https://www.wikidata.org/wiki/Q609306,Tizen,Linux-based operating system for smart TVs and embedded devices.,,,,exact,high
USKL_cf7a91b87fba,skill,USKL_cf7a91b87fba,TopLink,Q339461,skos:exactMatch,https://www.wikidata.org/wiki/Q339461,TopLink,,,,,exact,high
USKL_8c90b1cf8f22,skill,USKL_8c90b1cf8f22,TortoiseSVN,Q1062467,skos:exactMatch,https://www.wikidata.org/wiki/Q1062467,TortoiseSVN,"Subversion client, implemented as a Microsoft Windows shell extension",,,,exact,high
USKL_c20c7da71f07,skill,USKL_c20c7da71f07,Traefik,Q96332968,skos:closeMatch,https://www.wikidata.org/wiki/Q96332968,Traefik Proxy,HTTP reverse proxy and load balancer,Traefik,,,alias,medium
USKL_af5e8d25121e,skill,USKL_af5e8d25121e,Travis CI,Q73134,skos:exactMatch,https://www.wikidata.org/wiki/Q73134,Travis CI,continuous integration service used to build and test software projects hosted at GitHub,,,,exact,high
USKL_5d269dfa4af3,skill,USKL_5d269dfa4af3,Triple DES,Q134983,skos:exactMatch,https://www.wikidata.org/wiki/Q134983,Triple DES,block cipher,TripleDES | Triple DEA | Triple Data Encryption Standard | Triple Data Encryption Algorithm | TDEA | 3DES,3DES,,exact,high
USKL_ba86cdfdb518,skill,USKL_ba86cdfdb518,Twilio,Q7858039,skos:exactMatch,https://www.wikidata.org/wiki/Q7858039,Twilio,US technology company,twilio.com,,,exact,high
USKL_b43ff4d41d44,skill,USKL_b43ff4d41d44,USB,Q2093477,skos:closeMatch,https://www.wikidata.org/wiki/Q2093477,Simón Bolívar University,"university in Caracas, Venezuela",Universidad Simón Bolívar | USB,,,alias,medium
USKL_f9910faa9a28,skill,USKL_f9910faa9a28,UIKit,Q117480832,skos:exactMatch,https://www.wikidata.org/wiki/Q117480832,UIKit,"graphical user interface toolkit for iOS, iPadOS, and tvOS applications",,,,exact,high
USKL_8c650731be85,skill,USKL_8c650731be85,Umbraco,Q285761,skos:exactMatch,https://www.wikidata.org/wiki/Q285761,Umbraco,open-source CMS,,,,exact,high
USKL_dc3a043bdb2e,skill,USKL_dc3a043bdb2e,Underscore.js,Q4052375,skos:exactMatch,https://www.wikidata.org/wiki/Q4052375,Underscore.js,JavaScript library,Underscore,,,exact,high
USKL_fd23a1c111d3,skill,USKL_fd23a1c111d3,Unisys DMSII,Q17027613,skos:exactMatch,https://www.wikidata.org/wiki/Q17027613,Unisys DMSII,Database management system,,,,exact,high
USKL_89a49168127c,skill,USKL_89a49168127c,Unobtrusive JavaScript,Q2298909,skos:exactMatch,https://www.wikidata.org/wiki/Q2298909,Unobtrusive JavaScript,general approach to the use of JavaScript in web pages,,UJS,,exact,high
USKL_891dda65c5c1,skill,USKL_891dda65c5c1,VMware Fusion,Q935100,skos:exactMatch,https://www.wikidata.org/wiki/Q935100,VMware Fusion,Software hypervisor developed by VMware for Macintosh computers,,,,exact,high
USKL_b1b32ff0bc22,skill,USKL_b1b32ff0bc22,VMware Horizon View,Q4052548,skos:closeMatch,https://www.wikidata.org/wiki/Q4052548,Omnissa Horizon,Desktop and app virtualization product,VMware Virtual Desktop Manager | VMware Horizon View | VMware Horizon,,,alias,medium
USKL_18e9cf67c66c,skill,USKL_18e9cf67c66c,VMware Infrastructure,Q7907330,skos:exactMatch,https://www.wikidata.org/wiki/Q7907330,VMware Infrastructure,,,,,exact,high
USKL_8ca4c70d3979,skill,USKL_8ca4c70d3979,VMware Player,Q742347,skos:closeMatch,https://www.wikidata.org/wiki/Q742347,VMware Workstation Player,Virtualization software package for x64 computers running Microsoft Windows or Linux,VMware Player | vmplayer,vmplayer,,alias,medium
USKL_8fe69abfd11b,skill,USKL_8fe69abfd11b,VMware ThinApp,Q2036703,skos:exactMatch,https://www.wikidata.org/wiki/Q2036703,VMware ThinApp,Computer program that can make portable applications,,,,exact,high
USKL_011b3d0a10fe,skill,USKL_011b3d0a10fe,VMware VMFS,Q7907332,skos:exactMatch,https://www.wikidata.org/wiki/Q7907332,VMware VMFS,"VMware, Inc.'s clustered file system used by the company's server virtualization suite, vSphere",,,,exact,high
USKL_b7b3a2aa2dcd,skill,USKL_b7b3a2aa2dcd,Vaadin,Q1400683,skos:exactMatch,https://www.wikidata.org/wiki/Q1400683,Vaadin,web development platform written in Java,,,,exact,high
USKL_e4317fa47c62,skill,USKL_e4317fa47c62,Valgrind,Q924041,skos:exactMatch,https://www.wikidata.org/wiki/Q924041,Valgrind,"programming tool for memory debugging, memory leak detection, and profiling",,,,exact,high
USKL_b8d7e7de67e7,skill,USKL_b8d7e7de67e7,Vector Markup Language,Q1888930,skos:exactMatch,https://www.wikidata.org/wiki/Q1888930,Vector Markup Language,graphics format,VML,,,exact,high
USKL_ed1f9ce31341,skill,USKL_ed1f9ce31341,Verisign,Q734338,skos:exactMatch,https://www.wikidata.org/wiki/Q734338,Verisign,American Internet company,"VRSN | VeriSign,Inc. | Verisign, Inc. | VeriSign",,,exact,high
USKL_9af3de6e0303,skill,USKL_9af3de6e0303,Veritas Software,Q498397,skos:exactMatch,https://www.wikidata.org/wiki/Q498397,Veritas Software,American company,Veritas Technologies LLC | Veritas Technologies | Veritas Software Corporation | Veritas,,,exact,high
USKL_27f8c52692a7,skill,USKL_27f8c52692a7,Vert.x,Q7922736,skos:exactMatch,https://www.wikidata.org/wiki/Q7922736,Vert.x,a polyglot event-driven application framework that runs on the Java Virtual Machine,,,,exact,high
USKL_f593556dd176,skill,USKL_f593556dd176,Virtual Machine Manager,Q3266778,skos:exactMatch,https://www.wikidata.org/wiki/Q3266778,Virtual Machine Manager,Software,,,,exact,high
USKL_ed78e0993202,skill,USKL_ed78e0993202,VirtualBox,Q11393,skos:exactMatch,https://www.wikidata.org/wiki/Q11393,VirtualBox,open-source x86 virtualization application,Virtual Box | vbox | Sun VirtualBox | Oracle VM VirtualBox | Oracle VM Virtual Box | Oracle VirtualBox | Innotek VirtualBox,Oracle VM VirtualBox,,exact,high
USKL_48924035ba42,skill,USKL_48924035ba42,Virtuozzo,Q1781915,skos:exactMatch,https://www.wikidata.org/wiki/Q1781915,Virtuozzo,,Parallels Virtuozzo Containers,,,exact,high
USKL_e8ce18ad917a,skill,USKL_e8ce18ad917a,Visibroker,Q7936097,skos:exactMatch,https://www.wikidata.org/wiki/Q7936097,Visibroker,object request broker,,,,exact,high
USKL_4b44640e995f,skill,USKL_4b44640e995f,Visual Objects,Q1309721,skos:exactMatch,https://www.wikidata.org/wiki/Q1309721,Visual Objects,object-oriented computer programming language,,,,exact,high
USKL_c68b3c56f8e2,skill,USKL_c68b3c56f8e2,VisualVM,Q7936520,skos:exactMatch,https://www.wikidata.org/wiki/Q7936520,VisualVM,,,,,exact,high
USKL_5efc89af46ec,skill,USKL_5efc89af46ec,Vowpal Wabbit,Q7942323,skos:exactMatch,https://www.wikidata.org/wiki/Q7942323,Vowpal Wabbit,open source online machine learning library and program,VW,,,exact,high
USKL_0ebf49e09196,skill,USKL_0ebf49e09196,Vuetify,Q112943923,skos:exactMatch,https://www.wikidata.org/wiki/Q112943923,Vuetify,User interface library for Vue.js,Vuetify.js,,,exact,high
USKL_746e9da885eb,skill,USKL_746e9da885eb,Vuex,Q61940611,skos:exactMatch,https://www.wikidata.org/wiki/Q61940611,Vuex,Centralized State Management for Vue.js,,,,exact,high
USKL_a466c5a01da6,skill,USKL_a466c5a01da6,Vuforia,Q7943341,skos:closeMatch,https://www.wikidata.org/wiki/Q7943341,Vuforia Augmented Reality SDK,sdk for mobile,Vuforia,,,alias,medium
USKL_96f73f2b7aa9,skill,USKL_96f73f2b7aa9,VxWorks,Q757165,skos:exactMatch,https://www.wikidata.org/wiki/Q757165,VxWorks,operating system,,,,exact,high
USKL_f21eb322fdc1,skill,USKL_f21eb322fdc1,Wear OS,Q15961745,skos:exactMatch,https://www.wikidata.org/wiki/Q15961745,Wear OS,version of Google's Android operating system for wearable devices,Android Wear,Android Wear,,exact,high
USKL_c3f456f3e4ae,skill,USKL_c3f456f3e4ae,Wearables,Q114397135,skos:exactMatch,https://www.wikidata.org/wiki/Q114397135,Wearables,Minecraft mod,,,,exact,high
USKL_e964644f2acb,skill,USKL_e964644f2acb,Web Dynpro,Q1804792,skos:exactMatch,https://www.wikidata.org/wiki/Q1804792,Web Dynpro,web application for developing business applications,,,,exact,high
USKL_05e586448400,skill,USKL_05e586448400,Web Language,Q1119743,skos:exactMatch,https://www.wikidata.org/wiki/Q1119743,Web Language,scripting language,,,,exact,high
USKL_afe141170852,skill,USKL_afe141170852,WebAssembly,Q20155677,skos:exactMatch,https://www.wikidata.org/wiki/Q20155677,WebAssembly,"portable, efficient virtual machine and bytecode format for compiled code on the Web",WASM | WebASM | Wasm | wasm,,,exact+csv_seed,high
USKL_f6d5433e30f5,skill,USKL_f6d5433e30f5,WebConfig,Q7978440,skos:exactMatch,https://www.wikidata.org/wiki/Q7978440,WebConfig,,,,,exact,high
USKL_38b56fca0cd9,skill,USKL_38b56fca0cd9,WebGL,Q375913,skos:exactMatch,https://www.wikidata.org/wiki/Q375913,WebGL,JavaScript bindings for OpenGL in web browsers,Web Graphics Library,,,exact,high
USKL_914dfc8b1bea,skill,USKL_914dfc8b1bea,WebKit,Q654034,skos:exactMatch,https://www.wikidata.org/wiki/Q654034,WebKit,browser engine,WebCore | Webkit | AppleWebKit,,,exact,high
USKL_3563e073cbbd,skill,USKL_3563e073cbbd,WebOS,Q305873,skos:closeMatch,https://www.wikidata.org/wiki/Q305873,webOS,Linux-based mobile operating system,LGTV OS | LG TVOS | LG OS | WebOS | web OS | Palm webOS | Open webOS | LG webOS | HP webOS,Palm webOS,,alias,medium
USKL_b90651726a46,skill,USKL_b90651726a46,WebStorm,Q4053021,skos:exactMatch,https://www.wikidata.org/wiki/Q4053021,WebStorm,"IDE for JavaScript, HTML & CSS",Webstorm,,,exact,high
USKL_e20aded8b007,skill,USKL_e20aded8b007,Webmin,Q576322,skos:exactMatch,https://www.wikidata.org/wiki/Q576322,Webmin,Web-based control panel for Unix-like systems,,,,exact,high
USKL_7223b6528642,skill,USKL_7223b6528642,Weebly,Q2705110,skos:exactMatch,https://www.wikidata.org/wiki/Q2705110,Weebly,"web hosting service; subsidiary of Square, Inc.",weebly.com,,,exact,high
USKL_23c221b4c2fa,skill,USKL_23c221b4c2fa,Wget,Q535461,skos:exactMatch,https://www.wikidata.org/wiki/Q535461,Wget,command-line utility for retrieving files using the HTTP or FTP protocols,wget | GNU Wget,wget,,exact,high
USKL_3e238ceb4cfa,skill,USKL_3e238ceb4cfa,Wi-Fi Protected Access,Q272165,skos:exactMatch,https://www.wikidata.org/wiki/Q272165,Wi-Fi Protected Access,group of security protocols to secure wireless computer networks,Wi-Fi_Protected_Access,Clé d'authentification | Clé de sécurité | Clé partagée | WPA-PSK,,exact,high
USKL_20311a197081,skill,USKL_20311a197081,WinJS,Q16689197,skos:exactMatch,https://www.wikidata.org/wiki/Q16689197,WinJS,Open-source JavaScript library,,,,exact,high
USKL_c3d8609ba9ee,skill,USKL_c3d8609ba9ee,WinZip,Q688317,skos:exactMatch,https://www.wikidata.org/wiki/Q688317,WinZip,file compression software,,,,exact,high
USKL_c8acff087510,skill,USKL_c8acff087510,Winbatch,Q8023687,skos:exactMatch,https://www.wikidata.org/wiki/Q8023687,Winbatch,,,,,exact,high
USKL_1648a8493ab0,skill,USKL_1648a8493ab0,Windows App Studio,Q17089974,skos:exactMatch,https://www.wikidata.org/wiki/Q17089974,Windows App Studio,discontinued web app provided by Microsoft for Windows app development,Windows Phone App Studio,,,exact,high
USKL_bd37ff45694f,skill,USKL_bd37ff45694f,Windows Communication Foundation,Q261595,skos:exactMatch,https://www.wikidata.org/wiki/Q261595,Windows Communication Foundation,"runtime and set of APIs in the .NET Framework for building connected, service-oriented applications",WCF | Indigo,,,exact,high
USKL_c18fda1e83e8,skill,USKL_c18fda1e83e8,Windows Console,Q2994643,skos:exactMatch,https://www.wikidata.org/wiki/Q2994643,Windows Console,infrastructure for console applications in Microsoft Windows,,,,exact,high
USKL_7dd7c4bb6b18,skill,USKL_7dd7c4bb6b18,Windows Defender,Q243269,skos:closeMatch,https://www.wikidata.org/wiki/Q243269,Microsoft Defender Antivirus,"antivirus app, component of Windows Vista and later",Windows Defender | Microsoft Defender antimalware platform | Microsoft AntiSpyware | Defender,,,alias,medium
USKL_f44692ddc6b0,skill,USKL_f44692ddc6b0,Windows Deployment Services,Q639977,skos:exactMatch,https://www.wikidata.org/wiki/Q639977,Windows Deployment Services,server technology by Microsoft,,Services de deploiement Windows | Windows Deployment Services,,exact,high
USKL_fcf56a1dc459,skill,USKL_fcf56a1dc459,Windows Driver Kit,Q1062428,skos:exactMatch,https://www.wikidata.org/wiki/Q1062428,Windows Driver Kit,software toolset from Microsoft that enables the development of device drivers for the Microsoft Windows platform,Windows Driver Development Kit | Windows DDK | WDK | Driver Development Kit | DDK,,,exact,high
USKL_59f1431ad292,skill,USKL_59f1431ad292,Windows Embedded,Q1314632,skos:closeMatch,https://www.wikidata.org/wiki/Q1314632,Windows IoT,embedded operating system by Microsoft,Windows Embedded,,,alias,medium
USKL_81b7c9c5cce7,skill,USKL_81b7c9c5cce7,Windows Firewall,Q1068438,skos:exactMatch,https://www.wikidata.org/wiki/Q1068438,Windows Firewall,firewall software for Windows,Windows Defender Firewall,Windows Firewall,,exact,high
USKL_3742d2a91258,skill,USKL_3742d2a91258,Windows Installer,Q181233,skos:exactMatch,https://www.wikidata.org/wiki/Q181233,Windows Installer,Windows desktop packaging SDK,Project Darwin | MSI SDK | Darwin,,,exact,high
USKL_75508285b215,skill,USKL_75508285b215,Windows Mail,Q736141,skos:exactMatch,https://www.wikidata.org/wiki/Q736141,Windows Mail,email client included with Windows Vista,,Microsoft Mail | Windows Mail,,exact,high
USKL_2aaa12926936,skill,USKL_2aaa12926936,Windows Management Instrumentation,Q1423114,skos:exactMatch,https://www.wikidata.org/wiki/Q1423114,Windows Management Instrumentation,Extensions of Windows Driver Model,WMI,,,exact,high
USKL_ed306bd645ac,skill,USKL_ed306bd645ac,Windows Media,Q1189357,skos:exactMatch,https://www.wikidata.org/wiki/Q1189357,Windows Media,multimedia framework for Microsoft Windows,,,,exact,high
USKL_d05c2ecb21ca,skill,USKL_d05c2ecb21ca,Windows Mobile,Q21207,skos:exactMatch,https://www.wikidata.org/wiki/Q21207,Windows Mobile,discontinued family of mobile operating systems by Microsoft,Microsoft Windows Mobile,,,exact,high
USKL_a610a6224aba,skill,USKL_a610a6224aba,Windows Presentation Foundation,Q239084,skos:exactMatch,https://www.wikidata.org/wiki/Q239084,Windows Presentation Foundation,graphical subsystem,WPF,WPF,,exact,high
USKL_285acb716cde,skill,USKL_285acb716cde,Windows Registry,Q463244,skos:exactMatch,https://www.wikidata.org/wiki/Q463244,Windows Registry,hierarchical database used by the Microsoft Windows operating system and its applications,,Base De Registre | Base des registres | HKEY LOCAL MACHINE | Regedit | Registre Windows,,exact,high
USKL_8a5c63851e8b,skill,USKL_8a5c63851e8b,Windows Script Host,Q1152468,skos:exactMatch,https://www.wikidata.org/wiki/Q1152468,Windows Script Host,Automation Technology,Windows Scripting Host | WSH,,,exact,high
USKL_2bdfd701e066,skill,USKL_2bdfd701e066,Windows Search,Q1194815,skos:exactMatch,https://www.wikidata.org/wiki/Q1194815,Windows Search,desktop search platform by Microsoft,,,,exact,high
USKL_e7388f99b0da,skill,USKL_e7388f99b0da,Windows Server Virtualization,Q11278,skos:closeMatch,https://www.wikidata.org/wiki/Q11278,Q11278,"type 1 hypervisor produced by Microsoft, available either standalone or as a feature of certain Windows Server and Windows 8 versions",Windows Server Virtualization | Windows Server Hyper-V | Microsoft Hyper-V | Hyper-V Server | Hyper-v | Devil,,,alias,medium
USKL_c4443559d9dc,skill,USKL_c4443559d9dc,Windows USER,Q8024460,skos:exactMatch,https://www.wikidata.org/wiki/Q8024460,Windows USER,component of the Microsoft Windows operating system that provides core functionality for building simple user interfaces,USER32.DLL | USER.EXE,,,exact,high
USKL_d800ec548e2e,skill,USKL_d800ec548e2e,Windows Virtual PC,Q748417,skos:exactMatch,https://www.wikidata.org/wiki/Q748417,Windows Virtual PC,virtualization program for Microsoft Windows,,Microsoft Virtual PC | Microsoft VirtualPC | Virtual PC,,exact,high
USKL_6f51d5503149,skill,USKL_6f51d5503149,Windows Workflow Foundation,Q1154450,skos:exactMatch,https://www.wikidata.org/wiki/Q1154450,Windows Workflow Foundation,Microsoft technology,,,,exact,high
USKL_d2bdf9a97377,skill,USKL_d2bdf9a97377,Wix,Q420506,skos:closeMatch,https://www.wikidata.org/wiki/Q420506,Wix.com,Israeli online services company,Wix,,,alias,medium
USKL_d46be82d28f4,skill,USKL_d46be82d28f4,Workgroup Manager,Q4020840,skos:exactMatch,https://www.wikidata.org/wiki/Q4020840,Workgroup Manager,software program bundled as part of Mac OS X Server,,,,exact,high
USKL_4e32f985b80c,skill,USKL_4e32f985b80c,Wufoo,Q126084774,skos:exactMatch,https://www.wikidata.org/wiki/Q126084774,Wufoo,online form builder with built-in analytics,,,,exact,high
USKL_3f08c7d979e5,skill,USKL_3f08c7d979e5,WxWidgets,Q284982,skos:closeMatch,https://www.wikidata.org/wiki/Q284982,wxWidgets,widget toolkit for creating graphical user interfaces,wxWindows | WxWidgets | Windows and X widgets,Interfaces graphiques en C++ avec wxWidget | wxGTK | WxWidget | WxWindows,,alias,medium
USKL_12b89ad06f50,skill,USKL_12b89ad06f50,XDoclet,Q1623494,skos:exactMatch,https://www.wikidata.org/wiki/Q1623494,XDoclet,Java code generation library,,,,exact,high
USKL_1e921589d69e,skill,USKL_1e921589d69e,XML Metadata Interchange,Q548264,skos:exactMatch,https://www.wikidata.org/wiki/Q548264,XML Metadata Interchange,Object Management Group standard,XMI,,,exact,high
USKL_284d1c01f103,skill,USKL_284d1c01f103,XML Schema,Q16342,skos:exactMatch,https://www.wikidata.org/wiki/Q16342,XML Schema,W3C XML schema language,XSD | W3C XML Schema | Post-Schema-Validation Infoset,xsd,,exact,high
USKL_d766f587ca53,skill,USKL_d766f587ca53,XML-RPC,Q1046238,skos:exactMatch,https://www.wikidata.org/wiki/Q1046238,XML-RPC,data serialization format,,,,exact,high
USKL_6f04a22f6341,skill,USKL_6f04a22f6341,XMLBeans,Q617176,skos:exactMatch,https://www.wikidata.org/wiki/Q617176,XMLBeans,software development tool,,,,exact,high
USKL_7312f1191603,skill,USKL_7312f1191603,XMLSpy,Q444542,skos:exactMatch,https://www.wikidata.org/wiki/Q444542,XMLSpy,XML editing integrated development environment,,,,exact,high
USKL_317ac874e30c,skill,USKL_317ac874e30c,XMetaL,Q8042356,skos:exactMatch,https://www.wikidata.org/wiki/Q8042356,XMetaL,Software,,,,exact,high
USKL_73295e2e7d8d,skill,USKL_73295e2e7d8d,XPages,Q8042430,skos:exactMatch,https://www.wikidata.org/wiki/Q8042430,XPages,web application framework,,,,exact,high
USKL_e71b05eb8bc7,skill,USKL_e71b05eb8bc7,XPath,Q16340,skos:exactMatch,https://www.wikidata.org/wiki/Q16340,XPath,query language for selecting nodes from an XML document,XML Path Language,,,exact,high
USKL_31faffabfaa2,skill,USKL_31faffabfaa2,XStream,Q2746937,skos:exactMatch,https://www.wikidata.org/wiki/Q2746937,XStream,Java serialization library,,,,exact,high
USKL_0ee2d1367ada,skill,USKL_0ee2d1367ada,Xalan,Q773240,skos:closeMatch,https://www.wikidata.org/wiki/Q773240,Apache Xalan,open source implementation of XSLT and XPath,Xalan | LotusXSL | Xalan Java | Xalan C++,,,alias,medium
USKL_edfb7377511b,skill,USKL_edfb7377511b,Xdebug,Q2588925,skos:exactMatch,https://www.wikidata.org/wiki/Q2588925,Xdebug,PHP extension used for debugging and profiling,,,,exact,high
USKL_39bcfe4e9f02,skill,USKL_39bcfe4e9f02,Xeon Phi,Q130272736,skos:exactMatch,https://www.wikidata.org/wiki/Q130272736,Xeon Phi,série de processeurs manycore x86,,,,exact,high
USKL_c38947fc7c6d,skill,USKL_c38947fc7c6d,Xerces,Q629740,skos:closeMatch,https://www.wikidata.org/wiki/Q629740,Apache Xerces,Library of XML parsers and related software,Xerces,,,alias,medium
USKL_28d051746115,skill,USKL_28d051746115,XtraDB,Q4021858,skos:exactMatch,https://www.wikidata.org/wiki/Q4021858,XtraDB,database storage engine,,,,exact,high
USKL_3632824b758e,skill,USKL_3632824b758e,YAML,Q281876,skos:exactMatch,https://www.wikidata.org/wiki/Q281876,YAML,human-readable data serialization format,Yet Another Markup Language | YAML Ain't Markup Language | .yml | .yaml,,,exact,high
USKL_55bace31712a,skill,USKL_55bace31712a,Yandex,Q5281,skos:exactMatch,https://www.wikidata.org/wiki/Q5281,Yandex,Russian technology company,"ООО ""Яндекс"" | yandex.ru | Yandex LLC | ya.ru",,,exact,high
USKL_d6d915cfd004,skill,USKL_d6d915cfd004,Yeoman Generator,Q8052438,skos:closeMatch,https://www.wikidata.org/wiki/Q8052438,yeoman,open source client-side development stack to build web applications,Yeoman Generator | yeoman (computing),,,alias,medium
USKL_d6db52ce99e0,skill,USKL_d6db52ce99e0,Yocto Project,Q152242,skos:exactMatch,https://www.wikidata.org/wiki/Q152242,Yocto Project,Linux Foundation project,Yocto | Yocto Project™,,,exact,high
USKL_09bf192b6e5e,skill,USKL_09bf192b6e5e,Zenoss,Q189801,skos:exactMatch,https://www.wikidata.org/wiki/Q189801,Zenoss,company that develops hybrid IT monitoring and analytics software,Zenoss Inc.,,,exact,high
USKL_e709ad4b0674,skill,USKL_e709ad4b0674,Zepto,Q130301706,skos:exactMatch,https://www.wikidata.org/wiki/Q130301706,Zepto,Indian Q-commerce company,Kiranakart,,,exact,high
USKL_61f4c50c8a90,skill,USKL_61f4c50c8a90,Zuora,Q8075320,skos:exactMatch,https://www.wikidata.org/wiki/Q8075320,Zuora,American enterprise software company,zuora.com,,,exact,high
USKL_c6a064d92bff,skill,USKL_c6a064d92bff,cURL,Q286306,skos:closeMatch,https://www.wikidata.org/wiki/Q286306,curl,command line tool and library for transferring data with URL syntax,cURL | Client for URLs,Client URL Request Library | See URL,,alias,medium
USKL_1009ed30cedc,skill,USKL_1009ed30cedc,gRPC,Q26356541,skos:exactMatch,https://www.wikidata.org/wiki/Q26356541,gRPC,cross-platform binary RPC protocol,,,,exact,high
USKL_3efbb86f1d6f,skill,USKL_3efbb86f1d6f,macOS Mojave,Q54807273,skos:exactMatch,https://www.wikidata.org/wiki/Q54807273,macOS Mojave,15th major version of the macOS operating system,MacOS Mojave | macOS 10.14,macOS 10.14,,exact,high
USKL_1c1a920fda7b,skill,USKL_1c1a920fda7b,macOS Sierra,Q22095865,skos:exactMatch,https://www.wikidata.org/wiki/Q22095865,macOS Sierra,13th major version of the macOS operating system,OS X Sierra | OS X 10.12 | macOS Sierra | macOS 10.12 Sierra | Mac OS Sierra | Sierra,Mac OS Sierra | Mac OS X 10.12 | OS X 10.12 | OS X Sierra,,exact,high
USKL_e294b9645e9a,skill,USKL_e294b9645e9a,mod_perl,Q292390,skos:exactMatch,https://www.wikidata.org/wiki/Q292390,mod_perl,Apache module that integrates Perl,,,,exact,high
USKL_0a0557eab655,skill,USKL_0a0557eab655,phpBB,Q14270,skos:exactMatch,https://www.wikidata.org/wiki/Q14270,phpBB,open-source Internet forum package written in PHP,phpBB3 | phpBB2 | PhpBB | PHP Bulletin Board,,,exact,high
USKL_37ba60270e8d,skill,USKL_37ba60270e8d,tvOS,Q20965967,skos:exactMatch,https://www.wikidata.org/wiki/Q20965967,tvOS,operating system of the Apple TV,,,,exact,high
USKL_86f0dcb4b4a7,skill,USKL_86f0dcb4b4a7,watchOS,Q18012472,skos:exactMatch,https://www.wikidata.org/wiki/Q18012472,watchOS,mobile operating system for Apple Watches,,,,exact,high
USKL_b94598d8955d,skill,USKL_b94598d8955d,z/OS,Q283705,skos:exactMatch,https://www.wikidata.org/wiki/Q283705,z/OS,64-bit operating system for IBM mainframes,,,,exact,high
USKL_f77638294d9b,skill,USKL_f77638294d9b,Nim,Q20080327,skos:exactMatch,https://www.wikidata.org/wiki/Q20080327,Nim,programming language,Nim programming language | Nimrod,Nimrod,,exact,high
USKL_89ad07f3552a,skill,USKL_89ad07f3552a,Zig,Q51885456,skos:exactMatch,https://www.wikidata.org/wiki/Q51885456,Zig,programming language,Ziglang | Zig programming language | Zig language,langage de programmation Zig | langage Zig | Ziglang,,exact+csv_seed,high
USKL_c2ec2b45f0ee,skill,USKL_c2ec2b45f0ee,V,Q61632937,skos:exactMatch,https://www.wikidata.org/wiki/Q61632937,V,"General-purpose programming language inspired by Go, Kotlin, Oberon, Python, Rust, and Swift",vlang | V programming language | V Language | The V Programming Language,langage V,,exact+csv_seed,high
USKL_d2445c6e1791,skill,USKL_d2445c6e1791,Shell,Q154950,skos:exactMatch,https://www.wikidata.org/wiki/Q154950,Shell,British multinational oil and gas company,Royal Dutch Shell | RDS,Royal Dutch | Royal Dutch / Shell | Royal Dutch Petroleum | Royal Dutch Shell | Shell Petroleum | Shell Transport and Trading Company,,exact+csv_seed,high
USKL_fc9143f1ee2c,skill,USKL_fc9143f1ee2c,T-SQL,Q1411245,skos:exactMatch,https://www.wikidata.org/wiki/Q1411245,Transact-SQL,Microsoft's and Sybase's proprietary extension to SQL (Structured Query Language) used to interact with relational databases,T-SQL,T-SQL,,exact+csv_seed,high
USKL_e88d1efd09a8,skill,USKL_e88d1efd09a8,Markdown,Q1193600,skos:exactMatch,https://www.wikidata.org/wiki/Q1193600,Markdown,a lightweight markup language with plain-text formatting syntax that is popularly used,markdown,,,exact,high
USKL_02ea3891cd77,skill,USKL_02ea3891cd77,Meteor,Q14246221,skos:exactMatch,https://www.wikidata.org/wiki/Q14246221,Meteor,web framework in JavaScript,Meteor.js | Matador,,,exact,high
USKL_b795e57b9d3a,skill,USKL_b795e57b9d3a,Tailwind CSS,Q102173844,skos:exactMatch,https://www.wikidata.org/wiki/Q102173844,Tailwind CSS,utility-first CSS framework,TailwindCSS | Tailwind,,,exact,high
USKL_d60172f0900d,skill,USKL_d60172f0900d,Ant Design,Q96255221,skos:exactMatch,https://www.wikidata.org/wiki/Q96255221,Ant Design,UI Design Language and React UI library,AntD,,,exact,high
USKL_f7bc32ebf23b,skill,USKL_f7bc32ebf23b,Chakra UI,Q133980005,skos:exactMatch,https://www.wikidata.org/wiki/Q133980005,Chakra UI,open-source react component library for building accessible and responsive user interfaces,ChakraUI,,,exact,high
USKL_aa252ec159c1,skill,USKL_aa252ec159c1,Foundation,Q5474308,skos:exactMatch,https://www.wikidata.org/wiki/Q5474308,Foundation,web design front-end framework,,,,exact,high
USKL_8a2ce4973d4f,skill,USKL_8a2ce4973d4f,Chart.js,Q83624620,skos:exactMatch,https://www.wikidata.org/wiki/Q83624620,Chart.js,free open-source JavaScript library for data visualization,chart.js,chart.js,,exact,high
USKL_89afaba18f7d,skill,USKL_89afaba18f7d,Redux,Q28957057,skos:exactMatch,https://www.wikidata.org/wiki/Q28957057,Redux,JavaScript state container software library,,,,exact+csv_seed,high
USKL_a4147c4f4c5e,skill,USKL_a4147c4f4c5e,Playwright,Q123162820,skos:exactMatch,https://www.wikidata.org/wiki/Q123162820,Playwright,end-to-end testing framework,,,,exact,high
USKL_ec93181530ff,skill,USKL_ec93181530ff,Vite,Q111590996,skos:exactMatch,https://www.wikidata.org/wiki/Q111590996,Vite,open-source JavaScript module bundler,,,,exact,high
USKL_22f0d2471ab0,skill,USKL_22f0d2471ab0,Parcel,Q96323625,skos:exactMatch,https://www.wikidata.org/wiki/Q96323625,Parcel,zero-configuration web application bundler,parceljs | Parcel.js | Parcel Bundler,,,exact,high
USKL_f7f8a6f2fc45,skill,USKL_f7f8a6f2fc45,Babel,Q55604651,skos:exactMatch,https://www.wikidata.org/wiki/Q55604651,Babel,JavaScript compiler that compiles ES2015+ code into backwards compatible JavaScript for older versions of browsers,6to5,,,exact,high
USKL_df10de51ff34,skill,USKL_df10de51ff34,Prettier,Q30147525,skos:exactMatch,https://www.wikidata.org/wiki/Q30147525,Prettier,JavaScript code formatter,,,,exact,high
USKL_8f34cb87c52c,skill,USKL_8f34cb87c52c,Husky,Q702049,skos:exactMatch,https://www.wikidata.org/wiki/Q702049,Husky,Canadian chain of petrol stations and energy company,Husky Oil Operations Limited | Husky Energy | Cenovus | @barwhips,Husky Energy Inc. | Husky Oil Operations Limited,,exact,high
USKL_1f5d7a7235aa,skill,USKL_1f5d7a7235aa,NPM,Q138852289,skos:closeMatch,https://www.wikidata.org/wiki/Q138852289,Northern United,,"Northern United Publishing and Media (Group) Company Limited | Northern United Publishing Media | Liaoning Publishing & Media Company Limited. | Northern United Publishing & Media (Group) Co., Ltd. | Northern United Publishing Media (Group) Co., Ltd. | Northern United Publishing & Media (Group) Company Limited | Northern United Publishing and Media (Group) Co., Ltd. | NPM",,,alias,medium
USKL_a896cbd70250,skill,USKL_a896cbd70250,Yarn,Q28518314,skos:exactMatch,https://www.wikidata.org/wiki/Q28518314,Yarn,JavaScript package manager,yarn,,,exact,high
USKL_bcc687621694,skill,USKL_bcc687621694,Grunt,Q24576808,skos:exactMatch,https://www.wikidata.org/wiki/Q24576808,Grunt,JavaScript task runner,,,,exact,high
USKL_9ed957ea87d7,skill,USKL_9ed957ea87d7,Ionic,Q17576071,skos:exactMatch,https://www.wikidata.org/wiki/Q17576071,Ionic,open-source framework to develop hybrid mobile apps,ionic2 | ionic 2,,,exact,high
USKL_f6d80ae4c241,skill,USKL_f6d80ae4c241,SwiftUI,Q97455771,skos:exactMatch,https://www.wikidata.org/wiki/Q97455771,SwiftUI,software framework developed by Apple,,,,exact+csv_seed,high
USKL_b6abf31a7d7d,skill,USKL_b6abf31a7d7d,Jetpack Compose,Q114646061,skos:exactMatch,https://www.wikidata.org/wiki/Q114646061,Jetpack Compose,Android UI development framework in Kotlin,Compose,,,exact+csv_seed,high
USKL_32f209d3ef28,skill,USKL_32f209d3ef28,AppCenter,Q70029,skos:closeMatch,https://www.wikidata.org/wiki/Q70029,Ubuntu Software Center,Ubuntu software distribution platform,Ubuntu Software Centre | AppCenter,,,alias,medium
USKL_eae75c975c01,skill,USKL_eae75c975c01,Bitrise,Q110630145,skos:exactMatch,https://www.wikidata.org/wiki/Q110630145,Bitrise,"CI/CD runner, offers more than 300 steps and integrations to connect the processes and services you use in mobile development workflows",,,,exact,high
USKL_35c6bb428e9f,skill,USKL_35c6bb428e9f,Oracle,Q132197556,skos:exactMatch,https://www.wikidata.org/wiki/Q132197556,Oracle,creative work by Simon Biggs,,,,exact,high
USKL_e22072cb2c9d,skill,USKL_e22072cb2c9d,DynamoDB,Q15731832,skos:closeMatch,https://www.wikidata.org/wiki/Q15731832,Amazon DynamoDB,cloud database provided as a service,DynamoDB,,,alias,medium
USKL_52ccf40f532c,skill,USKL_52ccf40f532c,Cosmos DB,Q20707889,skos:closeMatch,https://www.wikidata.org/wiki/Q20707889,Azure Cosmos DB,cloud hosted document-oriented database,CosmosDB | Cosmos DB | Azure DocumentDB | Azure CosmosDB | Cosmos,,,alias,medium
USKL_4f27288d94ba,skill,USKL_4f27288d94ba,Firestore,Q59908994,skos:exactMatch,https://www.wikidata.org/wiki/Q59908994,Firestore,cloud document database offered by Google's Cloud Platform,Google Cloud Firestore,,,exact,high
USKL_fba94f83b859,skill,USKL_fba94f83b859,Firebase Realtime Database,Q59909615,skos:exactMatch,https://www.wikidata.org/wiki/Q59909615,Firebase Realtime Database,real time database part of the Firebase platform,,,,exact,high
USKL_b6aee8f8d119,skill,USKL_b6aee8f8d119,Solr,Q2858103,skos:closeMatch,https://www.wikidata.org/wiki/Q2858103,Apache Solr,open-source enterprise-search platform,Solr | Apache Solr Enterprise Search Server,Solr,,alias,medium
USKL_aeb46f9bd3b4,skill,USKL_aeb46f9bd3b4,Splunk,Q125525849,skos:exactMatch,https://www.wikidata.org/wiki/Q125525849,Splunk,log aggregator software,,,,exact,high
USKL_826838dfd1cd,skill,USKL_826838dfd1cd,TimescaleDB,Q111012643,skos:exactMatch,https://www.wikidata.org/wiki/Q111012643,TimescaleDB,open-source time series database,,,,exact,high
USKL_204369233a7e,skill,USKL_204369233a7e,CockroachDB,Q98731903,skos:exactMatch,https://www.wikidata.org/wiki/Q98731903,CockroachDB,distributed database management system,,,,exact,high
USKL_1a082ce03331,skill,USKL_1a082ce03331,ClickHouse,Q27825826,skos:exactMatch,https://www.wikidata.org/wiki/Q27825826,ClickHouse,open-source Column-oriented DBMS (columnar database management system) for online analytical processing (OLAP),Clickhouse,,,exact,high
USKL_33d840302d88,skill,USKL_33d840302d88,Redshift,Q7306255,skos:exactMatch,https://www.wikidata.org/wiki/Q7306255,Redshift,application that adjusts the computer display's color temperature,,,,exact,high
USKL_3fb0ca8db017,skill,USKL_3fb0ca8db017,HBase,Q2538066,skos:closeMatch,https://www.wikidata.org/wiki/Q2538066,Apache HBase,"open source, non-relational, distributed database system",HBase | hbase,HBase,,alias,medium
USKL_684c219c003c,skill,USKL_684c219c003c,Hive,Q111732252,skos:exactMatch,https://www.wikidata.org/wiki/Q111732252,Hive,American company,,,,exact,high
USKL_797a93c43d79,skill,USKL_797a93c43d79,Spark,Q3493345,skos:exactMatch,https://www.wikidata.org/wiki/Q3493345,SPARK,programming language,SPADE Ada Kernel | Spark,,,exact,high
USKL_fcea017781cd,skill,USKL_fcea017781cd,Kafka,Q16235208,skos:closeMatch,https://www.wikidata.org/wiki/Q16235208,Apache Kafka,open source data stream processing platform,Kafka,,,alias,medium
USKL_7b5c523ff2ac,skill,USKL_7b5c523ff2ac,ActiveMQ,Q773135,skos:closeMatch,https://www.wikidata.org/wiki/Q773135,Apache ActiveMQ,Software message broker,ActiveMQ,,,alias,medium
USKL_e19170f0116f,skill,USKL_e19170f0116f,ZeroMQ,Q8079189,skos:exactMatch,https://www.wikidata.org/wiki/Q8079189,ZeroMQ,software library for messaging,ØMQ | 0MQ | ZMQ | zmq,,,exact,high
USKL_9388ca12b03d,skill,USKL_9388ca12b03d,NATS,Q25327044,skos:exactMatch,https://www.wikidata.org/wiki/Q25327044,NATS,open source cloud messaging system,NATS Messaging,,,exact,high
USKL_beb8425ae011,skill,USKL_beb8425ae011,CDN,Q12628581,skos:exactMatch,https://www.wikidata.org/wiki/Q12628581,CDN,international vehicle registration code for Canada,,,,exact,high
USKL_ae5c526b876a,skill,USKL_ae5c526b876a,AWS,Q21676069,skos:exactMatch,https://www.wikidata.org/wiki/Q21676069,AWS,Stores MediaWiki images in Amazon S3,Extension:AWS,,,exact,high
USKL_2d56a8e6756d,skill,USKL_2d56a8e6756d,Packer,Q62858956,skos:exactMatch,https://www.wikidata.org/wiki/Q62858956,Packer,open source tool for creating identical machine images for multiple platforms from a single source configuration,,,,exact,high
USKL_efc3cda967c3,skill,USKL_efc3cda967c3,Consul,Q28709844,skos:exactMatch,https://www.wikidata.org/wiki/Q28709844,Consul,"software to connect and configure applications across dynamic, distributed infrastructure",,,,exact,high
USKL_48421a717661,skill,USKL_48421a717661,Vault,Q4052619,skos:exactMatch,https://www.wikidata.org/wiki/Q4052619,Vault,version control system,,,,exact,high
USKL_5b9efcb82779,skill,USKL_5b9efcb82779,Nomad,Q2546072,skos:exactMatch,https://www.wikidata.org/wiki/Q2546072,Nomad,Japanese animation studio,"Nōmaddo | NOMAD, Inc.",,,exact,high
USKL_c9fd8bcd046d,skill,USKL_c9fd8bcd046d,Helm,Q125398382,skos:exactMatch,https://www.wikidata.org/wiki/Q125398382,Helm,software package manager,,,,exact,high
USKL_dc93fa82f3e2,skill,USKL_dc93fa82f3e2,Kustomize,Q136456654,skos:exactMatch,https://www.wikidata.org/wiki/Q136456654,Kustomize,configuration management tool for Kubernetes,kubectl kustomize,,,exact,high
USKL_5b24158733fa,skill,USKL_5b24158733fa,Spinnaker,Q65046096,skos:exactMatch,https://www.wikidata.org/wiki/Q65046096,Spinnaker,continuous delivery software platform,,,,exact,high
USKL_b275cce93815,skill,USKL_b275cce93815,Tekton,Q110745469,skos:exactMatch,https://www.wikidata.org/wiki/Q110745469,Tekton,framework for creating continuous integration and delivery systems offered by Google's Cloud Platform,,,,exact,high
USKL_0b44c9f67543,skill,USKL_0b44c9f67543,GitHub Actions,Q97185096,skos:exactMatch,https://www.wikidata.org/wiki/Q97185096,GitHub Actions,software workflow automation from GitHub,,,,exact,high
USKL_1e90f3b8e2e8,skill,USKL_1e90f3b8e2e8,Bamboo,Q4853396,skos:exactMatch,https://www.wikidata.org/wiki/Q4853396,Bamboo,continuous integration software,Atlassian Bamboo,,,exact,high
USKL_12cc9f0f6add,skill,USKL_12cc9f0f6add,AWS Fargate,Q110731414,skos:exactMatch,https://www.wikidata.org/wiki/Q110731414,AWS Fargate,service offered by Amazon Web Services,Fargate,,,exact,high
USKL_8b31e8ec7935,skill,USKL_8b31e8ec7935,Azure Resource Manager,Q123198738,skos:exactMatch,https://www.wikidata.org/wiki/Q123198738,Azure Resource Manager,domain-specific declarative language for defining Azure resources,ARM,,,exact,high
USKL_74f93a5c3573,skill,USKL_74f93a5c3573,Google BigQuery,Q4904867,skos:closeMatch,https://www.wikidata.org/wiki/Q4904867,BigQuery,"fully managed, scalable data warehouse with built-in machine learning",Google BigQuery,,,alias,medium
USKL_f4424fc52c0d,skill,USKL_f4424fc52c0d,DigitalOcean,Q17052116,skos:exactMatch,https://www.wikidata.org/wiki/Q17052116,DigitalOcean,American cloud infrastructure provider,doserverless.co | digitalocean.com,,,exact,high
USKL_bc22b77de158,skill,USKL_bc22b77de158,Fastly,Q34045622,skos:exactMatch,https://www.wikidata.org/wiki/Q34045622,Fastly,web infrastructure company,"fastly.com | Fastly, Inc.",,,exact,high
USKL_30a1af12f59f,skill,USKL_30a1af12f59f,Vultr,Q137343200,skos:exactMatch,https://www.wikidata.org/wiki/Q137343200,Vultr,cloud infrastructure company,,,,exact,high
USKL_fda83f135b3d,skill,USKL_fda83f135b3d,OVH,Q568183,skos:closeMatch,https://www.wikidata.org/wiki/Q568183,OVHcloud,cloud infrastructure provider,SoYouStart | RunAbove | OVH Groupe SAS | Kimsufi | OVH,OVH | Kimsufi | OVH Groupe SAS | RunAbove | SoYouStart,,alias,medium
USKL_f49d9e4fffe5,skill,USKL_f49d9e4fffe5,Workday,Q8034666,skos:closeMatch,https://www.wikidata.org/wiki/Q8034666,"Workday, Inc.",financial and corporate software company,workday.com | Workday,,,alias,medium
USKL_856e65d6c4e1,skill,USKL_856e65d6c4e1,LightGBM,Q57267665,skos:exactMatch,https://www.wikidata.org/wiki/Q57267665,LightGBM,machine learning software,Light Gradient Boosting Machine,,,exact,high
USKL_1d5ad441a84c,skill,USKL_1d5ad441a84c,NLTK,Q1635410,skos:closeMatch,https://www.wikidata.org/wiki/Q1635410,Natural Language Toolkit,suite for natural language processing (NLP),NLTK,NLTK,,alias,medium
USKL_01376b93fa6a,skill,USKL_01376b93fa6a,GPT,Q603889,skos:closeMatch,https://www.wikidata.org/wiki/Q603889,GUID Partition Table,standard for the layout of the partition table on a physical storage device used in a desktop or server PC,GPT,,,alias,medium
USKL_ae1bdb59a9af,skill,USKL_ae1bdb59a9af,DALL-E,Q105078662,skos:exactMatch,https://www.wikidata.org/wiki/Q105078662,DALL-E,image-generating deep-learning model,DALL·E,DALL·E,,exact,high
USKL_8822d6eb16a1,skill,USKL_8822d6eb16a1,Stable Diffusion,Q113660857,skos:exactMatch,https://www.wikidata.org/wiki/Q113660857,Stable Diffusion,image-generating machine learning model,,,,exact,high
USKL_4aa2783ba8b3,skill,USKL_4aa2783ba8b3,Weaviate,Q106201926,skos:exactMatch,https://www.wikidata.org/wiki/Q106201926,Weaviate,"cloud-native, modular, real-time vector search engine",vector search engine | vector database,,,exact,high
USKL_ba607432499f,skill,USKL_ba607432499f,Airflow,Q28915062,skos:closeMatch,https://www.wikidata.org/wiki/Q28915062,Apache Airflow,"open-source workflow management platform written in Python, where workflows are created via Python scripts",apache-airflow | Apache Airflow software project | Airflow,,,alias,medium
USKL_287df57fbe51,skill,USKL_287df57fbe51,Colab,Q126084995,skos:closeMatch,https://www.wikidata.org/wiki/Q126084995,Google Colab,"Google Colab is an online platform hosted by Google to write, run and share code",Google Colaboratory | Colab,,,alias,medium
USKL_477add5d7637,skill,USKL_477add5d7637,Kaggle,Q10996045,skos:exactMatch,https://www.wikidata.org/wiki/Q10996045,Kaggle,internet platform for data science competitions,kaggle.com,,,exact,high
USKL_af3f2b4aaa47,skill,USKL_af3f2b4aaa47,CNN,Q48340,skos:exactMatch,https://www.wikidata.org/wiki/Q48340,CNN,American news channel,,,,exact,high
USKL_f04a1579bb37,skill,USKL_f04a1579bb37,GRU,Q115691445,skos:closeMatch,https://www.wikidata.org/wiki/Q115691445,Gainesville Regional Utilities,"Public utility in Gainesville, Florida, US",GRU,,,alias,medium
USKL_8e8b7a3f9ac7,skill,USKL_8e8b7a3f9ac7,SSH,Q49419877,skos:exactMatch,https://www.wikidata.org/wiki/Q49419877,SSH,company of Slovenia,Slovenian Sovereign Holding,,,exact,high
USKL_56c799aebdfa,skill,USKL_56c799aebdfa,VPN,Q295570,skos:exactMatch,https://www.wikidata.org/wiki/Q295570,VPN,nada,naza,,,exact,high
USKL_f99dd354890d,skill,USKL_f99dd354890d,CDN,Q12628581,skos:exactMatch,https://www.wikidata.org/wiki/Q12628581,CDN,international vehicle registration code for Canada,,,,exact,high
USKL_a2b333c8866b,skill,USKL_a2b333c8866b,Linkerd,Q88465954,skos:exactMatch,https://www.wikidata.org/wiki/Q88465954,Linkerd,service mesh,,,,exact,high
USKL_d2e2185730ee,skill,USKL_d2e2185730ee,Consul,Q28709844,skos:exactMatch,https://www.wikidata.org/wiki/Q28709844,Consul,"software to connect and configure applications across dynamic, distributed infrastructure",,,,exact,high
USKL_41c54577bc4f,skill,USKL_41c54577bc4f,Caddy,Q24008327,skos:exactMatch,https://www.wikidata.org/wiki/Q24008327,Caddy,open source web server,,,,exact,high
USKL_e7bd7eedd2bd,skill,USKL_e7bd7eedd2bd,OpenID Connect,Q21677911,skos:exactMatch,https://www.wikidata.org/wiki/Q21677911,OpenID Connect,MediaWiki extension that provides authentication using OpenID Connect,,,,exact,high
USKL_81ac68316453,skill,USKL_81ac68316453,SAML,Q1758048,skos:closeMatch,https://www.wikidata.org/wiki/Q1758048,Security Assertion Markup Language,XML-based format and protocol for exchanging authentication and authorization data between parties,SAML,SAML,,alias,medium
USKL_2f5b5b82f471,skill,USKL_2f5b5b82f471,RADIUS,Q137756020,skos:closeMatch,https://www.wikidata.org/wiki/Q137756020,GNU Radius,"server implementation for centralizing user authentication (like for Wi-Fi, VPNs) and accounting, adhering to RADIUS protocols (RFC 2138, 2866) and commonly found in GNU/Linux and BSD environments",RADIUS | radius,radius | RADIUS,,alias,medium
USKL_f3d7856950d2,skill,USKL_f3d7856950d2,Karma,Q124366940,skos:exactMatch,https://www.wikidata.org/wiki/Q124366940,Karma,search engine,,,,exact,high
USKL_393792048134,skill,USKL_393792048134,Playwright,Q123162820,skos:exactMatch,https://www.wikidata.org/wiki/Q123162820,Playwright,end-to-end testing framework,,,,exact,high
USKL_8280f95b9c2a,skill,USKL_8280f95b9c2a,Robot Framework,Q2160022,skos:exactMatch,https://www.wikidata.org/wiki/Q2160022,Robot Framework,open source test automation software for acceptance testing,,,,exact,high
USKL_34d58c4b8b26,skill,USKL_34d58c4b8b26,API,Q646807,skos:closeMatch,https://www.wikidata.org/wiki/Q646807,Gruppo API,Italian petrol company,Anonima Petroli Italiana | API,API | Anonima Petroli Italiana,,alias,medium
USKL_65c9ad8a07c0,skill,USKL_65c9ad8a07c0,Serverless,Q22952981,skos:closeMatch,https://www.wikidata.org/wiki/Q22952981,Serverless Framework,"a framework for web, mobile and IoT applications with serverless architectures",Serverless,,,alias,medium
USKL_24733827e213,skill,USKL_24733827e213,Logging,Q59940633,skos:closeMatch,https://www.wikidata.org/wiki/Q59940633,Cloud Logging,service used for logging offered by Google's Cloud Platform,Stackdriver Logging | Logging,,,alias,medium
USKL_a27180a6f8ff,skill,USKL_a27180a6f8ff,VS Code,Q19841877,skos:closeMatch,https://www.wikidata.org/wiki/Q19841877,Visual Studio Code,source code editor developed by Microsoft,VSCode | vscode | VS Code | VSC,,,alias,medium
USKL_fd84b9267ea5,skill,USKL_fd84b9267ea5,IntelliJ,Q1206660,skos:closeMatch,https://www.wikidata.org/wiki/Q1206660,IntelliJ IDEA,integrated development environment,IntelliJ | IDEA,IDEA | IntelliJ,,alias,medium
USKL_2af4e9617f06,skill,USKL_2af4e9617f06,Sublime Text,Q267193,skos:exactMatch,https://www.wikidata.org/wiki/Q267193,Sublime Text,text editor,Sublime,,,exact,high
USKL_446a93e33f94,skill,USKL_446a93e33f94,Atom,Q16766305,skos:exactMatch,https://www.wikidata.org/wiki/Q16766305,Atom,free and open-source text and source code editor,Editor,,,exact,high
USKL_b579ff7150e5,skill,USKL_b579ff7150e5,RStudio,Q4798119,skos:exactMatch,https://www.wikidata.org/wiki/Q4798119,RStudio,integrated development environment for the programming language R,rstudio.com | R Studio,,,exact,high
USKL_f5505416c84c,skill,USKL_f5505416c84c,Swagger,Q39069667,skos:exactMatch,https://www.wikidata.org/wiki/Q39069667,Swagger,"open-source framework to design, build, document, and consume RESTful Web APIs",swagger-ui,,,exact,high
USKL_55b49f177dc2,skill,USKL_55b49f177dc2,Sketch,Q22808097,skos:exactMatch,https://www.wikidata.org/wiki/Q22808097,Sketch,vector graphics editing software for macOS,,,,exact,high
USKL_9bbfd8a3b808,skill,USKL_9bbfd8a3b808,Miro,Q1141869,skos:exactMatch,https://www.wikidata.org/wiki/Q1141869,Miro,Internet television software,,Democracy player | Dtv,,exact,high
USKL_677bbfef3518,skill,USKL_677bbfef3518,Notion,Q60747998,skos:exactMatch,https://www.wikidata.org/wiki/Q60747998,Notion,productivity software,notion.so,,,exact,high
USKL_aa6742fb0e9f,skill,USKL_aa6742fb0e9f,Discord,Q22907849,skos:exactMatch,https://www.wikidata.org/wiki/Q22907849,Discord,instant messaging and VoIP software,,,,exact,high
USKL_e33d00c9951d,skill,USKL_e33d00c9951d,databricks,Q107385220,skos:exactMatch,https://www.wikidata.org/wiki/Q107385220,databricks,Python library,,,,exact,high
USKL_ac19d2359a83,skill,USKL_ac19d2359a83,matplotlib,Q2985668,skos:closeMatch,https://www.wikidata.org/wiki/Q2985668,Matplotlib,"comprehensive library for creating static, animated, and interactive visualizations in Python",matplotlib,,,alias,medium
USKL_5b4ccf34d017,skill,USKL_5b4ccf34d017,vba,Q667566,skos:exactMatch,https://www.wikidata.org/wiki/Q667566,Visual Basic for Applications,programming language,VBA,Visual Basic Editor,,exact+csv_seed,high
USKL_135a11d2cba1,skill,USKL_135a11d2cba1,vue,Q24589705,skos:exactMatch,https://www.wikidata.org/wiki/Q24589705,Vue.js,JavaScript framework,VueJS | Vue,Vue JS | VueJS,,exact+csv_seed,high
USKL_67bf695ebf5c,skill,USKL_67bf695ebf5c,couchbase,Q107381860,skos:exactMatch,https://www.wikidata.org/wiki/Q107381860,couchbase,Python library,,,,exact,high
USKL_cbfad5cb4ac8,skill,USKL_cbfad5cb4ac8,datarobot,Q107386070,skos:exactMatch,https://www.wikidata.org/wiki/Q107386070,datarobot,Python library,,,,exact,high
USKL_9197494382ef,skill,USKL_9197494382ef,seaborn,Q95716584,skos:exactMatch,https://www.wikidata.org/wiki/Q95716584,seaborn,Python data visualization library based on matplotlib,,,,exact,high
USKL_8be3965d5e0f,skill,USKL_8be3965d5e0f,ggplot2,Q326489,skos:exactMatch,https://www.wikidata.org/wiki/Q326489,ggplot2,"data visualization package for the statistical programming language R, implementing the Grammar of Graphics",ggplot(),,,exact,high
USKL_012197ae8833,skill,USKL_012197ae8833,reactjs,Q19399674,skos:exactMatch,https://www.wikidata.org/wiki/Q19399674,React,JavaScript library for building user interfaces,ReactJS | reactjs | React.js | React JavaScript library,React.js | ReactJS,,exact+csv_seed,high
USKL_992c317b4bf0,skill,USKL_992c317b4bf0,react-redux,Q95958062,skos:exactMatch,https://www.wikidata.org/wiki/Q95958062,react-redux,Official React bindings for Redux,,,,exact,high
USKL_9b3dcbfef626,skill,USKL_9b3dcbfef626,css3,Q27826469,skos:exactMatch,https://www.wikidata.org/wiki/Q27826469,Cascading Style Sheets Level 3,file format,.css | CSS,.css | format CSS 3,,exact+csv_seed,high
UOCC_66a1790ba933,occupation,UOCC_66a1790ba933,software analyst,Q2058241,skos:exactMatch,https://www.wikidata.org/wiki/Q2058241,software analyst,profession in IT,,,,exact,high
UOCC_133d5fecaede,occupation,UOCC_133d5fecaede,sound operator,Q10341105,skos:exactMatch,https://www.wikidata.org/wiki/Q10341105,sound operator,"technician who prepares, programs and operates sound systems for performances, broadcasts or events",sound system operator | audio system operator | audio operator,OPS | sondier,,exact,high
UOCC_9b38722f3b0b,occupation,UOCC_9b38722f3b0b,software tester,Q53471584,skos:exactMatch,https://www.wikidata.org/wiki/Q53471584,software tester,person who performs software tests,,,,exact,high
UOCC_0df85846acab,occupation,UOCC_0df85846acab,computer vision engineer,Q116952811,skos:exactMatch,https://www.wikidata.org/wiki/Q116952811,computer vision engineer,engineer specialized in computer vision,,,,exact,high
UOCC_58e96e252caa,occupation,UOCC_58e96e252caa,data engineer,Q104659813,skos:exactMatch,https://www.wikidata.org/wiki/Q104659813,data engineer,person who deals with the processing of data,,,,exact,high
UOCC_58c82a3ba66a,occupation,UOCC_58c82a3ba66a,sound mastering engineer,Q6785368,skos:closeMatch,https://www.wikidata.org/wiki/Q6785368,mastering engineer,type of audio engineer,sound mastering engineer | audio mastering engineer,ingénieur de mastérisation | ingénieur du mastering | ingénieure de mastérisation | technicien au matriçage | technicienne au matriçage | ingénieure du mastering,,alias,medium
UOCC_3523e479c349,occupation,UOCC_3523e479c349,enterprise architect,Q17089045,skos:exactMatch,https://www.wikidata.org/wiki/Q17089045,enterprise architect,profession,,,,exact,high
UOCC_d3e538f6a7a1,occupation,UOCC_d3e538f6a7a1,artificial intelligence engineer,Q126116209,skos:exactMatch,https://www.wikidata.org/wiki/Q126116209,artificial intelligence engineer,métier et le nom des personnes qui font ce métier qui consiste à créer des programmes informatiques qui font des taches qui sont habituellement faites par des humains,AI engineer,ingénieur en IA | ingénieur IA | ingénieur intelligence artificielle,,exact,high
UOCC_6a46a76ef41d,occupation,UOCC_6a46a76ef41d,sound editor,Q3180462,skos:exactMatch,https://www.wikidata.org/wiki/Q3180462,sound editor,creative professional responsible for selecting and assembling sound recordings in preparation for the final sound mixing or mastering of a visual media production involving recorded or synthetic sound,,,,exact,high
UOCC_303392f49891,occupation,UOCC_303392f49891,boom operator,Q373709,skos:exactMatch,https://www.wikidata.org/wiki/Q373709,boom operator,profession for microphone pole placement,tape operator | fishpole operator,perchiste | opérateur du son | perchman | perchwoman,,exact,high
UOCC_548f9bd14d3e,occupation,UOCC_548f9bd14d3e,audio-visual technician,Q93922873,skos:closeMatch,https://www.wikidata.org/wiki/Q93922873,audiovisual technician,"set up, operate and maintain equipment to record and edit images and sound for radio and television broadcasts, at live events and for telecommunication signals",AV technician | audio-visual technician,technicienne audiovisuel,,alias,medium
UOCC_c342c11ce256,occupation,UOCC_c342c11ce256,ethical hacker,Q18922761,skos:closeMatch,https://www.wikidata.org/wiki/Q18922761,white hat,computer hacker who hacks ethically,whitehat | white-hat hacker | white hat hacker | ethical hacker,,,alias,medium
UOCC_ae658dbbacbd,occupation,UOCC_ae658dbbacbd,sound designer,Q3024424,skos:exactMatch,https://www.wikidata.org/wiki/Q3024424,sound designer,"professional responsible for creating and arranging the auditory elements of a production, such as a film, television show, theater play, or video game",,concepteur sonore,,exact,high
UOCC_a2147e78ce09,occupation,UOCC_a2147e78ce09,chief technology officer,Q5287861,skos:exactMatch,https://www.wikidata.org/wiki/Q5287861,chief technology officer,"executive-level position overseeing technical, technological or scientific areas",chief technical officer | CTO,directeur technique | directeur de la technologie | directeur des technologies | directeur technologique | directrice technique | directrice de la technologie | directrice des technologies | directrice technologique,,exact,high
UOCC_cf7b34afe3ab,occupation,UOCC_cf7b34afe3ab,knowledge engineer,Q3141282,skos:exactMatch,https://www.wikidata.org/wiki/Q3141282,knowledge engineer,,,,,exact,high
UOCC_bc4b786f93ea,occupation,UOCC_bc4b786f93ea,chief information officer,Q2589465,skos:exactMatch,https://www.wikidata.org/wiki/Q2589465,chief information officer,information technology executive,Chief Information Officer | CIO,Direction des systèmes d'information | Chief Information Officer | Directeur des systemes d'information | directeur des systèmes d'information | Directeur des systèmes d’information | Directeur du système d'information | Directeur informatique | Directeur Informatique | Direction informatique | Directions des systèmes d'information | DSI | responsable IT,,exact,high
UOCC_8debc3db028d,occupation,UOCC_8debc3db028d,database administrator,Q1078262,skos:exactMatch,https://www.wikidata.org/wiki/Q1078262,database administrator,profession,data base administrator | DBA,Administrateur de bases de donnees | Administrateurs de bases de données | Administration de bases de données | Administration des bases de données | administratrice de bases de données,,exact,high
UOCC_9e99acd060fe,occupation,UOCC_9e99acd060fe,user interface designer,Q29381289,skos:exactMatch,https://www.wikidata.org/wiki/Q29381289,user interface designer,person working in the field of user interface design,user interface engineer | UI designer | interface designer,conceptrice d’interface utilisatrice,,exact,high
UOCC_18b8a8762e00,occupation,UOCC_18b8a8762e00,video technician,Q10429552,skos:closeMatch,https://www.wikidata.org/wiki/Q10429552,vision engineer,person operating the CCUs in a video production,video technician | video mixer | Video FX console | video engineer,chef d'équipements vidéo | ingénieur de la vision | metteur en images | Poste trucage | responsable de fabrication vidéo | truquiste,,alias,medium
UOCC_aa9b656898a7,occupation,UOCC_aa9b656898a7,web content manager,Q31197581,skos:exactMatch,https://www.wikidata.org/wiki/Q31197581,web content manager,,,administratrice de contenu web,,exact,high
UOCC_7c838b1ba9f7,occupation,UOCC_7c838b1ba9f7,recording studio technician,Q21009829,skos:exactMatch,https://www.wikidata.org/wiki/Q21009829,recording studio technician,"technician who sets up, operates and maintains audio equipment in a recording studio during recording and post-production",studio recording technician | recording studio technician,,,exact,high
UOCC_2d36c281a066,occupation,UOCC_2d36c281a066,database developer,Q115641904,skos:exactMatch,https://www.wikidata.org/wiki/Q115641904,database developer,software professional responsible for developing a database,database creator | database author,développeuse de base de données,,exact,high
UOCC_1087c62b62b3,occupation,UOCC_1087c62b62b3,web developer,Q6859454,skos:exactMatch,https://www.wikidata.org/wiki/Q6859454,web developer,programmer who specializes in World Wide Web applications,Website developer | webdev | Web developer,Concepteur Web,,exact,high
UOCC_7ee4ae3ace9e,occupation,UOCC_7ee4ae3ace9e,software architect,Q1548249,skos:exactMatch,https://www.wikidata.org/wiki/Q1548249,software architect,profession,,architecte informatique,,exact,high
UOCC_f37b961d0d4b,occupation,UOCC_f37b961d0d4b,data analyst,Q77293133,skos:exactMatch,https://www.wikidata.org/wiki/Q77293133,data analyst,profession that finds trends and patterns in data used to make decisions,data warehouse analyst | data analist | data warehousing analyst,,,exact,high
UOCC_2ff8180bcc06,occupation,UOCC_2ff8180bcc06,webmaster,Q41674,skos:exactMatch,https://www.wikidata.org/wiki/Q41674,webmaster,responsible for maintaining one or many websites,website coordinator | website administrator | webops | webmistress | web architect | site author | website operator | web developer,Administrateur de site | Édimestre | Maître toile | Web Master | Webmaster | Webmestres,,exact,high
UOCC_9ffd4ab6d016,occupation,UOCC_9ffd4ab6d016,computer scientist,Q82594,skos:exactMatch,https://www.wikidata.org/wiki/Q82594,computer scientist,one who studies or practices computer science,,informaticien | informaticienne,,exact,high
UOCC_a11d5d70d77c,occupation,UOCC_a11d5d70d77c,software developer,Q183888,skos:exactMatch,https://www.wikidata.org/wiki/Q183888,software developer,person or company concerned with facets of the software development process,software development engineer | software studio | software developers,développeur | développeurs | programmeur | programmeurs | développeuse | programmeuse | développeur informatique | developpeur | analyste programmeur | analyste-Programmeur | développeur d'application Informatique | developpeur informatique,,exact,high
UOCC_0763469b1f67,occupation,UOCC_0763469b1f67,ICT business analyst,Q119561639,skos:exactMatch,https://www.wikidata.org/wiki/Q119561639,ICT business analyst,,IT business analyst,,,exact,high
UOCC_ab6f9c8a4414,occupation,UOCC_ab6f9c8a4414,full stack developer,Q96072517,skos:exactMatch,https://www.wikidata.org/wiki/Q96072517,full stack developer,software developer covering the full range of technology between frontend and backend development,full-stack developer,,,exact,high
UOCC_d118ecc3112a,occupation,UOCC_d118ecc3112a,back-end developer,Q110245834,skos:exactMatch,https://www.wikidata.org/wiki/Q110245834,back-end developer,practitioner of back-end development,backend developer,développeur back end | développeur back-end,,exact,high
SKD_32d4e08d44c0,domain,SKD_32d4e08d44c0,software development,Q638608,skos:exactMatch,https://www.wikidata.org/wiki/Q638608,software development,creation and maintaining of programs and applications,,developpement de logiciel | développement logiciel,,exact,high
SKD_7eb2d37514e2,domain,SKD_7eb2d37514e2,web development,Q386275,skos:exactMatch,https://www.wikidata.org/wiki/Q386275,web development,development of a website for the Internet,webdev,développeur web,,exact,high
SKD_5185aa901f10,domain,SKD_5185aa901f10,data science,Q2374463,skos:exactMatch,https://www.wikidata.org/wiki/Q2374463,data science,field of study to extract insights from data,,data science | data-science,,exact,high
SKD_fef453318c05,domain,SKD_fef453318c05,IT infrastructure,Q594593,skos:exactMatch,https://www.wikidata.org/wiki/Q594593,IT infrastructure,type of infrastructure,information technology infrastructure,,,exact,high
SKD_90e58c199bec,domain,SKD_90e58c199bec,telecommunications,Q418,skos:exactMatch,https://www.wikidata.org/wiki/Q418,telecommunications,electronic transmission of information between locations,electric communications,,,exact,high
SKD_69d0aabb106c,domain,SKD_69d0aabb106c,computer security,Q3510521,skos:exactMatch,https://www.wikidata.org/wiki/Q3510521,computer security,"protection of computer systems and networks from theft, damage, misuse or data leak",computer security industry | information technology security | cyber security | IT security | cybersecurity,sécurité informatique | sécurité du système d’information,,exact,high
SKD_2da37cb954b8,domain,SKD_2da37cb954b8,information technology management,Q1473265,skos:exactMatch,https://www.wikidata.org/wiki/Q1473265,information technology management,the discipline whereby all of the information technology resources of a firm are managed in accordance with its needs and priorities,IT management,,,exact,high
SKD_88c07b7fa717,domain,SKD_88c07b7fa717,emerging technologies,Q120208,skos:closeMatch,https://www.wikidata.org/wiki/Q120208,emerging technology,"Technologies whose development, practical applications, or both are still largely unrealized",immature technology | immature technologies | emerging technologies | developing technology | developing technologies,,,alias,medium
