canonical_id,primary_label_en,primary_label_fr,alt_labels_en,alt_labels_fr,isco_code,occupation_type,sources,member_entity_ids
CANO_e3fddf215e47,ICT security administrator,administrateur sécurité informatique/administratrice sécurité informatique,CISO | IT security administrator | information security administrator | ICT security administrators | network security administrator | system security administrator,responsable de la sécurité des technologies de l'information et de la communication | responsable de la sécurité des TIC | directrice de la sécurité de la technologie de l'information et de la communication | administratrice sécurité informatique | gestionnaire sécurité informatique | directeur de la sécurité de la technologie de l'information et de la communication | administrateur sécurité informatique | directeur de la sécurité TIC | responsable de l'administration de sécurité informatique | directeur de la sécurité informatique | directrice de la sécurité informatique | directrice de la sécurité TIC,2529,canonical_occupation,ESCO,OCC_a0cecf937326
CANO_66a1790ba933,software analyst,analyste logiciel,software requirement analyst | programming analyst | software analysts | programmer analyst | application analyst | software requirements analyst | analyst of software,analyste informatique | analyste de logiciels | analyste d'applications | analyste software,2512,canonical_occupation,ESCO,OCC_6b1c7257ba1b
CANO_5625605ea47c,performance video operator,opérateur vidéo/opératrice vidéo,live video operator | projection operator | video and graphics operator | video projection operator | visuals operator | video projection technician | visual and graphic operator | visual projection operator | video and graphics technician | video operator,opératrice vidéo | opérateur vidéo,3521,canonical_occupation,ESCO,OCC_d1c91c3f5320
CANO_8dbbe0111cd8,integration engineer,ingénieur intégration/ingénieure intégration,IT integration engineer | ICT integration engineers | system integration engineer | software integration engineer,ingénieur informatique | ingénieure intégration | ingénieur intégration des technologies de l'information et de la communication | ingénieur intégration des TIC | ingénieure intégration des technologies de l'information et de la communication | ingénieure informatique | ingénieur intégration | ingénieure intégration des TIC,2511,canonical_occupation,ESCO,OCC_535421ae1e2c
CANO_b8caec9ae4d1,search engine optimisation expert,spécialiste de l’optimisation des moteurs de recherche,search engine optimisation experts | search engine optimization expert | search engine optimisation specialist | search engine optimiser | SEO expert | SEO specialist | inbound marketer | growth hacker | search engine marketing specialist | search engine optimisation consultant | SEO experts,experte de l'optimisation des moteurs de recherche | conseiller en optimisation des moteurs de recherche | spécialiste optimisation de moteurs de recherche | conseillère en optimisation des moteurs de recherche | expert de l'optimisation des moteurs de recherche,2513,canonical_occupation,ESCO,OCC_0ee16ac6947b
CANO_1300295236e5,ICT test analyst,analyste-testeur informatique/analyste-testeuse informatique,IT test analyst | test designer,analyste-testeur informatique | analyste-testeur en informatique | analyste-testeuse en informatique | analyste-testeur en informatique/analyste-testeuse en informatique | analyste-testeuse informatique,2519,canonical_occupation,ESCO,OCC_1fbb1e6392b6
CANO_7e83bf58927e,digital forensics expert,spécialiste de l’investigation numérique,computer forensics consultant | computer forensics investigator | computer forensics expert | digital forensics analyst | digital forensics specialist | digital forensics experts | ICT forensics expert | digital forensic expert | cyber forensics expert | cybersecurity analyst | information forensics expert | cybersecurity and forensic specialist,spécialiste de la cybersécurité et de la criminalistique | expert en investigation numérique | professionnel l'investigation numérique | professionnel de l'investigation informatique | spécialiste en cybersécurité et en criminalistique | consultant en informatique légale | spécialiste de l'investigation informatique | professionnelle de l'investigation informatique | professionnelle de l'investigation numérique,2529,canonical_occupation,ESCO,OCC_46b37f0135cb
CANO_1d03457ea9c5,cyber incident responder,analyste réponse aux incidents de sécurité,ICT security consultant | cyber crisis expert | information technology security consultant | security operations center analyst | cyber incident handler | information communications technology security consultant | cyber fighter | IT security expert | incident response engineer | ICT security engineer | cybersecurity SIEM manager | ICT security advisor | IT security advisor | security architect | security operation analyst | SOC Analyst | consultant in ICT security activities | cyber defender | IT security consultant | ICT security architect,conseiller sur la sécurité des technologies de l'information et de la communication | conseillère sur la sécurité des TIC | conseillère sur la sécurité des technologies de l'information et de la communication | consultante en sécurité informatique | consultante en sécurité des TIC | consultant en sécurité informatique | conseillère en sécurité informatique | consultante en sécurité des technologies de l'information et de la communication | consultant en sécurité des TIC | conseiller sur la sécurité des TIC | conseiller en sécurité informatique | consultant en sécurité des technologies de l'information et de la communication,2529,canonical_occupation,ESCO,OCC_8b508c20ce1d
CANO_133d5fecaede,sound operator,opérateur du son/opératrice du son,sound board operator | sound mixer | audio board operator | sound board technician | audio operator | sound audio technician,opératrice du son | opérateur du son | chef opératrice du son | sonorisateur | chef opérateur du son | sonorisatrice | cheffe opératrice du son,3521,canonical_occupation,ESCO,OCC_6dc1b627155d
CANO_b7ca379cfdb0,ICT disaster recovery analyst,analyste de la reprise des activités informatiques,business continuity analyst | ICT resilience analysts | IT resilience analyst | IT disaster recovery analyst | business continuity strategist | disaster recovery officer,analyste de la résistance informatique | analyste de la résilience TIC | analyste de la résilience des technologies de l'information et de la communication | analyste risque opérationnel et résilience informatique,2519,canonical_occupation,ESCO,OCC_cbee4548194c
CANO_bdb07d56a94b,embedded system designer,concepteur de systèmes informatiques intégrés/conceptrice de systèmes informatiques intégrés,embedded system programmer | embedded systems designers | embedded software developer | embedded system developer | embedded systems programmer | battery controls engineer | embedded systems developer | embedded systems engineer,conceptrice de systèmes imbriqués | concepteur de systèmes informatiques intégrés à l'équipement | concepteur de systèmes incorporés | conceptrice de systèmes incorporés | ingénieur de contrôle de batterie | ingénieur en contrôle de batterie | concepteur de systèmes informatiques intégrés | concepteur informatique intégré | conceptrice de systèmes emboîtés | concepteur de systèmes emboîtés | conceptrice de systèmes informatiques intégrés | conceptrice informatique intégré | concepteur de systèmes imbriqués | conceptrice de systèmes informatiques intégrés à l'équipement,2511,canonical_occupation,ESCO,OCC_89f4b0de8aeb
CANO_9b38722f3b0b,software tester,testeur de logiciels/testeuse de logiciels,module tester | application tester | soft tester | application software tester | software testing specialist | unit tester | software testers | software application tester | tester,testeuse d'applications | testeur d'applications | testeuse de logiciels | testeuse de logiciels d'application | testeur de logiciels d'application | testeur de logiciels,2519,canonical_occupation,ESCO,OCC_3e502e92822a
CANO_9f4469f34da0,ICT help desk manager,responsable du service d’assistance informatique,software support manager | ICT helpdesk managers | IT helpdesk manager | ICT service desk manager | ICT help desk managers | IT help desk manager | technical support manager | ICT helpdesk manager,responsable du service d'assistance en technologies de l'information et de la communication | responsable du service d'assistance en TIC | responsable help desk informatique | responsable du service d'aide aux utilisateurs,3512,canonical_occupation,ESCO,OCC_127c8b092532
CANO_3facf15f4d71,data warehouse designer,concepteur d’entrepôt de données/conceptrice d’entrepôt de données,data warehouse architect | data warehouse developer,conceptrice d'entrepôt de données | concepteur d'entrepôt de données,2521,canonical_occupation,ESCO,OCC_c7ddb7ad3c99
CANO_0df85846acab,computer vision engineer,ingénieur en vision par ordinateur/ingénieure en vision par ordinateur,computer vision applied scientist | computer vision expert | computer vision specialist | computer vision project engineer | smart technics computer vision engineer,expert en vision par ordinateur | scientifique appliquée en vision par ordinateur | spécialiste de la vision par ordinateur | experte en vision par ordinateur,2511,canonical_occupation,ESCO,OCC_991dd4068ca0
CANO_f03d9ea5483a,embedded systems security engineer,ingénieur en sécurité des systèmes intégrés/ingénieure en sécurité des systèmes intégrés,cybersecurity engineer | cyber security engineer | IoT security engineer | internet of thing security engineer | embedded systems security expert,ingénieure sécurité IoT | ingénieur sécurité internet des objets | ingénieure en cybersécurité | ingénieure sécurité internet des objets | ingénieur cybersécurité | spécialiste de la cybersécurité | ingénieure cybersécurité | ingénieur sécurité IoT | ingénieur en cybersécurité,2529,canonical_occupation,ESCO,OCC_b0446201413b
CANO_58e96e252caa,data engineer,ingénieur/ingénieure de données,data engineer expert | research data engineer,ingénieur en mégadonnées | ingénieure en mégadonnées | expert en ingénieur de données | ingénieur de données expert | ingénieur de recherche en données | ingénieur en données de recherche | Data engineer | Architecte de données informatiques | Data manager | Développeur / Développeuse Big Data | Analyste qualité des données | Architecte big data | Big data engineer | Docteur big data | Expert / Experte big data | Expert / Experte technique big data | Ingénieur / Ingénieure big data | Ingénieur / Ingénieure dataviz | Ingénieur / Ingénieure données | Ingénieur / Ingénieure en développement big data | Responsable architecture conception data | Responsable big data | Développeur / Développeuse data | Analyste scientifique des données | Ingénieur / Ingénieure Data Visualisation,2511,canonical_occupation,ESCO | ROME,OCC_7d1a8b2ea390 | OCC_903f27875082
CANO_9f52b030ea97,green ICT consultant,consultant en technologie de l’information et de la communication verte/consultante en technologie de l’information et de la communication verte,IT environmental consultant | green IT consultant | green ICT consultants | ICT environmental consultant | ICT sustainability systems consultant,conseiller technologies de l'information et de la communication vertes | consultante en technologie de l'information et de la communication verte | conseillère sur les TIC vertes | conseillère technologies de l'information et de la communication vertes | conseillère en TIC vertes | consultant sur la TIC verte | consultant en technologie de l'information et de la communication verte | conseiller sur les TIC vertes | consultante sur la TIC verte | conseiller en TIC vertes,2511,canonical_occupation,ESCO,OCC_43a86b759733
CANO_58c82a3ba66a,sound mastering engineer,ingénieur son mastering/ingénieure son mastering,mixing & mastering sound engineer | audio mastering engineer | mixing and mastering engineer | mastering technician | audio mastering operator | mastering engineer | digital mastering technician,ingénieur son mastering | ingénieure son mastering,3521,canonical_occupation,ESCO,OCC_fa827183f8af
CANO_a13a5749a326,blockchain developer,développeur de chaînes de blocs/développeuse de chaînes de blocs,DLT engineer | blockchain development engineer | decentralized ledger technology specialist | blockchain engineer | DLT specialist,ingénieure blockchain | spécialiste de la technologie de comptabilité décentralisée | ingénieur blockchain | spécialiste DLT,2512,canonical_occupation,ESCO,OCC_a4f72755e1ad
CANO_dad21e5db380,data scientist,scientifique des données,data expert | research data scientist | data research scientist | electromobility data scientist | Data Scientists | Data scientists | machine learning engineer | machine learning specialist | quantitative analyst | artificial intelligence (AI) analyst | artificial intelligence (AI) consultant | artificial intelligence (AI) designer | artificial intelligence analyst | artificial intelligence consultant | big data analyst | big data developer | big data engineer | data analytics consultant | data analytics specialist | data architect | data engineer | data miner | data mining analyst | data modeler | lead data scientist,data scientist | scientifiques des données | analyste scientifique des données | experte en analyse des données | expert en analyse des données | Scientifiques des données,2511,canonical_occupation,ESCO | NOC | ONET,OCC_05c762dc00b3 | OCC_7bde92a813dd | OCC_e053f9b6d813
CANO_ea175c103455,chief ICT security officer,responsable de la sécurité des TIC,information security manager | CISO | information security administrator | IT security officer | ICT security officer | chief information security officer | ISO | chief ICT security officers | cybersecurity programme director | information security officer | head of IT security | head IT security officer | head of information security,responsable de la sécurité des technologies de l'information et de la communication | responsable de la sécurité de la technologie de l'information et de la communication | responsable de la sécurité TIC | responsable de la sécurité informatique | responsable de la sécurité | directeur du programme de cybersécurité,2529,canonical_occupation,ESCO,OCC_3ea9dcd66347
CANO_3523e479c349,enterprise architect,architecte d’entreprise,enterprise architects | enterprise developer | enterprise architecture manager | enterprise designer,architecte technique | architecte informatique d'entreprise | architecte applicatif | responsable de l'architecture d'entreprise | architecte métier,2511,canonical_occupation,ESCO,OCC_01372aeb8cb5
CANO_830b9496067b,mobile application developer,développeur d’applications mobiles/développeuse d’applications mobiles,cell phone app developer | app programmer | mobile app specialist | app coder | mobile app developer | app developer,développeur d'applications pour mobile | développeur d'applications pour dispositifs mobiles | développeuse d'applications mobiles | développeuse d'applications pour portables | développeuse d'applications pour dispositifs mobiles | développeuse mobile | développeur d'applications mobiles | développeuse d'applications pour mobile | conceptrice d'applications mobiles | développeur mobile | concepteur d'applications mobiles | développeur d'applications pour portables,2514,canonical_occupation,ESCO,OCC_60d10ff7dab8
CANO_7519edf41161,cloud architect,architecte cloud,aws cloud architect | cloud solutions consultant,consultant en solutions cloud | aws architecte cloud | Architecte cloud,2512,canonical_occupation,ESCO | ROME,OCC_8545ea52f78d | OCC_96b5d34f1d58
CANO_a9dcbba73f39,digital games tester,testeur de jeux numériques/testeuse de jeux numériques,virtual games tester | computer games tester | digital game tester | digital games testers | video games tester,développeur de jeux numériques | développeur de jeux vidéo | testeuse de jeux numériques | testeur de jeux sur Internet | testeuse de jeux vidéo | testeur de jeux en ligne | testeuse de jeux virtuels | testeuse de jeux sur Internet | testeuse de jeux en ligne | testeur de jeux virtuels | testeur de jeux vidéo | testeur de jeux numériques,2519,canonical_occupation,ESCO,OCC_234bb9d3e7c0
CANO_1e04f284c69d,cloud engineer,ingénieur en informatique en nuage/ingénieure en informatique en nuage,hybrid cloud engineer | cloud computing engineer | cloud infrastructure engineer | cloud software engineer | cloud-native engineer | cloud security engineer | cloud developer | cloud network engineer | cloud solution engineer,architecte cloud | ingénieur cloud devops | développeur cloud | ingénieure sécurité cloud | ingénieur cloud hybride | ingénieure en cloud computing | ingénieur réseau cloud | ingénieure réseau cloud | ingénieur solution cloud | ingénieur en cloud computing | ingénieure cloud devops | ingénieur sécurité cloud | ingénieure cloud natif | ingénieur infrastructure cloud | ingénieur cloud natif | ingénieure logiciel cloud | ingénieure cloud hybride | ingénieur logiciel cloud | ingénieure solution cloud | ingénieure infrastructure cloud | développeuse cloud,2512,canonical_occupation,ESCO,OCC_ff4e73f258e8
CANO_d3e538f6a7a1,artificial intelligence engineer,ingénieur en intelligence artificielle/ingénieure en intelligence artificielle,intelligent systems designers | artificial intelligence designer | ICT intelligent systems designer | AI system designer | semantic technologies engineer | machine learning systems designer | intelligent systems developer | linked data engineer | intelligent system designer | machine learning engineer | designer of intelligent systems | intelligent systems engineer,concepteur de SI | designer de systèmes intelligents | conceptrice de systèmes intelligents | conceptrice de SI | ingénieur en intelligence artificielle | ingénieure en intelligence artificielle | concepteur de systèmes intelligents,2511,canonical_occupation,ESCO,OCC_80660e3c36ff
CANO_6a46a76ef41d,sound editor,mixeur/mixeuse,sound designer | audio editor | music editor | music supervisor | dubbing manager | automatic dialogue replacement editor | foley editor | dialogue editor | foley artist | ADR editor,mixeuse | mixeur,3521,canonical_occupation,ESCO,OCC_44244775ffc6
CANO_b6db83a859f2,ICT change and configuration manager,gestionnaire des modifications et de la configuration des TIC,configuration manager | application lifecycle manager | software change and configuration manager,spécialiste devops | ingénieur développement | gestionnaire du cycle de vie des applications | gestionnaire de changement et de configuration de logiciel | ingénieure développement | panneau de configuration,2519,canonical_occupation,ESCO,OCC_b12363d00856
CANO_b7c8e3841fa5,database integrator,intégrateur de base de données/intégratrice de base de données,data integrator | data base integrator | data base integrators | database integrators | database development specialist,conceptrice de bases de données | responsable de base de données | concepteur de base de données | intégratrice de données | intégrateur de base de données | intégrateur de données | intégratrice de base de données,2521,canonical_occupation,ESCO,OCC_69eaea4542b3
CANO_4187be137a6a,ICT technician,technicien informatique/technicienne informatique,computer operator | IT officer | IT technician | IT assistant | information systems technician | ICT engineer | IT engineer,agent technique en technologie de l'information et de la communication | technicien en TIC | agente technique en TIC | technicien en systèmes d'information | responsable informatique | technicienne en TIC | ingénieur en TIC | agente technique en technologie de l'information et de la communication | agent technique en informatique | technicien informatique | technicienne en technologies de l'information et de la communication | technicien en technologies de l'information et de la communication | assistant informatique | agent technique en TIC | technicienne informatique | agente technique en informatique,3512,canonical_occupation,ESCO,OCC_14d19ed15436
CANO_486e72c94adb,ICT capacity planner,responsable de la planification de la capacité informatique,ICT capacity planners | IT capacity planner | ICT capability manager | IT capability planner | ICT performance manager,planificatrice de la capacité TIC | planificateur de la capacité informatique | responsable de la planification de la capacité en TIC | planificateur de la capacité TIC | planificatrice de la capacité informatique | planificateur de la capacité en TIC | responsable de la planification de la capacité en technologies de l'information et de la communication | planificatrice de la capacité en TIC,2523,canonical_occupation,ESCO,OCC_e1b1773585de
CANO_7b5b9fbb1ccc,ICT application configurator,configurateur d’applications/configuratrice d’applications,app configurator | software application configurator | application configurators | application software configurator,configuratrice de logiciels | configurateur logiciel | configurateur de logiciels | configuratrice logiciel | responsable de la configuration d'applications | configuratrice | configurateur applications | configurateur | configuratrice d'applications | configuratrice applications | configurateur d'applications,2514,canonical_occupation,ESCO,OCC_e1899e09057e
CANO_d4aa3c5e96fa,performance rental technician,technicien matériel de location/technicienne matériel de location,load cell hire technician | equipment hire technician | rental equipment performance technician | lighting hire equipment technician | venue technician (rental equipment) | rental equipment performance engineer | equipment technician | performance rental engineer | sound equipment hire technician | special effects hire equipment technician | weight report technician | performance rental monitor | venue performance monitor,technicienne matériel de location | technicien matériel de location,3521,canonical_occupation,ESCO,OCC_2fff9f5f7342
CANO_d76b01563957,ICT business analysis manager,responsable de l’analyse commerciale des technologies de l’information et de la communication,IT business analysis manager | IT commercial analysis manager | IT business analysis director | ICT business analysis managers | lead IT business analyst | ICT commercial analysis manager,responsable de l'analyse commerciale des TIC | responsable de l'analyse commerciale de la technologie de l'information et de la communication | responsable de l'analyse commerciale TIC | responsable de l'analyse métier technologies de l'information et de la communication,2511,canonical_occupation,ESCO,OCC_697bbd77a746
CANO_303392f49891,boom operator,perchiste,TV boom operator | shotgun microphone operator | production sound mixer assistant | shotgun operator | boom holder | sound equipment technician | film boom operator,perchwoman | perchman,3521,canonical_occupation,ESCO,OCC_a0619cde9492
CANO_e4fd4beb5428,ICT accessibility tester,testeur d’accessibilité/testeuse d’accessibilité,accessibility testers | usability tester | accessibility test specialist,évaluateur d'accessibilité | testeur accessibilité | évaluatrice d'accessibilité | testeuse d'accessibilité | testeur de la facilité d'accès | testeuse en accessibilité | testeuse de la facilité d'accès | testeuse accessibilité | testeur en accessibilité | testeur d'accessibilité,2519,canonical_occupation,ESCO,OCC_3e265a77afe1
CANO_af848a790f95,ICT system tester,testeur de systèmes informatiques/testeuse de systèmes informatiques,IT system tester | ICT systems tester | systems tester | ICT systems test engineer | ICT systems testers,testeuse TIC | testeur de systèmes de technologies de l'information et de la communication | testeuse en TIC | testeuse de systèmes informatiques | testeur de systèmes TIC | testeuse de systèmes de technologies de l'information et de la communication | testeuse de systèmes TIC | testeur en TIC | testeur TIC | testeur de systèmes informatiques,2519,canonical_occupation,ESCO,OCC_b46ed0bc22d0
CANO_8cf52beff2ef,embedded systems software developer,développeur de logiciels pour systèmes informatiques intégrés/développeuse de logiciels pour systèmes informatiques intégrés,embedded systems software developers | embedded software developerl embedded systems engineer | embedded systems designer | embedded system software programmer | embedded software programmer | embedded system software developer,conceptrice de logiciels pour systèmes incorporé | développeuse de logiciels pour systèmes informatiques intégrés | concepteur de logiciels systèmes emboîtés | concepteur de logiciels pour systèmes informatiques intégrés à l'équipement | conceptrice de logiciels pour systèmes informatiques intégrés à l'équipement | développeur de logiciels pour systèmes informatiques intégrés | conceptrice de logiciels pour systèmes imbriqués | concepteur de logiciels pour systèmes incorporés | conceptrice de logiciels systèmes emboîtés | concepteur de logiciels pour systèmes imbriqués,2514,canonical_occupation,ESCO,OCC_47055aec8572
CANO_0a329edb7396,aviation data communications manager,responsable communications de données aéronautiques,aviation data communications officer | aviation data communications contractor | data communications manager in aviation | aviation data communications consultant | aviation data communications specialist | aviation sector data manager,,3513,canonical_occupation,ESCO,OCC_8d3f855bfe60
CANO_894c6cbd9672,ICT usability tester,testeur d’utilisabilité/testeuse d’utilisabilité,usability developer | usability specialist | usability testers | user-friendliness tester,testeur utilisabilité | testeur en utilisabilité | testeuse de la facilité d'utilisation | évaluateur d'utilisabilité | testeuse d'utilisabilité | testeur d'utilisabilité | testeuse utilisabilité | évaluatrice d'utilisabilité | testeur de la facilité d'utilisation | testeuse en utilisabilité,2519,canonical_occupation,ESCO,OCC_59802a0ba34e
CANO_8c72345bb907,ICT network technician,technicien de réseau informatique/technicienne de réseau informatique,system engineer | assistant network administrator | networks technician | network engineer | IT network technician | network technician | network maintenance professional | network technicians,technicien réseau | technicienne des réseaux | technicienne en réseautique | technicienne de réseau | technicienne réseau | technicien en réseautique | technicien des réseaux | technicienne du réseau | technicien de réseau | technicien du réseau,3513,canonical_occupation,ESCO,OCC_f609b6bc11bf
CANO_c3936bef0617,IoT developer,développeur IoT/développeuse IoT,IoT software developer,développeur IoT | développeuse IoT | développeur de logiciels iot,2512,canonical_occupation,ESCO,OCC_af0b4023ea6c
CANO_b7c899d01a6c,numerical tool and process control programmer,programmeur en informatique industrielle/programmeuse en informatique industrielle,numerical tool setting operator | numerical process control programmer | numerical tool programmer | numerical process control operator | numerical process control set up operator | numerical process control tool setting operator | numerical tool setter | numerical tool machine set up operator | numerical tool l programme setter | numerical tool and process control programer | numerical tool machine operator | numerical process control supervisor | numerical tool maker,programmeuse en informatique industrielle | programmeur en informatique industrielle,2514,canonical_occupation,ESCO,OCC_9f67438781d4
CANO_b76667f2889c,ICT research consultant,consultant en recherche informatique/consultante en recherche informatique,IT research consultant | ICT research advisor | IT research specialist | ICT research consultants | IT research advisor | ICT research specialist,consultante en recherche dans la TIC | consultante en recherche dans la technologie de l'information et de la communication | consultant en recherche dans la TIC | conseillère en recherche dans les TIC | consultante en recherche informatique | consultant en recherche dans les TIC | consultant en recherche dans la technologie de l'information et de la communication | consultant recherche informatique | conseiller en recherche dans les TIC | consultante en recherche dans les TIC | consultant en recherche informatique | consultante recherche informatique,2511,canonical_occupation,ESCO,OCC_106b6f022c02
CANO_0b415f6e30a2,camera operator,opérateur de prise de vues/opératrice de prise de vues,videographer | towercam operator | remote head operator | cameraman | camerawoman | video camera operator | camera equipment operator | steadicam operator | camera crane operator | railcam operator,opératrice vidéo | opérateur vidéo | caméraman | camérawoman | cadreur | ingénieur de la vision | opératrice de prise de vues | ingénieure de la vision | opérateur image | opératrice image | opérateur de prise de vues | cadreuse,3521,canonical_occupation,ESCO,OCC_dfd91b9dccd4
CANO_75923f4cce69,data quality specialist,analyste qualité des données,data integrity officer | data integrity specialist | data quality officer | data quality expert | data quality specialists,analyste de la qualité des données | analystes qualité de données | analyste qualitatif | analyste qualité de données,2519,canonical_occupation,ESCO,OCC_7c028d934ec6
CANO_3bfc5c0a8f24,ICT integration tester,responsable des tests d’intégration,ICT compatibility tester | compatibility tester | module compatibility tester | module integration tester | integration testers | IT compatibility tester,testeur d'intégration | responsable intégration | testeuse d'intégration,2519,canonical_occupation,ESCO,OCC_23fda8338d1e
CANO_548f9bd14d3e,audio-visual technician,technicien audiovisuel/technicienne audiovisuel,video technician | audio-visual assistant | audio & video operator | audio technician | audio-visual operator | audio-visual engineer | audio-video technician | audio and video operator | audio-video operator | audio-visuals technician | audiovisual assistant,technicienne audiovisuel | technicien audiovisuel,3521,canonical_occupation,ESCO,OCC_e25ca0e0dbaa
CANO_b8e5df1ad49d,ICT auditor manager,responsable de l’audit informatique,ICT auditor managers | ICT audit manager | information technology audit manager | IT audit manager,responsable-auditeur informatique | responsable audits en technologies de l'information et de la communication | responsable-auditrice des technologies de l'information et de la communication | responsable-auditeur des TIC | auditrice des TIC | responsable-auditeur des technologies de l'information et de la communication | responsable audits informatiques | responsable-auditrice informatique,2519,canonical_occupation,ESCO,OCC_65c02430a9d6
CANO_c342c11ce256,ethical hacker,hacker éthique,network security tester | cybersecurity specialist | cybersecurity tester | ICT security tester | system security tester | red team expert | penetration tester | pentester | offensive cybersecurity expert | vulnerability analyst,pirate autorisé | hacker professionnel | chapeau blanc | pirates éthiques | testeur de sécurité TIC | spécialiste du piratage éthique | white hat | chapeau bleu,2529,canonical_occupation,ESCO,OCC_68dccaf6a895
CANO_a67d3cf28e2b,cybersecurity risk manager,gestionnaire des risques en cybersécurité,cybersecurity specialist | cybersecurity risk assurance consultant | information security manager | cyber risk manager | cybersecurity risk assessor | IT security chief | ICT security chief | ICT security manager | ICT technical security expert | security coordinator | cybersecurity impact analyst | IT security manager | information security risk analyst,responsable de la sécurité des technologies de l'information et de la communication | responsable de la sécurité des TIC | responsable de la sécurité de la technologie de l'information et de la communication | responsable de la sécurité TIC,2529,canonical_occupation,ESCO,OCC_9113c1374afd
CANO_e7703a22e737,cloud software developer,développeur/développeuse de logiciels cloud,cloud and infrastructure specialist | cloud solutions specialist | cloud consultant | cloud deployment specialist | cloud technical specialist | cloud administrator | full stack cloud software engineer | cloud infrastructure it specialist,administrateur cloud | spécialiste du cloud et de l'infrastructure | administrateur de cloud | développeur de logiciels en nuage | spécialiste des solutions cloud | ingénieur logiciel cloud full stack | spécialiste en infrastructure cloud | développeuse de logiciels en nuage | consultant en cloud | spécialiste du cloud et des infrastructures | spécialiste technique cloud,2512,canonical_occupation,ESCO,OCC_02a46f9d3b88
CANO_d88501fea207,blockchain architect,concepteur de chaînes de blocs/conceptrice de chaînes de blocs,decentralized ledger technology specialist | DLT specialist | blockchain technology specialist | DLT architect,ingénieure blockchain | spécialiste de la technologie blockchain,2511,canonical_occupation,ESCO,OCC_04bac78229be
CANO_ae658dbbacbd,sound designer,designer sonore,music and sound artist | sound designer and composer | sound designer and engineer | sound designer & composer | composer & sound designer | audio designer | composer and sound designer | audio engineer and sound artist | sound engineer & designer | sound designer and audio engineer | audio engineer & sound artist | sound designer and music composer | sound artist and audio engineer | sound designer & engineer | sound engineer and designer | music composer and sound designer | audio engineer and sound designer | music composer & sound designer | sound designer & audio engineer | sound designer & music composer,sound designer | designeuse sonore,3521,canonical_occupation,ESCO,OCC_5240fa0b028e
CANO_cf7b34afe3ab,knowledge engineer,ingénieur de la connaissance/ingénieure de la connaissance,linked data engineer | taxonomist | knowledge officer | information engineer | knowledge engineers,ingénieure de la connaissance | ingénieur du savoir | ingénieur de la connaissance | ingénieur cogniticien | ingénieur connaissance | cogniticien,2529,canonical_occupation,ESCO,OCC_e29ace1e3e50
CANO_0a5a85d4aff7,ICT network administrator,administrateur de réseau informatique/administratrice de réseau informatique,network manager | network specialist | network administrators | network support | networks administrator,directeur des réseaux | administratrice réseau | administrateur réseau | responsable de réseau | responsable des réseaux | administratrice de réseau | administrateur de réseau | directrice des réseaux,2522,canonical_occupation,ESCO,OCC_07647950ddea
CANO_7347489c8dce,user interface developer,développeur d’interface utilisateur/développeuse d’interface utilisatrice,user interface engineer | user interface developers | UI programmer | front end developer | UI developer | UI developers,conceptrice d'interface | concepteur d'interface | designer d'interface | développeuse d'interface | conceptrice d'interfaces utilisatrices | développeur d'interface utilisateurs | développeuse d'interface utilisatrices | développeur IU | développeuse IU | développeuse d'interface utilisatrice | conceptrice d'interface utilisatrices | concepteur d'interface utilisateurs | développeur d'interface | développeur d'interface utilisateur | concepteur d'interfaces utilisateurs,2512,canonical_occupation,ESCO,OCC_c089ec2388cd
CANO_8debc3db028d,database administrator,administrateur de base de données/administratrice de base de données,data base administrators | database administrators | data administrator | DBA | database configurator | data base administrator | data manager | database manager | Database Administrators,administratrice de bases de données | administrateur de données | administrateur de bases de données | gestionnaire de base de données | administratrice de données | administratrice de base de données | responsable des bases de données | administrateur de base de données,2521,canonical_occupation,ESCO | ONET,OCC_3543db8ef14f | OCC_759562b3dd51
CANO_306a6084c26f,database designer,concepteur de bases de données /conceptrice de bases de données,database designers | data architect | secure could-edge computing system architect | data base designer | data model designer | data base designers | database architect | database design engineer,conceptrice de bases de données | architecte de système informatique sécurisé à la fine pointe de la technologie | architecte de système informatique sécurisé de pointe | designer de base de données | concepteur de bases de données,2521,canonical_occupation,ESCO,OCC_65014a542c78
CANO_9e99acd060fe,user interface designer,concepteur d’interface utilisateur/conceptrice d’interface utilisatrice,UI designer | accessibility designer | user interface designers,conceptrice d'interface | concepteur d'interface | designer d'interface | concepteur IU | conceptrice IU | concepteur d'interface utilisateur | conceptrice d'interface utilisatrice,2513,canonical_occupation,ESCO,OCC_340f51445866
CANO_3e6ed3c89679,data centre operator,opérateur de centre de données/opératrice de centre de données,data centre employee | data centre administrator | data center operator | data centre operators | data center administrator,opérateur de centre de traitement de données | opérateur de centre de données | opératrice de centres informatiques | opératrice de centre de données de calcul | opérateur de centres informatiques | opératrice de data centers | opérateur de data centers | opérateur de centre de données de calcul | opératrice de centre de données | opératrice de centre de traitement de données,3511,canonical_occupation,ESCO,OCC_9c9233e004da
CANO_42a02421e854,system configurator,configurateur de systèmes/configuratrice de systèmes,system configurators | system setup professional | system configuration professional | ICT system configurator | IT system configurator | systems configurator,configuratrice système | configurateur systèmes | configurateur de système informatique | configuratrice de systèmes | configurateur de systèmes | configuratrice systèmes | configurateur système | configuratrice de système informatique,2522,canonical_occupation,ESCO,OCC_e28a715b58e4
CANO_9fe2ef7bf755,ICT system administrator,administrateur de systèmes informatiques/administratrice de systèmes informatiques,sysadmin | IT system administrator | IT systems administrator | server administrator | network administrator | system and networks administrator | system and network administrator | ICT sysadmin | ICT sysadmins | enterprise administrator,administratrice systèmes | administrateur de systèmes des technologies de l'information et de la communication | administrateur système | administratrice de systèmes informatiques | administrateur de systèmes informatiques | administrateur de systèmes TIC | administratrice système | administrateur systèmes,2522,canonical_occupation,ESCO,OCC_6cb6d62106d9
CANO_438a5124cbcb,digital games developer,développeur de jeux numériques/développeuse de jeux numériques,digital games developers | digital game developer | computer games developer | games programmer | video games developer | virtual games developer,développeuse de jeux numériques | développeuse de jeux en ligne | concepteur de jeux vidéos | développeuse de jeux virtuels | développeur de jeux en ligne | développeur de jeux sur Internet | conceptrice de jeux numériques | développeur de jeux numériques | concepteur de jeux numériques | conceptrice de jeux vidéos | développeuse de jeux vidéo | développeuse de jeux sur Internet | développeur de jeux vidéo | développeur de jeux virtuels,2513,canonical_occupation,ESCO,OCC_554c5e421f89
CANO_57c4819dccde,ICT quality assurance manager,responsable de l’assurance qualité informatique,IT quality assurance manager | ICT quality manager | ICT principal testing manager | ICT quality assurance managers | ICT test manager | principal test manager,cheffe de l'assurance qualité des TIC | responsable de l'assurance qualité des TIC | directeur de l'AQ informatique | chef de l'assurance qualité des TIC | responsable AQ informatique | responsable de l'assurance qualité des technologies de l'information et de la communication | directrice de l'AQ informatique,2519,canonical_occupation,ESCO,OCC_b01b8def641d
CANO_a3ff522e700a,ICT security technician,technicien en sécurité informatique/technicienne en sécurité informatique,IT security officer | ICT security technicians | cybersecurity solutions expert | cybersecurity developer | development and operations security engineer | cybersecurity implementer | ICT security officer | IT security technician | DevSecOps engineer | information security implement,agente de sécurité informatique | technicienne en sécurité informatique | agent de sécurité informatique | technicien en sécurité des technologies de l'information et de la sécurité | responsable de la sécurité informatique | technicienne en sécurité des technologies de l'information et de la sécurité | technicienne en sécurité des TIC | technicien en sécurité des TIC | technicien en sécurité informatique,3512,canonical_occupation,ESCO,OCC_47b1b32e81f9
CANO_18b8a8762e00,video technician,technicien vidéo/technicienne vidéo,audio-video technician | audio/visual technician | audio-visual specialist | graphics/video technician | audio video specialist | image technician | video/graphics technician | video conference technician | AV technician | audio visual technician | audio visual specialist | visuals technician | audio-video specialist,technicienne vidéo | technicien vidéo,3521,canonical_occupation,ESCO,OCC_b0371a36c909
CANO_b3c9b8a5b56e,ICT system analyst,analyste de système informatique,ICT system analysts | ICT systems analysts | ICT systems analyst | system analyst | IT system analyst | network analyst | systems analyst | IT systems analyst,analyste système TIC | analyste système | analyste de systèmes de technologies de l'information et de la communication,2511,canonical_occupation,ESCO,OCC_20596f0afee7
CANO_aa9b656898a7,web content manager,administrateur de contenu web/administratrice de contenu web,content specialist | web content specialist | web content curatorspecialist | web content administrators | digital content | content curator,administratrice du contenu Internet | administrateur du contenu web | administrateur du contenu Internet | administrateur des contenus Internet | administratrice des contenus Internet | gestionnaire du contenu web | administratrice du contenu web | administrateur des contenus en ligne | administrateur de contenu web | administratrice des contenus en ligne | administratrice de contenu web,2513,canonical_occupation,ESCO,OCC_aa3336017d8a
CANO_2a9dca472af9,ICT system developer,développeur de systèmes informatiques/développeuse de systèmes informatiques,systems programmer | ICT system developers | systems developer | IT system developer | chief ICT system developer | ICT systems developer | system developer | component developer | system software developer | ICT systems developers,développeur de systèmes de technologies de l'information et de la communication | développeuse de systèmes informatiques | développeur système | développeuse système | développeuse système TIC | développeuse de systèmes de technologies de l'information et de la communication | développeur système TIC | développeur de systèmes informatiques,2511,canonical_occupation,ESCO,OCC_a1ea51659e23
CANO_229b767b2ef3,ICT resilience manager,responsable de la résilience informatique,IT resilience manager | manager for vulnerability | manager for IT resilience | vulnerability manager | disaster recovery manager | manager for disaster recovery,responsable risque opérationnel et résilience informatique | responsable de la résilience TIC,2529,canonical_occupation,ESCO,OCC_0464755fe4e8
CANO_7c838b1ba9f7,recording studio technician,technicien en studio d’enregistrement/technicienne en studio d’enregistrement,sound mixer | audio editor | sounds technician | recording sound engineer | recording studio sound technician | studio sound engineer | studio technician | audio post-production technician | recording engineer | recording technician | audio restorer | recording studio audio engineer | re-recording mixer | special effects sound technician | recording sound technician | recording audio technician,technicienne en studio d'enregistrement | technicien en studio d'enregistrement,3521,canonical_occupation,ESCO,OCC_6b47842f318d
CANO_782b6074a184,ICT help desk agent,agent de service d’assistance informatique/agente de service d’assistance informatique,IT support technician | IT help desk agent | ICT service desk agent | ICT helpdesk agent | ICT help desk advisor | IT help desk advisor,agent du service d'assistance en TIC | agente du service d'assistance en technologies de l'information et de la communication | agent du service d'aide aux utilisateurs | agente de service d'assistance informatique | agent du service d'assistance en technologies de l'information et de la communication | conseiller en assistance technique TIC | technicien de support informatique | agente help desk informatique | agente du service d'assistance en TIC | agent help desk informatique | agent du service d'assistance TIC | conseiller en assistance informatique | agente du service d'aide aux utilisateurs | agent de service d'assistance informatique,3512,canonical_occupation,ESCO,OCC_708b91f0f734
CANO_2d36c281a066,database developer,développeur de base de données/développeuse de base de données,data base developer | database design specialist | database development engineer | database coder | database programmer | data base developers | database developers,responsable de base de données | concepteur de base de données | conceptrice de base de données | développeuse de base de données | développeur de base de données,2521,canonical_occupation,ESCO,OCC_11d84dbfc1bc
CANO_e5c2c66ee2f3,ICT consultant,consultant informatique/consultante informatique,ICT ERP consultant | ICT advisor | IT advisor | IT consultant | IT compliance consultant,conseillère technologies de l'information et de la communication | conseillère sur les TIC | consultante en TIC | consultant en technologies de l'information et de la communication | conseiller informatique | consultant en TIC | consultant informatique | conseillère en informatique | consultante informatique | conseiller technologies de l'information et de la communication | conseiller sur les TIC | conseiller en informatique | consultante en technologies de l'information et de la communication,2511,canonical_occupation,ESCO,OCC_30549a5affd9
CANO_803f19fa2154,industrial mobile devices software developer,développeur de logiciels pour appareils mobiles destinés à l’industrie/développeuse de logiciels pour appareils mobiles destinés à l’industrie,industrial mobile devices software programmer | industrial mobile devices software coder | handheld programmer | handheld software developer,développeuse de logiciels pour appareils mobiles destinés à l'industrie | développeur de logiciels pour appareils mobiles destinés à l'industrie,2514,canonical_occupation,ESCO,OCC_28d6f1c634d8
CANO_f80dbda42c15,ICT application developer,concepteur de logiciels d’application/conceptrice de logiciels d’application,application developer | application software developers | application designer | app software developer | software programmer | application software engineer,conceptrice de logiciels | concepteur de logiciels | concepteur de logiciels applicatifs | conceptrice de logiciels d'application | conceptrice de logiciels applicatifs | concepteur de logiciels d'application | concepteur informatique | conceptrice informatique,2514,canonical_occupation,ESCO,OCC_cd04c9fb1a40
CANO_163fb9f4b57b,ICT system integration consultant,consultant en intégration de systèmes informatiques/consultante en intégration de systèmes informatiques,network integration consultant | system integration consultants | systems integration consultant | application integration consultant | systems integration consultants,consultant en systèmes intégrés | consultant en intégration de systèmes | consultante en intégration de systèmes | conseillère sur l'intégration de systèmes | conseillère sur l'intégration des systèmes | consultante en systèmes intégrés | conseiller systèmes intégrés | conseillère systèmes intégrés | conseiller sur l'intégration de systèmes | conseiller sur l'intégration des systèmes,2511,canonical_occupation,ESCO,OCC_af41616819b5
CANO_1087c62b62b3,web developer,développeur web/développeuse web,web application developer | web developers | web engineer | web specialist | web programmer | Web Developers,développeur web | développeuse web | développeuse Internet | développeur Internet | concepteur web | conceptrice web | créatrice de contenus web | créateur de contenus web,2513,canonical_occupation,ESCO | ONET,OCC_3a2f82f3951e | OCC_3b83c3012cf7
CANO_e88615a0ba86,cloud identity manager,responsable de l'identité cloud,cloud identity risk manager | cloud identity access manager | cloud identity engineer,gestionnaire des risques liés aux identités dans le cloud | gestionnaire d'accès aux identités dans le cloud | gestionnaire d'accès à l'identité Cloud | gestionnaire des risques liés à l’identité dans le nuage | ingénieur en identité cloud,2514,canonical_occupation,ESCO,OCC_5bfe9fc9c093
CANO_d312cd1f5929,cloud DevOps engineer,ingénieur DevOps cloud/ingénieure DevOps cloud,devops analyst | devops consultant | cloud devops solution specialist | devops administrator | devops engineer | cloud infrastructure devops engineer | devops architect | site reliability devops engineer | cloud automation engineer | devops specialist | devops | cloud devops | devops consultant engineer,spécialiste devops | ingénieur en automatisation du cloud | devops ingénieur consultant | consultant devops | analyste DevOps | ingénieur DevOps d'infrastructure cloud | ingénieur DevOps en nuage | administrateur DevOps | devops | la fiabilité du site devops ingénieur | ingénieure DevOps en nuage | devops de nuages | devops architect | ingénieur en automatisation Cloud,2512,canonical_occupation,ESCO,OCC_c79207b250ca
CANO_c4f85bd2876c,IT auditor,auditeur des systèmes d’information/auditrice des systèmes d’information,ICT auditor | information technology auditor | IT Quality Appraiser,auditrice informatique | auditeur des systèmes d'information | auditeur informatique/auditrice informatique | auditeur informatique | auditrice des systèmes d'information,2511,canonical_occupation,ESCO,OCC_7d8d0e4e5d42
CANO_388cec2be33d,ICT network engineer,ingénieur de réseaux informatiques/ingénieure de réseaux informatiques,networks designer | networks developer | network configurator | network developer | network engineers | networks engineer,ingénieure réseaux | ingénieur réseaux | ingénieure de réseaux | développeur de réseaux | ingénieur de réseaux | ingénieur réseau | ingénieure réseau,2523,canonical_occupation,ESCO,OCC_6836ed031e87
CANO_7ee4ae3ace9e,software architect,concepteur de logiciels/conceptrice de logiciels,software architects | software designer | application architect,concepteur-architecte logiciel | architecte logiciel | conceptrice-architecte logiciel | conceptrice de logiciels | concepteur de logiciels,2512,canonical_occupation,ESCO,OCC_fa1704d164c5
CANO_c5d51afd92b4,data analyst,analyste de données,battery data analyst | mine electrification data analyst | data warehouse analyst | data warehousing analyst | battery materials data analyst | battery module performance data analyst | business data analyst | data storage analyst,analyste data | data analyst | analystes de données,2511,canonical_occupation,ESCO,OCC_ccd1a82716dc
CANO_b438985407c4,telecommunications engineering technician,technicien en télécommunications/technicienne en télécommunications,telecommunications administrators | telecoms administrator | communication administrator | telecom administrator | communications administrator | telecommunications administrator | telecommunication administrator,responsable des télécommunications | administratrice de télécommunications | administrateur de télécommunication | administratrice de télécom | administrateur télécom | administratrice télécom | administrateur de télécom | administratrice télécommunications | administratrice télécoms | administrateur télécommunications | administrateur télécoms,3522,canonical_occupation,ESCO,OCC_a7160e31f31c
CANO_2ff8180bcc06,webmaster,webmestre,website administrator | web administrator | web technician | e-commerce technician | webmasters,administratrice de site Internet | administratrice de site web | administratrice de serveur | administrateur de site Internet | administratrice de site | administrateur de site web | webmaster | administrateur de serveur | administrateur de site,3514,canonical_occupation,ESCO,OCC_1cd71aaf46fd
CANO_366d12c6a8e3,projectionist,projectionniste,projection operator | booth operator | film projectionist | movie projector operator | projector booth operator | digital cinema projectionist | cinema projectionist | projection technician | projector operator,chef de cabine de projection | opératrice de projection | opérateur projectionniste | chef opératrice de projection | opérateur de projection | responsable technique de la projection | chef opérateur de projection | opératrice projectionniste | cheffe de cabine de projection | cheffe opératrice de projection,3521,canonical_occupation,ESCO,OCC_70a55b7f5d0b
CANO_5e0f652a4d7d,ICT network architect,architecte de réseau,network designer | network architects,ingénieure de réseaux | ingénieur de réseaux | architecte de réseaux | architecte réseaux,2523,canonical_occupation,ESCO,OCC_bd1d7a63edf2
CANO_bdae20d245b2,ICT system architect,concepteur de systèmes informatiques/conceptrice de systèmes informatiques,systems architect | IT systems architect | information systems architect | ICT system architects | solution architect | ICT systems architect | ICT systems architects | IT system architect,concepteur système | architecte de système informatique | concepteur de système de technologies de l'information et de la communication | concepteur de systèmes informatiques | conceptrice de système de technologies de l'information et de la communication | conceptrice de systèmes informatiques | concepteur de système de TIC | conceptrice de systèmes | concepteur de systèmes | conceptrice système | concepteur de système | conceptrice de système de TIC | conceptrice de système,2511,canonical_occupation,ESCO,OCC_9e5778cecf8d
CANO_9ffd4ab6d016,computer scientist,informaticien/informaticienne,IT researcher | IT scientist | ICT science researcher | ICT researcher | IT research scientist | ICT scientist | ICT research scientist | computers scientist | IT science researcher,professeur en technologies de l'information et de la communication | chercheur TIC | informaticien | chercheur en TIC | chercheur informatique | informaticienne | professeur en TIC,2511,canonical_occupation,ESCO,OCC_727ec0d8350c
CANO_a11d5d70d77c,software developer,développeur de logiciels/développeuse de logiciels,application developer | solutions developer | electric vehicle software development engineer | programmer | application programmer | software specialist | application software developer | software engineer | applications engineer | soft developer | battery software developer | software developers | developer of software | Software Developers,concepteur de logiciels | conceptrice logiciel | développeur de logiciels pour les batteries | développeur de programmes | développeur de logiciels de batterie | développeuse de logiciels | développeur applications | développeuse logiciels | développeur de logiciels | développeur logiciels | concepteur d'applications | concepteur logiciel | développeuse applications,2512,canonical_occupation,ESCO | ONET,OCC_a8ad0cc0d9ad | OCC_e57061351bc6
CANO_75b70a6ee4c6,user experience analyst,analyste d’expérience utilisateur,user experience officer | usability analyst | user experience analysts,analyste expérience utilisateur | analyste d'utilisabilité | analyste d'expérience d'utilisateur | analyste de l'expérience des utilisateurs,2511,canonical_occupation,ESCO,OCC_7ca8931aad99
CANO_0763469b1f67,ICT business analyst,analyste d’étude en TIC,requirement engineer | business process specialist | IT business analyst | ICT business analysts,analyste de gestion TIC | ingénieur des exigences | analyste métier en TIC | analyste d'affaires | business analyst | analyste fonctionnel | analyste commercial,2511,canonical_occupation,ESCO,OCC_0a3ba0a2e348
CANO_958c62e4749c,broadcast technician,technicien de radiodiffusion/technicienne de radiodiffusion,radio and TV technician | broadcast technicians | broadcast engineering technician | broadcasting engineer | broadcasting technician | broadcast transmitting technician | broadcast transmitting equipment operator | broadcasting equipment operator | broadcast transmitter operator,technicienne de la diffusion radio et télé | technicienne de radiodiffusion | technicien de la diffusion radio et télé | opérateur de radiodiffusion | opératrice de radiodiffusion | technicien de radiodiffusion | technicien de broadcasting,3521,canonical_occupation,ESCO,OCC_c5ff6e8a57aa
CANO_f8e4b6b3c84d,Computer Systems Analysts,,,,,canonical_occupation,ONET,OCC_2413e8e18b32
CANO_21564371870e,Health Informatics Specialists,,,,,canonical_occupation,ONET,OCC_0bc9a981f71a
CANO_0ab56111792f,Information Security Analysts,,,,,canonical_occupation,ONET,OCC_12f40167dad9
CANO_2b9d8a4c29bc,Computer and Information Research Scientists,,,,,canonical_occupation,ONET,OCC_049f29b0d016
CANO_1855200a3d37,Computer Network Support Specialists,,,,,canonical_occupation,ONET,OCC_6c0ada1a7298
CANO_11725656b4cd,Computer User Support Specialists,,,,,canonical_occupation,ONET,OCC_7dd66a9512aa
CANO_948490cf7b9a,Computer Network Architects,,,,,canonical_occupation,ONET,OCC_e7ecbc0aa824
CANO_642d207f7036,Telecommunications Engineering Specialists,,,,,canonical_occupation,ONET,OCC_863ed03d42e0
CANO_8e7f80de121f,Database Architects,,,,,canonical_occupation,ONET,OCC_1fe13c2221de
CANO_954255295bef,Data Warehousing Specialists,,,,,canonical_occupation,ONET,OCC_ba88f6c6fa5a
CANO_4332bd186351,Network and Computer Systems Administrators,,,,,canonical_occupation,ONET,OCC_191dff98f7d7
CANO_4eb0199b63fe,Computer Programmers,,,,,canonical_occupation,ONET,OCC_7e608ebb0a7e
CANO_10e58469c67c,Software Quality Assurance Analysts and Testers,,,,,canonical_occupation,ONET,OCC_96f60317599c
CANO_1d2237e5edad,Web and Digital Interface Designers,,,,,canonical_occupation,ONET,OCC_d92fb40fa0da
CANO_98121321cffe,Video Game Designers,,,,,canonical_occupation,ONET,OCC_21e6a1c289f1
CANO_4cc8097323d1,"Computer Occupations, All Other",,,,,canonical_occupation,ONET,OCC_7f56023e6bef
CANO_03ddcdf05ca7,Web Administrators,,,,,canonical_occupation,ONET,OCC_ead95d891a26
CANO_e6db3a865945,Geographic Information Systems Technologists and Technicians,,,,,canonical_occupation,ONET,OCC_c556e2c365e5
CANO_d758661e6802,Document Management Specialists,,,,,canonical_occupation,ONET,OCC_f7914e889674
CANO_4e765e4245fa,Penetration Testers,,,,,canonical_occupation,ONET,OCC_e8e7321908de
CANO_94fbcb50836e,Information Security Engineers,,,,,canonical_occupation,ONET,OCC_a13c1314c47a
CANO_3e398852a5a2,Digital Forensics Analysts,,,,,canonical_occupation,ONET,OCC_5a67a9cefa70
CANO_078e902cc152,Blockchain Engineers,,,,,canonical_occupation,ONET,OCC_f163acbc152f
CANO_d549f64cb42d,Computer Systems Engineers/Architects,,,,,canonical_occupation,ONET,OCC_6e95be486cd6
CANO_73f3520792f3,Information Technology Project Managers,,,,,canonical_occupation,ONET,OCC_1ffff5374bce
CANO_976b4ebecb42,Business Intelligence Analysts,,,,,canonical_occupation,ONET,OCC_3a154c616646
CANO_cc21d30475b5,Clinical Data Managers,,,,,canonical_occupation,ONET,OCC_045e4a1b92fe
CANO_1748056a2009,Computer and information systems managers,Gestionnaires des systèmes informatiques,business systems manager | cloud solutions architect manager | computer systems manager | data centre manager | data processing and systems analysis manager | data processing director | director of software engineering | electronic data processing (EDP) manager | enterprise resource planning (ERP) manager | information systems manager | management information system (MIS) manager | software development manager | software engineering manager | systems development manager | technical delivery manager - information technology (IT) | technical program manager - information technology (IT) | application development director - information technology (IT) | cloud architect manager | cloud engineering manager | cloud operations manager | cloud services manager | communication systems design manager | computer and related services manager | computer application development manager | computer applications manager | computer department coordinator | computer development division head | computer facility manager | computer legacy systems manager | computer manager | computer networks manager | computer programs manager | computer software design manager | computer system operations manager | computer systems development manager | computer systems integration manager | computerized information systems manager | computerized technical information manager | cybersecurity manager | data analytics manager | data processing manager | data processing planning manager | director of data science | director of technology management | help desk manager - information technology (IT) | information systems development director | information systems operations director | information technology (IT) development manager | information technology (IT) director | information technology (IT) implementation manager | information technology (IT) Infrastructure engineering manager | information technology (IT) integration manager | information technology (IT) service delivery manager | Internet systems administrator | network design manager | software quality assurance director | systems implementation manager - computer systems | test engineering manager - software,,,canonical_occupation,NOC,OCC_77dfa03404a8
CANO_5976a0f8bbd5,Cybersecurity specialists,Spécialistes de la cybersécurité,cybersecurity analyst | informatics security analyst | informatics security consultant | information technology (IT) security specialist | systems security analyst | application security engineer | communicator research operator - Canadian Armed Forces | cyber operator - Canadian Armed Forces | cybersecurity consultant | cybersecurity specialist | information technology (IT) project manager - cybersecurity | information technology (IT) security analyst | Information technology (IT) security architect | information technology (IT) security consultant | Internet security analyst | network security analyst | network security engineer | systems security engineer | systems security planner,,,canonical_occupation,NOC,OCC_f2a71e8a4b5a
CANO_3ae5755c825c,Business systems specialists,Spécialistes des systèmes commerciaux,business systems analyst | business systems consultant | business systems specialist - computer systems | information systems business analyst | information technology (IT) business analyst | business analyst - computer systems | business continuity analyst | business data analyst | business intelligence analyst - information technology (IT) | business intelligence specialist | business process analyst | business solutions consultant | computer systems business analyst | enterprise resource planning analyst | functional consultant - information systems | human resource information system analyst | informatics business analyst | information systems implementation consultant | information systems technical analyst | information systems technical specialist | systems business re-engineering analyst | technical business analyst,,,canonical_occupation,NOC,OCC_e9792b3b8a2b
CANO_36ae69a2da6f,Information systems specialists,Spécialistes en informatique,computer systems analyst | informatics consultant | information systems quality assurance (QA) analyst | information technology (IT) consultant | management information systems (MIS) analyst | systems auditor | systems consultant | applications analyst - computer systems | cloud service management specialist | computer analyst | computer consultant | computer simulations analyst | computer systems development coordinator | data processing consultant | electronic data processing (EDP) auditor | enterprise architect - information technology (IT) | informatics applications analyst | informatics quality assurance (QA) analyst | information systems analyst - computer systems | information systems contingency planner | information technology (IT) analyst | information technology (IT) auditor | information technology (IT) consulting account manager | information technology (IT) engineer | information technology (IT) operations analyst | information technology (IT) project manager | information technology (IT) specialist | management information systems (MIS) consultant | simulations analyst - computer systems | software quality assurance (QA) analyst | software quality assurance (QA) auditor | solutions architect - cloud management and monitoring | solutions architect - information technology (IT) | system integration analyst | system integration consultant | systems analyst | systems quality assurance (QA) analyst | systems specialist - computer systems | technical project manager | technical support engineer,,,canonical_occupation,NOC,OCC_4060d96748a0
CANO_edb23e6b2f91,Database analysts and data administrators,Analystes de bases de données et administrateurs/administratrices de données,data administrator | data custodian | data dictionary administrator | data warehouse analyst | database administrator (DBA) | database analyst | database architect | technical architect - database | data analyst - informatics and systems | data management specialist | data processing specialist | data quality analyst | data steward | database designer | database developer | database management supervisor - computer systems | database manager | electronic data processing (EDP) analyst | electronic data processing (EDP) specialist | electronic data processing (EDP) systems analyst | enterprise data architect | information resource analyst | Information technology (IT) data analyst,,,canonical_occupation,NOC,OCC_3d3f23f196d1
CANO_516e5004996e,Computer systems developers and programmers,Développeurs/développeuses et programmeurs/programmeuses de systèmes informatiques,computer programmer | operating systems programmer | programmer analyst | scientific programmer | systems programmer | detail programmer | electronic data processing (EDP) applications programmer | mainframe systems programmer | satellite scientific telecommunications programmer,,,canonical_occupation,NOC,OCC_98f63450c5da
CANO_c14e71e34998,Software engineers and designers,Ingénieurs/ingénieures et concepteurs/conceptrices en logiciel,application architect | computer software engineer | embedded software designer | embedded software engineer | software architect | software design engineer | software design verification engineer | software designer | software testing engineer | telecommunications software engineer | automation engineer - software | backend engineer | cloud administrator | cloud architect | cloud engineer | cloud infrastructure engineer | cloud operations engineer | computer applications engineer | computer systems platform engineer - software | computer telecommunications software specialist | development and operations (DevOps) engineer | lead development and operations (DevOps) engineer | lead software engineer | mobile development lead | simulation software design engineer | site reliability engineer | software and information technology project manager | software design project manager | software design supervisor | software development engineer | software engineer | software engineering lead | software project manager | software quality assurance (QA) engineer | software systems designer | software systems integration engineer | software technical architect | systems applications engineer | systems architect | systems engineer - software | telecommunications software specialist | test automation engineer - software,,,canonical_occupation,NOC,OCC_7892d9c0b620
CANO_06f0e880debd,Software developers and programmers,Développeurs/développeuses et programmeurs/programmeuses de logiciels,application programmer | computer game developer | electronic business (e-business) software developer | interactive media developer | multimedia developer | software developer | software programmer | animation programmer | artificial intelligence programmer | cloud developer | computer application programmer | computer game programmer | electronic commerce (e-commerce) software developer | graphical user interface (GUI) designer | graphical user interface (GUI) developer | graphics programmer | interactive media programmer | mobile applications developer | multimedia programmer | software development programmer | software development project manager | special effects programmer | teleprocessing software programmer,,,canonical_occupation,NOC,OCC_11ba48109f61
CANO_181f345f80ed,Web designers,Concepteurs/conceptrices Web,Internet site designer | Intranet site designer | Web designer | interactive media consultant | multimedia consultant | Web site designer,,,canonical_occupation,NOC,OCC_9111ae8af624
CANO_8c8ecd2eca9e,Web developers and programmers,Développeurs/développeuses et programmeurs/programmeuses Web,electronic business (e-business) Web site developer | Internet site developer | Web developer | Web manager | Web programmer | Web site developer | back-end web developer | corporate Webmaster | electronic commerce (e-commerce) Web site developer | front-end web developer | full stack web developer | Intranet site developer | web application developer | Web integrator | Webmaster,,,canonical_occupation,NOC,OCC_67a5290e6732
CANO_d219486886bc,Computer engineers (except software engineers and designers),Ingénieurs informaticiens/ingénieures informaticiennes (sauf ingénieurs/ingénieures et concepteurs/conceptrices en logiciel),computer hardware engineer | fibre-optic network designer | hardware circuit board designer | hardware development engineer | hardware technical architect | network test engineer | systems designer - hardware | telecommunications hardware engineer | wireless communications network engineer | application specific integrated circuit (ASIC) design engineer | capacity planning analyst | computer engineer | computer engineer (except software) | computer engineering project manager | computer systems engineer | computer telecommunications specialist | data communications specialist | hardware design engineer | hardware engineer | information technology (IT) solutions engineer | infrastructure architect - information technology (IT) | microprocessor designer and application engineer | microwave systems engineer | microwave transmission systems engineer | network architect - computer systems | network capacity planner | network designer - computer systems | network engineer - communication hardware | network infrastructure engineer | network specialist - computer systems | network support engineer | network systems engineer | optical communications engineer | optical communications hardware engineer | optical systems engineer - telecommunications | radio systems engineer | satellite data transmission engineer | spacecraft electronics engineer - hardware | technical architect - hardware | telecommunications engineer | telecommunications hardware specialist | telecommunications specialist - computer systems | telecommunications systems specialist,,,canonical_occupation,NOC,OCC_2e1e466b0505
CANO_9d9a8c656e83,Computer network and web technicians,Techniciens/techniciennes de réseau informatique et Web,computer network technician | data centre operator | Internet Web site technician | local area network (LAN) administrator | local area network (LAN) technician | network administrator | network support technician | network system administrator | Web technician | computer master console operator | computer network technicians' supervisor | computer operations supervisor | computer tape librarian | digital computer operator | local area network (LAN) manager | local area network (LAN) operator | network analyst | network controller | network operator | network security administrator | network support analyst | server administrator | technical support analyst - network | Web site administrator | Wide area network (WAN) administrator | wide area network (WAN) technician,,,canonical_occupation,NOC,OCC_794a07006307
CANO_28a3ebba791e,User support technicians,Agents/agentes de soutien aux utilisateurs,call centre agent - technical support | client support representative - systems | computer help desk representative - systems | computer help desk supervisor | hardware installation technician | hardware technical support analyst | help desk technician | software installation technician | software technical support analyst | systems support representative | technical support analyst | technical support supervisor | user support technician | application support analyst | computer technician | deskside support technician | desktop support analyst | help desk analyst - systems | help desk specialist | help desk technical agent | information technology (IT) support analyst | information technology (IT) support technician | personal computer (PC) support analyst | service desk analyst | systems technical support analyst | technical help desk agent | technical support agent | technical support representative - information technology (IT) | technical support specialist - information technology (IT),,,canonical_occupation,NOC,OCC_0955575601a0
CANO_ad6543a07628,Information systems testing technicians,Évaluateurs/évaluatrices de systèmes informatiques,application tester | application testing technician | software test coordinator | software tester | software testing technician | systems tester | systems testing technician | user acceptance tester | quality assurance analyst - information systems | quality assurance tester - information systems | test coordination analyst | video game tester,,,canonical_occupation,NOC,OCC_0553eba7a386
CANO_8aa513e2505d,,Administrateur / Administratrice de systèmes d'information (SI),,Administrateur / Administratrice réseau informatique | Administrateur / Administratrice système informatique | Responsable de gestion de configuration | Administrateur / Administratrice système et réseaux d'information et de communication | Administrateur / Administratrice de plateforme de service | Administrateur / Administratrice informatique | Administrateur / Administratrice systèmes et réseaux | Administrateur / Administratrice de système d'information | Administrateur / Administratrice d'infrastructure | Gestionnaire de système informatique,,canonical_occupation,ROME,OCC_98d19aeea9a4
CANO_1d5741e7db30,,Expert / Experte systèmes et réseaux informatiques,,Consultant / Consultante informatique | Consultant / Consultante réseaux informatiques | Expert / Experte réseaux et télécoms | Expert / Experte système d'exploitation | Expert / Experte système et réseaux | Ingénieur / Ingénieure méthodes informatiques | Ingénieur / Ingénieure réseau informatique | Ingénieur / Ingénieure sécurité informatique | Ingénieur / Ingénieure système informatique | Ingénieur / Ingénieure système réseau informatique | Ingénieur / Ingénieure systèmes & réseaux Datacenter | Ingénieur / Ingénieure des systèmes d'information et de communication | Ingénieur / Ingénieure intégration de système | Analyste réseau | Analyste informatique | Expert / Experte réseau informatique | Expert / Experte sharepoint | Expert infrastructure de données / Experte infrastructure de données,,canonical_occupation,ROME,OCC_c44a9eaae6e7
CANO_c3b8e0962ff8,,Directeur / Directrice des systèmes d'information (DSI),,"Directeur / Directrice de l'Organisation et des Systèmes d'Information (DOSI) | Directeur / Directrice des systèmes d'information | Directeur / Directrice des systèmes d'information et télécoms | Responsable des systèmes d'information | Responsable du management de la DSI | Responsable production informatique | Chief Technical Officer - CTO | Directeur / Directrice des systèmes d'information (DSI, 50 salariés ou plus) | Directeur / Directrice technique en informatique (50 salariés ou plus) | Directeur / Directrice technique en informatique | Directeur / Directrice de l'innovation numérique | Chief information officer | Chief information security officer | Chef / Cheffe de projet Systèmes d'Information",,canonical_occupation,ROME,OCC_4a2781037768
CANO_e1c3f710af72,,Ingénieur / Ingénieure télécoms et environnement,,Ingénieur / Ingénieure déploiement télécoms | Ingénieur / Ingénieure en architecture télécoms | Ingénieur / Ingénieure études et support télécoms | Ingénieur / Ingénieure radio | Ingénieur / Ingénieure réseaux télécoms | Ingénieur / Ingénieure télécommunication | Ingénieur / Ingénieure télécoms | Ingénieur / Ingénieure validation réseaux de télécoms | Network planner,,canonical_occupation,ROME,OCC_234e9bc0e4be
CANO_f3aaa866d640,,Développeur / Développeuse informatique,,Analyste développeur / Analyste développeuse | Analyste-programmeur / Analyste-programmeuse gestion informatique | Analyste-programmeur / Analyste-programmeuse informatique | Analyste-programmeur / Analyste-programmeuse scientifique informatique | Informaticien / Informaticienne de développement | Programmeur / Programmeuse de maintenance informatique | Programmeur / Programmeuse d'études | Programmeur industriel / Programmeuse industrielle | Programmeur / Programmeuse informatique | Programmeur / Programmeuse logiciel de base informatique | Développeur / Développeuse de sécurité des systèmes d'information | Informaticien / Informaticienne | Développeur / Développeuse IOT | Développeur / Développeuse systèmes embarqués,,canonical_occupation,ROME,OCC_4243894cf004
CANO_edc2b0530576,,Consultant fonctionnel / Consultante fonctionnelle des systèmes d'information,,Architecte fonctionnel / Architecte fonctionnelle de système d'information | Assistant fonctionnel / Assistante fonctionnelle des systèmes d'information | Consultant / Consultante ERP (Enterprise Resource Planning) | Consultant fonctionnel / Consultante fonctionnelle de progiciel | Expert / Experte métier système d'information | Intégrateur / Intégratrice en informatique industrielle | Consultant / Consultante SIRH ressources humaines | Consultant / Consultante SI finance comptabilité | Consultant / Consultante SI Gestion de la Relation Client | Consultant / Consultante en accessibilité numérique | Consultant / Consultante SaaS - Software as a Service | Consultant / Consultante IT | Business analyst,,canonical_occupation,ROME,OCC_2088e2ac84a9
CANO_08ea99c17d81,,"Spécialiste outils, systèmes d'exploitation, réseaux et télécoms",,Adjoint / Adjointe chef de centre de télétraitement mobile aux armées | Agent / Agente d'exploitation des systèmes d'information et de communication aux armées | Analyste de signaux électromagnétiques | Analyste des services techniques du renseignement | Chargé / Chargée de planification réseaux de télécoms | Chargé / Chargée d'opération réseaux de télécoms | Concepteur réalisateur / Conceptrice réalisatrice de réseau télécoms | Technicien détecteur / Technicienne détectrice spécialiste des opérations des forces navales et sous-marines | Technicien détecteur / Technicienne détectrice anti-sous-marins spécialiste des opérations des forces navales et sous-marines | Exploitant / Exploitante des supports hertziens radio satellitaire | Exploitant / Exploitante des systèmes de guerre électronique | Exploitant / Exploitante des télécommunications | Exploitant / Exploitante faisceaux hertziens | Exploitant / Exploitante système d'information et de communication aux armées | Exploitant / Exploitante système composante projetable | Exploitant / Exploitante transmissions | Guetteur / Guetteuse de la flotte | Intercepteur / Interceptrice graphie aux armées | Intercepteur / Interceptrice technique aux armées | Intercepteur traducteur / Interceptrice traductrice de langues aux armées | Linguiste d'écoute aux armées | Marketeur / Marketeuse réseaux de télécoms | Opérateur / Opératrice écoute | Opérateur navigateur / Opératrice navigatrice terrestre aux armées | Opérateur / Opératrice radio | Opérateur / Opératrice radiographiste | Opérateur / Opératrice système qualifié aux armées | Planificateur / Planificatrice réseaux de télécoms | Radiotélégraphiste | Technicien / Technicienne des systèmes d'information et de télécommunications | Technicien / Technicienne communication aux armées | Technicien / Technicienne détection et analyse des signaux électromagnétiques | Technicien / Technicienne d'exploitation télécommunication | Technicien / Technicienne en communication | Technicien exploitant / Technicienne exploitante de systèmes de guerre électronique | Technicien / Technicienne exploitation systèmes acoustiques | Technicien / Technicienne réseau de transmission de données aux armées | Technicien / Technicienne sécurité des communications aux armées | Technicien supérieur / Technicienne supérieure détection électromagnétique sol-air aux armées | Transfiliste aux armées | Transmetteur / Transmettrice aux armées | Opérateur / Opératrice de surveillance de la circulation maritime | Opérateur / Opératrice des systèmes de combat en opérations navales | Opérateur / Opératrice systèmes de télécommunication des armées | Spécialiste du domaine systèmes d'information et de communication aux armées | Spécialiste administration des réseaux IP | Spécialiste réseaux et systèmes de télécommunications des armées | Technicien / Technicienne appui technique spatial,,canonical_occupation,ROME,OCC_c7ee9cba34be
CANO_f83aff02cded,,Cartographe,,Assembleur / Assembleuse photogrammètre cartographe | Chef / Cheffe exploitation images drones | Dessinateur / Dessinatrice cartographe | Hydrographe | Ingénieur / Ingénieure hydrographe | Officier / Officière cartographe | Officier marinier / Officière marinière hydrographe | Spécialiste en géodésie et satellites | Cartographe du BTP,,canonical_occupation,ROME,OCC_13ad0dec06f6
CANO_889cb5c03f66,,Météorologue,,Météorologiste | Météorologiste océanographe | Météorologiste prévisionniste | Prévisionniste crue | Spécialiste de l'information météorologique | Spécialiste METOC Météorologie Océanographie | Hydrométéorologue | Analyste de données météorologiques | Expert / Experte en gestion des risques météorologiques | Météorologiste aéronautique,,canonical_occupation,ROME,OCC_1de7cfbf9d19
CANO_e2c83fe0c9b6,,Technicien / Technicienne d'exploitation informatique,,Adjoint / Adjointe d'exploitation informatique | Adjoint technicien / Adjointe technicienne d'exploitation informatique | Agent / Agente de planning informatique | Agent / Agente d'exploitation informatique | Analyste d'exploitation | Assistant / Assistante d'exploitation informatique | Chef / Cheffe d'équipe de production informatique | Exploitant / Exploitante informatique | Gestionnaire du parc informatique | Informaticien automaticien / Informaticienne automaticienne | Intégrateur / Intégratrice d'exploitation informatique | Opérateur / Opératrice informatique | Opérateur pupitreur / Opératrice pupitreuse informatique | Pupitreur / Pupitreuse d'exploitation informatique | Pupitreur / Pupitreuse réseau informatique | Technicien / Technicienne en informatique industrielle | Technicien / Technicienne informatique | Technicien / Technicienne programmation | Technicien supérieur / Technicienne supérieure en automatique | Technicien / Technicienne système informatique | Technicien / Technicienne de développement informatique | Technicien / Technicienne développement logiciel,,canonical_occupation,ROME,OCC_1ce0e8031f25
CANO_be95fccf06c0,,Responsable de la Sécurité des Systèmes d'Information (RSSI),,Responsable sécurité des systèmes d'information | Responsable sécurité informatique | Chief Information Security Officer (CISO) | Data Protection Officer | Directeur / Directrice de la sécurité informatique | Directeur / Directrice de la sécurité tic | Manager de la Sécurité et des Risques de l'Information (MSRI) | Responsable Sécurité de l'information | Responsable de la sécurité informatique | Responsable des risques de la sécurité des systèmes informatiques (RRSSI) | Responsable ou directeur de la sécurité des systèmes d'information (RSSI ou DSSI) | Responsable risque sécurité réseaux informatiques | Responsable sécurité des réseaux informatiques,,canonical_occupation,ROME,OCC_563c9ee7ae68
CANO_26ec9dbb5e69,,Intégrateur / Intégratrice logiciels métiers,,Ingénieur / Ingénieure d'intégration applicative | Intégrateur / Intégratrice d'application informatique | Paramétreur / Paramétreuse logiciel ERP | ERP Consultant | ERP integrator | Consultant / Consultante ERP | Consultant / Consultante produit | Ingénieur / Ingénieure intégration | Ingénieur / Ingénieure progiciel | Paramétreur / Paramétreuse de logiciels | Chef / Cheffe de projet erp,,canonical_occupation,ROME,OCC_22a265df20e2
CANO_0ea88a2fc092,,Scrum Master,,Assistant / Assistante chef de projet informatique | Scrum master informatique | Chef / Cheffe de projet agile,,canonical_occupation,ROME,OCC_df34a0f9f6c0
CANO_cacd8c15bbbc,,Spécialiste test et validation logiciel ou application,,,,canonical_occupation,ROME,OCC_2523d083789d
CANO_1450c7f8279a,,Technicien / Technicienne réseaux informatiques et télécoms,,Contrôleur / Contrôleuse de réseau informatique | Technicien / Technicienne d'essais et de contrôle en télécommunications | Technicien / Technicienne en télécommunications | Technicien / Technicienne en télécommunications et réseaux d'entreprise | Technicien expert / Technicienne experte en installation intégration en télécommunications et réseaux d'entreprise | Technicien / Technicienne ingénierie réseaux de télécoms | Technicien / Technicienne installation intégration en télécommunications et réseaux d'entreprise | Technicien / Technicienne réseau informatique | Technicien / Technicienne réseaux et télécommunications d'entreprise | Technicien spécialisé / Technicienne spécialisée en installation et intégration en télécommunications et réseaux d'entreprise | Technicien spécialisé / Technicienne spécialisée en télécommunications et réseaux d'entreprise | Technicien / Technicienne télécoms et réseaux | Technicien / Technicienne réseau Datacenter | Technicien / Technicienne réseau et maintenance,,canonical_occupation,ROME,OCC_940b6385dcd1
CANO_6ec9a08592ed,,Administrateur / Administratrice sécurité informatique,,,,canonical_occupation,ROME,OCC_6d24adb3285c
CANO_0f23a669f1f0,,Ingénieur / Ingénieure d'étude informatique,,Informaticien chargé / Informaticienne chargée d'étude | Ingénieur / Ingénieure analyste en système d'information | Ingénieur / Ingénieure d'étude en informatique de gestion | Ingénieur / Ingénieure d'étude et développement informatique | Ingénieur / Ingénieure d'étude logiciel informatique | Ingénieur / Ingénieure logiciel informatique | Informaticien / Informaticienne d'études | Chargé / Chargée d'étude informatique | Ingénieur / Ingénieure logiciel | Architecte logiciel | Expert / Experte logiciel | Ingénieur / Ingénieure logiciel en robotique,,canonical_occupation,ROME,OCC_050f179f19d8
CANO_02273c3b8928,,Technicien / Technicienne en cybersécurité,,Opérateur / Opératrice en cybersécurité,,canonical_occupation,ROME,OCC_7f18f2f19e2a
CANO_cc70389a9291,,Expert / Experte méthodes et qualité informatique,,"Expert / Experte méthodes et outils en informatique | Expert / Experte qualité informatique | Expert / Experte sécurité, méthode et qualité informatique",,canonical_occupation,ROME,OCC_336e0a8cfc0b
CANO_67d66ad483ec,,Analyste d'application informatique,,Analyste d'application | Analyste responsable d'application informatique,,canonical_occupation,ROME,OCC_085a2958b6aa
CANO_fa26fd983b14,,Spécialiste Jumeau Numérique,,Développeur / Développeuse de logiciel de simulation optique et réalité virtuelle (VR) | Développeur / Développeuse logiciel de réalité augmentée | Expert / Experte virtualisation,,canonical_occupation,ROME,OCC_88068199c10c
CANO_38d89aa3c2fa,,Consultant / Consultante avant-vente,,Ingénieur / Ingénieure technico-commercial(e) IT | Ingénieur / Ingénieure informatique avant-vente,,canonical_occupation,ROME,OCC_3dd25c7bc53e
CANO_bf0dde9fbfb4,,Développeur / Développeuse décisionnel - Business Intelligence,,,,canonical_occupation,ROME,OCC_2e83dfac986c
CANO_71086593cd61,,Coordinateur / Coordinatrice de production web,,Coordinateur / Coordinatrice de projet digital | Directeur / Directrice de projets digitaux,,canonical_occupation,ROME,OCC_8febad416722
CANO_af477ada48c0,,Ingénieur / Ingénieure supervision IT Datacenter,,Responsable des systèmes informatiques | Ingénieur / Ingénieure support informatique | Ingénieur / Ingénieure support réseaux,,canonical_occupation,ROME,OCC_07c3258d7642
CANO_a6a2d1f453fb,,Ingénieur / Ingénieure DevOps,,Chef / Cheffe de groupe logicien informaticien | Ingénieur / Ingénieure de développement informatique | Ingénieur / Ingénieure développement logiciel informatique | Ingénieur / Ingénieure en développement d'applications | Ingénieur / Ingénieure informatique développement en temps réel | Ingénieur / Ingénieure programme informatique | Ingénieur / Ingénieure développement logiciel | Devops | Architecte DevOps | Spécialiste DevOps,,canonical_occupation,ROME,OCC_eab9b08d024c
CANO_4ffc49260a13,,Chef de projet / Cheffe de projet (Project Management Officer),,Chef / Cheffe de projet utilisateurs des systèmes d'information | Coordinateur / Coordinatrice de la Maîtrise d'ouvrage des systèmes d'information | Responsable de projets « métiers » système d'information | Project Manager | Project Management Officer - PMO | Chef / Cheffe de projet client | Chef / Cheffe de projet SI,,canonical_occupation,ROME,OCC_21efe6cdd8d9
CANO_40e46bec85ec,,Ingénieur / Ingénieure systèmes et réseaux des territoires connectés,,,,canonical_occupation,ROME,OCC_33ca0a6e17b8
CANO_884a6866b476,,Administrateur / Administratrice réseaux - télécoms,,Architecte réseaux de télécoms | Administrateur / Administratrice réseau de télécommunications | Administrateur / Administratrice réseaux des territoires connectés,,canonical_occupation,ROME,OCC_8a0009547b60
CANO_e662d4a55801,,Développeur / Développeuse - jeux vidéo,,Lead programmeur / Lead programmeuse - jeux vidéo | Programmeur / Programmeuse - jeux vidéo | Développeur / Développeuse gameplay | Programmeur / Programmeuse gameplay,,canonical_occupation,ROME,OCC_2f27eb2177cc
CANO_35791d82a452,,Homologateur / Homologatrice fonctionnel de logiciel,,Homologateur / Homologatrice logiciel,,canonical_occupation,ROME,OCC_21c50bd3a35a
CANO_6fa35e2b7030,,Ingénieur / Ingénieure sécurité web,,,,canonical_occupation,ROME,OCC_54194a8e4af5
CANO_182bdea65a0a,,Administrateur / Administratrice de site internet,,Administrateur / Administratrice de site Web | Infographiste web master | Webmaster concepteur / Webmaster conceptrice de site web | Webmaster éditorialiste | Webmaster chargé / Webmaster chargée de communication | Responsable qualité web | Responsable éditorial / Responsable éditoriale web | Webmaster,,canonical_occupation,ROME,OCC_53745b14cb87
CANO_3524cd5f5324,,Architecte systèmes et réseaux des territoires connectés,,Architecte des systèmes d'information des territoires connectés | Architecte SOA des territoires connectés,,canonical_occupation,ROME,OCC_b6f0c15f7803
CANO_75ea3f0ecaf8,,Ingénieur concepteur / Ingénieure conceptrice informatique,,Analyste-programmeur / Analyste-programmeuse en informatique industrielle | Concepteur / Conceptrice informatique | Ingénieur analyste-programmeur / Ingénieure analyste-programmeuse | Ingénieur / Ingénieure de conception informatique | Chercheur Concepteur / Chercheuse Conceptrice informatique | Ingénieur / Ingénieure recherche et développement (R&D) en informatique,,canonical_occupation,ROME,OCC_286d9da07b4d
CANO_742dcd097590,,Développeur / Développeuse multimédia,,,,canonical_occupation,ROME,OCC_073f57ae50f2
CANO_52576aafd604,,Urbaniste des systèmes d'information,,Consultant / Consultante en système d'information | Expert / Experte en système d'information,,canonical_occupation,ROME,OCC_bf56177836a1
CANO_60b5158d3fb8,,Architecte systèmes et réseaux,,Architecte réseaux informatiques | Architecte système d'information | Architecte système informatique | Architecte technique informatique | Consultant / Consultante architecte technique | Architecte solutions,,canonical_occupation,ROME,OCC_21715cbb5d2f
CANO_775461f814f2,,Directeur / Directrice de projets des territoires connectés,,Directeur / Directrice de programme de territoire connecté,,canonical_occupation,ROME,OCC_45f8e3b56a4a
CANO_2089c19d306a,,Ingénieur informaticien / Ingénieure informaticienne,,Ingénieur / Ingénieure analyste informatique | Ingénieur / Ingénieure d'analyse et de programmation en informatique de gestion | Ingénieur / Ingénieure d'application informatique | Ingénieur / Ingénieure de réalisation informatique | Expert / Experte en application informatique | Ingénieur / Ingénieure informatique | Ingénieur-conseil / Ingénieure-conseil informatique,,canonical_occupation,ROME,OCC_e02a62ee28e8
CANO_b1106f0c0f65,,Qualiticien / Qualiticienne logiciel en informatique,,Analyste cogniticien / Analyste cogniticienne informatique | Didacticien / Didacticienne informatique | Responsable d'atelier de génie logiciel,,canonical_occupation,ROME,OCC_da40f63e4373
CANO_cc2620780956,,Administrateur / Administratrice de serveurs,,,,canonical_occupation,ROME,OCC_0dfd1568b513
CANO_016c22d6c92d,,Responsable des études et applications informatiques,,Ingénieur / Ingénieure d'étude en applications scientifiques informatiques | Responsable d'application informatique | Responsable de projet informatique | Responsable des développements informatiques | Responsable d'étude informatique,,canonical_occupation,ROME,OCC_e16c45181fb8
CANO_d5b81bf02c94,,Architecte IoT - Internet des Objets,,,,canonical_occupation,ROME,OCC_afe0af7ee789
CANO_9b7a5a0a7869,,Ingénieur / Ingénieure Cybersécurité Datacenter,,,,canonical_occupation,ROME,OCC_0194b59e1846
CANO_885728d25dc6,,Expert / Experte en communication et réseaux,,Expert / Experte en technologie de l'information et des communications (TIC),,canonical_occupation,ROME,OCC_b7befaa6cd86
CANO_a7a228eff141,,Analyste Concepteur / Conceptrice informatique,,,,canonical_occupation,ROME,OCC_6208e1876753
CANO_e6327dabdc53,,Administrateur / Administratrice de messagerie,,Administrateur / Administratrice de la messagerie,,canonical_occupation,ROME,OCC_7d00df02eb9d
CANO_26ebb05c90b8,,Architecte multimédias interactifs,,Architecte multimédia | Expert / Experte en technologie Internet et multimédia,,canonical_occupation,ROME,OCC_9f8d6a13ded5
CANO_1f1faac28725,,Analyste décisionnel - Business Intelligence,,,,canonical_occupation,ROME,OCC_4fedfaca20de
CANO_eaaeaab40649,,Analyste d'étude informatique,,Analyste de gestion informatique | Analyste fonctionnel / Analyste fonctionnelle informatique | Analyste organique informatique | Analyste réseau informatique | Analyste télématique | Analyste-programmeur / Analyste-programmeuse de micro-informatique | Analyste-programmeur / Analyste-programmeuse d'étude informatique | Informaticien / Informaticienne analyste,,canonical_occupation,ROME,OCC_5fafb471f4aa
CANO_3983bb13b4cb,,Chef / Cheffe de projet étude et développement informatique,,Chef / Cheffe de projet développement logiciel | Chef / Cheffe de projet en linguistique informatique | Chef / Cheffe de projet informatique | Chargé / Chargée de projet Data,,canonical_occupation,ROME,OCC_09b65ca00490
CANO_cfd96772226a,,Chef / Cheffe de projet réseau fixe et mobile,,Chef / Cheffe de projet Réseau | Chef / Cheffe de projet Réseaux mobiles | Chef / Cheffe de projet Datacenter | Chef / Cheffe de projet équipements connectés | Directeur / Directrice de projets,,canonical_occupation,ROME,OCC_734c5ae6a3df
CANO_8b9c06140b6a,,Développeur / Développeuse web,,Webmaster développeur / Webmaster développeuse | Développeur / Développeuse web mobile | Développeur / Développeuse full-stack | Développeur / Développeuse front-end | Développeur / Développeuse back-end | Développeur / Développeuse no code | Intégrateur / Intégratrice web,,canonical_occupation,ROME,OCC_c506a18083b7
CANO_31ac2ddc3174,,Expert / Experte en cybersécurité,,Expert / Experte en sécurité des systèmes d'exploitation | Expert / Experte sécurité informatique | Expert / Experte en sécurité des systèmes d'information | Analyste en cybersécurité | Spécialiste en gestion de crise cyber | Expert / Experte en sécurité informatique (SSI) | Expert / Experte en sécurité des systèmes d'information (SSI) | Analyste de la menace | Expert / Experte sécurité IT,,canonical_occupation,ROME,OCC_4def1bedc140
CANO_8cb8f652d4f5,,Urbaniste Datacenter,,,,canonical_occupation,ROME,OCC_c86e2d385aa5
CANO_dfe6f7cd4960,,Chef / Cheffe de projet TMA - Tierce Maintenance Applicative,,,,canonical_occupation,ROME,OCC_202da271cabe
CANO_4983bae0ba65,,Chef / Cheffe de projet maîtrise d'œuvre informatique,,,,canonical_occupation,ROME,OCC_fc361ed0ca3c
CANO_7143064f8d0a,,Développeur / Développeuse logiciel ou d'application,,Concepteur / Conceptrice d'application informatique | Concepteur / Conceptrice logiciel informatique | Développeur / Développeuse d'application | Informaticien / Informaticienne d'application | Programmeur / Programmeuse d'applications,,canonical_occupation,ROME,OCC_d6a2ea4adc66
CANO_5c3466754d9a,,Responsable d'exploitation fibre optique,,Consultant / Consultante télécoms | Négociateur / Négociatrice de sites télécoms en téléphonie mobile | Négociateur / Négociatrice de sites télécoms en fibre optique,,canonical_occupation,ROME,OCC_6c87c4d3e182
CANO_1a7763179538,,Evaluateur / Evaluatrice sécurité des systèmes et produits informatiques,,Auditeur / Auditrice en système d'information | Auditeur informaticien / Auditrice informaticienne | Testeur / Testeuse informatique | Analyste en vulnérabilité de code logiciel | Auditeur / Auditrice en sécurité des systèmes d'information | Post auditeur / Post auditrice en sécurité des systèmes d'information | Recetteur / Recetteuse | Auditeur / Auditrice Sécurité des systèmes d'information (SSI),,canonical_occupation,ROME,OCC_9f440c1548b6
CANO_d78f777a3b2a,,Product Owner,,,,canonical_occupation,ROME,OCC_3946835718f5
CANO_769fb064fc0b,,Ingénieur / Ingénieure blockchain,,Chef / Cheffe de projet blockchain,,canonical_occupation,ROME,OCC_58f6f0c81c5b
CANO_57e30ce280f7,,Pentesteur / Pentesteuse,,Expert / Experte en tests d'intrusion - sécurité des systèmes d'information,,canonical_occupation,ROME,OCC_b0651e781d64
CANO_570f941bd475,,Responsable des systèmes d'information (SI),,Responsable de département informatique | Responsable de division informatique | Directeur / Directrice de département informatique | Directeur / Directrice informatique | Responsable de domaine en informatique | Responsable du réseau informatique | Responsable d'un service informatique | Responsable micro-informatique | Chef / Cheffe de service de maintenance informatique | Directeur / Directrice de service informatique (50 salariés ou plus) | Directeur / Directrice de service informatique | Directeur / Directrice de division informatique | Chef / Cheffe de service informatique | Responsable analyse programmation | Responsable maintenance informatique,,canonical_occupation,ROME,OCC_48e7a1feb2bb
CANO_77011bd51288,,Architecte base de données,,Architecte de bases de données | Data architect | Spécialiste bases de données | Concepteur / Conceptrice de bases de données,,canonical_occupation,ROME,OCC_9e721c3b1a5c
CANO_d8d8bb6b354e,,Gestionnaire de parc informatique,,Gestionnaire de ressources matérielles informatiques | Gestionnaire de parc micro-informatique,,canonical_occupation,ROME,OCC_b847e63cc092
CANO_547401800a55,,Directeur / Directrice de projet en informatique,,Responsable de projet architecture et intégration grands systèmes | Responsable de projet architecture informatique | Directeur / Directrice de laboratoire de recherche informatique,,canonical_occupation,ROME,OCC_5dccaa0f70e3
CANO_3dad54c812f7,,Gestionnaire d'applications système d'information,,,,canonical_occupation,ROME,OCC_5575a38586ce
CANO_84b64442da75,,Consultant décisionnel / Consultante décisionnelle - Business Intelligence,,Consultant / Consultante décisionnel - Business Intelligence,,canonical_occupation,ROME,OCC_c9809e8b4e1d
CANO_0b3900acae46,,Spécialiste IA embarquée,,Ingénieur / Ingénieure IA embarquée,,canonical_occupation,ROME,OCC_4ccd24ba172d
CANO_017dae8d7a2e,,Spécialiste support,,Superviseur / Superviseuse Hotline,,canonical_occupation,ROME,OCC_129225e67499
CANO_09b42b68080a,,Coordinateur / Coordinatrice Maitrise d'Ouvrage Système d'Information (MOA SI),,Assistant / Assistante maîtrise d'ouvrage des systèmes d'information | Responsable utilisateurs des systèmes d'information | Coordonnateur / Coordonnatrice du système d'information,,canonical_occupation,ROME,OCC_069c1da7cb17
CANO_f77a9514eec3,,Technicien / Technicienne Cloud,,,,canonical_occupation,ROME,OCC_4cb0c0a25225
CANO_b735f97b409b,,Développeur / Développeuse blockchain,,,,canonical_occupation,ROME,OCC_f98f0e96ecac
CANO_1dae8072961e,,Responsable de la production informatique,,Responsable d'exploitation informatique | Directeur / Directrice des risques informatiques,,canonical_occupation,ROME,OCC_91c7799dadef
CANO_5281997e3ed1,,Ingénieur / Ingénieure Cloud computing,,,,canonical_occupation,ROME,OCC_5a5307f6b57c
CANO_9870928e01a7,,Spécialiste e-santé,,Consultant / Consultante e-santé | Chef / Cheffe de projet e-santé | Ingénieur / Ingénieure e-santé,,canonical_occupation,ROME,OCC_7606d49145d3
CANO_d7db94e212e9,,Chef / Cheffe de projet Maîtrise d'Ouvrage des Systèmes d'Information (MOA),,Chef / Cheffe de projet maîtrise d'ouvrage des systèmes d'information | Coordinateur / Coordinatrice projet en Maîtrise d'Ouvrage (MOA),,canonical_occupation,ROME,OCC_7139e09be76c
CANO_9ed600249c7f,,Architecte sécurité informatique,,Security architect | Architecte cybersécurité,,canonical_occupation,ROME,OCC_8d1f9f4c93ee
CANO_db1f3a418f6b,,Analyste SOC (Security Operations Center),,,,canonical_occupation,ROME,OCC_7342748ca544
CANO_9098f9cb1134,,"Ingénieur / Ingénieure systèmes, réseaux et sécurité informatique",,"Chargé / Chargée de mise en exploitation informatique | Chef / Cheffe d'exploitation informatique | Gestionnaire de production informatique | Gestionnaire de ressources informatiques | Ingénieur / Ingénieure de production informatique | Ingénieur / Ingénieure d'exploitation informatique | Pilote de ressources informatiques | Pilote multiserveur informatique | Architecte de sécurité des systèmes d'information | Ingénieur / Ingénieure systèmes, réseaux et sécurité",,canonical_occupation,ROME,OCC_6ccbe5fe0132
CANO_65569152a0e3,,Responsable télécoms,,Responsable de département télécoms | Responsable de division télécoms | Chef / Cheffe de projet télécoms | Directeur / Directrice de département télécoms | Directeur / Directrice de projet télécoms | Directeur / Directrice de service télécoms | Directeur / Directrice télécoms | Programmeur / Programmeuse réseaux de télécoms | Responsable de domaine télécoms | Responsable de programmes réseaux de télécoms | Responsable de projet architecture télécoms | Responsable de réseaux télécoms | Responsable d'un service télécoms | Responsable de programmes télécoms | Responsable service télécom,,canonical_occupation,ROME,OCC_a4044d9bc8b4
CANO_6239ed036a83,,Chef / Cheffe de projet Web,,Chef / Cheffe de projet internet | Chef / Cheffe de projet multimédia | Digital project manager | Chef / Cheffe de projet digital | Chef / Cheffe de projet technique digital,,canonical_occupation,ROME,OCC_8afef792d150
CANO_c13a9c1070f3,,Product builder no code,,Ingénieur / Ingénieure no code,,canonical_occupation,ROME,OCC_c5a485d17612
CANO_da0c9c739f2e,,Spécialiste en modélisation climatique,,,,canonical_occupation,ROME,OCC_dd349ebfe1fb
CANO_dbbcd9069f5a,,Ingénieur / Ingénieure en Intelligence Artificielle (IA),,Développeur / Développeuse IA | Développeur / Développeuse Machine Learning | Expert / Experte en Intelligence Artificielle | Ingénieur / Ingénieure machine learning | IA Product Manager | Ingénieur / Ingénieure en apprentissage automatique | Prompt engineer,,canonical_occupation,ROME,OCC_ec6735d1a243
CANO_ec47eb7861ad,,Responsable d'opérations en station météorologique,,Chef / Cheffe d'équipe station de sondage météorologique | Responsable cellule météorologique,,canonical_occupation,ROME,OCC_85f87698fcbe
CANO_c2f2bf6a8f4b,,Ingénieur / Ingénieure prévisionniste météorologue,,Ingénieur / Ingénieure des travaux de la météorologie | Prévisionniste météorologue des armées | Sous-officier / Sous-officière météorologue | Prévisionniste météo | Ingénieur / Ingénieure de la météorologie | Ingénieur / Ingénieure prévisionniste en météorologie,,canonical_occupation,ROME,OCC_a6f0cca029c4
CANO_e7a449e9728f,,Ingénieur / Ingénieure en informatique embarquée,,Architecte systèmes embarqués,,canonical_occupation,ROME,OCC_3b2885fc44e3
CANO_0cd241b48864,,Technicien / Technicienne de la météorologie,,Observateur / Observatrice météo | Observateur / Observatrice nivo-météorologiste | Opérateur / Opératrice sondage météorologique | Technicien / Technicienne d'exploitation de la météorologie | Technicien / Technicienne météorologiste-océanographe,,canonical_occupation,ROME,OCC_5142d7362315
CANO_25012b8206f8,,Gestionnaire de base de données,,Administrateur / Administratrice de bases de données | Database administrator | Administrateur général donnée / Administratrice générale données des | Ingénieur / Ingénieure bases de données | Responsable des bases de données | Responsable de la production de bases de données | Technicien / Technicienne base de données,,canonical_occupation,ROME,OCC_164e408e096f
CANO_9a2cc239b8cb,,Géomaticien / Géomaticienne,,Administrateur / Administratrice Systèmes d'Information Géographique (SIG) | Analyste en géomatique | Cartographe géomaticien / Cartographe géomaticienne | Chargé / Chargée d'études Systèmes d'Information Géographique (SIG) | Chef / Cheffe de projet en géomatique | Concepteur-analyste / Conceptrice-analyste en systèmes d'information géographique (SIG) | Conseiller / Conseillère en géomatique | Géographe-géomaticien / Géographe-géomaticienne | Gestionnaire Systèmes d'Information Géographique -SIG- | Ingénieur / Ingénieure Systèmes d'Information Géographique (SIG) | Interprétateur / Interprétatrice d'images géographiques | Interprétateur / Interprétatrice d'images photographiques | Responsable Système d'Information Géographique -SIG- | Spécialiste de l'information géographique | Technicien géomaticien / Technicienne géomaticienne | Technicien / Technicienne Systèmes d'Information Géographique -SIG- | Chef / Cheffe de projet SIG | Responsable SIG | Ingénieur / Ingénieure SIG | Architecte SIG | Chargé / Chargée de SIG | Ingénieur Géomaticien / Ingénieure géomaticienne,,canonical_occupation,ROME,OCC_9edd2f7b19ab
CANO_6d24224bf930,,Analyste cycle de vie dans les télécoms,,Ingénieur / Ingénieure ACV | Ingénieur / Ingénieure analyste télécoms | LCA Engineer,,canonical_occupation,ROME,OCC_f0026eafdf53
