canonical_id,primary_label_en,primary_label_fr,alt_labels_en,alt_labels_fr,hard_soft,it_subtype,sources,member_entity_ids
CANS_962df05a8274,Haskell,Haskell,Haskell techniques,,hard,developpement_conception,ESCO | ONET,SKL_3e8275119d50 | SKL_e073f69611e9
CANS_08254f7f698f,draft scientific or academic papers and technical documentation,rédiger des documents scientifiques ou articles universitaires et des documents techniques,create technical documentation | create technical documentation and academic writings | write technical documentation | write scientific and academic papers,,hard,autre_hard,ESCO,SKL_3f9f22b21c7f
CANS_bbfc2e3a9811,incremental development,développement par incréments,gradual development,,hard,developpement_conception,ESCO,SKL_c4640fe55575
CANS_b0d221cd031d,guarantee customer satisfaction,garantir la satisfaction des clients,ensure customer satisfaction | promise customer satisfaction | customer satisfaction guarantee | assure customer satisfaction | guaranteeing customer satisfaction | provide customer satisfaction,,hard,autre_hard,ESCO,SKL_f3626780c907
CANS_20bcc5ac0dd0,KDevelop,KDevelop,kdevplatform | KDevelop platform,,hard,donnees_bdd,ESCO,SKL_aaa07ffaa309
CANS_21d097652127,develop blockchain innovative architectures,développer des architectures innovantes dans le domaine de la technologie de la blockchain,build innovative blockchain architectures,construire des architectures blockchain innovantes,hard,developpement_conception,ESCO,SKL_0bdc80704838
CANS_8b1e89fe54a9,keep up to date on product knowledge,tenir à jour ses connaissances des produits,keep posted on product knowledge,,hard,developpement_conception,ESCO,SKL_8137328e7791
CANS_dab87398d2f6,network engineering,ingénierie des réseaux,network architecture,architecture réseau | architecture de réseau,hard,autre_hard,ESCO,SKL_38d8f380447f
CANS_a997195aaee3,analyse the artistic concept based on stage actions,analyser le concept artistique d’après les actions scéniques,analyse artistic concept stage action | examine a performance's artistic concept according to stage movements | analyze the artistic concept based on stage actions | analyse the artistic concept based on actions on stage | analyse the artistic concept of a performance during rehearsals,,hard,donnees_bdd,ESCO,SKL_ba87b921382f
CANS_db37e625e551,migrate existing data,transférer des données existantes,drift existing data,,hard,donnees_bdd,ESCO,SKL_1c64576763e5
CANS_d8a6b6f0f7e3,manage supplies,gérer des fournitures,supplies managing | control and monitor supplies | monitor and control supplies | supply chain management | supplies planning | manage supply chain | plan supplies | supplies management,,hard,autre_hard,ESCO,SKL_3fcb664d84fd
CANS_2a40de3ed4dd,define database physical structure,définir la structure physique de la base de données,define database physical storage structure,constituer la structure physique de la base de données | construire l’architecture d’une base de données | définir la structure de stockage physique de la base de données | bâtir l’architecture d’une base de données | organiser les données | définir la structure logique de la base de données,hard,donnees_bdd,ESCO,SKL_ac3d1669004c
CANS_2668d0fbc85e,Maltego,Maltego,Maltego digital Forensics tool | Maltego cybersecurity tool | Maltego Forensics,,hard,developpement_conception,ESCO,SKL_06308bef515a
CANS_e80adf5de851,draw up artistic production,élaborer une production artistique,drawing up artistic production | document artistic production | draw up artistic productions | write down artistic production | register artistic production | record artistic production,,hard,developpement_conception,ESCO,SKL_0ac8a9d46706
CANS_f64756bac7bb,Erlang,Erlang,Erlang programming language,,hard,developpement_conception,ESCO,SKL_e22e3873e2aa
CANS_3d66dd859b75,manage ICT data classification,gérer la classification des données sur les TIC,lead ICT data classification responsabilities | organise ICT data classification responsibilities,,hard,donnees_bdd,ESCO,SKL_063550b14c8c
CANS_ef48250aea9b,create solutions to problems,trouver des solutions aux problèmes,devise solutions to problems | create solution to problems | formulate solutions to problems | conceive solutions to problems | create solutions | come up with solutions to problems | creating solutions to problems,,hard,developpement_conception,ESCO,SKL_3f11287772f2
CANS_5cf2dd1a5d27,information structure,structure de l’information,data structuring methods | types of data infrastructure | data infrastructure,,hard,donnees_bdd,ESCO,SKL_a33504a35440
CANS_bfaf22dda65d,SAS language,SAS language,SAS coding | SAS algorithms | SAS testing | SAS algorithm | SAS programming language | SAS principles for software development | SAS techniques for software development,,hard,developpement_conception,ESCO,SKL_ad5527904d9f
CANS_d2b4763f6e5f,use an application-specific interface,utiliser une interface spécifique à une application,use an interface specific to the application | using an interface specific to the application | application-specific interface using | operate an interface specific to the application | using an application-specific interface | application-specific interface operating | operating an interface specific to the application | operating an application-specific interface | operate an application-specific interface,,hard,autre_hard,ESCO,SKL_370980230f11
CANS_a898983df12b,define firewall rules,définir des règles de pare-feu,specify access control policies | set firewall rules,,hard,securite,ESCO,SKL_c2d129835e70
CANS_98308df102bc,perform online data analysis,effectuer une analyse de données en ligne,implement online data analysis | undertake online data analysis | performing online data analysis | perform an online data analysis | performing an online data analysis | complete online data analysis,,hard,donnees_bdd,ESCO,SKL_df1270c29978
CANS_562e6a7254ab,manage IT security compliances,gérer la conformité en matière de sécurité des TIC,oversee IT security compliance | ensure compliance with information security regulations,,hard,donnees_bdd,ESCO,SKL_9f1382e6691b
CANS_93f97e27ae36,keywords in digital content,mots-clés dans du contenu numérique,metadata tagging,,hard,autre_hard,ESCO,SKL_beee3bf73849
CANS_6ec63024f38c,domain name service,système de noms de domaine,DNS | DNS server,DNS | serveur DNS,hard,donnees_bdd,ESCO,SKL_54429feac7cb
CANS_c6178c45ce82,mark film reels,marquer des bobines de film,prepare film reels | annotate film reels | mark film reel | marking film reels,,hard,autre_hard,ESCO,SKL_c9f238de68cc
CANS_0126b887d1a0,use experience map,utiliser une carte d’expérience,examine touchpoints with a brand | determine the duration of a touchpoint | examine touchpoints with a service | determine the frequency of a touchpoint | examine touchpoints with a product,,hard,donnees_bdd,ESCO,SKL_87d1bd84a090
CANS_3468ac569f47,mathematical modelling,modélisation mathématique,mathematical computation | mathematical representation | mathematical simulation,calcul mathématique | représentation mathématique | simulation mathématique,hard,autre_hard,ESCO,SKL_d8758f64df30
CANS_2c82abbf70a0,blockchain signature schemes,systèmes de signature de la technologie de la blockchaine,signature schemes for blockchain | digital signature schemes,schémas de signature pour la blockchain | systèmes de signature numérique | schémas de signature numérique | schémas de signature pour la chaîne de blocs,hard,donnees_bdd,ESCO,SKL_55f583e49837
CANS_54c450d6ebcd,normalise data,normaliser les données,prepare data | normalize data | perform data pre-processing,préparer les données | normaliser des données informatiques | effectuer un prétraitement des données | limiter la dépendance | normaliser des données | assurer la cohérence | éliminer les redondances,hard,donnees_bdd,ESCO,SKL_275e26b6cba9
CANS_308e07d21ff6,create prototype of user experience solutions,créer un prototype de solution en matière d’expérience utilisateur,UX,créer un prototype de solution basée sur l’expérience utilisateur | créer un prototype de solution en matière d’UX | concevoir un prototype de solution en matière d’UX | concevoir un prototype de solution en matière d’expérience utilisateur | UX,hard,autre_hard,ESCO,SKL_f928dfa37ee7
CANS_293b3a804d63,apply system organisational policies,appliquer les politiques organisationnelles du système,adhere to organisational system guidelines | enforce organisational system policies | implement system regulations,,hard,autre_hard,ESCO,SKL_c09ce7a24a51
CANS_9495f0cc62de,propose ICT solutions to business problems,proposer des solutions TIC aux problèmes des entreprises,propose technical solutions to business problems,proposer des solutions TIC aux problèmes rencontrés par les entreprises | offrir des solutions TIC aux problèmes des entreprises | proposer des solutions TIC aux problèmes commerciaux | apporter des solutions aux problèmes des entreprises | proposer des solutions techniques aux problèmes des entreprises,hard,developpement_conception,ESCO,SKL_39001d5b3aea
CANS_d530fc8a18ac,computer simulation,simulation sur ordinateur,simulation software ANSYS | computer-based simulation,simulation par ordinateur,hard,autre_hard,ESCO,SKL_cd9a898340a1
CANS_ad08ea7e1c1d,cooperate with colleagues,coopérer avec des collègues,work together with colleagues | collaborate with colleagues | work in collaboration with colleague | work in cooperation with colleagues | work in cooperation with co-workers | collaborate with co-workers | work collaboratively | work cooperatively | cooperate with co-workers | work together with co-workers | work in collaboration with co-workers,,hard,autre_hard,ESCO,SKL_5225b3223466
CANS_cd35deaee8db,administer ICT system,administrer un système de TIC,administer system | operate system | administer network and system,administrer les composants d’un système de TIC | gérer un système de TIC | administrer un réseau de TIC | exploiter un système | faire fonctionner un système informatique,hard,autre_hard,ESCO,SKL_a08ea66fbd95
CANS_1eb9d80bff2e,ensure compliance with environmental legislation,assurer la conformité à une législation environnementale,ensure compliance with environmental regulations | ensuring environmental legislation compliance | ensure environmental legislation compliance | ensuring compliance with environmental legislation | check compliance with environmental laws | ensuring of compliance with environmental legislation | lead implementation of environmental legislation | lead implementation of environmental policies and legislation | checking compliance with environmental laws,,hard,securite,ESCO,SKL_1941cdd907dd
CANS_a8ad013dfd63,execute social engineering tests,réalisation de tests d’ingénierie sociale,perform social engineering tests | execute social engineering attacks | test social engineering | perform social engineering attacks | test social engineering attacks,tester l'ingénierie sociale | exécuter des attaques d'ingénierie sociale | tester les attaques d'ingénierie sociale | effectuer des attaques d'ingénierie sociale | effectuer des tests d'ingénierie sociale,hard,securite,ESCO,SKL_8b3d53b0e9ae
CANS_389c52080753,manage research data,gérer des données de recherche,oversee scientific data | handle research data | administer research data,,hard,autre_hard,ESCO,SKL_f32027a81e9b
CANS_fea431291968,labour legislation,législation sociale,employment legislation | employment law | labor legislation | legislation on labour,législation du travail,hard,autre_hard,ESCO,SKL_e4e2ec90812e
CANS_57c703f1586a,Cain and Abel (penetration testing tool),Cain and Abel (outil de test d’intrusion),Cain and Abel penetration testing software | Cain and Abel password recovery tool | Cain and Abel | Cain and Abel software for penetration testing | Cain and Abel penetration testing tool,,hard,developpement_conception,ESCO,SKL_9e68f3a8a66f
CANS_92675dcef55c,systems development life-cycle,cycle de développement logiciel,application development life-cycle,cycle de développement d’un logiciel | création de logiciel | cycle de développement | développement d’un logiciel | SDLC | conception d’un logiciel | cycle de développement d’une application,hard,developpement_conception,ESCO,SKL_6fce2b343b90
CANS_4bcacba91832,manage ICT change request process,gérer un processus informatisé de demande de modifications,oversee ICT change request process | coordinate ICT change request process | specify the need for ICT change requests | govern ICT change request process | handle ICT change request process,,hard,autre_hard,ESCO,SKL_06efd7af6dfc
CANS_06bfac7f862d,use interface description language,utiliser le langage IDL,utilise specification language,,hard,programmation,ESCO,SKL_73124fb4add3
CANS_db7f697147e3,apply company policies,appliquer les politiques d’une entreprise,administer company policies | applying company policies | employ company policies | utilise company policies | company policy application | apply company policy | implement company policies,,hard,autre_hard,ESCO,SKL_53715a6035cb
CANS_11f4a5d7ac1d,plan migration to cloud,planifier une migration vers l’informatique en nuage,prepare plan for migration to cloud | cloud migration planning | plan refactoring,,hard,autre_hard,ESCO,SKL_c763014c7d96
CANS_fc64abb6b78c,Agile project management,gestion de projets par méthode Agile,Agile management software,logiciel de gestion agile | gestion de projet agile,hard,autre_hard,ESCO,SKL_6df9c3907c46
CANS_43b69dba75f0,network management system tools,outils de système de gestion de réseau,network management system components,,hard,donnees_bdd,ESCO,SKL_36dcc4135ed3
CANS_d6de0030a4c5,use markup languages,utiliser des langages de balisage,use html | use mark-up languages | use XHTML | use HTML | use Html,utiliser SVG | utiliser XHTML | utiliser RSS | utiliser des langages de description de page | utiliser XML | utiliser des langages de description | utiliser HTML,hard,programmation,ESCO,SKL_caa92afcdf36
CANS_d1d51fd6a205,develop automated migration methods,développer des méthodes de migration automatisées,design automated migration methods | design automated transfer of ICT information | generate automated transfer of ICT information | develop automated transfer of ICT information | create automated transfer of ICT information,,hard,developpement_conception,ESCO,SKL_2e64fb93c3f2
CANS_bafc27452c68,load equipment,charger des équipements,fill equipment | cram equipment | loading equipment | pack equipment | equipment loading | stack equipment,,hard,autre_hard,ESCO,SKL_ed7920014102
CANS_6b5cecd0ff01,perform multiple tasks at the same time,exécuter simultanément plusieurs tâches,perform multitasking activities | carry out multitasking | perform multi tasks at the same time,exécuter en même temps plusieurs tâches | effectuer simultanément plusieurs tâches | effectuer en même temps plusieurs tâches,hard,autre_hard,ESCO,SKL_31e8100afb43
CANS_ac320f9c0891,gather data for forensic purposes,collecter des données à des fins médico-légales,compile data for forensic purposes | collect data for forensic purposes,,hard,donnees_bdd,ESCO,SKL_d98dfddbd8e1
CANS_1643e6afefe3,statistical process control,contrôle statistique des processus,quality control oversight | statistical process oversight | quality control jurisdiction | statistical process jurisdiction | quality control authority | quality control supervision | statistical process supervision | statistical process authority,,hard,autre_hard,ESCO,SKL_154aa764ece5
CANS_80db90d24313,manage consumables stock,gérer un stock de consommables,managing consumables stock | manage stocks of consumables | oversee consumables stock | keep watch on consumables stock,,hard,autre_hard,ESCO,SKL_2fe1bb8c91e8
CANS_f74181e29d21,coach employees,intervenir en tant que coach auprès des employés,train staff to improve performance | employee coaching | coach employees for performance | coach staff | train employees to improve performance,,hard,autre_hard,ESCO,SKL_ecda4ba6345b
CANS_a31f6e072118,Ruby (computer programming),Ruby (programmation informatique),Ruby,Ruby-gnome2 | Ruby prog | Ruby lang | Ruby,hard,langage_ou_techno_nommee,ESCO | ONET | ROME,SKL_879db5e51e64 | SKL_8b6f1198a30c | SKL_9b5584008e66
CANS_7b86fc0b1c86,Common Lisp,Common Lisp,Common Lisp programming language,,hard,developpement_conception,ESCO,SKL_962ed8d38c4e
CANS_4e36b9cd4a74,Apache Maven,Apache Maven,Maven,,hard,developpement_conception,ESCO | ONET,SKL_296648b0a054 | SKL_99c6f04ac23c
CANS_c447ab221c24,conduct literature research,mener des recherches documentaires,review literature | conducting literature review | literature reviewing | literature review conducting | reviewing literature,,hard,autre_hard,ESCO,SKL_f8b61597f142
CANS_5596d2a39ea8,prepare licence agreements,préparer des accords de licence,prepare license agreements | write licence agreements,mettre en place des accords de licence | concevoir des licence agreements | préparer un accord de licence | appliquer des accords de licence | élaborer des accords de licence | préparer les accords de licence,hard,autre_hard,ESCO,SKL_0a2f83248444
CANS_afbe69a6e59a,load film reels,charger des bobines de films,prepare film reels | load film reel | ready film reels | loading film reels,,hard,autre_hard,ESCO,SKL_9e8b3c7d6f0f
CANS_573f6c15a8bf,monitor developments in technology used for design,surveiller l’évolution d’une technologie utilisée en conception,monitor developments in technology used for designs | keep watch on developments in technology used for design | keep updated on developments in technology used for design | monitor developments in design technology | track developments in technology used for design | monitoring developments in technology used for design,,hard,developpement_conception,ESCO,SKL_78988824825a
CANS_0c6e6a230427,communicate with customers,communiquer avec des clients,provide customer service | supply customer service | respond to customer requests | respond to customers | engage with customers | help customers | assist customers | talk with customers | communicate with clients | interact with customers | interact with clients,,hard,reseau,ESCO,SKL_f66d4af78875
CANS_adf86e6b3a22,ICT network routing,routage de réseau,ICT network routing techniques | ICT network processes | ICT network routing processes | ICT network techniques,,hard,donnees_bdd,ESCO,SKL_93f80f560331
CANS_c632eddea3bd,internal risk management policy,politique de gestion interne des risques,risk management internal policy,système de gestion interne des risques | mesure de gestion interne des risques | procédure de gestion interne des risques | politique de gestion des risques | politique de contrôle interne des risques | processus de gestion interne des risques,hard,autre_hard,ESCO,SKL_6d0bdba7a8b1
CANS_eec25196f565,assess ICT knowledge,évaluer les connaissances en TIC,capture IT knowledge | capture ICT knowledge,acquérir des connaissances en TIC | capturer des connaissances en TI | capturer des connaissances en TIC | évaluer les connaissances relatives aux TIC | évaluer les connaissances en informatique | évaluer les connaissances informatiques,hard,autre_hard,ESCO,SKL_d00c0cbdf6af
CANS_7d654f42d717,translate requirement concepts into content,traduire les exigences en contenu,obey content guidelines | adhere to content guidelines | abide by content guidelines | observe content guidelines | comply with content guidelines | follow content guidelines,,hard,autre_hard,ESCO,SKL_f8b458719aec
CANS_b46b0d0b9e2f,Lisp,Lisp,Lisp software development principles | Lisp algorithms | Lisp software development techniques | Lisp programming paradigms | Lisp coding techniques,,hard,developpement_conception,ESCO,SKL_9cdd580294bf
CANS_cc30e78b9a18,identify customer requirements,identifier les exigences des clients,write research applications | gather and define user requirements | categorise customer requirements,,hard,autre_hard,ESCO,SKL_9486b1cb5a8f
CANS_80d45ff85d6d,manage schedule of tasks,gérer un planning de tâches,task scheduling | organise tasks | schedule tasks | organize tasks | task planning | assign and schedule tasks | task management | manage task scheduling | plan tasks | manage tasking,,hard,programmation,ESCO,SKL_621054dadc59
CANS_ec2ba675b14d,digital game genres,catégories de jeux numériques,mechanics of digital games,types de gameplay | catégorie de jeux numériques | genres de jeu numériques | catégories de jeux vidéo | mécanique de jeu vidéo | types de jeu vidéo | typologie des jeux vidéo,hard,autre_hard,ESCO,SKL_a2aeab830409
CANS_b819636e702d,analyse decentralised applications,analyse des applications décentralisées,analyse dApps,analyser les dApps,hard,developpement_conception,ESCO,SKL_9055dd908bdf
CANS_bbb39d0df897,building systems monitoring technology,technologie de contrôle des installations techniques des bâtiments,building monitoring systems | building M&E systems | HVAC systems | M&E systems | systems of building monitoring technology | lighting systems | building monitoring technology systems,,hard,autre_hard,ESCO,SKL_136d1d682b59
CANS_98fcc82e9988,transfer uncut audiovisual material to computer,transférer du matériel audiovisuel non découpé sur un ordinateur,transfer unclipped audiovisual material to computer | transfer unedited audiovisual material to computer | transfer audiovisual uncut material to computer | transfer to computer uncut audiovisual material,,hard,donnees_bdd,ESCO,SKL_dd10d1a829c9
CANS_b390c00459d2,write research proposals,rédiger des projets de recherche,write research applications,,hard,autre_hard,ESCO,SKL_5b3f38c82113
CANS_4ed84df41d0a,apply conflict management,appliquer la gestion des conflits,implement conflict management | administer conflict management | utilise conflict management | applying conflict management | conflict management application | employ conflict management | application of conflict management,,hard,autre_hard,ESCO,SKL_4fb65747edd3
CANS_8d0d9a749192,business requirements techniques,techniques d’analyse et de définition des besoins de l’entreprise,business requirements identification,,hard,autre_hard,ESCO,SKL_ed1c943a2742
CANS_fc3ecc93eb80,Informatica PowerCenter,Informatica PowerCenter,PowerCenter Informatica | Informatica Power Center,,hard,donnees_bdd,ESCO | ONET,SKL_59347ba99f49 | SKL_fa5408437768
CANS_365c05ec43b2,systems thinking,pensée systémique,systems thought | integrated thinking | system thinking | integration of thinking | integrate thinking,réflexion systémique,hard,developpement_conception,ESCO,SKL_b22bcd60a416
CANS_463fb030c746,Apache Tomcat,Apache Tomcat,Tomcat,,hard,developpement_conception,ESCO | ONET,SKL_81d5b505c80d | SKL_f6a26930269b
CANS_ddd422af043d,ethical hacking principles,évaluation de la sécurité des systèmes et produits informatiques,ethical hacking techniques,,hard,donnees_bdd,ESCO,SKL_ab670ca70003
CANS_b03e030052bb,software UI design patterns,schéma de conception d’interface utilisateur,software user interface design patterns | solutions for software user interface tasks | best practices for software user interface tasks | solutions for software UI tasks | software UI design best practices,,hard,developpement_conception,ESCO,SKL_658a393bd878
CANS_0ce5a962521a,sustainable technologies,technologies durables,alternative energy | clean energy | green technologies,énergies alternatives | technologies vertes | énergie alternative | énergie propre,hard,securite,ESCO,SKL_72d077beb76d
CANS_46ea592759f7,operate a camera,utiliser une caméra,use photographic or television equipment to capture moving images | use equipment to capture images | operating a camera | operate cameras,,hard,autre_hard,ESCO,SKL_37f09f38257b
CANS_3649ebc419da,Sass,Sass,Syntactically Awesome Stylesheets,,hard,donnees_bdd,ESCO,SKL_e09879137502
CANS_09aeef1fadfa,design cloud architecture,créer une architecture en nuage,design multi-tier cloud architecture | create cloud architecture | engineer cloud architecture,,hard,developpement_conception,ESCO,SKL_56358ec7d691
CANS_f49f21a983f2,establish an ICT security prevention plan,établir un plan de sécurité des TIC,,établir un plan de prévention de la sécurité des TIC,hard,developpement_conception,ESCO,SKL_b5cbafabb60c
CANS_0cfa4dd4c344,hardware platforms,plateformes matérielles,hardware configuration characteristics | hardware configuration requirements,,hard,developpement_conception,ESCO,SKL_b5bcb2fa8e6d
CANS_f853d4bdc925,identify suppliers,identifier les fournisseurs,monitor suppliers on the market | identify the suppliers | search for suppliers | research for suppliers | identify a supplier,choisir des fournisseurs | trouver des fournisseurs | sélectionner des fournisseurs,hard,autre_hard,ESCO,SKL_ae868395e7ed
CANS_92301e58d36e,computer forensics,criminalistique informatique,forensic IT | digital forensic investigation,,hard,autre_hard,ESCO,SKL_f14939dc09c4
CANS_9d4a0901366a,handle helpdesk problems,gérer les problèmes soumis au service d’assistance,deal with helpdesk problems | handle a helpdesk problem | handling helpdesk problems | solve helpdesk problems | support helpdesk problems | handling a helpdesk problem | administer helpdesk problems,,hard,developpement_conception,ESCO,SKL_3d8a8521327a
CANS_1f28b6464f49,marketing analytics,analyse marketing,marketing data analytics,analyse des données marketing,hard,autre_hard,ESCO,SKL_30e56678609f
CANS_ee048ece9f8d,information security strategy,stratégie de sécurité de l’information,InfoSec strategy,,hard,donnees_bdd,ESCO,SKL_2160823e5269
CANS_e2ac8afcb213,work with motion picture editing team,travailler avec une équipe de montage cinématographique,cooperate with the motion picture editing team | working with the motion picture editing team | work with the motion picture editing teams | collaborate with the motion picture editing team | co-operate with the motion picture editing team,,hard,autre_hard,ESCO,SKL_9286c6306295
CANS_9c48ea33d910,design interaction model,élaborer un modèle d’interaction,design virtual assistant skills | develop interaction model | design skills for interaction model,,hard,programmation,ESCO,SKL_bb50b52446d2
CANS_46b76362e33d,interactive media,médias interactifs,interactive multimedia,multimédia interactif,hard,autre_hard,ESCO,SKL_96a1e6b4ee57
CANS_97f2fdbe139e,manage technical resources stock,gérer un stock de ressources techniques,manage stock of technical resources | keep stock of technical resources | manage resources of technical stock | monitor stock of technical resources,,hard,autre_hard,ESCO,SKL_393a06e472af
CANS_0da41ca3da7d,Visual Basic,Visual Basic,VB.NET | .NET | Visual Studio .NET | Visual Studio | VB,Visual Studio .NET | VB | VB.NET,hard,developpement_conception,ESCO | ROME,SKL_3a73c9855494 | SKL_faa48d074cba
CANS_7c1dee8df13e,blockchain components,composants de la blockchain,blockchain | blockchain concepts,blockchain | notions de blockchain | concepts de blockchain,hard,donnees_bdd,ESCO,SKL_35c0fe31d3cc
CANS_da6c6ee25807,communicate in air traffic services,communiquer dans les services de la circulation aérienne,facilitate efficient communication in air traffic control | ensure efficient communication exchange in air traffic services | ensure efficient communication in ATS | implement efficient air traffic service communication procedures | facilitate effective communication in air traffic services | ensure effective communication in air traffic services | implement effective air traffic control communication exchange procedures | communicate with air traffic control | carry out effective air traffic communication procedures | ensure effective communication in ATS | ensure efficient communication in air traffic services | ensure efficient communication exchange in ATS,,hard,autre_hard,ESCO,SKL_252e8dfa3dbf
CANS_e774d9a9c821,business intelligence,informatique décisionnelle,business analytics | BI | business intelligence tools,,hard,autre_hard,ESCO,SKL_96926ab90fab
CANS_c614264d5627,Adobe Photoshop,Adobe Photoshop,Adobe Photoshop Elements | Adobe Photoshop CC,,hard,autre_hard,ESCO | ONET,SKL_203cac4010c0 | SKL_7688aa622488
CANS_c8faeffa8d08,implement ICT security policies,mettre en œuvre les politiques de sécurité des TIC,implementing computer network safety policies | implementing ICT safety policies | implement computer network safety policies | implement ICT safety policies | implement computer network security policies | apply on-line safety guidelines | ICT safety policies implementing | apply on-line security guidelines | on-line security guidelines applying | on-line safety guidelines applying,lignes directrices en matière de sécurité en ligne | directives de sécurité en ligne applicables | la mise en œuvre des politiques de sécurité des réseaux informatiques | mettre en œuvre des politiques en matière de sécurité des TIC | mise en œuvre des politiques en matière de sécurité des TIC | appliquer les lignes directrices en matière de sécurité en ligne | lignes directrices de sécurité en ligne | appliquer les consignes de sécurité en ligne | mettre en œuvre des politiques de sécurité des réseaux informatiques | la mise en œuvre des politiques en matière de sécurité des TIC | mise en œuvre des politiques de sécurité des TIC | mettre en œuvre des politiques de sécurité des TIC,hard,securite,ESCO,SKL_1a9765b43218
CANS_c1ee61831dac,IBM InfoSphere DataStage,IBM InfoSphere DataStage,Cognos Data Manager | InfoSphere DataStage MVS Edition | IBM InfoSphere DataStage Workgroup Edition,,hard,donnees_bdd,ESCO | ONET,SKL_6a7d20f9cd13 | SKL_ac28289e01c7
CANS_e364aa670efc,provide connected car solutions,fournir des solutions pour voitures connectées,deliver connected car solutions | supply connected vehicle solutions,fournir des solutions pour véhicules connectés | fournir des solutions de voiture connectée,hard,autre_hard,ESCO,SKL_5438553894f6
CANS_8fa7cafc7113,work ergonomically,travailler de façon ergonomique,plan an ergonomic work station | work in an ergonomic way | work to set up an ergonomic work station,,hard,autre_hard,ESCO,SKL_45e7eb8aec48
CANS_e05b657c6494,characteristics of products,caractéristiques des produits,product characteristics | characteristic of a product | qualities of products | components of products | characteristics of a product | aspects of products | attributes of products,,hard,autre_hard,ESCO,SKL_45d570f6033e
CANS_a6ef5728366d,operate the sound in the rehearsal studio,gérer le son dans le studio de répétition,operate sound | operate sound system | control sound system | control sound system for rehearsals | control the sound in the rehearsal studio | operate sound system for rehearsals,,hard,autre_hard,ESCO,SKL_ecd658ebb1d8
CANS_5911eb924677,web analytics,mesure de l’audience d’un site internet,,,hard,donnees_bdd,ESCO,SKL_77f91ccfa0fc
CANS_af75743a5da2,understand artistic concepts,comprendre des concepts artistiques,interpret artist's concept | use artistic concepts | understand an artist's concept | understand concepts of art,,hard,developpement_conception,ESCO,SKL_30384aa680c2
CANS_7eeecf3702ce,set up a multi-track recording,configurer un enregistrement multipiste,record music on multi-tracks | prepare a multi-track recording | set up a recording for a multi-track | setting up a multi-track recording,,hard,autre_hard,ESCO,SKL_5ec88e36b011
CANS_ea7bc768bddf,use e-services,utiliser les services en ligne,use online payment solutions | make use of e-services | use electronic services | engage in citizenship through digital technologies | able to use e-services | apply e-services | utilise e-services,s'engager dans la citoyenneté grâce aux technologies numériques | s’engager dans la citoyenneté au moyen des technologies numériques | utiliser des solutions de paiement en ligne | utiliser les services électroniques,hard,autre_hard,ESCO,SKL_91e44b7899ca
CANS_0264fc4ce0f6,mix multi-track recordings,Compiler des enregistrements multipistes,edit and mix sound recordings | mix multi-tracking recording | mixing multi-track recordings | edit and mix multi-track recordings,,hard,autre_hard,ESCO,SKL_627ef64a8554
CANS_5380ed7b44b2,utilise computer-aided software engineering tools,utiliser des outils de génie logiciel assisté par ordinateur,utilise CASE tools for software design | utilize CASE tools for software design | utilize computer-aided software engineering tools | utilise CASE tools | use CASE tools,,hard,programmation,ESCO,SKL_138d3c16c190
CANS_fa4011180486,screen reader,lecteur d’écran,assistive technology for reading | text-to-speech software,logiciel de synthèse vocale | technologie d'assistance à la lecture,hard,autre_hard,ESCO,SKL_86420149ed27
CANS_b6a9e9b1843f,defence standard procedures,procédures normalisées de défense,defence protocols | defence standard processes | defence standard technical procedures | defence standard methods | defence standard guidelines,,hard,autre_hard,ESCO,SKL_362baba5cb5a
CANS_633be2764197,conduct impact evaluation of ICT processes on business,effectuer une évaluation de l’impact des processus de TIC sur une entreprise,evaluate ICT process impact | carry out ICT process impact evaluation,,hard,autre_hard,ESCO,SKL_23352a87e7bc
CANS_1cf9bb963ddd,apply 3D imaging techniques,appliquer des techniques d’imagerie 3D,create 3D vector graphics | apply curve modelling | apply digital scuplting | edit point clouds | implement 3D imaging techniques,,hard,autre_hard,ESCO,SKL_d5ad7b48e431
CANS_ec2a3b6a7dc7,manage alarm system,gérer un système d’alarme,alarm device | intrusion detection system,gérer des systèmes d’alarme | contrôler un système d’alarme | assurer la gestion d’un système d’alarme | gérer un système d’alarme précoce | administrer un système d’alarme,hard,autre_hard,ESCO,SKL_851ecd42bd1c
CANS_2e6f4a708e5f,follow work schedule,respecter un planning de travail,implement work schedule | respect work schedule | obey work schedule | follow work schedules | following work schedule,,hard,autre_hard,ESCO,SKL_fc4eb9b88609
CANS_074ca8dca42e,use spreadsheets software,utiliser un logiciel de tableur,Google Sheets | PlanMaker | Gnumeric | OxygenOffice Professional Calc | ResolverOne | ThinkFree Office Calc | CellPro | Simple Spreadsheet | Corel Calculate | MS Excel | wikiCalc | Calligra Sheets | QT Calc Express | Lotus 1-2-3 | Quantrix Modeler | Dolphinity Planner | Kingsoft Spreadsheet | Sheetster | Accel Spreadsheet | LibreOffice Calc | Microsoft Office Excel | use spreadsheets program | IBM Lotus Symphony Spreadsheets | Household Budget Worksheet | design spreadsheets | Myrtle | Ability Office Spreadsheet | DhtmlxSpreadsheet | OOo4Kids Calc | Lotus Improv | Sphygmic Software Spreadsheet | Zoho Sheet,,hard,donnees_bdd,ESCO,SKL_0dd7f35929a5
CANS_6172cca00a97,Java (computer programming),Java (programmation informatique),Java 2 | Java 2 enterprise edition | Java,Java Posse | Javax | Java,hard,langage_ou_techno_nommee,ESCO | ROME,SKL_9fc5ffd462ae | SKL_e53528c84a2e
CANS_615d3ca6d63d,maintain information network hardware,entretenir le matériel d’un réseau d’information,maintaining information network hardware | maintain network hardware | keep information network hardware in good condition | oversee information network hardware | keep up information network hardware,,hard,autre_hard,ESCO,SKL_9956fe48da2c
CANS_29293c136a08,use a complex communication system,utiliser un système de communication complexe,use complex communication systems | employ a complex communication system | using a complex communication system | utilize a complex communication system,,hard,autre_hard,ESCO,SKL_81f56340845e
CANS_fa1434ae1721,creatively use digital technologies,utiliser des technologies numériques de façon créative,use digital technologies for cognitive tasks | use digital technologies for process innovation | use digital technologies for product innovation | use digital technologies to resolve conceptual problems | use digital technologies for problem-solving in digital environments,,hard,autre_hard,ESCO,SKL_c89ab40dad70
CANS_51e64b35bded,develop information standards,élaborer des normes d’information,develop standards for information | develop standards for information management | develop norms for information management | settle information standards | set information standards | set norms for information management,,hard,developpement_conception,ESCO,SKL_3942868ffc76
CANS_2a8943b8408d,use data processing techniques,utiliser des techniques de traitement des données,use a data processing technique | apply data processing technique | make use of data processing techniques | utilize data processing techniques | gather and analyse data,,hard,donnees_bdd,ESCO,SKL_4f28193013fe
CANS_80e0eda75323,MDX,MDX,MultiDimensional eXpressions,,hard,developpement_conception,ESCO,SKL_07fed61b3215
CANS_e497367810ad,information architecture,architecture de l’information,data architecture | information system design,,hard,donnees_bdd,ESCO,SKL_59ede493c1cb
CANS_c377d823f4ff,principles of animation,principes d’animation,kinematics | body motion animation principles | character animation | body motion technique | body motion animation techniques,,hard,autre_hard,ESCO,SKL_6ddd4cf3a709
CANS_ea314a4d3b4b,forecast organisational risks,prévoir des risques opérationnels,forecasting organisational risks | foresee organisational risks | forecast organizational risks | forecast organisational risk | predict organisational risks,,hard,autre_hard,ESCO,SKL_f4d0cefc6a44
CANS_f59c3d991e9f,cloud security and compliance,sécurité et conformité du nuage,cloud safety and compliance | cloud safety | cloud security | cloud compliance,,hard,donnees_bdd,ESCO,SKL_fa6cd7a6ceb9
CANS_e469a84c098d,run a projection,lancer une projection,project images | operate a projector and it's sources | run a digital projection | operate projection equipment,,hard,autre_hard,ESCO,SKL_a86eac762084
CANS_8d21d58d01c8,microwave principles,principes des micro-ondes,principles of microwave energy transmission,,hard,autre_hard,ESCO,SKL_96134f8f1812
CANS_97128861337f,battery management systems,système de gestion de la batterie,battery control systems | battery monitoring systems,systèmes de surveillance de batterie | systèmes de surveillance des batteries | systèmes de contrôle de batterie,hard,autre_hard,ESCO,SKL_47511c703fca
CANS_bfe07654ae59,OWASP ZAP,OWASP ZAP,OWASP Zed | OWASP Zed Attack Proxy,,hard,developpement_conception,ESCO,SKL_75fa31fda74f
CANS_effe2cb4d41e,solution deployment,déploiement de solutions,implementation of solutions | software solution deployment,,hard,donnees_bdd,ESCO,SKL_9ce640be2540
CANS_bdbaad20a965,ensure compliance with legal requirements,assurer le respect des exigences légales,ensure compliance with legislative regulations,assurer le respect des prescriptions légales | assurer le respect des règles légales | assurer la conformité aux exigences légales | garantir le respect des exigences légales | veiller au respect des exigences légales | respecter les exigences légales,hard,autre_hard,ESCO,SKL_36887aac680b
CANS_499e669f4697,perform risk analysis,effectuer une analyse de risque,perform a risk analysis | risk analysis performance | implement risk analysis | finish risk analysis | performing a risk analysis | complete risk analysis | undertake risk analysis,,hard,autre_hard,ESCO,SKL_1d913cbdf27e
CANS_3ede7467505e,Drupal,Drupal,Drupal web platform | Drupal CMS | Drupal content management system,,hard,developpement_conception,ESCO | ONET,SKL_5d765b95544c | SKL_90e1825353a2
CANS_fa99c33be64f,interpret current data,interpréter des données actuelles,examine current data,,hard,developpement_conception,ESCO,SKL_2246c5ebfabc
CANS_ae6c46283dd6,manage changes in ICT system,gérer les changements dans un système de TIC,ICT system upgrade,anticiper les changements dans un système d’information et de communication | gérer les changements dans un système | gérer les changements dans un système informatisé | mettre à niveau un système d’information et de communication | gérer les changements dans un système informatique | faire face aux changements dans un système d’information et de communication,hard,autre_hard,ESCO,SKL_f777a42c8a7a
CANS_8a20b8554c89,safeguard artistic quality of performance,préserver la qualité artistique d’un spectacle,safeguard quality of artistic performance | observe the show and maintain the artistic quality | watch the show and ensure artistic quality | safeguard the performances' artistic quality,,hard,developpement_conception,ESCO,SKL_263cd844d73a
CANS_7872cf354817,identify blockchain innovation opportunities,recenser les possibilités d’innovation liées à la technologie de la blockchain,use blockchain to drive innovation | analyse blockchain-based business innovation,utiliser la blockchain pour stimuler l'innovation,hard,autre_hard,ESCO,SKL_20a60ab6f508
CANS_521de1ce2934,lead a team,diriger une équipe,leading a team | direct a team | lead teams | supervise a group of people,,hard,autre_hard,ESCO,SKL_ea666a1315e9
CANS_be59ab3968e1,check methods,méthodes d’investigation,checking methods | check method | investigation techniques | investigation approaches,,hard,autre_hard,ESCO,SKL_7e07fb258726
CANS_22dc29c560b2,Angular,Angular,Angular related algorithms | testing in Angular | programming paradigms in Angular | coding in Angular | Angular techniques and principles,,hard,langage_ou_techno_nommee,ESCO,SKL_22a187393619
CANS_008dfa948541,compose digital game story,écrire l’histoire d’un jeu numérique,write digital game story,raconter l’histoire d’un jeu vidéo | écrire le récit d’un jeu numérique | rédiger l’histoire d’un jeu vidéo | concevoir l’histoire d’un jeu vidéo | créer l’histoire d’un jeu vidéo | écrire l’histoire d’un jeu vidéo,hard,autre_hard,ESCO,SKL_e08d0e304efc
CANS_0b5bd6b06fc1,engineering principles,principes d’ingénierie,engineering fieldwork principles | engineering work principles | engineering research principles | engineering principle | engineering analysis principles | engineering application principles | engineering studies principles,,hard,autre_hard,ESCO,SKL_42c8f4b09db4
CANS_f23a588d9210,interact professionally in research and professional environments,Interagir professionnellement dans des environnements de recherche et professionnels,give feedback in a professional setting | interact appropriately in research and professional spheres | receive feedback in a professional setting | interact considerately in research and professional spheres | show collegiality in research and professional environments,,hard,autre_hard,ESCO,SKL_a1c8e261b079
CANS_f67c90e0276e,set up sound equipment,mettre en place un équipement sonore,set up sound gear | set up sound apparatus | set up sound devices | set up sound instruments | setting up sound equipment,,hard,autre_hard,ESCO,SKL_a6ec38a87c43
CANS_70fcc745b04f,keep up with the latest information systems solutions,suivre les évolutions en matière de solutions de systèmes d’information,keep up with the latest information systems,suivre les solutions les plus modernes en systèmes d’information | rester au fait des dernières solutions en systèmes d’information | être au courant des dernières solutions en systèmes d’information | s’informer des dernières solutions en systèmes d’information | suivre les nouvelles solutions en systèmes d’information,hard,developpement_conception,ESCO,SKL_d4b8526448d7
CANS_877794eb88e8,design computer network,concevoir un réseau informatique,design LAN | design wide area network | design WAN | design local area network,,hard,developpement_conception,ESCO,SKL_008e59920331
CANS_0db736549472,cryptocurrency,cryptomonnaie,crypto | digital currency,monnaie électronique (actif numérique) | monnaie numérique | crypto,hard,autre_hard,ESCO,SKL_5659d789c9de
CANS_f504434726ef,embedded systems,systèmes embarqués,embedded systems software architectures | embedded software,systèmes informatiques embarqués | systèmes électroniques et informatiques | architecture logicielle des systèmes intégrés | système embarqué | systèmes électroniques et informatiques autonomes | systèmes intégrés,hard,autre_hard,ESCO,SKL_1d9be898b4cf
CANS_93bc6a3006ca,manage budgets,gérer les budgets,budget set costs | approximate set costs | estimate set costs | manage operation budgets | oversee operational budgets | handle operational budgets | maintain operational budgets | manage operational budget,coûts fixés dans le budget | superviser les budgets opérationnels | gérer les budgets opérationnels | gérer les budgets d'exploitation | budget fixé des coûts | gérer le budget opérationnel,hard,autre_hard,ESCO,SKL_15d6003a68bc
CANS_a5fff6044484,computer programming,programmation informatique,GCC | Ada | ALGOL | Visual Basic .NET | Visual Basic | HyperTalk | AppleScript | Ceylon | LabVIEW | Euphoria | Subversion | OCaml | PL/I | MSVC++ | Dylan | AspectJ | Korn-shell | STL | Io | Hack | Turing | Object Pascal | Curl | DIBOL | cT | KnockoutJS | bash | Seed7 | Emacs Lisp | OpenCV | Rebol | Lua | BCPL | ActionScript | C shell | AWK | INTERCAL | COMAL | PowerShell | occam | Fantom | Caml | Z shell | Tcl | Squirrel-script | IDL | Gosu | Fortran | X10 | AngularJS | REXX | BizTalk | ColdFusion | PostScript | TACL,,hard,developpement_conception,ESCO,SKL_59c64ba70b70
CANS_531a750ed7a4,broadcast equipment,matériel de télé- ou radiodiffusion,broadcast devices | broadcast instruments | broadcast gear | broadcasting equipment | broadcast apparatus,,hard,autre_hard,ESCO,SKL_6374fdea41cb
CANS_2a755e7d6e49,product life-cycle,cycle de vie d’un produit,stages of the product life cycle,,hard,autre_hard,ESCO,SKL_43d293ac99a8
CANS_d80410acbc3b,create project specifications,définir les spécifications d’un projet,determine project specifications | produce detailed specifications for projects,,hard,developpement_conception,ESCO,SKL_7ac1f1abe404
CANS_28cd2975f8d9,maintain relationship with customers,entretenir des relations avec des clients,maintain a relationship with customers | sustain relationship with customers | manage relationship with customers | control relationship with customers | preserve relationship with customers | maintain relationships with customers | maintain a relationship with a customer,,hard,reseau,ESCO,SKL_bd3dc9b1b19e
CANS_f21a1b0a2dce,set quality assurance objectives,fixer des objectifs d’assurance qualité,develop quality assurance framework | set QA objectives | set QC objectives | develop quality control framework | set QA/QC objectives | develop QC framework | set quality control objectives | develop QA framework,fixer des objectifs en matière d’assurance qualité | fixer des objectifs de contrôle de la qualité | fixer des objectifs AQ/CQ | fixer des objectifs AQ | développer un cadre d’assurance qualité | fixer des objectifs d’assurance de la qualité et de contrôle de la qualité,hard,developpement_conception,ESCO,SKL_c6719c43f07e
CANS_fb5cbe785a13,use presentation software,utiliser un logiciel de présentation,Kingsoft Office Presentation | Corel Presentations | using presentation software | Slide Bureau | make use of presentation software | CustomShow | SnagIt | Adobe Persuation | Preseria | Haiku Deck | Google Slides | Adobe Ovation | LibreOffice Impress | Evernote Presentations | Prezi | ClearSlide | Emaze | SlideShare | VisualBee | MediaShout | SlideDog | able to use presentation software | Slideshark | produce electronic presentations | utilise presentation software | Microsoft Office PowerPoint | apply presentation software | use presentation program | Articulate Presenter | Powtoon | GoAnimate | KnowledgeVision | Kineticast | use slide show software,,hard,autre_hard,ESCO,SKL_d4b77317c825
CANS_a541b8d9eda8,Oracle Warehouse Builder,Oracle Warehouse Builder,OWB,,hard,donnees_bdd,ESCO | ONET,SKL_07c23e17b71c | SKL_dcb2d53be420
CANS_97f969dac89a,monitor developments in field of expertise,suivre les avancées dans un domaine d’expertise,keep up with developments in field of expertise | track developments in field of expertise | monitors developments in field of expertise | monitor developments in fields of expertise | follow developments in field of expertise | monitoring developments in field of expertise | stay abreast of developments in field of expertise,,hard,developpement_conception,ESCO,SKL_f64c2563ef6a
CANS_8fa19a578e78,interfacing techniques,techniques d’interface,interface design techniques,,hard,autre_hard,ESCO,SKL_379bf96d5682
CANS_0dff4b940ce0,consult with production director,consulter le directeur de production,seek advice from the director | consulting the director | consult with the director | consult with the director and production team | consult with the production director,,hard,autre_hard,ESCO,SKL_a9ac2fb5749d
CANS_8e5e4477493a,create incident reports,rédiger des rapports d’incidents,creating incident reports | incident report creation | creation of incident reports | completing accident report | incident reports creation | complete accident report | accident report completion | completion of accident report,,hard,autre_hard,ESCO,SKL_cf37addf3a96
CANS_7401a948ca0b,software architecture models,modèles d’architecture logicielle,software architecture patterns | software architecture frameworks,,hard,autre_hard,ESCO,SKL_dedf1948afc3
CANS_313288b2efa5,define technology strategy,définir une stratégie technologique,develop technological improvement strategies,,hard,developpement_conception,ESCO,SKL_b4bbfe5755b9
CANS_2eeec0c10bc2,software frameworks,cadres logiciels,software engineering frameworks,,hard,developpement_conception,ESCO,SKL_5f7aa564dfb2
CANS_14fdc8efdf1e,set up portable field transmission equipment,mettre en place un équipement de transmission mobile portable,setting up field transmission equipment | mount field transmission l equipment | assemble field transmission equipment | prepare field transmission equipment,,hard,autre_hard,ESCO,SKL_19432d907934
CANS_cc71b34d458d,decentralized application frameworks,cadres d’applications décentralisées,decentralized applications on blockchain infrastructure | decentralized software characteristics | decentralized software frameworks,,hard,developpement_conception,ESCO,SKL_4b1e0bbd899c
CANS_c5862ab98960,debug software,déboguer un logiciel,analyse testing results for incorrect software output | locate defects causing unexpected software output | repair computer code for software | fix computer code for software,,hard,programmation,ESCO,SKL_c2ce930d35e3
CANS_fc9194b9dbb5,develop drama production process,élaborer un processus de production théâtrale,develop process for drama production | create dramatic production process | develop dramatic production process | create process for dramatic production,,hard,developpement_conception,ESCO,SKL_3d33fd9357b8
CANS_9203f33f8a28,audio post-production,post-production audio,sound post-production | post-production of audio,postproduction audio,hard,autre_hard,ESCO,SKL_8751a0dc5b3e
CANS_a9ad4b7cd8e1,use concurrent programming,utiliser la programmation concurrente,parallel computing | use parallel computing,recourir à la programmation concurrente | utiliser la programmation parallèle | faire usage de la programmation concurrente | employer la programmation concurrente | utiliser programmation concurrente,hard,programmation,ESCO,SKL_1e60c0a605d3
CANS_bb0cd201d045,model based system engineering,ingénierie des systèmes basée sur des modèles,MBSE methodology | MBSE | model based system engineering methodology,,hard,autre_hard,ESCO,SKL_139c1ba8356c
CANS_d16cae4f59e4,data mining,exploration de données,data scraping,,hard,donnees_bdd,ESCO,SKL_18b153db615d
CANS_265c58dbfc15,cognitive psychology,psychologie cognitive,human cognitive psychology,,hard,autre_hard,ESCO,SKL_c6689c05585a
CANS_9aa912321571,provide technical documentation,fournir une documentation technique,prepare technical documentation | provide documents | document the product life cycle | provide manufacturing documentation | provide documentation | prepare and distribute documentation | compile and hand out documentation,fournir la documentation | fournir des documents,hard,autre_hard,ESCO,SKL_ef6255a7308a
CANS_8486e010c7e2,acoustics,acoustique,understand acoustics | acoustic sounds | knowledge of acoustics | sounds | amplification | hearing | noises,,hard,autre_hard,ESCO,SKL_9a3f73fe0e5c
CANS_dd6828f9a7e6,behavioural science,sciences du comportement,behavioral research | study of human behavior | psychology of behavior,,hard,autre_hard,ESCO,SKL_a2b051fbd22d
CANS_9559bac81286,attend to detail in preparation for audits,soigner les détails en vue des audits,secure continuous preparedness for audits | establish continuous preparedness for audits | ensure continuous preparedness for audits | assure continuous preparedness for audits | ensure continuous preparedness for an audit | ensure continuous preparation for audits | maintain continuous preparedness for audits,assurer une conformité permanente facilitant les audits,hard,autre_hard,ESCO,SKL_a62c8a265ae4
CANS_ff581b65efa1,solder electronics,souder de l’électronique,use soldering equipment | use soldering iron | operate soldering equipment | use soldering gun,utiliser des instruments de soudage | utiliser un pistolet de soudure | utiliser un fer à souder | souder du matériel électronique | assembler des composants électroniques | souder des composants électroniques,hard,autre_hard,ESCO,SKL_7d2e0b1b6b4d
CANS_a5148f8b53d5,LESS,LESS,LESS language,,hard,donnees_bdd,ESCO,SKL_db90b8d9d02a
CANS_0b4b1c1cf592,develop an artistic framework,créer un cadre artistique,develop artistic research framework | develop an artistic research framework | create a research framework plan | create a plan for artistic research | produce artistic framework | develop a framework for artistic research | develop artistic frameworks | create artistic framework | generate artistic framework | developing artistic framework,,hard,developpement_conception,ESCO,SKL_de288f29553a
CANS_b17944a88858,Adobe Illustrator,Adobe Illustrator,Adobe Illustrator CC,,hard,autre_hard,ESCO | ONET,SKL_30ff76503288 | SKL_8cca783b7e18
CANS_0dbcf98ff16b,perform business analysis,effectuer l'analyse d'une entreprise,undertake business analysis | performing business analysis | perform analysis of a business | perform a business analysis | implement business analysis | complete business analysis,,hard,autre_hard,ESCO,SKL_90c7e2eeaba0
CANS_737d3e2b3c2f,analyse music score,analyser une partition musicale,scrutinize | study score | analyse scores | inspect score | review score | examine score,analyser le score | analyser les partitions musicales,hard,donnees_bdd,ESCO,SKL_6e0605059663
CANS_77802f413f34,provide ICT consulting advice,fournir des conseils en TIC,provide advice in consulting | provide IT consulting advice,dispenser des conseils en TIC | prodiguer des conseils en TIC | proposer des services de consultation en TIC | fournir des services de consultation en TIC,hard,developpement_conception,ESCO,SKL_e0406f8bed59
CANS_5432ebc8badc,align software with system architectures,aligner le logiciel sur l’architecture du système,integrate software into system frameworks | harmonise software with system architectures | coordinate software with architectural structures,,hard,autre_hard,ESCO,SKL_a9effbb722ab
CANS_711131490732,Nessus,Nessus,Nessus Vulnerability Scanner,,hard,developpement_conception,ESCO,SKL_af0f4e78c7a3
CANS_78801016c0d1,perform forensic preservations of digital devices,assurer la préservation légale des appareils numériques,conduct forensic preservations of digital devices,,hard,donnees_bdd,ESCO,SKL_d1ef15b0a358
CANS_5f6cb18cd5c1,conduct content quality assurance,effectuer un contrôle de la qualité du contenu,implement content quality control | perform quantent quality assessment,,hard,autre_hard,ESCO,SKL_701fcbf5fa2c
CANS_9b9bdcfb7813,blockchain architecture,architecture de la blockchain,blockchain structure,structure de la blockchain | structure de la chaîne de blocs,hard,donnees_bdd,ESCO,SKL_e1b206f3f66e
CANS_664c8bc3eae9,musical instruments,instruments de musique,instruments for music | music devices | musical tools | music instruments,,hard,autre_hard,ESCO,SKL_100772f1588f
CANS_16ce173d35e8,manage database,gérer une base de données,implement database theory,constituer une base de données | administrer une base de données | gérer des bases de données | administrer le système de gestion de la base de données | gérer la base de données | développer une base de données,hard,autre_hard,ESCO,SKL_929f2bc40d7c
CANS_d669de538d2d,manage system security,gérer la sécurité du système,manage information security,gérer un système de détection d’intrusion | gérer la sécurité de l’information | appliquer des techniques de gestion de la sécurité | assurer la sécurité du système | protéger un système | gérer la sécurité du système informatique | garantir la sécurité du système,hard,securite,ESCO,SKL_16afd0438ee4
CANS_6a9176d42aaf,check film reels,vérifier des bobines de film,checking film reels | verify film reels | prepare film reels | check film reel,,hard,autre_hard,ESCO,SKL_b5f9e8033714
CANS_577daf25d16e,disseminate results to the scientific community,diffuser des résultats à la communauté scientifique,disseminate scientific results | disclose scientific results | disclose findings of scientific research | disseminate findings of scientific research | disseminate results of scientific research,,hard,autre_hard,ESCO,SKL_fa86dc413a7c
CANS_634f76059a09,operate open source software,mettre au point des logiciels libres,know open-source software licensing schemes | know open-source software coding practices | know open-source licensing schemes | know open-source coding practices | manage open-source software,,hard,programmation,ESCO,SKL_14a0542ac51a
CANS_081017188e84,use software design patterns,utiliser des patrons de conception,use programming design patterns | utilise software design patterns,faire usage des patrons de conception | utiliser des patrons de programmation | ajouter des patrons de conception | utiliser des design pattern | employer des patrons de conception | utiliser des patrons d’architecture,hard,developpement_conception,ESCO,SKL_4da81ba8fc0e
CANS_fa9c74fb4083,perform data analysis,effectuer une analyse de données,analyse data performance | perform analysis of data | implement data analysis | performing data analysis | undertake data analysis | complete data analysis,,hard,donnees_bdd,ESCO,SKL_25518c6e74b0
CANS_503c554cb4fe,Prolog (computer programming),Prolog (programmation informatique),Prolog,,hard,developpement_conception,ESCO | ONET,SKL_a5bd02f3490e | SKL_f0d0c80eb6eb
CANS_ac09c2edc485,design process,processus de conception,design-to-cost process | process design,processus de création | procédé de conception | démarche de conception | phase de conception | conception du processus,hard,developpement_conception,ESCO,SKL_d8365db0bf51
CANS_74b249321d13,use logic programming,utiliser la programmation logique,utilise ICT tools for logic programming | use Datalog for logic programming | employ Answer Set Programming | employ ICT tools for logic programming | use Prolog for logic programming,,hard,programmation,ESCO,SKL_3887cab28790
CANS_713f51f60556,monitor sociological trends,surveiller des tendances sociologiques,investigate sociological movements | monitor social trends | monitor trends sociologically | observe sociological patterns,,hard,autre_hard,ESCO,SKL_c2d63f4be228
CANS_7eed28445a03,translate requirements into visual design,traduire les exigences en conception visuelle,develop visual design from given specifications | develop visual design concepts based on target audience | develop visual design based on target audience | translate requirement concepts into visual design | develop visual design concepts from given specifications,,hard,developpement_conception,ESCO,SKL_a06ae49b7664
CANS_b0f2c9801d97,establish data processes,créer des traitements de données,develop data processes | implement data processes,mettre en place des traitements de données | mettre au point des traitements de données | établir des traitements de données | concevoir des traitements de données | développer des traitements de données | gérer des traitements de données,hard,donnees_bdd,ESCO,SKL_cdbdc2d82920
CANS_f87f848265bb,ICT network security risks,risques de sécurité des réseaux de TIC,ICT network security threats | information systems security risks,,hard,donnees_bdd,ESCO,SKL_ab0615922027
CANS_aabc04a07fdc,speak different languages,parler plusieurs langues,speak foreign languages | communicate in multiple languages | speak a different language,,hard,autre_hard,ESCO,SKL_083a16a42745
CANS_dd1d8e012e22,Octopus Deploy,Octopus Deploy,Octopus Deploy software program,,hard,developpement_conception,ESCO,SKL_74a301540229
CANS_3742f42d3c00,innovation processes,processus d’innovation,process of innovation,,hard,autre_hard,ESCO,SKL_a186ecb91e42
CANS_2503d251918d,OpenEdge Advanced Business Language,OpenEdge Advanced Business Language,OpenEdge Advanced Business Language techniques,,hard,developpement_conception,ESCO,SKL_e83ea15281a7
CANS_490405f8a4d8,create concept of digital game,créer un concept de jeu numérique,design concepts of digital games,,hard,developpement_conception,ESCO,SKL_fe3854279608
CANS_b395ca70097e,support audio system installation,aider à l'installation d'un système audio,support technical audio system | support installation of audio system | offer back-up of audio system installation,,hard,programmation,ESCO,SKL_c525ff01d905
CANS_d828c43dd64e,execute analytical mathematical calculations,exécuter des calculs mathématiques et analytiques,apply analytical mathematical methods,,hard,autre_hard,ESCO,SKL_b1aa4a266780
CANS_9dca14589ec3,set up multimedia equipment,mettre en place du matériel multimédia,assemble multimedia equipment | multimedia equipment set up | construct multimedia equipment | erect multimedia equipment | arrange multimedia equipment | setting up multimedia equipment | setting up of multimedia equipment,,hard,autre_hard,ESCO,SKL_8fe62404bf31
CANS_f87d0c14761c,procurement of ICT network equipment,fourniture d’équipement de réseau TIC,network equipment vendors | NEC | Alcatel-Lucent | Ericsson | Juniper Networks | Avaya | Ciena,fournisseurs d’équipement de réseau | fourniture d’équipements réseaux | acquisition d’équipement de réseau informatique | acquisition de matériel de réseau informatique | fourniture de matériel réseau,hard,donnees_bdd,ESCO,SKL_0de1bcfc9fd2
CANS_dcb129cfa69c,present evidence,présenter des preuves,confer testimony | confer evidence | tender evidence | provide testimony | provide evidence | give testimony | tender testimony | give evidence,,hard,autre_hard,ESCO,SKL_40ecf692a0cf
CANS_e7ae5cb281ee,documentation types,types de documentation,documentation types of product life cycle | internal documentation types of product life cycle | internal documentation types | technical documentation types | external documentation types,,hard,autre_hard,ESCO,SKL_0d4bdda614bd
CANS_ff504f0da3ab,transpose music,transposer de la musique,translate music into different key | transfer music into alternate key | transposing music,,hard,autre_hard,ESCO,SKL_3ff4df2f4b2b
CANS_0778bba2fb93,troubleshoot,effectuer un dépannage,troubleshoot problems | deal with problems | troubleshooting | identify problems | identifying problems | perform troubleshooting,,hard,developpement_conception,ESCO,SKL_e3c6c843b14b
CANS_c1c8edf3cffb,manage staff,gérer le personnel,supervise staff | coordinate and monitor employees | undertake HR processes | supervise personnel | implement HR actions | supervise employees | perform HR | conduct HR activities | manage personnel | manage subordinates | manage team | manage employees | coordinate and monitor subordinates | coordinate and monitor staff,,hard,autre_hard,ESCO,SKL_c6b378206477
CANS_0cb38c70bbf7,protect personal data and privacy,protéger des données à caractère personnel et la vie privée,protect online privacy and identity | review online privacy settings | take action to ensure online privacy | safeguard online identity and privacy | protect digital privacy | protect digital identity | safeguarding online privacy and identity | safeguard online privacy and identity | keep online privacy and identity secure | defend online privacy and identity | safeguard online privacy and identities,,hard,donnees_bdd,ESCO,SKL_109edeaf36eb
CANS_bba44f9f9a3a,iterative development,développement par itérations,iterative development methodology,,hard,developpement_conception,ESCO,SKL_9b5244fd7e00
CANS_4f7e565d9edf,social network analysis,analyse des réseaux sociaux,social network analysis methods,méthodes d'analyse des réseaux sociaux,hard,programmation,ESCO,SKL_885950a12687
CANS_6d20fa14c76d,digital identity management,gestion de l’identité numérique,IAM | digital identity methods,méthodes d'identité numérique | méthodes d’identité numérique | IAM,hard,donnees_bdd,ESCO,SKL_27d3d9fa396a
CANS_55d7e4a8f232,monitor mixing in a live situation,surveiller le mixage dans une situation en direct,monitor mixing in live situations | oversee mixing in a live situation | monitoring mixing in a live situation | control mixing in a live situation | monitor live situation mixing,,hard,autre_hard,ESCO,SKL_c47130b92816
CANS_07b4e7cb1af4,visual presentation techniques,techniques de présentation visuelle,Infoviz | information visualisation | visualization interface | Infovis | information visualization,technique de présentation visuelle | visualisation d’informations | interface de visualisation | Infovis Toolkit | InfoVis | technique de présentation vidéo et visuelle,hard,autre_hard,ESCO,SKL_5e1feca357b2
CANS_6c0d83d643af,prevent undesired changes to sound design,empêcher les modifications involontaires d'une conception sonore,prevent undesired changes to sound balance | prevent sound designs from undergoing undesired changes | prevent undesired changes to design in sound | manage maintenance according to sound design,,hard,autre_hard,ESCO,SKL_9ffecfc0523b
CANS_998bee2d33b0,develop information security strategy,développer une stratégie de sécurité de l’information,define information security approach | define information security strategy,,hard,donnees_bdd,ESCO,SKL_42b850072160
CANS_fb3123822f48,execute email marketing,faire du marketing par courrier électronique,enact email marketing | email marketing execution | undertake email marketing | achieve email marketing | carry out email marketing | executing email marketing | execution of email marketing,,hard,autre_hard,ESCO,SKL_a1e6b80efe9e
CANS_ce14fc223f17,assess power needs,évaluer les besoins d'électricité,assessing power needs | evaluate power needs | determine power needs | assess power need,,hard,autre_hard,ESCO,SKL_41d06494b816
CANS_d9af9d95c309,advise on strengthening security,donner des conseils en matière de renforcement de la sécurité,advise on security strengthening | give advice on strengthening security | advising on strengthening security | make recommendations on strengthening security | advise on improving security | offer suggestions on strengthening security,,hard,securite,ESCO,SKL_54a4b95de040
CANS_8010a2f5f95e,advise on safety improvements,donner des conseils sur l'amélioration de la sécurité,provide recommendations to improve safety | make recommendations for safety improvements | provide advice on safety improvements | consider and develop recommendations to improve safety | improve safety by providing advice and recommendations | advise on health and safety improvements | recommend safety improvements | develop safety recommendations,,hard,autre_hard,ESCO,SKL_a8cf2d536f2f
CANS_c5d02ae8629c,manufacturing processes,procédés de fabrication,a manufacturing process | manufacturing measures | manufacturing process | manufacturing procedures | process of manufacturing | manufacturing system | manufacturing mechanisms,,hard,autre_hard,ESCO,SKL_6cec95e32dc0
CANS_d82882db0656,apply tools for content development,appliquer des outils de développement de contenu,use terminology management tools | use content development tools | use translation memory systems | use language checkers | use language editing tools,,hard,autre_hard,ESCO,SKL_ad7a7100bf74
CANS_44e73f453cdd,define security policies,définir les politiques de sécurité,plan and implement security policies | design and implement security policies,,hard,developpement_conception,ESCO,SKL_c3f4e7eee5b0
CANS_30692c3cf214,apply statistical analysis techniques,appliquer des techniques d’analyse statistique,apply numerical analysis to data | apply JMP statistical analysis techniques | apply minitab statistical analysis techniques,appliquer des méthodes d’analyse statistique | appliquer des techniques statistiques | employer des techniques d’analyse statistique | mettre en pratique des techniques d’analyse statistique | appliquer une technique d’analyse statistique | mettre en œuvre des techniques d’analyse statistique,hard,donnees_bdd,ESCO,SKL_d4f9396de51d
CANS_59a2188c7f69,photography,photographie,picture taking | shooting,,hard,autre_hard,ESCO,SKL_c0bcabaa97f8
CANS_f4f2e74f48f3,provide user documentation,fournir la documentation utilisateur,develop user documentation,,hard,autre_hard,ESCO,SKL_eed64f813250
CANS_7fde3c9c8c47,maintain electrical equipment,entretenir des équipements électriques,test electrical equipment | maintaining electrical equipment | test and maintain power supply | maintain electric equipment,,hard,autre_hard,ESCO,SKL_2260910f563a
CANS_29c88e30e06b,do cloud refactoring,procéder à la reprogrammation de l’informatique en nuage,optimise cloud services | perform cloud refactoring | optimise cloud features | refactor cloud services | do cloud features refactoring,,hard,programmation,ESCO,SKL_88e58a1e2200
CANS_698ac60db2e1,consultation methods,méthodes de consultation,consultation techniques | means of consultation | methods of consultation | techniques for consultation | methods for consultation,,hard,autre_hard,ESCO,SKL_4f9e7caf5aed
CANS_365189f974fc,build predictive models,construire des modèles prédictifs,devise predictive models | assemble predictive models | building predictive models | construct predictive models | build a predictive model | produce predictive models | building a predictive model,,hard,autre_hard,ESCO,SKL_60f44085f999
CANS_2ec7695ae83f,knowledge base,base de connaissances,IT knowledge base,base de connaissances informatiques,hard,donnees_bdd,ESCO,SKL_ed12c1daf339
CANS_14a3db4f7276,optics,optique,study of light | study of optics | research of optics,,hard,autre_hard,ESCO,SKL_5967f2c71f98
CANS_880328c1bc01,analyse the scenography,analyser la scénographie,analyze the scenography | analyse scenic design | analyse the scenes | analyse the stage scenery,,hard,autre_hard,ESCO,SKL_d248feca446a
CANS_dd6132b6fb2c,digital systems,systèmes numériques,digital information systems,systèmes d'information numériques | Système numérique,hard,programmation,ESCO | ROME,SKL_b96c20144c58 | SKL_eababd164e1d
CANS_63957e94e65a,run a media server,utiliser un serveur média,run a server for the media | carry out planned installation of media system | running media servers | operate a media server,,hard,autre_hard,ESCO,SKL_931bbc3201f1
CANS_1b18c497260a,ensure safety of mobile electrical systems,assurer la sécurité de systèmes électriques mobiles,ensure safety of electrical mobile systems | work safely with electricity | work safely with a mobile electrical system independently | work safely and independently with mobile electrical system to support the arts | ensure safety of systems that are mobile and electrical | ensure safety of cell phone electrical systems,,hard,autre_hard,ESCO,SKL_9ecbc6ecc5c0
CANS_43babb7c6dee,evaluate research activities,évaluer des activités de recherche,perform scholarly peer review | assess research results | assess research methodology,,hard,autre_hard,ESCO,SKL_62bde1fe53e2
CANS_ffda3c426cc2,explain blockchain implications,expliquer les implications de la technologie de la blockchain,analyse the implications of blockchain for governance | explain practical implications of blockchain,expliquer les implications pratiques de la blockchain | analyser les implications de la blockchain pour la gouvernance,hard,autre_hard,ESCO,SKL_20b3a1bd4b37
CANS_3479d0cd3364,perform quality control of design during a run,assurer le contrôle de la qualité de la conception au cours d’une prestation,verify design quality during a run | perform quality control during a design run | perform design quality control during a run | carry out quality checks during a run,,hard,autre_hard,ESCO,SKL_2d3969d11339
CANS_5dabef069066,machine learning,apprentissage automatique,ML | supervised learning | machine learning models | semi-supervised learning | unsupervised learning,Machine Learning,hard,autre_hard,ESCO | ROME,SKL_4e7c58b3887f | SKL_7f91d7bb9892
CANS_0b750d349104,organisational policies,stratégies d’organisation,corporate policies | corporate regulations | organisational standards | organisational guidelines | institutional policies,,hard,autre_hard,ESCO,SKL_5858f8aaf75f
CANS_122495d3f2e3,Oracle Data Integrator,Oracle Data Integrator,ODI,,hard,donnees_bdd,ESCO | ONET,SKL_73f840d928fa | SKL_c20544c221a8
CANS_1c10756f8201,quality and cycle time optimisation,optimisation de la qualité et de la durée des cycles,quality and cycle time upturn | quality and cycle time development | quality and cycle time expansion | quality and cycle time optimization | quality and cycle time escalation | improvement and rotational timescale expansion | improvement and rotational timescale upturn | improvement and rotational timescale development | improvement and rotational timescale escalation,,hard,autre_hard,ESCO,SKL_4bb3978838d6
CANS_6454fd41fdbd,create software design,concevoir un logiciel,create application design,créer le modèle d’un logiciel | imaginer un logiciel | créer le design d’un logiciel | concevoir le logiciel | concevoir des logiciels | développer un logiciel,hard,developpement_conception,ESCO,SKL_d59c1c655f17
CANS_e42310bdef57,ICT quality policy,politique de qualité des TIC,ICT quality control,,hard,autre_hard,ESCO,SKL_c1394cfd59bd
CANS_f6a35de19576,distributed ledger technology,principes de la technologie des registres distribués,principles of distributed ledger technology,,hard,autre_hard,ESCO,SKL_afd4128fb784
CANS_1ae11ac37f0e,apply change management,appliquer la gestion du changement,utilise change management | alter management | rework management | apply changing management | change management application | administer change management | revise management | implement change management | change management | employ change management | applying change management,,hard,autre_hard,ESCO,SKL_cbd97a2e6290
CANS_913abfa394e3,use specialised design software,utiliser un logiciel de conception spécialisé,use specialized design software | using specialised design software | work with specialised design software | utilize specialised design software,,hard,developpement_conception,ESCO,SKL_e6b93c2027dd
CANS_6be8d08acf95,blockchain openness,ouverture de la chaîne de blocs,public blockchain | permissioned blockchain | private blockchain | permissionless blockchain | hybrid blockchain,,hard,developpement_conception,ESCO,SKL_7fafd50b81a5
CANS_3be4671a4671,engineering control theory,théorie du contrôle d'ingénierie,control theory,,hard,autre_hard,ESCO,SKL_a45566a0c0ec
CANS_a17f3ef08db6,use software for data preservation,utiliser un logiciel de conservation des données,preserve digital evidence,utiliser un logiciel de récupération des données | faire usage d’un logiciel de conservation des données | utiliser un logiciel de sauvegarde des données | employer un logiciel de conservation des données | utiliser un logiciel de protection des données,hard,donnees_bdd,ESCO,SKL_e99fc85ebe7c
CANS_6548bef6f6d6,use computer-aided engineering systems,utiliser des systèmes d’ingénierie assistés par ordinateur,use a computer-aided engineering system | utilise computer-aided engineering systems | use a CAE system | use CAE systems | work with CAE systems | employ CAE systems | operate computer-aided engineering systems | deal with CAE systems | apply computer-aided engineering systems,,hard,developpement_conception,ESCO,SKL_9934062c5886
CANS_6e375df71f85,manage ICT project,gérer un projet TIC,lead ICT projects,,hard,autre_hard,ESCO,SKL_2320901baa0c
CANS_ad27f1742966,JavaScript,JavaScript,Client-side JavaScript | Live Script | Escript | CSJS | Mocha | Server-side JavaScript,Escript | JavaScript 1.7 | Client-side JavaScript | JavaScripts | Mocha | Server-side JavaScript | Live script | Live Script | CSJS | JavaScript 1.6,hard,langage_ou_techno_nommee,ESCO | ONET,SKL_1124817a720e | SKL_4595ea5b86a2
CANS_feafd21d668b,decision support systems,systèmes d’aide à la décision,decision-making tools | decision support matrix | decision support software,recherche opérationnelle | systèmes interactif d’aide à la décision | matrices d’aide à la décision | SAD | outils d’optimisation | systèmes informatisé d’aide à la décision | logiciels d’aide à la décision | SIAD | outils d’aide à la décision,hard,autre_hard,ESCO,SKL_27cdecd220ea
CANS_f29d26fe8542,DB2,DB2,DB2 Connect | DB2 for i | IBM DB2 | IBM DB2 database software | DB2 for z/OS | DB2 database software | DB2 on Cloud,,hard,donnees_bdd,ESCO,SKL_c993c6aecf8e
CANS_65313eb7e093,optimise choice of ICT solution,optimiser le choix d’une solution TIC,enhance choice of ICT solution | carry out ICT planning | carry out ICT strategic planning | select ICT solution | perform ICT planning | perform ICT strategic planning,,hard,securite,ESCO,SKL_2a5b118ca0e3
CANS_4feb2da58dac,Microsoft Access,Microsoft Access,Microsoft Office Access | MS Access,,hard,donnees_bdd,ESCO | ONET,SKL_2bf7432b2d4b | SKL_b03868bc7aa0
CANS_0413b8888540,test for emotional patterns,définir des schémas émotionnels,emotional-patterns test | discern patterns in emotions | emotional pattern test | diagnose emotional patterns | emotional-patterns-test | test for patterns in emotions,,hard,autre_hard,ESCO,SKL_83844c286d76
CANS_fde703b94494,comply with legal regulations,se conformer aux réglementations juridiques,legal regulation compliance | comply with legal rules | comply with legal legislation | comply with legal laws | comply with legal statutes | comply with a legal regulation | complying with legal regulations,,hard,autre_hard,ESCO,SKL_303ee19dce8f
CANS_8e5271e1dff6,ICT accessibility standards,normes d’accessibilité TIC,digital accessibility standards | accessibility standards and guidelines | assistive technology standards,Web Content Accessibility Guidelines | guide d’accès au contenu web | WCAG | normes d’accessibilité des TIC | normes d’accessibilité et directives,hard,autre_hard,ESCO,SKL_8d1f7cbb3377
CANS_ca20a08967b7,perform dimensionality reduction,effectuer une réduction des dimensions,data feature engineering | t-distributed stochastic neighbor embedding | data feature extraction | data feature selection | multidimensional scaling | t-SNE | Kohonen self-organizing map,,hard,programmation,ESCO,SKL_e9b9f4a1354d
CANS_ee525a044212,electrical engineering,génie électrique,application of electricity | fundamentals of electrical engineering | scope of electrical engineering | field of electrical engineering | application of electronics | application of electromagnetism | principles of electrical engineering,principes fondamentaux de l'ingénierie électrique | application de l'électromagnétisme | domaine de l'ingénierie électrique | principes de l'ingénierie électrique | application de l'électronique | domaine de l'électrotechnique | principes de l'électrotechnique | principes fondamentaux de l'électrotechnique | champ d'application de l'ingénierie électrique | domaine d'application de l'ingénierie électrique,hard,autre_hard,ESCO,SKL_e4cbafd8a3b6
CANS_7327eb9379a9,engage composers,engager des compositeurs,engage a composer | recruit musical composers | seek services of a symphonist | engaging composers,,hard,autre_hard,ESCO,SKL_fd3d7bb5e302
CANS_ff1736038292,3D texturing,création de texture 3D,3D Surface Texturing Techniques | 3D texturing process,,hard,autre_hard,ESCO,SKL_8167b2084601
CANS_aaa388bd2ed1,prepare financial auditing reports,préparer des rapports d’audit financier,write up auditing financial reports | make auditing financial reports ready | prepare auditing reports | formulate auditing financial reports | preparing financial auditing reports | prepare reports on financial audits | prepare auditing financial report,,hard,autre_hard,ESCO,SKL_6924454c4c1e
CANS_7e5e84dcb36d,data warehouse,entrepôt de données,enterprise data storage | data warehouse solutions | data repository,data warehouse,hard,donnees_bdd,ESCO,SKL_f5f12231001c
CANS_3404f3fb55f9,electromagnetism,électromagnétisme,gamma rays | electromagnetic radiation | electromagnetic waves | electromagnetic interaction | electrostatics,,hard,autre_hard,ESCO,SKL_429fa18d480e
CANS_fcb2d94a0685,XQuery,XQuery,XQuery language | xQuery,,hard,developpement_conception,ESCO | ONET,SKL_9942641d5120 | SKL_d275975f2053
CANS_7bfa018ec5d1,design ICT hardware placement,concevoir l’arrangement du matériel TIC,specify ICT hardware placement in buildings | design ICT hardware placement in buildings | plan ICT hardware placement in buildings | specify ICT hardware placement,,hard,developpement_conception,ESCO,SKL_e611a343e4e9
CANS_a49c8f5cd670,ICT security standards,normes de sécurité des TIC,ICT security compliances | cyber security frameworks | IT security frameworks | cyber security compliances | ICT security frameworks | information security compliances | information security frameworks | cyber security standards | IT security compliances | IT security standards | information security standards,standards de sécurité des TIC | conformité en matière de sécurité des TIC | cadres de cybersécurité | normes de cybersécurité | normes en matière de sécurité des TIC | normes ISO | conformité en matière de cybersécurité | conformité en matière de sécurité de l'information | normes de sécurité informatique | cadres de sécurité informatique | cadres de sécurité de l'information | conformités en matière de cybersécurité | conformités en matière de sécurité de l'information | conformité à la sécurité des TIC | normes relatives à la sécurité des TIC | normes de sécurité de l'information | cadres de sécurité des TIC | règles de sécurité informatique,hard,donnees_bdd,ESCO,SKL_0e0ddaf5873f
CANS_05f87bb55242,Perl,Perl,Practical Extraction and Report Language | PONIE,PERL | Perl golf | Perl Camel | Ponie,hard,langage_ou_techno_nommee,ESCO | ONET,SKL_46088f1661b7 | SKL_8a9ea7b65f1d
CANS_cff347e54aa1,communicate during show,communiquer pendant le spectacle,communicate throughout a show | communicate efficiently during a performance | communicate effectively during a live show | communicate throughout shows,,hard,autre_hard,ESCO,SKL_c604e4449259
CANS_94a413e79cab,adapt artistic plan to location,adapter le plan artistique au lieu,adapt artist's perspective to the location | adapt artistic concept to location | adapt artist's plan to location | adapt artistic plan to the location,,hard,developpement_conception,ESCO,SKL_13c6daf0911d
CANS_c0cdbb4a2a6d,demonstrate disciplinary expertise,faire preuve d’une expertise disciplinaire,exhibit academic proficiency | demonstrate complex understanding of a research area | demonstrate deep knowledge of a research area | demonstrate deep knowledge of a specific research area | demonstrate complex understanding of a specific research area,,hard,autre_hard,ESCO,SKL_0cec36746a78
CANS_91d0afbffd0e,inform on workplace safety standards,informer sur les normes de sécurité sur le lieu de travail,inform on safety standards | share safety standards | communicate safety standards raise awareness of safety standards | pass along safety standards | draw attention to safety standards | safety standards informing | informing on safety standards,informer sur les normes de sécurité | attirer l'attention sur les normes de sécurité | respecter les normes de sécurité | informer sur les normes de sécurité par rapport au travail,hard,autre_hard,ESCO,SKL_523392841f59
CANS_5b154a5549f6,use different communication channels,utiliser différents moyens de communication,using different communication channels | operate specific communication channels | handle specific communication channels | utilise specific communication channels | apply specific communication channels | use of different communication channels,,hard,autre_hard,ESCO,SKL_3de0d077508a
CANS_b4f1e04c30b3,provide ICT system training,assurer une formation sur les TIC,deliver ICT system training,,hard,autre_hard,ESCO,SKL_aba6d3815562
CANS_bdce691539a3,monitor quality of broadcasts,contrôler la qualité des transmissions,manage quality of broadcasts | monitoring quality of broadcasts | monitor quality of broadcast | oversee quality of broadcasts | supervise quality of broadcasts,,hard,autre_hard,ESCO,SKL_cd5fccefbdd1
CANS_833d7be96444,manage business knowledge,gérer les connaissances du marché,model ontologies | manage information and knowledge | manage knowledge | formalise knowledge in ICT-system,prendre en charge la gestion des connaissances de l’entreprise | administrer les connaissances de l’entreprise | développer les connaissances de l’entreprise | gérer les connaissances dans l’entreprise | gérer le savoir de l’entreprise,hard,developpement_conception,ESCO,SKL_9a283c5620fd
CANS_0c641da6aa1c,industrial software,logiciels industriels,software for production processes | software for manufacturing | manufacturing software | continuing professional development in industrial tools and software | scheduling software | software for engineering applications | industrial application of software | software used in industrial,,hard,autre_hard,ESCO,SKL_053746c2bf35
CANS_6344cb98f4a2,analyse blockchain use cases,analyse des cas d’utilisation de la technologie de la blockchain,evaluate blockchain use cases | investigate blockchain use cases,enquêter sur les cas d’utilisation de la blockchain | étudier les cas d'utilisation de la blockchain | évaluer les cas d’utilisation de la blockchain | évaluer les cas d'utilisation de la blockchain,hard,donnees_bdd,ESCO,SKL_60dabb7fbd39
CANS_de1a2fd1fb38,perform data mining,procéder à l’extraction de données,mine data | use model data,utiliser un modèle de données | réaliser l’extraction de données | utiliser l’informatique décisionnelle | extraire des données | effectuer l’extraction de données,hard,donnees_bdd,ESCO,SKL_e236a38c4a85
CANS_2e1c7867ebf6,ICT safety,sécurité des TIC,ICT well-being maintenance | ICT welfare maintenance | ICT protection | information and communication technologies safety | ICT security | information and communication technology safety,sécurité des technologies de l'information et de la communication,hard,securite,ESCO,SKL_f20abbe40df9
CANS_d1d8b3cf93af,Pentaho Data Integration,Pentaho Data Integration,PDI | Pentaho Kettle,,hard,donnees_bdd,ESCO,SKL_7e853ce0760f
CANS_37c4258fe506,emergent technologies,technologies émergentes,progressive technologies,,hard,autre_hard,ESCO,SKL_4615fd065bda
CANS_3a3467ebb228,Smalltalk (computer programming),Smalltalk (programmation informatique),Smalltalk programming system | Smalltalk,,hard,developpement_conception,ESCO | ONET,SKL_17a6cda90b85 | SKL_477e539f6bd7
CANS_8e935b1477f0,familiarise with personal directing styles,se familiariser avec les styles personnels de la direction,familiarise with directors' styles | understand personal directing style | adapt to director's style | anticipate personal directing styles,anticiper les styles de direction personnels | anticiper les styles de réalisation personnels | s'adapter au style du réalisateur | comprendre le style  personnel de la direction | comprendre le style de réalisation personnel | comprendre le style propre au metteur en scène | s'adapter au style de la direction,hard,reseau,ESCO,SKL_2ddae747961e
CANS_e52bd4e7e7fd,identify technological needs,identifier les besoins technologiques,identify needs and technological responses | assess technological needs,,hard,developpement_conception,ESCO,SKL_165eec91c5d4
CANS_0b3d1b1d372b,mathematics,mathématiques,numeracy | quantitative data | solid modeling | mathematical subjects | field of mathematics | study of mathematics | maths | calculation | Mathematics,l'étude des mathématiques | matières mathématiques | modélisation solide | domaine des mathématiques | étude des mathématiques,hard,autre_hard,ESCO | ONET,SKL_b0de495efc84 | SKL_f61b0071c4b6
CANS_1f496bdee7f4,PHP,PHP,Hypertext Preprocessor | Personal Home Page,Php 5.1 | Php3 | Php5 | Php 6.0 | Php 5.3 | Php 5.2 | Php2 | PHP-FPM | Phtml | ElePHPant | Php 5.4 | Php1 | Php6 | PHP5-FPM | PHP7 | Php 4 | Php 5.0,hard,langage_ou_techno_nommee,ESCO | ONET,SKL_a43bcca2465e | SKL_b3d8040c8c95
CANS_c8e1bc4f8db8,software anomalies,anomalies logicielles,software performance incidents | software behaviour deviations | software performance deviations | software bugs | software defects,,hard,developpement_conception,ESCO,SKL_4f8027620713
CANS_e5f7e4078b1f,database,base de données,non-relational database | types of databases | relational database,entrepôt de données | outil de stockage | types de bases de données | base de données non relationnelle | base de données relationnelle | système de gestion de base de données | banque de données | bases de données | base de données opérationnelles,hard,donnees_bdd,ESCO,SKL_d3d9af86ef84
CANS_efed52900f13,keep task records,tenir des registres de travaux,maintain task records | task records maintaining | task record maintaining | maintaining task records | task records keeping | keeping task records | task record keeping,,hard,autre_hard,ESCO,SKL_31172f1d0747
CANS_41a66f17e206,digital marketing techniques,techniques de marketing numérique,online marketing techniques | on-line marketing techniques | online ads software | web marketing techniques,techniques de marketing digital | méthodes de marketing digital | technique de marketing en ligne | techniques de webmarketing | techniques de marketing traditionnel | techniques de marketing offline | logiciel de publicité en ligne,hard,autre_hard,ESCO,SKL_22632e35d4ab
CANS_ad1ed23a0604,OpenEdge Database,OpenEdge Database,OpenEdge RDBMS Advanced Enterprise Edition | OpenEdge RDBMS | Progress OpenEdge Relational Database Management System,,hard,donnees_bdd,ESCO,SKL_f46a3a3c6551
CANS_bc7d27f381fa,update design results during rehearsals,mettre à jour les résultats d'une conception pendant les répétitions,update results of design during rehearsals | improve creation following rehearsals | improve design outcome during rehearsals | update results of design during the rehearsal,,hard,developpement_conception,ESCO,SKL_f7936505bc48
CANS_36073db09701,respond to incidents in cloud,résoudre des incidents liés à l’informatique en nuage,automate disaster recovery strategies in cloud | troubleshoot issues in cloud systems | troubleshoot cloud issues | manage cloud incidents | troubleshoot cloud incidents,,hard,developpement_conception,ESCO,SKL_e4518a5681c9
CANS_b1651ed8ed5d,operate video equipment,utiliser du matériel vidéo,conduct video equipment | operating video equipment | video equipment operation | undertake use of video equipment | perform video equipment | work video equipment,,hard,autre_hard,ESCO,SKL_c2f2af191abe
CANS_7c2f3c1ae5f9,use databases,utiliser des bases de données,use database management systems | use database software | apply databases | use data bases | use Dbs | able to use using databases | use database | utilise databases | make use of databases,,hard,donnees_bdd,ESCO,SKL_8845df37d0d0
CANS_8055f9f7eb71,create game testing software,créer un logiciel de test de jeux,create software to test games | design testing software for games | develop game testing software | create software for game testing,,hard,programmation,ESCO,SKL_59d4d75d1168
CANS_7ebb64b07b9a,recognise blockchain application areas,reconnaître les domaines d’application de la technologie de la chaîne de blocs,identify blockchain technology application domains | detect blockchain technology application domains,identifier les domaines d'application de la technologie blockchain | détecter les domaines d'application de la technologie blockchain,hard,developpement_conception,ESCO,SKL_5dfc71462cdb
CANS_4fa004f6f766,Xcode,Xcode,Xcode IDE,,hard,donnees_bdd,ESCO | ONET,SKL_32d4838bee85 | SKL_b65348538f34
CANS_ca817aca2fa2,purchase music,acheter des droits musicaux,buy music | acquire music | procure music | purchasing music,,hard,autre_hard,ESCO,SKL_027437360ea9
CANS_74cd7874e46d,decentralised identifiers,identifiants décentralisés,DiDs,Les DID | DIDs,hard,donnees_bdd,ESCO,SKL_20d176fafc3d
CANS_9a570f0592e0,use technology for forensics,utiliser des outils technologiques pour des enquêtes de police scientifique,use forensics technology | utilize technology for forensics | make use of technology for forensics | using technology for forensics,,hard,autre_hard,ESCO,SKL_e3225d92f6fd
CANS_5c2dd08dc9c7,image recognition,reconnaissance d’images,image interpretation | image detection | visual recognition | visual detection,reconnaissance visuelle | détection d'images | interprétation d'images | détection visuelle | détection d'image,hard,autre_hard,ESCO,SKL_140b9672ae2f
CANS_a0ebc1552b0b,assess users' interaction with ICT applications,évaluer l’interaction des utilisateurs avec les applications des TIC,analyse how users interact with ICT applications,,hard,autre_hard,ESCO,SKL_a561c76a0e88
CANS_46f88090199a,inter-organisational middleware system,système interorganisationnel de logiciels médiateurs,IOMS,IOMS,hard,donnees_bdd,ESCO,SKL_3f39269f8a92
CANS_7f9c017ac4e1,integrate ICT data,intégrer des données TIC,combine ICT data,,hard,donnees_bdd,ESCO,SKL_c74243986bea
CANS_ea7198a936dd,develop computer vision system,mettre au point un système de vision par ordinateur,develop OCR | develop motion capture software,,hard,programmation,ESCO,SKL_2be24dceca04
CANS_ab4c7be0ce3c,communicate with stakeholders,communiquer avec les parties intéressées,inform stakeholders of ideas and objectives | communicate with providers of business support services | communicating with stakeholders | communicate to stakeholders,échanger des informations avec les parties prenantes | communiquer avec les parties prenantes | échanger des informations avec les parties intéressées,hard,autre_hard,ESCO,SKL_fa6716bd970c
CANS_afc98e817359,analyse big data,analyser des mégadonnées,analyze big data | scrutinise big data | big data analysis | investigate big data | search big data | test big data | analysing big data | big data analysing,analyser des données volumineuses,hard,donnees_bdd,ESCO,SKL_580752d70a1a
CANS_23c7eeb94f1e,Assembly (computer programming),Assembly (programmation informatique),Assembly computer programming paradigms | Assembly software development techniques | Assembly software development principles | Assembly | Assembly algorithms,,hard,developpement_conception,ESCO,SKL_a913b683ebd9
CANS_f953c4abd080,system backup best practice,bonne pratique en matière de sauvegarde de systèmes,backup systems reliability | disaster recovery best practice,,hard,donnees_bdd,ESCO,SKL_d546743b9da1
CANS_5586db9859ef,safety engineering,ingénierie de la sécurité,system safety engineering | safety science | safety management | process safety engineering,ingénierie de la sécurité des systèmes | sciences de la sécurité | ingénierie de la sécurité des procédés | science de la sécurité | gestion de la sécurité,hard,securite,ESCO,SKL_5575f7d77069
CANS_df081d56c3c0,Spiral development,développement par spirales,Spiral development methodology,,hard,developpement_conception,ESCO,SKL_9e24266d180e
CANS_7ba8704abcaa,analyse pipeline database information,analyser les données de la base de données sur les canalisations de transport,evaluate pipeline database information | perform analysis on pipeline database information | analyze pipeline database information | evaluate information in pipeline databases | retrieve and assess information from pipeline company database | conduct analysis on pipeline database information | retrieve and analyse information from pipeline company database | analyse information in pipeline databases | assess information in pipeline databases | assess pipeline database information,analyser les données de la base de données sur les pipelines,hard,donnees_bdd,ESCO,SKL_0c20c36ec856
CANS_d6cc9e24dfb8,software components libraries,bibliothèques de composants logiciels,,,hard,developpement_conception,ESCO,SKL_cccca3da833a
CANS_fc46046df921,conduct scholarly research,mener des recherches universitaires,conduct scholar research,effectuer des recherches académiques | réaliser des recherches académiques | accomplir des recherches académiques | mener des travaux de recherche | entreprendre des recherches académiques | mener des activités de recherche,hard,autre_hard,ESCO,SKL_071d40f9fd14
CANS_31224cf85f6f,provide cost benefit analysis reports,fournir des rapports d’analyse coût-bénéfice,provide reports on cost benefit analysis | provide cost-benefit analysis reports | produce cost benefit analysis reports | generate cost benefit analysis reports | providing cost benefit analysis reports | create cost benefit analysis reports | provide cost benefit analysis report,,hard,autre_hard,ESCO,SKL_a474d184a0a0
CANS_844d325e1967,data engineering,data ingineering,data engineering methods,ingénierie de données | méthodes d'ingénierie des données,hard,autre_hard,ESCO,SKL_a85869292402
CANS_967f0de68bae,product usage risks analysis,analyse des risques d’utilisation d’un produit,customer product risks analysis | product risks analysis,évaluation des risques d’un produit | gestion des risques d’un produit | évaluation des risques d’un produit d’un client | gestion des risques d’utilisation d’un produit | analyse des risques liés à l’utilisation d’un produit | analyse des risques d’un produit,hard,securite,ESCO,SKL_2f6bd9df1a40
CANS_73d60fbf170c,establish an Information Security Management System,mise en place d’un système de gestion de la sécurité de l’information,apply an ISMS | define an ISMS | implement an ISMS | define an Information Security Management System | monitor an ISMS | apply an Information Security Management System | implement an Information Security Management System; | monitor an Information Security Management System,surveiller un ISMS | mettre en œuvre un système de gestion de la sécurité de l'information | mettre en œuvre un SMSI | appliquer un SMSI | mettre en œuvre un système de gestion de la sécurité de l’information | surveiller un SMSI | définir un SMSI | définir un système de gestion de la sécurité de l'information | appliquer un système de gestion de la sécurité de l'information | surveiller un système de gestion de la sécurité de l'information,hard,donnees_bdd,ESCO,SKL_b9a5a3d980ee
CANS_133dde6c1369,film production process,processus de production cinématographique,film production method | film production procedure | film production processes | film production activity | film production practice,processus de production d'un film,hard,autre_hard,ESCO,SKL_ceba13f8ba45
CANS_a02a87fe2acd,ObjectStore,ObjectStore,Ignite ObjectStore | ObjectStore Standard Edition | Ignite’s ObjectStore Standard Edition,,hard,donnees_bdd,ESCO,SKL_a2eb07d964f7
CANS_32ae1ba1467e,smart contract programming languages,langages de programmation de smarts contracts,programming languages for smart contract,langages de programmation pour les contrats intelligents | langages de programmation pour smart contract,hard,developpement_conception,ESCO,SKL_1b02f5547def
CANS_d085bc999993,Chef (tools for software configuration management),Chef (outils de gestion de configuration logicielle),Chef software,,hard,developpement_conception,ESCO,SKL_7c9445cdf809
CANS_cff520330d67,handle data samples,traiter des échantillons de données,collect data samples | manage data samples | handle data samples for statistical purposes,,hard,autre_hard,ESCO,SKL_4dd5e118bd42
CANS_39a07d39152f,GIMP (graphics editor software),GIMP (logiciel d’édition graphique),GIMP software | GIMP | GIMP for digital editing | GNU Image Manipulation Program | GIMP for graphics composition,,hard,autre_hard,ESCO,SKL_ca93b3f41810
CANS_dccfd11dbb5c,hardware components,composants matériels,parts for hardware systems | hardware system components | hardware system parts | components of hardware systems | types of hardware components | typology of hardware components | range of hardware components | components for hardware systems | components of hardware,composants hardware,hard,developpement_conception,ESCO,SKL_4f2bd02de76a
CANS_7253bf0020f5,attend rehearsals,assister à des répétitions,go to rehearsals | attending rehearsals | join rehearsals | participate in rehearsals | attend rehearsal,,hard,developpement_conception,ESCO,SKL_a3312b90fca5
CANS_4daf900f941e,prepare sound equipment on stage,préparer le matériel sonore sur scène,connect sound system on stage | fitting sound on stage | fit up and rig sound on stage | fit up stage sound | fit up sound on stage,,hard,autre_hard,ESCO,SKL_92219f739694
CANS_82a1206e4ffc,C#,C#,C Sharp,,hard,developpement_conception,ESCO | ONET,SKL_285b5da094a5 | SKL_f6f390848b58
CANS_2cc337c0ea57,provide training on technological business developments,proposer une formation sur les avancées technologiques pour les entreprises,deliver training on technological business developments | provide training on functional implementations for business development | give training on technological innovation projects for business development | give training on technological business developments | provide training on technological innovation projects for business development,,hard,autre_hard,ESCO,SKL_ad3b003ca96e
CANS_276832febe84,work safely with machines,travailler en toute sécurité avec des machines,operate equipment according to safety standards | handle machines cautiously | work with machines safely | work safely with machinery,,hard,autre_hard,ESCO,SKL_99eb711381aa
CANS_bbf50a567532,ensure compliance with company regulations,assurer le respect des réglementations de l’entreprise,ensure compliance with company policies,,hard,autre_hard,ESCO,SKL_c7910d3185cd
CANS_572913c7344c,teach in academic or vocational contexts,enseigner dans des contextes universitaires ou professionnels,instruct in educational or vocational settings | provide instruction in academic or vocational domains | teach students in academic or vocational contexts,,hard,autre_hard,ESCO,SKL_c18c5f00290e
CANS_5511f8e53979,update budget,mettre à jour un budget,check budget is updated | update the budget | ensure budget is up to date | updating budgets,,hard,autre_hard,ESCO,SKL_69298c08d78d
CANS_75a879aa4d32,apply systemic design thinking,appliquer la pensée systémique de conception,use system design | apply combined systemic design | apply combined system design | apply combined system thinking methodologies | use systemic design,,hard,autre_hard,ESCO,SKL_c88ea684ad79
CANS_98ef8a1f5479,increase the impact of science on policy and society,gérer les connaissances en vue d’une incidence stratégique,influence decision making based on scientific evidence | enhance the impact of science influence on policy and society | boost the contribution of science to shaping policies and society | enhance the influence of science on governance and communities,,hard,autre_hard,ESCO,SKL_a31bcce95330
CANS_1b5fcc74061f,manage ICT data architecture,gérer l’architecture des données TIC,define enterprise data architecture,gérer une architecture de données | assurer la gestion de l’architecture des données | administrer l’architecture des données | contrôler l’architecture des données,hard,developpement_conception,ESCO,SKL_dbbc353ff629
CANS_be49b0e7af05,rewrite musical scores,réécrire des partitions de musique,rewrite musical arrangements | change rhythm or instrumentation of musical scores | rewrite orchestrations | change orchestrations | rewrite musical compositions | change musical arrangements,,hard,autre_hard,ESCO,SKL_14747076853d
CANS_1dfc7fb967f8,MySQL,MySQL,MySQL Classic Edition | MySQL Enterprise Edition | MySQL Embedded (OEM/ISV) | MySQL Standard Edition | MySQL Cluster CGE,,hard,donnees_bdd,ESCO | ONET,SKL_74d5ed3f57c8 | SKL_93be9082045c
CANS_999f0bd21e4f,design cloud networks,concevoir des réseaux en nuage,create cloud network | implement cloud network,,hard,developpement_conception,ESCO,SKL_28d134745ea4
CANS_d3ca89433783,apply business acumen,avoir le sens des affaires,business acumen application | administer business acumen | to apply business acumen | implement business acumen | applying business acumen | employ business acumen | utilise business acumen,,hard,autre_hard,ESCO,SKL_afb184550fe8
CANS_1b70050ea255,set up cameras,installer des caméras,setting up cameras | assemble cameras | prepare cameras for use,,hard,autre_hard,ESCO,SKL_1b0c94daaaee
CANS_ae94309a060f,operational tactics for emergency responses,tactiques opérationnelles pour les réactions aux situations d’urgence,operational strategies for emergency response | operational tactics for emergency response | proceedings for emergency responses | operational tactic for emergency response | operational tactics for major incidents and catastrophes,,hard,autre_hard,ESCO,SKL_60b13581782d
CANS_fd6a1ab19c7d,TripleStore,TripleStore,RDF store,,hard,donnees_bdd,ESCO,SKL_005ef90287cd
CANS_c2fd7ab06242,evaluate blockchain architectures,évaluer les architectures dans le domaine de la technologie de la chaine de blocs,evaluate blockchain applications infrastructure,évaluer les architectures de la technologie de la blockchain | évaluer l'infrastructure des applications blockchain,hard,developpement_conception,ESCO,SKL_d9843653b863
CANS_bb8dbd2686fb,develop financial statistics reports,élaborer des rapports de statistiques financières,develop a financial statistics report | launch financial statistics reports | establish financial statistics reports | produce financial statistics reports | developing financial statistics reports | evaluate financial statistics reports | develop financial statistical reports,,hard,autre_hard,ESCO,SKL_2ab21b64c133
CANS_a4a1dbad04ad,telecommunication trunking,gestion des liaisons de télécommunication,telecommunication trunking method | telecom trunking architecture,,hard,autre_hard,ESCO,SKL_57f8ab60804c
CANS_ed3c6c0d7edb,manage findable accessible interoperable and reusable data,gérer des données interopérables et réutilisables faciles à trouver et accessibles,ensure data availability | ensure data reusability | support data reuse in research | ensure corrected data storing,,hard,donnees_bdd,ESCO,SKL_dc4c59fd5c78
CANS_6546fe31a02d,upgrade firmware,mettre à jour le micrologiciel,update basic software in embedded systems | update software embedded in devices | update firmware | update basic software in network components | update integrated software | update basic software in devices | update software embedded in network components,,hard,autre_hard,ESCO,SKL_92630ad2703f
CANS_499d92bc80cf,manage sound quality,gérer la qualité sonore,managing sound quality | supervise sound quality | maintain sound quality | sound quality management | regulate sound quality | oversee sound quality | manage the quality of sound quality,,hard,autre_hard,ESCO,SKL_f6bc4de2f8d0
CANS_2df4c41e244d,perform scientific research,réaliser des recherches scientifiques,performing scientific research | carry out scientific research | conduct scientific research | engage in scientific research,,hard,autre_hard,ESCO,SKL_b7ce81979709
CANS_94959915268e,research new ideas,rechercher de nouvelles idées,search new ideas and concepts | research innovation | develop new ideas | develop new ideas and concepts | search new ideas | research new ideas and concepts,,hard,autre_hard,ESCO,SKL_aa0a6fb02a69
CANS_75be69e13632,attack vectors,vecteurs d’attaque,information security threats | cybersecurity threats | ICT security threats,menaces pour la cybersécurité | menaces à la cybersécurité | menaces à la sécurité des TIC | menaces pour la sécurité de l'information,hard,autre_hard,ESCO,SKL_a4917fa3f867
CANS_311a2920e36d,Metasploit,Metasploit,Metasploit penetration testing tool,,hard,developpement_conception,ESCO | ONET,SKL_48b3d7e87152 | SKL_aa5317f0efb0
CANS_6aa0b7362fde,build recommender systems,construire des systèmes de recommandation,build recommendation systems | recommender engine | recommender platform,bâtir des systèmes de recommandation | construire des plateformes de recommandation | créer des systèmes de recommandation | filtrer l’information | construire des moteurs de recommandation | construire des systèmes de filtrage collaboratif,hard,programmation,ESCO,SKL_95a37d406831
CANS_7a1338a7bfcb,internet governance,gouvernance d’Internet,internet regulation | internet governance policies,,hard,developpement_conception,ESCO,SKL_07a7e2a00de2
CANS_e9686336a613,social media marketing techniques,techniques de marketing des médias sociaux,strategies for social media platforms | social media marketing strategies | strategies for social media marketing,,hard,autre_hard,ESCO,SKL_c969868dd488
CANS_ec9cf59689f8,perform data cleansing,effectuer un nettoyage de données,complete data cleansing | performing data cleansing | undertake data cleansing | perform a data cleanse | data cleansing performance | implement data cleansing,,hard,donnees_bdd,ESCO,SKL_60ffa168db6b
CANS_147d752815bd,R,R,R software,,hard,langage_ou_techno_nommee,ESCO,SKL_c9160ddc7dcd
CANS_8b077abaf0bb,use personal protection equipment,utiliser des équipements de protection individuelle,oversee personal protection equipment | use equipment for personal protection | examine personal safety gear | oversee PPE,,hard,autre_hard,ESCO,SKL_06426b923378
CANS_cfc510eabd52,manage intellectual property rights,gérer les droits de propriété intellectuelle,manage copyrights | administer copyrights | administer intellectual property rights,,hard,autre_hard,ESCO,SKL_690d0d9213ea
CANS_60f9c4bca29f,set up audiovisual peripheral equipment,mettre en place des équipements périphériques audiovisuels,assemble audio-visual peripheral equipment | setting up audio-visual peripheral equipment | set up peripheral audio-visual equipment | mount audio-visual peripheral equipment | prepare audio-visual peripheral equipment,,hard,autre_hard,ESCO,SKL_c6eda32fa5b3
CANS_d9334135b06d,design digital call to action,créer un appel à l’action,CTA,créer des appels à l’action | créer une invitation à passer à l’action | créer un incitant à l’action | créer un CTA | créer un call to action | soumettre un appel à l’action,hard,developpement_conception,ESCO,SKL_03b15408b13e
CANS_772fd9b4a8ae,work in an aviation team,travailler au sein d’une équipe de transport aérien,work as part of an aviation team | work effectively in an aviation team | work with an aviation team | work within an aviation team | undertake work in an aviation team | work in a group in an aviation environment | complete work tasks as part of an aviation team | perform tasks in an aviation team,,hard,autre_hard,ESCO,SKL_6032197b3f3f
CANS_aa7ba4684f28,unload equipment,décharger des équipements,remove equipment | unloading equipment | off load equipment | take away equipment | equipment unloading | take off equipment,,hard,autre_hard,ESCO,SKL_6c47386a0df9
CANS_193213869d53,Groovy,Groovy,Groovy software techniques | Groovy programming language | Groorvy software development,,hard,developpement_conception,ESCO,SKL_88eabaa2c80d
CANS_1b92500cd8f7,musical genres,genres musicaux,music genres | musical types | musical variations | musical genre | a musical genres | musical styles,,hard,autre_hard,ESCO,SKL_2d31583b4f2b
CANS_1b507834f889,hardware testing methods,méthodes d’essai de matériel informatique,ORT | testing methods for hardware | computer hardware testing methods | in-circuit test | testing methods for computer hardware | ongoing reliability test,méthodes d’essai de hardware,hard,developpement_conception,ESCO,SKL_9d372184f770
CANS_3152c2ebdebb,Vyper,Vyper,Vyper software,,hard,developpement_conception,ESCO,SKL_98f3bee600ee
CANS_f8d1d97291a0,use technical drawing software,utiliser un logiciel de dessin technique,design creation using specialist software | design using specialist software | design with specialist software | using of technical drawing software | usage of technical drawing software | technical drawing software usage | designing using specialist software | use of technical drawing software | designing with specialist software | create designs with specialist software | using technical drawing software,,hard,developpement_conception,ESCO,SKL_ad8c314e6c08
CANS_a4eb3bf16aa5,analyse network configuration and performance,analyser la configuration et les performances du réseau,assess network setup and performance | examine network configuration and effectiveness | evaluate network setup and efficiency | analyse performance characteristics of ICT networks | assess network structure,,hard,donnees_bdd,ESCO,SKL_09ae9c4724e9
CANS_c9fe01649005,algorithms,algorithmes,formulae | formulas | algorithm | algorithmic,,hard,donnees_bdd,ESCO,SKL_09089504794c
CANS_0f08cc7e0cf7,conduct costume research,effectuer des recherches sur des costumes,conduct costumes research | perform costume research | read up on costumes | conducting costume research | do costume research,mener des recherches sur les costumes | effectuer des recherches sur les costumes | faire des recherches sur les costumes | lire sur les costumes,hard,autre_hard,ESCO,SKL_76b2a8a0fa56
CANS_6f4189701698,define data quality criteria,définir les critères de qualité des données,specify data quality criteria | set data quality benchmarks,,hard,developpement_conception,ESCO,SKL_8eaf90e6b080
CANS_ef92b6c8a097,set up cybersecurity training programmes,mettre en place des programmes de formation à la cybersécurité,design cybersecurity training | deliver cybersecurity training | develop cybersecurity training,développer des formations en cybersécurité | dispenser des formations en cybersécurité | dispenser une formation en matière de cybersécurité | concevoir une formation en cybersécurité | développer la formation à la cybersécurité | concevoir des formations en cybersécurité,hard,autre_hard,ESCO,SKL_7b530497dcc8
CANS_e331c1f50571,identify processes for re-engineering,identifier des processus de restructuration,identification of processes for re-engineering | identifying processes for re-engineering | classify processes for re-engineering | diagnose processes for re-engineering | identify a process for re-engineering | determine processes for re-engineering | analyse processes for re-engineering,,hard,autre_hard,ESCO,SKL_234f69e2b4b5
CANS_86194205bfa0,proxy servers,serveurs mandataires,Nginx web server,serveurs proxy | serveur web Nginx,hard,autre_hard,ESCO,SKL_030cdb77fd91
CANS_4d75687496b4,electronics principles,fonctionnement des appareils électroniques,electronic principles,fonctionnement des dispositifs électroniques | principes d’utilisation des appareils électroniques | théorie des appareils électroniques | fonctionnement des équipements électroniques | caractéristiques des appareils électroniques | principes des appareils électroniques,hard,autre_hard,ESCO,SKL_3b734a41feb7
CANS_4ad80c5a7b51,Aircrack (penetration testing tool),Aircrack (outil de test d’intrusion),Aircrack,,hard,developpement_conception,ESCO,SKL_179834b0ac6e
CANS_dc951c3df843,adapt to changing situations,s’adapter à des changements de situation,adapting to a changing situation | adapt to a changing situation | adjust to changing situations | alter to changing situations | modify to changing situations | tailor to changing situations | adapting to changing situations,,hard,developpement_conception,ESCO,SKL_c8eeeb942505
CANS_f468326871b1,Codenvy,Codenvy,Codenvy platform | Codenvy tool,,hard,developpement_conception,ESCO,SKL_a996f285edca
CANS_14edf199af90,analyse business processes,analyser des procédures d’entreprise,assess business operations | monitor business processes | study the contribution of work processes to business goals | evaluate business processes,,hard,autre_hard,ESCO,SKL_22320b92666f
CANS_afab6262dea2,artificial neural networks,réseaux neuronaux artificiels,ANN | neural networks | neural nets | artificial neural nets | NN,,hard,autre_hard,ESCO,SKL_02da79fc2058
CANS_ea2bc9063b2b,report test findings,rédiger les conclusions d’un test,report a test finding | summarise test findings | describe test findings: record test findings | note test findings,,hard,developpement_conception,ESCO,SKL_74015909b033
CANS_a5dcc668026c,use content management system software,utiliser un logiciel de système de gestion de contenu,using content management system software | handle content management system software | content management system software use | adopt content management system software | operate content management system software | apply content management system software | use a content management system software,,hard,donnees_bdd,ESCO,SKL_bb505f670fed
CANS_9ff8465a56f3,ASP.NET,ASP.NET,ASP.NET framework,Aspx | ASP+ | ASP.NET 3.5 | ASP.NET 2.0,hard,langage_ou_techno_nommee,ESCO,SKL_d537dfcccc25
CANS_30f646420ad9,manage quantitative data,gérer des données quantitatives,gather data | manage data quantitatively | organise data | handle numerical data | process data | present data | interpret data | managing quantitative data,,hard,donnees_bdd,ESCO,SKL_1cf5e7517e2b
CANS_15a14375ebd3,digital communication and collaboration,communication et collaboration numériques,electronic communication | digital communications | paperless communication,,hard,autre_hard,ESCO,SKL_d36c0e2ff2ea
CANS_433cdf6ea842,pack electronic equipment,emballer du matériel électronique,packing electronic equipment | pack electronic devices | pack computerised devices,,hard,autre_hard,ESCO,SKL_3970df7cecb8
CANS_eacaa8bb4863,Backbox (penetration testing tool),Backbox (outil de test d’intrusion),Backbox,,hard,developpement_conception,ESCO,SKL_344586fe5542
CANS_33f0f79f6984,cyber attack counter-measures,mesures de lutte contre les cyberattaques,network communications security measures | cyber defence mechanisms | cyber/digital/IT/ICT/information security controls | cybersecurity measures,contrôles de sécurité cybernétique/numérique/IT/TIC/information | cyber/numérique/informatique/TIC/contrôles de sécurité de l’information | contre-mesures contre les cyberattaques | mesures de sécurité des communications réseau | mesures de cybersécurité | mécanismes de cyberdéfense | contre-mesures en cas de cyberattaque,hard,autre_hard,ESCO,SKL_54188f599eea
CANS_ccbb3e935255,APL,APL,APL programming paradigms,,hard,developpement_conception,ESCO,SKL_ccd10a9e58b7
CANS_12b22aa2f20d,adapt to artists' creative demands,s’adapter aux exigences créatives d’artistes,adapt to artists' creative vision | meet demands by creative artists | adapt to demands by creative artists | adapt to creative demands of artists,,hard,autre_hard,ESCO,SKL_3a2ade69e298
CANS_0b869c83f78e,SQL,SQL,Informix 4GL/SQL | Subquery | SEQUEL,Subquery | Informix 4GL/SQL | SEQUEL,hard,langage_ou_techno_nommee,ESCO,SKL_2c4e150b3816
CANS_3f173768cd7d,technical drawings,dessin industriel,technical drawing | scientific drawings | specialised drawings | mechanical drawings,dessin technique,hard,autre_hard,ESCO,SKL_72f57a9dac19
CANS_af428de72d6c,answer incoming calls,répondre à des appels entrants,pick up incoming calls | answering incoming calls | take incoming calls | answering an incoming call | respond to incoming calls | deal with incoming calls | answer an incoming call,,hard,autre_hard,ESCO,SKL_e583fae3fd31
CANS_502b3618765c,security threats,menaces de sécurité,threats to cyber/digital/IT/ICT security | security threat | physical security hazards | cyber/digital/IT/ICT security threats | threats to physical security | cyber/digital/IT/ICT security risks | security dangers | physical security risks | security hazards | physical security threats | security risks | threats to security | physical security dangers | cyber/digital/IT/ICT security dangers,risques de sécurité | menaces pour la sécurité cybernétique/numérique/informatique/TIC | dangers pour la sécurité | dangers liés à la cybersécurité/sécurité numérique/informatique/TIC | cyber/numérique/informatique/menaces pour la sécurité des TIC | menaces pour la sécurité | menace à la sécurité | risques de sécurité cyber/numérique/IT/TIC | menaces pour la sécurité physique | risques de sécurité physique | menaces à la sécurité | cyber/numérique/informatique/risques liés à la sécurité des TIC | menaces à la cybersécurité/sécurité numérique/informatique/TIC | menaces à la sécurité cybernétique/numérique/IT/TIC | cyber/digital/IT/ICT dangers pour la sécurité | risques pour la sécurité physique | dangers pour la sécurité physique | risques pour la sécurité | menace pour la sécurité | menaces à la sécurité physique,hard,securite,ESCO,SKL_8e9e543761d2
CANS_8fe8eb6d60dd,coordinate audio system programmes,coordonner les programmes de systèmes audio,coordinate system programmes for audio | coordinate efficiency of audio system programme | coordinate audio system programs | coordinate programmes of audio systems | manage audio system programme requirements,,hard,autre_hard,ESCO,SKL_fdab580ddea2
CANS_2d57aca200d4,scientific computing,informatique scientifique,computational science | scientific computation,sciences de l'informatique | science informatique | Informatique scientifique,hard,programmation,ESCO | ROME,SKL_643fa956234d | SKL_db2cb9f5819a
CANS_d536d40986fd,program sound cues,programmer des indications sonores,program and rehearse sound cues | rehearse sound cues | programming sound cues | program cues for sound,,hard,autre_hard,ESCO,SKL_0c36added4b0
CANS_3b62b1eff879,perform contract compliance audits,réaliser des audits de conformité contractuelle,carry out an in-depth audit | conduct compliance audit | perform contract quality audit | perform a detailed compliance audit report,effectuer des audits de conformité contractuelle | mener à bien des audits de conformité contractuelle | vérifier la conformité contractuelle,hard,donnees_bdd,ESCO,SKL_5b4b7d94893a
CANS_bfe88c66a26f,use object-oriented programming,utiliser la programmation orientée objet,utilise object-oriented programming,,hard,programmation,ESCO,SKL_dddd918d8d0c
CANS_0faa75606827,organise compositions,organiser des compositions,develop compositions | organize compositions | arrange compositions | create compositions | write compositions | organising compositions | organise composition,,hard,autre_hard,ESCO,SKL_4f1de901148a
CANS_34c57e3c21d1,object-oriented modelling,modélisation orientée objet,object-oriented paradigm | object-oriented modeling | knowledge of object-oriented modelling,programmation par objet | programmation orientée objet | paradigme de programmation orientée objet | POO | MOO | modélisation par objet,hard,developpement_conception,ESCO,SKL_516c38d191ba
CANS_2776c78d8a19,synchronise with mouth movements,synchroniser avec des mouvements de bouche,synchronise with movements of the mouth | match with mouth movements | synchronising with mouth movements | synchronize with mouth movements | synchronise with mouth movement | coordinate with mouth movements,,hard,autre_hard,ESCO,SKL_75e80eba803b
CANS_3c46314c0a1f,WebCMS,WebCMS,WebCMS software systems,,hard,developpement_conception,ESCO,SKL_619ec6b46c43
CANS_312f4f078915,perform soundchecks,effectuer des contrôles du son,perform sound check | prevent technical problems with sound equipment | conduct sound checks | run checks for sound | perform checks for sound | prepare and run line check | perform line check | prepare and run technical sound check | test the sound equipment | run sound check | run a sound check | adjust sound of equipment | perform technical sound check | perform a sound check | carry out sound checks,effectuer un contrôle du son | effectuer des contrôles pour le son | prévenir les problèmes techniques avec l'équipement sonore | effectuer une vérification en ligne | effectuer un test sonore | éviter les problèmes techniques avec le matériel sonore | préparer et exécuter le contrôle de ligne | effectuer des contrôles sonores | tester l'équipement sonore | tester le matériel sonore | exécuter des contrôles pour le son | effectuer un contrôle sonore | effectuer des contrôles de son | exécuter la vérification du son | préparer et exécuter le contrôle en ligne | ajuster le son de l'équipement | préparer et exécuter le contrôle technique du son | procéder à une vérification du son | effectuer un contrôle technique du son | exécuter le contrôle du son | exécuter des vérifications pour le son,hard,autre_hard,ESCO,SKL_f02c1590d8eb
CANS_ce9f6136e2f9,blockchain applications,applications de la technologie de la blockchain,blockchain functions,fonctions de la chaîne de blocs | fonctions de la blockchain,hard,autre_hard,ESCO,SKL_bde8b9b674c8
CANS_3ed4503f5f79,verify feasibility,vérifier la faisabilité,verify usefulness | verify if feasible | check practicality,,hard,autre_hard,ESCO,SKL_8408efd20e4c
CANS_e416bbc7b128,oversee quality control,surveiller le contrôle de la qualité,overseeing quality control | administer quality control | manage quality control | control quality control | oversee quality controls | oversight of quality control | supervise quality control,,hard,autre_hard,ESCO,SKL_24975ae05372
CANS_86b7e3effb97,plan software testing,planifier un test logiciel,oversee software testing plans,,hard,autre_hard,ESCO,SKL_671240690479
CANS_83a645d2e478,select camera apertures,sélectionner des ouvertures de caméra,select camera aperture | select apertures for cameras | adjust camera lenses | choose appropriate camera lenses,,hard,autre_hard,ESCO,SKL_b1443974bc89
CANS_3bc3b26b1c91,define quality standards,définir des normes de qualité,define quality standard | defining quality standards | draw up quality standards | set quality standards | determine quality standards,,hard,developpement_conception,ESCO,SKL_f4563277b108
CANS_25fdafc66837,use access control software,utiliser un logiciel de contrôle d’accès,define user roles for ICT system | define database user permissions,utiliser iLock | utiliser une solution contrôle d’accès | utiliser Avaya Identity Engines | définir les autorisations d’utilisateur de base de données | définir les rôles de l’utilisateur | utiliser un logiciel informatique,hard,securite,ESCO,SKL_b4830b23bb8d
CANS_e3d681c2938c,SPARQL,SPARQL,SPARQL Protocol and RDF Query Language,,hard,developpement_conception,ESCO,SKL_d0035b994078
CANS_01828de181b8,use scripting programming,utiliser la programmation de scripts,employ ICT tools for computer code creation | use ICT tools for computer code generation | employ programming languages for computer code creation | use ICT tools for computer code development | use ICT tools for computer code creation,,hard,programmation,ESCO,SKL_c9ce5d8cbc63
CANS_31fa2f79a06f,apply for research funding,demander un financement de recherche,apply for research grants | draft research grants applications | identify research grants | generate research funding,,hard,autre_hard,ESCO,SKL_1ed98874895e
CANS_38291d6b33d5,prevent fire in a performance environment,prévenir la survenue d’incendies dans un lieu de spectacle,prevent a performance environment from catching fire | prevent fire | prevent fires during a performance | prevent fire and perform first fire intervention,,hard,autre_hard,ESCO,SKL_825a9b2db405
CANS_2a96b26eadcb,develop digital content,élaborer des contenus numériques,,,hard,autre_hard,ESCO,SKL_e2f90c02665d
CANS_ab3332d20c9b,ICT debugging tools,outils de débogage TIC,software debugging tools | ICT testing tools,,hard,developpement_conception,ESCO,SKL_def6ad401f98
CANS_cd59bcd8ea38,Solidity,Solidity,Solidity principles | Solidity techniques | Solidity software,,hard,developpement_conception,ESCO | ONET,SKL_30aac2c66c5d | SKL_3452baf49b2a
CANS_2d01327b7eb0,ICT capacity planning strategies,stratégies de planification des capacités TIC,ICT capacity management,,hard,autre_hard,ESCO,SKL_e0876ddb3bd1
CANS_b54211fb103d,de-rig electronic equipment,démonter des équipements électroniques,de-rigging electronic equipment | dismantle electronic equipment | disassemble electronic equipment | disconnect electronic equipment,,hard,autre_hard,ESCO,SKL_f81a5ff0468f
CANS_960fbc586d0d,store digital data and systems,stocker des données et des systèmes numériques,store systems and digital data | backup digital data and systems | cache digital data and systems | use data and systems archiving procedures | back up data | archive digital data and systems | use data and systems archiving tools | storing digital data and systems | store digital data and system | restore data,,hard,donnees_bdd,ESCO,SKL_e0b7c20ad2a2
CANS_1d1a42155924,deploy cloud resource,déployer des ressources en nuage,cloud deployment | deployment and provisioning | provision cloud resources,,hard,autre_hard,ESCO,SKL_07a57310c827
CANS_52a6b35eb4cb,assist customers,aider des clients,help customers | assisting customers | aid customers | customers assistance | assist a customer | facilitate customers | support customers,,hard,autre_hard,ESCO,SKL_de442b1bdbd6
CANS_d6bda8b85d1f,select recording source,sélectionner une source d'enregistrement,choose recording source | pick recording source | selecting recording source | select recording sources,,hard,autre_hard,ESCO,SKL_0fb1554ae189
CANS_ea611051a09c,Kali Linux,Kali Linux,Kali Tools | Kali Docs | Kali NetHunter | Kali penetration testing tool | Kali Linux distribution,,hard,langage_ou_techno_nommee,ESCO | ONET,SKL_3aa64195f966 | SKL_62c2adcc87ca
CANS_c06e16c3e551,ICT sales methodologies,méthodes de vente de TIC,ICT sales techniques,,hard,autre_hard,ESCO,SKL_6c4e41d4b56f
CANS_2b3a4c95af11,digital data processing,traitement de données numériques,electronic data processing | processing of data digitally | data processing | paperless data processing,,hard,donnees_bdd,ESCO,SKL_b0080b620fb2
CANS_85e5a391223e,musical notation,notation musicale,music theory | musical rudiments | music notation | musical notations,transcription musicale,hard,autre_hard,ESCO,SKL_735c5e99cdaa
CANS_89350016a70d,quantitative analysis,analyse quantitative,quantitative data analysis,analyse de données quantitatives | analyse quantitative des données,hard,programmation,ESCO,SKL_a07847cd27d5
CANS_7c93786b23d7,proofread text,assurer la relecture d’un texte,proofread content for publishing,,hard,autre_hard,ESCO,SKL_995f3927da00
CANS_e6670a076140,Outsourcing model,modèle d’externalisation,OBS,,hard,donnees_bdd,ESCO,SKL_ee642b56a8f9
CANS_302e191751ef,Puppet (tools for software configuration management),Puppet (outils de gestion de configuration logicielle),Puppet,,hard,developpement_conception,ESCO | ONET,SKL_8c66ec45bce8 | SKL_b6aa4c33d1ce
CANS_433df5d1760c,use ICT ticketing system,utiliser un système de billetterie informatisée,use e-ticketing system,utiliser le système de billetterie électronique,hard,donnees_bdd,ESCO,SKL_e8bdfaeac68e
CANS_5aa219c36e6f,archive documentation related to work,archiver la documentation relative à l'œuvre,record documentation related to the work | archiving documentation related to the work | archive work related documents | preserve documentation related to the work | archive work documents | archive documentation related to the work | store documentation related to the work,,hard,autre_hard,ESCO,SKL_dde958bce5b5
CANS_6780dee69a5d,use ICT hardware,utiliser du matériel TIC,utilise ICT hardware | operate ICT hardware,,hard,autre_hard,ESCO,SKL_66c6102cf4f7
CANS_1564e3b31282,manage disaster recovery plans,gérer les plans de reprise d’activité,prepare disaster recovery plans,,hard,developpement_conception,ESCO,SKL_b973384e0f00
CANS_6b1d3b6d118c,consult with sound editor,délibérer avec un monteur de son,review with sound editor | consulting with sound editor | discuss with sound editor | confer with sound editor | consult with sound editors,,hard,autre_hard,ESCO,SKL_31523007b0d3
CANS_e7763ce3ad35,write database documentation,écrire la documentation d’une base de données,provide database documentation,rédiger la documentation d’une base de données | préparer la documentation d’une base de données | créer la documentation d’une base de données | produire la documentation d’une base de données | fournir la documentation d’une base de données,hard,donnees_bdd,ESCO,SKL_b56c95aeb880
CANS_da36a46b4ceb,apply social media marketing,mettre à profit les médias sociaux à des fins de marketing,administer social media marketing | social media marketing application | implement social media marketing | application of social media marketing | utilise social media marketing | employ social media marketing | applying social media marketing,,hard,programmation,ESCO,SKL_1d12e8aaef7d
CANS_3c3b57f0423c,work with the director of photography,travailler avec un directeur de la photographie,co-operate with the director of photography | work with the directors of photography | working with the director of photography | collaborate with the director of photography | cooperate with the director of photography,,hard,developpement_conception,ESCO,SKL_d3fbfc3a6c9f
CANS_0d0d32ea50ee,use repair manuals,utiliser des manuels de réparation,interpret repair manuals,utiliser les manuels de réparation | interpréter des manuels de réparation | comprendre des manuels la réparation | suivre des manuels de réparation | utiliser un manuel de réparation | respecter des manuels de réparation,hard,autre_hard,ESCO,SKL_7942392b4802
CANS_53fddbc55f40,data visualisation software,logiciel de visualisation des données,data presentation software,logiciel de présentation de données,hard,donnees_bdd,ESCO,SKL_6062e63b2ca0
CANS_5ce5f4756357,prepare personal work environment,préparer un environnement de travail personnel,prepare personal work setting | plan personal work environment | prepare personal environment at work | prepare to work in personal environment,,hard,autre_hard,ESCO,SKL_903b38484af9
CANS_f94ccf21a91c,blockchain application areas,domaines d’application de la technologie de la blockchain,blockchain application fields | areas of blockchain application,domaines d'application de la blockchain | champs d’application de la blockchain | champs d’application de la chaîne de blocs,hard,developpement_conception,ESCO,SKL_53c3c74ab3d8
CANS_3a26b275b6ed,intervene with actions on stage,intervenir avec des actions sur scène,interact with actions on stage | work in connection with actions on stage | intervene with action on stage | interface with actions on stage | intervening with actions on stage | intervene with stage actions,,hard,developpement_conception,ESCO,SKL_33e8f37de895
CANS_93c5ed11b899,smart contract,contrat intelligent,smart contract software,,hard,developpement_conception,ESCO,SKL_1f0193f209e9
CANS_3a89e493406e,hybrid model,modèle hybride,knowledge of hybrid model | theory of hybrid model | Hybrid model | hybrid model principles | hybrid model fundamentals,,hard,donnees_bdd,ESCO,SKL_b2fa268f665e
CANS_ab9898ff38ba,adjust video transmissions,régler les transmissions vidéo,adjusting video transmissions | modify video transmissions | adapt video transmissions | alter video transmissions | adjust video transmission,,hard,autre_hard,ESCO,SKL_1772cfc64de4
CANS_499ed99d53f5,ensure information security,garantir la sécurité d'informations,secure information surveillance | assure information security | assure information surveillance | provide information security | enable information surveillance | secure information security | provide information surveillance | enable information security,,hard,donnees_bdd,ESCO,SKL_d1bba9e6fc67
CANS_6a6fa21d6836,film music techniques,techniques de musique de film,film music effects and techniques | film music effects | techniques for film music | techniques of film music | music effects for films,techniques pour la musique de film | effets musicaux pour films | effets de musique de film | effets et techniques de musique de film | techniques de la musique de film,hard,autre_hard,ESCO,SKL_0d63f4cb58e2
CANS_22a9a3cf0a4e,identify customer's needs,identifier les besoins des clients,diagnose customer's needs | analyse customer's needs | identifying a customer's needs | map out customer requirements into pragmatic actions | identifying customer's needs | classify customer's needs | determine customer's needs | identify a customer's needs,,hard,autre_hard,ESCO,SKL_ac7e62b30b73
CANS_83935c8e476c,read standard blueprints,lire des plans standard,interpret standard blueprints | understand information presented in standard blueprints | make sense of standard blueprints | extract information from standard blueprints | extract information from blueprints | comprehend information presented in standard blueprints | comprehend standard blueprints | understand standard blueprints,,hard,autre_hard,ESCO,SKL_5db78f591cba
CANS_3645f711eb93,statistical modeling techniques,techniques de modélisation statistique,statistical modeling,modélisation statistique,hard,autre_hard,ESCO,SKL_bf0e2870e3ff
CANS_fccefad26d35,crowdsourcing strategy,stratégie de crowdsourcing,crowdsourcing plans,,hard,autre_hard,ESCO,SKL_9382981177b9
CANS_adea909802f5,develop documentation in accordance with legal requirements,établir la documentation conformément aux exigences légales,comply documentation with standards,produire la documentation conformément aux exigences légales | élaborer la documentation conformément aux exigences légales | rédiger la documentation conformément aux exigences légales | établir de la documentation conformément aux exigences légales | établir la documentation conformément aux prescriptions juridiques | préparer la documentation conformément aux exigences légales,hard,autre_hard,ESCO,SKL_a126050b0def
CANS_1af5a2436701,information extraction,extraction de l’information,information extraction techniques,,hard,donnees_bdd,ESCO,SKL_b72717b1c634
CANS_611ba053966e,utilise regular expressions,utiliser des expressions valides,use regular expressions | utilize regular expressions | create regular expression queries | query with regular expressions | query data with regular expressions,,hard,programmation,ESCO,SKL_8dde31f76b27
CANS_e934080bdbb5,blockchain concept application,application du concept de blockchain,blockchain technology application,application de la technologie blockchain,hard,donnees_bdd,ESCO,SKL_7412de0dce4d
CANS_155a9a865696,web programming,programmation web,markup programming,HTML | XHTML | XML | programmation web côté serveur | langage de programmation web | programmation web côté client | langages de balisage,hard,developpement_conception,ESCO,SKL_2e445df6f74b
CANS_78603b0f9e46,implement ICT risk management,mettre en œuvre la gestion des risques des TIC,,,hard,autre_hard,ESCO,SKL_ae7e75a47fef
CANS_6b5970d327f1,STAF,STAF,STAF software,,hard,developpement_conception,ESCO,SKL_327b78a43765
CANS_2c7e9718a146,ensure equipment availability,garantir la disponibilité d'équipements,provide apparatus availability | provide equipment availability | safeguard equipment availability | safeguard apparatus availability | assure equipment availability | secure apparatus availability | assure apparatus availability | secure equipment availability,,hard,autre_hard,ESCO,SKL_a86c206915f7
CANS_7dd06f92e000,develop automated software tests,développer des tests logiciels automatisés,generate automated software tests | build automated software tests | design automated software tests,produire des tests logiciels automatisés | automatiser le processus de tests | automatiser les tests logiciels | mettre en place des tests logiciels automatisés | concevoir des tests logiciels automatisés | élaborer des tests logiciels automatisés,hard,developpement_conception,ESCO,SKL_666b5797ca38
CANS_290a92c0146e,audit techniques,techniques d’audit,audit procedures | battery audit process,,hard,autre_hard,ESCO,SKL_5fd1a916f288
CANS_f7c259010243,create business process models,créer des modèles de processus d’entreprise,develop business process diagrams | design business process models,,hard,developpement_conception,ESCO,SKL_416a1accd749
CANS_03ac2f66bcd9,Waterfall development,développement en cascade,Waterfall project management | Waterfall software development,,hard,developpement_conception,ESCO,SKL_8dd0d4b0a0f0
CANS_4070d53ac910,manage engineering project,gérer un projet d'ingénierie,coordinate engineering project | managing engineering projects | oversee engineering project | monitor engineering project | supervise engineering project | managing engineering project | manage engineering projects,,hard,autre_hard,ESCO,SKL_3f8f40bf38e2
CANS_9d16a87bbe04,maintain responsive design,maintenir une conception réactive,ensure responsive design of website,administrer un site évolutif,hard,developpement_conception,ESCO,SKL_2ab0a661bd39
CANS_79167b2ad7ec,educate on data confidentiality,informer sur la confidentialité des données,teach data confidentiality principles | instruct on data confidentiality | educating about data confidentiality | educating on data confidentiality | educate about data confidentiality,,hard,autre_hard,ESCO,SKL_1a4ed06c76f8
CANS_176c94dcf20d,Vagrant,Vagrant,Vagrant tool | Vagrant software,,hard,developpement_conception,ESCO,SKL_419d9382e4ff
CANS_4c401ea0147f,maintain broadcast equipment,entretenir du matériel de diffusion,fix broadcast equipment | conserve broadcast equipment | protect broadcast equipment | safeguard broadcast equipment | maintaining broadcast equipment | maintain broadcasting equipment,,hard,autre_hard,ESCO,SKL_ac0b25e174b2
CANS_c0c801f1085c,develop with cloud services,développer à l’aide des services d’informatique en nuage,code with cloud services | write code with cloud services | develop cloud applications,,hard,programmation,ESCO,SKL_5a7d26256464
CANS_a2347ba6a2e1,Eclipse (integrated development environment software),Eclipse (environnement de développement intégré),Eclipse | knowledge of Eclipse | Eclipse IDE,,hard,developpement_conception,ESCO,SKL_c4334e388dc0
CANS_f965e278e3d6,design database scheme,concevoir un schéma de base de données,develop database scheme,,hard,developpement_conception,ESCO,SKL_ea96d8f39e81
CANS_84fd354ae915,technically design a sound system,assurer la conception technique d'un système de sonorisation,design a technical sound system | set up a sound system | create an audio system | design a sound system technically,,hard,developpement_conception,ESCO,SKL_67a347a11595
CANS_7425d7bbbb38,WordPress,WordPress,WordPress CMS,,hard,developpement_conception,ESCO | ONET,SKL_4bdb7032adab | SKL_9c5bfe58b903
CANS_dddf1f7f5abd,glue film reels,coller des bobines de film,attach film reels | glue film reel | gluing film reels | stick film reels,,hard,autre_hard,ESCO,SKL_dab5e29d779a
CANS_b67ebf9664b9,prospect new customers,prospecter de nouveaux clients,prospecting new customers | prospect a new customer | identify new customers | prospecting a new customer | seek new customers | find new customers | look for new customers,,hard,reseau,ESCO,SKL_9b3099d24296
CANS_1cd3aa752934,maintain audiovisual equipment,entretenir du matériel audiovisuel,check audiovisual equipment | maintain audio-video equipment | repair audiovisual equipment | maintain audio and visual equipment,,hard,autre_hard,ESCO,SKL_ffe2d205d4f8
CANS_0aada90f83ca,ICT communications protocols,protocoles de communication dans le domaine des TIC,ICT communications protocols in automotive | IT communications protocols,protocoles de communication dans le domaine des TI | protocoles réseau | suite TCP/IP | HTTP | protocoles de communication dédiés aux TIC | protocoles de communication des TIC,hard,autre_hard,ESCO,SKL_66664fb959be
CANS_01f5e79181c2,3D lighting,éclairage 3D,,,hard,autre_hard,ESCO,SKL_0dd7a481496c
CANS_5d903a0adfd2,risk management,gestion des risques,risk governance | risk administration | hazard manamagent | risk assessment,Gestion des risques (Risk Management),hard,autre_hard,ESCO | ROME,SKL_a78ae910546c | SKL_c70564109e85
CANS_ad24bcc24321,security engineering,ingénierie de sécurité,information security engineering | network security engineering | systems security engineering | security management,ingénierie de la sécurité des systèmes | gestion de la sécurité | ingénierie de la sécurité des réseaux | ingénierie de sécurité des réseaux | ingénierie de la sécurité de l'information,hard,autre_hard,ESCO,SKL_c0d9b25a3929
CANS_7510687dce55,SQL Server Integration Services,SQL Server Integration Services,Microsoft SSIS | Microsoft SQL Server Integration Services | SSIS,,hard,langage_ou_techno_nommee,ESCO,SKL_80f14516b25e
CANS_b69a167f6fd5,structure soundtrack,structurer des bandes-son,formulate soundtrack | organise soundtrack | build soundtrack | structure soundtracks | prepare soundtrack | structuring soundtrack,,hard,autre_hard,ESCO,SKL_00dbf096a81b
CANS_d46140ab74ca,Ansible,Ansible,Ansible automation tool,,hard,developpement_conception,ESCO,SKL_175902ab3712
CANS_b57e3961710f,outsourcing strategy,stratégie d’externalisation,outsourcing policies and procedures | outsourcing and partner management strategy | outsourcing management strategy,,hard,autre_hard,ESCO,SKL_8e38f536a298
CANS_6591911f7c9e,ICT system integration,intégration de systèmes de TIC,system integration,intégration des TIC | combinaison de systèmes de TIC | fusion de systèmes de TIC | intégration des systèmes de TIC | intégration de système informatiques | intégration de systèmes,hard,donnees_bdd,ESCO,SKL_83dfa0298e85
CANS_e40d9d611c21,study website behaviour patterns,étudier des schémas comportementaux sur des sites internet,study website behaviour trends | study website behaviour findings | study website behaviour activity | study a website behaviour pattern | study website behavior patterns | studying website behaviour patterns | the study of website behaviour patterns | study website behaviour results,,hard,autre_hard,ESCO,SKL_3edaef77a8dc
CANS_be51b2fa6048,broadcast using Internet Protocol,diffuser en utilisant le protocole internet,broadcasting using Internet Protocol | air using Internet Protocol | disseminate using Internet Protocol | broadcast using IP | transmit using Internet Protocol,,hard,autre_hard,ESCO,SKL_e488fded0295
CANS_653fdb1438fd,Cisco,Cisco,Network Magic | Cisco Systems,Cisco Systems | Network Magic | Cisco 7600,hard,developpement_conception,ESCO,SKL_5f8c22d6f0f5
CANS_fab9ac33960f,Oracle WebLogic,Oracle WebLogic,Oracle WebLogic Server,,hard,developpement_conception,ESCO,SKL_aea959fc8fab
CANS_acb689703776,project management,gestion de projets,fundamentals of programme management | management of programmes | management of projects | fundamentals of project management | principles of project management | programme management | principles of programme management | programme management activities | project management activities,gestion de programmes | principes de gestion du programme | fondamentaux de la gestion des programmes | principes de gestion de projet | activités de gestion de projet | activités de gestion du programme | gestion du programme | fondamentaux de la gestion de projet | Gestion de projet,hard,autre_hard,ESCO | ROME,SKL_84f06889c9ee | SKL_edbffb865bc9
CANS_920cdc92e7b5,implement data quality processes,mettre en œuvre des processus de qualité des données,verify data,mettre en œuvre des procédures de qualité des données | vérifier les données | appliquer des processus de qualité des données | vérifier la qualité des données | mener un audit de qualité des données | mettre en œuvre les processus de qualité des données,hard,donnees_bdd,ESCO,SKL_6187c92b007c
CANS_b7a7a17920dd,research design,plan de recherche,research design methods,méthodes de conception de la recherche,hard,developpement_conception,ESCO,SKL_ca7f5b48d835
CANS_56b3b73bf5a6,ensure information privacy,assurer la confidentialité des informations,ensure data privacy | maintain privacy and confidentiality of information | ensure confidentiality of data and information,,hard,donnees_bdd,ESCO,SKL_0061e17f554c
CANS_96b18c8c820d,collect customer feedback on applications,recueillir les commentaires des clients sur des applications,analyse business objectives and customer interests,recueillir les réactions des clients sur des applications | recueillir le feedback des clients sur des applications | recueillir les remarques des clients sur des applications | recueillir les retours des clients sur des applications | analyser les intérêts du consommateur | recueillir l’opinion des clients sur des applications | recueillir les avis des clients sur des applications,hard,autre_hard,ESCO,SKL_f9a3c3ad2595
CANS_5358016cdbc1,unified modelling language,langage de modélisation unifié,standard modelling language | unified modeling language | uml,langage de modélisation objet | méthode de modélisation orientée objet | standard de modélisation | langage unifié de modélisation | UML,hard,autre_hard,ESCO,SKL_627bb45cf813
CANS_bd1f25f65ab2,deploy ICT systems,déployer des systèmes TIC,deploy system | draw up an implementation plan,,hard,autre_hard,ESCO,SKL_6c3b2061ca0c
CANS_4b53ffc7c7dc,utilise content types,utiliser des types de contenu,use MIME types and subtypes | utilize multipurpose internet mail extensions types | utilize MIME types and subtypes | use multipurpose internet mail extensions types | use content types,,hard,donnees_bdd,ESCO,SKL_b62225bfd370
CANS_6129f9bff020,develop ICT test suite,développer une suite de tests TIC,design software testing,concevoir une batterie de tests | élaborer une suite de tests TIC | concevoir une séquence de tests | concevoir une suite de tests TIC | développer une suite de tests informatiques | concevoir des tests logiciels,hard,developpement_conception,ESCO,SKL_fa3ca530b552
CANS_6d622a7b25a5,operational research,recherche opérationnelle,operations research | operations analysis,analyse des opérations,hard,autre_hard,ESCO,SKL_7316456072df
CANS_cd6afaea827c,install image equipment,installer le matériel de projection d'image,install imaging equipment | install equipment for images | set up projection equipment | operate imaging equipment,,hard,autre_hard,ESCO,SKL_eab15b524936
CANS_53d9a4d2f798,operate an audio mixing console,utiliser une console de mixage audio,control a sound mixing system live | control a sound mixing console | control an audio mixing system live | operate an audio mixing system live | control an audio mixing console | operate a sound mixing console | operate a sound mixing system live,,hard,autre_hard,ESCO,SKL_1dda76e1d1b2
CANS_01c897835789,engineering processes,processus d'ingénierie,engineering strategy | engineering methodologies,,hard,autre_hard,ESCO,SKL_4ffa5c387846
CANS_9044888b34b4,calculate design costs,calculer les coûts de conception,calculate costs of design | estimate project costs | estimate design costs | calculate designing costs,,hard,autre_hard,ESCO,SKL_d2fc616de47b
CANS_2de2e7c7d9f7,provide information,fournir des informations,arrange information | provision of information | furnish information | information provision | contribute information | providing information | administer information,donner des renseignements,hard,autre_hard,ESCO,SKL_6f15480a7a8b
CANS_3875d4e3a81e,image formation,formation d’images,representation of an object to an image plane | processes by which images are formed | processes of image formation,,hard,autre_hard,ESCO,SKL_c7c7c6f07c2b
CANS_918e780a43e1,use methodologies for user-centered design,utiliser des méthodes de conception centrée sur l’utilisateur,apply approaches for user-centered design | utilise user-centered design methodologies | apply methodologies for user centered design | employ techniques for user-oriented design,employer des méthodes de conception centrée sur l’utilisateur | préparer la démarche de conception centrée sur l’utilisateur | utiliser des méthodes de conception orientée utilisateur | avoir recours à la conception centrée sur l’utilisateur | utiliser des techniques de conception centrée sur l’utilisateur | utiliser la méthodologie de conception centrée sur l’utilisateur,hard,developpement_conception,ESCO,SKL_fba4f836c64f
CANS_b0d9902c6e9d,operate relational database management system,administrer un système de gestion de bases de données relationnelles,DBMS,,hard,donnees_bdd,ESCO,SKL_056d3e37266e
CANS_fe927f596c2b,plan digital marketing,planifier des stratégies de marketing numérique,develop digital marketing strategies | plan marketing digitally | manage internet advertising,planifier les stratégies opérationnelles de marketing numérique | programmer les stratégies de marketing numérique,hard,developpement_conception,ESCO,SKL_07409ae8fbfd
CANS_78a266abb724,use communication equipment,utiliser des équipements de communication,operate telecommunications equipment | use equipment for communication | test communication equipment | use equipment to communicate,,hard,autre_hard,ESCO,SKL_3ea0e58ddba3
CANS_a0146d85f4d0,adapt to type of media,s'adapter au type de média,adapt to types of media | adapt to media type | adjust to type of media | modify to type of media | adapting to type of media,,hard,autre_hard,ESCO,SKL_2d3ddbdb3c37
CANS_8abed754d152,digital twin technology,technologie du jumeau numérique,digital modelling technology | virtual twin model | digital replication technology,modèle jumeau virtuel | technologie de réplication numérique | technologie de modélisation numérique | modèle de jumeau virtuel,hard,developpement_conception,ESCO,SKL_049ae1a3abf1
CANS_ea5efc44f5fe,perform ICT troubleshooting,procéder au dépannage des TIC,undertake ICT troubleshooting | implement ICT troubleshooting | performing ICT troubleshooting | complete ICT troubleshooting | ICT troubleshooting performance,,hard,autre_hard,ESCO,SKL_04e6c64d8bdd
CANS_3e67637dba73,task algorithmisation,algorithmisation des tâches,task algorithm development,,hard,donnees_bdd,ESCO,SKL_36d64273ebbf
CANS_d48e2f7bf297,scientific literature,littérature scientifique,scientific publications,publications scientifiques,hard,developpement_conception,ESCO,SKL_ba74f5ebe5fa
CANS_65f35ff6eac6,develop ICT workflow,développer un flux de travail de TIC,design ICT workflows,,hard,developpement_conception,ESCO,SKL_c3a6a015f14b
CANS_57da7adb8dab,tools for ICT test automation,outils d’automatisation de test TIC,test automation tools | Selenium | tools for test automation,loadRunner | outils d’automatisation de test relatifs aux TIC | outils d’automatisation de test en matière de TIC | QTP | selenium,hard,developpement_conception,ESCO,SKL_45b5255faa15
CANS_d4c204709bbb,improve business processes,améliorer les processus d’entreprise,manage processes | improve processes,perfectionner les processus d’entreprise | renforcer les processus d’entreprise | optimiser les processus d’entreprise | améliorer une processus d’entreprise | optimaliser les processus d’entreprise | améliorer des processus d’entreprise,hard,developpement_conception,ESCO,SKL_c7f3dda43bfb
CANS_bc2bb57ca2a5,manage teamwork,gérer le travail d’équipe,manage teamwork practices | plan working in a team | plan the work of teams and individuals | develop teamwork schedule | work planning of teams and individuals | work managing | teams and individuals work managing | teams and individuals work planning | plan teamwork | organise work practices | manage the work of teams and individuals | work managing of teams and individuals | create a plan of teamwork | plan work as a team,gérer les pratiques de travail d'équipe | créer un plan de travail d'équipe | organiser les pratiques de travail en équipe | planifier le travail en équipe | gestion du travail des équipes et des individus | plan de travail en équipe | développer un calendrier de travail d'équipe | planification du travail des équipes et des individus | développer un programme de travail en équipe | gérer les pratiques de travail en équipe | planifier le travail des équipes et des individus | planifier le travail d'équipe | gestion de travail d'équipes et d'individus,hard,autre_hard,ESCO,SKL_407a5ba1b983
CANS_843edd7472dd,use query languages,utiliser des langages de requête,using structured query language | use database query language | query language using | using query language | retrieve data using a query language | using database query language | retrieve data using a structured query language | retrieving data using a query language | use information retrieval query language | using information retrieval query language | data retrieving using a query language | use structured query language | data retrieving using a structured query language | retrieving data using a structured query language,,hard,programmation,ESCO,SKL_f24b2d743df5
CANS_c164995f177c,signal cues to announcers,signaler les débuts de morceau à des annonceurs,signalling cues to announcers | give cues to announcers | signal cues to announcer | provide cues to announcers | indicate cues to announcers,signaler les cues à des annonceurs,hard,autre_hard,ESCO,SKL_0a5c4286d0e8
CANS_197c41fb9b36,NoSQL,NoSQL,Not Only SQL non-relational database | NoSQL database management system | NoSQL non-relational database | Not Only SQL database management system,,hard,langage_ou_techno_nommee,ESCO | ONET,SKL_0469802d64a4 | SKL_a79209ee3045
CANS_80703ff07d5a,identify software for warehouse management,recenser les logiciels de gestion d’entrepôts,determine software for warehouse management | identify applications for warehouse management | identify software applications for warehouse management | discover warehouse management software | recognize software for warehouse management,,hard,autre_hard,ESCO,SKL_c0a2e4a81fa2
CANS_8489423d1f6f,ICT help platforms,plateformes d’aide en ligne,ICT help desks | ICT help desk platforms,,hard,autre_hard,ESCO,SKL_5947e7bab77c
CANS_087b1eb5e398,lathe machine parts,pièces de machines de tournage,lathing and turning machine components | tumbling machine units | tumbling machine components | tumbling machine elements | tumbling machine pieces | lathing and turning machine elements | lathing and turning machine units | lathing and turning machine pieces,,hard,autre_hard,ESCO,SKL_326678bb744d
CANS_f840492c3434,ICT security legislation,législation sur la sécurité des TIC,cyber-security regulation | network and information security legislation | ICT law | legal aspects of computing,législation relative à la sécurité des TIC | législation en matière de cybersécurité | aspects juridiques de l’informatique | droit des TIC | législation en matière de sécurité des réseaux et de l’information | lois relatives à la sécurité des TIC,hard,autre_hard,ESCO,SKL_f8cdff52e6ee
CANS_24bd08380768,handle rental overdues,gérer les locations en retard,handling rental overdues | operate rental overdues | administer rental overdues | handle a rental overdue | deal with rental overdues | conduct rental overdues | rental overdues handling,,hard,autre_hard,ESCO,SKL_9a9bfcbede67
CANS_9616a3e1c726,provide software testing documentation,fournir la documentation de test logiciel,provide software testing procedures | provide software test procedures documentation,,hard,autre_hard,ESCO,SKL_b9899d180c91
CANS_9f42f4d6c30e,perform software unit testing,effectuer un test de logiciel,perform unit testing,,hard,programmation,ESCO,SKL_1da867302f5b
CANS_cc73bf0a9afb,develop software prototype,développer un prototype de logiciel,develop software throw-away simulation | develop software mockup,développer un logiciel prototype | développer des prototypes de logiciels | construire un prototype de logiciel | créer un prototype de logiciel | concevoir un prototype de logiciel | développer un logiciel de mockup,hard,programmation,ESCO,SKL_9530b497844a
CANS_9d85974e0eb6,collect ICT data,collecter les données,obtain digital data | gather digital data; obtain digital data | gather digital data | collect digital data,,hard,donnees_bdd,ESCO,SKL_ba3fb6052878
CANS_cba93555ab3b,assemble performance equipment,monter les équipements de la représentation,set up performance equipment | assemble equipment for performances | install performance equipment | make performance equipment ready | fit up performance equipment | assembling performance equipment,,hard,autre_hard,ESCO,SKL_f59552a8dc52
CANS_eceb84ff7a68,organisational resilience,résilience organisationnelle,business resilience | operational resilience | organizational resilience,résilience opérationnelle | capacité de résilience organisationnelle | principe de résilience organisationnelle | indicateur de résilience organisationnelle | résistance organisationnelle | 6ZRI,hard,autre_hard,ESCO,SKL_4a174ce373ac
CANS_1344d1ce4d3d,monitor technology trends,suivre les tendances technologiques,stay up to date with technology trends | monitor emerging technologies and industry trends | stay up to date on existing and emerging technology trends | monitor trends and innovations in technology | keep up with the latest technology trends | keep abreast of technical innovations | follow technology industry trends and new technologies,,hard,developpement_conception,ESCO,SKL_3cbcca60d860
CANS_bfc96d215aa1,deal with pressure from unexpected circumstances,supporter la pression face à l’imprévu,cope with unexpected events | cope with unexpected circumstances | respond positively to unexpected contingencies | respond positively to unexpected events | dealing with pressure from unexpected circumstances | cope with unexpected contingencies | respond positively to unexpected circumstances,,hard,developpement_conception,ESCO,SKL_232a99be9711
CANS_f55bd02f0083,use CAM software,utiliser un logiciel de FAO,apply machinery control programmes | adopt machinery control programmes | handle CAM software | adopt CAM software | utilise machinery control programmes | utilise CAM software | handle machinery control programmes | apply CAM software,,hard,autre_hard,ESCO,SKL_97b9ea638158
CANS_fa2b6a19f724,develop strategy to solve problems,élaborer une stratégie pour résoudre les problèmes,create implementation strategy | devise action plan | design strategy to solve problems | develop strategies to solve problems | decide priorities | identify tasks | develop objectives | strategic thinking | developing strategy to solve problems | devise strategy | develop problem solving strategy | set targets | come up with strategy to solve problems | adapt implementation strategy | create strategy to solve problems | identify goals | set goals | develop strategy to solve problem,mettre au point une stratégie de résolution de problèmes,hard,developpement_conception,ESCO,SKL_736069c45b6d
CANS_6d3b9951860d,analyse ICT system,analyser un système de TIC,assess ICT system | analyse information and communications technology system | analyze information and communications technology system | assess information and communications technology system | analyze ICT system,,hard,autre_hard,ESCO,SKL_67a4d439c738
CANS_2c91b18a776d,coordinate engineering teams,coordonner des équipes d’ingénieurs,coordinating engineering teams | co-ordinating engineering teams | engineering team co-ordinating | engineering activities supervising | supervise engineering activities | co-ordinate engineering teams | engineering teams co-ordinating | engineering team coordinating | engineering teams coordinating | supervising engineering activities,,hard,autre_hard,ESCO,SKL_0cac93234618
CANS_64877288e38b,computer vision,vision par ordinateur,OCR | cuda | matlab | tensorflow | simpleCV | openCV | keras,,hard,autre_hard,ESCO,SKL_0dcb87ca96d3
CANS_8ee5db1494cd,advise client on technical possibilities,conseiller un client sur les possibilités techniques,offer suggestions to client on technical possibilities | advise clients on technical possibilities | advising client on technical possibilities | counsel client on technical possibilities | give client recommendations on technical possibilities | advise client on technical possibility,,hard,developpement_conception,ESCO,SKL_e54666219b27
CANS_27d2635a3c24,computer science,informatique,informatics | informatics studies,sciences informatiques | Informatique,hard,developpement_conception,ESCO | ROME,SKL_1b5ba325ef7d | SKL_756561cf32e2
CANS_f7fa143c2892,test for behavioural patterns,définir des schémas comportementaux,test for behavioural pattern | test for behavioral patterns | test for behavioral pattern | discern pattern in behaviour | discern patterns in behavior | discern patterns in behaviour,,hard,autre_hard,ESCO,SKL_67477491a4ca
CANS_9ea0826def42,John The Ripper (penetration testing tool),John The Ripper (outil de test d’intrusion),John The Ripper,,hard,developpement_conception,ESCO,SKL_9047686e98fd
CANS_ae12925106b8,operate private branch exchange,faire fonctionner un commutateur téléphonique privé,PBX,faire fonctionner un autocommutateur téléphonique privé | utiliser un PABX-IP | utiliser un PABX | faire fonctionner un PBX | utiliser un IPBX | utiliser un standard téléphonique interne,hard,autre_hard,ESCO,SKL_e36932d9aee8
CANS_1cafc57e1317,assess sound quality,évaluer la qualité sonore,evaluate sound quality | assess sound qualities | gauge sound quality | assessing sound quality | test sound quality | measure sound quality,évaluer la qualité du son,hard,autre_hard,ESCO,SKL_520745ec72e2
CANS_526ea5acc4be,blockchain-based services regulation,réglementation des services fondés sur la technologie de la chaine de blocs,regulatory framework for blockchain | legal guidance for blockchain | legal regulations for blockchain,réglementation des services fondés sur la technologie de la blockchain | cadre réglementaire de la blockchain | réglementations juridiques pour la blockchain | orientations juridiques pour la chaîne de blocs | cadre réglementaire pour la chaîne de blocs | réglementations légales pour la blockchain | conseils juridiques pour la blockchain,hard,programmation,ESCO,SKL_1548ab6bfafd
CANS_a2f2eeb80b54,finish project within budget,finaliser un projet en respectant le budget,complete project within budget | finish projects within budget | finishing project within budget | carry out project within budget | finalize project within budget,,hard,autre_hard,ESCO,SKL_ee83919bd870
CANS_5173775785be,use automatic programming,utiliser la programmation automatique,use visual programming,utiliser un atelier de génie logiciel | utiliser un AGL | utiliser la programmation graphique | utiliser la programmation visuelle | utiliser des outils CASE,hard,programmation,ESCO,SKL_91a3e0a560f7
CANS_bbbe810e99a9,vocal techniques,techniques vocales,voice techniques | vocal procedures | vocal practices | vocal technique | vocal methods,,hard,autre_hard,ESCO,SKL_84b9afc432b4
CANS_8616585b3a1f,develop virtual game engine,développer un moteur de jeu virtuel,create game development framework,,hard,programmation,ESCO,SKL_a47350a90c0e
CANS_1a14b596ddfa,execute ICT audits,réaliser des audits informatiques,execute information security audits | execute IT security audits | execute cyber security audits | execute ICT security audits,exécuter des audits de sécurité informatique | exécuter des audits de sécurité de l'information | réaliser des audits de sécurité des TIC | exécuter des audits de sécurité des TIC | exécuter des audits de cybersécurité | réaliser des audits de sécurité informatique,hard,programmation,ESCO,SKL_b987f0547d15
CANS_13bd72556b7a,collaborate with music librarians,collaborer avec les archivistes de musique,collaborate with a librarian of music | work with librarians | communicate with music librarians | collaborate together with music librarians,collaborer avec les bibliothécaires musicaux,hard,autre_hard,ESCO,SKL_415d601a3a97
CANS_64626ad7464d,problem-solving with digital tools,résolution des problèmes à l'aide d'outils et de matériel TIC,problem-solving with ICT hardware and tools | resolving issues with ICT tools and hardware | problem-solving with information and communication technologies tools and hardware | finding solutions with ICT tools and hardware | ICT tools and hardware problem solving | problem-solve with ICT tools and hardware,,hard,autre_hard,ESCO,SKL_b0bfbf4c0f2a
CANS_48501124bcc9,mathematical physics,physique mathématique,foundations of mathematical physics,fondements de la physique mathématique,hard,programmation,ESCO,SKL_4a2d8a931138
CANS_980ac8ea28db,design database in the cloud,concevoir une base de données dans le nuage,apply design principles for cloud data architecture | develop cloud database design | apply design principles for cloud database design | design automated cloud databases | design cloud data architecture,,hard,developpement_conception,ESCO,SKL_993e5a908b00
CANS_bf2b5ba18598,statistics,statistiques,experimental data | use of data in performance of work | use of statistics | organisation of data | data analysis | survey data | use of statistics in performance of work | data collection | stats | data work | big data | metadata | statistical analysis | use of data | administrative data,,hard,autre_hard,ESCO,SKL_598b19e5beee
CANS_6f744b250bf4,attend to ICT systems quality,veiller à la qualité des systèmes d’information et de communication,ensure ICT systems meet required standards | ensure ICT system quality,,hard,securite,ESCO,SKL_318b0a40b120
CANS_b9b412c1e215,assessment of risks and threats,évaluation des risques et des menaces,principles of assessment of risks and threats | methods for handling security-related information | methods for assessment of risks and threats | principles for handling security-related information | techniques for handling security-related information | techniques for assessment of risks and threats,,hard,donnees_bdd,ESCO,SKL_df4bdc537b33
CANS_9f33f2a25157,telecom regulations,réglementation en matière de télécommunications,Electronic Communications Code,code des communications électroniques,hard,autre_hard,ESCO,SKL_2dbc3a7582b5
CANS_80bd45712eb1,green building standards,normes de construction écologique,sustainable construction standards | energy-efficient building codes | green construction guidelines,normes de construction durable | directives de construction écologique | codes de construction éconergétiques | lignes directrices sur la construction verte | normes de construction durables | codes du bâtiment économes en énergie,hard,autre_hard,ESCO,SKL_69701380f3af
CANS_8585e0bb83ba,cyber security,cybersécurité,ICT security | cybersecurity | digital security | information and communications technology security | IT security | information security,sécurité des technologies de l'information et de la communication | sécurité des TIC | sécurité numérique | sécurité informatique | sécurité des technologies de l'information et des communications | sécurité de l'information | Cybersécurité,hard,autre_hard,ESCO | ROME,SKL_bbc55bdf9279 | SKL_ef22165c9ad6
CANS_2882e35e0c85,synchronise sound with images,synchroniser du son et des images,synchronize sound with images | synchronising sound with images | match sound with images | coordinate sound with images | synchronise sound with image | synchronise sounds with images,,hard,autre_hard,ESCO,SKL_f6782c956f34
CANS_6868aadd3299,manage flight data communications programme,gérer le programme de communication des données de vol,oversee flight data communication programme | supervise data communication programme | supervise flight data communication programme | manage data communication programme | manage exchange of flight data in aviation operations | oversee data communication programme | manage exchange of digital flight data between pilots and air traffic control | facilitate transmission of flight data through management of digital communication programmes | ensure effective exchange of digital flight data between pilots and air traffic control | manage transmission of flight data in aviation operations | manage flight data communications program,,hard,donnees_bdd,ESCO,SKL_2116d3bf8e62
CANS_12dbe6761cd0,use word processing software,utiliser un logiciel de traitement de texte,Google Docs | GNU TeXmacs | IBM Lotus Word Pro | AbiWord | TextEdit | LaTeX | WordGraph | QuickOffice | Calligra Words | Kingsoft Office Writer | LibreOffice Writer | use document processing program | Atlantis Word Processor | Polaris Office | produce text files | type text | make use of word processing software | apply word processing software | use word processor | using word processor | Microsoft Office Word | Apple Pages | Zoho Writer | use word processing | WordPad | able to use using word processing software | Textilus | utilise word processing software | ThinkFree Office | IntelliTalk | use text processing program,,hard,autre_hard,ESCO,SKL_57820393d1d6
CANS_2a54cc650198,handle cybersecurity incidents,gérer les incidents de cybersécurité,analyse cybersecurity incidents | handle cybersecurity incidents in production facilities | monitor security logs | respond to cyber incidents | monitor the security of digital systems,analyser les incidents de cybersécurité | surveiller la sécurité des systèmes numériques | surveiller les journaux de sécurité | répondre aux cyberincidents,hard,autre_hard,ESCO,SKL_08aae3431f2b
CANS_67d9affdd6f4,IBM InfoSphere Information Server,IBM InfoSphere Information Server,IBM InfoSphere Information Server platform | IBM Infosphere Information Server,,hard,donnees_bdd,ESCO | ONET,SKL_0faa638ce520 | SKL_919b93d167fc
CANS_6bfe97ef640a,use back-up and recovery tools,utiliser des outils de sauvegarde et de récupération,use recovery software | use back-up and recovery software | use back-up software | use recovery tools | back-up and recovery tools using | using back-up and recovery tools | using back-up and recovery software | use back-up tools,,hard,securite,ESCO,SKL_be15098358f4
CANS_0c21a8ea9ea2,define roadmap for blockchain in applications,feuille de route pour la mise en œuvre de la technologie de la chaine de blocs,create a blockchain roadmap in applications,créer une feuille de route blockchain dans les applications,hard,developpement_conception,ESCO,SKL_1769646821a8
CANS_c64b0265416c,conduct quantitative research,mener des recherches quantitatives,apply quantitative research methods,,hard,autre_hard,ESCO,SKL_e31c30f07321
CANS_223ffa721f4d,service-oriented modelling,modélisation orientée services,ICT service models | service oriented models | SaaS model | Software as a service | SaaS | service-oriented modeling,logiciel à la demande | modèles orientés services | iaas | logiciel en tant que service | architecture orientée services | saas | paas,hard,donnees_bdd,ESCO,SKL_1ec8e222a519
CANS_1095cee8065c,innovate in ICT,innover dans les TIC,conduct research in ICT,,hard,autre_hard,ESCO,SKL_666b1c906f94
CANS_1ccbddfc2c76,apply research ethics and scientific integrity principles in research activities,appliquer des principes d’éthique et d’intégrité scientifique de la recherche dans les activités de recherche,adhere to scientific research code of ethics | obey scientific research code of conduct | follow scientific research code of conduct,,hard,autre_hard,ESCO,SKL_17de38ea8328
CANS_974414fede14,remove computer virus or malware from a computer,supprimer un virus informatique ou un logiciel malveillant d’un ordinateur,removing virus from a computer | removing malware from a computer | cleaning malware-infected computer | removing computer virus or malware from a computer | remove virus from a computer | clean malware-infected computer | clean virus-infected computer | cleaning virus-infected computer | computer virus or malware removing from a computer | remove malware from a computer,,hard,securite,ESCO,SKL_9b29beea7c1b
CANS_5c69a44c7537,receive appropriate permissions for use of recorded audiovisual examples,recevoir des autorisations appropriées pour l’utilisation d’exemples d’enregistrements audiovisuels,receiving appropriate permissions for use of recorded audiovisual examples | receive appropriate permissions for recorded audiovisual example use | Gaining appropriate permissions for use of recorded audiovisual examples | receive appropriate permission for use of recorded audiovisual examples,,hard,autre_hard,ESCO,SKL_95c9d04b930b
CANS_40d519b66fcc,utilise machine learning,utiliser l’apprentissage automatique,carry out machine learning | use machine learning | utilize machine learning | perform machine learning,,hard,programmation,ESCO,SKL_f538b5a71a6c
CANS_0def91adf6c8,Microsoft Visual C++,Microsoft Visual C++,MS Visual C++ | Visual C++ | VC++ | MSVC,,hard,developpement_conception,ESCO,SKL_f858e811b523
CANS_95441a64cab3,oversee development of software,superviser le développement d’un logiciel,oversee development of applications | coordinate development of applications | monitor development of software | manage the development of a software | coordinate development of software,,hard,autre_hard,ESCO,SKL_f481a9c7d3e1
CANS_1fe38b19ab00,IBM Informix,IBM Informix,Informix Extended Parallel Server | Informix Advanced Workgroup Edition | Informix Workgroup Edition | Informix Enterprise Edition | Informix Dynamic Server | Informix Advanced Enterprise Edition | Informix Express Edition,,hard,donnees_bdd,ESCO | ONET,SKL_1058cd52f3ac | SKL_461f77df9a16
CANS_227eb835f3d3,mix sound in a live situation,mixer le son en direct,mixing sound in live situation | sound mixing in a live situation | mix audio during a live setting | mix sound during a live situation,,hard,autre_hard,ESCO,SKL_1d3b625b251f
CANS_cac75d7d1e19,core banking software,logiciels bancaires,core banking application,application bancaire principale | application bancaire de base,hard,autre_hard,ESCO,SKL_d8c205c532f4
CANS_4e3853f599a7,create database diagrams,créer des schémas de base de données,create database blueprint | create database models,créer un schéma de base de données | créer des projets de base de données | créer des diagrammes de base de données | créer le schéma de la base de données | créer des modèles de base de données,hard,developpement_conception,ESCO,SKL_27d19457db14
CANS_b50ff2a4b934,SketchBook Pro,SketchBook Pro,Autodesk SketchBook Pro | SketchBook,,hard,autre_hard,ESCO,SKL_ab39799c3a36
CANS_ab950fccd0d3,develop ICT device driver,développer un pilote d’appareil TIC,design ICT device driver | build ICT device driver,,hard,programmation,ESCO,SKL_55cd3dcd5e3b
CANS_8249fe0c7c7f,direct inward dialing,sélection directe à l’arrivée,DDI | DID | direct dial-in,DDI | SDA | DID | numéro d’appel direct | numéro téléphonique public | sélection directe des appels à l’arrivée,hard,autre_hard,ESCO,SKL_85407d1bf0c9
CANS_cba38ac15d5a,interpret technical texts,interpréter des textes techniques,interpret technical information,,hard,autre_hard,ESCO,SKL_04d28b46c58b
CANS_f32406246d02,levels of software testing,niveaux de test logiciels,software integration testing,,hard,developpement_conception,ESCO,SKL_f335ed0ef250
CANS_552ce7bd73e0,manage ICT legacy implication,gérer les conséquences de l’obsolescence des TIC,analyse legacy implication,gérer les effets de l’obsolescence des TIC | traiter les conséquences de l’obsolescence des TIC | gérer l’incidence de l’obsolescence des TIC | faire face aux conséquences de l’obsolescence des TIC | contrôler les conséquences de l’obsolescence des TIC | aborder les conséquences de l’obsolescence des TIC,hard,donnees_bdd,ESCO,SKL_87e726dfb63f
CANS_f5b4d701cdd8,install electronic communication equipment,installer un équipement de communications électroniques,set up electronic communication equipment,,hard,autre_hard,ESCO,SKL_c9f64b378429
CANS_3b03bd39d045,TypeScript,TypeScript,TypeScript programming language,,hard,langage_ou_techno_nommee,ESCO | ONET,SKL_2d0bcaf9ef5b | SKL_6b4086c51411
CANS_cfc0c7831935,World Wide Web Consortium standards,standards du World Wide Web Consortium,W3C standards,HTML | XHTML | XML | SPARQL | RDF | PNG | HTML5 | normes du World Wide Web Consortium | SOAP | spécifications techniques développées par le World Wide Web Consortium | CSS | normes du W3C | standards du W3C | XSL | SVG,hard,developpement_conception,ESCO,SKL_b2efdf0b940a
CANS_09ccc929e21a,apply information security policies,appliquer des politiques de sécurité de l’information,protect data | information security policy | comply with data protection regulations | ensure CIA | ensure confidentiality principles | secure data | protect information | apply data protection | data protection regulations | data security,appliquer des politiques relatives à la sécurité de l’information | mettre en œuvre des politiques de sécurité de l’information | garantir la confidentialité de l’information | mettre en place des politiques de sécurité de l’information | appliquer des politiques en matière de sécurité de l’information | respecter la réglementation en matière de protection des données,hard,donnees_bdd,ESCO,SKL_c6d25b351f1c
CANS_aacf43f8d9d8,Microsoft Visio,Microsoft Visio,Visio 2013 | MS Visio | Visio 2016 | Microsoft Office Visio | Office Visio 2007 | Office Visio 2003 | Visio 2010 | Visio 2000 | Visio 2002,,hard,autre_hard,ESCO | ONET,SKL_1e4417eabff3 | SKL_b7ce18b01c97
CANS_6b340f64d54b,promote open innovation in research,promouvoir l’innovation ouverte dans la recherche,encourage open innovation in research | promote integrated collaboration in research | boost open innovation in research | stimulate collaborative innovation in research | foster collaborative innovation in research,,hard,autre_hard,ESCO,SKL_633fc2486338
CANS_e9ea376986c7,forecast workload,prévoir la charge de travail,forecasting a workload | determine workload | anticipate workload | forecast a workload | forecast workloads | foresee workload,,hard,autre_hard,ESCO,SKL_1e5d6fd05d45
CANS_ff842bc59516,Oracle Application Development Framework,Oracle Application Development Framework,Oracle ADF,,hard,developpement_conception,ESCO,SKL_04a2d8996b23
CANS_ee8a5a0ff36f,JSSS,JSSS,JavaScript Style Sheets,,hard,donnees_bdd,ESCO,SKL_4aab07be640c
CANS_0ebfd48cf5b0,calibrate electronic instruments,calibrer des instruments électroniques,adjust the reliability of electronic instruments | adjust electronic instruments | fine-tune electronic instruments | correct the reliability of electronic instruments,,hard,autre_hard,ESCO,SKL_15e3b435f285
CANS_73df2f21623e,translate artistic concepts to technical designs,traduire des concepts artistiques en conceptions techniques,translate artistic concepts to tech designs | transform artistic concepts to technical designs | convert artistic concepts to technical designs | translating artistic concepts to technical designs | translate artistic concept to technical design,,hard,developpement_conception,ESCO,SKL_93b83a6c5124
CANS_f47d474610fc,conduct research interview,mener un entretien de recherche,conduct interview based research | administer research interviews,,hard,autre_hard,ESCO,SKL_b04355598611
CANS_b7c598774a5a,distributed computing,calcul distribué,parallel computing | grid computing | cluster computing,,hard,donnees_bdd,ESCO,SKL_3b3c14a06a23
CANS_a9e440b4bd43,measure customer feedback,évaluer les commentaires des clients,ensure customer satisfaction | process customer feedback | collect and manage customer feedback | measure feedback from customers | measuring customer satisfaction | assess customer satisfaction | evaluate customer feedback | collect and manage client feedback,analyser les commentaires des clients | évaluer les retours des clients | mesurer les commentaires des clients,hard,autre_hard,ESCO,SKL_845971a3c198
CANS_e94b9462ad0c,work safely with chemicals,travailler en toute sécurité avec des produits chimiques,working safely with chemicals | operate safely with chemicals | perform duties safely with chemicals,,hard,autre_hard,ESCO,SKL_56a834a16738
CANS_215d3d3faa2f,implement smart contracts,mettre en œuvre des contrats intelligents,apply smart contracts,appliquer des contrats intelligents,hard,developpement_conception,ESCO,SKL_503d8d5f426a
CANS_abb09331ca23,computer engineering,génie informatique,science of computer engineering | computer software development | integration of hardware and software | software design | discipline of computer engineering | computer hardware development | engineering of computers | field of computer engineering,ingénierie informatique,hard,autre_hard,ESCO,SKL_4c069489e522
CANS_6573671f16bb,use a telecine,utiliser un télécinéma,use telecines | employ a telecine | utilise a telecine | operate a telecine | using a telecine,,hard,autre_hard,ESCO,SKL_4856cd0b061c
CANS_0f13b4517b0e,trigonometry,trigonométrie,triangle geometry | trigonometric functions,,hard,autre_hard,ESCO,SKL_8c496c476189
CANS_018304f7733f,determine visual concepts,définir des concepts visuels,establish the best way to project a concept | determine concepts visually | determine a visual concept | think of the best way to convey a visual concept,,hard,developpement_conception,ESCO,SKL_64c0fc011a7c
CANS_ee9817917f98,BlackArch,BlackArch,BlackArch testing tool,,hard,developpement_conception,ESCO,SKL_abed322709f3
CANS_7788b393cb09,operate remote broadcast equipment,faire fonctionner du matériel de transmission à distance,operate live shot equipment | operate live remote equipment,utiliser du matériel de transmission à distance | employer du matériel de transmission à distance | faire fonctionner un appareil de transmission à distance | faire fonctionner de l’équipement de transmission à distance | commander du matériel de transmission à distance | exploiter du matériel de transmission à distance,hard,autre_hard,ESCO,SKL_4f904bbda9e7
CANS_aad238daf209,support a designer in the developing process,soutenir un concepteur dans le processus de développement,supporting a designer in the developing process | help a designer in the developing process | support a designer in the development process | assist a designer in the developing process | support a designer in developing processes,,hard,autre_hard,ESCO,SKL_a96ffa22eed3
CANS_1e1ec30e9456,promote environmental awareness,promouvoir la sensibilisation à l'environnement,encourage environmental awareness | endorse environmental awareness | promotion of environmental awareness | advocate environmental awareness | environmental awareness promotion | stimulate environmental awareness | promoting environmental awareness,,hard,autre_hard,ESCO,SKL_6c3ae14bc83c
CANS_68f07bc1f72f,game theory,théorie des jeux,conflict resolution theory | game theory for blockchain | rational choice theory | interactive decision theory,théorie de la décision interactive | théorie des jeux pour la blockchain | théorie de la résolution des conflits | théorie des jeux pour blockchain | théorie du choix rationnel | théorie de résolution des conflits,hard,autre_hard,ESCO,SKL_6f26fd81e617
CANS_b7d29e96dba5,use software libraries,utiliser des bibliothèques logicielles,utilise software libraries,gérer des bibliothèques logicielles | faire usage des bibliothèques logicielles | utiliser des bibliothèques | utiliser une bibliothèque logicielle | accéder à des bibliothèques logicielles | employer des bibliothèques logicielles,hard,donnees_bdd,ESCO,SKL_014598d4e683
CANS_fc96c38c97dc,blockchain terminology,terminologie de la technologie de la blockchain,blockchain terms | terminology of blockchain,termes de la chaîne de blocs | terminologie de la blockchain | termes de la blockchain,hard,donnees_bdd,ESCO,SKL_1e17e9badaf4
CANS_0e36cbb4b52a,contextualise artistic work,contextualiser une œuvre artistique,investigate artistic work | contextualising artistic work | review artistic work | contextualise artistic works | analyse artistic work | contextualize artistic work,,hard,donnees_bdd,ESCO,SKL_cb3e1d175d75
CANS_977d55944d5a,develop creative ideas,développer des idées créatives,produce creative ideas | generate creative ideas | developing creative ideas | create creative ideas,,hard,developpement_conception,ESCO,SKL_891fd5e04d20
CANS_e11e5933eeb9,Ajax Framework,Ajax Framework,Ajax Framework features | Ajax Framework features for web applications development | Ajax framework for web applications development | Ajax Framework components | AJAX Development Environments | AJAX Framework for Web Application Development | Ajax framework features for web applications development | Ajax software development environments | Ajax framework components | Ajax framework features | AJAX Framework Features for Web Development | Ajax Framework for web applications development,,hard,developpement_conception,ESCO,SKL_b7a8a0c55d12
CANS_7811983c9797,analyse the need for technical resources,analyser le besoin de ressources techniques,investigate the need for technical resources | examine the need for technical resources | analyze the need for technical resources | analysing the need for technical resources | analyse technical resources need | evaluate the need for technical resources,,hard,autre_hard,ESCO,SKL_6517241bd708
CANS_791847899d4e,quality standards,normes de qualité,quality standards for products,Normes de qualité (ISO 7001...),hard,autre_hard,ESCO | ROME,SKL_16ce298f290a | SKL_ba0548301caf
CANS_232619bef83e,track key performance indicators,suivre des indicateurs clés de performance,undertake key performance indicators | complete key performance indicators | implement key performance indicators | track a key performance indicator | tracking a key performance indicator | tracking key performance indicators,,hard,donnees_bdd,ESCO,SKL_40d131c16648
CANS_8273273dfb9f,create special effects,créer des effets spéciaux,creating special effects | use various resources for special effects | use materials for special visual effects,,hard,autre_hard,ESCO,SKL_90249c2c38fb
CANS_88e85b1543ad,log transmitter readings,enregistrer les lectures de transmetteurs,compile transmitter readings | log transmitter reading | record transmitter readings | logging transmitter readings | note transmitter readings,,hard,autre_hard,ESCO,SKL_e1825caf7751
CANS_1a6b66ce7cc7,cloud monitoring and reporting,surveillance du nuage et compte rendu,cloud monitoring | cloud computing monitoring and reporting | cloud reporting,,hard,donnees_bdd,ESCO,SKL_74a5a5844b4c
CANS_7381afd72c9c,design process for blockchain-based systems,concevoir un processus pour des systèmes fondés sur la technologie de la chaîne de blocs,design of a blockchain-based system | design process for blockchain technology | design process for blockchain application architecture,processus de conception des systèmes fondés sur la technologie de la blockchain | processus de conception pour la technologie blockchain | processus de conception pour l'architecture d'application blockchain | conception d’un système fondé sur la chaîne de blocs | conception d'un système basé sur la blockchain,hard,developpement_conception,ESCO,SKL_4bd78f1eaa16
CANS_a2dc122d381d,digital curation,conservation numérique,digital research curation,conservation de la recherche numérique | curation de la recherche numérique,hard,autre_hard,ESCO,SKL_e003d365f569
CANS_3d79f312bf60,Wireshark,Wireshark,Wireshark tool,,hard,developpement_conception,ESCO | ONET,SKL_bf920ead4fdd | SKL_d2f9a7bfd5f5
CANS_6a2a131ad7b8,forecast future ICT network needs,prévoir les besoins futurs d’un réseau TIC,foresee future ICT network demands | estimate future ICT network needs,,hard,autre_hard,ESCO,SKL_4fdff2983c01
CANS_52734aef623e,software design methodologies,méthodes de développement de logiciels,software design approaches | software design techniques,,hard,developpement_conception,ESCO,SKL_6b32ff1ba138
CANS_7098ea6732c7,create flowchart diagram,créer un organigramme de programmation,generate flow chart | develop flow diagram | design flow diagram | compose flow diagram | develop flow chart | build flow diagram | design flow chart | build flowchart | compose flow chart | generate flow diagram,,hard,developpement_conception,ESCO,SKL_e439fbbfbc7a
CANS_2b59fb1a7f44,web application security threats,menaces de sécurité des applications web,open web application security project | OWASP,menaces de sécurité des réseaux et de l’information | menaces de sécurité d’une application web | menaces de sécurité des sites web | OWASP | problèmes de sécurité des applications web | dangers de sécurité des applications web,hard,autre_hard,ESCO,SKL_df8fb6fe7b07
CANS_a900e3ae488d,blockchain platforms,plateformes de chaînes de blocs,blockchain ecosystems | blockchain infrastructures,,hard,developpement_conception,ESCO,SKL_2910ef285ce6
CANS_8e0990282e99,create data sets,créer des ensembles de données,data set creation | establish data sets | create a data set | produce data sets | design data sets | develop data sets | creating data sets,,hard,donnees_bdd,ESCO,SKL_7493dcb6b2b6
CANS_e05f40e74f8a,maintain plan for continuity of operations,gérer un plan de continuité des opérations,maintain a systematic plan of methods for business continuity,,hard,developpement_conception,ESCO,SKL_e165ed88641f
CANS_8c666135ee30,acquire system component,acquérir des composants système,procure system component | obtain system component,,hard,autre_hard,ESCO,SKL_9220927db32b
CANS_2487c5dc4790,clean equipment,nettoyer le matériel,cleansing equipment | clean machines | clean apparatus | cleanse equipment | cleaning equipment | clean sporting devices | clean machinery,,hard,autre_hard,ESCO,SKL_c2de78d58ab5
CANS_03a5422501df,human-computer interaction,Interaction homme-machine,HCI,IHM | interaction avec les machines | interfaces homme-machines | périphériques IHM | Interactions homme-machine | outil de contrôle et de communication,hard,autre_hard,ESCO,SKL_2556f77c4d95
CANS_a1ed0b01b0a2,maintain projection equipment,entretenir du matériel de projection,maintaining projection equipment | fix projection equipment | conserve projection equipment | safeguard projection equipment | maintain projecting equipment | protect projection equipment,,hard,autre_hard,ESCO,SKL_8db24c80deff
CANS_8f6c8b7bf990,execute software tests,exécuter des tests de logiciel,test application | test programs,,hard,programmation,ESCO,SKL_b66a815da958
CANS_c18ca07fef39,write work-related reports,rédiger des rapports sur le travail,produce work-related reports | compose work-related reports | write reports | present reports on work activities | perform work-related reporting | write work reports | carry out work-related reporting | develop reports on work activities | complete work-related reports | undertake work-related reporting | create work-related reports,,hard,autre_hard,ESCO,SKL_509e2294bb57
CANS_b5630620063a,monitor system performance,contrôler la performance du système,system logging,contrôler l’historique du système | contrôler l’activité du système | surveiller l’activité du système | suivre la performance du système | surveiller la performance du système | suivre l’activité du système | contrôler la performance du système informatique,hard,autre_hard,ESCO,SKL_5ca14d6a9200
CANS_82d2b74fa6a6,coach staff for running the performance,intervenir en tant que coach auprès du personnel pour réaliser le spectacle,coach staff to run the performance | instruct staff how to run the performance | coaching staff to run the performance | train staff to run the performance,,hard,autre_hard,ESCO,SKL_809148c72d37
CANS_19e528cd027d,meet deadlines,respecter des délais,achieve deadlines | meet a deadline | conform with deadlines | make deadlines | complete deadlines,,hard,autre_hard,ESCO,SKL_55abf2ea1a9a
CANS_93a5e881291d,integrated development environment software,environnement de développement intégré,Zeus IDE | Borland C++ Builder | CodeForge | Dev-C++ | DialogBlocks | CodeLite | Anjuta | Philasmicos Entwickler Studio | SPE | NetBeans | MinGW Developer Studio | wxHatch | IDE | Code::Blocks,Eclipse | environnements de programmation | environnements de développement logiciel | EDI | outil de tests unitaires | Visual Studio | développement logiciel,hard,donnees_bdd,ESCO,SKL_2621a1e8af59
CANS_ad9a2fd63e8e,manage contracts,gérer des contrats,supervise manage contracts | managing a contract | regulate manage contracts | oversee manage contracts | manage a contract | maintain manage contracts | contract management,,hard,autre_hard,ESCO,SKL_4dd74973e17f
CANS_173c426e6b30,information categorisation,catégorisation de l’information,design of information structures | information classification,,hard,autre_hard,ESCO,SKL_49903d102cc5
CANS_339b4d906106,develop blockchain technology,développer la technologie de la blockchain,incorporate blockchain technology | integrate blockchain technology,intégrer la technologie blockchain,hard,autre_hard,ESCO,SKL_fcdb4c0ba884
CANS_0568b346192a,web based collaborative platforms,plateformes collaboratives en ligne,digital collaboration tools | online collaborative tools,outils de collaboration numérique | outils collaboratifs en ligne,hard,donnees_bdd,ESCO,SKL_ec48889c1990
CANS_c3bc85203d62,forensic intelligence,renseignements de police technique,forensic judgement | juristic investigation | juristic understanding | forensic understanding | juristic judgement | forensic investigation,analyse criminelle,hard,securite,ESCO,SKL_e10148fa338b
CANS_bf3905db6dea,develop programming schedule,élaborer un calendrier de programmation,write programming schedule | establish programming schedule | draft programming schedule | developing programming schedule | develop programming schedules | set programming schedule,,hard,programmation,ESCO,SKL_0c884fec569d
CANS_ac39548f9025,digital image processing,traitement numérique d’images,digital image processing practices | digital image manipulation | aliasing for digital image processing | image interpolation for digital image processing | digital image manipulation aspects,,hard,autre_hard,ESCO,SKL_f7ccf4374ea5
CANS_751f420c63df,perform escalation procedure,effectuer une procédure d'escalade,implement escalation procedure | undertake escalation procedure | complete escalation procedure | performing escalation procedure | perform an escalation procedure | perform escalation procedures,,hard,autre_hard,ESCO,SKL_96ee9eaa399f
CANS_21c7a6f6305b,collaborate with engineers,collaborer avec des ingénieurs,cooperate with engineers | collude with engineers | engage with engineers | interface with engineers | interface with servicing operatives | engage with servicing operatives | collude with servicing operatives | cooperate with servicing operatives,,hard,autre_hard,ESCO,SKL_332bba6c3d78
CANS_608938dc7c22,ICT project management,gestion de projets TIC,management of IT related projects,,hard,autre_hard,ESCO,SKL_6a62eec16e7c
CANS_49fe42958159,consult with business clients,consulter les clients d'une entreprise,consult with clients of business | consulting with business clients | communicate with business clients | obtain feedback from business clients,,hard,autre_hard,ESCO,SKL_92c7bf31c854
CANS_5d12cb189db5,usability engineering,ergonomie informatique,usability testing,tests d'utilisabilité | test d'utilisabilité | ingénierie de l'utilisabilité,hard,developpement_conception,ESCO,SKL_b1c3417f0755
CANS_8cc5c8c095c3,apply risk management processes,appliquer des procédures de gestion des risques,adopting risk management processes | adopting processes of risk management | adopt processes of risk management | risk management processes adopting | adopt risk management processes | risk management processes applying | applying risk management processes | applying processes of risk management | apply processes of risk management,,hard,autre_hard,ESCO,SKL_7394112e8e6c
CANS_4939ca3810e3,compile content,compiler des contenus,organise and retrieve content | collect and arrange content | curate and organize content for targeted media | select and arrange content,,hard,autre_hard,ESCO,SKL_936597d8bb26
CANS_f1928f66f3d6,Rapid application development,développement rapide d’applications,Rapid application development model | Rapid application development methodology,,hard,developpement_conception,ESCO,SKL_16961efeb0ab
CANS_b8563d9658cf,apply ICT system usage policies,appliquer les politiques relatives à l’utilisation des systèmes TIC,administer ICT system usage policies | implement ICT system usage policies | handle ICT system usage policies | follow written laws for ICT system usage | follow ethical standards for ICT system usage,,hard,autre_hard,ESCO,SKL_19a46cabd4d8
CANS_8b7b6293b10e,manage content metadata,gérer les métadonnées de contenu,manage content | manage metadata,gérer les métadonnées | administrer les métadonnées de contenu | gérer les métadonnées associées aux contenus | appliquer des méthodes de gestion de contenu | contrôler les métadonnées de contenu,hard,autre_hard,ESCO,SKL_7b5a3024eeeb
CANS_a02794ea2931,analyse the context of an organisation,analyser les systèmes d’information d’une organisation,analyse context of a business | analyze the context of an organization | assess the context of an organisation,vérifier les systèmes d’information d’une organisation | analyser les technologies de l’information et de la communication | analyser les systèmes d’information de l’organisation | analyser les systèmes d’information des organisations | contrôler les systèmes d’information d’une organisation | analyser les TIC d’une organisation,hard,autre_hard,ESCO,SKL_e5dfb4a3c635
CANS_e6f5cff3ac7a,mobile operating systems,systèmes d’exploitation mobiles,Firefox OS | Sailfish OS | Ubuntu Touch OS | Tizen | cell phone operating systems,,hard,developpement_conception,ESCO,SKL_36cc2d6edd1a
CANS_8cc3feccaf5e,manage software releases,gérer des versions d’un logiciel,approve software release process | analyse and approve software development releases,,hard,developpement_conception,ESCO,SKL_739c039c3749
CANS_d816215b44d4,3D modelling,modélisation 3D,three-dimensional modelling | 3D representation | 3D designing | 3D graphics | 3D modeling | 3D rendering,Modélisation 3D,hard,autre_hard,ESCO | ROME,SKL_81303a8c60c9 | SKL_d62e22da07a7
CANS_d70f7a938a4e,publish academic research,publier des recherches universitaires,publishes academic research | publish doctoral research | publishing academic research | publish research | publish academic studies,,hard,autre_hard,ESCO,SKL_5a38e0a81946
CANS_30829d8d7535,data analytics,analyse de données,data anlysis,,hard,donnees_bdd,ESCO,SKL_480f7b8733f4
CANS_701c87f34058,QlikView Expressor,QlikView Expressor,QV Expressor | QVE,,hard,donnees_bdd,ESCO,SKL_e2444ee1c7e2
CANS_c68a5506b14a,analyse a script,analyser un scénario,analyze a script | evaluate script | review script | look over script | analysing script | analyse scripts | study script,,hard,autre_hard,ESCO,SKL_2c605440b06a
CANS_b63751957d2d,business process modelling,modélisation de processus d’entreprise,process modelling | BPMN | business process modeling,UML | optimisation de processus d’entreprise | processus d’entreprise | CPE | modélisation de processus | BPMN | BPM,hard,autre_hard,ESCO,SKL_0ae8aa439cc1
CANS_e833fa11a3c4,use customer relationship management software,utiliser un logiciel de gestion de la relation avec le client,use a customer relationship management software programme | apply customer relationship management software | adopt customer relationship management software | use of customer relationship management software | using customer relationship management software | handle customer relationship management software | operate customer relationship management software,,hard,autre_hard,ESCO,SKL_0247ba633d54
CANS_f60a5a44a3d1,promote the transfer of knowledge,promouvoir le transfert de connaissances,valorise research findings in industry | valorise research findings in the public sector | ensure connection between research and industry,,hard,autre_hard,ESCO,SKL_2d043cf9df34
CANS_3935d8d5c92a,business analytics,analyse des entreprises,business data analytics,analyse des données commerciales | analyse de données commerciales,hard,autre_hard,ESCO,SKL_8fdc5cfeed79
CANS_9e082c23dc65,blockchain applications security principles,principes de sécurité des applications de la technologie de la blockchain,security controls for blockchain applications | blockchain security,sécurité de la blockchain | contrôles de sécurité pour les applications blockchain | sécurité de la chaîne de blocs,hard,donnees_bdd,ESCO,SKL_60004f24de83
CANS_918ec6058291,resource description framework query language,langage de requête Cadre de Description des Ressources,RDF query language | SPARQL,langage de requête RDF | langage de requête SPARQL | OWL | SPARQL | langage de requête pour le cadre de description de ressource | protocole simple et langage de requête RDF,hard,developpement_conception,ESCO,SKL_1a3570884e47
CANS_87991b1c3d77,CoffeeScript,CoffeeScript,CoffeeScript coding techniques | CoffeeScript software development techniques | CoffeeScript programming paradigms | CoffeeScript software development principles | CoffeeScript algorithms,,hard,developpement_conception,ESCO,SKL_fddfe276744e
CANS_da4c5023803d,Objective-C,Objective-C,Objective C,Objective-C 2.0 | Obj-C | Objective C++ | Smalltalk and C | Object-C,hard,developpement_conception,ESCO,SKL_5ee8a7543f31
CANS_b74eec58559e,engage with stakeholders,dialoguer avec les parties prenantes,achieve shared understandings with stakeholders | undertake stakeholders engagement processes | use processes for negotiated agreements with stakeholders | build partnerships with stakeholders | negotiate agreements with stakeholders,,hard,reseau,ESCO,SKL_84e2db4e5f1a
CANS_d92795cf1f7b,information governance compliance,respect de la gouvernance de l'information,company policy compliance | governance information compliance | information compliance governance,,hard,autre_hard,ESCO,SKL_4a7c46bdda77
CANS_391f87869e94,think abstractly,réfléchir de manière abstraite,thinking in abstractions | thinking in abstract concepts | conceptualise reality | carry out abstraction of concepts | conceptualise abstract ideas,,hard,autre_hard,ESCO,SKL_5f8845f1d5e0
CANS_69bd23b6f25c,record multi-track sound,enregistrer en multipistes,record sounds on multi-track | record audio on a multi-track | record multi-track audio | record a multi-track sound,,hard,autre_hard,ESCO,SKL_e2a0caa7e955
CANS_ee0a549fc10a,draft music cue breakdown,composer une coupure de début de morceau musical,compile music cue breakdown | write music cue breakdown | itemize music cue breakdown | draft music cue breakdowns | draw up music cue breakdown | drafting music cue breakdown,composer un break de cue,hard,programmation,ESCO,SKL_1e667c09219f
CANS_e830e210bf7f,organise resources for artistic production,organiser les ressources pour une production artistique,arrange resources for artistic production | organising resources for artistic production | coordinate resources for artistic production | organize resources for artistic production | organise resources for artistic productions | organise resources for production | manage resources for artistic production,,hard,autre_hard,ESCO,SKL_1e638bd5bffc
CANS_52ace4aeefba,JavaScript Framework,JavaScript Framework,,,hard,langage_ou_techno_nommee,ESCO,SKL_05d942fe2ec4
CANS_d34b57bbfc9d,balance database resources,équilibrer les ressources d’une base de données,stabilise database resources,,hard,donnees_bdd,ESCO,SKL_42da43a49734
CANS_8b0c562c618c,control objectives for information and related technology,objectifs de contrôle de l’information et des technologies associées,COBIT,référentiel CMMI | référentiel ITIL | audit des systèmes d’information | référentiel de gouvernance du système d’information | référentiel CobiT | COBIT,hard,autre_hard,ESCO,SKL_d239ba97bcd3
CANS_8b72f42d3ce3,draw up instrument setup,établir la configuration d’instruments,drawing up instrument setup | write down instrument setup | register instrument setup | log instrument setup | document instrument setup | take note of instrument setup | draw up instruments setup,,hard,developpement_conception,ESCO,SKL_8b2a6639b728
CANS_29741db40313,manage performance light quality,gérer la qualité de l’éclairage d’un spectacle,manage light quality for performances | control light quality | control lighting quality | control performance light quality | manage performance lights | control lighting quality of performances | manage performance lighting quality | control light quality of performance | manage performance lighting | manage light quality of performance | control performance lighting quality,,hard,autre_hard,ESCO,SKL_e287ea7ed250
CANS_06e359327c23,edit digital moving images,modifier des images animées numériques,edit digital footage | edit digital images of animation | edit moving digital images | edit digital images of movement,,hard,autre_hard,ESCO,SKL_a473c85704ac
CANS_d87c671b39f9,ICT software specifications,spécifications relatives aux logiciels TIC,ICT system specifications | specify use of ICT software | ICT software specification | ICT programme specifications | ICT application specifications | ICT software specifying,,hard,developpement_conception,ESCO,SKL_b0e2bc9cd121
CANS_72d8329859f9,query languages,langages de requête,DMX | SuprTool | OttoQL | XPath | QUEL | ISBL | .QL | F-logic | SPL | FQL | OPath | MQL | Poliqarp | HTSQL | YQL | Gellish | XSPARQL | Concept-Oriented | TMQL | RDQL | OCL | OQL | CQLF | ReQL | Datalog,,hard,developpement_conception,ESCO,SKL_185b1ce4d13f
CANS_a6bf0f98eed5,"data extraction, transformation and loading tools",outils d’extraction de transformation et de chargement,Talend Studio for Data Integration | ETL | Sagent Data Flow | Open Text Integration Center | CloverETL | Pervasive Data Integrator | Data Migrator | Cognos Data Manager | Centerprise Data Integrator | IBM Infosphere WarehoEdition | Elixir Repertoire for Data ETL | Relational Junction ETL Manager | PowerCenter Informatica | Syncsort DMX | Adeptia Integration Server,extract  transform  load | processus d’extraction  de transformation et de chargement | extracto-chargeur | ETL | outils d’extraction  de transformation et de chargement de données | datapumping | outils d’ETL,hard,donnees_bdd,ESCO,SKL_65da6e3d5632
CANS_f6694c8b0671,conduct ICT code review,effectuer l’examen du code source,perform code reviews,,hard,programmation,ESCO,SKL_c92f3cc793bd
CANS_dd9f39e08fd5,tools for software configuration management,outils de gestion de configuration logicielle,tools for software version control | Rudder | NOC | OCS Inventory NG with GLPI | Bcfg2 | Rundeck | Synctool | SmartFrog | CFEngine | Local ConFiGuration system | source control | Radmind | cdist | Quattor | ISconf | revision control | NixOS | git | PIKT | software tools for version control | Open pc server integration,logiciels de gestion de versions | outil de gestion de configuration logicielle | logiciels de gestion de la configuration logicielle | GCL | GIT | gestion de versions,hard,developpement_conception,ESCO,SKL_5d725c59527d
CANS_0048759803f9,develop reporting software,mettre au point un logiciel d’élaboration de rapports,create reporting software | design reporting software,,hard,programmation,ESCO,SKL_0f00ad51113a
CANS_a4f55f233e52,keep personal administration,gérer l’administration du personnel,file personal documents | maintain records filed accurately | keep own personal administration,,hard,autre_hard,ESCO,SKL_2b93f9f2212e
CANS_6bababc359ad,solve ICT system problems,résoudre les problèmes des systèmes d’information,diagnose system problems | troubleshoot system | manage system problem,gérer les problèmes des systèmes d’information | résoudre les problèmes des systèmes des TIC | résoudre les problèmes liés aux systèmes de TIC | dépanner un système de TIC | diagnostiquer les problèmes des systèmes d’information | trouver des solutions aux problèmes des systèmes d’information,hard,autre_hard,ESCO,SKL_b612c882be81
CANS_33bf34283b66,business processes,procédés d'une entreprise,business analysis | business handling | business measures | refinement a business | business process | a business process,,hard,autre_hard,ESCO,SKL_f471c50579ee
CANS_1c312aa2db00,perform procurement processes,exécuter les procédures de passation de marchés,apply procurement | applying procurement | order goods and equipment | purchase,,hard,autre_hard,ESCO,SKL_f6160802c9d7
CANS_3e2d7d938672,database development tools,outils de développement de bases de données,Microcontrollers,microcontrôleurs,hard,donnees_bdd,ESCO,SKL_f18769bf13e8
CANS_9c2deeb5c44c,multidisciplinary research,recherche pluridisciplinaire,multidisciplinary research methods,méthodes de recherche multidisciplinaires,hard,programmation,ESCO,SKL_275cb7c82576
CANS_5b0bf3fdcf3d,propose improvements to artistic production,proposer des améliorations à une production artistique,propose improvements to artistic productions | present improvements to artistic production | proposing improvements to artistic production | come up with improvements to artistic production | suggest improvements to artistic production | submit improvements to artistic production for approval | propose artistic production improvements,,hard,autre_hard,ESCO,SKL_f8523145f2b6
CANS_b2fa021cec21,manage data,gérer les données,administer data | data administration | manage data lifecycle | operate data quality tools | data resource management,gérer des outils de qualité des données | administrer des données | utiliser un logiciel qualité des données | évaluer la qualité des données | gérer des données | gérer le cycle de vie des données,hard,autre_hard,ESCO,SKL_c28e6064ca64
CANS_ab4ed5a6c779,conduct search engine optimisation,procéder à l’optimisation des moteurs de recherche,undertake search engine optimisation | manage search engine optimisation | carry out search engine optimisation | conduct search engine optimization | conduct a search engine optimisation | organise search engine optimisation | conducting a search engine optimisation | conducting search engine optimisation,,hard,donnees_bdd,ESCO,SKL_250cd2b20d54
CANS_ed58c6eaa93b,search databases,effectuer des recherches dans des bases de données,research in databases | consult databases | look through databases | search database | searching databases,,hard,donnees_bdd,ESCO,SKL_d2018888974f
CANS_40238c0b5454,media formats,formats de médias,media types | kinds of media | media forms | media genres | media format,,hard,autre_hard,ESCO,SKL_c6359d4f92de
CANS_a6b5b2f4ed28,healthcare analytics,analyse des soins de santé,health care data analytics | health care analytics | health data analytics | healthcare data analytics,analyse des données sur les soins de santé | analyse des données de santé,hard,programmation,ESCO,SKL_dc7da142d8bb
CANS_c83636e1cc1a,follow work procedures,respecter des procédures de travail,follow procedures at work | observe standard working practices | comply with work procedures | adhere to work procedures | adhere to procedures at work | ensure adherence to work procedures | work in accordance with procedures | observe work procedures | act in accordance with work procedures | employ standard working practices | perform work in accordance with procedures,,hard,autre_hard,ESCO,SKL_0d6403d7297a
CANS_ec32188742ac,CAD software,logiciel de conception assistée par ordinateur,CADD software | CAD software for modelling | computer assisted design | software computer assisted design and drafting software | CAD software for design | CAD software for simulation,logiciel de CAO,hard,developpement_conception,ESCO,SKL_1d4c9a818ce1
CANS_183ee6c12cc7,plan ICT capacity,planifier les capacités TIC,schedule ICT capacity | oversee availability of computing resources,,hard,autre_hard,ESCO,SKL_1c2989f1ddbd
CANS_7cc5dcec8a7d,file-based workflow,flux de travail en mode fichier,file-based workflows,workflow en mode fichier,hard,autre_hard,ESCO,SKL_ab539029d5a9
CANS_b8b00564a6d6,ICT problem management techniques,techniques de résolution de problèmes,ICT problem management procedures | ICT problem management strategies | ICT problem management procedure | ICT problem management processes | ICT problem management methods | types of ICT problem management techniques,Techniques de résolution de problèmes,hard,autre_hard,ESCO | ROME,SKL_3c1c97314648 | SKL_9857b6fb5d78
CANS_2f4a2768d4e6,coordinate activities in audio recording studio,coordonner des activités dans un studio d’enregistrement,give direction in audio recording studio,assurer la coordination des activités dans un studio d’enregistrement | gérer des activités dans un studio d’enregistrement | coordonner des activités dans un studio d’enregistrement audio | préparer des activités dans un studio d’enregistrement | coordonner les activités dans un studio d’enregistrement | organiser des activités dans un studio d’enregistrement,hard,autre_hard,ESCO,SKL_36f54bbc4658
CANS_9bfd587e5660,data protection,protection des données,principles of information privacy | principles of data protection | information privacy | protection of private data | protection of data | principles of data privacy | protection of private information | data privacy | paradigms of data protection | paradigms of data privacy,,hard,donnees_bdd,ESCO,SKL_35f33383eda7
CANS_514fa03eab2a,use storyboards,utiliser des scénarimages,employ storyboards | utilise storyboards | using a storyboards | refer to storyboards | use storyboard,utiliser des story-boards,hard,autre_hard,ESCO,SKL_259f66dd5069
CANS_eeb989cff170,design information system,concevoir un système d’information,design ICT system,concevoir un système de TIC | mettre en place un système d’information | créer un système d’information | concevoir un système informatique | concevoir un système informatisé | concevoir un SI,hard,developpement_conception,ESCO,SKL_1f6b52c0fcf7
CANS_93bc3393ce21,define integration strategy,définir une stratégie d’intégration,develop integration strategy,,hard,developpement_conception,ESCO,SKL_f404d9dd01d7
CANS_f09b4558b4cc,execute ICT user research activities,effectuer des activités de recherche d’utilisateur de TIC,carry out ICT user research,,hard,autre_hard,ESCO,SKL_80db69e65dcf
CANS_d2616ee5bead,ML (computer programming),ML (programmation informatique),ML | ML systems | ML development principles,,hard,developpement_conception,ESCO,SKL_5a85416c775f
CANS_f115726afa95,IBM WebSphere,IBM WebSphere,WebSphere application server,,hard,developpement_conception,ESCO | ONET,SKL_3b22e532da16 | SKL_6e06692ca9dc
CANS_e7afa060f048,audio technology,technologie audio,audio equipment | audio technologies | audio techniques | audio software,,hard,autre_hard,ESCO,SKL_04b1716090d6
CANS_0a5ab1ec9fa1,information confidentiality,confidentialité de l’information,data confidentiality | consumer data privacy | data access control,confidentialité des données | contrôle de l’accès aux données | confidentialité des informations | confidentialité des données de l’utilisateur | protection du caractère confidentiel des données | protection des renseignements personnels,hard,donnees_bdd,ESCO,SKL_d0bf41708bae
CANS_3cae217c8518,LDAP,LDAP,Lightweight Directory Access Protocol,,hard,developpement_conception,ESCO,SKL_308342e28b73
CANS_609ac4c59d19,mentor individuals,parrainer des individus,support individuals | help individuals | guide individuals | guide people | support people | help people,,hard,autre_hard,ESCO,SKL_e0b5ce94e2d9
CANS_0eb7dfb2d413,multimedia systems,systèmes multimédia,a multimedia system | multimedia organisation | multimedia structure | multimedia arrangement | multimedia system | multimedia scheme,,hard,autre_hard,ESCO,SKL_a821b07aa040
CANS_90bed1084ad0,teamwork principles,principes du travail d'équipe,teamwork approaches | teamwork principle | teamwork concepts | teamwork methods,principes du travail en équipe,hard,developpement_conception,ESCO,SKL_43c39f51f6b0
CANS_24096e6d249d,adjust projector,régler un projecteur,adjust the focus of a projector | fine-tune a projector's lens focus | adjust the focus of a projector's lens | adjust projector's focus | adjust projector's lens focus | focus projector's light beam | focus the light beam of a projector,,hard,donnees_bdd,ESCO,SKL_8f1e04cf248c
CANS_d68a498f823f,graphics editor software,logiciel d’édition graphique,Autodesk SketchBook Pro | Adobe Photoshop Elements | CinePaint | NeoPaint | Project Dogwaffle | sK1 | Apache OpenOffice Draw | RawTherapee | PixBuilder Photo Editor | cosmigo Pro Motion | OmniGraffle | PhotoScape | SVG-edit | Corel Painter Essentials | Swift 3D | UFRaw | ArtRage | GimPhoto | Picasa | ArcSoft PhotoImpression | Fatpaint | vector graphics editor | Pictor Paint | Pixlr.com | QFX | Zoner Photo Studio | GIMPshop | DigiKam | TVPaint | Paint.NET | XnView | Darktable | CodedColor | IrfanView | LightZone | Photogenics | LibreOffice Draw | Ability Photopaint | Embroidermodder | Serif Photoplus | PicMonkey | Phatch | ImageMagick | Chasys Draw IES | ACD Canvas | Inkscape | Color It! | Unified Color HDR PhotoStudio | XPaint | GrafX2 | LView Pro | Xara Xtreme LX | Erdas Imagine | Balsamiq | Macromedia FreeHand | G'MIC | Shotwell | Tux Paint | GraphicConverter | Xara Photo & Graphic Designer | Corel Photo-Paint | Sodipodi | Pixelmator | F-Spot | GraphicsMagick | SAI | Photo Mechanic | LazPaint | Ulead PhotoImpact | Pixia | Fotografix | PMview | FastStone Image Viewer | Rawstudio | KolourPaint | Serif DrawPlus | PhotoPerfect | Iridient Developer,PixBuilder Photo Editor | PhotoScape | KolourPaint | PhotoPerfect | PicMonkey | IrfanView | Tux Paint | Pixia | Shotwell | Photogenics | ACD Canvas | Apache OpenOffice Draw | sK1 | XPaint | TVPaint | Corel Painter Essentials | Photo Mechanic | Serif Photoplus | Color It! | SAILightZone | Swift 3D | UFRaw | GIMPshop | GraphicConverter | Project Dogwaffle | Sodipodi | FastStone Image Viewer | GimPhoto | Iridient Developer | Fatpaint | Corel Photo-Paint | Unified Color HDR PhotoStudio | F-Spot | Ulead PhotoImpact | XnView | Inkscape | Xara Xtreme LX | QFX | NeoPaint | CinePaint | Adobe Photoshop Elements | Pictor Paint | Balsamiq | Pixelmator | Fotografix | Autodesk SketchBook Pro | Picasa | CodedColor | Embroidermodder | ArcSoft PhotoImpression | RawTherapee | Chasys Draw IES | Macromedia FreeHand | G'MIC | Phatch | LView Pro | ImageMagick | Zoner Photo Studio | ArtRage | cosmigo Pro Motion | Darktable | Ability Photopaint | PMview | Rawstudio | Xara Photo & Graphic Designer | Serif DrawPlus | OmniGraffle | LazPaint | SVG-edit | Erdas Imagine | vector graphics editor | Paint.NET | DigiKam | GrafX2 | LibreOffice Draw | Pixlr.com | GraphicsMagick,hard,developpement_conception,ESCO,SKL_bb70c18773cc
CANS_064e6ff3934e,apply reverse engineering,appliquer la rétro-ingénierie,extract information by applying reverse engineering,,hard,programmation,ESCO,SKL_526faf3276ed
CANS_caa59db6da09,data storage,stockage de données,file hosting service,service d'hébergement de données | stockage des donnnées,hard,donnees_bdd,ESCO,SKL_b56d62566d72
CANS_0654e652e04a,manage data collection systems,gérer des systèmes de collecte de données,oversee data collection methods,,hard,donnees_bdd,ESCO,SKL_64bb489b222a
CANS_2e391e94f118,legal requirements of ICT products,exigences légales concernant les produits dans le secteur des TIC,legal requirements for the development and use of ICT products | international regulations for the use of ICT products | legal requirements for the development of ICT products | legal requirements for the design of ICT products | international regulations for the development and use of ICT products,,hard,autre_hard,ESCO,SKL_9c97e63afd1a
CANS_0b2fd7532fa2,interact with users to gather requirements,interagir avec les utilisateurs pour définir leurs exigences,communicate with users to gather requirements,,hard,autre_hard,ESCO,SKL_4d8fe5bd3afb
CANS_00addb8a5eff,digital media,moyens de communication numériques,digital video media | digital audio media,médias vidéo numériques | médias audio numériques | médias numériques | supports audio numériques,hard,autre_hard,ESCO,SKL_938d9250e59f
CANS_02eb4ed111f7,manage data for legal matters,gérer des données juridiques,organise data for legal analysis | prepare data for legal processes | collect data for legal matters,,hard,donnees_bdd,ESCO,SKL_29a041579e4f
CANS_dfb6db9e79a7,synthesise research publications,synthétiser des publications de recherche,write research publications | synthesize research publications,écrire des publications de recherche | synthétiser les publications de recherche | synthétiser une publication de recherche | rédiger des publications de recherche | élaborer des publications de recherche | résumer des publications de recherche,hard,autre_hard,ESCO,SKL_0497519b9e19
CANS_24a26f952bb0,PostgreSQL,PostgreSQL,Postgres,,hard,donnees_bdd,ESCO | ONET,SKL_d3d208a9be71 | SKL_e63057dc0427
CANS_c71e1653a102,manage personal professional development,gérer le développement professionnel personnel,develop own practice | continuously develop your own practices | research identify and resource your continuing professional development | identify priority areas for professional development | continuously develop own practice | manage personal lifelong learning | develop own practices continuously | conduct personal professional development | research own continuing professional development | develop own practice continuously | undertake responsibility on continuous professional development,,hard,programmation,ESCO,SKL_241100d02d30
CANS_149ce672c97f,use precision tools,utiliser des outils de précision,operating precision tools | precision tools operating | using precision tools | precision tools using | precision tool operating | precision tool working | work with precision tools | working with precision tools | precision tool using | operate precision tools,,hard,autre_hard,ESCO,SKL_c3477b07a7f4
CANS_2c84c9f3aacb,operate electronic measuring instruments,faire fonctionner des instruments de mesure électronique,operate multi meter | voltage meter operating | current meter operating | operate volt meter,commander des instruments de mesure électronique | utiliser des instruments de mesure électronique | faire fonctionner des appareils de mesure électronique | employer des instruments de mesure électronique | manipuler des instruments de mesure électronique | recourir à des instruments de mesure électronique,hard,autre_hard,ESCO,SKL_e07f953f8d6f
CANS_6be4cebf2429,manage localisation,gérer la localisation,manage translation and localisation | manage content localization | manage content localisation | manage localization | manage content translation and localisation,administrer la localisation | assurer la gestion de la localisation | gérer la traduction et la localisation | gérer la localisation de logiciels | contrôler la localisation | superviser la localisation,hard,autre_hard,ESCO,SKL_70a487b401b1
CANS_3e44b0d99d76,digitization,numérisation,digital enablement,habilitation numérique,hard,autre_hard,ESCO,SKL_12fcd896a282
CANS_da35b7f04983,adhere to organisational guidelines,respecter des lignes directrices d’organisation d’une entreprise,adhere to an organisational guideline | adhere to organizational guidelines | adhering to organisational guidelines | heed organisational guidelines | comply to organisational guidelines | adhere to an organisations guidelines | observe organisational guidelines | obey organisational guidelines,,hard,autre_hard,ESCO,SKL_96bddabc0367
CANS_558ceebcd2c3,manage rented goods returns,gérer le retour de biens loués,oversee rented goods returns | supervise rented goods returns | deal with rented goods returns | managing rented goods returns | manage rented goods return | organise rented goods returns | manage rental goods returns,,hard,autre_hard,ESCO,SKL_00b66941f332
CANS_bf271d6aef64,database management systems,systèmes de gestion de base de données,PointBase Embedded | R:Base | Adaptive Server Anywhere | Oracle Lite | Rdb | Interbase | Velocis | Jasmine ii | Raima Database Manager | IDMS | YARD-SQL | Versant | Oracle 8I | Db.linux | NonStop SQL | Quadbase SQL Server | PointBase Network Server | Pervasive.SQL 2000 | UniData | UniSQL | Adaptive Server Enterprise | Db.star | POET Object Server Suite | Informix Dynamic Server 2000 | Informix Extended Parallel Server | DBMS | Cloudscape | SUPRA | database systems | SQLBase | IMS DB | Peoplesoft | Datacom | DB2 Everyplace | Sybase | PointBase Mobile | Model 204 | Advantage Database Server | Pervasive.SQL Workgroup | Adabas D | TimesTen | DB engines | Adabas | Objectivity DB | SQL | Ingres ii | Database management systems,moteurs de base de données | MySQL | Oracle | logiciels de gestion de base de données | Microsoft SQL Server | SGBD | systèmes de base de données | Systèmes de gestion de base de données,hard,donnees_bdd,ESCO | ONET | ROME,SKL_8225f6572e45 | SKL_ca452f53ab71 | SKL_fec732297772
CANS_e0d66629816f,maintain ICT identity management,assurer la gestion de l’identité des TIC,,,hard,autre_hard,ESCO,SKL_5b3a519408f1
CANS_e1256aa1a1ad,manage inventory,gérer des stocks,managing an inventory | supervise inventory | maintain inventory | manage inventories | regulate inventory | manage an inventory | oversee inventory,,hard,autre_hard,ESCO,SKL_1f360bb088ae
CANS_6a2b05971100,design database backup specifications,concevoir les spécifications de sauvegarde des bases de données,create database backup specifications | draft database backup specifications | specify database backup procedures | define database backup specifications | lay out database backup specifications,,hard,developpement_conception,ESCO,SKL_1980883e820f
CANS_1e3f1fac2bf0,operate projector,utiliser un projecteur,use projector | employ projector | operating projector | run projector | operate projectors,,hard,autre_hard,ESCO,SKL_831e59000a2d
CANS_b1e892e4a011,augmented reality,réalité augmentée,AR techniques | augmented reality creation process | AR creation process | augmented reality techniques | AR,,hard,autre_hard,ESCO,SKL_cebd7936a54b
CANS_914d3c794766,transcribe ideas into musical notation,transcrire des idées en notation musicale,translate ideas into musical notation | transcribe idea into musical notation | transfer ideas into musical notation | transcribe musical ideas into notation | transcribing ideas into musical notation,,hard,developpement_conception,ESCO,SKL_617c70051e58
CANS_434999ab617d,manage content development projects,gérer des projets de création de contenu,implement content strategy,contrôler des projets de création de contenu | mettre en œuvre une stratégie de contenu | gérer des projets de développement de contenu | gérer des projets de création de contenus | administrer des projets de création de contenu,hard,autre_hard,ESCO,SKL_3daf970c81e6
CANS_9e45d3bf55f2,implement a virtual private network,mettre en place un réseau privé virtuel,implementing a virtual private network | VPN installing | implement a VPN | virtual private network installing | virtual private network implementing | VPN implementing | installing a virtual private network | implementing a VPN | installing a VPN | install a VPN,mettre en place un VPN,hard,securite,ESCO,SKL_e2dbc508cb21
CANS_0e10ada216d2,statistical analysis system software,logiciel de système d'analyse statistique,statistical analysing of system software | statistical analysis of system software | statistical analysis of software systems | statistical analysis system programme | statistical analysis system operating system | statistical analysis system application,,hard,autre_hard,ESCO,SKL_d6e8c4e590ce
CANS_d4005aace623,data security principles,principes de sécurité des données,data security methods | information security principles,principes de sécurité de l'information | méthodes de sécurité des données,hard,donnees_bdd,ESCO,SKL_1e9e1aed4fe4
CANS_e2876c478108,manage ICT virtualisation environments,gérer des environnements TIC de virtualisation,manage ICT virtualization machines | manage virtualisation of servers and workstations | manage containerization,,hard,autre_hard,ESCO,SKL_53ceaa2295af
CANS_c347d041c6c5,develop food scanner devices,mettre au point des dispositifs de scan des aliments,design food scanning sensors | design food scanners | develop food scanning sensors | develop food scanners | develop food-sensor devices,,hard,developpement_conception,ESCO,SKL_2187273ee3dc
CANS_08fb6b519ffa,develop code exploits,développer des exploits,develop software exploits,,hard,programmation,ESCO,SKL_b6cffaebb42f
CANS_d6938af178bb,operate broadcast equipment,utiliser du matériel de diffusion,operate broadcast apparatus | operate broadcasting equipment | operate broadcast instruments | operating broadcast equipment | operate broadcast gear | operate broadcast devices,,hard,autre_hard,ESCO,SKL_7765edbc907f
CANS_05362ed1417b,coordinate technological activities,coordonner des activités technologiques,coordinate IT activities,coordonner les activités technologiques | coordonner les activités informatiques,hard,autre_hard,ESCO,SKL_5f4ddd24afc2
CANS_048cfb792fd6,outline blockchain-based identity management,caractériser la gestion de l’identité fondée sur la technologie de la blockchain,explain blockchain-based identity management system,expliquer le système de gestion d'identité basé sur la blockchain | expliquer le système de gestion des identités basé sur la blockchain,hard,donnees_bdd,ESCO,SKL_4e42e5a0b309
CANS_d73535f50e8e,SPARK,SPARK,,,hard,langage_ou_techno_nommee,ESCO,SKL_eac191d41595
CANS_a382e1b7540c,assist multimedia operator,assister un opérateur multimédia,fill in for the multimedia operator | help out multimedia operators | assist multimedia operators | assist operators of multimedia,,hard,autre_hard,ESCO,SKL_6e8bbfce6061
CANS_c36b155c0342,blockchain,technologie de la blockchain,blockchain technology,technologie blockchain | Blockchain,hard,autre_hard,ESCO | ROME,SKL_4d1904c3c715 | SKL_71e90232bb18
CANS_c71731dc59d7,Parrot Security OS,Parrot Security OS,OS - Parrot Security,,hard,developpement_conception,ESCO,SKL_e7f0a7064c6a
CANS_5de20249e2b3,computer graphics,infographie,vector graphics | interactive computer graphics,infographie interactive | graphiques vectoriels,hard,programmation,ESCO,SKL_03a1d7f894e8
CANS_d627d0abbb4a,design application interfaces,concevoir des interfaces d’application,design API,OpenGL | Windows API | concevoir des interfaces de programmation | concevoir les interfaces d’application | concevoir une API | Google Map API | concevoir l’interface d’applications,hard,developpement_conception,ESCO,SKL_b84a9945d501
CANS_faf9ace9f795,manage closed-circuit television system,gérer un système de télévision en circuit fermé,video surveillance | CCTV,mettre à jour un système de télévision en circuit fermé | gérer un système de TVCF | gérer un système de vidéosurveillance | gérer un système de CCTV | gérer un système de surveillance vidéo | installer un système de télévision en circuit fermé,hard,donnees_bdd,ESCO,SKL_c7c715f09c69
CANS_60c6316dee6b,analyse business requirements,analyser les exigences des entreprises,analyze business requirements | analyse customer product risks | business requirements analysis,analyser les risques liés aux produits pour le client | analyser les besoins des entreprises | examiner les exigences des entreprises | étudier les exigences des entreprises | analyser les exigences professionnelles | passer en revue les exigences des entreprises,hard,autre_hard,ESCO,SKL_1e8fe35aac35
CANS_5237e5b50ee4,content marketing strategy,stratégie de marketing de contenu,content marketing plan | content marketing proposal | content marketing blueprint | content marketing strategies | a contents marketing strategy | contents marketing strategy,,hard,autre_hard,ESCO,SKL_89a64e81ab72
CANS_35f3f165610f,online analytical processing,traitement analytique en ligne,OLAP databases | Cube databases | OLAP,TAL | traitement de transactions en ligne | traitement OLAP | OLTP | système de traitement analytique en ligne,hard,donnees_bdd,ESCO,SKL_e2b5df30b4ad
CANS_dd6a9d41a027,Synfig,Synfig,Synfig Studio,,hard,autre_hard,ESCO,SKL_b4e0aa885868
CANS_2473ccd63bbf,ICT system programming,programmation de systèmes de TIC,network programming | server side programming,programmation d’applications | programmation de systèmes de TI | écriture de scripts | programmation de systèmes des TIC | écriture des programmes informatiques,hard,developpement_conception,ESCO,SKL_ec2491e3eb27
CANS_0655d290c6b7,store film reels,stocker des bobines de film,store film reel | stockpile film reels | storing film reels | conserve film reels,,hard,autre_hard,ESCO,SKL_13092015c7f1
CANS_4e3bf10cb309,adjust ICT system capacity,adapter la capacité d’un système de TIC,adjust ICT network capacity,adapter la capacité des services de TIC | adapter la capacité des systèmes de TIC | améliorer la prestation des services de TIC | adapter la capacité du système de TIC | ajuster la capacité d’un système de TIC | adapter la capacité des réseaux des TIC,hard,autre_hard,ESCO,SKL_cf44a983788c
CANS_cb2c7c2602dc,Open source model,modèle en code source ouverte,,modèle «open source»,hard,donnees_bdd,ESCO,SKL_232fd42823e2
CANS_66bfb66e6b37,WildFly,WildFly,Jboss,,hard,developpement_conception,ESCO,SKL_ae8a143ffa63
CANS_1ee27234af59,implement a management system,mettre en œuvre un système de gestion,employ a management system,utiliser un système de gestion | employer un système de gestion,hard,autre_hard,ESCO,SKL_8a815787aa2a
CANS_e4660508ca08,ensure cross-department cooperation,superviser la coopération entre les services,build effective cross-group cooperation | ensure cooperation cross-department | ensure cross-departmental cooperation | communicate effectively across teams,assurer la communication et la coopération entre les services | veiller à la communication et à la coopération entre les services | superviser la coopération entre les départements,hard,autre_hard,ESCO,SKL_ff939e2316db
CANS_e17fdf17ae27,follow directions of the artistic director,suivre les consignes d’un directeur artistique,following directions of the artistic director | implement directions of the artistic director | follow direction of the artistic director | respect directions of the artistic director | obey directions of the artistic director,,hard,autre_hard,ESCO,SKL_ccd8df372d91
CANS_842986235cf4,use CAD software,utiliser un logiciel de CAO,adopt CAD software | operate CAD software | apply CAD software | use of CAD software | handle CAD software | using CAD software | CAD software use,,hard,developpement_conception,ESCO,SKL_012943fba34b
CANS_8b1630cc30bf,assemble video tape footage,assembler des séquences vidéo,assemble footage on video tape | mount footage on tape | assemble raw footage on video tape | assemble video footage on tape,,hard,autre_hard,ESCO,SKL_2ff74aa61206
CANS_95c58f235e7a,apply blended learning,appliquer l’apprentissage mixte,combine face-to-face and online learning | integrate blended learning | implement mixed learning approaches | employ blended learning | implement blended learning,,hard,autre_hard,ESCO,SKL_7d4032a04a10
CANS_db12dfc349a1,configure ICT system,configurer un système de TIC,set up ICT systems,,hard,autre_hard,ESCO,SKL_0fefd6cde79a
CANS_3360ef9a8ee0,blockchain history,histoire de la technologie de la blockchain,blockchain technology history | history of blockchain,histoire de la blockchain | histoire de la technologie blockchain,hard,programmation,ESCO,SKL_6bb3cc07b2cc
CANS_00bcf60ebd97,advise on environmental remediation,donner des conseils en matière de restauration environnementale,environmental remediation advice giving | advising on environmental remediation | environmental remediation advising | advising about environmental remediation | give environmental remediation advice | giving environmental remediation advice,,hard,autre_hard,ESCO,SKL_2efaeadaf118
CANS_181c748f2415,maintain telephony system,gérer un système de téléphonie,maintain phone systems | uphold phone systems,,hard,autre_hard,ESCO,SKL_0086eea0ffdc
CANS_cbac4a3a223c,repair ICT devices,réparer des appareils TIC,maintain ICT devices,réparer du matériel informatique | réparer des appareils issus des TIC | réparer un appareil TIC | réparer des dispositifs TIC | remettre des appareils TIC en état | réparer un équipement TIC | réparer des systèmes TIC,hard,autre_hard,ESCO,SKL_18f51ab73315
CANS_d046452290a4,AJAX,AJAX,AJAX technology | AJAX software | AJAX techniques,Asynchronous Javascript and XML,hard,developpement_conception,ESCO | ONET,SKL_86eb8b674662 | SKL_ebf2ed50e985
CANS_d03ebb497826,call quality assurance management,gestion de l'assurance de la qualité des appels,call quality assurance supervision | call quality assurance managing | calls quality assurance management | call quality assurance administration | call quality assurance oversight | call quality assurance regulation,,hard,autre_hard,ESCO,SKL_bbb9030c3abd
CANS_b518c300aa64,operate audio equipment,faire fonctionner du matériel audio,operate broadcast studio controls | apply audio technology,faire fonctionner des appareils audio | faire fonctionner de l’équipement audio | utiliser une technologie audio | manipuler du matériel audio | exploiter du matériel audio,hard,autre_hard,ESCO,SKL_19fb51cb3118
CANS_0bcb8f49a0ae,database quality standards,normes de qualité des bases de données,databases quality standards | evaluation of database quality | database quality evaluation | database quality standard | quality standards for databases | quality standard for databases | databases quality evaluation,,hard,donnees_bdd,ESCO,SKL_cb88cfd1c433
CANS_c714a8b855bb,C++,C++,C++ software | C++ framework,,hard,developpement_conception,ESCO | ONET,SKL_7583f80b59ca | SKL_de759b6256cc
CANS_2b84f326d083,provide guidelines for content development,fournir des instructions pour le développement de contenu,provide guidelines and standards for content development,fournir des orientations pour le développement de contenu | fournir des lignes directrices pour le développement de contenu | fournir des directives pour le développement de contenu,hard,developpement_conception,ESCO,SKL_8b358f26ac2f
CANS_2d0a43b65ed2,demonstrate functionality of video games,démontrer la fonctionnalité de jeux vidéo,display functionality of video games | demonstrate functionality of a video game | demonstrate the functionality of video games | demonstrating functionality of video games | show functionality of video games | establish functionality of video games | determine functionality of video games,,hard,autre_hard,ESCO,SKL_b0609a35adbb
CANS_faf08f2d4d59,work safely with mobile electrical systems under supervision,travailler en toute sécurité avec des systèmes électriques mobiles sous surveillance,working safely with mobile electrical systems under supervision | work safely with cell phone electrical systems under supervision | perform duties safely with mobile electrical systems under supervision | work safely with mobile electrical system under supervision | operate safely with mobile electrical systems under supervision,,hard,autre_hard,ESCO,SKL_ec9ace5cbf4d
CANS_8b57e830d815,work with respect for own safety,travailler en respectant sa propre sécurité,work respectfully for own safety | work for own safety with respect | apply safety rules when carrying out one's own duties | carry out work aware of risks to personal safety,,hard,autre_hard,ESCO,SKL_43401d5958b2
CANS_97edbd54767d,manage digital documents,gérer des documents numériques,Alfresco Standard Network | Dokmee | Enterprise Content Management | FileHold | Athento Smart Document Management | FileNet Content Manager | FileCenter Pro | SIVADOC | M-Files DMS | Nuxeo Document Management | DocuXplorer | BlueDoc | managing digital documents | manage digital files | PaperPort Pro | DocPoint | OneDrive | docSTAR eclipse,,hard,donnees_bdd,ESCO,SKL_9c9170a8136c
CANS_4fd74b854ab3,ensure client orientation,conseiller les clients,be friendly with customers | enable customer focus | demonstrate customer orientation | ensure customer orientation | demonstrate service-oriented attitude | enjoy dealing with customers | assure client orientation | ensuring client orientation | ensure customer focus | secure client orientation | provide customer services | provide client orientation | ensure clients orientation | enable client orientation | provide client support services,démontrer une orientation client | démontrer l'orientation client | profiter des relations avec les clients | assurer l'orientation clients | permettre l'orientation client | faire preuve d’une attitude orientée au service pour les clients | fournir des services à la clientèle | aimer traiter avec les clients | assurer l'orientation des clients | fournir des services de soutien à la clientèle | assurer l'orientation client | faire preuve d'une attitude axée sur le service,hard,programmation,ESCO,SKL_dfcd3d038855
CANS_7c4d67eeb109,ensure adherence to organisational ICT standards,assurer le respect des normes TIC en matière d’organisation,guarantee adherence to organisational ICT standards | enforce adherence to corporate ICT regulations | guarantee compliance with company IT standards,,hard,autre_hard,ESCO,SKL_efc2d1a5ed07
CANS_7004fda5c1cb,present artistic design proposals,présenter des propositions de conception artistique,submit a detailed design proposal | present proposals for designs | present in-depth suggestions for design proposals | present proposals for design detail | present detailed design proposals,,hard,autre_hard,ESCO,SKL_85ee1550e1e6
CANS_b4722028fccb,manage signoff of an installed system,gérer l’approbation d’un système installé,handle signoff of an installed system | manage signing off of an installed system | managing signoff of an installed system | manage installed system signoff | take care of signoff of an installed system,,hard,autre_hard,ESCO,SKL_e3bd28baa199
CANS_5395e2f7cb44,mobile device software frameworks,cadriciels des appareils mobiles,mobile phone software frameworks | android software frameworks | windows phone software frameworks | iOS software frameworks | cell phone device software frameworks,cadriciel de l’appareil mobile | cadriciels des dispositifs mobiles | cadriciels des terminaux mobiles | cadriciel d’un appareil mobile | cadriciels des téléphones portables | cadriciels des smartphones,hard,developpement_conception,ESCO,SKL_0db86e5fd56a
CANS_280763a1ffba,Filemaker (database management systems),FileMaker (systèmes de gestion de base de données),FileMaker Pro | FileMaker | FileMaker Go,,hard,donnees_bdd,ESCO,SKL_6979c42dcb59
CANS_f3c4fc2a4c45,use measurement instruments,utiliser des instruments de mesure,take measurements using specialised equipment | operate measurement instruments | take various measurements using apparatus | utilise measurement apparatus | take various measurements using instruments | take various measurements using measuring devices | utilise measurement devices | perform measurements using tools and instruments | utilise measurement instruments | use measurement apparatus | use measurement and control instruments | perform measurements using instruments | use measurement devices | carry out measurements using equipment,,hard,autre_hard,ESCO,SKL_a389a507c12c
CANS_07bea574db1b,repair equipment on site,réparer des équipements sur place,mend equipment on site | repair equipment on sites | overhaul equipment on site | repairing equipment on site | reconstruct equipment on site | repair equipment on a site | restore equipment on site,,hard,autre_hard,ESCO,SKL_327879f3df6d
CANS_a54591b59a16,maintain internet protocol configuration,maintenir la configuration IP,maintain TCP/IP configuration | apply Internet Protocol Configuration | maintain IP configuration | maintain TCP configuration,appliquer la configuration IP | gérer la configuration IP | maintenir la configuration TCP/IP | maintenir la configuration du protocole internet | maintenir la configuration TCP,hard,donnees_bdd,ESCO,SKL_8a3ed198aa24
CANS_ec92e928dd88,identify legal requirements,identifier les exigences légales,identify legal and normative requirements and standards,définir les exigences légales | recenser les exigences légales | identifier les exigences légales et normatives | identifier les prescriptions légales | cibler les exigences légales | cerner les exigences légales,hard,autre_hard,ESCO,SKL_c98638f8926e
CANS_44ead20e7bd9,address problems critically,aborder des problèmes avec un esprit critique,think critically about problems | thinking critically about problems | thinking about problems critically | think about problems critically | critically addressing problems | addressing problems critically | critically address problems,,hard,developpement_conception,ESCO,SKL_873cfe48c2ce
CANS_94086e109921,BlackBerry,BlackBerry,BlackBerry System,Research In Motion BlackBerry | RIM BlackBerry | CrackBerry,hard,developpement_conception,ESCO,SKL_0af13c576273
CANS_1adb1b1380e1,trading software,logiciel de négociation,trading application | trading software solution,solution logicielle de trading | demande de trading | application de trading,hard,autre_hard,ESCO,SKL_a8e640d3772f
CANS_d58139c24832,maintain electronic equipment,entretenir du matériel électronique,install electronic equipment | maintain battery processes | repair electronic equipment | Electrical Equipment | diagnose electronic equipment | correct malfunctions electronic equipment,réparer du matériel électronique | entretenir les équipements électroniques | effectuer la maintenance d'appareil électronique | installer du matériel électronique | dépanner du matériel électronique | maintenir les processus de batterie | entretenir des appareils électroniques | entretenir des équipements électroniques | maintenir du matériel électronique,hard,autre_hard,ESCO,SKL_81519a81f725
CANS_40ec4ce1949f,Samurai Web Testing Framework,Samurai Web Testing Framework,OWASP Samurai WTF | SamuraiWTF,,hard,developpement_conception,ESCO,SKL_35ffdabbb177
CANS_480a7342afdf,develop statistical software,développer des logiciels de statistique,define statistical software | prepare statistical software | developing statistical software | create statistical software | write statistical software,,hard,programmation,ESCO,SKL_3809f98cce9e
CANS_b8bd87672f04,implement anti-virus software,installer un logiciel antivirus,load malware protection | loading malware protection | installing anti-malware software | install anti-virus software | anti-virus software installing | install anti-malware software | anti-malware software installing | implementing anti-virus software | anti-virus software implementing | installing anti-virus software,installer un programme anti-virus | installer un anti-virus,hard,securite,ESCO,SKL_096204475b7f
CANS_aa155f83103d,define ICT network design policies,définir des politiques de conception de réseau TIC,define ICT network architecture framework | establish ICT network design policies | specify ICT network design principles,,hard,developpement_conception,ESCO,SKL_d7981c6ceac0
CANS_82a8e6961f8e,mix live images,mixer des images en direct,mixing live images | portray images of combined live events | mix live imaging | combine live event images,,hard,autre_hard,ESCO,SKL_e22709d12c9f
CANS_196c61355c9c,SAP R3,SAP R3,SAP R/3 | SAP R/3 Enterprise Edition | SAP S/4 HANA | SAP R/1 | SAP ERP | SAP R/2 | SAP R/3 Enterprise Central Component | SAP ERP 6.0: Enhancement Packages,,hard,developpement_conception,ESCO,SKL_b52f6b21f082
CANS_f520a90cdf7d,coordinate music with scenes,coordonner de la musique avec des scènes,arrange music with scenes | synchronise music with scenes | coordinating music with scenes | coordinate music with scene,,hard,autre_hard,ESCO,SKL_32fecb551172
CANS_351d59d97329,manage digital identity,gérer une identité numérique,protecting privacy and identity on the Internet,,soft,soft_transversale,ESCO,SKL_298f3454c212
CANS_d2fd1b3589c8,audiovisual products,produits audiovisuels,AV products | audio-visual product,,hard,autre_hard,ESCO,SKL_08e5feed4c87
CANS_ad839c275a5d,use audio reproduction software,utiliser un logiciel de reproduction audio,employ audio reproduction tools | operate audio reproduction software,,hard,autre_hard,ESCO,SKL_96ec838ead75
CANS_62b6b9adb519,install monitors for process control,installer des écrans de contrôle des processus,install monitors for surveillance,installer des écrans de surveillance | assurer la surveillance électronique | installer des écrans destinés au contrôle de processus | déployer un système de contrôle de processus | mettre en place des écrans de contrôle du processus,hard,autre_hard,ESCO,SKL_f00286039422
CANS_c7b4786d554f,cloud technologies,technologies de dématérialisation,cloud computing | edge computing,informatique de pointe | Edge Computing (informatique de périphérie) | technologies en nuage | technologie de dématérialisation | informatique en nuage | informatique dématérialisée | dématérialisation | technologie cloud,hard,donnees_bdd,ESCO,SKL_ae19bc58bf36
CANS_a633b0c3be64,business strategy concepts,principes de stratégie d’entreprise,strategic business operations | strategic and operational business mindset | business strategy level | business strategy tiers,,hard,autre_hard,ESCO,SKL_56acbc4788c5
CANS_7b56dbaaa165,measure software usability,mesurer l’ergonomie d’un logiciel,usability evaluation | perform software usability testing,mesurer l’utilisabilité d’un logiciel | évaluer l’ergonomie d’un logiciel | mesurer l’ergonomie d’une application | mesurer l’usabilité d’un logiciel | mesurer l’ergonomie d’un site web | effectuer un test d’ergonomie,hard,autre_hard,ESCO,SKL_3bd4dede8a96
CANS_da04b9e2d375,make data-driven decisions,prendre des décisions fondées sur les données,take decisions based on data,prendre des décisions basées sur des données | prendre des décisions sur la base de données,hard,donnees_bdd,ESCO,SKL_81f91dce66e4
CANS_a5a738d7533d,provide written content,fournir du contenu écrit,professional writing | provide professionally written text and content,fournir du texte écrit | mettre à disposition du contenu écrit | fournir du contenu rédigé professionnellement | rédiger du contenu écrit | offrir du contenu écrit | proposer du contenu écrit,hard,autre_hard,ESCO,SKL_ea10cec2af3a
CANS_6384718f4b51,types of audiovisual formats,types de formats audiovisuels,audio-visual formats varieties | type of audio-visual format | a type of audio-visual format | categories of audio-visual formats | kinds of audio-visual formats | brands of audio-visual formats | varieties of audio-visual formats | audio-visual format types,,hard,autre_hard,ESCO,SKL_16de28f15575
CANS_6da8c3c2515e,interpret technical requirements,interpréter des exigences techniques,solve technical requirements | explain technical requirements | interpret technical requirement | clarify technical requirements | interpreting technical requirements | interpretation of technical requirements | decipher technical requirements,,hard,autre_hard,ESCO,SKL_e1be1080dfc6
CANS_687ad951ee8f,test system accessibility for users with special needs,tester l’accessibilité d’un système pour des utilisateurs ayant des besoins spécifiques,ensure software accessibility,,hard,autre_hard,ESCO,SKL_fac53db94872
CANS_fd172b5be5e7,carry out statistical forecasts,effectuer des prévisions statistiques,carrying out a statistical forecast | make statistical forecasts | complete statistical forecasts | undertake statistical forecasts | oversee statistical forecasts | carrying out statistical forecasts | carry out a statistical forecast,,hard,donnees_bdd,ESCO,SKL_db1fc57b8d09
CANS_55c746850a4f,Swift (computer programming),Swift (programmation informatique),Swift programming paradigms | Swift software development techniques | Swift software development principles | Swift | Swift algorithms,,hard,langage_ou_techno_nommee,ESCO | ONET,SKL_18805039643d | SKL_224770e9399c
CANS_9c28e318b5a9,ICT project management methodologies,méthodes de gestion de projets TIC,Code and fix development | Benefits realization management | Agile | Scrum | structured methodology | prince2 | Extreme project management | agile | Critical chain project management | software development methodologies | project management framework | project management software,méthodes de gestion des projets TIC | méthode de développement logiciel  méthode structurée | prince2 | méthodes de gestion de projet TIC | logiciel de gestion de projet | méthodes de gestion de projets consacrés aux TIC | scrum,hard,autre_hard,ESCO,SKL_e681e8b852a4
CANS_5d2e942e36c6,investment analysis,analyse de l’investissement,pre-investment analysis | post-investment analysis | post-investment review,,hard,autre_hard,ESCO,SKL_11505b49c412
CANS_7a11e8370d10,interpret artistic intentions,interpréter des intentions artistiques,interpret artists' intentions,,hard,autre_hard,ESCO,SKL_2acba252bd66
CANS_9a385fcd3b47,develop professional network,créer un réseau professionnel,build professional network | develop professional networks | create professional network | develop pro network | developing professional network,,hard,reseau,ESCO,SKL_8dbcd96e6942
CANS_e0fcfb734d13,real-time computing,système temps réel,real-time computing systems | real-time data systems,Système temps réel,hard,donnees_bdd,ESCO | ROME,SKL_c684401efd06 | SKL_e54038a4744b
CANS_93cdd44d6642,implement ICT network diagnostic tools,mettre en œuvre des outils de diagnostic d’un réseau TIC,use network diagnostics tools,,hard,autre_hard,ESCO,SKL_29b4410cdb6a
CANS_ec8dcbd55782,program a CNC controller,programmer une commande CNC,arrange a product control process | oversee a product control process | plan a product control process | schedule a product control process | schedule a CNC controller | plan a CNC controller | arrange a CNC controller | oversee a CNC controller,,hard,autre_hard,ESCO,SKL_6a18404d2fae
CANS_fd4c7c5d7c73,define artistic approach,définir une approche artistique,outline artistic approach | state artistic approach clearly | defining artistic approach | define artistic approaches | set forth artistic approach,,hard,developpement_conception,ESCO,SKL_f4472a96573c
CANS_35a6b42460fe,SQL Server,SQL Server,MS SQL Server,,hard,langage_ou_techno_nommee,ESCO,SKL_26e38c8d0849
CANS_6b7fe9cbdd95,adapt existing designs to changed circumstances,adapter des modèles existants à des changements de circonstances,vary existing designs to circumstances that changed | modify designs according to changed circumstances | adapt existing designs to changing circumstances | adapt existing designs to circumstances that changed,,hard,developpement_conception,ESCO,SKL_d9b2a4772030
CANS_909b75c9f6ad,integrate content into output media,intégrer du contenu à des médias de sortie,integrate media content,,hard,donnees_bdd,ESCO,SKL_8948f132b19b
CANS_6de6193a0802,perform minor repairs to equipment,effectuer de menues réparations sur des équipements,equipment maintenance | maintenance of equipment | maintaining equipment | maintain equipment | maintaining of equipment | perform minor equipment repairs | performing of minor repairs to equipment | performing minor equipment repairs | performing minor repairs to equipment | performance of minor repairs to equipment,,hard,autre_hard,ESCO,SKL_9ec10cbe6c66
CANS_36fd711dc6d6,implement cloud security and compliance,mettre en œuvre la sécurité et le respect des règles en matière d’informatique en nuage,cloud security and compliance,,hard,autre_hard,ESCO,SKL_c0af7cdae97f
CANS_171c95bbc275,manage online content,gérer du contenu en ligne,manage website content,gérer du contenu de site internet | administrer du contenu en ligne | gérer des contenus en ligne | assurer la gestion de contenu en ligne | gérer du contenu de site web | gérer du contenu web,hard,donnees_bdd,ESCO,SKL_8311e0f8dbf3
CANS_f49afd8961f5,edit recorded sound,modifier une bande-son,edit sound footage | edit recorded sounds | edit sound recording | edit audio recordings,,hard,autre_hard,ESCO,SKL_d31c065f5f21
CANS_6440c542c590,provide ICT support,fournir une assistance TIC,contribute ICT support | ICT support provision | administer ICT support | furnish ICT support | provision of ICT support | arrange ICT support | providing ICT support,,hard,autre_hard,ESCO,SKL_628f1410a7a6
CANS_b7028cf21d85,ensure proper document management,gérer la documentation de manière adéquate,ensure proper management of documents | ensure management of proper documents | control record keeping system | double-check document management,gérer la documentation en bonne et due forme | gérer les registres,hard,autre_hard,ESCO,SKL_0639d47eb735
CANS_7d527983af21,style sheet languages,langages des feuilles de style,Formatted Output Specification Instance | Extensible Stylesheet Language | cascading style sheets | CSS | SMIL Timesheets | Document Style Semantics and Specification Language,CSS | langages de feuilles de style en cascade | feuilles de style en cascade | langages feuilles de style | langage des feuilles de style,hard,donnees_bdd,ESCO,SKL_81953b3440a3
CANS_f0dbc977347a,implement spam protection,installer une protection anti-spam,implementing email spam filter | install spam filter | implement email spam filter | installing spam filter | implementing spam protection | spam protection implementing | load spam filter,,hard,securite,ESCO,SKL_789c67df42ab
CANS_b8bd7fc4e1cc,apply technical communication skills,appliquer des compétences de communication technique,application of technical communication skills | implement technical communication skills | utilise technical communication skills | employ technical communication skills | applying technical communication skills | administer technical communication skills,,hard,autre_hard,ESCO,SKL_80e5a9774341
CANS_ee7584515230,lighting techniques,techniques d'éclairage,lighting practices | lighting methods | lighting procedures | lighting technique | light techniques,,hard,autre_hard,ESCO,SKL_2c1327384ada
CANS_c9111d48bfc6,MATLAB,MATLAB,MATLAB software development principles | MATLAB coding techniques | MATLAB algorithms | MATLAB software development techniques | MATLAB programming paradigms,,hard,langage_ou_techno_nommee,ESCO,SKL_81167559edfd
CANS_ed9e40b1d46c,write scientific publications,rédiger des publications scientifiques,scientific paper writing | draw up scientific papers | draft scientific papers,,hard,autre_hard,ESCO,SKL_1867331e9788
CANS_22c43d105190,deliver visual presentation of data,fournir une présentation visuelle des données,create data visualisation | visualise data,élaborer une présentation visuelle des données | offrir une présentation visuelle des données | créer la visualisation des données | créer une présentation visuelle des données | réaliser une présentation visuelle des données | composer une présentation visuelle des données,hard,autre_hard,ESCO,SKL_a64f321f488f
CANS_4a48af5f56a0,consult with stakeholders on implementation of a production,consulter les intervenants sur la réalisation d’une production,consult with stakeholders on production's implementation | discuss production's implementation with various stakeholders | consult stakeholders on a production's implementation | confront stakeholders about implementing a production,,hard,autre_hard,ESCO,SKL_e45777b83f85
CANS_8fd461aeb04d,organisational structure,structure organisationnelle,organisational role allocation | organisational blueprint | organisational structures | organisational plan | organizational structure | organisation structures | organisational framework | an organisational structure,,hard,autre_hard,ESCO,SKL_a973c6971015
CANS_1bc979219df7,ICT architectural frameworks,cadres d'architecture TIC,ICT architectural structure | ICT architectural requirements | ICT architectural framework,cadres d’architecture en technologies de l'information et de la communication,hard,developpement_conception,ESCO,SKL_1f31dc507700
CANS_27d225d2aea7,implement front-end website design,mettre en œuvre le design front end d’un site web,provide front-end website design | design and develop front-end website,,hard,autre_hard,ESCO,SKL_588b0ce4feb1
CANS_5fe0f9790672,application usability,convivialité de l’application,software usability,pratiques d’ingénierie du logiciel | utilisabilité de l’application | ergonomie informatique | convivialité du logiciel | usabilité de l’application | ergonomie de l’application,hard,developpement_conception,ESCO,SKL_027b4b2aa1a9
CANS_fc161e7ceb45,blockchain design patterns,modèle de blockchain,design patterns of blockchain,modèles de conception de blockchain,hard,developpement_conception,ESCO,SKL_349ff15e502d
CANS_1fb6d1efa23f,report analysis results,communiquer les résultats d’analyse,use data reporting,rapporter les résultats d’analyse | exposer les résultats d’analyse | communiquer les résultats de l’analyse | communiquer le résultat d’analyse | faire un rapport des résultats d’analyse | produire les résultats d’analyse,hard,developpement_conception,ESCO,SKL_d453c9ea1d9c
CANS_3098903f5ebc,give live presentation,faire une présentation en direct,giving live presentations | give a live presentation | give live presentations | arrange live presentation | convey live presentation | deliver live presentation,,hard,autre_hard,ESCO,SKL_f388889ccd53
CANS_34e5df5c3bac,unstructured data,données non structurées,types of unstructured data,données structurées | ensemble de données non structurées | analyses de données | données semi-structurées | exploration de données | informations non structurées,hard,donnees_bdd,ESCO,SKL_cd1a8c17e323
CANS_fa93b39ed354,CA Datacom/DB,CA Datacom/DB,CA-Datacom/DB | CA Datacom | DATACOM/DB,,hard,donnees_bdd,ESCO,SKL_7b4f8244da7c
CANS_e76a2a684798,work with composers,travailler avec des compositeurs,work with a composer | discuss various interpretations with composers | working with composers | interact with composers,,hard,autre_hard,ESCO,SKL_fdcf9cd94388
CANS_1bc6b1203357,attend music recording sessions,assister à des séances d’enregistrement de musique,attending music recording sessions | attend music recording session | participate in music recording sessions | join music recording sessions | listen in on music recording sessions | go to music recording sessions,,hard,autre_hard,ESCO,SKL_b8e094d58721
CANS_9f0015c7137b,Salt (tools for software configuration management),Salt (outils de gestion de configuration logicielle),Salt,,hard,developpement_conception,ESCO,SKL_4687c1d5b8d4
CANS_850b076de4ba,quality assurance methodologies,méthodes d’assurance qualité,quality assurance plans | quality assurance methodology | quality assurance approaches | quality assurance arrangements | quality assurance processes,méthodes de contrôle de la qualité,hard,autre_hard,ESCO,SKL_6a468ac789e8
CANS_f5984f574ede,LINQ,LINQ,Language Integrated Query,,hard,developpement_conception,ESCO,SKL_de055ba807c1
CANS_933700ace428,collaborate on costume and make-up for performances,collaborer pour la création de costumes et de maquillages pour les spectacles,ensure cooperation among production on costume and make-up department | ensure cooperation between costume department and make-up department,,hard,autre_hard,ESCO,SKL_9fde7a7a4ad4
CANS_9f401552377f,study media sources,étudier des sources de médias,study sources of media | study social media sources | study media development,,hard,autre_hard,ESCO,SKL_3d0c901cfcaf
CANS_e39a159b0d16,electricity,électricité,electricals | electrification | basic electricals | basic electrics | electrics | electricity basics,notions de base en électricité | basiques de l'électricité | électricité de base | électrique de base | électrique | électriques | Electricité,hard,autre_hard,ESCO | ROME,SKL_1bae5b813605 | SKL_f63b6c2e45de
CANS_777b6f08e1b6,online moderation techniques,techniques de modération en ligne,online interaction methods | online interaction strategies and methods | online interaction strategies | online moderation methods | online moderation strategies | moderation techniques for online groups | online groups interaction techniques,,hard,autre_hard,ESCO,SKL_00199bcd086f
CANS_33df55f58f8c,ICT recovery techniques,techniques de récupération des données,ICT recovery techniques for corrupted software components | ICT recovery techniques for hardware | ICT recovery techniques for corrupted data | ICT recovery methods | ICT recovery techniques for damaged and corrupted software components,,hard,developpement_conception,ESCO,SKL_5bed2e74daf6
CANS_bf59ae55e46d,cognitive computing,computation cognitive,cognitive computing technology,technologie de l'informatique cognitive | technologie informatique cognitive,hard,programmation,ESCO,SKL_4cd9c82e2b55
CANS_16e95edfbf50,ICT system user requirements,besoins des utilisateurs des systèmes d’information et de communication,analysis of user requirement in ICT systems | analysis of user requirements in ICT systems,,hard,developpement_conception,ESCO,SKL_aea3e91c5092
CANS_8a2a5c03b181,respond to customers' inquiries,répondre aux demandes des clients,deal with client's enquiries | respond to a customer inquiry | answer customers' inquiries | respond to inquiries by customers,communiquer avec la clientèle | satisfaire les demandes des clients | répondre aux besoins des clients | répondre aux demandes de la clientèle,hard,reseau,ESCO,SKL_483e02923b41
CANS_2a6d40390036,audio editing software,éditeur audio,audio editing program | audio editing plugin | audio edit software,logiciel pour l'édition audio,hard,autre_hard,ESCO,SKL_f98531995e62
CANS_b3e2ef8d0a59,review development process of an organisation,analyser le processus de développement d’une organisation,review development process of an organization | judge development process of an organisation | judge development process of an organization | assess development process of an organization | assess development process of an organisation,,hard,developpement_conception,ESCO,SKL_b58c863e0dfe
CANS_6225355afabf,manage standards for data exchange,gérer les normes d’échange de données,set standards for data transformation,,hard,developpement_conception,ESCO,SKL_a0910b4e42c4
CANS_f3e9f453b9eb,manage a team,gérer une équipe,direct a team | managing a team | supervise a team | manage the team,,hard,autre_hard,ESCO,SKL_ebb4510ed841
CANS_dc73d21b8588,create semantic trees,créer des arbres sémantiques,develop a semantic resolution tree | create controlled vocabularies | develop taxonomies and ontologies | create thesauri,,hard,autre_hard,ESCO,SKL_f3f30c18c6c0
CANS_c60c05174157,apply ICT systems theory,appliquer la théorie des systèmes d’information et de communication,follow the theoretical principles for ICT systems | implement theoretical notions for ICT systems | follow the principles of ICT systems theory | implement principles for ICT systems | implement theoretical principless for ICT systems,,hard,autre_hard,ESCO,SKL_3b1c6e0aad62
CANS_6b7e071e6738,operate audio-signal processors,utiliser des processeurs de signaux audio,employ audio-signal processors | run audio-signal processors | operating audio-signal processors | use audio-signal processors | operate audio-signal processor,,hard,autre_hard,ESCO,SKL_5f3c89bad715
CANS_574647df91df,supervise camera crew,superviser une équipe de tournage,supervise camera crews | direct camera crew | organise camera crew | supervising camera crew | oversee camera crew | manage camera crew,,hard,autre_hard,ESCO,SKL_5b83ea838ffd
CANS_77d09f4057c1,projection equipment,matériel de projection,projection apparatus | projection gear | projections equipment | projecting equipment | projection devices | projection instruments,,hard,autre_hard,ESCO,SKL_33e2ad413fc1
CANS_e4383392c12c,develop professional network with researchers and scientists,créer un réseau professionnel avec des chercheurs et des scientifiques,cultivate a professional circle in academia | foster relationships with researchers and scientists | establish connections with researchers and scientists,,hard,reseau,ESCO,SKL_9de0f5461144
CANS_41a28ae507c4,monitor ICT research,suivre la recherche dans le domaine des TIC,keep up with ICT research,,hard,developpement_conception,ESCO,SKL_1cf292a8c0ee
CANS_6417c960e02c,data quality assessment,évaluation de la qualité de données,data quality analysis | analyse data quality,,hard,autre_hard,ESCO,SKL_a0a82942ef54
CANS_c707bebaf644,record music,enregistrer de la musique,record audio | recording music | capture musical sounds,,hard,autre_hard,ESCO,SKL_502af47e0a59
CANS_8315a7cd67ee,project configuration management,gestion de configuration de projet,project deliverables management | project setup control | effective management process | project setup management,,hard,autre_hard,ESCO,SKL_bd85b6465f48
CANS_c0763365f3c6,Python (computer programming),Python (programmation informatique),Python 3K | Python,Python3000 | Py3K | Python2 | Python prog | Python3 | Pyston | Python 3k,hard,langage_ou_techno_nommee,ESCO | ONET,SKL_1cd624314ce9 | SKL_ff7e9ffbb211
CANS_eeb9f1ea96ef,business ICT systems,systèmes TIC de l’entreprise,business IT systems,systèmes TI de l’entreprise | systèmes TIC d’entreprise | systèmes TIC en entreprise | systèmes informatiques de l’entreprise | systèmes TIC pour entreprises,hard,autre_hard,ESCO,SKL_a94e84871ee9
CANS_309b5e4a8fa0,integrate gender dimension in research,intégrer la dimension de genre dans la recherche,account for gender characteristics in scientific research | promote inclusion in research,,hard,autre_hard,ESCO,SKL_4169635a80e2
CANS_1bff635c45f8,perform project management,assurer la gestion de projets,perform management of projects | performing project management | manage projects | do project management | conduct project management | perform projects management,,hard,autre_hard,ESCO,SKL_1911edef9778
CANS_574ebb7c9718,distributed ledger technologies vulnerabilities,vulnérabilités des technologies de registres distribués,security in distributed ledger technology,sécurité dans la technologie des registres distribués | sécurité dans la technologie du registre distribué,hard,donnees_bdd,ESCO,SKL_95ca38c47f50
CANS_c475615d0b16,systems theory,théorie des systèmes,systems fundamentals,,hard,developpement_conception,ESCO,SKL_2826cd7b523c
CANS_8ac4fcfe7b4d,document your own practice,documenter sa propre pratique,document all phases of own practice | keep a record of the practice | document own practice,,hard,autre_hard,ESCO,SKL_82fb2644575a
CANS_9c5cccf7a4b3,iOS,iOS,IPhoneOS | IPhone os | IOS (operating system) | IPadOS | IPhone OS | iPhone OS,OS X iPhone | IPad OS | IPod Touch OS | AppleiOS | Apple iOS | Mac OS X | Iphone os,hard,developpement_conception,ESCO,SKL_8dad71fe8c3c
CANS_74f020110727,explain distributed ledger technologies principles,expliquer les principes des technologies de registres distribués,explain distributed ledger technologies properties,expliquer les propriétés des technologies des registres distribués | expliquer les propriétés des technologies de registre distribué,hard,programmation,ESCO,SKL_af7934165e9a
CANS_9b0ed2bdd219,manage system testing,effectuer des tests système,oversee testing of hardware | oversee testing of software,,hard,autre_hard,ESCO,SKL_4adb0a2106db
CANS_7fd6b56b8302,perform copywriting,effectuer un travail de rédaction,undertake copywriting | performing copywriting | complete copywriting | implement copywriting | copywriting performance | perform copy writing,,hard,autre_hard,ESCO,SKL_1d1a8295eeda
CANS_ebce6c40b66d,automate cloud tasks,automatiser les tâches en nuage,evaluate cloud automation alternatives | automation of cloud tasks | optimise cloud workflows,,hard,developpement_conception,ESCO,SKL_789d2af203ff
CANS_d59fb6834792,ethics,éthique,the study of moral principles | moral studies,,hard,autre_hard,ESCO,SKL_1ba86fb9f29e
CANS_d859d74fdfd1,perform backups,effectuer des sauvegardes,backup data | backup ICT system,effectuer une sauvegarde | exécuter des sauvegardes | effectuer des sauvegardes de données | réaliser des sauvegardes | sauvegarder des données | sauvegarder,hard,securite,ESCO,SKL_b1c2a4bc445a
CANS_aaf6dc31ad3c,mobile device management,gestion des appareils mobiles,BYOD | cell phone device management | mobile terminals | bring your own device,PAP | AVEC | MDM | utilisation des appareils mobiles | terminaux mobiles | prenez vos appareils personnels | gestion de terminaux mobiles | apportez votre équipement personnel de communication,hard,donnees_bdd,ESCO,SKL_3a770021928a
CANS_7f39b954f155,signal processing,traitement du signal,digital signal processing | DSP | analogic transmission digital transmission,processeurs de traitement numérique du signal | traitement numérique du signal | TNS | transmission de données | processeurs de signal numérique | DSP,hard,autre_hard,ESCO,SKL_d49491e2fcc6
CANS_f47f85d66023,use technical documentation,utiliser de la documentation technique,read and use technical documentation | use technical documents | use documentation that is technical | understand and implement technical documentation,,hard,autre_hard,ESCO,SKL_da645c224c86
CANS_c7565d8c54d6,ICT infrastructure,infrastructure des TIC,ICT infrastructure and operations | IT infrastructure and operations | IT architecture and infrastructure | ICT architecture and infrastructure,,hard,autre_hard,ESCO,SKL_8c107549fe5b
CANS_ed59be60a01a,present reports,présenter des rapports,present a report | prepare statistical reports | submit presentation,exposer des rapports | fournir des rapports | transmettre des rapports,hard,autre_hard,ESCO,SKL_197598d2730e
CANS_9ec7c4911499,blueprints,plans directeurs,technical drawings | technical plans | technical blueprints | schematics,,hard,autre_hard,ESCO,SKL_4105ef177e9d
CANS_161c776a1571,musical theory,théorie de la musique,musical philosophy | music theory | musical science | musical principles,,hard,autre_hard,ESCO,SKL_26274ee028a7
CANS_7cd03042a941,apply operations for an ITIL-based environment,appliquer des opérations pour un environnement ITIL,apply an operation for an ITIL-based environment | utilise operations for an ITIL-based environment | applying operations for ITIL-based environments | employ operations for an ITIL-based environment | applying operations for an ITIL-based environment | administer operations for an ITIL-based environment | implement operations for an ITIL-based environment,,hard,autre_hard,ESCO,SKL_73331ab8779f
CANS_12d312d78f39,have computer literacy,avoir des connaissances en informatique,computer literacy | demonstrate computer literacy | be computer-literate | have good computer literacy,,hard,donnees_bdd,ESCO,SKL_048583f9e7a6
CANS_2ce5018b2cb3,electrical wiring plans,plans de câblage électrique,electrical wiring diagrams | an electrical wiring plan | electrical wiring schemes | electrical wiring blueprints | electrical wiring planning | electrical wiring plan | electrical wiring maps,,hard,autre_hard,ESCO,SKL_818a257e28f1
CANS_706743c1d724,tolerate stress,supporter le stress,stress tolerance | endure stress | stress toleration | tolerating stress | abide stress | permit stress,,hard,autre_hard,ESCO,SKL_431af79d6c2d
CANS_068b2d6a4a2d,distributed directory information services,services d’annuaire,active directory | directory service | install directory services,système de stockage de données | service de stockage de données | service informatique | service d’annuaire | service d’annuaires,hard,donnees_bdd,ESCO,SKL_29aa2699d0ed
CANS_16989a15d826,resource-efficient technologies,technologies économes en ressources,resource efficiency,efficacité des ressources | utilisation efficace des ressources,hard,securite,ESCO,SKL_f4b0d96998e6
CANS_e7632945d1ff,recognise blockchain risks,reconnaître les risques liés à la technologie de la blockchain,predict risks in blockchain technology | identify risks in blockchain technology,identifier les risques dans la technologie blockchain | prédire les risques liés à la technologie blockchain | identifier les risques liés à la technologie blockchain | prédire les risques dans la technologie blockchain,hard,autre_hard,ESCO,SKL_f8e97f763e19
CANS_d01f27c2c531,Joomla,Joomla,Joomla software,,hard,developpement_conception,ESCO | ONET,SKL_362386d2b6d5 | SKL_af82150fafdb
CANS_a2b1d4a6c47f,use functional programming,utiliser la programmation fonctionnelle,apply functional programming principles,,hard,programmation,ESCO,SKL_e92f735f2558
CANS_e299dd4f65ee,manage cloud data and storage,gérer les données et le stockage dans l’informatique en nuage,manage cloud data encryption | manage cloud data retention | cloud storage and data management | implement cloud data protection | create cloud data retention,,hard,donnees_bdd,ESCO,SKL_dc718588b284
CANS_1a8c0aa7043e,ICT encryption,cryptage dans le domaine des TIC,TLS | symmetric-key algorithm | asymmetric cryptography | public-key cryptography | transport layer security | SSL | secure sockets layer,cryptographie symétrique | SSL | chiffrement TIC | cryptage TIC | cryptographie à clé publique | cryptographie asymétrique,hard,donnees_bdd,ESCO,SKL_4d76ad90efb3
CANS_0a0de99d7ea6,state estimation,estimation de l’état interne d'un système  énergétique,state inference | energy state estimation | state estimation and prediction,estimation de l'état énergétique | estimation et prédiction de l'état | inférence d'état,hard,autre_hard,ESCO,SKL_f76e03586a5e
CANS_883936c34ecd,GDPR,RGPD,EU data protection | knowledge of GDPR | General Data Protection Regulation,,hard,autre_hard,ESCO,SKL_a5dbeab6c38b
CANS_1dc1e08b0e16,authoring software,logiciel de création,,,hard,autre_hard,ESCO,SKL_ad8a6209aa68
CANS_f4eb6cd996c3,leadership principles,principes de leadership,scope of management principles | principles of management | scope of leadership principles | range of leadership principles | principles of leadership | range of management principles | literature on leadership principles | literature on management principles,principes de commandement | principes de direction,hard,developpement_conception,ESCO,SKL_a03ccdacfdcf
CANS_5b0076b362ad,define organisational standards,définir des normes d’organisation,define organisational standard | write up organisational standards | defining organisational standards | define standards for the organisation | define organizational standards | set organisational standards,,hard,developpement_conception,ESCO,SKL_62cb2c333713
CANS_4e832e61b68e,provide technical training,dispenser une formation technique,technical training provision | providing technical training | administer technical training | provision of technical training | contribute technical training | furnish technical training | arrange technical training,,hard,autre_hard,ESCO,SKL_05a83bc4458b
CANS_b64b41dfd3c8,Scratch (computer programming),Scratch (programmation informatique),Scratch,,hard,developpement_conception,ESCO,SKL_2b386dc088dc
CANS_0c60d6112dfd,analyse staff capacity,analyser les capacités du personnel,analysing staff capacity | test staff capacity | analysis of staff capacity | analyze staff capacity | search staff capacity | scrutinise staff capacity | investigate staff capacity,,hard,autre_hard,ESCO,SKL_5e9ec004678c
CANS_e1986b9ff309,Process-based management,méthode de gestion de projets procédurale,process-based project management methodology,gestion fondée sur des procédures | gestion basée sur les processus,hard,autre_hard,ESCO,SKL_53fbbdc90e13
CANS_5296ab622e6c,common aviation safety regulations,règles communes de sécurité en matière d'aviation,common safety regulations in aviation | common aviation safety legislation | prevailing aviation safety directives | common safety legislation in aviation | common civil aviation safety regulations | regulations governing safety in international civil aviation | common international civil aviation safety regulations | standard aviation safety regulations | prevailing safety regulations in civil aviation | standard regulations in aviation safety,,hard,autre_hard,ESCO,SKL_37f4abfcf77d
CANS_bdabb82167eb,read musical score,lire une partition de musique,interpret musical score | understand musical score | reading musical score | read musical scores,,hard,developpement_conception,ESCO,SKL_2686d3ca1793
CANS_6863205a47a6,blockchain-based business models,systèmes économiques fondés sur la technologie de la blckchain,models for blockchain-based business,modèles pour les entreprises basées sur la blockchain,hard,donnees_bdd,ESCO,SKL_9c47232ffdf8
CANS_5d32525c3891,publishing strategy,stratégie de publication,publishing content | publishing content in output media,stratégie éditoriale | stratégie de publication de contenu | projet éditorial | stratégie de publication de contenus | contenu de publication,hard,developpement_conception,ESCO,SKL_e4b4be89e1ff
CANS_9496c0a9738b,maintain database performance,maintenir les performances d’une base de données,execute database maintenance,,hard,donnees_bdd,ESCO,SKL_f6deffac4dbf
CANS_3da1da8e8dcd,product comprehension,compréhension des produits,products comprehension | comprehending products | product understanding | product requirements | product knowledge | comprehension of products,,hard,autre_hard,ESCO,SKL_0b061adb652d
CANS_bb668a901ad2,ICT network cable limitations,limites des câbles réseau,ICT network wire limitations | ICT network line limitations,inconvénients des câbles réseau | limites en matière de câblage du réseau des TIC | restrictions imposées par les câbles du réseau | désavantages des câbles réseau | limitations des câbles réseau | limites des câbles du réseau des TIC,hard,donnees_bdd,ESCO,SKL_78a032041797
CANS_84f58a3b5cac,execute feasibility study,mener une étude de faisabilité,conduct feasibility assessment | undertake feasibility studies | perform feasibility study on solar heating | perform feasibility study on solar absorption cooling | conduct feasibility studies | perform feasibility analysis,,hard,autre_hard,ESCO,SKL_9d13f5ec1fdf
CANS_fc800fa03a7a,maintain sound equipment,entretenir du matériel de sonorisation,repair sound equipment | maintain equipment of sound | set up and check audio equipment | check sound equipment,,hard,autre_hard,ESCO,SKL_d2606da8e850
CANS_a55cfae9c991,network standards,normes de réseau,network protocols | network guidelines | network codes,protocoles réseau | directives du réseau | lignes directrices du réseau | codes de réseau | protocoles de réseau,hard,donnees_bdd,ESCO,SKL_c5114bc54f61
CANS_31f14ba75cec,perform quality audits,effectuer des audits de la qualité,perform external quality audits | perform compliane audits | conduct internal quality audits | conduct quality systems audit,,hard,autre_hard,ESCO,SKL_7efcdffab3b3
CANS_b0e638838589,sustainability consulting,services de conseil en matière de durabilité,sustainability consulting services,services de conseil en développement durable,hard,securite,ESCO,SKL_e65eaedaf281
CANS_7763c2e16669,manage environmental impact of operations,gérer l’incidence environnementale des activités,assess and monitor operations impact on the environment | environmental impact management | environmental impact assessment and monitoring | manage operations impact on the environment | assess and monitor environmental impact | manage environmental impact,,hard,securite,ESCO,SKL_4e7bcf525ff7
CANS_8bae0672af76,Android (mobile operating systems),Android (systèmes d’exploitation mobiles),Android,,hard,developpement_conception,ESCO,SKL_4156ea9aa526
CANS_ba929b0ce4dc,mechatronics,mécatronique,mechatronic engineering | smart machines | science of mechatronics | mechatronic science | field of mechatronics,,hard,autre_hard,ESCO,SKL_35a99b3ae22c
CANS_697ee16a0562,practise camera movements,pratiquer des mouvements de caméra,practise camera movement | practising camera movements | rehearse camera movements | practice camera movements | repeat camera movements | review camera movements,,hard,autre_hard,ESCO,SKL_e9c6121d5e8e
CANS_4c1b5edbebdd,set up the controller of a machine,configurer la commande d’une machine,erect appliance and machine control systems | build the controller of a machine | set up the computer controller of a machine | install appliance and machine control systems | install the controller of a machine | assemble the controller of a machine | erect the controller of a machine | assemble appliance and machine control systems | build appliance and machine control systems,,hard,autre_hard,ESCO,SKL_f9ec5e405892
CANS_513e15c8adad,define technical requirements,définir les exigences techniques,write up a list of technical specifications | gather technical requirements | jot down technical specifications in a list | write up a technical specifications' list | write technical specifications | write up technical specifications in a list | make a list of technical aspects,rédiger les spécifications techniques | rédiger une liste de spécifications techniques | faire une liste d'aspects techniques | consigner les spécifications techniques dans une liste | faire une liste des aspects techniques | recueillir les exigences techniques,hard,developpement_conception,ESCO,SKL_8a9651b100b9
CANS_8e2bdb5f7ced,Teradata Database,Teradata Database,Teradata | Teradata Integrated Data Warehouse,,hard,donnees_bdd,ESCO | ONET,SKL_a7c157e96f4c | SKL_e3d4eb746d6b
CANS_54caaa9a862a,analyse network bandwidth requirements,analyser les besoins en bande passante réseau,analyze network bandwidth requirements | measure network bandwidth requirements | assess network bandwidth requirements,contrôler les besoins en bande passante réseau | mesurer les besoins en bande passante réseau | analyser les besoins en bande passante | gérer et optimiser l’utilisation de la bande passante | analyser les besoins en bande passante du réseau | superviser les besoins en bande passante réseau,hard,autre_hard,ESCO,SKL_0d11c1c4ba27
CANS_c70a3e12c166,lean project management,gestion de projets allégée,lean project management approach | Lean Six Sigma | lean project methodology,gestion de projets «lean»,hard,autre_hard,ESCO,SKL_02c69b93451d
CANS_632206012c4a,manage open publications,gérer des publications ouvertes,manage open-source content | manage open-source publications | handle open-source content | handle open publications | handle open-source publications,,hard,autre_hard,ESCO,SKL_37eb93868d67
CANS_637e03e7a049,identify ICT system weaknesses,déterminer les faiblesses d’un système TIC,identify cyber infrastructure vulnerabilities | identify vulnerabilities of a cyber infrastructure,,hard,securite,ESCO,SKL_65a88136df69
CANS_2d030f96f530,develop design concept,élaborer un concept,generate design concept | produce design concept | developing design concept | develop design concepts | create design concept,,hard,developpement_conception,ESCO,SKL_b08de6af456f
CANS_40023e350750,support ICT system users,aider les utilisateurs de systèmes d'information,staff support | user assistance | provide guidance on the use,aider un utilisateur de systèmes d'information | fournir des conseils aux utilisateurs de systèmes d'information | prêter assistance aux utilisateurs de systèmes d'information | aider des utilisateurs de systèmes d'information | prêter assistance aux utilisateurs de systèmes de TIC,hard,autre_hard,ESCO,SKL_e0cd3dc50b3c
CANS_16c6bdadd5a7,Agile development,développement par méthode agile,Agile Development Environment | Agile Software Development Practices | Agile frameworks | Agile software environment | Agile development framework | Agile software development methods | Agile software development | Agile scrum development framework,,hard,developpement_conception,ESCO,SKL_fb22373c26ad
CANS_fc5492e7111a,build business relationships,établir des relations d'affaires,assemble business relationships | build a business relationship | set up business relationships | produce business relationships | devise business relationships | construct business relationships | building business relationships,,hard,reseau,ESCO,SKL_b1d3c0bd074a
CANS_5dca00923a0f,apply health and safety standards,appliquer des normes de santé et de sécurité,implement health and safety standards | administer health and safety standards | health and safety standard applications | employ health and safety standards | apply a health and safety standard | applying health and safety standards | utilise health and safety standards,,hard,autre_hard,ESCO,SKL_b5a66ada3c21
CANS_a47deddcb8a9,VBScript,VBScript,VBScript for web-based scripting | VBScript programming paradigms | VBScript coding techniques | VBScript scripting techniques | VBScript algorithms,,hard,developpement_conception,ESCO,SKL_61058691b0ef
CANS_bd2ab9c0507a,maintain system layout for a production,conserver l'agencement d'un système pendant une production,plan and keep a production system layout | maintain a system for production layout | establish and maintain the system layout for a production | maintain a production system layout,,hard,developpement_conception,ESCO,SKL_0bb58cd89f27
CANS_3662fce1958b,align antennae with receiving dishes,aligner des antennes et des paraboles,align antennae with receiving dish | sync antennae with receiving dishes | aligning antennae with receiving dishes | line up antennae with receiving dishes | coordinate antennae with receiving dishes,,hard,autre_hard,ESCO,SKL_6130ab6af82c
CANS_094df42c6acb,lead disaster recovery exercises,mener des exercices de reprise d’activité,supervise disaster recovery trainings | supervise disaster recovery exercises | conduct disaster recovery trainings,,hard,autre_hard,ESCO,SKL_5dcc8e458213
CANS_6d6a8a4423fd,computer technology,technologie informatique,ICT | information technology | IT | technology in computing | information and communications technology | technology of computers | technology in computers | technology in computer networks,informatique | Technologies informatiques,hard,autre_hard,ESCO | ROME,SKL_6fafa85b6906 | SKL_7c9aeb2137b4
CANS_aec93b353544,identify ICT user needs,identifier les besoins des utilisateurs de TIC,ICT user needs identification techniques,répondre aux besoins des utilisateurs de TIC | cerner les besoins des utilisateurs de TIC | utiliser des techniques d’identification des besoins des utilisateurs de TIC | identifier les besoins des utilisateurs des TIC | identifier les besoins des utilisateurs TIC | recenser les besoins des utilisateurs de TIC,hard,autre_hard,ESCO,SKL_e6ca3be59c9b
CANS_bc3b42094615,software interaction design,conception de l’interaction du logiciel,interaction design,conception d’un logiciel interactif | élaboration de l’interaction du logiciel | mise au point de l’interaction du logiciel | création de l’interaction du logiciel | création d’un logiciel interactif,hard,autre_hard,ESCO,SKL_5ad581fa1e0f
CANS_3a940293950f,penetration testing tool,outil de test d’intrusion,I.C.U.MVS | COPS | CA-Examine | IP360 Vulnerability Management System | S10SCAN | metasploit | PanSec | Quickinspector | Nfsbug | NTellect | Pmutil | Chkpwd | GamaScan | SFProtect Mobile | Hobgoblin | VAM | SAM System Scanner | Trojan | Cisco Secure Scanner | Burpsuite | SFProtect Server | HackerShield | penetration testing software | SAM Internet Scanner | NMAP | output of a penetration test | PhoneSweep | NTCrack | webinspect,plateforme de test d’intrusion | logiciel de test d’intrusion | metasploit | Burpsuite | méthode d’évaluation de la sécurité | webinspect | test d’intrusion | outil de test de pénétration,hard,developpement_conception,ESCO,SKL_7e88ed7907b6
CANS_b87698fbde0a,Oracle Relational Database,Oracle Relational Database,Rdb | Oracle Rdb,,hard,donnees_bdd,ESCO,SKL_26d8f2754836
CANS_c96a05e3a767,provide customer follow-up services,offrir des services de suivi de la clientèle,providing customer follow-up services | provide a customer follow-up service | provide customer follow-up service | contribute customer follow-up services | arrange customer follow-up services | furnish customer follow-up services | administer customer follow-up services,,hard,autre_hard,ESCO,SKL_f67b6e3d70d2
CANS_b88648259e5a,COBOL,COBOL,COBOL programming language | Cobol | COBOL applications | COBOL software,,hard,developpement_conception,ESCO,SKL_5846d47024c9
CANS_3407a00c06c1,utilise decision support system,utiliser des systèmes d’appui à la décision,utilise ICT systems for decision making | use ICT systems for decision making | utilize ICT systems for decision making | employ decision support systems | utilize decision support system,,hard,autre_hard,ESCO,SKL_ffc885172f88
CANS_d32151709c5c,protect ICT devices,protéger les dispositifs TIC,Cloudmark DesktopOne Pro | up-date online security measures | AVS Firewall | CleanMail Home | MailWasher Pro | Matrix Systems Access Control | Kingsoft Antivirus | Zone Alarm Firewall | Agnitum Outpost Firewall | Tyco Integrated Security Managed Access Control | Norton Security Deluxe | AddTech Controls | use anti-virus software | protect information and communication technologies devices | AVG Anti-Virus | IDenticard Systems PremiSys | keep ICT devices safe | implement SPAM-ware | implement private ICT user security measures | Honeywell Managed Access Control | set up passwords and private settings | protect personal data | McAfee AntiVirus | SPAMfighter | ADT Access Control | Bitdefender Antivirus | Kaspersky Anti-Virus | take care of ICT devices | protect ICT device | safeguard ICT devices | ESET NOD32 Antivirus,,hard,securite,ESCO,SKL_79d7ba26c340
CANS_cc3806d6cd0f,design thinking,conception créative,creative solutions | creative problem solving solutions,,hard,autre_hard,ESCO,SKL_1c6215f5f465
CANS_7f834028f7ad,create content title,créer un intitulé,invent content title | find content title | come up with content title,,hard,autre_hard,ESCO,SKL_1e5cd3064178
CANS_efc9a28a6d0c,provide multimedia content,fournir du contenu multimédia,develop multimedia content,,hard,autre_hard,ESCO,SKL_0e0e749d3446
CANS_d7bc98234a8a,set up sound reinforcement system,installer un système de renforcement du son,set up a sound system that is reinforced | set up a reinforced sound system | tune up sound reinforcement system | tune up the public address system | tune up the PA,,hard,autre_hard,ESCO,SKL_af2ff39d72ae
CANS_7bf4aa51a851,design for organisational complexity,concevoir la complexité de l’organisation,design cross-account authentication for complex organisations | implement cloud environment for complex organisations | design an access strategy for complex organisations | design cloud environment for complex organisations | design access strategies for complex organisations,,hard,developpement_conception,ESCO,SKL_2fe1ad7a3d79
CANS_d301afaf01c3,hardware architectures,architectures matérielles,PC hardware architecture,,hard,autre_hard,ESCO,SKL_31eb2c110ee8
CANS_f3e4adc2da9e,plan audiovisual recording,planifier un enregistrement audiovisuel,organise a studio recording session | plan a recording session | plan a studio recording | organise a recording | plan a recording | plan a studio recording session | plan an audiovisual recording | plan recording of sounds and images | organise a recording session | organise a studio recording,,hard,programmation,ESCO,SKL_6f5a4ab18a01
CANS_9e1b4a865f06,monitor communication channels' performance,suivre la performance des canaux de communication,supervise communication channels' quality | perform visual checks to communication channels | track communication channels' efficiency,,hard,autre_hard,ESCO,SKL_6b3b58ffac7b
CANS_dc219ec2ca2c,control of expenses,contrôler les dépenses,controlling expenses | supervise expenses | expenses controls | administer expenses | control expenses | oversee expenses,,hard,autre_hard,ESCO,SKL_a9a5d83a092a
CANS_c19dba4f4f9e,estimate duration of work,évaluer la durée de travail,time estimation of work,évaluer la durée de la prestation de travail | jauger la durée de travail | évaluer la durée du travail | estimer la durée de travail | prévoir la durée de travail | anticiper la durée de travail,hard,autre_hard,ESCO,SKL_33a22f201b0d
CANS_ffcfc2eda05d,copyright legislation,législation sur les droits d'auteur,copyrighting legislation | laws protecting rights of original authors,loi sur le copyright,hard,autre_hard,ESCO,SKL_dc34bf5c3028
CANS_666a22a4bb62,troubleshoot website,site web de dépannage,website troubleshooting,site web de résolution de problèmes | site internet de dépannage | assistant de résolution des problèmes | dépannage en ligne | plateforme web de dépannage | assistant de dépannage,hard,autre_hard,ESCO,SKL_9cd6fbd61736
CANS_b5eeeaf7e853,set up projection equipment,installer du matériel de projection,install and connect projection and image equipment | assemble projection equipment | setting up projection equipment | set up equipment for projection,,hard,autre_hard,ESCO,SKL_93fd9d40168a
CANS_383699a88364,product data management,gestion des données produit,monitor product data | supervise product data | coordinate product data | manage product data | management of product data | oversee product data,gestion des données de produits | gestion des données produits,hard,autre_hard,ESCO,SKL_8c7f2a91dd54
CANS_f630298d6265,test ICT queries,tester des requêtes TIC,check ICT query performance | check ICT query output,,hard,autre_hard,ESCO,SKL_d59826d05417
CANS_ea1b0eec29f2,Hadoop,Hadoop,Apache Hadoop,,hard,langage_ou_techno_nommee,ESCO,SKL_a06b16646953
CANS_04c6f9444e0e,computational biology,biologie computationnelle,biological computing,informatique biologique,hard,programmation,ESCO,SKL_c4814cbb355b
CANS_b769ea80f6e0,principles of artificial intelligence,principes de l’intelligence artificielle,artificial intelligence in process | principles of AI,principe de l’IdO | principe de l’intelligence artificielle | principes de l’IA | principe de l’Internet des objets | théorie de l’intelligence artificielle | bases de l’intelligence artificielle,hard,autre_hard,ESCO,SKL_89277e719209
CANS_f3d689a91194,tend lathe,utiliser un tour,monitor lathe | guard turning machine | watch over lathe | guard lathe | watch over turning machine | oversee lathe | oversee turning machine | monitor turning machine,,hard,autre_hard,ESCO,SKL_5f54eb0fcc33
CANS_a21ebff1b0bd,train employees,former le personnel,instruct employees | upskill employees | train an employee | training employees | teach employees,,hard,autre_hard,ESCO,SKL_f1c997d8743f
CANS_ce5102c3c4ce,ICT market,marché des TIC,ICT market trends,,hard,autre_hard,ESCO,SKL_e7fb6eaf90b6
CANS_8d2ffdc78ed6,SAS Data Management,SAS Data Management,SAS Data Management software,,hard,donnees_bdd,ESCO,SKL_de2ce348c043
CANS_fe3ec0ddafe3,implement a firewall,installer un pare-feu,installing a network security firewall | install a network security firewall | implementing network firewall | install a firewall | implementing a firewall | firewall implementing | implement network firewall | network firewall implementing | installing a firewall,,hard,securite,ESCO,SKL_26bcb7a7c221
CANS_cef9ed104561,manage keys for data protection,gérer des clés pour la protection des données,manage data protection keys,,hard,securite,ESCO,SKL_b89955b20777
CANS_2f7691dab863,CSS,CSS,Cascading Style Sheets,,hard,langage_ou_techno_nommee,ESCO,SKL_5d017b2d9604
CANS_c964cfaba194,audiovisual equipment,matériel audiovisuel,audio-visual apparatus | audio-visual devices | audio-visual instruments | audio-visual gear,,hard,autre_hard,ESCO,SKL_3a9e78101716
CANS_1f45636b98ac,software components suppliers,fournisseurs de composants logiciels,suppliers of software components,,hard,developpement_conception,ESCO,SKL_2638b6cbc5c4
CANS_0cebb7140377,advice on security risk management,donner des conseils sur la gestion de risques de sécurité,offer suggestions on security risk management | advising on security risk management | advise on security risks | make recommendations about security risk management | advise on management of security risks,,hard,autre_hard,ESCO,SKL_b746f67748e4
CANS_fe7bd7abeef7,sales strategies,stratégies de vente,strategies for sales | sales scenarios | sales plans | sales policies | sales blueprints | a sales strategy | sales strategy,stratégies commerciales,hard,autre_hard,ESCO,SKL_48a7dd78245f
CANS_1b0e2534bd62,content development processes,processus de création de contenu,content production techniques | content production processes,,hard,autre_hard,ESCO,SKL_6f4b7911d26d
CANS_ca14bdb51d19,interpret electronic design specifications,interpréter les spécifications de conception électronique,analyse electronic product design specifications | understand electronic product design specifications | understand electronic design specifications | interpret electronic product design specifications | analyse electronic design specifications,,hard,autre_hard,ESCO,SKL_ce7987c9b48d
CANS_281ead3ae466,quantum computing,informatique quantique,quantum computing methods,méthodes de calcul quantique,hard,developpement_conception,ESCO,SKL_31729146cb82
CANS_9cf7e4da6ca3,WhiteHat Sentinel,WhiteHat Sentinel,WhiteHat Sentinel Standard Edition | WhiteHat Sentinel Baseline Edition | WhiteHat Sentinel Premium Edition,,hard,developpement_conception,ESCO,SKL_9af593147852
CANS_46c67bd25f0d,render 3D images,réaliser des images avec effet 3D,convert 3D wire frame models into 2D images | employ specialised tools to render 3D images | use 3D non-photorealistic effects to render 3D images | use 3D photorealistic effects to render 3D images | use computer tools to render 3D images,,hard,autre_hard,ESCO,SKL_90b10ab7ce01
CANS_72781cff8826,MarkLogic,MarkLogic,MarkLogic NoSQL database | MarkLogic non-relational database,,hard,donnees_bdd,ESCO | ONET,SKL_3f47c1abd438 | SKL_fe01fa21ff02
CANS_6467133a7da0,audio mastering,mastering audio,mastering of audio | sound mastering | soundtrack mastering,matriçage audio,hard,autre_hard,ESCO,SKL_b607cbc73371
CANS_11fd06f691df,Pascal (computer programming),Pascal (programmation informatique),Pascal,,hard,developpement_conception,ESCO | ONET,SKL_3d7ab9f26554 | SKL_7019e9976329
CANS_09dce183e2cf,operate sound live,utiliser du matériel de sonorisation en direct,operating sound live | use live sound systems | operate live audio systems | operate live sound,,hard,autre_hard,ESCO,SKL_5feb6f188322
CANS_c205e1c5c186,compose description for web elements,composer la description d'éléments web,create content for web elements | write description for web elements,créer du contenu pour des éléments web | écrire la description d’éléments web | décrire des éléments web | faire la description d’éléments web | réaliser la description d’éléments web | rédiger la description d’éléments web,hard,autre_hard,ESCO,SKL_5b396bf30d7e
CANS_d35a80ea8a86,create moving images,créer des images animées,create a moving image | develop animated images | create motion pictures | create images that move,,hard,autre_hard,ESCO,SKL_eef5affdc2e0
CANS_37ec5abc93ff,incidents and accidents recording,enregistrement des incidents et des accidents,types of incidents and accidents reporting | typology of incidents and accidents reporting | recording of incidents and accidents | types of incidents and accidents recording | methods of incidents and accidents reporting | techniques for incidents and accidents recording | reporting of incidents and accidents | methods of incidents and accidents recording | techniques for incidents and accidents reporting | typology of incidents and accidents recording,,hard,autre_hard,ESCO,SKL_43bb22c2490d
CANS_834081467909,data ethics,éthique des données,principles of data ethics,principes d'éthique des données | principes de l'éthique des données,hard,autre_hard,ESCO,SKL_a0b425f074d0
CANS_90620178528f,work with an artistic team,travailler avec une équipe artistique,cooperate with artistic team | work with artistic teams | working with artistic team | collaborate with artistic team | team up with artistic team,,hard,autre_hard,ESCO,SKL_f6d5e3b24280
CANS_52748d4f31d8,execute integration testing,exécuter un test d’intégration,test interface between software components,réaliser un test d’intégration | exécuter des tests d’intégration | effectuer un test d’intégration | procéder à un test d’intégration | exécuter des tests unitaires | tester les interfaces entre les composants logiciels,hard,autre_hard,ESCO,SKL_2b9b57d62800
CANS_a2055d94d728,ABAP,ABAP,ABAP Programming Techniques | ABAP software development | ABAP programming techniques | ABAP software techniques,,hard,developpement_conception,ESCO,SKL_df69f4055e0d
CANS_7c9b51fc5be1,use session border controller,utiliser un contrôleur de session en périphérie,use SBC,utiliser un SBC | protéger les réseaux de communication IP | utiliser des contrôleurs de session en périphérie | utiliser un contrôler SBC | gérer les appels | utiliser un contrôleur de périphérie de session,hard,securite,ESCO,SKL_335328852ed8
CANS_1165d92026af,cinematography,cinématographie,shooting | photography | camerawork,,hard,autre_hard,ESCO,SKL_2adaf333f310
CANS_b445d55f9177,replicate customer software issues,reproduire les problèmes du logiciel client,simulate customer software problems | analyse customer software problems | replicate customer software problems | simulate customer software issues | analyse customer software issues,,hard,autre_hard,ESCO,SKL_62237838ecde
CANS_7e4b4d8da20f,set up basic recording,configurer un enregistrement de base,set up a basic recording | set up an audio recording | setting up basic recording | set up stereo basic recording,,hard,autre_hard,ESCO,SKL_a11da56cffcd
CANS_38d0a86873d1,maintain database security,maintenir la sécurité d’une base de données,keep database security,,hard,securite,ESCO,SKL_89abbdc9344e
CANS_064539503861,store performance equipment,stocker des équipements de représentation,store equipment for performance | storing performance equipment | put away performance equipment | keep performance equipment,,hard,autre_hard,ESCO,SKL_7244cf04ed21
CANS_4db29dbe94c8,deep learning,apprentissage profond,deep neural networking | deep learning methods | deep learning principles,,hard,autre_hard,ESCO,SKL_87447445d99d
CANS_33a186d87d0b,work with the lighting crew,travailler avec une équipe d'éclairage,work with the lighting crews | working with the lighting crew | cooperate with the lighting crew | collaborate with the lighting crew | co-operate with the lighting crew,,hard,autre_hard,ESCO,SKL_89b4a20c6591
CANS_206a0dbaa55b,develop audit plan,élaborer un plan d’audit,implement audit plans | design audit plans | specify audit plans | draft audit plans,,hard,developpement_conception,ESCO,SKL_7c72a040d0cb
CANS_3abe0de44b45,Prototyping development,développement par prototypage,prototyping methodology,,hard,developpement_conception,ESCO,SKL_9857c27e00bf
CANS_4ebb430cf680,hardware components suppliers,fournisseurs de composants matériels,hardware suppliers,,hard,autre_hard,ESCO,SKL_3689a79bb281
CANS_afeb798f606d,ICT performance analysis methods,méthodes d’analyse de la performance des TIC,performance analysis techniques,méthodes d’analyse de l’activité des TIC | méthodes d’évaluation de l’activité des TIC | évaluation de la performance | techniques d’analyse de la performance | méthodes d’analyse des performances des TIC | méthodes d’évaluation des performances des TIC,hard,developpement_conception,ESCO,SKL_c6ec40ea85b9
CANS_89f38c04d199,scientific research methodology,méthodologie de recherche scientifique,research methodology | methods of research | scientific methods | process of scientific research | theoretical methodology in scientific research,,hard,autre_hard,ESCO,SKL_b952b2bee8dd
CANS_aab455bdf2b5,integrate system components,intégrer les composants d’un système,setup system | assemble system,,hard,autre_hard,ESCO,SKL_a056c33cbcd4
CANS_665030524749,data science,science des big data,data science process | science of data,science des données | processus de science des données,hard,programmation,ESCO,SKL_52bb539de37f
CANS_7a52458c304a,ICT environmental policies,politiques environnementales des TIC,ICT environmental guidelines,,hard,autre_hard,ESCO,SKL_0de5209b6016
CANS_cb394129b7d8,analog electronics theory,théorie de l’électronique analogique,analog electronics theoretical framework | analog electronics principles | analog electronics basics | analogue circuits theory | analog electronic circuits theory,,hard,autre_hard,ESCO,SKL_da2d178c6e32
CANS_3d7423169a2e,verify formal ICT specifications,vérifier les spécifications formelles des TIC,verify formal IT specifications,inspecter les spécifications formelles des TIC | contrôler les spécifications formelles des TIC | examiner les spécifications formelles des TIC | vérifier les spécifications formelles en matière de TIC | tester les spécifications formelles des TIC | vérifier les spécifications formelles en matière de TI,hard,autre_hard,ESCO,SKL_487dc7976c4c
CANS_2693dd2662de,design enterprise architecture,créer une architecture d’entreprise,design business architecture,,hard,developpement_conception,ESCO,SKL_e0cf7c334b3e
CANS_a5a8a3a308a8,distributed ledger technologies consensus protocols,protocoles de consensus pour les technologies de registres distribués,consensus protocols of distributed ledger technologies,protocoles de consensus des technologies de registre distribué | protocoles consensuels des technologies des registres distribués,hard,donnees_bdd,ESCO,SKL_93ac48a36c81
CANS_0067885d0837,apply control process statistical methods,appliquer des méthodes statistiques de contrôle des procédés,apply a control process statistical methodology | apply control process statistical methodology | apply control processing statistical method | utilise control process statistical methods | administer control process statistical methods | employ control process statistical methods | implement control process statistical methods,,hard,autre_hard,ESCO,SKL_63e1e2009af4
CANS_b1e77cded654,mobile marketing,mobile marketing,mobile devices marketing | wireless marketing | cell phone marketing | product promotion via mobile devices,,hard,autre_hard,ESCO,SKL_2fd8c5a27951
CANS_c0d212722cab,enhance website visibility,améliorer la visibilité d’un site web,website marketing,utiliser les techniques de SEO | accroître la visibilité d’un site web | améliorer le référencement d’un site web | améliorer la visibilité d’un site internet | optimiser un site web pour les moteurs de recherche | améliorer la visibilité et le trafic d’un site web,hard,developpement_conception,ESCO,SKL_0932d09f80bf
CANS_11e4e2a5892d,mechanics,mécanique,mechanical theory | engineering mechanics | theory of mechanics | fabrication mechanics | production mechanics | mechanics theory,,hard,autre_hard,ESCO,SKL_6bf98af89a35
CANS_7bd40f478688,keep up with trends,suivre les tendances,keeping up with a trend | keep pace with trends | monitor trends | keep up with a trend | follow trends | keeping up with trends,,hard,developpement_conception,ESCO,SKL_2b783cf6ca18
CANS_74a99d36411f,insourcing strategy,stratégie d’internalisation,insourcing planning strategy,,hard,autre_hard,ESCO,SKL_c2f4985aed64
CANS_0debcfdf1e4a,Nexpose,Nexpose,Rapid7 Nexpose,,hard,developpement_conception,ESCO,SKL_af1d52e02300
CANS_8a899e40f781,implement cryptographic constructs,mettre en œuvre des constructions cryptographiques,develop cryptographic constructs,développer des constructions cryptographiques,hard,autre_hard,ESCO,SKL_80db029523ac
CANS_676f37a9eeea,manage standard enterprise resource planning system,gérer le système normalisé de planification des ressources d'une entreprise,oversee standard enterprise resource planning system | managing standard enterprise resource planning system | maintain standard enterprise resource planning system | manage standard enterprise resource planning systems | supervise standard enterprise resource planning system | standard enterprise resource planning system management | regulate standard enterprise resource planning system,,hard,donnees_bdd,ESCO,SKL_0460149cc0ff
CANS_8588908c364b,Internet of Things,Internet des objets,Information appliances | IoT | smart devices | Pervasive systems | Ubiquitous computing,dispositifs intelligents | l’Internet des objets | environnement pervasif | IdO | web des objets | informatique ubiquitaire,hard,autre_hard,ESCO,SKL_d67dfc4ee39e
CANS_b80b93dba302,design graphics,concevoir une infographie,apply graphic design techniques | create graphic material,,hard,autre_hard,ESCO,SKL_548b1864cd14
CANS_8c61a237e207,secure sensitive customer's information,sécuriser les informations confidentielles de clients,maintain sensitive customer's information | look after sensitive customer's information | secure a sensitive customer's information | securing sensitive customer's information | keep safe sensitive customer's information | protect sensitive customer's information | securing a sensitive customer's information,,hard,donnees_bdd,ESCO,SKL_c3e053b207ff
CANS_7e90d6c1e722,DevOps,DevOps,DevOps development | DevOps based software development | DevOps methodology,,hard,developpement_conception,ESCO,SKL_d109a693537c
CANS_7f0ea58e3108,create website wireframe,créer la maquette fonctionnelle d’un site web,develop website wireframe | set up website wireframe,,hard,donnees_bdd,ESCO,SKL_c4873b8383da
CANS_a4d88b297095,install signal repeaters,installer des répéteurs de signal,install amplifiers and repeaters,installer des amplificateurs de signal | installer des répéteurs sans-fil | installer un prolongateur de portée | installer des amplificateurs et des répéteurs | installer un répéteur de signal | installer un répéteur de signal Wi-Fi,hard,autre_hard,ESCO,SKL_12d7df7cd8f5
CANS_c5ac09b9aa95,liaise with managers,communiquer avec des cadres,work with managers | liaising with managers | liaise with a manager | cooperate with managers | collaborate with managers | work together with managers,,hard,autre_hard,ESCO,SKL_e6562948de6a
CANS_41eeb686d8f4,concepts of telecommunications,concepts des télécommunications,telecommunication,concepts de télécommunications | modes de télécommunication | télécommunications | principes de télécommunication | dispositifs de communication | concepts des communications électroniques,hard,autre_hard,ESCO,SKL_3bd278c6f34d
CANS_ee86c53ad85c,communicate analytical insights,communiquer des observations analytiques,impart analytical observations | share findings derived from analysis | impart analytical findings | improve supply chain operations and planning by sharing observations from analytical activities | communicate analytical observations | improve supply chain operations and planning by sharing insights from analytical activities | impart analytical insights | share insights derived from analysis | communicate analytical findings | share observations derived from analysis,,hard,autre_hard,ESCO,SKL_24eaac2493a9
CANS_c68e0654f6e6,analyse software specifications,analyser les spécifications du logiciel,assess software specifications | examine software requirements | assess software systems | evaluate software design specification | analyse software or system specifications,évaluer les spécifications du logiciel | analyser les spécifications du logiciel ou système | examiner les spécifications du logiciel | analyser les spécifications logicielles | recueillir les spécifications du logiciel | analyser les spécifications des logiciels,hard,programmation,ESCO,SKL_2413edb46063
CANS_fadf88f76751,THC Hydra,THC Hydra,Hydra | Hydra parallelized network login tool,,hard,developpement_conception,ESCO,SKL_21b88a75c61d
CANS_b80ea6e66389,implement corporate governance,mettre en œuvre la gouvernance d’entreprise,establish corporate governance | develop corporate governance structure | execute corporate governance | set up corporate governance structures | maintain corporate governance procedures,,hard,autre_hard,ESCO,SKL_09235c607125
CANS_614178a09e89,process data,traiter des données,data processing | analyse data | processing of data | handle data | measure data | convert data | processing data | refine data,,hard,autre_hard,ESCO,SKL_3b874310b02a
CANS_a2cf157f044f,health and safety regulations,réglementation en matière de santé et de sécurité,coverage of health and safety standards | range of health and safety regulations | range of health and safety standards | application of health and safety standards | coverage of health and safety regulations | application of health and safety regulations | scope of health and safety standards | scope of health and safety regulations,réglementation en matière d’hygiène et de sécurité,hard,autre_hard,ESCO,SKL_6858c5f3fff8
CANS_3bc3a77e9267,set up equipment in a timely manner,installer des équipements en temps opportun,set up equipment according to deadlines | setting up equipment in a timely manner | set up equipment following schedules | set up equipment on time,,hard,autre_hard,ESCO,SKL_8aaaa2337efd
CANS_f8813eec2d91,interpret floor plans,interpréter des plans de sol,solve floor plans | interpret a floor plan | interpreting floor plans | floor plan interpretation | decipher floor plans | clarify floor plans | explain floor plans,,hard,autre_hard,ESCO,SKL_8ac356d63b95
CANS_474e3f03bacc,supervise data entry,surveiller la saisie de données,supervision of data entry | monitor data entry | oversee data entry | manage data entry | supervising data entry | data entry supervision | watch over data entry,,hard,donnees_bdd,ESCO,SKL_74b00626b81c
CANS_ea43a0606dae,report on environmental issues,rédiger des rapports sur des questions environnementales,reporting on environmental issues | publish environmental reports | publishing environmental reports | environmental reports compiling | compile environmental reports | reporting on issues in the environment | environmental issues reporting | environmental reports publishing | compiling environmental reports | report on issues in the environment,,hard,autre_hard,ESCO,SKL_7b9fab74c27a
CANS_9fa6eeb63bba,ensure visual quality of the set,garantir la qualité visuelle du décor,ensure visual quality of the sets | ensuring visual quality of the set | guarantee visual quality of the set | make sure of visual quality of the set,,hard,autre_hard,ESCO,SKL_84f81aebbec1
CANS_3a0d7b508fc4,convert different audiovisual formats,convertir différents formats audiovisuels,transform different audio-visual formats | converting a different audio-visual format | convert a different audio-visual format | converting different audio-visual formats | adapt different audio-visual formats | reorganise different audio-visual formats | modify different audio-visual formats,,hard,donnees_bdd,ESCO,SKL_3a9c4d306d16
CANS_0582662a580f,Jenkins (tools for software configuration management),Jenkins (outils de gestion de configuration logicielle),Jenkins Continuous Integration server | Jenkins | Jenkins CI,,hard,langage_ou_techno_nommee,ESCO,SKL_47f2166fb857
CANS_8b5155d12d9e,perform ICT security testing,effectuer des tests de sécurité des TIC,prepare and apply security test plans,,hard,securite,ESCO,SKL_2bc91d00f4a3
CANS_cb1918cd4a8e,adapt to changes in technological development plans,s’adapter aux changements des plans de développement technologique,adapt development activities of technological projects | adapt the design of technological projects | meet organisational needs for technological projects | adapt to changes in strategies for technological projects,,hard,autre_hard,ESCO,SKL_be093e79069c
CANS_62b655305cea,digital content creation,création de contenus numériques,content-creation with ICT program | content created by ICT software | ICT software content-creation | content-creation with ICT softwares | content creation with ICT software,Création de contenu numérique,hard,autre_hard,ESCO | ROME,SKL_3a13bbc529a9 | SKL_7424fb651369
CANS_b8fc419d9340,N1QL,N1QL,Couchbase Query Language | Non-first Normal Form Query Language,,hard,developpement_conception,ESCO,SKL_ea47db501b9f
CANS_d28fd25bcdc0,maintain ICT server,maintenir un serveur,diagnose server hardware faults | repair hardware faults,,hard,autre_hard,ESCO,SKL_acb7132e14ad
CANS_95afb0cf4c49,corporate sustainability,gouvernance durable des entreprises,corporate sustainability strategies,stratégies de développement durable des entreprises,hard,autre_hard,ESCO,SKL_e3432fd32735
CANS_4fac49cf23d6,perform resource planning,assurer la planification des ressources,create resource plans | lead the resource planning process | improve resource planning | conduct resource planning | manage resource schedules | build resource plan | develop resource plans | design resource planning | lead on resource planning,,hard,autre_hard,ESCO,SKL_0643ee1dab7c
CANS_07e515a7fa38,follow company standards,respecter les normes d’une entreprise,follow the company standards | follow a company standard | follow company codes | follow company rules | follow company measures | follow company requirements | following company standards,,hard,autre_hard,ESCO,SKL_5682de6d321b
CANS_4116e916a84e,make strategic business decisions,prendre des décisions commerciales stratégiques,PPC | make strategic business choices | make tactical business decisions | pay per click,,hard,autre_hard,ESCO,SKL_ad19fd262b6d
CANS_8db8a1706a0a,ICT network simulation,simulation de réseaux TIC,ICT network simulation tools | ICT network simulation methods | ICT network simulation systems,,hard,donnees_bdd,ESCO,SKL_baba1c8d18ea
CANS_75e047b4190a,prioritise requests,établir un ordre de priorités de demandes,prioritize requests | prioritising requests | compile requests | schedule requests | arrange requests | itemise requests | prioritise a request | prioritising a requests,,hard,programmation,ESCO,SKL_2ed93fb179ee
CANS_06b6ad872a25,design component interfaces,concevoir des interfaces pour les composants,design and implement component interfaces,créer des widget interactifs | concevoir une interface pour un composant | concevoir des interfaces de composants | créer des interfaces pour les composants | créer des widget | concevoir des interfaces graphiques pour des composants,hard,programmation,ESCO,SKL_ca76f7bcf69b
CANS_32c8f1852ed0,empirical analysis,analyse empirique,empirical data analysis,analyse de données empiriques | analyse empirique des données,hard,developpement_conception,ESCO,SKL_26b466cb09a0
CANS_62d2a956eaed,synthesise information,synthétiser des informations,synthesise complex information | summarise information | interpret complex information | critically summarise information | write synthesis essays,,hard,autre_hard,ESCO,SKL_d9040f1b085b
CANS_e7f558f81abc,conduct research across disciplines,mener des recherches interdisciplinaires,work across disciplines | work across functional boundaries | conduct interdisciplinary research | use research findings across disciplines | use research findings across functional boundaries,,hard,autre_hard,ESCO,SKL_b1d9f1c55a59
CANS_5c41e2adaab2,implement strategic planning,mettre en œuvre une planification stratégique,implementing a strategic plan | utilise strategic planning | introduce strategic planning | implementing strategic planning | strategic planning implementation | execute strategic planning | administer strategic planning,,hard,autre_hard,ESCO,SKL_32ea606ef54c
CANS_94d8868202df,blockchain consensus mechanisms,mécanismes de consensus dans la chaîne de blocs,proof of stake | delegated proof of stake | POS | blockchain consensus protocols | CaaS | POW | distributed ledger consensus protocols | proof of authority | proof of work | consensus building mechanisms | consensus as a service | dPOS,,hard,autre_hard,ESCO,SKL_f102b758f503
CANS_b4463f6d044b,define software architecture,définir l’architecture logicielle,define programme architecture | define application architecture,construire l’architecture logicielle | construire l’architecture du programme | construire l’architecture de l’application | définir l’architecture du programme | définir l’architecture du logiciel | bâtir l’architecture logicielle | définir l’architecture de l’application,hard,developpement_conception,ESCO,SKL_e70d9ea221e7
CANS_04d16477a0c4,supervise sound production,superviser une production sonore,oversee sound production | manage sound production | organise sound production | supervising sound production | supervise sound productions | direct sound production,,hard,autre_hard,ESCO,SKL_166c95005018
CANS_5fc23411f9c1,web services,services web,web services systems,systèmes de services web,hard,developpement_conception,ESCO,SKL_36c8b1712a0f
CANS_b40dbe1f65f7,ICT power consumption,consommation électrique des TIC,ICT power usage | ICT energy consumption,,hard,autre_hard,ESCO,SKL_a56b1ef6f421
CANS_fb53f342faca,plan research process,planifier le processus de recherche,outline research process | plan research schedule | organise research schedule | organise research process | define research methodologies,,hard,autre_hard,ESCO,SKL_64d0f91234b1
CANS_63737c77bdb1,SAP Data Services,SAP Data Services,SAP | SAP analytics cloud,,hard,donnees_bdd,ESCO,SKL_5adb63770fc7
CANS_2cead8103180,manage email hosting service,gérer un service d’hébergement et de messagerie électronique,maintain a private e-mail service platform,,hard,donnees_bdd,ESCO,SKL_2ad1a26854b3
CANS_de1e9ed1fac8,develop data processing applications,développer des applications de traitement des données,build data processing applications | design data processing applications | design data processing software | develop data processing software | create data processing applications,,hard,programmation,ESCO,SKL_3431a628a732
CANS_a2612af3e675,operating systems,systèmes d’exploitation,OS architecture | AS400 | WIN/NT | Novell | VMS,,hard,developpement_conception,ESCO,SKL_7fcbb1e10b41
CANS_9fccd52ae347,ICT networking hardware,équipement d’interconnexion réseau,ICT networking devices | computer networking devices,ponts | équipement d’interconnexion | routeurs | passerelles | concentrateurs | répéteur | commutateurs | équipements d’interconnexion d’un réseau informatique,hard,donnees_bdd,ESCO,SKL_45833ea0a545
CANS_2e8954459625,develop contingency plans for emergencies,élaborer des plans d'urgence en cas d'urgences,produce plans for procedures to be taken in an emergency | produce action plans for emergency situations | produce emergency action plans | develop emergency contingency plans | outline procedures to taken in the event of an emergency | compose emergency contingency plans | create contingency plans for emergencies | compose contingency plans for emergencies | create emergency contingency plans | develop contingency plans for use in emergencies | outline actions to be taken in the event of an emergency,,hard,developpement_conception,ESCO,SKL_f928f432f512
CANS_006da30cba88,conduct qualitative research,mener des recherches qualitatives,apply qualitative research methods,,hard,autre_hard,ESCO,SKL_2dc98e79752c
CANS_eab1b2cec522,promote the participation of citizens in scientific and research activities,promouvoir l’engagement du public dans la recherche,encourage civic engagement in research | engage public in research | engage citizens in scientific and research activities | foster public involvement in scientific research | promote citizens participation in research,,hard,autre_hard,ESCO,SKL_1719b2eb4004
CANS_61373ff8737a,system design,conception des systèmes,system architecture design,conception de l'architecture du système,hard,developpement_conception,ESCO,SKL_0b6d0771361b
CANS_b7bdf5238f24,follow safety procedures when working at heights,suivre les procédures de sécurité pour un travail en hauteur,comply with safety procedures when working at heights | following safety procedures when working at heights | follow safety rules when working at heights | follow safety procedures when at heights | follow safety procedure when working at heights,,hard,autre_hard,ESCO,SKL_259ad59b7708
CANS_df8d589388f8,ICT process quality models,modèles de qualité des processus d’information et de communication,Quality maturity models | CMMI (Capability Maturity Model Integrated) | software process quality | CMM,qualité des processus logiciels | modèle de qualité d’un processus d’information et de communication | CMMI | CMM | modèles de maturité | modèles de qualité des processus,hard,developpement_conception,ESCO,SKL_ad07bc17b05e
CANS_c070d31f296f,characteristics of services,caractéristiques des services,characteristics of a service | qualities of services | characteristic of a service | components of services | aspects of services | attributes of services | service characteristics,,hard,autre_hard,ESCO,SKL_373c6aa909f7
CANS_7a3fb2031e57,field-programmable gate arrays,réseau de portes programmables,FPGA | field-programmable integrated circuits,,hard,autre_hard,ESCO,SKL_ab58f79b14a7
CANS_3fe7716cccd3,software metrics,métrique logicielle,software measurement metrics,,hard,developpement_conception,ESCO,SKL_25e293017929
CANS_d6bc9c2b8bb7,create data models,créer des modèles de données,manage data models,établir des modèles de données | mettre en place des modèles de données | développer des modèles de données | créer un modèle de données | concevoir des modèles de données | créer des modèles informatiques,hard,donnees_bdd,ESCO,SKL_1ce625596796
CANS_097cdfba9944,instruct on set up of equipment,donner des instructions sur la mise en place d'équipements,instruct how to set up equipment | instruct on equipment setup | give instructions on equipment setup | inform on equipment setup,,hard,autre_hard,ESCO,SKL_8d75c167d23e
CANS_5c7e7123e1b8,maintain ICT system,maintenir un système de TIC,monitor and optimise system performance | apply system monitoring techniques,,hard,autre_hard,ESCO,SKL_62ddf5eab27d
CANS_a726a65ec046,implement ICT recovery system,mettre en œuvre un système de reprise d’activité,disaster recovery | recover ICT system,gérer un plan de reprise d’activité | mettre en œuvre un plan de reprise d’activité | mettre en œuvre une politique de sécurité informatique | mettre en œuvre un PRA | créer un plan de reprise d’activité | mettre en œuvre une stratégie des systèmes d’information,hard,autre_hard,ESCO,SKL_00bf18ce904e
CANS_d264f0e3e750,tune up wireless audio systems,régler des systèmes audio sans fil,fine tune wireless audio systems | tuning up wireless audio systems | tune-up wireless audio systems | tune up wireless audio system,,hard,autre_hard,ESCO,SKL_3c591965e657
CANS_8ca95c69acc2,draw design sketches,réaliser des ébauches,create design sketches,,hard,autre_hard,ESCO,SKL_57622453b101
CANS_7e821e07cc69,blockchain mining principles,principes du minage et de la technologie de la blockchain,principles of mining in blockchain,principes de l'exploitation minière dans la blockchain,hard,donnees_bdd,ESCO,SKL_103114f48d93
CANS_6b5a6fa75b39,plan shots,planifier des prises de vue,planning shot | organise shots | position shots | arrange shots | coordinate shots | plan shot,,hard,developpement_conception,ESCO,SKL_5a446684d93e
CANS_5ebe0ff74e99,collect cyber defence data,collecter des données en matière de cyberdéfense,collect cyber defence intelligence | gather cyber defence intelligence | gather cyber defence data | collect data for cyber defence through online trade records | collect data for cyber defence through DNS request logs,,hard,autre_hard,ESCO,SKL_a1ccdf3bf43e
CANS_87fc29a544bf,develop design ideas cooperatively,développer des idées de conception en groupe,develop cooperatively design ideas | share and develop design ideas | develop ideas for design cooperatively | share and develop design ideas with others,,hard,developpement_conception,ESCO,SKL_5c25f3273be8
CANS_bcf74db400a0,design user interface,concevoir une interface utilisateur,design user interface specifications | design user interfaces,,hard,developpement_conception,ESCO,SKL_67de2545bb79
CANS_3b4338f88ef0,install low voltage wiring,installer des câbles basse tension,install low voltage cables | install ethernet cables | install low voltage lines,placer des câbles basse tension | installer des câbles Ethernet | installer des câbles réseau | installer des lignes basses tension | installer un câblage basse tension | brancher des câbles basse tension,hard,autre_hard,ESCO,SKL_d14f93296fe7
CANS_a400fb100190,implement data warehousing techniques,mettre en œuvre les techniques de stockage des données,implement data warehousing solutions,,hard,donnees_bdd,ESCO,SKL_faa7a56e6d5d
CANS_62339ca47b68,manage ICT semantic integration,gérer l’intégration sémantique des TIC,coordinate ICT semantic integration | oversee ICT semantic integration | handle ICT semantic integration | manage ICT semantic database integration | manage ICT semantic integration processes,,hard,donnees_bdd,ESCO,SKL_4f01778789d9
CANS_10fad3ca2a4b,use personal organization software,utiliser un logiciel d'organisation personnelle,WorkStraight | Wunderlist | hiTask | Yahoo! Calendar | Emplotime | TrackerSuite.Net | iPlan | Toggl | FreshBooks | use digital to-do list | Todoist | Harvest | Mozilla Sunbird | Empire Suite Software | Art Plus ePix Wallpaper Calendar | TimeDoctor | OmniFocus | pmProjectTeam | use software for personal organization | Rainlendar Lite | Zoho Calendar | ChronForce | Osmo Calendar | AceProject | make use of personal organization software | use software for personal organisation | ToodleDo | Zoho Projects | Mavenlink | Interactive Calendar | VueMinder Calendar Lite | Im Time Calendar | TaskTome | Trello | Outlook Time | Clarizen | time@work | using personal organisation software | TickTick | use digital calendar | utilise personal organization software | apply personal organization software | use digital time tracking | able to use using personal organization software | Any.DO,,hard,autre_hard,ESCO,SKL_8c4e3cdac838
CANS_163f6916e3af,identify ICT security risks,identifier les risques de sécurité des TIC,identify ICT security risks and threats | model ICT threats,déterminer les risques de sécurité des TIC | identifier les risques et menaces de sécurité des TIC | modéliser les menaces informatiques | identifier les risques de sécurité liés à l’utilisation des TIC | évaluer les risques de sécurité des TIC | détecter les risques de sécurité des TIC,hard,securite,ESCO,SKL_8e2350e55802
CANS_201747ce483e,perform market research,réaliser une étude de marché,complete market research | performing market research | implement market research | market research performance | undertake market research,,hard,autre_hard,ESCO,SKL_26feceb26c81
CANS_d6cc5ccd428a,set up broadcast equipment,mettre en place du matériel de diffusion,mount broadcast equipment | setting up audio-visual equipment | prepare broadcast equipment | assemble broadcast equipment,,hard,autre_hard,ESCO,SKL_bfec3156a8dd
CANS_2b836d27d9ce,data models,modèles de données,data modelling,,hard,donnees_bdd,ESCO,SKL_431affbbd0fa
CANS_2254b00bd481,perform software recovery testing,effectuer des tests de récupération de logiciel,perform software crash and recovery testing,vérifier le fonctionnement de la récupération de logiciel | mener des tests de récupération de logiciel | exécuter des tests de récupération de logiciel | réaliser des tests de récupération de logiciel | contrôler le fonctionnement de la récupération de logiciel,hard,programmation,ESCO,SKL_b145b502032c
CANS_368343e84732,communicate with a non-scientific audience,communiquer des résultats scientifiques,engage in public awareness of research | communicate scientific results to the public | support public understanding of science findings | communicate publicly about scientific findings,,hard,autre_hard,ESCO,SKL_44c7b9983210
CANS_5ad34977fda6,Scala,Scala,Scala Programming Language,,hard,langage_ou_techno_nommee,ESCO | ONET,SKL_ae6b881bbf79 | SKL_fc36ef6f31c9
CANS_2044c10c0780,natural language processing,traitement automatique du langage naturel,NLP,linguistique computationnelle | NLP | traitement automatique des langages naturels | TALN | traitement automatique de la langue naturelle | ingénierie des langues | TAL | ingénierie linguistique | génie linguistique,hard,autre_hard,ESCO,SKL_46707842607f
CANS_f6a4fdb26725,show initiative,,initiate action | be a driving force | give impetus | take the initiative | show sense of initiative | show active initiative | demonstrate sense of initiative,,soft,soft_transversale,ESCO,SKL_5dc382df1438
CANS_22083a53f144,adopt ways to foster biodiversity and animal welfare,,concretely support biodiversity and animal welfare | implement environmental choices in your own eating habit | adopt a sustainable eating habit | take sustainability issues into account in consumption choices | take animal welfare into account when buying food products | promoting organic and biological food consumption,,soft,soft_transversale,ESCO,SKL_19aeb7cb73b2
CANS_c2bcb3e60adc,advise others,,mentor others | mentor individuals | counsel others | counselling | offer suggestions to others | guide others | make recommendations to others | give advice | advise customers | give constructive feedback | giving advice to others | advise colleagues | provide advisory services,,soft,soft_transversale,ESCO,SKL_46f9b42c75bd
CANS_c80eda617b6f,accept criticism and guidance,,accept feedback | welcome criticism | accept constructive criticism | tolerate critics | accept critics | welcome feedback | handle feedback,,soft,soft_transversale,ESCO,SKL_cc2e6ec387e6
CANS_84f602bcc9ce,"apply knowledge of philosophy, ethics and religion",,follow ethical values and religious believes | apply philosophical school of thoughts | act according to ethical and religious values | evaluate the moral and ethical consequences of actions | assess the consequences and impact of ideas,,soft,soft_transversale,ESCO,SKL_dbaca5910e03
CANS_e9ffbba42fad,adopt ways to reduce pollution,,reduce noise | prefer public to private transport | use public transportation | handle your own waste | prevent pollution,,soft,soft_transversale,ESCO,SKL_0382fb7b6808
CANS_92477fc09ff5,meet commitments,,show commitment | achieve goals | meet commitment | demonstrate steady effort | meet targets | show responsibility | show conscientiousness | work to deadlines | demonstrate loyalty | meeting commitments | demonstrate commitment | demonstrate reliability | demonstrate conscientiousness | show reliability | demonstrate punctuality | keep promises,,soft,soft_transversale,ESCO,SKL_249ccf2ac00c
CANS_50437761e680,adjust to physical demands,,tolerate unfavourable temperatures | work under adverse weather conditions | demonstrate physical resilience,,soft,soft_transversale,ESCO,SKL_ef5d231e6260
CANS_2dcd5118fef6,assume responsibility,,showing responsibility | prove sense of responsibility | demonstrate responsibility | show responsible behaviour | be ready to take responsibilities | be ready to take on responsibility | be responsible | demonstrate a conscientious attitude | act responsibly,,soft,soft_transversale,ESCO,SKL_5fca413b3927
CANS_e91477e7fa38,show determination,,demonstrate enthusiasm | demonstrate positive thinking | demonstrate positive attitude | persist | exhibit enthusiasm | strive for results | make an effort | show positive disposition | demonstrate a focussed approach | demonstrate positive disposition | strive for success | have clear goals,,soft,soft_transversale,ESCO,SKL_244c1cdeefce
CANS_f1b358b2f1f6,carry out calculations,,carry out work-related calculation | use numbers,,soft,soft_transversale,ESCO,SKL_64d0c3730751
CANS_6b58e828964b,manage frustration,,manage emotions | control impulses | show capacity to deal with stress | recognise own potential | deal with frustration | managing frustration | foster hope | manage own emotions | cope with frustration | manage disappointments | regulate moods | handle frustration | cope well with setbacks | recover from setbacks,,soft,soft_transversale,ESCO,SKL_d166671fe4b5
CANS_1a82cf4f4fa1,calculate probabilities,,estimate the probability of an outcome or fact | work with probabilities | make estimations,,soft,soft_transversale,ESCO,SKL_49cd87c36526
CANS_a75a93be6e6a,manage financial and material resources,,manage personal budget for financial needs | select appropriate insurance products | exercise consumer rights | manage personal finances | undertake effective financial planning | use investments and credit to achieve long term goals | use financial advices and guidance services with a critical mindset | compare deals and offers when acquiring products or services,,soft,soft_transversale,ESCO,SKL_c3fb7706013d
CANS_fbac66d091dc,show commitment,,demonstrate commitment | show willingness to work | have commitment | demonstrate motivation | enjoy one's profession | show willingness to perform | demonstrate enthusiasm | show motivation | enjoy working,,soft,soft_transversale,ESCO,SKL_e16588481cd9
CANS_43917307b5e4,think quickly,,show a good level of perception | react quickly | understand quickly,,soft,soft_transversale,ESCO,SKL_481bbe53b9b3
CANS_8b8432117075,evaluate environmental impact of personal behaviour,,demonstrate sensitivity for environmental issues | adopt an ecological attitude | consider the impact of your actions on the environment | apply ethical and sustainable thinking | adopt an environmental friendly attitude,,soft,soft_transversale,ESCO,SKL_4abb95a7d8eb
CANS_79b92aec00a5,manage quality,,apply quality standards | managing quality | attend to quality | work to agreed standards | monitor quality | oversee quality,,soft,soft_transversale,ESCO,SKL_416b8573cd5d
CANS_dbf2ae3d1db1,exercise self-reflection,,reflect on practice | monitor the impact of your professional development | assess the impact of your professional development | evaluate the impact of your professional development | evaluate professional development impact | estimate the impact of your professional development | examine the impact of your professional development | gauge the impact of your professional development | do self-assessment | self-evaluate | perform self-evaluation | self-assess | be able to engage in self-reflection | perform self-assessment | conduct self-assessment,,soft,soft_transversale,ESCO,SKL_9a72439bbbfc
CANS_b60e29b3767d,demonstrate curiosity,,show curiosity | display curiosity | be curious | demonstrate interest | show interest | demonstrating curiosity | exhibit curiosity | curiosity,,soft,soft_transversale,ESCO,SKL_21b146ea089f
CANS_10c67a32ab71,manage personal progression,,plan your career | manage career goals | manage life goals,,soft,soft_transversale,ESCO,SKL_1f267c14eff9
CANS_40e936614d75,approach challenges positively,,keep a positive attitude | adopt a constructive approach | show sense of humour | maintain a positive attitude,,soft,soft_transversale,ESCO,SKL_9601b9bb5665
CANS_0c9f9f301ff0,think analytically,,think in an analytical way | apply logical thinking | use logical reasoning | apply structured thinking | think logically | develop an analytical approach | analytical thinking | apply structural analysis,,soft,soft_transversale,ESCO,SKL_d80a5842fd95
CANS_078971e5b0bb,adapt to change,,openness to change | be open to change | revise plans to deal with changes | adapt to changes | be flexible | show willingness to change | adapting to change | demonstrate flexibility | adjust to change | conform to change | assimilate to change,,soft,soft_transversale,ESCO,SKL_0348dd5625d1
CANS_34667c730e19,adopt ways to reduce negative impact of consumption,,follow environmentally-sustainable work practices | reuse products | avoid plastic | practice a minimalist lifestyle | follow recycling collection schedules | share physical resources | avoid single-use items | reduce energy usage | reuse materials | minimise waste production in households | reduce water or energy consumption,,soft,soft_transversale,ESCO,SKL_5c1cafdcd539
CANS_567b6107e8be,maintain psychological well-being,,maintain work-life balance | pursue mental wellbeing | protect the psychological wellbeing | safely use digital technologies | balance working time and personal life,,soft,soft_transversale,ESCO,SKL_1ba5b7de1077
CANS_1ecd87ae2f25,protect the health of others,,intervene promptly in case of need | react adequately in case of accidents | provide first aid | safeguard one's person health,,soft,soft_transversale,ESCO,SKL_ba4b591cdd44
CANS_17da1cf17987,moderate a discussion,,guide a discussion | moderate workshops | oversee a discussion | lead discussions | moderate conferences | apply moderation techniques | carry out moderation,,soft,soft_transversale,ESCO,SKL_52b55f5a19f4
CANS_08ee5b5946cc,"apply knowledge of science, technology and engineering",,carry out measurements | demonstrate scientific literacy | take on new technology | demonstrate technical abilities,,soft,soft_transversale,ESCO,SKL_dd733976fe12
CANS_d4e6d247b1e7,process spatial information,,exhibit three-dimensional imagination | show three-dimensional imagination | display three-dimensional imagination | demonstrate spatial intelligence | manage shape and space | work with shape and space | apply spatial reasoning | work with form and space | utilise spatial orientation | work with shapes and spaces,,soft,soft_transversale,ESCO,SKL_a341429e6402
CANS_23e7bef0fc5b,respect the diversity of cultural values and norms,,take national cultural identity in consideration | take account of the diversity of cultural values and norms | show sensitivity towards different worldviews | support cultural diversity | demonstrate knowledge of the multi-cultural dimension of European societies,,soft,soft_transversale,ESCO,SKL_4018c6dd5f4f
CANS_28c22dcfbbc3,cope with uncertainty,,handle uncertainty | deal with uncertainties | handle ambiguity | dealing with uncertainty | manage uncertainty,,soft,soft_transversale,ESCO,SKL_3bd897deb869
CANS_82f884db3c8c,address an audience,,lecture | addressing an audience | speak to an audience | give a lecture to an audience | deliver a speech | address audiences | give a talk to an audience | present ideas,,soft,soft_transversale,ESCO,SKL_b21cf1a5d4b7
CANS_210bac427a09,work in teams,,working in teams | handle team dynamics | cooperate | cooperate with colleagues | support colleagues | collaborate on tasks | work in groups | team-working | foster social networks | work in squads,,soft,soft_transversale,ESCO,SKL_afda1dab404c
CANS_4e30f1bff55e,show confidence,,confidence showing | display confidence | exhibit confidence | demonstrate confidence | show of confidence | showing confidence | reveal confidence | behave confidently,,soft,soft_transversale,ESCO,SKL_74413dbf0c1d
CANS_d947bcc45a96,instruct others,,teach others | educate others | instructing others | instruct colleagues | tutoring | train others,,soft,soft_transversale,ESCO,SKL_cff6a6e08edc
CANS_c4c4985e4e56,operate digital hardware,,use ICT hardware | use digital devices | use ICT peripherals | apply ICT peripherals | work with computer hardware and peripherals | use hardware | use smart ICT devices | carry out practical tasks with smart devices | use keyboard | use mouse | use hardware components,,soft,soft_transversale,ESCO,SKL_3553a9690c87
CANS_0fe8ecb6701b,"organise information, objects and resources",,structure information | have organisational skills | record information | take in information | organise resources | demonstrate organizational skills,,soft,soft_transversale,ESCO,SKL_8f434db53f66
CANS_1e3d9322a97d,interpret mathematical information,,enjoy working with numbers | apply numeracy skills | apply numerical reasoning | apply mathematical reasoning | demonstrate an understanding of numbers,,soft,soft_transversale,ESCO,SKL_df7bd352b749
CANS_fd9eb4aed4f9,demonstrate loyalty,,back company plan | follow organisation's vision | support plans of the company | support company mission | show loyalty | support company plan | champion company plan,,soft,soft_transversale,ESCO,SKL_84f1843c952b
CANS_5b71f76ce29b,lead others,,guide others | make use of leadership abilities for team coordination | make use of result-oriented leadership abilities | lead colleagues | exert a result-oriented leadership role towards colleagues | show an exemplary leading role in an organisation | exert a goal-oriented leadership role towards colleagues | show leadership attitude | exert a result-oriented leadership role | exert a leadership role towards colleagues | exert result-oriented leadership | exert a goal-oriented leadership role | lead | make use of goal-driven leadership abilities | leading others | manage people | give direction | direct others | take on a leadership role | supervise others,,soft,soft_transversale,ESCO,SKL_790fe3c6937a
CANS_777d83f81672,show empathy,,show good manners | display consideration | concern for others | show concern for others | treat people fairly | demonstrate concern for others | showing empathy | show courtesy | demonstrate consideration | be empathic | communicate an empathic response | exhibit consideration,,soft,soft_transversale,ESCO,SKL_a03e3e9e052f
CANS_c65574691a59,negotiate compromises,,bargain | resolve conflict | defuse conflict | influence decision-making processes | seek agreement | manage complaints | negotiating compromise | negotiate | bargaining,,soft,soft_transversale,ESCO,SKL_10d562320667
CANS_b4f29cee0ea9,cope with stress,,show mental resilience | manage pressure | coping with pressure | deal with pressure | handle pressure | accept challenges | cope with pressures | perform under pressure | stay cool under pressure | work under pressure,,soft,soft_transversale,ESCO,SKL_abe2c7df8fba
CANS_8c265142608d,work efficiently,,working efficiently | labor efficiently | efficiently work | do your job efficiently | work in an economical way,,soft,soft_transversale,ESCO,SKL_e821afde5430
CANS_c50c2027dd3b,participate actively in civic life,,be involved in civic activities | perform community work | do neighbouring activity | demonstrate active citisenship,,soft,soft_transversale,ESCO,SKL_614950908b5b
CANS_9c5159afeae1,think critically,,detect bias | distinguish fact from opinion | weigh information | evaluate important information | assess facts | check facts | critically evaluate information and its sources | evaluating information | evaluate information and its sources | assess information | assess processes | apply critical thinking | review information | verify information | assess opinions | evaluate facts | consider alternative views | evaluate opinions | evaluate truth,,soft,soft_transversale,ESCO,SKL_0c7f1dd9abf3
CANS_17ed27ab40ff,engage others in environment friendly behaviours,,advocate sustainability | promote sustainability | encourage others to respect the environment | promote environmental friendly behaviours | inform about sustainability,,soft,soft_transversale,ESCO,SKL_38a7b22f4dbe
CANS_f78c61d377ef,attend to detail,,work meticulously | attend to precision | attend to details | deal with details | sort out details | attend to accuracy | work carefully | to work precisely | work in a proper manner | attending to details | manage details,,soft,soft_transversale,ESCO,SKL_7b9281bcde1f
CANS_c0537aafed02,make an informed use of the health-care system,,manage appropriate medications | apply preventive care measures to avoid physical or psychological harm | find the right healthcare service,,soft,soft_transversale,ESCO,SKL_20d234eddd45
CANS_ad7ba96df1ef,promote the principles of democracy and rule of law,,support gender equality | mainstream gender | support gender mainstreaming | implement equality policies | support democracy | promote a culture of piece and non violence | confront discriminations | demonstrate an understanding of European common values | fight discrimination,,soft,soft_transversale,ESCO,SKL_9ceba7edd185
CANS_ca3e210d3db0,express yourself creatively,,draw | engage in artistic self-expression | play instruments | sing | express ideas experiences and emotions creatively | paint | demonstrate sense of rhythm | dance,,soft,soft_transversale,ESCO,SKL_0433197adf10
CANS_86c18f71716d,resolve conflicts,,mediate in debates | act as mediator | mediate in collisions | mediate in tense debate | handle tense situations | be able to create consensus | demonstrate willingness to compromise | be able to find compromises | handle tense situation | mediate tense situations | manage conflicts | mediate in conflicts,,soft,soft_transversale,ESCO,SKL_71c5bfd3aab5
CANS_5f7e7de62042,appreciate diverse cultural and artistic expression,,appreciate artistic expressions | appreciate cultural heritage | demonstrate cultural awareness | have a feeling for aesthetics,,soft,soft_transversale,ESCO,SKL_0f59cbd01984
CANS_1dab219b9371,demonstrate willingness to learn,,work towards own potential | show self-knowledge | display willingness to learn | direct own learning | exhibit willingness to learn | show willingness to learn,,soft,soft_transversale,ESCO,SKL_2e8814e0c022
CANS_7dc56060a6bc,"use equipment, tools or technology with precision",,demonstrate technical acumen | carry out manual activities | use hand tools | use precision instrumentation,,soft,soft_transversale,ESCO,SKL_ba0949a519d4
CANS_0e4162218750,maintain concentration for long periods,,maintain concentration for extended periods | maintain focus for long periods of time | focus for prolonged periods | stay concentrated for long periods | work in a focused manner | preserve concentration for long periods | keep focused for extended periods | keep concentration for long periods | stay focused for extended periods of time,,soft,soft_transversale,ESCO,SKL_7aa460ac3f36
CANS_133ecd7071a6,identify problems,,detect problems | signal problems | diagnose problems,,soft,soft_transversale,ESCO,SKL_99fe55e00127
CANS_7a834edb420f,maintain physical fitness,,care about your fitness | keep yourself in good conditions | adopt an healthy lifestyle | apply preventive healthy behaviours,,soft,soft_transversale,ESCO,SKL_8cb18b8c928c
CANS_8771086febcf,solve problems,,develop strategies to solve problems | come up with strategy to solve problems | develop strategy to solve problems | create solutions to problems | demonstrate problem solving skills | act intuitevely | manage problems | apply problem solving | create strategies to solve problems | resolve problems,,soft,soft_transversale,ESCO,SKL_7674a3b6283b
CANS_af2cbc88dcd2,delegate responsibilities,,delegate | delegate activities to others | share duties | distribute activities | distribute tasks | share tasks | delegate activities | delegate tasks,,soft,soft_transversale,ESCO,SKL_95add2a3d691
CANS_975895aaa7db,use communication and collaboration software,,communicate in digital environments | interact through ICT | use e-mail software and services | communicate on-line | communicate online,,soft,soft_transversale,ESCO,SKL_2967c56cf4f1
CANS_ec315ac7d913,build team spirit,,plan team building | design team building | project team building | arrange team building | build teams | organise a team,,soft,soft_transversale,ESCO,SKL_edf4141c1769
CANS_1f9959db4943,improvise,,demonstrate ability to improvise | show talent for improvisation,,soft,soft_transversale,ESCO,SKL_73b7c046080c
CANS_4af4f3f7f9d1,comply with regulations,,adhere to legislation or policies | work in a thoughtful manner | follow directions and procedures | comply with legislative provisions,,soft,soft_transversale,ESCO,SKL_ea8aac6d5be1
CANS_53de1610d9e4,move objects,,climb | perform physical activities | load and unload good and materials | store goods | move and lift objects | lift things,,soft,soft_transversale,ESCO,SKL_b9455465e130
CANS_0bd30e41f9b3,conduct web searches,,search for information online | use search engine | look for information on the Internet,,soft,soft_transversale,ESCO,SKL_6d9516d0a330
CANS_cd80e2bbc2d3,demonstrate trustworthiness,,establish trust | be trustworthy | be honest | show credibility,,soft,soft_transversale,ESCO,SKL_03db30fda874
CANS_a5edfd00db30,show entrepreneurial spirit,,identify opportunities | show an entrepreneurial spirit | demonstrate entrepreneurship | showing entrepreneurial spirit | display entrepreneurial spirit | demonstrate entrepreneurial spirit | reveal entrepreneurial spirit | showing an entrepreneurial spirit | pursue opportunities | demonstrate willingness to take risks | exhibit entrepreneurial spirit,,soft,soft_transversale,ESCO,SKL_266605af5b2b
CANS_e6394db9bb91,report facts,,detail the facts | write minutes | report | give an account of the facts | report facts or ideas | communicate facts | reporting facts,,soft,soft_transversale,ESCO,SKL_f666d0082580
CANS_30bbeb74ed77,apply basic programming skills,,use query languages | use basic coding skills | use basic programming language skills,,soft,soft_transversale,ESCO,SKL_1853e9b32b6b
CANS_b6756c7de7b7,build networks,,create networks | building effective relationships | maintain networks | show ability to network | maintain contact with others | liaise with others | make contacts | establish contacts,,soft,soft_transversale,ESCO,SKL_df70abc2e857
CANS_a56522554118,demonstrate intercultural competence,,show cultural competence | consider different cultural backgrounds | respect different cultural backgrounds | display intercultural competence | exhibit intercultural competence | show intercultural competence | adapt to cultural differences | use culturally appropriate body language | demonstrate cross-cultural competence,,soft,soft_transversale,ESCO,SKL_c4e529c9f31f
CANS_98f8236e00bf,work independently,,ability to work autonomously | work on your own | like to work independently | working independently | act independently | work in a self-reliant manner | work autonomously | independently working | work without supervision,,soft,soft_transversale,ESCO,SKL_322c73cb66e8
CANS_48e5ad44137d,think innovatively,,show innovativeness | apply innovative thinking | think ahead | be innovative | apply forward-thinking | demonstrate pioneering spirit | invent | shape the future,,soft,soft_transversale,ESCO,SKL_536912e60310
CANS_3d7976f06060,demonstrate awareness of health risks,,know the effects of drugs and alcohol on individuals | follow work-place safety regulations | apply ergonomics | manage health risk | meet health and safety requirements | work safely with hazardous material,,soft,soft_transversale,ESCO,SKL_aa64964a668e
CANS_66a25e46b6ae,think creatively,,show originality | thinking creatively | innovate | work conceptually | brainstorming | find new ideas | innovative thinking | seek out questions | use imagination | experiment | design | visualise completed work | anticipate needs | think in a creative way | visualise completed project,,soft,soft_transversale,ESCO,SKL_7d91794b64e6
CANS_08db24faba4b,think holistically,,recognise connections | apply conceptual thinking | identify key issues in complex situations | apply systemic thinking | understand complex processes | identify interrelationships | demonstrate holistic thinking | understand complexity,,soft,soft_transversale,ESCO,SKL_9e7b6e284f35
CANS_37c705e67800,make decisions,,making decisions | make choices | choose | decide | make decision | take decisions,,soft,soft_transversale,ESCO,SKL_0a5f047090fe
CANS_97f52888f05c,create digital content,,create content in digital form | edit digital content | produce digital content,,soft,soft_transversale,ESCO,SKL_cd8ba7413876
CANS_8a8bf9137389,manage time,,managing time | schedule | prioritise tasks | prioritise actions | manage schedule | set priorities | meet deadlines | define milestones | draw up time line | work out time line | adhere to schedules | plan deadlines | plan time | coordinate actions,,soft,soft_transversale,ESCO,SKL_bb75147adbcb
CANS_486beb9196c8,apply hygiene standards,,conform to hygienic work practices | follow hygienic work practices | identify hygiene risks | attend to hygiene | attend to cleanliness | care for hygiene | look after hygiene,,soft,soft_transversale,ESCO,SKL_b90b0e526a8b
CANS_575f66d3e21e,critically evaluate information and its sources,,detect bias | weigh information | check facts | assess information | verify information | understand the role of media in democratic societies | verify the source of information | evaluate information,,soft,soft_transversale,ESCO,SKL_abe63d2a4aae
CANS_042be42635c6,manage chronic health conditions,,seek for appropriate care | utilise walking aids | utilise hearing aids | utilise seeing aids,,soft,soft_transversale,ESCO,SKL_4b44e9b302c7
CANS_5cb0088a7691,apply knowledge of social sciences and humanities,,demonstrate interest in politics | demonstrate knowledge of European history | understand the role of social movements in society | demonstrate social knowledge,,soft,soft_transversale,ESCO,SKL_ac849d14848f
CANS_ff577f4c833a,"promote ideas, products, services",,persuade others | convince others | persuade | be able to close sales regularly and confidently | influence others | enjoys selling | present products | influence decisions,,soft,soft_transversale,ESCO,SKL_60e996ac75cf
CANS_9ed57b401017,motivate others,,stimulate action | inspire others | encourage others | empower others | motivating others | energise others | motivate staff and colleages,,soft,soft_transversale,ESCO,SKL_acefb6869f54
CANS_911956eab638,respect confidentiality obligations,,be discrete | ensure privacy | ensure absolute discretion | keep secret information | protect privacy | handle sensitive information | comply with confidentiality obligations,,soft,soft_transversale,ESCO,SKL_5967172f87ff
CANS_a1dd1e3b3e45,plan,,plan activities | performance planning | implement planning | planning performance | undertake planning | complete planning,,soft,soft_transversale,ESCO,SKL_b825d30d64b1
CANS_498352f28cd4,react to physical changes or hazards,,demonstrate agility | be reactive | show responsivness,,soft,soft_transversale,ESCO,SKL_123761be71d3
CANS_ea82b7559745,apply digital security measures,,up-date online security measures | use anti-virus software | protect personal data | protect ICT devices | remove viruses and malware from a computer | implement digital security measures | protect digital devices,,soft,soft_transversale,ESCO,SKL_337ea3ff9625
CANS_2a9606c58a3c,exercise rights and responsibilities,,exercise constitutional rights | participate in democratic decision-making | demonstrate interest in current events | exercise legal rights | be aware of legal rights,,soft,soft_transversale,ESCO,SKL_4a53b7862886
CANS_f22871126015,memorise information,,memorising information | memorise info | commit information to memory | memorise facts | learn information by heart | memorise procedures | mnemonics principles | remember information,,soft,soft_transversale,ESCO,SKL_66409b87c3c6
CANS_87b7652db51a,keep an open mind,,being open minded | show acceptance of others | demonstrate freedom from prejudice | take on new ideas and experiences,,soft,soft_transversale,ESCO,SKL_587bf6d883a3
CANS_8674a6a2eabe,Reading Comprehension,,,,hard,autre_hard,ONET,SKL_c8988e651df2
CANS_d3466420e70d,Active Listening,,,,hard,autre_hard,ONET,SKL_3d61fc469c3f
CANS_a1f23a1d30bb,Writing,,,,hard,autre_hard,ONET,SKL_d4f36a2d7798
CANS_51d43418a6c3,Speaking,,,,hard,autre_hard,ONET,SKL_bf076076b707
CANS_048a185f7804,Critical Thinking,,,,hard,autre_hard,ONET,SKL_f428e4ac555b
CANS_7460aa5e6c30,Active Learning,,,,hard,autre_hard,ONET,SKL_783fb33429e5
CANS_e06c8021d2c2,Learning Strategies,,,,hard,autre_hard,ONET,SKL_9bb6ef2e8bab
CANS_8db22f37c81e,Monitoring,,,,hard,autre_hard,ONET,SKL_3c928f967afe
CANS_7e4a611187ad,Science,,,,hard,autre_hard,ONET,SKL_0ede04111b8f
CANS_fab1a704a4ea,Administration and Management,,,,hard,autre_hard,ONET,SKL_0086a2fe03d8
CANS_4726ba8b03c1,Customer and Personal Service,,,,hard,autre_hard,ONET,SKL_ac8e8763cd7f
CANS_55a621372ec1,Computers and Electronics,,,,hard,autre_hard,ONET,SKL_8c58969df81f
CANS_2dfe1fc6789e,English Language,,,,hard,autre_hard,ONET,SKL_d49f783525d7
CANS_d6de3bc5aae3,Administrative,,,,hard,autre_hard,ONET,SKL_89a6017523ca
CANS_e469a8ef5afa,Engineering and Technology,,,,hard,autre_hard,ONET,SKL_b715496fe52f
CANS_98a763c88cdc,Design,,,,hard,autre_hard,ONET,SKL_97ea13b926f1
CANS_a9c77c4c49bf,Psychology,,,,hard,autre_hard,ONET,SKL_d8ff0dd0071c
CANS_377e6a5589ee,Sociology and Anthropology,,,,hard,autre_hard,ONET,SKL_b5a8071434b9
CANS_46a4527a9820,Medicine and Dentistry,,,,hard,autre_hard,ONET,SKL_4a1a2f31e09a
CANS_6741d54f6f56,Education and Training,,,,hard,autre_hard,ONET,SKL_cd483fe68fa7
CANS_08bca3b27e85,Public Safety and Security,,,,hard,autre_hard,ONET,SKL_3de295643022
CANS_2bc8bde6d9ac,Telecommunications,,,,hard,autre_hard,ONET,SKL_2dc6ed3f5a9e
CANS_aed75a411ffb,Mechanical,,,,hard,autre_hard,ONET,SKL_81295ef5e670
CANS_e0a86d9f1266,Communications and Media,,,,hard,autre_hard,ONET,SKL_2ab9b9c683b1
CANS_ff12e34ea1dc,Sales and Marketing,,,,hard,autre_hard,ONET,SKL_9d8082de248c
CANS_22e0eb6175de,Geography,,,,hard,autre_hard,ONET,SKL_4c96de6ec962
CANS_c3aa32e6e2ff,Law and Government,,,,hard,autre_hard,ONET,SKL_c353d9d74c94
CANS_a0efac9c25eb,Economics and Accounting,,,,hard,autre_hard,ONET,SKL_74563483dbb2
CANS_e3a120b10ed6,Personnel and Human Resources,,,,hard,autre_hard,ONET,SKL_79d820d63198
CANS_0dfa801d0077,Oral Comprehension,,,,soft,soft_transversale,ONET,SKL_e16fabcf79b1
CANS_9a4ee1faa0bd,Written Comprehension,,,,soft,soft_transversale,ONET,SKL_5cda8baac008
CANS_2b8bb06f123d,Oral Expression,,,,soft,soft_transversale,ONET,SKL_ef71b59eeb03
CANS_e4f097129bb7,Written Expression,,,,soft,soft_transversale,ONET,SKL_db7e0ce2a4b5
CANS_8ee63e387e98,Fluency of Ideas,,,,soft,soft_transversale,ONET,SKL_23d1aef04881
CANS_ab71f1c8bb13,Originality,,,,soft,soft_transversale,ONET,SKL_0d8c86e774f0
CANS_a90f7d874748,Problem Sensitivity,,,,soft,soft_transversale,ONET,SKL_ae5a17bcf408
CANS_eb4fb262a335,Deductive Reasoning,,,,soft,soft_transversale,ONET,SKL_831ad790d2d7
CANS_881187a20195,Inductive Reasoning,,,,soft,soft_transversale,ONET,SKL_7c4928fcb451
CANS_3b27eddb3c95,Information Ordering,,,,soft,soft_transversale,ONET,SKL_036f3d113bbc
CANS_c2c5f405e305,Category Flexibility,,,,soft,soft_transversale,ONET,SKL_4ef4030f2dd2
CANS_0a8a7f36db2d,Mathematical Reasoning,,,,soft,soft_transversale,ONET,SKL_1fa4715aee9a
CANS_0621471f5b19,Number Facility,,,,soft,soft_transversale,ONET,SKL_6eb59efa8e79
CANS_8e575a15ac84,Speed of Closure,,,,soft,soft_transversale,ONET,SKL_4f7187338781
CANS_0c79d1526b7d,Flexibility of Closure,,,,soft,soft_transversale,ONET,SKL_8e823ad57eaf
CANS_9ec2e950a232,Perceptual Speed,,,,soft,soft_transversale,ONET,SKL_8ca778fb5b96
CANS_984ec752e50d,Visualization,,,,soft,soft_transversale,ONET,SKL_469a005ccae3
CANS_403664042e54,Near Vision,,,,soft,soft_transversale,ONET,SKL_9eb47227e858
CANS_210bb00bd419,Far Vision,,,,soft,soft_transversale,ONET,SKL_b8c51028d943
CANS_fc93a562000a,Speech Recognition,,,,soft,soft_transversale,ONET,SKL_e0d251af67aa
CANS_93aeb4ef9c04,Speech Clarity,,,,soft,soft_transversale,ONET,SKL_8dade5c29560
CANS_bb1dacc4546f,Selective Attention,,,,soft,soft_transversale,ONET,SKL_49c323b2d16e
CANS_b6f617dbf1ef,Finger Dexterity,,,,soft,soft_transversale,ONET,SKL_e07b0476c7f3
CANS_03a1992d0f62,3M Post-it App,,,,hard,langage_ou_techno_nommee,ONET,SKL_76fbd16f0fcd
CANS_c390e4591971,Access management software,,,,hard,langage_ou_techno_nommee,ONET,SKL_7ae37f1792ba
CANS_060c6eb1b115,AcmeStudio,,,,hard,langage_ou_techno_nommee,ONET,SKL_53bc05476343
CANS_4d26953e5ed3,Active directory software,,,,hard,langage_ou_techno_nommee,ONET,SKL_4fed44fd9e95
CANS_095c7eb4004c,Ada,,,,hard,langage_ou_techno_nommee,ONET,SKL_b85be953bc5a
CANS_537119b63fc2,Adobe Acrobat,,,,hard,langage_ou_techno_nommee,ONET,SKL_13be555f095e
CANS_2575878aed7b,Adobe ActionScript,,,,hard,langage_ou_techno_nommee,ONET,SKL_f0e743d61767
CANS_2d01357afdb8,Adobe ColdFusion,,,,hard,langage_ou_techno_nommee,ONET,SKL_6e35bcbd7243
CANS_2e023b811d97,Adobe Dreamweaver,,,,hard,langage_ou_techno_nommee,ONET,SKL_9184a5359352
CANS_840882e0cd0c,Adobe Flex,,,,hard,langage_ou_techno_nommee,ONET,SKL_d48392438ce7
CANS_cb41c23e5f68,ADP Workforce Now,,,,hard,langage_ou_techno_nommee,ONET,SKL_e160600cd12b
CANS_9cc913b00116,Advanced business application programming ABAP,,,,hard,langage_ou_techno_nommee,ONET,SKL_58d629217129
CANS_d8f74c45a87c,Amazon DynamoDB,,,,hard,langage_ou_techno_nommee,ONET,SKL_e227b5b5baa9
CANS_8f5ef213bfe9,Amazon Elastic Compute Cloud EC2,,,,hard,langage_ou_techno_nommee,ONET,SKL_c70072257897
CANS_191e85f0571d,Amazon Redshift,,,,hard,langage_ou_techno_nommee,ONET,SKL_54022261c989
CANS_20f76d54832f,Amazon Simple Storage Service S3,,,,hard,langage_ou_techno_nommee,ONET,SKL_60795e8fae7e
CANS_0bc1bb7e5f75,Amazon Web Services AWS CloudFormation,,,,hard,langage_ou_techno_nommee,ONET,SKL_f94d863d8b4e
CANS_4d9778337e9e,Amazon Web Services AWS software,,,,hard,langage_ou_techno_nommee,ONET,SKL_0be3e12d792c
CANS_6dbe7bacb93c,Ansible software,,,,hard,langage_ou_techno_nommee,ONET,SKL_6c8fd707b55a
CANS_d441395c904c,Apache Ant,,,,hard,langage_ou_techno_nommee,ONET,SKL_3810d356c3b8
CANS_45743fefb6db,Apache Cassandra,,,,hard,langage_ou_techno_nommee,ONET,SKL_27dc1ea97bc9
CANS_c040c3b85fae,Apache Groovy,,,,hard,langage_ou_techno_nommee,ONET,SKL_81eb3525fd79
CANS_85a5abe424ef,Apache Hadoop,,,,hard,langage_ou_techno_nommee,ONET,SKL_4f055184510b
CANS_758fd9a48efa,Apache Hive,,,,hard,langage_ou_techno_nommee,ONET,SKL_cb74c6c65540
CANS_9eb3a61fe611,Apache HTTP Server,,,,hard,langage_ou_techno_nommee,ONET,SKL_2c9dfa2877db
CANS_bb023a31bce5,Apache Kafka,,,,hard,langage_ou_techno_nommee,ONET,SKL_1e0e28b7faca
CANS_66fe80814622,Apache Pig,,,,hard,langage_ou_techno_nommee,ONET,SKL_dffdd77074d1
CANS_1848f95c87be,Apache Solr,,,,hard,langage_ou_techno_nommee,ONET,SKL_22bf2888f73f
CANS_457814fa0c07,Apache Spark,,,,hard,langage_ou_techno_nommee,ONET,SKL_855e9579fe36
CANS_9037abeff397,Apache Struts,,,,hard,langage_ou_techno_nommee,ONET,SKL_d723b8a213b1
CANS_9bb4a3a992e3,Apache Subversion SVN,,,,hard,langage_ou_techno_nommee,ONET,SKL_0bd8f9b2d071
CANS_b9735cb3ff88,Apple macOS,,,,hard,langage_ou_techno_nommee,ONET,SKL_9eaadad8e9a2
CANS_61a0e1c914b9,Application management software,,,,hard,langage_ou_techno_nommee,ONET,SKL_f6098142e869
CANS_802181223b80,Architecture description language ADL,,,,hard,langage_ou_techno_nommee,ONET,SKL_866a5f25c4a3
CANS_f3e1e35d1f8f,Atlassian Bamboo,,,,hard,langage_ou_techno_nommee,ONET,SKL_d7594dce70e7
CANS_a89651986ad5,Atlassian Confluence,,,,hard,langage_ou_techno_nommee,ONET,SKL_df914adb3242
CANS_bd590099e5e4,Atlassian JIRA,,,,hard,langage_ou_techno_nommee,ONET,SKL_8a54c888c8de
CANS_19d062223a7a,Automated installation software,,,,hard,langage_ou_techno_nommee,ONET,SKL_533b6fdd3eda
CANS_ae607c20fc9c,Backbone.js,,,,hard,langage_ou_techno_nommee,ONET,SKL_2ff52ce7a705
CANS_1cc0f1c61314,Bash,Bash,,,hard,langage_ou_techno_nommee,ONET | ROME,SKL_5335d3e1222d | SKL_8dbb21d1910c
CANS_12ca40178aa7,Blackbaud The Raiser's Edge,,,,hard,langage_ou_techno_nommee,ONET,SKL_1e0d617faa62
CANS_765ba752f80d,Blackboard software,,,,hard,langage_ou_techno_nommee,ONET,SKL_7eec40d3dd57
CANS_eaa45421b85d,Blink,,,,hard,langage_ou_techno_nommee,ONET,SKL_8eccc3dbfa11
CANS_e42a3de74647,Business intelligence system software,,,,hard,langage_ou_techno_nommee,ONET,SKL_545ea1a54388
CANS_d71eff8c89f4,C,,,,hard,langage_ou_techno_nommee,ONET,SKL_93191183ad6b
CANS_7e64de04c960,Cascading style sheets CSS,,,,hard,langage_ou_techno_nommee,ONET,SKL_d1d6a6bcd281
CANS_3e94cb0f3bdf,Chef,,,,hard,langage_ou_techno_nommee,ONET,SKL_7b2c106a2df8
CANS_6481f43b6a69,Cisco Systems CiscoWorks,,,,hard,langage_ou_techno_nommee,ONET,SKL_3bd8fa44151b
CANS_485bca8694de,Cisco Webex,,,,hard,langage_ou_techno_nommee,ONET,SKL_47db1c585d8b
CANS_b19bc333d5e7,Citrix cloud computing software,,,,hard,langage_ou_techno_nommee,ONET,SKL_260517f66f1c
CANS_0a9d05d4c23a,Common business oriented language COBOL,,,,hard,langage_ou_techno_nommee,ONET,SKL_11ab0b15b79c
CANS_d3213c34df8e,Compatibility testing software,,,,hard,langage_ou_techno_nommee,ONET,SKL_6667f5526e07
CANS_2d64f16bd1d0,Component object model COM software,,,,hard,langage_ou_techno_nommee,ONET,SKL_b89898def7a3
CANS_04b610035deb,Computer aided design and drafting CADD software,,,,hard,langage_ou_techno_nommee,ONET,SKL_b06bb6b6fec8
CANS_0f197f739c3e,Cost estimating software,,,,hard,langage_ou_techno_nommee,ONET,SKL_e5b9e0929cf9
CANS_be15ee6b544d,CrossTec NetOp Remote Control,,,,hard,langage_ou_techno_nommee,ONET,SKL_8c69b4a5d982
CANS_1839f46114de,Customer information control system CICS,,,,hard,langage_ou_techno_nommee,ONET,SKL_da5dbd83423c
CANS_2eb5245acb50,Dassault Systemes CATIA,,,,hard,langage_ou_techno_nommee,ONET,SKL_8d215e8c1a09
CANS_2c8ebcf0d255,Database software,,,,hard,langage_ou_techno_nommee,ONET,SKL_c2f040080c7e
CANS_f7d3db710f18,Defect tracking software,,,,hard,langage_ou_techno_nommee,ONET,SKL_da472762fce8
CANS_62a3bab91cbc,Delphi Technology,,,,hard,langage_ou_techno_nommee,ONET,SKL_0eb37cb04aa1
CANS_26ab98dc4cc2,Diagramming software,,,,hard,langage_ou_techno_nommee,ONET,SKL_5459a4275a14
CANS_4f1c599f7f2a,Distributed component object model DCOM software,,,,hard,langage_ou_techno_nommee,ONET,SKL_c948f8d7fd58
CANS_59fea5662cbd,Django,,,,hard,langage_ou_techno_nommee,ONET,SKL_823c56ff36d8
CANS_cefbb2fb91ae,Docker,,,,hard,langage_ou_techno_nommee,ONET,SKL_4d64a642f815
CANS_10c344f18d34,Dynamic analysis software,,,,hard,langage_ou_techno_nommee,ONET,SKL_29a72ab9c816
CANS_05adcf8b616a,Dynamic hypertext markup language DHTML,,,,hard,langage_ou_techno_nommee,ONET,SKL_903251012df1
CANS_d26d451225be,Eclipse IDE,,,,hard,langage_ou_techno_nommee,ONET,SKL_9ecc8dc68c66
CANS_503c16a89425,Eiffel,,,,hard,langage_ou_techno_nommee,ONET,SKL_52ea214c7c35
CANS_09ccbb3a95a2,Elasticsearch,,,,hard,langage_ou_techno_nommee,ONET,SKL_94b0aa4759fb
CANS_e1f8a01c0c85,Electronic design automation EDA software,,,,hard,langage_ou_techno_nommee,ONET,SKL_05920917d508
CANS_2de6289c2e5c,Element management software,,,,hard,langage_ou_techno_nommee,ONET,SKL_3be96b8faf17
CANS_cc4a7db2e414,Embarcadero JBuilder,,,,hard,langage_ou_techno_nommee,ONET,SKL_df55ec284e7c
CANS_51bfafa78050,Enterprise JavaBeans,,,,hard,langage_ou_techno_nommee,ONET,SKL_83bd8c31edfc
CANS_57cce1179ad5,Epic Systems,,,,hard,langage_ou_techno_nommee,ONET,SKL_f5447369d7c9
CANS_0777714e42ed,ESRI ArcGIS software,,,,hard,langage_ou_techno_nommee,ONET,SKL_412794161a92
CANS_b10f8c6faff4,Ext JS,,,,hard,langage_ou_techno_nommee,ONET,SKL_e795daad4b81
CANS_e349fbb718f5,Extensible hypertext markup language XHTML,,,,hard,langage_ou_techno_nommee,ONET,SKL_c7abc473444c
CANS_76e0c76bc437,Extensible markup language XML,,,,hard,langage_ou_techno_nommee,ONET,SKL_a5c10d300f8b
CANS_4101eebf0a63,FileMaker Pro,,,,hard,langage_ou_techno_nommee,ONET,SKL_9b6800b41af3
CANS_6dd3cad1d2bc,Flow chart software,,,,hard,langage_ou_techno_nommee,ONET,SKL_851c8bf6ea7a
CANS_ae5f57b08e52,Formula translation/translator FORTRAN,,,,hard,langage_ou_techno_nommee,ONET,SKL_2d97e892207a
CANS_782f6d86fb35,Functional testing software,,,,hard,langage_ou_techno_nommee,ONET,SKL_bf2ac44480e1
CANS_aa3defad4558,Fund accounting software,,,,hard,langage_ou_techno_nommee,ONET,SKL_d6b4f099a254
CANS_76f8b42c0aa8,Geographic information system GIS software,,,,hard,langage_ou_techno_nommee,ONET,SKL_17cf26a5c3d2
CANS_41a49335872b,Git,,,,hard,langage_ou_techno_nommee,ONET,SKL_f5622829df60
CANS_9e3caedd7cf4,GitHub,,,,hard,langage_ou_techno_nommee,ONET,SKL_174fb24409f7
CANS_a15578c2ddcf,Go,,,,hard,langage_ou_techno_nommee,ONET,SKL_7024c3606240
CANS_cc6c0e0ce9d5,Google Analytics,,,,hard,langage_ou_techno_nommee,ONET,SKL_8679a9a45839
CANS_a465e3f9bdf6,Google Angular,,,,hard,langage_ou_techno_nommee,ONET,SKL_b465acf4e1bd
CANS_3de9133b9da8,Google Docs,,,,hard,langage_ou_techno_nommee,ONET,SKL_d61210016a99
CANS_c43c5d295d10,Healthcare common procedure coding system HCPCS,,,,hard,langage_ou_techno_nommee,ONET,SKL_3f16933b10e8
CANS_e7898b475c8b,Help desk software,,,,hard,langage_ou_techno_nommee,ONET,SKL_f49429c35d87
CANS_76ecbbdba046,Hewlett Packard HP-UX,,,,hard,langage_ou_techno_nommee,ONET,SKL_1217a33a9b68
CANS_9abcfa278204,Hewlett Packard LoadRunner,,,,hard,langage_ou_techno_nommee,ONET,SKL_ee1f55662c4a
CANS_54e6da2837f4,Hibernate ORM,,,,hard,langage_ou_techno_nommee,ONET,SKL_0f33de8e8a6c
CANS_7a7a25e6ec17,Hierarchical simulation program with integrated circuit emphasis HSPICE,,,,hard,langage_ou_techno_nommee,ONET,SKL_50d1e1915729
CANS_824c78c582da,Human resource management software HRMS,,,,hard,langage_ou_techno_nommee,ONET,SKL_7c7c498d9448
CANS_7e6812d334fa,HyperSpace,,,,hard,langage_ou_techno_nommee,ONET,SKL_7e6f9d220d52
CANS_2850f80ec0dc,Hypertext markup language HTML,,,,hard,langage_ou_techno_nommee,ONET,SKL_46a08f61b8f8
CANS_16ffd881733d,IBM Cognos Impromptu,,,,hard,langage_ou_techno_nommee,ONET,SKL_d387150e9b41
CANS_31414cf57ec8,IBM DB2,,,,hard,langage_ou_techno_nommee,ONET,SKL_adfc72ede7d6
CANS_1a35de2c3f53,IBM Domino,,,,hard,langage_ou_techno_nommee,ONET,SKL_bdda1e908f93
CANS_4d99bf64226d,IBM Notes,,,,hard,langage_ou_techno_nommee,ONET,SKL_f36d0482ac12
CANS_a41a74e8bced,IBM Power Systems software,,,,hard,langage_ou_techno_nommee,ONET,SKL_4e250bbdec82
CANS_4282149e1bd1,IBM Rational ClearCase,,,,hard,langage_ou_techno_nommee,ONET,SKL_ff2dd9b5014d
CANS_6696ba3b4db2,IBM Rational ClearQuest,,,,hard,langage_ou_techno_nommee,ONET,SKL_fef0d0b264c6
CANS_c67a22a3fe66,IBM Rational PurifyPlus,,,,hard,langage_ou_techno_nommee,ONET,SKL_b87e8e59b6f7
CANS_d7cacba68683,IBM Rational Rose XDE,,,,hard,langage_ou_techno_nommee,ONET,SKL_7bb416ec5aaf
CANS_d35d313a42ca,IBM SPSS Statistics,,,,hard,langage_ou_techno_nommee,ONET,SKL_11f5e88db680
CANS_6cba51109296,Informatica Corporation PowerCenter,,,,hard,langage_ou_techno_nommee,ONET,SKL_f3054a7052c7
CANS_9d78c63c7f7c,InstallShield,,,,hard,langage_ou_techno_nommee,ONET,SKL_a0335e629a30
CANS_a14f422540eb,Integrated development environment IDE software,,,,hard,langage_ou_techno_nommee,ONET,SKL_051021ed6593
CANS_7504f69b20ff,Integration testing software,,,,hard,langage_ou_techno_nommee,ONET,SKL_6cfe235a16e1
CANS_4a37e74e755a,Interoperability testing software,,,,hard,langage_ou_techno_nommee,ONET,SKL_acc03f70b2f2
CANS_d92beb13e125,J,,,,hard,langage_ou_techno_nommee,ONET,SKL_1b19cd1bc972
CANS_e1c2e0a5817c,JavaScript Object Notation JSON,,,,hard,langage_ou_techno_nommee,ONET,SKL_28107f5aa969
CANS_4810ba75f4c7,Job control language JCL,,,,hard,langage_ou_techno_nommee,ONET,SKL_a7d06b971e4a
CANS_aefe47f2e70a,jQuery,,,,hard,langage_ou_techno_nommee,ONET,SKL_607688202ccd
CANS_bb67c531bc66,JUnit,,,,hard,langage_ou_techno_nommee,ONET,SKL_ed2afc961ae7
CANS_e5c5584278ee,Jupyter Notebook,,,,hard,langage_ou_techno_nommee,ONET,SKL_aae2b9e4f56a
CANS_278f18d08611,KornShell,,,,hard,langage_ou_techno_nommee,ONET,SKL_7a564b3c6110
CANS_9716a9c22431,LAMP Stack,,,,hard,langage_ou_techno_nommee,ONET,SKL_e2d6c7064d86
CANS_955d0b18e895,LexisNexis,,,,hard,langage_ou_techno_nommee,ONET,SKL_e79aa6ddcaee
CANS_b1f92223a447,Linux,,,,hard,langage_ou_techno_nommee,ONET,SKL_9768767c8936
CANS_0a72ba05a48a,Load testing software,,,,hard,langage_ou_techno_nommee,ONET,SKL_f0955d322cfb
CANS_e662a13546e7,Marketo Marketing Automation,,,,hard,langage_ou_techno_nommee,ONET,SKL_08d155ec8a44
CANS_dac4bf27d1b2,McAfee,,,,hard,langage_ou_techno_nommee,ONET,SKL_18f83025cf56
CANS_a0db1d5f0da1,Medical condition coding software,,,,hard,langage_ou_techno_nommee,ONET,SKL_5a5ed6419ed5
CANS_e683a9d23fc1,Medical procedure coding software,,,,hard,langage_ou_techno_nommee,ONET,SKL_f3504d4fcb86
CANS_bbf1ec55e8b9,MEDITECH software,,,,hard,langage_ou_techno_nommee,ONET,SKL_1a9801a1547a
CANS_3ff3f21d9b55,Microsoft .NET Framework,,,,hard,langage_ou_techno_nommee,ONET,SKL_4a38877057ec
CANS_ed8bfafc3863,Microsoft Active Server Pages ASP,,,,hard,langage_ou_techno_nommee,ONET,SKL_4bb7b9bb7201
CANS_6ec9f247bc28,Microsoft ActiveX,,,,hard,langage_ou_techno_nommee,ONET,SKL_9bce4a3cbeaa
CANS_c5d8d13845d0,Microsoft ASP.NET,,,,hard,langage_ou_techno_nommee,ONET,SKL_03606dee7858
CANS_c26cafe5b399,Microsoft ASP.NET Core MVC,,,,hard,langage_ou_techno_nommee,ONET,SKL_79e0dbaa7e57
CANS_3a5894965d4a,Microsoft Azure software,,,,hard,langage_ou_techno_nommee,ONET,SKL_1ef3f033c9c5
CANS_96b10c5c70dd,Microsoft Dynamics,,,,hard,langage_ou_techno_nommee,ONET,SKL_500317a8580b
CANS_de463546b41e,Microsoft Dynamics GP,,,,hard,langage_ou_techno_nommee,ONET,SKL_8818ce63ce18
CANS_6bb951228231,Microsoft Excel,,,,hard,langage_ou_techno_nommee,ONET,SKL_5fb1eceabaf5
CANS_fac98fee1ec4,Microsoft Exchange,,,,hard,langage_ou_techno_nommee,ONET,SKL_77015b0e4662
CANS_cbba7222ce50,Microsoft Internet Information Services (IIS),,,,hard,langage_ou_techno_nommee,ONET,SKL_458533b285f9
CANS_c0d547221f4c,Microsoft Office software,,,,hard,langage_ou_techno_nommee,ONET,SKL_9f72e268cdce
CANS_565b3dad4d86,Microsoft Outlook,,,,hard,langage_ou_techno_nommee,ONET,SKL_ece28dd0c595
CANS_be1e38ccc9be,Microsoft Power BI,,,,hard,langage_ou_techno_nommee,ONET,SKL_9186d4e6c3e1
CANS_231aa7e440bf,Microsoft PowerPoint,,,,hard,langage_ou_techno_nommee,ONET,SKL_28e174eeeb52
CANS_d6b992612c34,Microsoft PowerShell,,,,hard,langage_ou_techno_nommee,ONET,SKL_f0ca695ecf13
CANS_1cc1c49ad843,Microsoft Project,,,,hard,langage_ou_techno_nommee,ONET,SKL_fe7cc6ac1e70
CANS_63c20bb71519,Microsoft Publisher,,,,hard,langage_ou_techno_nommee,ONET,SKL_d86bf9f08651
CANS_463c7b068124,Microsoft SharePoint,,,,hard,langage_ou_techno_nommee,ONET,SKL_e2c188a41d07
CANS_6c7a52d26d75,Microsoft SQL Server,,,,hard,langage_ou_techno_nommee,ONET,SKL_345a883e3337
CANS_1300a5d9e18c,Microsoft SQL Server Integration Services SSIS,,,,hard,langage_ou_techno_nommee,ONET,SKL_de585e14d70e
CANS_9a3a93606da7,Microsoft SQL Server Reporting Services SSRS,,,,hard,langage_ou_techno_nommee,ONET,SKL_03a4e8247b0a
CANS_d84dee3c31a2,Microsoft Team Foundation Server,,,,hard,langage_ou_techno_nommee,ONET,SKL_07c8d45ed285
CANS_546fd4469f58,Microsoft Teams,,,,hard,langage_ou_techno_nommee,ONET,SKL_0863ac3ef467
CANS_4f6fed6adaa2,Microsoft Visual Basic,,,,hard,langage_ou_techno_nommee,ONET,SKL_f64a0ff79bb4
CANS_199774b85a03,Microsoft Visual Basic for Applications VBA,,,,hard,langage_ou_techno_nommee,ONET,SKL_16e721ee0783
CANS_90a872edda4c,Microsoft Visual Basic Scripting Edition VBScript,,,,hard,langage_ou_techno_nommee,ONET,SKL_5f20004cb21e
CANS_0f83454ab2e3,Microsoft Visual Basic.NET,,,,hard,langage_ou_techno_nommee,ONET,SKL_b16918fc75e4
CANS_b0aec3fee8d5,Microsoft Visual C# .NET,,,,hard,langage_ou_techno_nommee,ONET,SKL_294be644b939
CANS_55068305f74d,Microsoft Visual FoxPro,,,,hard,langage_ou_techno_nommee,ONET,SKL_32095c5eaba5
CANS_9e5aa67286c2,Microsoft Visual Studio,,,,hard,langage_ou_techno_nommee,ONET,SKL_c0b84dffdc57
CANS_1c4cb7c53578,Microsoft Windows,,,,hard,langage_ou_techno_nommee,ONET,SKL_c8061bfbbcb0
CANS_848d6859e97d,Microsoft Windows Server,,,,hard,langage_ou_techno_nommee,ONET,SKL_145b8cdbbf7f
CANS_baeac7f4d958,Microsoft Word,,,,hard,langage_ou_techno_nommee,ONET,SKL_a3ee6a40305c
CANS_1f7574ae1665,MicroStrategy,,,,hard,langage_ou_techno_nommee,ONET,SKL_18f39d854907
CANS_74cc38b4e419,Migration testing software,,,,hard,langage_ou_techno_nommee,ONET,SKL_f5376f6af2db
CANS_3a98f75c4b8e,Minitab,,,,hard,langage_ou_techno_nommee,ONET,SKL_8cffefdf40ee
CANS_594db8466fd4,MongoDB,,,,hard,langage_ou_techno_nommee,ONET,SKL_f2c3df3b2f95
CANS_934a59a58e19,Mutation testing software,,,,hard,langage_ou_techno_nommee,ONET,SKL_e439c8b3fad8
CANS_cbe53a03cdee,Nagios,,,,hard,langage_ou_techno_nommee,ONET,SKL_aebaa430f86c
CANS_f5537b8db11f,National Instruments LabVIEW,,,,hard,langage_ou_techno_nommee,ONET,SKL_6cc74f52b13b
CANS_258f2945b53c,NetSuite ERP,,,,hard,langage_ou_techno_nommee,ONET,SKL_8807e10ea504
CANS_bcec02447ad8,Network intrusion prevention systems NIPS,,,,hard,langage_ou_techno_nommee,ONET,SKL_c898af9c2046
CANS_8938d8db42c2,Node.js,,,,hard,langage_ou_techno_nommee,ONET,SKL_c60de007a2c0
CANS_aa2924fc684a,NortonLifeLock cybersecurity software,,,,hard,langage_ou_techno_nommee,ONET,SKL_37655ce770f3
CANS_7e74568d28dd,Objective C,,,,hard,langage_ou_techno_nommee,ONET,SKL_85b1f6363c26
CANS_554e0cc6d499,Omni Group OmniGraffle,,,,hard,langage_ou_techno_nommee,ONET,SKL_6014fe84d4b3
CANS_da84fdd61432,OpenAI ChatGPT,,,,hard,langage_ou_techno_nommee,ONET,SKL_c5479ae8f5d0
CANS_f8326b1325ef,Oracle Application Server,,,,hard,langage_ou_techno_nommee,ONET,SKL_a7402c74fa44
CANS_3983eadb8eee,Oracle Business Intelligence Enterprise Edition,,,,hard,langage_ou_techno_nommee,ONET,SKL_46e88be339d1
CANS_eb35ea48a816,Oracle Business Intelligence Suite,,,,hard,langage_ou_techno_nommee,ONET,SKL_e04540fdfd7a
CANS_d36c0ab93759,Oracle Cloud software,,,,hard,langage_ou_techno_nommee,ONET,SKL_d32d9e99ff09
CANS_8bfd3e95fb2d,Oracle Database,,,,hard,langage_ou_techno_nommee,ONET,SKL_5f41153fbbec
CANS_56b8b8511649,Oracle E-Business Suite Financials,,,,hard,langage_ou_techno_nommee,ONET,SKL_fd165b71007f
CANS_e0beb186d7a6,Oracle Eloqua,,,,hard,langage_ou_techno_nommee,ONET,SKL_a89c0287e2ad
CANS_e2e074ac0fa3,Oracle Fusion Applications,,,,hard,langage_ou_techno_nommee,ONET,SKL_f68fb4d9e80b
CANS_098061b5339a,Oracle Fusion Middleware,,,,hard,langage_ou_techno_nommee,ONET,SKL_395e66135703
CANS_f749ab962f2c,Oracle Hyperion,,,,hard,langage_ou_techno_nommee,ONET,SKL_728cdd344658
CANS_407f05d4886c,Oracle Java,,,,hard,langage_ou_techno_nommee,ONET,SKL_5830f01a1241
CANS_345fadbf9f29,Oracle Java 2 Platform Enterprise Edition J2EE,,,,hard,langage_ou_techno_nommee,ONET,SKL_3361a20350c2
CANS_b2a9033bede4,Oracle JavaServer Pages JSP,,,,hard,langage_ou_techno_nommee,ONET,SKL_ad95e246a37e
CANS_deca0a431bd2,Oracle JD Edwards EnterpriseOne,,,,hard,langage_ou_techno_nommee,ONET,SKL_8778af5345f5
CANS_0d241e95ae81,Oracle JDBC,,,,hard,langage_ou_techno_nommee,ONET,SKL_504219586e17
CANS_01cf7c34dceb,Oracle Master Data Management MDM Suite,,,,hard,langage_ou_techno_nommee,ONET,SKL_7bc31eca0caa
CANS_a20864eebe9f,Oracle PeopleSoft,,,,hard,langage_ou_techno_nommee,ONET,SKL_e3e43b718de9
CANS_239bcfb7d5f4,Oracle PeopleSoft Financials,,,,hard,langage_ou_techno_nommee,ONET,SKL_698e4b54f230
CANS_ceb11ab95c2e,Oracle PL/SQL,,,,hard,langage_ou_techno_nommee,ONET,SKL_96dd769e5054
CANS_c76a9e184e1d,Oracle Primavera Enterprise Project Portfolio Management,,,,hard,langage_ou_techno_nommee,ONET,SKL_cca5992e72ac
CANS_745bd3d27837,Oracle Solaris,,,,hard,langage_ou_techno_nommee,ONET,SKL_14c56def5e6d
CANS_73bd237e8b6d,Oracle SQL Developer,,,,hard,langage_ou_techno_nommee,ONET,SKL_24c07f50c51e
CANS_167ddc72e5d5,Oracle Taleo,,,,hard,langage_ou_techno_nommee,ONET,SKL_5489caa5bd00
CANS_86199d18a53b,Oracle WebLogic Server,,,,hard,langage_ou_techno_nommee,ONET,SKL_810b7a9b3904
CANS_73455d9cc7b8,OrCAD Capture,,,,hard,langage_ou_techno_nommee,ONET,SKL_a4d63ddb6f7f
CANS_96a075f02ca7,Patch and update management software,,,,hard,langage_ou_techno_nommee,ONET,SKL_ab08873c0e27
CANS_8ca9e24f6327,Perforce Helix software,,,,hard,langage_ou_techno_nommee,ONET,SKL_50c4b4ad347c
CANS_72b057f910a7,Personal computer diagnostic software,,,,hard,langage_ou_techno_nommee,ONET,SKL_7132a7079db4
CANS_b382ed7c3fc1,Popkin System Architect,,,,hard,langage_ou_techno_nommee,ONET,SKL_b1bc607730fe
CANS_d6bfe5c5433c,Qlik Tech QlikView,,,,hard,langage_ou_techno_nommee,ONET,SKL_e397367a5a80
CANS_38e9f46f11e7,Quest Erwin Data Modeler,,,,hard,langage_ou_techno_nommee,ONET,SKL_560781df386a
CANS_d9611bb4cbe9,R,,,,hard,langage_ou_techno_nommee,ONET,SKL_18ec88566e8c
CANS_1f48ed353cf7,Rapide,,,,hard,langage_ou_techno_nommee,ONET,SKL_9cec5ea92aea
CANS_8d73bc65f5a8,React,,,,hard,langage_ou_techno_nommee,ONET,SKL_ea21caa3cdb7
CANS_566e4389160b,Recovery testing software,,,,hard,langage_ou_techno_nommee,ONET,SKL_15025c029f6a
CANS_02597169e2bc,Red Hat Enterprise Linux,,,,hard,langage_ou_techno_nommee,ONET,SKL_40c94a701990
CANS_82ce358b3f3c,Red Hat OpenShift,,,,hard,langage_ou_techno_nommee,ONET,SKL_e574fc12f192
CANS_640a229c3fd2,Red Hat WildFly,,,,hard,langage_ou_techno_nommee,ONET,SKL_eff76123aadf
CANS_8eb0f62f0b9f,Regression testing software,,,,hard,langage_ou_techno_nommee,ONET,SKL_553e81044390
CANS_94255b72d308,Relational database management software,,,,hard,langage_ou_techno_nommee,ONET,SKL_f3bfb31e3e81
CANS_7831a78e7323,Remote control software,,,,hard,langage_ou_techno_nommee,ONET,SKL_f4c5151e958c
CANS_d21106f92567,Requirements management software,,,,hard,langage_ou_techno_nommee,ONET,SKL_150824ed65ea
CANS_1d4ded4f7caf,Ruby on Rails,,,,hard,langage_ou_techno_nommee,ONET,SKL_941998b1a15f
CANS_49e496b08157,Salesforce software,,,,hard,langage_ou_techno_nommee,ONET,SKL_2b06e0fdd37b
CANS_4c5b3057c676,Salesforce Visualforce,,,,hard,langage_ou_techno_nommee,ONET,SKL_fd9c3c8f82fc
CANS_41fe14deb701,SAP Adaptive Server Enterprise,,,,hard,langage_ou_techno_nommee,ONET,SKL_587db789f855
CANS_c13d25fdaf4c,SAP Business Objects,,,,hard,langage_ou_techno_nommee,ONET,SKL_407d4aafc2a6
CANS_290d8759c6e9,SAP BusinessObjects Desktop Intelligence,,,,hard,langage_ou_techno_nommee,ONET,SKL_ba61b47406d5
CANS_493b3946622a,SAP Crystal Reports,,,,hard,langage_ou_techno_nommee,ONET,SKL_986a0e3a9f7a
CANS_871a30f68373,SAP ERP,,,,hard,langage_ou_techno_nommee,ONET,SKL_78a9af236bca
CANS_fa62ae250c6d,SAP Master Data Management MDM,,,,hard,langage_ou_techno_nommee,ONET,SKL_ea109f0066ab
CANS_d3c247b421ac,SAP NetWeaver,,,,hard,langage_ou_techno_nommee,ONET,SKL_8f2e607c8a73
CANS_d31ca2deeaa8,SAP NetWeaver BW,,,,hard,langage_ou_techno_nommee,ONET,SKL_7c596b4d8c25
CANS_15160ffbe372,SAP software,,,,hard,langage_ou_techno_nommee,ONET,SKL_62d30606fab3
CANS_6c2412eff340,SAS,,,,hard,langage_ou_techno_nommee,ONET,SKL_0e44ae3da567
CANS_14aa1c79c92a,Security testing software,,,,hard,langage_ou_techno_nommee,ONET,SKL_b6007b4eb683
CANS_67c46a5599ba,Selenium,,,,hard,langage_ou_techno_nommee,ONET,SKL_837b554f5e82
CANS_3cbfc1c6c708,ServiceNow,,,,hard,langage_ou_techno_nommee,ONET,SKL_5968aa14d861
CANS_b7121bbaf18a,Shell script,,,,hard,langage_ou_techno_nommee,ONET,SKL_de7584ba80c1
CANS_e007b6e18f99,Skype,,,,hard,langage_ou_techno_nommee,ONET,SKL_910690d4f1d0
CANS_d643ff366676,Slack,,,,hard,langage_ou_techno_nommee,ONET,SKL_b1c771db7e8d
CANS_4cc5a0a20200,Slido interaction software,,,,hard,langage_ou_techno_nommee,ONET,SKL_3e4b3acff7a2
CANS_06b62969cfca,Snort,,,,hard,langage_ou_techno_nommee,ONET,SKL_17db52643be3
CANS_3553a90711ee,Software asset management SAM software,,,,hard,langage_ou_techno_nommee,ONET,SKL_5ca66113ea09
CANS_f54dbe8510fa,Software distribution software,,,,hard,langage_ou_techno_nommee,ONET,SKL_3f7a4ef612c9
CANS_95baa6b2415e,SpectraQuest,,,,hard,langage_ou_techno_nommee,ONET,SKL_13d889b0574a
CANS_8dec66679dcc,Splunk Enterprise,,,,hard,langage_ou_techno_nommee,ONET,SKL_139d5e5698ef
CANS_ef500b8001f1,Spring Boot,,,,hard,langage_ou_techno_nommee,ONET,SKL_c9b60f827872
CANS_b62f18264f93,Spring Framework,,,,hard,langage_ou_techno_nommee,ONET,SKL_927ffd91068e
CANS_f1d790d42319,Stac Software ReachOut,,,,hard,langage_ou_techno_nommee,ONET,SKL_a1006088d967
CANS_ef5bac0d7520,StataCorp Stata,,,,hard,langage_ou_techno_nommee,ONET,SKL_a029fbfa2ba7
CANS_bd43a0cf7d52,Static analysis software,,,,hard,langage_ou_techno_nommee,ONET,SKL_4dee4fb671f5
CANS_95d4a0c5faa0,Stress testing software,,,,hard,langage_ou_techno_nommee,ONET,SKL_653a9657e74a
CANS_d1ddf740c590,Structure prediction software,,,,hard,langage_ou_techno_nommee,ONET,SKL_429be3396a50
CANS_35532196214f,Structured query language SQL,,,,hard,langage_ou_techno_nommee,ONET,SKL_1f7c154ad669
CANS_2a850fe1a062,Sun Microsystems Sun ONE,,,,hard,langage_ou_techno_nommee,ONET,SKL_ec357d399479
CANS_4f9ad2052e16,Supervisory control and data acquisition SCADA software,,,,hard,langage_ou_techno_nommee,ONET,SKL_d2d0785b2854
CANS_468084173e5d,Symantec pcAnywhere,,,,hard,langage_ou_techno_nommee,ONET,SKL_d0000f8a3ecb
CANS_e3ed6e07ac35,Symantec Visual Cafe,,,,hard,langage_ou_techno_nommee,ONET,SKL_b732f4c381c2
CANS_7e4761f6ef34,System and data disaster recovery software,,,,hard,langage_ou_techno_nommee,ONET,SKL_b147a4d8ee8d
CANS_85bab8b1582e,System testing software,,,,hard,langage_ou_techno_nommee,ONET,SKL_ae6b4dd0a97a
CANS_d6ed1cb953e3,Systems and application deployment and migration software,,,,hard,langage_ou_techno_nommee,ONET,SKL_a80ed813c602
CANS_ff94537fada5,Tableau,,,,hard,langage_ou_techno_nommee,ONET,SKL_f6709e2bf0c9
CANS_fdf4c0144a39,Tax software,,,,hard,langage_ou_techno_nommee,ONET,SKL_4f2d61b26d8b
CANS_82beafa713c2,Test design software,,,,hard,langage_ou_techno_nommee,ONET,SKL_fda02427a56c
CANS_114860e3b574,Test implementation software,,,,hard,langage_ou_techno_nommee,ONET,SKL_4c75f73ecc33
CANS_924b61d17b16,The MathWorks MATLAB,,,,hard,langage_ou_techno_nommee,ONET,SKL_d0090124cfd9
CANS_1c298ff23886,Time sharing option TSO software,,,,hard,langage_ou_techno_nommee,ONET,SKL_1a50c01130ff
CANS_37e58c1581c0,Transact-SQL,,,,hard,langage_ou_techno_nommee,ONET,SKL_474d581106a2
CANS_7305db8b0211,Ubuntu,,,,hard,langage_ou_techno_nommee,ONET,SKL_33599f153660
CANS_289363c16b6d,Unified modeling language UML,,,,hard,langage_ou_techno_nommee,ONET,SKL_966976d5622b
CANS_ace935d9d1d4,Unit testing software,,,,hard,langage_ou_techno_nommee,ONET,SKL_b411bd056d99
CANS_c66580e15237,UNIX,,,,hard,langage_ou_techno_nommee,ONET,SKL_41f73f453dc7
CANS_786452a08800,UNIX Shell,,,,hard,langage_ou_techno_nommee,ONET,SKL_3d5551ca28f4
CANS_2c574f4a2459,Usability testing software,,,,hard,langage_ou_techno_nommee,ONET,SKL_56d41e7dc358
CANS_de47825db1f3,Verilog,,,,hard,langage_ou_techno_nommee,ONET,SKL_e77607274d0f
CANS_3115d62a26cc,Veritas NetBackup,,,,hard,langage_ou_techno_nommee,ONET,SKL_ebf310bf8cd7
CANS_495428baec65,Version control software,,,,hard,langage_ou_techno_nommee,ONET,SKL_b30426986f54
CANS_e5b948a97613,Virtual private networking VPN software,,,,hard,langage_ou_techno_nommee,ONET,SKL_728c9444aed6
CANS_f35ad9d147ef,Virus scanning software,,,,hard,langage_ou_techno_nommee,ONET,SKL_64948572448b
CANS_c8f6ef05bb08,VMware,,,,hard,langage_ou_techno_nommee,ONET,SKL_1406110ba0b2
CANS_477804e11345,Voice over internet protocol VoIP system software,,,,hard,langage_ou_techno_nommee,ONET,SKL_cce5e298fc4f
CANS_57db6bc5070a,Web server software,,,,hard,langage_ou_techno_nommee,ONET,SKL_a109033a33d6
CANS_bc6d8aead429,WebFOCUS,,,,hard,langage_ou_techno_nommee,ONET,SKL_51a83e5e9f1a
CANS_e94e4e2e558a,Wise Solutions Wise for Windows Installer,,,,hard,langage_ou_techno_nommee,ONET,SKL_dbcc826ffdb5
CANS_7ba9a9a80cce,YouTube,,,,hard,langage_ou_techno_nommee,ONET,SKL_2b48e03a654d
CANS_de94aa247b7c,Allscripts Professional EHR,,,,hard,langage_ou_techno_nommee,ONET,SKL_6675abb47367
CANS_948e0f569842,Allscripts Sunrise,,,,hard,langage_ou_techno_nommee,ONET,SKL_ce4f3348da81
CANS_64bc4cbf9243,Amkai AmkaiCharts,,,,hard,langage_ou_techno_nommee,ONET,SKL_56068b489356
CANS_654a82c71ba4,Bizmatics PrognoCIS EMR,,,,hard,langage_ou_techno_nommee,ONET,SKL_04c76700ac98
CANS_85a3657be5e0,Cerner Millennium,,,,hard,langage_ou_techno_nommee,ONET,SKL_84572faed1e3
CANS_91435e52c448,Cerner PowerChart,,,,hard,langage_ou_techno_nommee,ONET,SKL_feea29525080
CANS_4ed442258b3f,ChartWare EMR,,,,hard,langage_ou_techno_nommee,ONET,SKL_ff0c85f93d29
CANS_7f31cbfdf16b,Computer aided software engineering CASE tools,,,,hard,langage_ou_techno_nommee,ONET,SKL_e994f2472a34
CANS_441aea99a716,Computerized physician order entry CPOE software,,,,hard,langage_ou_techno_nommee,ONET,SKL_20d9675a924a
CANS_18c89c313e26,e-MDs software,,,,hard,langage_ou_techno_nommee,ONET,SKL_0784ee9761b6
CANS_be8297e72ebe,eClinicalWorks EHR software,,,,hard,langage_ou_techno_nommee,ONET,SKL_c561de574fec
CANS_476e284dc667,Electronic medical administration record eMAR software,,,,hard,langage_ou_techno_nommee,ONET,SKL_e0f7de51e212
CANS_3f35f41c03d8,GE Healthcare Centricity EMR,,,,hard,langage_ou_techno_nommee,ONET,SKL_dfb8dd83574d
CANS_2447832b52c5,Healthcare management system,,,,hard,langage_ou_techno_nommee,ONET,SKL_ec9de06eb496
CANS_3c2f329f6144,Learning management system LMS,,,,hard,langage_ou_techno_nommee,ONET,SKL_2a9f5fd4ebf0
CANS_850276476cea,McKesson ANSOS One-Staff,,,,hard,langage_ou_techno_nommee,ONET,SKL_c72b281969ed
CANS_ca1b7973e2fe,MEDITECH Healthcare Information System HCIS,,,,hard,langage_ou_techno_nommee,ONET,SKL_916fda8a3cca
CANS_d6c69ebf1d1e,Mediware ClosedLoop Clinical Systems,,,,hard,langage_ou_techno_nommee,ONET,SKL_392a28df7327
CANS_cfb18412d490,Mediware Information Systems MediCOE,,,,hard,langage_ou_techno_nommee,ONET,SKL_61aeb99635be
CANS_a98e9b259ae6,Medscribbler Enterprise,,,,hard,langage_ou_techno_nommee,ONET,SKL_14de55c1fa5a
CANS_bdf5b958c790,MicroFour PracticeStudio.NET EMR,,,,hard,langage_ou_techno_nommee,ONET,SKL_cbafbcb01cf3
CANS_6419d48178f4,Netsmart Technologies CareNet,,,,hard,langage_ou_techno_nommee,ONET,SKL_1b986b61db02
CANS_4137507082ad,NextGen Healthcare Information Systems EMR,,,,hard,langage_ou_techno_nommee,ONET,SKL_3da19748b30a
CANS_b5a43a2ea359,Picis CareSuite,,,,hard,langage_ou_techno_nommee,ONET,SKL_5ac6b029a5c5
CANS_e18e5a376247,Qlik software,,,,hard,langage_ou_techno_nommee,ONET,SKL_a8ad73ca7270
CANS_87d2ab53cea3,SAP BusinessObjects Crystal Reports,,,,hard,langage_ou_techno_nommee,ONET,SKL_6d9227de45a8
CANS_9cd4332b67c2,Seimens Healthineers,,,,hard,langage_ou_techno_nommee,ONET,SKL_df223bf637c2
CANS_2cf77153d106,SOAPware EMR,,,,hard,langage_ou_techno_nommee,ONET,SKL_4fb88e000b00
CANS_5b1e2314243b,Software development tools,,,,hard,langage_ou_techno_nommee,ONET,SKL_3863c6f51971
CANS_9959dda241fe,Sparta Systems TrackWise,,,,hard,langage_ou_techno_nommee,ONET,SKL_3680d8e4d5d7
CANS_bc5140551ce5,StatCom Patient Flow Logistics Enterprise Suite,,,,hard,langage_ou_techno_nommee,ONET,SKL_b820a10929ee
CANS_a998e671ba2e,SynaMed EMR,,,,hard,langage_ou_techno_nommee,ONET,SKL_182d4ad39850
CANS_45c1d18218c2,Texas Medical Software SpringCharts EMR,,,,hard,langage_ou_techno_nommee,ONET,SKL_8b8497e901f5
CANS_7e4179407fe8,VISICU eICU Program,,,,hard,langage_ou_techno_nommee,ONET,SKL_d7127b403c01
CANS_e181161446ed,Web browser software,,,,hard,langage_ou_techno_nommee,ONET,SKL_c3f54892d297
CANS_d3b47c112b9c,AccessData FTK,,,,hard,langage_ou_techno_nommee,ONET,SKL_e8fec5389b74
CANS_20460274bece,Anti-phishing software,,,,hard,langage_ou_techno_nommee,ONET,SKL_593ea4ce4f85
CANS_d18ef90dc927,Anti-spyware software,,,,hard,langage_ou_techno_nommee,ONET,SKL_e2f2d7257653
CANS_e96cc5a6ce9d,Anti-Trojan software,,,,hard,langage_ou_techno_nommee,ONET,SKL_18acee333e25
CANS_cc080a26d17d,ArcSight Enterprise Threat and Risk Management,,,,hard,langage_ou_techno_nommee,ONET,SKL_cd26be83d432
CANS_904f96b965c4,Automated audit trail analysis software,,,,hard,langage_ou_techno_nommee,ONET,SKL_78595cd6e627
CANS_32d0805133d9,Automated media tracking software,,,,hard,langage_ou_techno_nommee,ONET,SKL_b3c0c7feb57b
CANS_a6fa649296d6,Backup and archival software,,,,hard,langage_ou_techno_nommee,ONET,SKL_9188a494ee98
CANS_644fc8869b0c,Berkeley Internet Domain Name BIND,,,,hard,langage_ou_techno_nommee,ONET,SKL_d94c353cb8ef
CANS_1d996873c353,Border Gateway Protocol BGP,,,,hard,langage_ou_techno_nommee,ONET,SKL_58ea9e8be3bd
CANS_fd459d3d3c49,Check Point Next Generation Secure Web Gateway,,,,hard,langage_ou_techno_nommee,ONET,SKL_570cac8ab8df
CANS_9447eb041768,Computer forensic software,,,,hard,langage_ou_techno_nommee,ONET,SKL_a26c74c5de75
CANS_4f121a9f42c0,Conformance and validation testing software,,,,hard,langage_ou_techno_nommee,ONET,SKL_e566a509b88c
CANS_80d8e5bb0a46,Cryptographic key management software,,,,hard,langage_ou_techno_nommee,ONET,SKL_a865f0fbf6b3
CANS_7da6046fa759,Diameter,,,,hard,langage_ou_techno_nommee,ONET,SKL_4babe47d5e86
CANS_8cfb78e3975d,Domain name system DNS,,,,hard,langage_ou_techno_nommee,ONET,SKL_a628fdd2d407
CANS_26680442dd5f,eMASS,,,,hard,langage_ou_techno_nommee,ONET,SKL_224bcbb71616
CANS_7e6c2913958a,End-to-end encryption software,,,,hard,langage_ou_techno_nommee,ONET,SKL_38b65e5186cc
CANS_cb3754ecbd43,Ethereal,,,,hard,langage_ou_techno_nommee,ONET,SKL_e4b55ce71a98
CANS_542aa10c145f,Firewall software,,,,hard,langage_ou_techno_nommee,ONET,SKL_1e0b5e95a514
CANS_26d5d06b6e45,Google Sites,,,,hard,langage_ou_techno_nommee,ONET,SKL_f1a36a641026
CANS_7f3aea176937,Guidance Software EnCase Forensic,,,,hard,langage_ou_techno_nommee,ONET,SKL_c8865154c108
CANS_4cb8503a1cb1,Honeypot,,,,hard,langage_ou_techno_nommee,ONET,SKL_8bf8c8bfb136
CANS_9dadbbdfb382,HP Fortify,,,,hard,langage_ou_techno_nommee,ONET,SKL_adc4c164351a
CANS_3e67a7dd2329,HP WebInspect,,,,hard,langage_ou_techno_nommee,ONET,SKL_f789f6fb97f6
CANS_fed6099d0b35,IBM QRadar SIEM,,,,hard,langage_ou_techno_nommee,ONET,SKL_c016ba622c39
CANS_cfd6c520426a,IBM Tivoli Access Management TAM,,,,hard,langage_ou_techno_nommee,ONET,SKL_55faabba6756
CANS_3dbcde30253e,IBM Tivoli Identity Management TIM,,,,hard,langage_ou_techno_nommee,ONET,SKL_ea282c6e9c3b
CANS_120e180807e8,Imperva SecureSphere,,,,hard,langage_ou_techno_nommee,ONET,SKL_93c79d63d915
CANS_9a1d13366c10,Integrity verification software,,,,hard,langage_ou_techno_nommee,ONET,SKL_a1e5fdf4b4be
CANS_9d2b34af7131,Intrusion detection system IDS,,,,hard,langage_ou_techno_nommee,ONET,SKL_18248b37bae9
CANS_99cff6abe609,Intrusion prevention system IPS,,,,hard,langage_ou_techno_nommee,ONET,SKL_9c21df8cf107
CANS_f8944438c495,IpFilter,,,,hard,langage_ou_techno_nommee,ONET,SKL_196d99c5c782
CANS_a105b4aca81b,IpTables,,,,hard,langage_ou_techno_nommee,ONET,SKL_bc54984ed665
CANS_36f0fd918637,ISS RealSecure,,,,hard,langage_ou_techno_nommee,ONET,SKL_da1b16f61a00
CANS_6f2465b1c8b6,Juniper Networks NetScreen-Security Manager,,,,hard,langage_ou_techno_nommee,ONET,SKL_76fb9a732a6c
CANS_05429ae67675,Keystroke monitoring software,,,,hard,langage_ou_techno_nommee,ONET,SKL_ea98dfb38570
CANS_332a0c59572a,Link encryption software,,,,hard,langage_ou_techno_nommee,ONET,SKL_b0d494e2e8c1
CANS_0aa3593b93b4,McAfee VirusScan,,,,hard,langage_ou_techno_nommee,ONET,SKL_7225c1fe2f6b
CANS_637d1eea769a,Micro Focus OpenView,,,,hard,langage_ou_techno_nommee,ONET,SKL_82c17d216223
CANS_fde94fcd941d,Microsoft Active Directory,,,,hard,langage_ou_techno_nommee,ONET,SKL_a2a47c674564
CANS_52aef8c83c75,Microsoft Hyper-V Server,,,,hard,langage_ou_techno_nommee,ONET,SKL_525028e2cfe1
CANS_dc216cb6b654,MITRE ATT&CK software,,,,hard,langage_ou_techno_nommee,ONET,SKL_e026c0afa5c4
CANS_47bfa138a50f,Network and system vulnerability assessment software,,,,hard,langage_ou_techno_nommee,ONET,SKL_8ed5ab5382e5
CANS_3e77907c61ae,Network directory services software,,,,hard,langage_ou_techno_nommee,ONET,SKL_a455581f73e1
CANS_f0037093dd5e,Network security auditing software,,,,hard,langage_ou_techno_nommee,ONET,SKL_af694796d1ee
CANS_d9c64b68a0d9,"Network, hardware, and software auditing software",,,,hard,langage_ou_techno_nommee,ONET,SKL_dcfaf3e05693
CANS_ce1e9792fb70,Norton AntiVirus,,,,hard,langage_ou_techno_nommee,ONET,SKL_a3c05f9cfa8e
CANS_ca5c09d69446,Oracle Net Manager,,,,hard,langage_ou_techno_nommee,ONET,SKL_a83cd609ce83
CANS_62264675529f,Palo Alto Networks Next-Generation Security Platform,,,,hard,langage_ou_techno_nommee,ONET,SKL_e2f0dda11666
CANS_52a868dfdc2c,Password cracker software,,,,hard,langage_ou_techno_nommee,ONET,SKL_52e095fa60ce
CANS_e9edaef7e051,Password management software,,,,hard,langage_ou_techno_nommee,ONET,SKL_752b1f043d52
CANS_30c14d25c81c,Penetration testing software,,,,hard,langage_ou_techno_nommee,ONET,SKL_fb0be7667cc5
CANS_adf5d2b78579,Ping Identity,,,,hard,langage_ou_techno_nommee,ONET,SKL_4cff0af45dec
CANS_080866863819,Portswigger BurP Suite,,,,hard,langage_ou_techno_nommee,ONET,SKL_96302bfa938b
CANS_a262b45fbfa9,Program checksumming software,,,,hard,langage_ou_techno_nommee,ONET,SKL_0ca3d45c3b6d
CANS_d45d3d4c7543,Qualys Cloud Platform,,,,hard,langage_ou_techno_nommee,ONET,SKL_b8f7ee306d02
CANS_fcca73b59978,Quest BigBrother,,,,hard,langage_ou_techno_nommee,ONET,SKL_698fcaf0fa66
CANS_ea4e386619b2,Rapid7 Nexpose,,,,hard,langage_ou_techno_nommee,ONET,SKL_c88841f1d524
CANS_0e320f2bf3cf,Remote authentication dial-in user service RADIUS software,,,,hard,langage_ou_techno_nommee,ONET,SKL_9ee9affdcf66
CANS_e58b7e6f9897,Root kit detection software,,,,hard,langage_ou_techno_nommee,ONET,SKL_28de4dcbdf6b
CANS_87612aa4715e,Secure internet filtering software,,,,hard,langage_ou_techno_nommee,ONET,SKL_39ed6abfb41b
CANS_ff1f77e99d62,Secure shell SSH software,,,,hard,langage_ou_techno_nommee,ONET,SKL_a56b7bea4ddb
CANS_296ac1341d51,Security incident management software,,,,hard,langage_ou_techno_nommee,ONET,SKL_4aeb41428399
CANS_2fd507381a14,Security risk assessment software,,,,hard,langage_ou_techno_nommee,ONET,SKL_939ca372e74c
CANS_74e0839e73ec,Smart card management software,,,,hard,langage_ou_techno_nommee,ONET,SKL_5ca7201538ee
CANS_55d1e030822f,Sniffer Investigator,,,,hard,langage_ou_techno_nommee,ONET,SKL_86c9b58ee591
CANS_16287e9eb817,Stack smashing protection SSP software,,,,hard,langage_ou_techno_nommee,ONET,SKL_d8d126bb1820
CANS_0264ed64a5ec,Symantec Blue Coat Data Loss Prevention,,,,hard,langage_ou_techno_nommee,ONET,SKL_4ecd12653396
CANS_a1b9699346bd,Symantec Endpoint Protection,,,,hard,langage_ou_techno_nommee,ONET,SKL_a33f382ae3ac
CANS_75b8abe49b59,Tcpdump,,,,hard,langage_ou_techno_nommee,ONET,SKL_585c752dd7ce
CANS_5d0b2502d040,Tenable Nessus,,,,hard,langage_ou_techno_nommee,ONET,SKL_f0ff9c3694de
CANS_c1cfcbafa443,Trend Micro TippingPoint,,,,hard,langage_ou_techno_nommee,ONET,SKL_a3a11395b4e9
CANS_7baa3be1c56a,Websense Data Loss Prevention,,,,hard,langage_ou_techno_nommee,ONET,SKL_f916a8bd3049
CANS_1b155215633f,WinMerge,,,,hard,langage_ou_techno_nommee,ONET,SKL_34e8960b791b
CANS_6ce5a714eb34,3D graphics software,,,,hard,langage_ou_techno_nommee,ONET,SKL_f43476b029e8
CANS_d76d473fd534,Advanced numerical software,,,,hard,langage_ou_techno_nommee,ONET,SKL_be8f503e9732
CANS_bbaabf1b79c2,Algorithmic software,,,,hard,langage_ou_techno_nommee,ONET,SKL_793b76f39aea
CANS_3189974ef4cf,Amazon Web Services AWS SageMaker,,,,hard,langage_ou_techno_nommee,ONET,SKL_f67df49b4785
CANS_17951f59017f,Apache Airflow,,,,hard,langage_ou_techno_nommee,ONET,SKL_46eae86f9dad
CANS_faea3144cd52,Apache Flume,,,,hard,langage_ou_techno_nommee,ONET,SKL_18d7733c1bbf
CANS_45f764c0319c,Augmint,,,,hard,langage_ou_techno_nommee,ONET,SKL_519b1c62844c
CANS_8e942f15c953,Automated document generation software,,,,hard,langage_ou_techno_nommee,ONET,SKL_529a1e8e1d9c
CANS_b7ebaf8b5c07,Bidirectional encoder representations from transformers (BERT),,,,hard,langage_ou_techno_nommee,ONET,SKL_4cdf660e254c
CANS_107c5147b2d9,Business software applications,,,,hard,langage_ou_techno_nommee,ONET,SKL_85a0fb4d5a4b
CANS_3536d7de1eb1,Charm++,,,,hard,langage_ou_techno_nommee,ONET,SKL_ebc08562b4ce
CANS_4476038b2fe4,Chatbot software,,,,hard,langage_ou_techno_nommee,ONET,SKL_f2be8720112c
CANS_be881fe4bc2e,Clustermatic,,,,hard,langage_ou_techno_nommee,ONET,SKL_ca4611342f2d
CANS_4718e259ae8f,CMake,,,,hard,langage_ou_techno_nommee,ONET,SKL_f3a3f48c8693
CANS_d8e33c326c51,Computational statistics software,,,,hard,langage_ou_techno_nommee,ONET,SKL_7a5b256bf704
CANS_89128f2a2115,Data visualization software,,,,hard,langage_ou_techno_nommee,ONET,SKL_77b553ad6431
CANS_ae3abb3a46ca,Doxygen,,,,hard,langage_ou_techno_nommee,ONET,SKL_9902a593c63b
CANS_a5de94e3a090,Extensible stylesheet language transformations XSLT,,,,hard,langage_ou_techno_nommee,ONET,SKL_7077c4747054
CANS_3f1d7c2bf872,GitLab,,,,hard,langage_ou_techno_nommee,ONET,SKL_289fc2b140e4
CANS_0a8c816a8f30,Google Ads,,,,hard,langage_ou_techno_nommee,ONET,SKL_c30109afea45
CANS_4ddecc2f6389,Grafana Labs Grafana Cloud,,,,hard,langage_ou_techno_nommee,ONET,SKL_38965bcf8f84
CANS_82bd6dbd09bb,Graphics pipelines,,,,hard,langage_ou_techno_nommee,ONET,SKL_66c8b4de3ad5
CANS_fa8f1fc48865,Greenhills Ada compilers,,,,hard,langage_ou_techno_nommee,ONET,SKL_66fca9fd8871
CANS_7b3c8c2ec809,High-performance software libraries,,,,hard,langage_ou_techno_nommee,ONET,SKL_2f18a413ce85
CANS_08b809f5d982,Hugging Face,,,,hard,langage_ou_techno_nommee,ONET,SKL_ed5a9b3d49f7
CANS_41c76e2fa932,IBM Rational Apex,,,,hard,langage_ou_techno_nommee,ONET,SKL_f9a892c74a8b
CANS_4cee4c147193,IBM Terraform,,,,hard,langage_ou_techno_nommee,ONET,SKL_2eec15108b98
CANS_df53a62bf2eb,Intel Integrated Performance Primitives,,,,hard,langage_ou_techno_nommee,ONET,SKL_846f0daf1fd8
CANS_44e89d4a28d9,Intel Math Kernel Library,,,,hard,langage_ou_techno_nommee,ONET,SKL_ae65372e76f0
CANS_7cffd8131da6,Jenkins CI,,,,hard,langage_ou_techno_nommee,ONET,SKL_0ed74f44c582
CANS_6a345d35bd3d,Kubernetes,,,,hard,langage_ou_techno_nommee,ONET,SKL_99b301553401
CANS_60bdfa2b4ffe,LangChain,,,,hard,langage_ou_techno_nommee,ONET,SKL_72e607733e3f
CANS_918ea7b56bbb,List processing language LISP,,,,hard,langage_ou_techno_nommee,ONET,SKL_aefe98f842ef
CANS_b70d85a592ce,Low-level virtual machine LLVM compilers,,,,hard,langage_ou_techno_nommee,ONET,SKL_677a9261be08
CANS_40883fc1f742,Mathematical software,,,,hard,langage_ou_techno_nommee,ONET,SKL_530ee4d6ad21
CANS_b4c6ba9ae760,Microsoft Visual Studio.NET,,,,hard,langage_ou_techno_nommee,ONET,SKL_2da294b49df7
CANS_c195eb5f6074,Microsoft Windows XP,,,,hard,langage_ou_techno_nommee,ONET,SKL_7ddcfaa1ba65
CANS_9c451b36cc7f,Multisensory data representation software,,,,hard,langage_ou_techno_nommee,ONET,SKL_b49db333a50d
CANS_36bccb1ad38e,Object oriented development environment software,,,,hard,langage_ou_techno_nommee,ONET,SKL_6b5351526bce
CANS_f36f37158ae3,Open Graphics Library OpenGL,,,,hard,langage_ou_techno_nommee,ONET,SKL_efd4265502f0
CANS_ded72f78439e,Optimization software,,,,hard,langage_ou_techno_nommee,ONET,SKL_f400a224a05f
CANS_46cd7e7cdffc,pandas,,,,hard,langage_ou_techno_nommee,ONET,SKL_cbf13f5af024
CANS_e0e101ba6d00,Parallel systems software,,,,hard,langage_ou_techno_nommee,ONET,SKL_750f36903fb0
CANS_9fcd7a02ccc7,Perforce Software Configuration Management System,,,,hard,langage_ou_techno_nommee,ONET,SKL_ad190627c36d
CANS_dba765249a9c,Plug-in file software,,,,hard,langage_ou_techno_nommee,ONET,SKL_31939ec98017
CANS_83671395c06c,Polaris parallelizing compilers,,,,hard,langage_ou_techno_nommee,ONET,SKL_0e0ac2244f81
CANS_168d2f7e85cf,Polhemus Fasttrack System,,,,hard,langage_ou_techno_nommee,ONET,SKL_427bb7270a16
CANS_563b7d49a6b4,Prometheus,,,,hard,langage_ou_techno_nommee,ONET,SKL_c7830e24b9d6
CANS_6ed770291fc5,PTC Creo Parametric,,,,hard,langage_ou_techno_nommee,ONET,SKL_5aed07e5423c
CANS_8f8756df2b47,PyTorch,,,,hard,langage_ou_techno_nommee,ONET,SKL_18541275428e
CANS_3926e16c2d4c,Redis,,,,hard,langage_ou_techno_nommee,ONET,SKL_d395252a6752
CANS_5e2ff1aaba5a,Relational database management system software,,,,hard,langage_ou_techno_nommee,ONET,SKL_b5b0756a9ddb
CANS_b01d285d66d0,Rice Simulator for ILP Multiprocessors RSIM,,,,hard,langage_ou_techno_nommee,ONET,SKL_301c4a37c8ca
CANS_2bcb44a5aa6e,Scikit-learn,,,,hard,langage_ou_techno_nommee,ONET,SKL_a2bc560a6883
CANS_fc38180c0ad7,Simulation software,,,,hard,langage_ou_techno_nommee,ONET,SKL_6b3f4e5d5244
CANS_2d52be6725d3,Snowflake,,,,hard,langage_ou_techno_nommee,ONET,SKL_3ec131d3bbed
CANS_19bb3dd08738,Software libraries,,,,hard,langage_ou_techno_nommee,ONET,SKL_c1e43433f1df
CANS_564750fd1d6e,Source code management SCM software,,,,hard,langage_ou_techno_nommee,ONET,SKL_bf1dde450280
CANS_9ee12e3814b6,TensorFlow,,,,hard,langage_ou_techno_nommee,ONET,SKL_f80bd3cfcb8b
CANS_33859b1f9493,Vector database software,,,,hard,langage_ou_techno_nommee,ONET,SKL_327d539fcca4
CANS_d53d12f5ce9f,Video editing software,,,,hard,langage_ou_techno_nommee,ONET,SKL_d2a7dc9bf0da
CANS_3697c80215af,VME PowerPC VxWorks,,,,hard,langage_ou_techno_nommee,ONET,SKL_8b5a1aa61046
CANS_d249fa667c98,Waikato Environment for Knowledge Analysis Weka,,,,hard,langage_ou_techno_nommee,ONET,SKL_c6d50ca5bc8d
CANS_c15f6fe0f3c2,Antivirus software,,,,hard,langage_ou_techno_nommee,ONET,SKL_f90aa5e85bae
CANS_0b47ccac2ce4,Arping,,,,hard,langage_ou_techno_nommee,ONET,SKL_6ba8bf7a671f
CANS_f1057cf12388,B&W Port Scanner,,,,hard,langage_ou_techno_nommee,ONET,SKL_ec043c01e722
CANS_bfb48b56e11b,Bentley Systems ProjectWise,,,,hard,langage_ou_techno_nommee,ONET,SKL_674f94806c82
CANS_61c4ed23c68b,BitWizard B.V. mtr,,,,hard,langage_ou_techno_nommee,ONET,SKL_a9c7b6ab577c
CANS_1820b70b7748,BlackBerry Enterprise Server,,,,hard,langage_ou_techno_nommee,ONET,SKL_c8b96fa0f877
CANS_cfa3d7783045,BMC Software Control-M,,,,hard,langage_ou_techno_nommee,ONET,SKL_f188cf841e31
CANS_c0c677a41fdf,BMC Software Remedy IT Service Management Suite,,,,hard,langage_ou_techno_nommee,ONET,SKL_8a69915c3660
CANS_483bc6b45a0b,Cisco Systems Cisco NetFlow Collection Engine,,,,hard,langage_ou_techno_nommee,ONET,SKL_49804861e829
CANS_a9087653c9bc,Cisco Systems Cisco Traffic Analyzer,,,,hard,langage_ou_techno_nommee,ONET,SKL_59dc44138dd7
CANS_3083c7143ceb,Cisco Systems CiscoWorks LAN Management Solution,,,,hard,langage_ou_techno_nommee,ONET,SKL_fe1f8612d244
CANS_01e64bc1c95e,Clarified Networks Clarified Analyzer,,,,hard,langage_ou_techno_nommee,ONET,SKL_f1c61b0bb38a
CANS_b84bad9253f8,Colasoft Capsa Enterprise,,,,hard,langage_ou_techno_nommee,ONET,SKL_944c545caa92
CANS_6233e161b8c0,Colasoft Capsa Free,,,,hard,langage_ou_techno_nommee,ONET,SKL_82c1a51788f9
CANS_920e72e396ee,Compuware ClientVantage Agentless Monitoring,,,,hard,langage_ou_techno_nommee,ONET,SKL_1ce05bb5b295
CANS_d21be82f2ecb,Congruity Technologies Inspector,,,,hard,langage_ou_techno_nommee,ONET,SKL_9ab1682ae522
CANS_f440d32bd3cc,Connectivity software,,,,hard,langage_ou_techno_nommee,ONET,SKL_5d378c4ed96f
CANS_51deccee8fe1,Dartware InterMapper,,,,hard,langage_ou_techno_nommee,ONET,SKL_43cb4e99989e
CANS_2f3ab85f9480,Database management software,,,,hard,langage_ou_techno_nommee,ONET,SKL_572823168453
CANS_d8c783b944bb,Dig,,,,hard,langage_ou_techno_nommee,ONET,SKL_38a561151eba
CANS_2af69241d5f7,EMC Ionix Network Configuration Manager,,,,hard,langage_ou_techno_nommee,ONET,SKL_e5d8379529ed
CANS_cd650cfdfcc7,EMC NetWorker,,,,hard,langage_ou_techno_nommee,ONET,SKL_e826f41ee4db
CANS_f0aedfad6942,EMC Symmetrix DMX,,,,hard,langage_ou_techno_nommee,ONET,SKL_608d446b33a6
CANS_e086ac043391,Encryption software,,,,hard,langage_ou_techno_nommee,ONET,SKL_a7fe2ff99cce
CANS_257948948a85,Ettercap NG,,,,hard,langage_ou_techno_nommee,ONET,SKL_e568b5512875
CANS_91d13ad30cf4,File server software,,,,hard,langage_ou_techno_nommee,ONET,SKL_49449fba3bbe
CANS_af369117c025,Fluke Networks Enterprise LANMeter,,,,hard,langage_ou_techno_nommee,ONET,SKL_ccc62af21dea
CANS_14ef25d1c83f,Hewlett-Packard HP Network Node Manager,,,,hard,langage_ou_techno_nommee,ONET,SKL_c368bfa17a30
CANS_790e23bce2b9,IBM AIX,,,,hard,langage_ou_techno_nommee,ONET,SKL_67639341175f
CANS_c270b8c87644,IBM Security Network Intrusion Prevention System,,,,hard,langage_ou_techno_nommee,ONET,SKL_30d11b15443f
CANS_3e7503424a7c,IBM Tivoli NetView Distribution Manager,,,,hard,langage_ou_techno_nommee,ONET,SKL_645d5a1f2031
CANS_4e7d8d5903a7,ifconfig,,,,hard,langage_ou_techno_nommee,ONET,SKL_31cf5ec34622
CANS_4dbc4edd8430,ipconfig,,,,hard,langage_ou_techno_nommee,ONET,SKL_ef52f5750fcf
CANS_3b0ff1c1f1d5,LogMatrix NerveCenter,,,,hard,langage_ou_techno_nommee,ONET,SKL_12bce55ee2b1
CANS_073843d07d36,Microsoft Network Monitor,,,,hard,langage_ou_techno_nommee,ONET,SKL_d6bf88601b15
CANS_bdd6c7edaca8,Microsoft Windows PowerShell,,,,hard,langage_ou_techno_nommee,ONET,SKL_bab796767b98
CANS_a193e1b3af9d,Microsoft Windows Sysprep,,,,hard,langage_ou_techno_nommee,ONET,SKL_871de6f7705a
CANS_c4ddab121946,nbtstat,,,,hard,langage_ou_techno_nommee,ONET,SKL_436d852fecd8
CANS_81e97025e2df,NetScout Sniffer Global Analyzer,,,,hard,langage_ou_techno_nommee,ONET,SKL_2c44b7b30c86
CANS_e92abe326d51,NetScout Sniffer Portable Professional Analyzer,,,,hard,langage_ou_techno_nommee,ONET,SKL_dccc1cda85e6
CANS_645ce3d9919e,netstat,,,,hard,langage_ou_techno_nommee,ONET,SKL_83e650a0d89c
CANS_942d3d99d4bf,Network design software,,,,hard,langage_ou_techno_nommee,ONET,SKL_61edbf50a3df
CANS_710b833aa81e,Network Instruments Observer Standard,,,,hard,langage_ou_techno_nommee,ONET,SKL_18cb74d499c4
CANS_bd78a8fc4dcb,Network intrusion detection software,,,,hard,langage_ou_techno_nommee,ONET,SKL_a928595547bb
CANS_7755bd8c9596,ngrep,,,,hard,langage_ou_techno_nommee,ONET,SKL_435f0114e323
CANS_a7eb93859db0,NIKSUN NetDetector,,,,hard,langage_ou_techno_nommee,ONET,SKL_e9397084115a
CANS_e94ae3843911,NovaStor NovaBACKUP,,,,hard,langage_ou_techno_nommee,ONET,SKL_b75d7f395b95
CANS_e89f73b1af5a,Novell eDirectory,,,,hard,langage_ou_techno_nommee,ONET,SKL_47b220eb93a3
CANS_05c93f6eadb9,Nslookup,,,,hard,langage_ou_techno_nommee,ONET,SKL_247e3cc321fc
CANS_ac8e827c729e,OPNET SP Sentinel,,,,hard,langage_ou_techno_nommee,ONET,SKL_0365e01c881a
CANS_34ecc46da33c,Packet analyzers,,,,hard,langage_ou_techno_nommee,ONET,SKL_5fe340c2047c
CANS_44845cd01598,Packet filter software,,,,hard,langage_ou_techno_nommee,ONET,SKL_ab004ddf5a57
CANS_8206c7967157,Port scanners,,,,hard,langage_ou_techno_nommee,ONET,SKL_e79fe84ba7a6
CANS_c40a93c12394,Project planning software,,,,hard,langage_ou_techno_nommee,ONET,SKL_fc73fef6cf9e
CANS_4797884cf437,Route,,,,hard,langage_ou_techno_nommee,ONET,SKL_5851cd2ab668
CANS_e0bdde2205d2,Roxio Retrospect,,,,hard,langage_ou_techno_nommee,ONET,SKL_75c56101cbe0
CANS_d1c98ee28ef6,SolarWinds,,,,hard,langage_ou_techno_nommee,ONET,SKL_dcb84f577070
CANS_920a8617d060,Sonicwall SonicOS Enhanced,,,,hard,langage_ou_techno_nommee,ONET,SKL_b8805c5ec33c
CANS_899cabd32fa8,Storage area network SAN software,,,,hard,langage_ou_techno_nommee,ONET,SKL_3635b128a267
CANS_d2efbf3ba23e,Symantec Veritas NetBackup,,,,hard,langage_ou_techno_nommee,ONET,SKL_8c8299fde7fe
CANS_ae9a2776da58,Tape backup system software,,,,hard,langage_ou_techno_nommee,ONET,SKL_59136cc3eba1
CANS_537310d09c79,Traceroute,,,,hard,langage_ou_techno_nommee,ONET,SKL_fe9b55d26c66
CANS_89f6aeb75541,Traffic shapers,,,,hard,langage_ou_techno_nommee,ONET,SKL_9587a7827a8f
CANS_2223233444ef,WildPackets OmniPeek Network Analyzer,,,,hard,langage_ou_techno_nommee,ONET,SKL_962bd1343543
CANS_3cd33ae5a5ac,Zabbix,,,,hard,langage_ou_techno_nommee,ONET,SKL_1b71e525c9c7
CANS_0a0504e5fae4,Adobe Creative Cloud software,,,,hard,langage_ou_techno_nommee,ONET,SKL_bc7048666896
CANS_91a4dee23d37,Adobe Distiller,,,,hard,langage_ou_techno_nommee,ONET,SKL_65e4edff1665
CANS_53ea67b51a4c,Adobe InDesign,,,,hard,langage_ou_techno_nommee,ONET,SKL_7951ca92659f
CANS_bf763891f725,Apple Final Cut Pro,,,,hard,langage_ou_techno_nommee,ONET,SKL_a32e0f546f18
CANS_f1149014597b,Apple iOS,,,,hard,langage_ou_techno_nommee,ONET,SKL_8282d5d17370
CANS_cb9c0b397005,Autodesk AutoCAD,,,,hard,langage_ou_techno_nommee,ONET,SKL_b89c485b56a8
CANS_e520bff322d3,Autodesk Revit,,,,hard,langage_ou_techno_nommee,ONET,SKL_0ac13165d438
CANS_4572c19aceaf,Bentley MicroStation,,,,hard,langage_ou_techno_nommee,ONET,SKL_05c876a661f2
CANS_4911981fc65b,Call center software,,,,hard,langage_ou_techno_nommee,ONET,SKL_37db6497039f
CANS_e05548bcd8d8,Cisco IOS,,,,hard,langage_ou_techno_nommee,ONET,SKL_c570d70ab26d
CANS_9da83c947b0d,Dassault Systemes SolidWorks,,,,hard,langage_ou_techno_nommee,ONET,SKL_80417a9c8ea1
CANS_ed92f0c3fd1c,Data entry software,,,,hard,langage_ou_techno_nommee,ONET,SKL_c75717c399a0
CANS_e5a4f988d2f1,Deployment software,,,,hard,langage_ou_techno_nommee,ONET,SKL_b48d14fc3ab2
CANS_38f305f6bf00,Desktop partitioning software,,,,hard,langage_ou_techno_nommee,ONET,SKL_84ab6a354d7b
CANS_8b4959ea7c8d,Disaster recovery software,,,,hard,langage_ou_techno_nommee,ONET,SKL_ecef8434f933
CANS_0641a37c210b,Dropbox,,,,hard,langage_ou_techno_nommee,ONET,SKL_fd1ae7f87bf2
CANS_4b41c4e747b3,Event log monitor software,,,,hard,langage_ou_techno_nommee,ONET,SKL_da051de1b01c
CANS_0aa83ea989f8,Facebook,,,,hard,langage_ou_techno_nommee,ONET,SKL_ab9915d0c4c3
CANS_0284cdf7c738,Flipgrid,,,,hard,langage_ou_techno_nommee,ONET,SKL_4eea419d4a8c
CANS_008070b62d40,Google Android,,,,hard,langage_ou_techno_nommee,ONET,SKL_91326f39d504
CANS_c8cea8066cbb,Google Classroom,,,,hard,langage_ou_techno_nommee,ONET,SKL_d897f1d97feb
CANS_e3eb27bb1b39,Google Drive,,,,hard,langage_ou_techno_nommee,ONET,SKL_b486c013102e
CANS_5d0d535f65e5,Google Meet,,,,hard,langage_ou_techno_nommee,ONET,SKL_c2b66d72140a
CANS_fa1ae07c7a0a,Information systems integration software,,,,hard,langage_ou_techno_nommee,ONET,SKL_9c33665234cc
CANS_ab704d8b3fad,iPro,,,,hard,langage_ou_techno_nommee,ONET,SKL_e20e89715aa4
CANS_a0dcb08f0e2d,LogMeIn GoToMeeting,,,,hard,langage_ou_techno_nommee,ONET,SKL_12775b088ed0
CANS_507c78a80c4f,LogMeIn GoToWebinar,,,,hard,langage_ou_techno_nommee,ONET,SKL_334dd70cf3dd
CANS_3593c2904145,Lucid IQ CMP,,,,hard,langage_ou_techno_nommee,ONET,SKL_a21254f7fc43
CANS_a8dc02d31651,Mac HelpMate,,,,hard,langage_ou_techno_nommee,ONET,SKL_0e6b1a9e9066
CANS_e4b55e800ba2,Media storage management software,,,,hard,langage_ou_techno_nommee,ONET,SKL_7a2c3d17691d
CANS_f4f54c8dad6a,Microsoft OneNote,,,,hard,langage_ou_techno_nommee,ONET,SKL_4df4f4c884d2
CANS_7ec9ba25bf8c,Microsoft Volume Shadow Copy Service,,,,hard,langage_ou_techno_nommee,ONET,SKL_0c3b805c183f
CANS_718553b2ece5,Microsoft Windows Pre-installation Environment,,,,hard,langage_ou_techno_nommee,ONET,SKL_667f674aca2d
CANS_f4d0dd8f217e,Migration software,,,,hard,langage_ou_techno_nommee,ONET,SKL_166ee62a28cd
CANS_bb0934a425b6,Moodle,,,,hard,langage_ou_techno_nommee,ONET,SKL_75202d1c01ec
CANS_778b2ffdbdf4,Nearpod,,,,hard,langage_ou_techno_nommee,ONET,SKL_35b9a218df19
CANS_6050789d1b8c,Operating system monitoring software,,,,hard,langage_ou_techno_nommee,ONET,SKL_21fa507daddd
CANS_a4ee64855ff2,ParentSquare,,,,hard,langage_ou_techno_nommee,ONET,SKL_28bec63fe2cb
CANS_dc62693d4518,Patch management software,,,,hard,langage_ou_techno_nommee,ONET,SKL_e0154cd9e8ef
CANS_7b078f5ab0d5,Poll Everywhere,,,,hard,langage_ou_techno_nommee,ONET,SKL_8e04f3411056
CANS_62710124e1a7,Remote install server software,,,,hard,langage_ou_techno_nommee,ONET,SKL_52ad4ef81658
CANS_c7c93afea90f,Sage 50 Accounting,,,,hard,langage_ou_techno_nommee,ONET,SKL_ea379e3cd52b
CANS_2eaf82cd89d1,Schoology,,,,hard,langage_ou_techno_nommee,ONET,SKL_a323ef34aef9
CANS_03dc094c861c,Seesaw,,,,hard,langage_ou_techno_nommee,ONET,SKL_e3fed14e59b7
CANS_a0f182a58ce0,SmugMug Flickr,,,,hard,langage_ou_techno_nommee,ONET,SKL_f2c1dc21da0e
CANS_721d3903536b,Symantec LiveState,,,,hard,langage_ou_techno_nommee,ONET,SKL_7c17a2c7db0b
CANS_d56a6343c7ec,Symantec Norton Utilities,,,,hard,langage_ou_techno_nommee,ONET,SKL_939fb18a4a97
CANS_a033505e6b22,Trimble SketchUp Pro,,,,hard,langage_ou_techno_nommee,ONET,SKL_2a3f21da302f
CANS_912f450a217f,Yardi software,,,,hard,langage_ou_techno_nommee,ONET,SKL_0b06e5946053
CANS_0c800c148cb1,Zoom,,,,hard,langage_ou_techno_nommee,ONET,SKL_e2e5c39f7d0a
CANS_6a0f76dcd95c,Adobe After Effects,,,,hard,langage_ou_techno_nommee,ONET,SKL_a70584c6d421
CANS_ef06123835b6,AirMagnet Enterprise,,,,hard,langage_ou_techno_nommee,ONET,SKL_d243783ebf38
CANS_761e1a73c200,Aruba Networks AirWave,,,,hard,langage_ou_techno_nommee,ONET,SKL_c35e1392b5e5
CANS_97f9d1874fb0,Asset management administration software,,,,hard,langage_ou_techno_nommee,ONET,SKL_6f6d81db4378
CANS_5fbe2f24c8ca,BroadSoft BroadWorks,,,,hard,langage_ou_techno_nommee,ONET,SKL_db0afa11ac3e
CANS_60ee9a3f98f6,CA eTrust,,,,hard,langage_ou_techno_nommee,ONET,SKL_020a2e4f888b
CANS_95df8e029350,Capacity planning software,,,,hard,langage_ou_techno_nommee,ONET,SKL_111b6bac8d61
CANS_6129429930c6,Cisco Systems Cisco Web Cache Communication Protocol WCCP,,,,hard,langage_ou_techno_nommee,ONET,SKL_1606d276850e
CANS_a5894114fe79,Cisco Systems Gateway Load Balancing Protocol GLBP,,,,hard,langage_ou_techno_nommee,ONET,SKL_5e74ec657c56
CANS_56025eec5d13,Cisco Systems Hot Standby Router Protocol HSRP,,,,hard,langage_ou_techno_nommee,ONET,SKL_ec2dd79c71c9
CANS_fd78deebf80f,Cisco Systems Wireless Control System WCS,,,,hard,langage_ou_techno_nommee,ONET,SKL_aa17a0ceb5b8
CANS_4a074b8dd2a9,Citrix XenApp,,,,hard,langage_ou_techno_nommee,ONET,SKL_52ced21f6e81
CANS_a030f32257cb,Compaq Insight Manager,,,,hard,langage_ou_techno_nommee,ONET,SKL_3cbf48d963c2
CANS_e1a41bc3faef,Computer Associates ArcServ Backup,,,,hard,langage_ou_techno_nommee,ONET,SKL_2a35fbd2e899
CANS_4ff94919bc1f,Computer intrusion detection systems,,,,hard,langage_ou_techno_nommee,ONET,SKL_019bc91e342a
CANS_07dd95712319,Content filter software,,,,hard,langage_ou_techno_nommee,ONET,SKL_906de2b7afa0
CANS_2fb1a03a7b1e,Discrete event simulation software,,,,hard,langage_ou_techno_nommee,ONET,SKL_1992e2a9b99e
CANS_528a1633f05a,Dynatrace,,,,hard,langage_ou_techno_nommee,ONET,SKL_881084a1f7cd
CANS_92bc93bcf9ad,Email management software,,,,hard,langage_ou_techno_nommee,ONET,SKL_b2e1402574a7
CANS_136f811a4ed3,EMC Smarts Network Protocol Manager,,,,hard,langage_ou_techno_nommee,ONET,SKL_16ce136590d8
CANS_e97d732ef3b8,Enhanced Interior Gateway Routing Protocol EIGRP,,,,hard,langage_ou_techno_nommee,ONET,SKL_8e9ca7c22b9f
CANS_6157135077ee,IBM WebSphere MQ,,,,hard,langage_ou_techno_nommee,ONET,SKL_092cd5c36b1c
CANS_58aca9a47ab8,Infoblox NetMRI,,,,hard,langage_ou_techno_nommee,ONET,SKL_40b1ef12cba4
CANS_d3c5cadb9d4d,Infoblox security and networking software,,,,hard,langage_ou_techno_nommee,ONET,SKL_0a50921cc898
CANS_624cdcdc6755,Intermediate System to Intermediate System IS-IS,,,,hard,langage_ou_techno_nommee,ONET,SKL_44b2b9db8aa2
CANS_a37dd79ebd52,Internet Protocol Security IPSEC,,,,hard,langage_ou_techno_nommee,ONET,SKL_9114e1f2d6f2
CANS_68c30d95bdfc,Ipswitch WhatsUp Gold,,,,hard,langage_ou_techno_nommee,ONET,SKL_d82a85af77a1
CANS_19cf647e0de3,Local area network LAN software,,,,hard,langage_ou_techno_nommee,ONET,SKL_5f3775b9ca19
CANS_cc98d8cc2228,Logical partition LPAR software,,,,hard,langage_ou_techno_nommee,ONET,SKL_30e42f2657e7
CANS_0bd7bab926dd,LogRhythm,,,,hard,langage_ou_techno_nommee,ONET,SKL_f78391401b7c
CANS_ac6a6bca7438,Lucent VitalSuite,,,,hard,langage_ou_techno_nommee,ONET,SKL_5f78e15a8b08
CANS_c34b558357e4,Microsoft Forefront Identify Manager,,,,hard,langage_ou_techno_nommee,ONET,SKL_3549ec8905d5
CANS_f3d8300dd316,Microsoft Forefront Threat Management Gateway,,,,hard,langage_ou_techno_nommee,ONET,SKL_1f160af0b638
CANS_8df9bd1ea8cb,Multi-router traffic grapher MRTG software,,,,hard,langage_ou_techno_nommee,ONET,SKL_9b99e33e6339
CANS_5ba01694ead6,Multiprotocol Label Switching MPLS,,,,hard,langage_ou_techno_nommee,ONET,SKL_ed8f8a39f85d
CANS_31b495697bc7,NetIQ,,,,hard,langage_ou_techno_nommee,ONET,SKL_2df140493913
CANS_76b525ebebe3,Netreo OmniCenter,,,,hard,langage_ou_techno_nommee,ONET,SKL_86bd0ba5a9de
CANS_f6e6647fa1b9,NetScout InfinitiStream Console,,,,hard,langage_ou_techno_nommee,ONET,SKL_b981a1316b00
CANS_f7bf9177d4a1,Network and application load and performance testing software,,,,hard,langage_ou_techno_nommee,ONET,SKL_6447981dd634
CANS_c4dfbd0ead8f,Network and component performance analysis software,,,,hard,langage_ou_techno_nommee,ONET,SKL_68611d700232
CANS_a8db642765dc,Network architecture design software,,,,hard,langage_ou_techno_nommee,ONET,SKL_ac59520e733b
CANS_996965c85060,Network availability monitoring software,,,,hard,langage_ou_techno_nommee,ONET,SKL_bca47a000bdd
CANS_c2de31b2a62a,Network bridge software,,,,hard,langage_ou_techno_nommee,ONET,SKL_67732550cec2
CANS_cbaa5f027303,Network documentation software,,,,hard,langage_ou_techno_nommee,ONET,SKL_fbaed2c5fb76
CANS_975dee8c570a,"Network modeling, mapping, and analysis software",,,,hard,langage_ou_techno_nommee,ONET,SKL_82444946543a
CANS_0d6d39d8096c,Network reporting software,,,,hard,langage_ou_techno_nommee,ONET,SKL_9daa6d3a9e04
CANS_3d1137f547f0,Network storage software,,,,hard,langage_ou_techno_nommee,ONET,SKL_e6a6977d7840
CANS_391b457237ee,Network traffic flow monitoring and analysis software,,,,hard,langage_ou_techno_nommee,ONET,SKL_d27cdf8061cf
CANS_08cf2f4fd43b,Network traffic probe software,,,,hard,langage_ou_techno_nommee,ONET,SKL_e68d528747e6
CANS_569e7db38705,"Network, server and operating system optimization software",,,,hard,langage_ou_techno_nommee,ONET,SKL_47db4735ee5a
CANS_eacf26e5bba4,Online traffic calculator software,,,,hard,langage_ou_techno_nommee,ONET,SKL_f00857a8968b
CANS_9d9d53cb2744,Open Shortest Path First OSPF,,,,hard,langage_ou_techno_nommee,ONET,SKL_08d3b40b8735
CANS_75201cabbf10,OPNET APMXpert,,,,hard,langage_ou_techno_nommee,ONET,SKL_95031e2bb125
CANS_a5cb271f2d16,Oracle Java Enterprise Edition EE,,,,hard,langage_ou_techno_nommee,ONET,SKL_c1d15107e0bf
CANS_60a13f017463,Packet analysis software,,,,hard,langage_ou_techno_nommee,ONET,SKL_a5b811691808
CANS_69cc4bd2f9cd,Packet tracing software,,,,hard,langage_ou_techno_nommee,ONET,SKL_8461c02b0413
CANS_d48a9b669b51,Remote access software,,,,hard,langage_ou_techno_nommee,ONET,SKL_f2f65b88db73
CANS_d6b281c27602,Risk assessment software,,,,hard,langage_ou_techno_nommee,ONET,SKL_2d7c7bc48296
CANS_a9f5478c7329,Riverbed Technology,,,,hard,langage_ou_techno_nommee,ONET,SKL_5e0b9ab8a838
CANS_33e3d3fc483d,Root cause analysis software,,,,hard,langage_ou_techno_nommee,ONET,SKL_b86253662e33
CANS_bd9e3ea19509,Segue SilkPerformer,,,,hard,langage_ou_techno_nommee,ONET,SKL_06c67c7507da
CANS_1abbaa3634f8,Session Initiation Protocol SIP,,,,hard,langage_ou_techno_nommee,ONET,SKL_a154cde8004d
CANS_8a8c21d0055b,Silver Peak,,,,hard,langage_ou_techno_nommee,ONET,SKL_af88fe0b41b1
CANS_f2d6d1e62cb6,Simple mail transfer protocol SMTP,,,,hard,langage_ou_techno_nommee,ONET,SKL_8b218902c062
CANS_52fde0d81b4a,Simple network management protocol SNMP software,,,,hard,langage_ou_techno_nommee,ONET,SKL_e52d5aac97dd
CANS_789d7c8d628c,Storage management software,,,,hard,langage_ou_techno_nommee,ONET,SKL_0f792080be5b
CANS_f9408eb652cd,Symantec Intruder Alert,,,,hard,langage_ou_techno_nommee,ONET,SKL_ed319dbf1e4f
CANS_e2ab178168a4,Systems and applications migration software,,,,hard,langage_ou_techno_nommee,ONET,SKL_65457547962a
CANS_7b86908cf057,Ticket information tracking software,,,,hard,langage_ou_techno_nommee,ONET,SKL_e06dcc6b6da2
CANS_e04a45094e09,Time reporting software,,,,hard,langage_ou_techno_nommee,ONET,SKL_04a397825d21
CANS_b7e5cd67aba0,Transparent Interconnection of Lots of Links TRILL,,,,hard,langage_ou_techno_nommee,ONET,SKL_5ef9e0ef8088
CANS_3045fe01192a,Videoconferencing software,,,,hard,langage_ou_techno_nommee,ONET,SKL_cc4513373961
CANS_582ac4a43701,Virtual local area network management software,,,,hard,langage_ou_techno_nommee,ONET,SKL_4359f45f5e04
CANS_ad18a93013bd,Virtual Router Redundancy Protocol VRRP,,,,hard,langage_ou_techno_nommee,ONET,SKL_57d40fcefbe5
CANS_d0b4ff405a9d,Wide area network WAN optimization software,,,,hard,langage_ou_techno_nommee,ONET,SKL_fe741ed79ac1
CANS_ed5bed4f5997,Wide area network WAN software,,,,hard,langage_ou_techno_nommee,ONET,SKL_717a78817239
CANS_75181585995c,2AB iLock Security Services,,,,hard,langage_ou_techno_nommee,ONET,SKL_e92c314fb7e5
CANS_5ef1c3e96b12,Autodesk Navisworks,,,,hard,langage_ou_techno_nommee,ONET,SKL_7e77803f3b75
CANS_62d66c43d1e2,Avaya Identity Engines,,,,hard,langage_ou_techno_nommee,ONET,SKL_804f1a4e670a
CANS_161cac0c08da,Call accounting software,,,,hard,langage_ou_techno_nommee,ONET,SKL_f0b339e37bd6
CANS_a1b74072c9dd,IBM Lotus 1-2-3,,,,hard,langage_ou_techno_nommee,ONET,SKL_c99b06b148ee
CANS_ee2ee2d0d292,IBM Rational Requirements Composer,,,,hard,langage_ou_techno_nommee,ONET,SKL_c2102913e6ce
CANS_e8b3c19dfae3,NavisWorks Jetstream,,,,hard,langage_ou_techno_nommee,ONET,SKL_f73c189edcaa
CANS_a4696fc02def,Network management software,,,,hard,langage_ou_techno_nommee,ONET,SKL_53e4d27c4415
CANS_41786bc5c6de,Project scheduling software,,,,hard,langage_ou_techno_nommee,ONET,SKL_ab68a5760328
CANS_544b73926f4b,Requirements analysis software,,,,hard,langage_ou_techno_nommee,ONET,SKL_53c9c8de4a33
CANS_30b08423b481,SiteMaster SiteSmart,,,,hard,langage_ou_techno_nommee,ONET,SKL_eac62a47ee96
CANS_9ce77a7520fb,Web design software,,,,hard,langage_ou_techno_nommee,ONET,SKL_9eba2530a34f
CANS_6aad01069fa4,Zmanda Amanda,,,,hard,langage_ou_techno_nommee,ONET,SKL_fe9ab50db84e
CANS_0219c9b3820a,Ab Initio,,,,hard,langage_ou_techno_nommee,ONET,SKL_da43c9c05940
CANS_4f9dd4898bef,Acronis Recovery Expert,,,,hard,langage_ou_techno_nommee,ONET,SKL_3b820fcd45ed
CANS_ae14a22ec1dd,ADO.NET,,,,hard,langage_ou_techno_nommee,ONET,SKL_5176973fbe06
CANS_d0d105ea575d,Amazon Data Pipeline,,,,hard,langage_ou_techno_nommee,ONET,SKL_d212ba3410c7
CANS_177cf8d92576,Apache Mahout,,,,hard,langage_ou_techno_nommee,ONET,SKL_67a17432bbdf
CANS_7b7f111fbd2e,Apache Sqoop,,,,hard,langage_ou_techno_nommee,ONET,SKL_2c4dbad5b96f
CANS_8bc52bbbbe9d,ASG Technologies ASG-Zeke,,,,hard,langage_ou_techno_nommee,ONET,SKL_43147d25a08c
CANS_72081a520904,BMC Software Change Manager,,,,hard,langage_ou_techno_nommee,ONET,SKL_8d9c8bdd51af
CANS_536a3778691b,BMC Software Recovery Manager RMAN,,,,hard,langage_ou_techno_nommee,ONET,SKL_532fb329c353
CANS_92bdf33f151d,CA Easytrieve Report Generator,,,,hard,langage_ou_techno_nommee,ONET,SKL_65435e088394
CANS_d9bd0082fc07,CA IDMS,,,,hard,langage_ou_techno_nommee,ONET,SKL_ee08a2275cdb
CANS_cb376d682345,Catalog navigation software,,,,hard,langage_ou_techno_nommee,ONET,SKL_e310bb387d7e
CANS_f04748ea625d,Cluster server software,,,,hard,langage_ou_techno_nommee,ONET,SKL_3c97fbfa62ca
CANS_58d81d97bfa8,Computer Associates Log Analyzer,,,,hard,langage_ou_techno_nommee,ONET,SKL_645470220909
CANS_24ba19e169f5,Concurrency control software,,,,hard,langage_ou_techno_nommee,ONET,SKL_1d7f1f1dfd76
CANS_6056d23a17ff,Couchbase Server,,,,hard,langage_ou_techno_nommee,ONET,SKL_cd0e26783f57
CANS_24faa0fa4089,Data definition language DDL,,,,hard,langage_ou_techno_nommee,ONET,SKL_c05b9b8f3e7e
CANS_99d2630f385b,Data dictionary software,,,,hard,langage_ou_techno_nommee,ONET,SKL_96bd569928ed
CANS_acf3cbefde95,Data manipulation language DML,,,,hard,langage_ou_techno_nommee,ONET,SKL_9d65792cb203
CANS_70c2c4b832d6,Data mapping software,,,,hard,langage_ou_techno_nommee,ONET,SKL_aa512415499f
CANS_a92d8f770e58,Data modeling software,,,,hard,langage_ou_techno_nommee,ONET,SKL_74156b675774
CANS_44c6cd10bdaa,Data transformation services DTS software,,,,hard,langage_ou_techno_nommee,ONET,SKL_5888523ced42
CANS_ce7f557d38d6,Data validation software,,,,hard,langage_ou_techno_nommee,ONET,SKL_f1f63ae4717b
CANS_1e7bc1c92630,Database capacity planning software,,,,hard,langage_ou_techno_nommee,ONET,SKL_f951a9fc1d71
CANS_a7aac658eda7,Database cloning software,,,,hard,langage_ou_techno_nommee,ONET,SKL_204527836eca
CANS_6f84fda658c9,Database design software,,,,hard,langage_ou_techno_nommee,ONET,SKL_12a4ec283fe0
CANS_38436aad364a,Database security software,,,,hard,langage_ou_techno_nommee,ONET,SKL_b19cd4ed3596
CANS_97cb91a2f44c,Database testing software,,,,hard,langage_ou_techno_nommee,ONET,SKL_1a2633758604
CANS_02e921ef6205,DOS shell script,,,,hard,langage_ou_techno_nommee,ONET,SKL_1ddcf02f442b
CANS_f7187302ffc2,Ellucian Banner ERP,,,,hard,langage_ou_techno_nommee,ONET,SKL_b021f1d79998
CANS_f9512f3484e3,Embarcadero Technologies DBArtisan,,,,hard,langage_ou_techno_nommee,ONET,SKL_253afae30448
CANS_1596c6a4506f,Greenplum Database,,,,hard,langage_ou_techno_nommee,ONET,SKL_528fc9fd2d8b
CANS_941d3be8ee9b,HP DataProtector,,,,hard,langage_ou_techno_nommee,ONET,SKL_ff27fc2b08e9
CANS_34a30fc58557,IBM ADSTAR,,,,hard,langage_ou_techno_nommee,ONET,SKL_6a4f355fdac9
CANS_189a6607d694,IBM Interactive System Productivity Facility ISPF,,,,hard,langage_ou_techno_nommee,ONET,SKL_8bfaf2e12a07
CANS_6f54f2082541,IBM Rational Data Architect,,,,hard,langage_ou_techno_nommee,ONET,SKL_31f97394d0b0
CANS_f681e8aaf0a8,Index tuning software,,,,hard,langage_ou_techno_nommee,ONET,SKL_e6d28162065d
CANS_d70830449cbe,Informatica Big Data,,,,hard,langage_ou_techno_nommee,ONET,SKL_c398dcd71b89
CANS_6d7f8c58100b,Informatica software,,,,hard,langage_ou_techno_nommee,ONET,SKL_392a222afd63
CANS_f6488acd963d,MapR Converged Data Platform,,,,hard,langage_ou_techno_nommee,ONET,SKL_100b2a2edfa1
CANS_b2c2592fb45f,MariaDB,,,,hard,langage_ou_techno_nommee,ONET,SKL_e353ade6d743
CANS_da376db2041c,Micosoft SQL Server Analysis Services SSAS,,,,hard,langage_ou_techno_nommee,ONET,SKL_a81c29817354
CANS_75bf11482ce3,Microsoft Azure Data Factory,,,,hard,langage_ou_techno_nommee,ONET,SKL_5f36688e8a61
CANS_5d3fcd45f6be,Object database management system ODBMS,,,,hard,langage_ou_techno_nommee,ONET,SKL_d201f3ff6d57
CANS_58786521d147,Oracle Application Express APEX,,,,hard,langage_ou_techno_nommee,ONET,SKL_b3b0d08ee340
CANS_64f8e53f3553,Oracle Data Guard,,,,hard,langage_ou_techno_nommee,ONET,SKL_f26eef581b24
CANS_ccb5c87819ed,Oracle Designer,,,,hard,langage_ou_techno_nommee,ONET,SKL_436bed96aca4
CANS_ced24f22a930,Oracle Enterprise Manager,,,,hard,langage_ou_techno_nommee,ONET,SKL_df399a3a0720
CANS_41bf0c056050,Oracle Enterprise Manager Cloud Control,,,,hard,langage_ou_techno_nommee,ONET,SKL_8aac63911428
CANS_d22488a9cb8d,Oracle Golden Gate,,,,hard,langage_ou_techno_nommee,ONET,SKL_2eca9326d5b9
CANS_da44dffebb72,Oracle Learning Management,,,,hard,langage_ou_techno_nommee,ONET,SKL_250c016a1bfb
CANS_fd578f8d5d72,Oracle Real Application Cluster RAC,,,,hard,langage_ou_techno_nommee,ONET,SKL_731e6b77bec8
CANS_416dee57927f,Oracle Reports,,,,hard,langage_ou_techno_nommee,ONET,SKL_7463873b20d4
CANS_11b70fc37aa7,Oracle SQL Loader,,,,hard,langage_ou_techno_nommee,ONET,SKL_05c55b62f77e
CANS_d5adb27e23ca,Oracle SQL Plus,,,,hard,langage_ou_techno_nommee,ONET,SKL_d3393163565f
CANS_e841634b483f,Pentaho Kettle,,,,hard,langage_ou_techno_nommee,ONET,SKL_00b08f4b2512
CANS_8d5089948336,PySpark,,,,hard,langage_ou_techno_nommee,ONET,SKL_c2a75d361a7b
CANS_6a430e8d46e3,Quest Central,,,,hard,langage_ou_techno_nommee,ONET,SKL_7d698f12db81
CANS_58539fd19bda,Quest SharePlex,,,,hard,langage_ou_techno_nommee,ONET,SKL_6492e15a682a
CANS_b527793c6e20,ReCrystallize Crystal Reports,,,,hard,langage_ou_techno_nommee,ONET,SKL_5a249b7f84b2
CANS_ca18a7b896a2,Red Hat Ansible Engine,,,,hard,langage_ou_techno_nommee,ONET,SKL_53e20b0e5bc2
CANS_441077f9b080,Redgate SQL Server,,,,hard,langage_ou_techno_nommee,ONET,SKL_c8bb611794c4
CANS_66c0eb6241e2,Restructured extended executor REXX,,,,hard,langage_ou_techno_nommee,ONET,SKL_55287335c737
CANS_1a29f0e6cfc2,Safe Software FME,,,,hard,langage_ou_techno_nommee,ONET,SKL_cebf1111bd32
CANS_285dba3c5ece,SAP PowerBuilder,,,,hard,langage_ou_techno_nommee,ONET,SKL_7498f5cb1537
CANS_12126ac4c3f6,SAP Replication Server,,,,hard,langage_ou_techno_nommee,ONET,SKL_0c68e65f62c1
CANS_7e8c073452ae,SentryOne SQL Sentry,,,,hard,langage_ou_techno_nommee,ONET,SKL_0d644780a006
CANS_e149d045a48f,Systems and data disaster recovery software,,,,hard,langage_ou_techno_nommee,ONET,SKL_ca251a3f95e7
CANS_2016787d9e1c,Teradata Active Enterprise Data Warehouse,,,,hard,langage_ou_techno_nommee,ONET,SKL_f6bc75746543
CANS_4b3afcde7bf3,Test data generator software,,,,hard,langage_ou_techno_nommee,ONET,SKL_3cfdeb344f80
CANS_58c1484a321d,Visual Paradigm DB Visual ARCHITECT,,,,hard,langage_ou_techno_nommee,ONET,SKL_7462f177e0df
CANS_af4d704bbe21,Adeptia ETL Suite,,,,hard,langage_ou_techno_nommee,ONET,SKL_f635af4285a3
CANS_c46cbf29d80a,Altova MapForce,,,,hard,langage_ou_techno_nommee,ONET,SKL_472ba322e53e
CANS_974d6f9ab986,Amazon Kinesis,,,,hard,langage_ou_techno_nommee,ONET,SKL_a10eff663f09
CANS_469a56c0a4ee,Apache Avro,,,,hard,langage_ou_techno_nommee,ONET,SKL_6d9ed7491336
CANS_42578a03d60b,Apache HBase,,,,hard,langage_ou_techno_nommee,ONET,SKL_28e5564ea804
CANS_573b126ddb12,Apache Oozie,,,,hard,langage_ou_techno_nommee,ONET,SKL_8532f127c418
CANS_872874ebe03f,Apatar,,,,hard,langage_ou_techno_nommee,ONET,SKL_672f2a9219fe
CANS_151f72d7a5b9,C shell,,,,hard,langage_ou_techno_nommee,ONET,SKL_876c25455fa3
CANS_c1966494097e,CA Technologies ERWin Data Modeler,,,,hard,langage_ou_techno_nommee,ONET,SKL_faf6d4b5bd75
CANS_9234a0685480,Cloudera Impala,,,,hard,langage_ou_techno_nommee,ONET,SKL_c0458b2e9ba8
CANS_5317b78e71eb,CloverETL,,,,hard,langage_ou_techno_nommee,ONET,SKL_2013b30e24ee
CANS_aba538900796,Coglin Mill RODIN,,,,hard,langage_ou_techno_nommee,ONET,SKL_289369bd3189
CANS_c41c3bf8fd4d,Data Recovery Software SQL Server Data Recovery,,,,hard,langage_ou_techno_nommee,ONET,SKL_07205e18feda
CANS_b10c2db5e45a,Flat File Checker,,,,hard,langage_ou_techno_nommee,ONET,SKL_867e86d4a8a9
CANS_06f505103366,HiT Software Allora,,,,hard,langage_ou_techno_nommee,ONET,SKL_4fdfe92f98a6
CANS_ba013515c954,IBM Content Manager,,,,hard,langage_ou_techno_nommee,ONET,SKL_22441bc5f900
CANS_3f75cfefc203,IBM InfoSphere Warehouse,,,,hard,langage_ou_techno_nommee,ONET,SKL_f4faa01bb77c
CANS_ce756133a2b4,IBM Rational System Architect,,,,hard,langage_ou_techno_nommee,ONET,SKL_0d7524a386a2
CANS_652fcd3527ac,Infobright Community Edition ICE,,,,hard,langage_ou_techno_nommee,ONET,SKL_99cc1ab21710
CANS_9b05c9a81cf7,Intel Data Migration Software,,,,hard,langage_ou_techno_nommee,ONET,SKL_1a0adb1a2326
CANS_33c63523f474,Interface Computers Data Loader,,,,hard,langage_ou_techno_nommee,ONET,SKL_04027ea8acbb
CANS_3655839c115b,Jitterbit,,,,hard,langage_ou_techno_nommee,ONET,SKL_7a129fec1dfa
CANS_7eb4143eabf2,Multidimensional Expressions MDX,,,,hard,langage_ou_techno_nommee,ONET,SKL_fd15d7ab99a9
CANS_d8957e15323c,Oracle Jdeveloper,,,,hard,langage_ou_techno_nommee,ONET,SKL_496f1deff257
CANS_8ed02275c51c,Oracle Migration Workbench,,,,hard,langage_ou_techno_nommee,ONET,SKL_222aeb3070ba
CANS_f7eb7c5f01e3,Oracle Recovery Manager,,,,hard,langage_ou_techno_nommee,ONET,SKL_9cc143aa470b
CANS_b22bfd2ce941,Perl shell,,,,hard,langage_ou_techno_nommee,ONET,SKL_a23a3259e270
CANS_896844057694,Quest SQL Optimizer for Oracle,,,,hard,langage_ou_techno_nommee,ONET,SKL_852d963ef075
CANS_4bebe9f05416,Rapid-I RapidMiner,,,,hard,langage_ou_techno_nommee,ONET,SKL_cab3ede8553c
CANS_30de50b39aa9,SAP PowerDesigner,,,,hard,langage_ou_techno_nommee,ONET,SKL_298f14995c5b
CANS_c9a4eb83875f,SAS Data Integration Studio,,,,hard,langage_ou_techno_nommee,ONET,SKL_f883c03b4dd4
CANS_383b3c72739f,Scriptella,,,,hard,langage_ou_techno_nommee,ONET,SKL_934e63f96212
CANS_e137442f57d8,SMSi Twister Data Integrator,,,,hard,langage_ou_techno_nommee,ONET,SKL_efc8ef9a1a1f
CANS_c82b3825760a,Talend Big Data Integration,,,,hard,langage_ou_techno_nommee,ONET,SKL_e8ed29e7033b
CANS_a516ecaa4abb,Talend Data Fabric,,,,hard,langage_ou_techno_nommee,ONET,SKL_8343f0a3f243
CANS_3856a9c2c412,Talend Open Studio,,,,hard,langage_ou_techno_nommee,ONET,SKL_b42ba71bf735
CANS_e59c5cbe7d20,WisdomForce DatabaseSync System,,,,hard,langage_ou_techno_nommee,ONET,SKL_ca014c9c084e
CANS_a282ef3aa1d7,Adaptive Metadata Manager,,,,hard,langage_ou_techno_nommee,ONET,SKL_0d667a7599ba
CANS_ecc2aaf94e7e,Aster Data nCluster,,,,hard,langage_ou_techno_nommee,ONET,SKL_f1ccb1b99a5c
CANS_18108786965b,CodeFutures dbShards,,,,hard,langage_ou_techno_nommee,ONET,SKL_596f4bb8fe32
CANS_7c77562805e9,Embarcadero ER/Studio XE,,,,hard,langage_ou_techno_nommee,ONET,SKL_91b2ecf5c99c
CANS_5794e608b873,IBM Clarity Systems Clarity,,,,hard,langage_ou_techno_nommee,ONET,SKL_0d6893fee8f2
CANS_fa0ffe64dab4,IBM Netezza TwinFin,,,,hard,langage_ou_techno_nommee,ONET,SKL_ad063118adeb
CANS_94efba03117c,InterMine,,,,hard,langage_ou_techno_nommee,ONET,SKL_31390ee977cc
CANS_a0c820714d0e,Kalido Information Engine,,,,hard,langage_ou_techno_nommee,ONET,SKL_2d989b9197a7
CANS_7d125c4b504b,Operational Data Store ODS software,,,,hard,langage_ou_techno_nommee,ONET,SKL_10920cf3e9bc
CANS_e73f6322e046,Oracle Business Intelligence Discoverer,,,,hard,langage_ou_techno_nommee,ONET,SKL_1bbbb15ac565
CANS_bc8c94a5b765,ParAccel Analytic Database,,,,hard,langage_ou_techno_nommee,ONET,SKL_69d6a2394b73
CANS_3b0bd1ced2e0,SAND,,,,hard,langage_ou_techno_nommee,ONET,SKL_449abbdc3d07
CANS_8ca0b0d747f5,SAP IQ,,,,hard,langage_ou_techno_nommee,ONET,SKL_95df5782bb47
CANS_8f548974b2d1,SAS Data Integration Server,,,,hard,langage_ou_techno_nommee,ONET,SKL_6326fcca9498
CANS_3832ead3991d,TalendForge,,,,hard,langage_ou_techno_nommee,ONET,SKL_a884fa2e6a75
CANS_45e3ca5b85bf,Teradata BTEQ,,,,hard,langage_ou_techno_nommee,ONET,SKL_3a987e06a474
CANS_4f93fdb1b8b0,Teradata FastExport,,,,hard,langage_ou_techno_nommee,ONET,SKL_33b15d9eef7b
CANS_94c23859f1c4,Teradata FastLoad,,,,hard,langage_ou_techno_nommee,ONET,SKL_31da8f29a570
CANS_2a03576cfc35,Teradata Parallel Transporter,,,,hard,langage_ou_techno_nommee,ONET,SKL_fc7bc6861416
CANS_75817f3b7b17,Teradata Tpump,,,,hard,langage_ou_techno_nommee,ONET,SKL_274a44bfb411
CANS_a52d486b75a7,TIBCO Spotfire,,,,hard,langage_ou_techno_nommee,ONET,SKL_93f57d971e12
CANS_647eaa77cbdc,Adexa eGPS Suite,,,,hard,langage_ou_techno_nommee,ONET,SKL_131ae447cc7e
CANS_88b2bdf194df,Command interpreters,,,,hard,langage_ou_techno_nommee,ONET,SKL_e01de63c3f0c
CANS_0b25a2ba4544,Computer system diagnostics software,,,,hard,langage_ou_techno_nommee,ONET,SKL_d867de7e0051
CANS_8a159576e396,Dynamic host configuration protocol DHCP,,,,hard,langage_ou_techno_nommee,ONET,SKL_41781f8411ac
CANS_c897f63664f4,Enterprise application integration EAI software,,,,hard,langage_ou_techno_nommee,ONET,SKL_fd39f59a236b
CANS_380d68966b53,IBM Director,,,,hard,langage_ou_techno_nommee,ONET,SKL_de47d40fe615
CANS_d0ce88f71027,IBM NetView,,,,hard,langage_ou_techno_nommee,ONET,SKL_8e4f9dd10b83
CANS_b8c49f4d6665,IBM Tivoli software,,,,hard,langage_ou_techno_nommee,ONET,SKL_50ec4ffcf670
CANS_0e213ab02029,Lavalys Everest,,,,hard,langage_ou_techno_nommee,ONET,SKL_70da34caef47
CANS_6ac023294398,Management information base MIB software,,,,hard,langage_ou_techno_nommee,ONET,SKL_91a0e2a42a3f
CANS_d4e009c89cb5,Micromuse NetCool,,,,hard,langage_ou_techno_nommee,ONET,SKL_7b5dd6bb720d
CANS_4d19503d6057,Microsoft Windows Terminal Services Access Manager,,,,hard,langage_ou_techno_nommee,ONET,SKL_e6bd7d2ab91b
CANS_2fbf6291afbb,Network address management software,,,,hard,langage_ou_techno_nommee,ONET,SKL_ba0a25e29e3c
CANS_06835247b513,Network addressable storage NAS software,,,,hard,langage_ou_techno_nommee,ONET,SKL_b69ffc046361
CANS_20e854189ec9,Network shutdown software,,,,hard,langage_ou_techno_nommee,ONET,SKL_b52d13202821
CANS_33e211d56dd3,Novell NetWare Management Station,,,,hard,langage_ou_techno_nommee,ONET,SKL_a62a5d6c0a75
CANS_dd0b7715f317,Open source routing protocols OSPF,,,,hard,langage_ou_techno_nommee,ONET,SKL_b92f50dddedb
CANS_7ee4bf8890a7,OpenService Open NerveCenter,,,,hard,langage_ou_techno_nommee,ONET,SKL_d55d151bf939
CANS_a0601f9daa8f,Operating system process control software,,,,hard,langage_ou_techno_nommee,ONET,SKL_c5c76f63a69d
CANS_23d1c278c45e,Quest Foglight,,,,hard,langage_ou_techno_nommee,ONET,SKL_846ea647fce2
CANS_604478ca7dac,Remote desktop control software,,,,hard,langage_ou_techno_nommee,ONET,SKL_0470d31107e2
CANS_40470f627671,Remote monitoring software,,,,hard,langage_ou_techno_nommee,ONET,SKL_8ade4f4783ae
CANS_4d415f85468e,Symantec Ghost Solution Suite,,,,hard,langage_ou_techno_nommee,ONET,SKL_3325840c19c5
CANS_806174833850,Systems integration software,,,,hard,langage_ou_techno_nommee,ONET,SKL_bb1c788c59d4
CANS_61fc33d31b32,TKSoftware RCM software,,,,hard,langage_ou_techno_nommee,ONET,SKL_f0900f143524
CANS_773e3ee0752d,Virtual network computing VNC software,,,,hard,langage_ou_techno_nommee,ONET,SKL_ccde0b1db4e1
CANS_8e004559b564,A programming language APL,,,,hard,langage_ou_techno_nommee,ONET,SKL_e9da462d13e1
CANS_c42ef07371a8,ABC Compiler,,,,hard,langage_ou_techno_nommee,ONET,SKL_0c5320d8ac1f
CANS_3bd6fc76408d,ABC: the AspectBench Compiler for AspectJ,,,,hard,langage_ou_techno_nommee,ONET,SKL_f091772eb3d8
CANS_9bf48123a57d,Adobe PostScript,,,,hard,langage_ou_techno_nommee,ONET,SKL_54d4231ae063
CANS_f9e2fd5c8fab,Algorithmic language ALGOL,,,,hard,langage_ou_techno_nommee,ONET,SKL_355e9ed01b1e
CANS_542f3712f37c,American National Standards Institute ANSI C,,,,hard,langage_ou_techno_nommee,ONET,SKL_3c8b5793634d
CANS_08fe50f46d63,AWK,,,,hard,langage_ou_techno_nommee,ONET,SKL_82e71fb9472e
CANS_c2cee138ac6e,B-Method,,,,hard,langage_ou_techno_nommee,ONET,SKL_3dcebc7698ac
CANS_719c2c3efb81,Basis BBx VisualPRO/5,,,,hard,langage_ou_techno_nommee,ONET,SKL_84b58e2d6828
CANS_169c2204d578,Beginner's all-purpose symbolic instruction code BASIC,,,,hard,langage_ou_techno_nommee,ONET,SKL_59291af26a78
CANS_151fb5bc1d76,Bigloo Scheme,,,,hard,langage_ou_techno_nommee,ONET,SKL_5e0553ac5fba
CANS_50540083d60f,Bourne Shell,,,,hard,langage_ou_techno_nommee,ONET,SKL_11ee2ac702e1
CANS_718dcf37f8ee,Call-processing language CPL,,,,hard,langage_ou_techno_nommee,ONET,SKL_596dd74a56f7
CANS_7d057f974697,Canu,,,,hard,langage_ou_techno_nommee,ONET,SKL_a823c5e4f8f0
CANS_6e5ca00f8977,CAST SQL Builder,,,,hard,langage_ou_techno_nommee,ONET,SKL_c818be43ea4c
CANS_273222edc22d,Clipper,,,,hard,langage_ou_techno_nommee,ONET,SKL_f831a0dd969a
CANS_4481df4966df,Code generator software,,,,hard,langage_ou_techno_nommee,ONET,SKL_041cf9e02cc5
CANS_c81ac6b05751,Code munger software,,,,hard,langage_ou_techno_nommee,ONET,SKL_6156e370d153
CANS_129dacf18f1a,CoffeeCup The HTML Editor,,,,hard,langage_ou_techno_nommee,ONET,SKL_89efbb9adc16
CANS_c473372437ac,Collaborative Application Markup Language CAML,,,,hard,langage_ou_techno_nommee,ONET,SKL_d22bc38fefdd
CANS_bd61aaf89ae5,Common Lisp Object System CLOS,,,,hard,langage_ou_techno_nommee,ONET,SKL_ba64a0282c01
CANS_4b69d86fa1f0,Compilers,,,,hard,langage_ou_techno_nommee,ONET,SKL_055ce8c11f0a
CANS_a91df0005ef6,Computer Associates integrated data management system CA-IDMS,,,,hard,langage_ou_techno_nommee,ONET,SKL_1862ee234b4a
CANS_46433a29d205,Computer On-line Real-time Applications Language CORAL 66,,,,hard,langage_ou_techno_nommee,ONET,SKL_c4d90602f179
CANS_2e3c3c012f54,Corel CorelDraw Graphics Suite,,,,hard,langage_ou_techno_nommee,ONET,SKL_3d34c03daab7
CANS_17d6a5fa8698,dBASE Plus,,,,hard,langage_ou_techno_nommee,ONET,SKL_70ccc2b9b4ca
CANS_b025f39f5cfd,Debugging software,,,,hard,langage_ou_techno_nommee,ONET,SKL_62e853584c5e
CANS_094e25253a08,Decompilers,,,,hard,langage_ou_techno_nommee,ONET,SKL_e8a9ce197718
CANS_3506079336e1,E++ pattern language,,,,hard,langage_ou_techno_nommee,ONET,SKL_97ec52f42381
CANS_47d77305dc34,Embarcadero Delphi,,,,hard,langage_ou_techno_nommee,ONET,SKL_a4e93b2f94d0
CANS_af7a37288685,Emerald Software Group Emerald Green Office,,,,hard,langage_ou_techno_nommee,ONET,SKL_34f9915c5e66
CANS_b00a3786fc0f,Event-driven State-machines Programming,,,,hard,langage_ou_techno_nommee,ONET,SKL_fb6a7fc72b35
CANS_f56b5d2dc965,Extensible stylesheet language XSL,,,,hard,langage_ou_techno_nommee,ONET,SKL_006280c41f21
CANS_00b362edf73d,Forth,,,,hard,langage_ou_techno_nommee,ONET,SKL_28b38ce5dee9
CANS_d872b53c9e33,Gambit Scheme,,,,hard,langage_ou_techno_nommee,ONET,SKL_6477882c728f
CANS_22c118fae837,Graphical user interface GUI design software,,,,hard,langage_ou_techno_nommee,ONET,SKL_fa6632f1ff01
CANS_d23e0530fd1f,Greatis Object Inspector,,,,hard,langage_ou_techno_nommee,ONET,SKL_dc728c4b708a
CANS_66d827ce370b,ICON programming language,,,,hard,langage_ou_techno_nommee,ONET,SKL_860757526639
CANS_c4ce4298ca18,IEA Software Emerald,,,,hard,langage_ou_techno_nommee,ONET,SKL_a34d8a032ee0
CANS_6775ac1c7393,Incremental compiler software,,,,hard,langage_ou_techno_nommee,ONET,SKL_c2c348854050
CANS_8d9c51f3a83a,Inline code expander software,,,,hard,langage_ou_techno_nommee,ONET,SKL_5fce671d358f
CANS_c269de39187c,Interface definition language IDL,,,,hard,langage_ou_techno_nommee,ONET,SKL_b8b439b55c81
CANS_246c76e0f7b5,Interpreter software,,,,hard,langage_ou_techno_nommee,ONET,SKL_0532791172b5
CANS_389eb43c3b98,Interstate connection ICON,,,,hard,langage_ou_techno_nommee,ONET,SKL_08c1574ec31b
CANS_c42b068602bb,Just-in-time compiler,,,,hard,langage_ou_techno_nommee,ONET,SKL_78fac28baaf3
CANS_b8379a72f4a4,Logo design software,,,,hard,langage_ou_techno_nommee,ONET,SKL_f1fa5eaeca58
CANS_1f74b87f790d,Low-level debugger software,,,,hard,langage_ou_techno_nommee,ONET,SKL_849059ff1094
CANS_080d0917ffbf,Microsoft ESP SDK,,,,hard,langage_ou_techno_nommee,ONET,SKL_3001bbd5e0ab
CANS_c1f08113d68b,Microsoft Extensible Application Markup Language (XAML),,,,hard,langage_ou_techno_nommee,ONET,SKL_9555b90a380e
CANS_7a3f06a211d9,Microsoft FrontPage,,,,hard,langage_ou_techno_nommee,ONET,SKL_c22202b063e4
CANS_0e03f8f265cd,Microsoft Silverlight,,,,hard,langage_ou_techno_nommee,ONET,SKL_077825a45a48
CANS_667d67b8e8fd,Microsoft Systems Management Server,,,,hard,langage_ou_techno_nommee,ONET,SKL_ccc0464d20f2
CANS_0a48efd6c680,Mixed code generator,,,,hard,langage_ou_techno_nommee,ONET,SKL_4818957b2e94
CANS_4d3f29471492,Modula,,,,hard,langage_ou_techno_nommee,ONET,SKL_6be6666204a4
CANS_e2151b640754,MUMPS M,,,,hard,langage_ou_techno_nommee,ONET,SKL_13efb3b5beaf
CANS_bbe9f301c42e,Oberon,,,,hard,langage_ou_techno_nommee,ONET,SKL_f4031a3d9f76
CANS_a129f2ef5593,Objective Caml,,,,hard,langage_ou_techno_nommee,ONET,SKL_b5af1554ca36
CANS_add1ef80ab41,One pass compiler software,,,,hard,langage_ou_techno_nommee,ONET,SKL_a378d102e18c
CANS_23d290b7fc24,Partial class generator software,,,,hard,langage_ou_techno_nommee,ONET,SKL_c8d48aa90526
CANS_063814f29bdf,PowerSoft PowerBuilder,,,,hard,langage_ou_techno_nommee,ONET,SKL_bd131b2ef547
CANS_92c3a0202749,Programming language one PL/I,,,,hard,langage_ou_techno_nommee,ONET,SKL_c07ec2a1a50e
CANS_903c1868ca7c,Progress OpenEdge ABL,,,,hard,langage_ou_techno_nommee,ONET,SKL_3c4655b50a5a
CANS_4cf733251509,Progress Sonic ESB,,,,hard,langage_ou_techno_nommee,ONET,SKL_009ab778801b
CANS_8473222962d8,Progress WebSpeed Workshop,,,,hard,langage_ou_techno_nommee,ONET,SKL_4fac0bb0056c
CANS_07a48aae916b,Retargetable compiler,,,,hard,langage_ou_techno_nommee,ONET,SKL_c42849c5fdd2
CANS_2efbb3f3bcbc,Revision control software,,,,hard,langage_ou_techno_nommee,ONET,SKL_c2a0558ab065
CANS_51e73453ee4f,SAP BusinessObjects Data Integrator,,,,hard,langage_ou_techno_nommee,ONET,SKL_57a9e3b8b1f5
CANS_15728244720b,Scheme,,,,hard,langage_ou_techno_nommee,ONET,SKL_3057aba4a5f8
CANS_00332e529a1a,Simulation program with integrated circuit emphasis SPICE,,,,hard,langage_ou_techno_nommee,ONET,SKL_874eb3ae39eb
CANS_51f2e18caa2d,Source code editor software,,,,hard,langage_ou_techno_nommee,ONET,SKL_64c3f3055696
CANS_3f7560608ef6,Source code migration software,,,,hard,langage_ou_techno_nommee,ONET,SKL_4b716f27f174
CANS_c209a70ca400,String oriented symbolic language SNOBOL,,,,hard,langage_ou_techno_nommee,ONET,SKL_59396f71534a
CANS_3d33605b8cec,Structured Query Report SQR,,,,hard,langage_ou_techno_nommee,ONET,SKL_a5a7f6fe6bc2
CANS_c32feb06638f,Symbolic debugger software,,,,hard,langage_ou_techno_nommee,ONET,SKL_7f9fbf39e053
CANS_2edc361888f9,Threaded code compiler,,,,hard,langage_ou_techno_nommee,ONET,SKL_d2f9074dc4dc
CANS_bcb58c08822e,Tier generator software,,,,hard,langage_ou_techno_nommee,ONET,SKL_90379146a9e1
CANS_fcfb75113f0f,Virage VS Archive,,,,hard,langage_ou_techno_nommee,ONET,SKL_06967a931133
CANS_33a3d3158b60,Web service definition language WDSL,,,,hard,langage_ou_techno_nommee,ONET,SKL_0f37de5c204f
CANS_af969f3a20c2,Workflow software,,,,hard,langage_ou_techno_nommee,ONET,SKL_f31322ed34ee
CANS_1d5c6665b7d9,Xerces2 Java Parser,,,,hard,langage_ou_techno_nommee,ONET,SKL_f170461fde9d
CANS_6e301fc76409,Airtable,,,,hard,langage_ou_techno_nommee,ONET,SKL_f2ed2881e6da
CANS_a7a8d6219a3f,Allaire ColdFusion,,,,hard,langage_ou_techno_nommee,ONET,SKL_c2c82edc36f3
CANS_285d6237648e,Alteryx software,,,,hard,langage_ou_techno_nommee,ONET,SKL_eac64f29b969
CANS_058570ebb103,Atlassian Bitbucket,,,,hard,langage_ou_techno_nommee,ONET,SKL_20787b5e2d8b
CANS_1b0a88101cf6,Bootstrap,,,,hard,langage_ou_techno_nommee,ONET,SKL_b5b030e0cf92
CANS_460d8b5ad85a,Component-based Scalable Logical Architecture CSLA,,,,hard,langage_ou_techno_nommee,ONET,SKL_384ae4492aa9
CANS_747c442fc2ad,Data analysis software,,,,hard,langage_ou_techno_nommee,ONET,SKL_21ee14794f15
CANS_5e0730a3f147,DataVision,,,,hard,langage_ou_techno_nommee,ONET,SKL_185c02959e7e
CANS_b42afafd865a,Disk operating system DOS,,,,hard,langage_ou_techno_nommee,ONET,SKL_e6551a9ebd44
CANS_1284f5865093,Distributed database management software,,,,hard,langage_ou_techno_nommee,ONET,SKL_553ab1ece0ae
CANS_78a2055d80fe,Document management system software,,,,hard,langage_ou_techno_nommee,ONET,SKL_e6d3e6adb795
CANS_545581233ffe,Document Object Model DOM Scripting,,,,hard,langage_ou_techno_nommee,ONET,SKL_b9e8c488d7b4
CANS_646d8dd79897,Dynamic modeling software,,,,hard,langage_ou_techno_nommee,ONET,SKL_fa6dc210c485
CANS_0a5e7149309f,Eclipse Jersey,,,,hard,langage_ou_techno_nommee,ONET,SKL_234b935968ca
CANS_d5773558e711,Embedded systems development software,,,,hard,langage_ou_techno_nommee,ONET,SKL_b4babbb6ca6b
CANS_eeffeed8de3c,Evernote,,,,hard,langage_ou_techno_nommee,ONET,SKL_5c1040fc78f9
CANS_bea4e7041566,FaceTime,,,,hard,langage_ou_techno_nommee,ONET,SKL_9156ef7ca7f6
CANS_8c916fe22171,Fault testing software,,,,hard,langage_ou_techno_nommee,ONET,SKL_4e7e84790906
CANS_8b37e034f0d0,Figma,,,,hard,langage_ou_techno_nommee,ONET,SKL_ede1cc379293
CANS_d08024badce5,GNU Image Manipulation Program GIMP,,,,hard,langage_ou_techno_nommee,ONET,SKL_5133f190021f
CANS_076b3d3351c6,Google Cloud software,,,,hard,langage_ou_techno_nommee,ONET,SKL_461dc3e4aa44
CANS_0b7ed8d2af4e,Google Gmail,,,,hard,langage_ou_techno_nommee,ONET,SKL_c87852198959
CANS_c15b522e6d76,Google Looker Analytics,,,,hard,langage_ou_techno_nommee,ONET,SKL_8c6c8474b490
CANS_19a43c53efb5,Google Sheets,,,,hard,langage_ou_techno_nommee,ONET,SKL_6066fbe9cce0
CANS_9d3670d7e696,Google Slides,,,,hard,langage_ou_techno_nommee,ONET,SKL_f901a7c33fda
CANS_93836d2cd1b5,Gradle,,,,hard,langage_ou_techno_nommee,ONET,SKL_db33a6f92652
CANS_045f1006e8d0,Graphical user interface GUI builder software,,,,hard,langage_ou_techno_nommee,ONET,SKL_2985c63fcedc
CANS_c6b565fbcfbc,GraphQL,,,,hard,langage_ou_techno_nommee,ONET,SKL_3fbdcbeeb730
CANS_e001858172df,GroupMe,,,,hard,langage_ou_techno_nommee,ONET,SKL_5357a62c1241
CANS_bc26fb7755d8,IBM Middleware,,,,hard,langage_ou_techno_nommee,ONET,SKL_0216f00a99b1
CANS_167c8373eabf,IBM Rational RequisitePro,,,,hard,langage_ou_techno_nommee,ONET,SKL_80208e216279
CANS_7fc177e60f48,IBM z/OS operating systems,,,,hard,langage_ou_techno_nommee,ONET,SKL_66a0da49d880
CANS_3aba668aa8f9,JamBoard,,,,hard,langage_ou_techno_nommee,ONET,SKL_793bfff52f94
CANS_cec7cb9201ce,JavaScript framework software,,,,hard,langage_ou_techno_nommee,ONET,SKL_c7b00a577345
CANS_ba5758d774b1,JFrog Artifactory,,,,hard,langage_ou_techno_nommee,ONET,SKL_f02c283001d8
CANS_7e1e6ec64f13,Kotlin,,,,hard,langage_ou_techno_nommee,ONET,SKL_6eaf839f4494
CANS_d2dd59d7a46b,LibreOffice,,,,hard,langage_ou_techno_nommee,ONET,SKL_42df51551b77
CANS_99f9282caed0,LinkedIn,,,,hard,langage_ou_techno_nommee,ONET,SKL_27cbff7714ec
CANS_761ed252bb28,Loom,,,,hard,langage_ou_techno_nommee,ONET,SKL_50c0ef0b2ba9
CANS_1fda9df88969,Magellan Firmware,,,,hard,langage_ou_techno_nommee,ONET,SKL_7cac353a3ccf
CANS_15c692921c1d,Management information systems MIS,,,,hard,langage_ou_techno_nommee,ONET,SKL_77492de3d779
CANS_9506f8af0ac7,MathWorks Simulink,,,,hard,langage_ou_techno_nommee,ONET,SKL_be1deff32a2b
CANS_9ce4845004c4,Microservices Architecture,,,,hard,langage_ou_techno_nommee,ONET,SKL_d61bf5f9cb27
CANS_5524f92bb83a,Microsoft Azure DevOps Services,,,,hard,langage_ou_techno_nommee,ONET,SKL_c6e3235a1c66
CANS_3ed6cfbc39cb,Microsoft DirectX,,,,hard,langage_ou_techno_nommee,ONET,SKL_ec09acf09d0b
CANS_848cec996bc4,Microsoft Power Automate,,,,hard,langage_ou_techno_nommee,ONET,SKL_da6b3b7cc85f
CANS_dae80645125d,Microsoft Power Platform software,,,,hard,langage_ou_techno_nommee,ONET,SKL_b4ae7436db6b
CANS_27629a1e6d18,Microsoft transact-structural query language T-SQL,,,,hard,langage_ou_techno_nommee,ONET,SKL_d04312ef97f1
CANS_cee677e33c45,MuleSoft software,,,,hard,langage_ou_techno_nommee,ONET,SKL_78e7c51c74b3
CANS_e114bcc249a3,Object Management Group Object Request Broker,,,,hard,langage_ou_techno_nommee,ONET,SKL_244c313047e6
CANS_b91880cdcdc4,Operating system shells,,,,hard,langage_ou_techno_nommee,ONET,SKL_2e4d4583bad9
CANS_554be17bc4d8,Oracle Java Message Service JMS,,,,hard,langage_ou_techno_nommee,ONET,SKL_bbc045dfd561
CANS_e6ef11c2371e,Platform as a service PaaS,,,,hard,langage_ou_techno_nommee,ONET,SKL_a6531eb5cff1
CANS_0d227609f718,PuTTY,,,,hard,langage_ou_techno_nommee,ONET,SKL_fa79a5f8d3b2
CANS_2e40d68b8069,QNX,,,,hard,langage_ou_techno_nommee,ONET,SKL_546f99e7f015
CANS_100b60b957c6,RabbitMQ,,,,hard,langage_ou_techno_nommee,ONET,SKL_f6c0369a5d97
CANS_c3042c5ea5a4,React Native,,,,hard,langage_ou_techno_nommee,ONET,SKL_68230d62b9b0
CANS_3aff1face571,React Redux,,,,hard,langage_ou_techno_nommee,ONET,SKL_9d6dcea76d67
CANS_eecaae4505d6,Real time operating system RTOS software,,,,hard,langage_ou_techno_nommee,ONET,SKL_9b2ca4554d38
CANS_0c440406528e,RESTful API,,,,hard,langage_ou_techno_nommee,ONET,SKL_910ce1635058
CANS_0391be2e7ea9,SAP Business Intelligence,,,,hard,langage_ou_techno_nommee,ONET,SKL_2a148d771c54
CANS_1b5089d09283,Screencastify,,,,hard,langage_ou_techno_nommee,ONET,SKL_f2d88258c86d
CANS_0ffc35734dad,Simple API for XML SAX,,,,hard,langage_ou_techno_nommee,ONET,SKL_0ceb267b59e3
CANS_7734af3f190c,Single sign-on SSO,,,,hard,langage_ou_techno_nommee,ONET,SKL_d58061c8c066
CANS_06d9cef5cb9e,Social media sites,,,,hard,langage_ou_techno_nommee,ONET,SKL_cce0d50dd5cb
CANS_8bea3fa5fd3f,Software distribution management software,,,,hard,langage_ou_techno_nommee,ONET,SKL_892c2880f97b
CANS_666f1da5c47f,SonarQube,,,,hard,langage_ou_techno_nommee,ONET,SKL_95fc283db324
CANS_579cccfd85e4,Sun Microsystems Java Persistence API,,,,hard,langage_ou_techno_nommee,ONET,SKL_ef283ec07b57
CANS_0ca1f130e865,Visible Razor,,,,hard,langage_ou_techno_nommee,ONET,SKL_67af9e2df32e
CANS_a7d5cfde919e,Vue.js,,,,hard,langage_ou_techno_nommee,ONET,SKL_a6efdbea9c98
CANS_5a1ec75df288,Web application software,,,,hard,langage_ou_techno_nommee,ONET,SKL_1d47e7c91fe2
CANS_721492cb6444,Win CE,,,,hard,langage_ou_techno_nommee,ONET,SKL_39dc48edafa0
CANS_531b568a57f0,Wind River VxWorks,,,,hard,langage_ou_techno_nommee,ONET,SKL_d844e32b2b7b
CANS_91dfe3add23c,Workday software,,,,hard,langage_ou_techno_nommee,ONET,SKL_0ed02de2572a
CANS_5fe6c2be2a66,XML Path Language XPATH,,,,hard,langage_ou_techno_nommee,ONET,SKL_2fc6f8c07113
CANS_1feeb0e16232,Acresso InstallAnywhere,,,,hard,langage_ou_techno_nommee,ONET,SKL_997f09431ab1
CANS_e02712edf7e3,Apache JMeter,,,,hard,langage_ou_techno_nommee,ONET,SKL_4a01aeda9e8d
CANS_5f8b9ede45a3,Appium,,,,hard,langage_ou_techno_nommee,ONET,SKL_5e39721239dc
CANS_020b8df122e2,Apple Cocoa,,,,hard,langage_ou_techno_nommee,ONET,SKL_098b4745dbc1
CANS_fb19b44358e1,Apple Safari,,,,hard,langage_ou_techno_nommee,ONET,SKL_ecae421b0a81
CANS_65111f43be1f,Borland SilkTest,,,,hard,langage_ou_techno_nommee,ONET,SKL_f7ee1220c574
CANS_60fdc513670d,Bugzilla,,,,hard,langage_ou_techno_nommee,ONET,SKL_5a61aa8e406e
CANS_5580cc779559,CruiseControl,,,,hard,langage_ou_techno_nommee,ONET,SKL_e6d0e319f949
CANS_1d9343b32cd3,Debugview,,,,hard,langage_ou_techno_nommee,ONET,SKL_b83b96cbb888
CANS_c015269133ef,ej-technologies JProfiler,,,,hard,langage_ou_techno_nommee,ONET,SKL_7c0650549171
CANS_df7cc9907f76,FileMon,,,,hard,langage_ou_techno_nommee,ONET,SKL_73471bcbd70f
CANS_49a3f6d421ad,FitNesse,,,,hard,langage_ou_techno_nommee,ONET,SKL_7a074038727c
CANS_e612d3089b3b,Hewlett-Packard HP QuickTest Professional,,,,hard,langage_ou_techno_nommee,ONET,SKL_380e5434004b
CANS_2f67a65e1272,Hewlett-Packard HP TestDirector for Quality Center,,,,hard,langage_ou_techno_nommee,ONET,SKL_844e301600eb
CANS_91dd12a688f4,Hewlett-Packard HP WinRunner,,,,hard,langage_ou_techno_nommee,ONET,SKL_52506ae64a63
CANS_cc174cdd6d22,IBM Rational Robot,,,,hard,langage_ou_techno_nommee,ONET,SKL_33c74dcc1c89
CANS_c5108dd5e086,JetBrains IntelliJ IDEA,,,,hard,langage_ou_techno_nommee,ONET,SKL_de6a4db39df2
CANS_8169c07cddbc,Microsoft Internet Explorer,,,,hard,langage_ou_techno_nommee,ONET,SKL_ea063a9c4753
CANS_679285ebacc7,Microsoft Playwright,,,,hard,langage_ou_techno_nommee,ONET,SKL_3e3d4f9c6351
CANS_b56de227d6fe,Microsoft Visual SourceSafe,,,,hard,langage_ou_techno_nommee,ONET,SKL_7d98beac74e4
CANS_60d73d228882,Microsoft Windows SDK,,,,hard,langage_ou_techno_nommee,ONET,SKL_6803f0554dba
CANS_4b361221f872,Mozilla Firefox,,,,hard,langage_ou_techno_nommee,ONET,SKL_4b99543c9da0
CANS_ac048bc61542,NUnit,,,,hard,langage_ou_techno_nommee,ONET,SKL_d78a9153b291
CANS_d29ffef081b6,Postman,,,,hard,langage_ou_techno_nommee,ONET,SKL_c8264d92ff83
CANS_8f80793943d7,RegMon,,,,hard,langage_ou_techno_nommee,ONET,SKL_7ce6dce201fb
CANS_12cce4bb6dc4,REST Assured,,,,hard,langage_ou_techno_nommee,ONET,SKL_b74d3d951a20
CANS_c640c86bf7b2,SmartBear Software AutomatedQA TestComplete,,,,hard,langage_ou_techno_nommee,ONET,SKL_b308275832c3
CANS_611dedfe67db,TestNG,,,,hard,langage_ou_techno_nommee,ONET,SKL_1a6c338adf05
CANS_7266f4c1e829,Twiki,,,,hard,langage_ou_techno_nommee,ONET,SKL_20ba5fae2d18
CANS_ec823b2e4217,VMWare ESX Server,,,,hard,langage_ou_techno_nommee,ONET,SKL_3fb4abb74069
CANS_44ac0baffc17,VMWare Workstation,,,,hard,langage_ou_techno_nommee,ONET,SKL_f3b20c1e24cb
CANS_b7292bc12083,Watir,,,,hard,langage_ou_techno_nommee,ONET,SKL_98c32aa3011b
CANS_40073ce43c20,Wind River Systems VxWorks,,,,hard,langage_ou_techno_nommee,ONET,SKL_4c87315841f2
CANS_7bb6eb3074fa,YourKit Java Profiler,,,,hard,langage_ou_techno_nommee,ONET,SKL_914e596f4b58
CANS_4f634a0622be,Apple Keynote,,,,hard,langage_ou_techno_nommee,ONET,SKL_697997bafaba
CANS_cdb18c18000a,Atlassian HipChat,,,,hard,langage_ou_techno_nommee,ONET,SKL_aab4c06ce6ba
CANS_532a92803945,Common gateway interface CGI,,,,hard,langage_ou_techno_nommee,ONET,SKL_7167e583463d
CANS_0b143bfc3195,FlexBox,,,,hard,langage_ou_techno_nommee,ONET,SKL_f654420d7ec9
CANS_aebf586a943e,HashiCorp Vagrant,,,,hard,langage_ou_techno_nommee,ONET,SKL_00b265131d80
CANS_e169083225fe,HubSpot software,,,,hard,langage_ou_techno_nommee,ONET,SKL_46e84b28e872
CANS_00e3b5c7c4e3,InVision software,,,,hard,langage_ou_techno_nommee,ONET,SKL_5a7761f47edb
CANS_cbfb0f41c165,Jekyll,,,,hard,langage_ou_techno_nommee,ONET,SKL_88300f2e68eb
CANS_d4dc7e66eb0c,Jest,,,,hard,langage_ou_techno_nommee,ONET,SKL_6e50278f1819
CANS_99266efe0c66,JetBrains PhpStorm,,,,hard,langage_ou_techno_nommee,ONET,SKL_6241cc97953c
CANS_91eee39fade5,Kapwing,,,,hard,langage_ou_techno_nommee,ONET,SKL_9f41995c37dc
CANS_7d6ffb27dcc0,MeteorJS,,,,hard,langage_ou_techno_nommee,ONET,SKL_de93dea172b1
CANS_46ac6fc264fb,Microsoft Commerce Server,,,,hard,langage_ou_techno_nommee,ONET,SKL_dbb0212dffe0
CANS_c56b366d6d42,Microsoft Visual InterDev,,,,hard,langage_ou_techno_nommee,ONET,SKL_37526fb7f0f0
CANS_b6bcbcf87132,Nunjucks,,,,hard,langage_ou_techno_nommee,ONET,SKL_ff23ae3c26b6
CANS_fb0dd0b43467,PhantomJS,,,,hard,langage_ou_techno_nommee,ONET,SKL_0aa420df6d13
CANS_be9e1bb5f0ce,RequireJS,,,,hard,langage_ou_techno_nommee,ONET,SKL_bdc1960e2614
CANS_1a28a0b94bbb,Screencast-O-Matic,,,,hard,langage_ou_techno_nommee,ONET,SKL_cf5372cec535
CANS_b89b3e5b794b,Sitecore CMS,,,,hard,langage_ou_techno_nommee,ONET,SKL_99bc2661193c
CANS_ef6d5406fb3a,Syntactically awesome style sheets SASS,,,,hard,langage_ou_techno_nommee,ONET,SKL_521e24bc0893
CANS_f82a9fc86682,Travis,,,,hard,langage_ou_techno_nommee,ONET,SKL_37d7192df797
CANS_45b905043dbc,Web content management system CMS software,,,,hard,langage_ou_techno_nommee,ONET,SKL_21c4820990ae
CANS_4f0797208025,webpack,,,,hard,langage_ou_techno_nommee,ONET,SKL_baae806b5604
CANS_0d2b664ab4e4,Zend Framework,,,,hard,langage_ou_techno_nommee,ONET,SKL_3b98120430a7
CANS_5ddfe2764812,Adobe XD,,,,hard,langage_ou_techno_nommee,ONET,SKL_1f396e92fb28
CANS_cf6cb9a1af52,Axure RP,,,,hard,langage_ou_techno_nommee,ONET,SKL_1f503c79f336
CANS_5019f4a8a82a,UserZoom,,,,hard,langage_ou_techno_nommee,ONET,SKL_174e8500a93e
CANS_21a5d326b721,WeVideo,,,,hard,langage_ou_techno_nommee,ONET,SKL_d7f3f6fb9567
CANS_ca7b91f3a599,3D graphic design software,,,,hard,langage_ou_techno_nommee,ONET,SKL_b950984c5de5
CANS_d4478ae0efe7,Autodesk 3ds Max,,,,hard,langage_ou_techno_nommee,ONET,SKL_1f288099ee6c
CANS_f4df9f9defee,Autodesk Maya,,,,hard,langage_ou_techno_nommee,ONET,SKL_74069f0f5515
CANS_0197431f5db5,Autodesk Scaleform,,,,hard,langage_ou_techno_nommee,ONET,SKL_45e4ceb92f76
CANS_4618d19c093d,Balsamiq Studios Balsamiq Mockups,,,,hard,langage_ou_techno_nommee,ONET,SKL_7f0ec4267c17
CANS_355e98fc5f99,C for Graphics cg,,,,hard,langage_ou_techno_nommee,ONET,SKL_bd969b3287af
CANS_b3a92b9caf9c,Lua,,,,hard,langage_ou_techno_nommee,ONET,SKL_7686fde2108d
CANS_6b14bfc0840b,Microsoft Expression Blend,,,,hard,langage_ou_techno_nommee,ONET,SKL_4f4979e12258
CANS_7e83a0e386b7,Microsoft High Level Shader Language HLSL,,,,hard,langage_ou_techno_nommee,ONET,SKL_0425a421dc71
CANS_0c8ba2866555,OpenGL,,,,hard,langage_ou_techno_nommee,ONET,SKL_4c38e336304d
CANS_b426e6c591cc,Perforce software,,,,hard,langage_ou_techno_nommee,ONET,SKL_beaae08ce29e
CANS_eead01819061,Simple DirectMedia Layer SDL,,,,hard,langage_ou_techno_nommee,ONET,SKL_8376593dc67a
CANS_dee1719c2466,Sound development software,,,,hard,langage_ou_techno_nommee,ONET,SKL_c1fe2cb53696
CANS_a32f1db3a4c7,Unity Technologies Unity,,,,hard,langage_ou_techno_nommee,ONET,SKL_4e7aa33408c2
CANS_e226bb5f3c9f,Unreal Technology Unreal Engine,,,,hard,langage_ou_techno_nommee,ONET,SKL_1ec71c4531f6
CANS_e8c7dcc5b8bc,Virtual Battlespace 2 VBS2,,,,hard,langage_ou_techno_nommee,ONET,SKL_43bd235484a8
CANS_199e4cfd25f2,Vulkan Graphics API,,,,hard,langage_ou_techno_nommee,ONET,SKL_178723e640f3
CANS_bc028143e381,Adobe Director,,,,hard,langage_ou_techno_nommee,ONET,SKL_f9fb182a886e
CANS_964004d37a78,Adobe Experience Manager (AEM),,,,hard,langage_ou_techno_nommee,ONET,SKL_3160e1dc8dcb
CANS_2f6a35646f34,Adobe FreeHand MX,,,,hard,langage_ou_techno_nommee,ONET,SKL_6ab6129d6e8f
CANS_4270cca70f93,Adobe Macromedia HomeSite,,,,hard,langage_ou_techno_nommee,ONET,SKL_35e0f3b6e2aa
CANS_c9f66ba649c7,Adobe PageMaker,,,,hard,langage_ou_techno_nommee,ONET,SKL_58d2d0ca242d
CANS_3ac183170234,CA SiteMinder,,,,hard,langage_ou_techno_nommee,ONET,SKL_dc619b120c30
CANS_26e848c96baf,Content management systems CMS,,,,hard,langage_ou_techno_nommee,ONET,SKL_8ef93c76ebd3
CANS_cd7ac5fd988d,Email software,,,,hard,langage_ou_techno_nommee,ONET,SKL_8a89697e40d5
CANS_36d176219b15,Microsoft DNS Server,,,,hard,langage_ou_techno_nommee,ONET,SKL_c3c5349de9b2
CANS_5729dc376016,Microsoft Internet Information Services (IIS) Manager,,,,hard,langage_ou_techno_nommee,ONET,SKL_6487fb2deed4
CANS_3bcb4e79b542,Microsoft SharePoint Server,,,,hard,langage_ou_techno_nommee,ONET,SKL_04c4332751cd
CANS_451c41472f01,Microsoft Virtual Server,,,,hard,langage_ou_techno_nommee,ONET,SKL_599c24426f60
CANS_7e34acaf94bf,OpenText Livelink ECM,,,,hard,langage_ou_techno_nommee,ONET,SKL_5e9521c0c4fd
CANS_2e4f242ec630,Router software,,,,hard,langage_ou_techno_nommee,ONET,SKL_524bb623923f
CANS_7a153e42ac5f,Salesforce Marketing Cloud,,,,hard,langage_ou_techno_nommee,ONET,SKL_a5d63ae1f5eb
CANS_7a5c09d5139c,Sony Sound Forge,,,,hard,langage_ou_techno_nommee,ONET,SKL_36b1481e531c
CANS_8d919476022d,Sorenson Media Sorenson Squeeze,,,,hard,langage_ou_techno_nommee,ONET,SKL_52036ffaf42c
CANS_ee1bfdcf3cbb,Sun Microsystems Java Servlet API,,,,hard,langage_ou_techno_nommee,ONET,SKL_3dfcafb34092
CANS_02f4169f41f5,Switch software,,,,hard,langage_ou_techno_nommee,ONET,SKL_e61d5dc6e319
CANS_3364e0fcbbcc,Tool command language Tcl,,,,hard,langage_ou_techno_nommee,ONET,SKL_0fa2a244620e
CANS_612783a072e0,Vignette Content Management,,,,hard,langage_ou_techno_nommee,ONET,SKL_93a9fc264ab7
CANS_10ef0650c85f,Vignette Portal,,,,hard,langage_ou_techno_nommee,ONET,SKL_8e3a1a189a3f
CANS_493ff4fdb874,Web application framework software,,,,hard,langage_ou_techno_nommee,ONET,SKL_6e86b5f9ef14
CANS_0dee71c1bcac,WebTrends Analytics,,,,hard,langage_ou_techno_nommee,ONET,SKL_b2ff2c5e8344
CANS_aaa81ef3f1c6,Agronomic modeling software,,,,hard,langage_ou_techno_nommee,ONET,SKL_94631a51b55b
CANS_93ab971d6bb7,ArcGIS Web AppBuilder,,,,hard,langage_ou_techno_nommee,ONET,SKL_017446be94a4
CANS_7a7fdf8c6c44,Autodesk Land Desktop,,,,hard,langage_ou_techno_nommee,ONET,SKL_52ad2acad17f
CANS_199d0dfc710c,Autodesk MapGuide,,,,hard,langage_ou_techno_nommee,ONET,SKL_19f51f38e75f
CANS_8d5336ff13b3,Autodesk Topobase,,,,hard,langage_ou_techno_nommee,ONET,SKL_b33f945f5a6b
CANS_e33cb9ad4ac7,CDA International Manifold System,,,,hard,langage_ou_techno_nommee,ONET,SKL_f7cea4744d74
CANS_186ffb6bc095,Computer aided design and drafting software CADD,,,,hard,langage_ou_techno_nommee,ONET,SKL_bdcd796cc8c4
CANS_61167c0e2da0,Coordinate geometry COGO software,,,,hard,langage_ou_techno_nommee,ONET,SKL_2fbd907a5114
CANS_dc4746a86852,dBASE,,,,hard,langage_ou_techno_nommee,ONET,SKL_4fbed9cc1656
CANS_d4fff8a29130,ESRI ArcEditor,,,,hard,langage_ou_techno_nommee,ONET,SKL_1f023e5853dd
CANS_61587bcb2e20,ESRI ArcGIS ArcPy,,,,hard,langage_ou_techno_nommee,ONET,SKL_ca41b9a6745e
CANS_c0f0c32959be,ESRI ArcGIS Geostatistical Analyst,,,,hard,langage_ou_techno_nommee,ONET,SKL_f56414c1e481
CANS_b3d515587db2,ESRI ArcGIS Spatial Analyst,,,,hard,langage_ou_techno_nommee,ONET,SKL_f67a18178e2f
CANS_db12b43fcbf2,ESRI ArcGIS Survey 123,,,,hard,langage_ou_techno_nommee,ONET,SKL_a9d80025ff3e
CANS_9c575248b153,ESRI ArcIMS,,,,hard,langage_ou_techno_nommee,ONET,SKL_22985d4a56e8
CANS_d4d9c5d8b7d3,ESRI ArcInfo,,,,hard,langage_ou_techno_nommee,ONET,SKL_856f6a43d56a
CANS_38316add89a6,ESRI ArcPad,,,,hard,langage_ou_techno_nommee,ONET,SKL_79160d08e316
CANS_0da31ff79143,ESRI ArcSDE,,,,hard,langage_ou_techno_nommee,ONET,SKL_1ef13078af3a
CANS_8359036828a7,ESRI ArcView,,,,hard,langage_ou_techno_nommee,ONET,SKL_923728c94e7b
CANS_6ca6d734a806,Geographic information system GIS systems,,,,hard,langage_ou_techno_nommee,ONET,SKL_8cf61209d0f8
CANS_5a46c44c4622,Global positioning system GPS software,,,,hard,langage_ou_techno_nommee,ONET,SKL_55879d97eb3f
CANS_079431338883,Google Earth Pro,,,,hard,langage_ou_techno_nommee,ONET,SKL_952a8b24bcb0
CANS_94400c7808d5,Google Workspace software,,,,hard,langage_ou_techno_nommee,ONET,SKL_3bc1dff64ae3
CANS_804d4b2b32b9,Hydrological modeling software,,,,hard,langage_ou_techno_nommee,ONET,SKL_bd4d32f9b605
CANS_5d8a208d65a9,ITT Visual Information Solutions ENVI,,,,hard,langage_ou_techno_nommee,ONET,SKL_71e75ca825bf
CANS_d7cde71c2f3c,Landmark Graphics GeoGraphix,,,,hard,langage_ou_techno_nommee,ONET,SKL_f488f19305d8
CANS_771631717959,Leica Geosystems ERDAS IMAGINE,,,,hard,langage_ou_techno_nommee,ONET,SKL_8428caf27a52
CANS_d167dd274c5a,National Land Cover Database NLCD,,,,hard,langage_ou_techno_nommee,ONET,SKL_dbca4c34c6c9
CANS_c6d58b24ada6,QGIS,,,,hard,langage_ou_techno_nommee,ONET,SKL_7a529180a7cc
CANS_561c4d64a75e,Relational database management system RDMS,,,,hard,langage_ou_techno_nommee,ONET,SKL_4bb363686f55
CANS_8db37ca6724e,RockWare ArcMap,,,,hard,langage_ou_techno_nommee,ONET,SKL_31e02e423dbb
CANS_df8e878e08f1,Soil Survey Geographic SSURGO,,,,hard,langage_ou_techno_nommee,ONET,SKL_23bfb7668c8c
CANS_c8305ffb1d8d,State Soil Geographic STATSGO Database,,,,hard,langage_ou_techno_nommee,ONET,SKL_cd6ae4309ebc
CANS_9eb0c26464f2,Sun Microsystems Java,,,,hard,langage_ou_techno_nommee,ONET,SKL_21aede47aa65
CANS_c85e3ef7dffb,Trimble Pathfinder Office,,,,hard,langage_ou_techno_nommee,ONET,SKL_013d2d7bb6e4
CANS_a4b873f6af1e,Ademero Content Central,,,,hard,langage_ou_techno_nommee,ONET,SKL_ed83604b04e5
CANS_cafe5388cc28,Advanced Processing and Imaging OptiView ECM,,,,hard,langage_ou_techno_nommee,ONET,SKL_cd18f4435161
CANS_a551785e6ec8,Alfresco Software Alfresco,,,,hard,langage_ou_techno_nommee,ONET,SKL_8fbc2f068337
CANS_75021a2abfda,Autonomy iManage WorkSite,,,,hard,langage_ou_techno_nommee,ONET,SKL_7395fceee0ac
CANS_785700f4a314,Business process management BPM software,,,,hard,langage_ou_techno_nommee,ONET,SKL_b6998f0aae14
CANS_7646910c9125,Cabinet NG CNG-SAFE,,,,hard,langage_ou_techno_nommee,ONET,SKL_ed82fd9f54ac
CANS_79427dd0b5d3,CAPSYS Capture,,,,hard,langage_ou_techno_nommee,ONET,SKL_ec36aabe196e
CANS_b7bb870b7a56,Central Desktop,,,,hard,langage_ou_techno_nommee,ONET,SKL_de642f4513e3
CANS_d5dcf1340e89,Computhink ViewWise,,,,hard,langage_ou_techno_nommee,ONET,SKL_9bd96a56890b
CANS_d5b5c856421f,Conarc iChannel,,,,hard,langage_ou_techno_nommee,ONET,SKL_329692ec2895
CANS_3db5777df6f6,Day Software CQ5 Web Content Management,,,,hard,langage_ou_techno_nommee,ONET,SKL_798d66e45bed
CANS_8f4fdb720d97,DB Tech RAS,,,,hard,langage_ou_techno_nommee,ONET,SKL_c7a71a4b2ed0
CANS_07719dbe1020,Doc.It DM,,,,hard,langage_ou_techno_nommee,ONET,SKL_76002d1f03d1
CANS_5ce379dea5cd,Document imaging software,,,,hard,langage_ou_techno_nommee,ONET,SKL_e574016e8ffb
CANS_9d29b13524da,Document indexing software,,,,hard,langage_ou_techno_nommee,ONET,SKL_70bddb75b4e6
CANS_881a4edb8bac,DocuSign eSignature,,,,hard,langage_ou_techno_nommee,ONET,SKL_3b6d653f1874
CANS_dde51358e844,EMC Captiva,,,,hard,langage_ou_techno_nommee,ONET,SKL_4683803ed87d
CANS_769469d18ba3,EMC Document Sciences xPression,,,,hard,langage_ou_techno_nommee,ONET,SKL_82756aa4544c
CANS_70f783b27b9c,EMC Documentum,,,,hard,langage_ou_techno_nommee,ONET,SKL_68a176349fa0
CANS_6bacc3f0dc2c,Enterprise report management ERM software,,,,hard,langage_ou_techno_nommee,ONET,SKL_09137a66e0ca
CANS_bec01b6a21be,Ever Team EverSuite Content Management,,,,hard,langage_ou_techno_nommee,ONET,SKL_f65c366ad3be
CANS_496dd8bb19fc,Fabasoft Folio,,,,hard,langage_ou_techno_nommee,ONET,SKL_b23245897e32
CANS_6a858b8be27f,File compression software,,,,hard,langage_ou_techno_nommee,ONET,SKL_8ae94b403a84
CANS_34b53669967f,File system software,,,,hard,langage_ou_techno_nommee,ONET,SKL_6d75b82d05a7
CANS_36b376dbca54,FileHold Systems FileHold,,,,hard,langage_ou_techno_nommee,ONET,SKL_71706eb9fcb6
CANS_2c05ad796bb2,FileVision,,,,hard,langage_ou_techno_nommee,ONET,SKL_cd00ced3c732
CANS_5def232b59da,Hewlett Packard Exstream Dialogue,,,,hard,langage_ou_techno_nommee,ONET,SKL_869d27d87534
CANS_5314b4550fbf,Hyland Software OnBase,,,,hard,langage_ou_techno_nommee,ONET,SKL_62b998c7f17d
CANS_a7a8fe8c0f10,IBM BPM Blueprint,,,,hard,langage_ou_techno_nommee,ONET,SKL_9551859532e4
CANS_3d5bda724ff4,IBM FileNet Content Manager,,,,hard,langage_ou_techno_nommee,ONET,SKL_e6abf1b50a8a
CANS_84a0c2649439,IBM MVS,,,,hard,langage_ou_techno_nommee,ONET,SKL_530072cce77f
CANS_c4636d10fb99,Laserfiche Rio,,,,hard,langage_ou_techno_nommee,ONET,SKL_2ef8022b62b7
CANS_a207fb2aadef,Microsoft Office Document Imaging,,,,hard,langage_ou_techno_nommee,ONET,SKL_a514ced7e9b9
CANS_beb99f5c24ee,Newgen Software Technologies OmniDocs,,,,hard,langage_ou_techno_nommee,ONET,SKL_a9d18f2e2095
CANS_98dced5815df,Objectif Lune PlanetPress Suite,,,,hard,langage_ou_techno_nommee,ONET,SKL_2d2b1ef19fb9
CANS_88a5359c6cc9,Objective Electronic Document Management,,,,hard,langage_ou_techno_nommee,ONET,SKL_7cce66d100d2
CANS_ab0ba3f2413e,Office Gemini Diamond Vision,,,,hard,langage_ou_techno_nommee,ONET,SKL_8913fdfe37a9
CANS_94184e7a68fe,Open Text Web Solutions,,,,hard,langage_ou_techno_nommee,ONET,SKL_f38280ff5e03
CANS_ac21eff76713,OpenDocMan,,,,hard,langage_ou_techno_nommee,ONET,SKL_7073b59a5feb
CANS_66fea6c6bf4b,Optical character recognition OCR software,,,,hard,langage_ou_techno_nommee,ONET,SKL_6281dc78fff6
CANS_be0441d82bb2,Oracle Universal Content Management,,,,hard,langage_ou_techno_nommee,ONET,SKL_005d45691c12
CANS_3f1058ebcc52,Pegasystems SmartBPM,,,,hard,langage_ou_techno_nommee,ONET,SKL_d3a4486361aa
CANS_80f5df5db3a2,Perceptive Software ImageNow,,,,hard,langage_ou_techno_nommee,ONET,SKL_225e77501444
CANS_40ef218b11f5,Personable Workflow DMS,,,,hard,langage_ou_techno_nommee,ONET,SKL_b3d6cc2d22fb
CANS_c4169d99f416,Records management software,,,,hard,langage_ou_techno_nommee,ONET,SKL_063eb97a1b62
CANS_de0dca370a4c,SAP DMS,,,,hard,langage_ou_techno_nommee,ONET,SKL_68b32263cbe2
CANS_84355d1a2549,SAP ERP Financials,,,,hard,langage_ou_techno_nommee,ONET,SKL_1543e6c1306e
CANS_85cdf5a8c836,Saperion ECM,,,,hard,langage_ou_techno_nommee,ONET,SKL_40ff216d4c22
CANS_1d0b907514d7,Systemware,,,,hard,langage_ou_techno_nommee,ONET,SKL_51f356f1cac4
CANS_a5a7426d5852,Thomson Reuters FileCabinet CS,,,,hard,langage_ou_techno_nommee,ONET,SKL_5a760f97ce6a
CANS_b29b4af436d6,Thomson Reuters GoFileRoom,,,,hard,langage_ou_techno_nommee,ONET,SKL_ffc8fdefd2a8
CANS_0a37cc5b1798,Treeno Software Treeno Content Server,,,,hard,langage_ou_techno_nommee,ONET,SKL_6f9d11773dfa
CANS_90304087c35f,Vertafore ImageRight,,,,hard,langage_ou_techno_nommee,ONET,SKL_0bd8a881bdbd
CANS_fe6e93b51f4a,Westbrook Fortis,,,,hard,langage_ou_techno_nommee,ONET,SKL_ee26275fccfd
CANS_e1b6391b07ef,Xerox DocuShare,,,,hard,langage_ou_techno_nommee,ONET,SKL_3737d5d25708
CANS_a32f3887c825,Xythos Enterprise Document Management Suite,,,,hard,langage_ou_techno_nommee,ONET,SKL_fc3185051104
CANS_563e10e2b522,Ghidra,,,,hard,langage_ou_techno_nommee,ONET,SKL_10385ffae6da
CANS_f5c43843df52,Hex-Rays IDA Pro,,,,hard,langage_ou_techno_nommee,ONET,SKL_b9197b7aed6f
CANS_9b2f999b7c5f,Invicti Acunetix,,,,hard,langage_ou_techno_nommee,ONET,SKL_a46bc2af4489
CANS_c36fe202aa26,Nmap,,,,hard,langage_ou_techno_nommee,ONET,SKL_5548e179aeff
CANS_dd8d8a3c9441,Rapid7 software,,,,hard,langage_ou_techno_nommee,ONET,SKL_76288b9a54a2
CANS_2531cb4f54d6,Rust programming language,,,,hard,langage_ou_techno_nommee,ONET,SKL_0f8e046a8c75
CANS_26274dee0464,Security assertion markup language SAML,,,,hard,langage_ou_techno_nommee,ONET,SKL_e9e9d37d8bc9
CANS_f7a3bc43e580,Vector 35 Binary Ninja,,,,hard,langage_ou_techno_nommee,ONET,SKL_5b632bd35135
CANS_092b54452e1a,Collaborative editing software,,,,hard,langage_ou_techno_nommee,ONET,SKL_662e7f0f2571
CANS_c086addea510,IBM Resource Access Control Facility RACF,,,,hard,langage_ou_techno_nommee,ONET,SKL_ba6f10f81a02
CANS_db6dc1e2a8ed,McAfee Enterprise Security Manager,,,,hard,langage_ou_techno_nommee,ONET,SKL_f938f8ecdd46
CANS_26a2880efd22,Microsoft Azure Sentinel,,,,hard,langage_ou_techno_nommee,ONET,SKL_608f4172f662
CANS_dcdbdf5c9c1c,Microsoft Defender Antivirus,,,,hard,langage_ou_techno_nommee,ONET,SKL_132fcb24c3e0
CANS_db6cca3ad2e3,Microsoft Security Esssentials,,,,hard,langage_ou_techno_nommee,ONET,SKL_5f8713b55185
CANS_42388cb5cfca,Oracle Unified Directory,,,,hard,langage_ou_techno_nommee,ONET,SKL_9128f3801462
CANS_0cb40d2461c9,Reporting software,,,,hard,langage_ou_techno_nommee,ONET,SKL_c0d506e06371
CANS_b8f9dec9c105,Tanium software,,,,hard,langage_ou_techno_nommee,ONET,SKL_8fa663648339
CANS_99f43c1239f2,Guidance Software EnCase Enterprise,,,,hard,langage_ou_techno_nommee,ONET,SKL_9b7e89e5a28a
CANS_b0c8364b9d9d,OpenVAS,,,,hard,langage_ou_techno_nommee,ONET,SKL_01cf8a2503be
CANS_2c16db0f38b0,Amazon Elastic Container Service ECS,,,,hard,langage_ou_techno_nommee,ONET,SKL_011de339b521
CANS_488a771e011b,Software as a service SaaS,,,,hard,langage_ou_techno_nommee,ONET,SKL_ee346e9e4c36
CANS_7c6059ab9ae4,Web framework software,,,,hard,langage_ou_techno_nommee,ONET,SKL_b5c9734aacb6
CANS_2a57915b3cb5,Adobe AIR,,,,hard,langage_ou_techno_nommee,ONET,SKL_22f83ae5018d
CANS_c8da8446e6f1,Adobe FrameMaker,,,,hard,langage_ou_techno_nommee,ONET,SKL_75648a2a532c
CANS_bd098c3722fe,Altia Design,,,,hard,langage_ou_techno_nommee,ONET,SKL_c193cb6b451c
CANS_c9fd676a9039,Aonix Software Through Pictures,,,,hard,langage_ou_techno_nommee,ONET,SKL_6829d76e8a37
CANS_4057e5493ae5,Basecamp,,,,hard,langage_ou_techno_nommee,ONET,SKL_6caf2ae604d4
CANS_6d714628fd21,BEA Tuxedo,,,,hard,langage_ou_techno_nommee,ONET,SKL_4346ef097525
CANS_2dca7f8f1d51,Borland VisiBroker,,,,hard,langage_ou_techno_nommee,ONET,SKL_759098493f33
CANS_53b3cb7f9fef,BroadVision software,,,,hard,langage_ou_techno_nommee,ONET,SKL_f5df68b7a0b4
CANS_e21cfed6f93a,Clarity Systems IBM Clarity,,,,hard,langage_ou_techno_nommee,ONET,SKL_7978b61d1c88
CANS_0011139be1e7,DBTools Software DBManager Professional,,,,hard,langage_ou_techno_nommee,ONET,SKL_bc6c7fe8aac3
CANS_53c8e78eb388,Eko,,,,hard,langage_ou_techno_nommee,ONET,SKL_6e468e67bba1
CANS_13b8e5155046,Grails,,,,hard,langage_ou_techno_nommee,ONET,SKL_3d462ea7ccc6
CANS_700c645f9083,IBM ILOG,,,,hard,langage_ou_techno_nommee,ONET,SKL_259b4a73c044
CANS_d97acbae8d77,IBM Lotus SameTime,,,,hard,langage_ou_techno_nommee,ONET,SKL_63bf42684664
CANS_309e3ccfc0b9,IBM Rational Application Developer,,,,hard,langage_ou_techno_nommee,ONET,SKL_eaf7bc5d6faf
CANS_f27a528e9c60,IBM Rational Build Forge,,,,hard,langage_ou_techno_nommee,ONET,SKL_df59ff536a2c
CANS_1e43ed37fe6a,InScribe,,,,hard,langage_ou_techno_nommee,ONET,SKL_5a176d24a5a0
CANS_661b5d54d304,IONA Orbix,,,,hard,langage_ou_techno_nommee,ONET,SKL_c822c7fc9320
CANS_65ebfc6ff5eb,Symark PowerBroker,,,,hard,langage_ou_techno_nommee,ONET,SKL_97ace2dd0024
CANS_41a3cb680fc0,ToadSoft Toad,,,,hard,langage_ou_techno_nommee,ONET,SKL_a97df5f547eb
CANS_831d9fc2d8bc,24SevenOffice Project,,,,hard,langage_ou_techno_nommee,ONET,SKL_86e74c9b6f58
CANS_845e07783b36,Actano Rplan,,,,hard,langage_ou_techno_nommee,ONET,SKL_6fb74401a405
CANS_c94ff01e1fe9,AEC Software FastTrack Schedule,,,,hard,langage_ou_techno_nommee,ONET,SKL_3f89b0cdb6ae
CANS_fc3e007ee229,AMS REALTIME Projects,,,,hard,langage_ou_techno_nommee,ONET,SKL_c7a7d73c3b11
CANS_1e4285c7b406,AnthillPro,,,,hard,langage_ou_techno_nommee,ONET,SKL_b074e3ac177c
CANS_7c3cb79a9193,Apache Continuum,,,,hard,langage_ou_techno_nommee,ONET,SKL_eea0d0812b29
CANS_3a294ef7b377,Apache Gump,,,,hard,langage_ou_techno_nommee,ONET,SKL_a7f876e5b03a
CANS_3330d339d058,Ascensio Systems TeamLab,,,,hard,langage_ou_techno_nommee,ONET,SKL_6c2890fb865b
CANS_43a86cf76445,Assembla,,,,hard,langage_ou_techno_nommee,ONET,SKL_f396887d132d
CANS_bbefdc8179fd,AtTask,,,,hard,langage_ou_techno_nommee,ONET,SKL_0597c991a32a
CANS_e9e80451d887,Automation Centre TrackerSuite.Net,,,,hard,langage_ou_techno_nommee,ONET,SKL_c8b58accee64
CANS_58c46b9e3311,BrightWork pmPoint,,,,hard,langage_ou_techno_nommee,ONET,SKL_c05d435f897a
CANS_6afe67f4e9de,CA Technologies CA Clarity PPM for IT Governance,,,,hard,langage_ou_techno_nommee,ONET,SKL_236ce7fa2e0e
CANS_7f3941832718,Canonical Launchpad,,,,hard,langage_ou_techno_nommee,ONET,SKL_fa43334f1896
CANS_38f3ab9e3714,Clarizen,,,,hard,langage_ou_techno_nommee,ONET,SKL_e52e093fdec6
CANS_46491e3df1ab,Code hosting software,,,,hard,langage_ou_techno_nommee,ONET,SKL_c7f8b1325fa6
CANS_5c296c03bbff,Collaborative application lifecycle management ALM software,,,,hard,langage_ou_techno_nommee,ONET,SKL_cebd0fbb2145
CANS_e4fb74e40d28,Continuous integration software,,,,hard,langage_ou_techno_nommee,ONET,SKL_35801bb2808e
CANS_28130a83cb06,Countersoft Gemini,,,,hard,langage_ou_techno_nommee,ONET,SKL_49c2460bd514
CANS_5f50d3ec2999,CS Odessa ConceptDraw Project,,,,hard,langage_ou_techno_nommee,ONET,SKL_8fdf279fa860
CANS_82c79922bb33,Daptiv PPM,,,,hard,langage_ou_techno_nommee,ONET,SKL_0d4c3fd1d773
CANS_a6d7ca5c2a05,Digital Crew Teamwork Project Manager,,,,hard,langage_ou_techno_nommee,ONET,SKL_2b8ed6b85ee6
CANS_9202ef7b4c2d,Disarea 5pm,,,,hard,langage_ou_techno_nommee,ONET,SKL_c3375c94c856
CANS_ff8b3b56d485,dotProject,,,,hard,langage_ou_techno_nommee,ONET,SKL_6b282a1e1622
CANS_c23e282ea858,easyCIS,,,,hard,langage_ou_techno_nommee,ONET,SKL_09121587a238
CANS_85cca4330119,Edgewell Trac,,,,hard,langage_ou_techno_nommee,ONET,SKL_7a3cdb6a8f1d
CANS_f1ea13f8a8ca,Edulastic,,,,hard,langage_ou_techno_nommee,ONET,SKL_140a2db7c463
CANS_e52a14e8373d,ElectricCloud ElectricCommander,,,,hard,langage_ou_techno_nommee,ONET,SKL_2d3f87f651fb
CANS_3fb65a38efba,Element Software Copper,,,,hard,langage_ou_techno_nommee,ONET,SKL_9f18d700e640
CANS_ccc0704efa6c,Endeavour Agile ALM,,,,hard,langage_ou_techno_nommee,ONET,SKL_45d89339d316
CANS_5183e8aeda26,Experience in Software Project KickStart,,,,hard,langage_ou_techno_nommee,ONET,SKL_34b5804b9bee
CANS_10b98c658000,Feng Office Collaboration Platform,,,,hard,langage_ou_techno_nommee,ONET,SKL_7dea86b014ea
CANS_912fa87dc586,FinalBuilder,,,,hard,langage_ou_techno_nommee,ONET,SKL_0e9edc8f8734
CANS_281ce27303db,Fog Creek Software FogBugz,,,,hard,langage_ou_techno_nommee,ONET,SKL_38dc4508d4ab
CANS_c035bce4f569,Forum One Communications ProjectSpaces,,,,hard,langage_ou_techno_nommee,ONET,SKL_2de95526d084
CANS_d2c9276fa30f,GanttProject,,,,hard,langage_ou_techno_nommee,ONET,SKL_7b207da1b5f6
CANS_437a0b7e2209,Glasscubes,,,,hard,langage_ou_techno_nommee,ONET,SKL_2489e4628dae
CANS_0702acf253c4,Hewlett Packard HP Project Portfolio Management Solution,,,,hard,langage_ou_techno_nommee,ONET,SKL_600efce62fe1
CANS_dbbbc0e48761,HyperOffice Collaboration Suite,,,,hard,langage_ou_techno_nommee,ONET,SKL_b09e09cc9168
CANS_b5d4acff9f0a,i-lign,,,,hard,langage_ou_techno_nommee,ONET,SKL_2858121fade9
CANS_d58e4ab50667,IBM Software Configuration and Library Manager SCLM,,,,hard,langage_ou_techno_nommee,ONET,SKL_e758f2515035
CANS_de5915eb50c5,InLoox,,,,hard,langage_ou_techno_nommee,ONET,SKL_64c75f6a768b
CANS_db28967a03c2,Intellisys Project Desktop,,,,hard,langage_ou_techno_nommee,ONET,SKL_f1293f9b57c9
CANS_ad1c7b67cb7b,Intland Software codeBeamer,,,,hard,langage_ou_techno_nommee,ONET,SKL_358b6d0d6870
CANS_407a27c6c340,Issue tracking system software,,,,hard,langage_ou_techno_nommee,ONET,SKL_418243c3c7e8
CANS_5b3a79f5a6d3,JetBrains Team City,,,,hard,langage_ou_techno_nommee,ONET,SKL_800dfe26250a
CANS_96dc7c6c84f4,Kforge,,,,hard,langage_ou_techno_nommee,ONET,SKL_bf206e9e236b
CANS_558e1de27ba4,Kidasa Milestones Professional,,,,hard,langage_ou_techno_nommee,ONET,SKL_0eb630b88658
CANS_7c0004fdb55e,KOffice.org Kplato,,,,hard,langage_ou_techno_nommee,ONET,SKL_30cd89cc449e
CANS_4d46951028db,KommandCore,,,,hard,langage_ou_techno_nommee,ONET,SKL_ad7386fdd7d9
CANS_f78f78d8a642,LiquidPlanner,,,,hard,langage_ou_techno_nommee,ONET,SKL_88a342c7de49
CANS_cd5392811e72,Logic Software Easy Projects.NET,,,,hard,langage_ou_techno_nommee,ONET,SKL_f7538fe0b8a7
CANS_4db96621a765,LuntBuild,,,,hard,langage_ou_techno_nommee,ONET,SKL_78c9e5404fa9
CANS_fc570622e935,Madrigal Soft Tools Delegator,,,,hard,langage_ou_techno_nommee,ONET,SKL_a58b78d19f2e
CANS_dae1a4226b11,MantisBT,,,,hard,langage_ou_techno_nommee,ONET,SKL_ea759919e269
CANS_e3b726174e2f,MatchWare MindView,,,,hard,langage_ou_techno_nommee,ONET,SKL_1873e8981705
CANS_a240809def2e,Mind mapping software,,,,hard,langage_ou_techno_nommee,ONET,SKL_0626c43632f4
CANS_a7a9ef7a4826,MindGenius,,,,hard,langage_ou_techno_nommee,ONET,SKL_e2b65fb84210
CANS_c9e5fb7a80d9,MinuteMan Systems MinuteMan Project Management Software,,,,hard,langage_ou_techno_nommee,ONET,SKL_08b3ddb5f9b5
CANS_5b235b80da1a,MPI Micro Planner X-Pert,,,,hard,langage_ou_techno_nommee,ONET,SKL_5e153fa4205f
CANS_5ade81b15197,Ninian Huddle,,,,hard,langage_ou_techno_nommee,ONET,SKL_63e255391f4b
CANS_017314fadeb0,NovaMind Merlin Project Manager,,,,hard,langage_ou_techno_nommee,ONET,SKL_1d578356cfab
CANS_53e5818d64cf,O3spaces Workplace,,,,hard,langage_ou_techno_nommee,ONET,SKL_ae8a06357d3d
CANS_f6ad67efc910,Objective Decision Contactizer Pro,,,,hard,langage_ou_techno_nommee,ONET,SKL_33d79e85ddb5
CANS_bae1f18a5251,OfficeWork Software TurboProject,,,,hard,langage_ou_techno_nommee,ONET,SKL_828843f2c90b
CANS_7aa509ce77ab,Open Dynamics Collabtive,,,,hard,langage_ou_techno_nommee,ONET,SKL_0900822623ae
CANS_8e8e2eb773f7,OpenMake Software Meister,,,,hard,langage_ou_techno_nommee,ONET,SKL_2de09cd81f62
CANS_15089c73fe69,OpenMake Software Mojo,,,,hard,langage_ou_techno_nommee,ONET,SKL_3d6c349c4f96
CANS_07e4d21f3741,Oracle Primavera P6 Professional Project Management,,,,hard,langage_ou_techno_nommee,ONET,SKL_b831b5be009b
CANS_5517dc5bf66e,Palbridge Ubidesk,,,,hard,langage_ou_techno_nommee,ONET,SKL_635c8e22c338
CANS_926f0e5f5cae,Planbox,,,,hard,langage_ou_techno_nommee,ONET,SKL_0fe46c1abe1f
CANS_d13b2085e460,Planisware,,,,hard,langage_ou_techno_nommee,ONET,SKL_f228688fcf0f
CANS_21582a7a4dc1,Planview Process Builder,,,,hard,langage_ou_techno_nommee,ONET,SKL_409e634bf9a2
CANS_af7188a01d80,pm ase QuickBuild,,,,hard,langage_ou_techno_nommee,ONET,SKL_4edf2e7fb4bb
CANS_0601490d2530,Project Manager Online ProjectManager.com,,,,hard,langage_ou_techno_nommee,ONET,SKL_1306122ce8a6
CANS_e2f8c8040884,Project portfolio management PPM software,,,,hard,langage_ou_techno_nommee,ONET,SKL_10e30fff7cc1
CANS_cf1e27b34eb5,Project-Open,,,,hard,langage_ou_techno_nommee,ONET,SKL_62c28b32e8b9
CANS_ef20c4189ab0,Project.net,,,,hard,langage_ou_techno_nommee,ONET,SKL_e5af3973bd63
CANS_c849b869de96,ProjectLibre,,,,hard,langage_ou_techno_nommee,ONET,SKL_683f6a6830c0
CANS_8bcb643773f0,Projecturf,,,,hard,langage_ou_techno_nommee,ONET,SKL_14084514a50f
CANS_1b0d168b4620,QSM SLIM Suite,,,,hard,langage_ou_techno_nommee,ONET,SKL_27639ce91e65
CANS_515d133ab2d9,QuickBase business management software,,,,hard,langage_ou_techno_nommee,ONET,SKL_b6c702f93951
CANS_c46c55e1ba06,Redmine,,,,hard,langage_ou_techno_nommee,ONET,SKL_938e7366f1c4
CANS_cac34e0510ab,Resource management software,,,,hard,langage_ou_techno_nommee,ONET,SKL_f8645a516bc7
CANS_8ccbbe256fbf,Scheduling software,,,,hard,langage_ou_techno_nommee,ONET,SKL_c2dedcf5381d
CANS_af7a269bed7b,Sciforma,,,,hard,langage_ou_techno_nommee,ONET,SKL_e3181e3851be
CANS_e4203220ea41,SharedPlan Software SharedPlan Pro,,,,hard,langage_ou_techno_nommee,ONET,SKL_1cb2f1007ba9
CANS_e05a55b84ced,Siemens Teamcenter,,,,hard,langage_ou_techno_nommee,ONET,SKL_f5ca0041ed55
CANS_065008817963,SmartBear Software Automated Build Studio,,,,hard,langage_ou_techno_nommee,ONET,SKL_38d57776f7f7
CANS_a05fce966368,Smartsheet,,,,hard,langage_ou_techno_nommee,ONET,SKL_1b10f2ee8b89
CANS_0eb5e78fe0b8,Standpipe Studios Vertabase,,,,hard,langage_ou_techno_nommee,ONET,SKL_b54d67e1053f
CANS_b956f58f0959,Stylite eGroupWare,,,,hard,langage_ou_techno_nommee,ONET,SKL_0d1f62e292b7
CANS_eb8e10a9488d,TaskJuggler,,,,hard,langage_ou_techno_nommee,ONET,SKL_5c36736fc365
CANS_e0822b341de5,TeamDynamixHE,,,,hard,langage_ou_techno_nommee,ONET,SKL_e669cdc55b35
CANS_a3c1f5b178ff,Tenrox Project Workforce Management,,,,hard,langage_ou_techno_nommee,ONET,SKL_2ba11ee97d59
CANS_23cde388c06d,The Omni Group OmniPlan,,,,hard,langage_ou_techno_nommee,ONET,SKL_0062db591ce3
CANS_34b6f1c02959,ThoughtWorks Studio Mingle,,,,hard,langage_ou_techno_nommee,ONET,SKL_f6b7846bdce2
CANS_c46635469af5,Tigris Cabie,,,,hard,langage_ou_techno_nommee,ONET,SKL_2e2b43381796
CANS_0a5b482560a2,Unawave,,,,hard,langage_ou_techno_nommee,ONET,SKL_815171323dc2
CANS_a2badd0e90e2,Vitria M3O Operational Intelligence,,,,hard,langage_ou_techno_nommee,ONET,SKL_c43f85e5348a
CANS_4f5aabbd29d7,VSCOnline VPMi,,,,hard,langage_ou_techno_nommee,ONET,SKL_726b1beb6011
CANS_d4ba3520d99b,WBS Goplan,,,,hard,langage_ou_techno_nommee,ONET,SKL_ea844ed698ce
CANS_b0a0c12f43e5,web2project,,,,hard,langage_ou_techno_nommee,ONET,SKL_92ac9a039d68
CANS_7917ad1579c5,Wrike,,,,hard,langage_ou_techno_nommee,ONET,SKL_7125a56d6c97
CANS_56aae87ce178,Xplanner,,,,hard,langage_ou_techno_nommee,ONET,SKL_738e774d2dbc
CANS_bd6a415deb38,Zoho Projects,,,,hard,langage_ou_techno_nommee,ONET,SKL_45b7a6bc49c5
CANS_1c99779cfd68,Apache MXNet,,,,hard,langage_ou_techno_nommee,ONET,SKL_2abccf947011
CANS_834cb33b2463,BigQuery,,,,hard,langage_ou_techno_nommee,ONET,SKL_3bce2c57b53c
CANS_38603f3c0681,Business intelligence software,,,,hard,langage_ou_techno_nommee,ONET,SKL_7093b22635b3
CANS_fe5318a0a772,Flask,,,,hard,langage_ou_techno_nommee,ONET,SKL_b7f56ce8ea38
CANS_c77ecf0a81e9,Julia,,,,hard,langage_ou_techno_nommee,ONET,SKL_6ea4eca1c77b
CANS_de7b245c0fba,Jupyter software,,,,hard,langage_ou_techno_nommee,ONET,SKL_ca6b8ad543b8
CANS_b10e82e1be4e,Keras,,,,hard,langage_ou_techno_nommee,ONET,SKL_acc417f4229e
CANS_c3f9da289095,Kubeflow,,,,hard,langage_ou_techno_nommee,ONET,SKL_bf97780ba1ce
CANS_d921dec2afe5,MapReduce big data software,,,,hard,langage_ou_techno_nommee,ONET,SKL_07316b3e898b
CANS_7c20f7e65803,Mlflow,,,,hard,langage_ou_techno_nommee,ONET,SKL_24b0e7ee199b
CANS_31ba94451c74,Neo4j,,,,hard,langage_ou_techno_nommee,ONET,SKL_b6ece584a80e
CANS_258faa45dcf6,NumPy,,,,hard,langage_ou_techno_nommee,ONET,SKL_61bfa5f3156f
CANS_e6b10306b61b,SciPy,,,,hard,langage_ou_techno_nommee,ONET,SKL_cce8314ca6cb
CANS_518f8920c3da,Shiny,,,,hard,langage_ou_techno_nommee,ONET,SKL_9ce5950ae881
CANS_b8bf841eb1eb,spaCy,,,,hard,langage_ou_techno_nommee,ONET,SKL_a826f0b42ecc
CANS_e7c44045b4f1,Statistical software,,,,hard,langage_ou_techno_nommee,ONET,SKL_d6fe619a4cc6
CANS_8adc4d2f357b,XGBoost,,,,hard,langage_ou_techno_nommee,ONET,SKL_d70ce9b99d00
CANS_a6a4e39bb004,Actuate Eclipse BIRT,,,,hard,langage_ou_techno_nommee,ONET,SKL_d35ab0b88157
CANS_248c5bfc6ace,Business Objects Data Integrator,,,,hard,langage_ou_techno_nommee,ONET,SKL_6ab663aef924
CANS_5abb63b73446,Data warehouse software,,,,hard,langage_ou_techno_nommee,ONET,SKL_64fbfdbd6abe
CANS_89408290a5e6,IBM Unica Enterprise,,,,hard,langage_ou_techno_nommee,ONET,SKL_66a111d7e09f
CANS_191b069057ae,Informatica Data Explorer,,,,hard,langage_ou_techno_nommee,ONET,SKL_89eb056b337b
CANS_9600797233ad,Information Builders WebFOCUS,,,,hard,langage_ou_techno_nommee,ONET,SKL_8e353f5bf0b8
CANS_f791888142bc,Microsoft Proclarity,,,,hard,langage_ou_techno_nommee,ONET,SKL_b2ad4e3e11b6
CANS_3fb1666a0817,Oracle Essbase,,,,hard,langage_ou_techno_nommee,ONET,SKL_642887acfdd1
CANS_5ec226fdd88c,Oracle Siebel Marketing Resource Management,,,,hard,langage_ou_techno_nommee,ONET,SKL_0a41695e031d
CANS_4aeb4ed8ce1a,Panorama NovaView,,,,hard,langage_ou_techno_nommee,ONET,SKL_7dac4662cc21
CANS_69704a9776b6,Rogue Wave Software IMSL Numerical Libraries,,,,hard,langage_ou_techno_nommee,ONET,SKL_e2a4984bd433
CANS_6e49e95afa71,SiSense Prism,,,,hard,langage_ou_techno_nommee,ONET,SKL_dfb58b7ce640
CANS_bd42739b5291,5AM Glassbox Translational Research,,,,hard,langage_ou_techno_nommee,ONET,SKL_504bf7c828f7
CANS_a5e4320ec3ed,Allscripts healthcare automation software,,,,hard,langage_ou_techno_nommee,ONET,SKL_618dfcced1a9
CANS_2cd738c75e45,Autocoders,,,,hard,langage_ou_techno_nommee,ONET,SKL_a4eaf304c1e3
CANS_8f63aaeb77fb,ClearTrial,,,,hard,langage_ou_techno_nommee,ONET,SKL_2042041bd99e
CANS_ced26a229ecf,Clinical trial management software,,,,hard,langage_ou_techno_nommee,ONET,SKL_50d00e66e129
CANS_2c2a7ed31cb1,Drug coding software,,,,hard,langage_ou_techno_nommee,ONET,SKL_00355242f19a
CANS_facabccdd39a,DZS Software Solutions ClinPlus,,,,hard,langage_ou_techno_nommee,ONET,SKL_6b35ee969e8b
CANS_d9b9315ddfa1,Electronic data capture EDC software,,,,hard,langage_ou_techno_nommee,ONET,SKL_1c84c62b03b3
CANS_95c27bd4adb9,ePharmaSolutions eMVR,,,,hard,langage_ou_techno_nommee,ONET,SKL_f7efae2c1fe9
CANS_6e5df0f439de,EpicCare Ambulatory Electronic Medical Records (EMR) software,,,,hard,langage_ou_techno_nommee,ONET,SKL_f94e9d351a60
CANS_93ce93014a93,Fortress Medical Clindex,,,,hard,langage_ou_techno_nommee,ONET,SKL_bf71db35f19b
CANS_444daecce172,InforSense InforSense,,,,hard,langage_ou_techno_nommee,ONET,SKL_66263fed1b5e
CANS_733c79cb7dc1,Invivo Data EPX ePRO Management System,,,,hard,langage_ou_techno_nommee,ONET,SKL_d6642a65a7b3
CANS_f35422a1b01c,KIKA Veracity,,,,hard,langage_ou_techno_nommee,ONET,SKL_075093c30018
CANS_48221a2426c5,Medidata Rave Data Management,,,,hard,langage_ou_techno_nommee,ONET,SKL_60ec60464a20
CANS_b56ab9d8409a,Merge Healthcare eTrials,,,,hard,langage_ou_techno_nommee,ONET,SKL_92d4499a93cc
CANS_7842a0de6e3d,OpenClinica,,,,hard,langage_ou_techno_nommee,ONET,SKL_d4940f0bd3d7
CANS_318921cd33f3,Oracle Clinical,,,,hard,langage_ou_techno_nommee,ONET,SKL_5037ea017a61
CANS_6ffb783d8468,Oracle Remote Data Capture,,,,hard,langage_ou_techno_nommee,ONET,SKL_f86af500cca4
CANS_481d5e598255,Patient tracking software,,,,hard,langage_ou_techno_nommee,ONET,SKL_50304d92b0d2
CANS_b66bb58ef2ba,PercipEnz Technologies OnCore-Clinical Research Management OnCore-CRM,,,,hard,langage_ou_techno_nommee,ONET,SKL_a61a1d6fdd21
CANS_a008a811824d,Phase Forward Clintrial,,,,hard,langage_ou_techno_nommee,ONET,SKL_b823fd3c4d91
CANS_5071d0a9cbda,PPD eLoader,,,,hard,langage_ou_techno_nommee,ONET,SKL_4e0cb7a24a86
CANS_cd9c87d63735,Relational database software,,,,hard,langage_ou_techno_nommee,ONET,SKL_6f8cb3126fea
CANS_370b580bb0e0,SAS JMP,,,,hard,langage_ou_techno_nommee,ONET,SKL_7b05f456f415
CANS_77ba3504ad6a,Sierra Scientific Software CRIS,,,,hard,langage_ou_techno_nommee,ONET,SKL_a84652107167
CANS_35dc4d4db517,StudyManager Sponsor Edition,,,,hard,langage_ou_techno_nommee,ONET,SKL_f6293b44c73c
CANS_818ae8e69e44,SyMetric Sciences SyMetric,,,,hard,langage_ou_techno_nommee,ONET,SKL_64bab9114dbe
CANS_3677c26d4593,TOPAZ Enterprise Software Suite,,,,hard,langage_ou_techno_nommee,ONET,SKL_eaf11b2aee23
CANS_96d12dfd7ba1,,Réaliser des études d'organisation et d'évolution de systèmes d'information,,,hard,autre_hard,ROME,SKL_43f551c36f52
CANS_48e3f91b399a,,"Sélectionner, assembler et intégrer des composants informatiques (progiciels, bases de données, développements spécifiques, ...)",,,hard,autre_hard,ROME,SKL_f2810c632caf
CANS_6b625e001b73,,Gérer les droits d'accès des utilisateurs,,,hard,autre_hard,ROME,SKL_2e3b6a164d44
CANS_7d5bc1b7cdd9,,Sélectionner les équipements informatiques,,,hard,autre_hard,ROME,SKL_381538e7bf94
CANS_08d5839f638b,,Installer un équipement informatique,,,hard,autre_hard,ROME,SKL_99c72b0d4311
CANS_2921b77cf636,,Déterminer les causes de dysfonctionnements,,,hard,autre_hard,ROME,SKL_76171f219cbd
CANS_1a67d301ea45,,Développer des automatisations de procédure,,,hard,autre_hard,ROME,SKL_09ddc04d5ede
CANS_a3f56461f298,,Attribuer des ressources logistiques et matérielles de réseaux,,,hard,autre_hard,ROME,SKL_5ce8277f1bda
CANS_45c61d8f3b4e,,Planifier et suivre les échéances de projet,,,hard,autre_hard,ROME,SKL_6490ec12cda9
CANS_f84b5553506c,,Coder des données,,,hard,autre_hard,ROME,SKL_ea0b635f360a
CANS_642eccf19470,,"Analyser, exploiter, structurer des données",,,hard,autre_hard,ROME,SKL_a470101c3162
CANS_3421c871a6a4,,"Evaluer, prévenir, et gérer les risques et la sécurité",,,hard,autre_hard,ROME,SKL_9f76b4c2d813
CANS_54827acaa90f,,"Rédiger un cahier des charges, des spécifications techniques",,,hard,autre_hard,ROME,SKL_b618a8e21f26
CANS_8dce4c2206cd,,"Concevoir l'architecture d'un système, d'un réseau",,,hard,autre_hard,ROME,SKL_1b06e92b9242
CANS_a4194d2b95c1,,Administrer un système d'informations,,,hard,autre_hard,ROME,SKL_f6f5ebade682
CANS_50e947c09dd1,,"Identifier et sélectionner des fournisseurs, sous-traitants, prestataires",,,hard,autre_hard,ROME,SKL_818cd55ca383
CANS_bb2af27be29f,,"Promouvoir une proposition, un projet",,,hard,autre_hard,ROME,SKL_d09668195724
CANS_d03edbfeaa4d,,"Préparer et animer une réunion, un groupe de travail, un atelier",,,hard,autre_hard,ROME,SKL_3578eb4fb5c9
CANS_9d20e94563ee,,Actualiser régulièrement ses connaissances,,,hard,autre_hard,ROME,SKL_c0957f8601c9
CANS_6ae85aa2e2b2,,Allouer et organiser les ressources d'un projet selon les besoins et contraintes,,,hard,autre_hard,ROME,SKL_8d0ba54f5ce8
CANS_ec7c1b811c11,,Concevoir un équipement selon ses usages et contraintes,,,hard,autre_hard,ROME,SKL_381ec1ded723
CANS_17d3d05c9a6e,,Gérer les risques de cybersécurité,,,hard,autre_hard,ROME,SKL_62b2573bb94d
CANS_be0d785e935b,,"Tester un logiciel, un système d'informations, une application",,,hard,autre_hard,ROME,SKL_2cdc446a00d2
CANS_b6721346191d,,Concevoir la cartographie fonctionnelle du SI,,,hard,autre_hard,ROME,SKL_1ee2057fd2bf
CANS_d26888bd9470,,Elaborer et mettre en oeuvre un plan de tests,,,hard,autre_hard,ROME,SKL_612a51d6ad1f
CANS_1acb9931df9d,,Coordonner l'intervention d'équipes de spécialistes,,,hard,autre_hard,ROME,SKL_4068d1f8a053
CANS_4f6fd5518de9,,Gérer et maitriser des bases de données (SQL/NoSQL),,,hard,langage_ou_techno_nommee,ROME,SKL_2211a08cecc3
CANS_e2c31a3248ab,,Documenter les procédures techniques pour les utilisateurs,,,hard,autre_hard,ROME,SKL_dfe090f7e132
CANS_9d04f8f9d383,,Assurer la maintenance des systèmes,,,hard,autre_hard,ROME,SKL_0582a1d8022d
CANS_4191ed38d89a,,Configurer des réseaux privés virtuels (VPN),,,hard,autre_hard,ROME,SKL_4c782ddb91f1
CANS_73be24204ad6,,Assurer la conformité des systèmes avec les réglementations,,,hard,autre_hard,ROME,SKL_412a8a032a16
CANS_9235feb2b7cf,,Développer des scripts pour automatiser les opérations,,,hard,autre_hard,ROME,SKL_2999fe89776e
CANS_e3c46591ffa4,,Analyser l'impact des mises à jour sur les systèmes,,,hard,autre_hard,ROME,SKL_fda47aea0a40
CANS_d0fc3759b8b0,,Proposer des solutions pour optimiser les coûts d'exploitation,,,hard,autre_hard,ROME,SKL_11837bc1dd2c
CANS_ffcd75f3b3cd,,Evaluer les risques liés aux nouvelles applications,,,hard,autre_hard,ROME,SKL_a397b918035c
CANS_d44fbafa146b,,Evaluer les nouvelles technologies pour intégration,,,hard,autre_hard,ROME,SKL_333eb7d394fa
CANS_d0c0b7993358,,Automatiser des tâches à l'aide d'un agent IA,,,hard,autre_hard,ROME,SKL_fa19d301da99
CANS_a850d6a16639,,Mettre en oeuvre des pipelines CI ou CD,,,hard,autre_hard,ROME,SKL_696b24d864de
CANS_78c670582e68,,Sécuriser l'usage de l'IA dans l'entreprise,,,hard,autre_hard,ROME,SKL_f5b6327f6bd0
CANS_eb1fbecf29c8,,Faire preuve d'autonomie,,,soft,soft_transversale,ROME,SKL_9f5a0fe8656c
CANS_5e091abe3f4a,,Organiser son travail selon les priorités et les objectifs,,,soft,soft_transversale,ROME,SKL_be83c4db2bba
CANS_2c0c9519a350,,Faire preuve de rigueur et de précision,,,soft,soft_transversale,ROME,SKL_ae4554764278
CANS_aa406f4bcc9c,,Langages de programmation informatique,,,hard,autre_hard,ROME,SKL_50d507022324
CANS_da27f73e0ee6,,Informatique industrielle,,,hard,autre_hard,ROME,SKL_8e86c4044b6e
CANS_9d3c98acb4e2,,Langage C++,,,hard,autre_hard,ROME,SKL_fe0d61d6f5b1
CANS_1c124fc0184b,,Règles de sécurité Informatique et Télécoms,,,hard,autre_hard,ROME,SKL_7a1f03cbd429
CANS_115b621470f1,,Modélisation informatique,,,hard,autre_hard,ROME,SKL_2b3c56bd86f3
CANS_10fc05a482cb,,Systèmes d'exploitation informatique,,,hard,autre_hard,ROME,SKL_8aef954db0ec
CANS_fe241941088a,,Anglais technique,,,hard,autre_hard,ROME,SKL_bd7ca8e0c7b5
CANS_5c46e8d67b1c,,Apache,,,hard,autre_hard,ROME,SKL_0679269f3615
CANS_177e5cc8c44b,,Méthode AGILE,,,hard,autre_hard,ROME,SKL_fec9e1151ee8
CANS_556c6b1b814a,,Script Shell,,,hard,autre_hard,ROME,SKL_c228f7fcd385
CANS_46e8445660d6,,Programmation en Python,,,hard,langage_ou_techno_nommee,ROME,SKL_12671d9146a9
CANS_bce3241c4e8f,,Systèmes d'information,,,hard,autre_hard,ROME,SKL_5069e6073abd
CANS_f23f2ec76839,,Maintenance de matériel informatique,,,hard,autre_hard,ROME,SKL_da8318501cb7
CANS_03db9474485c,,Méthodologie Scrum,,,hard,autre_hard,ROME,SKL_4b6a06650679
CANS_701f819fff26,,Règles d'installations informatiques,,,hard,autre_hard,ROME,SKL_7e1f95e86cd5
CANS_40adc9007af0,,Urbanisation des systèmes d'information,,,hard,autre_hard,ROME,SKL_a08a3ba7341d
CANS_de7bb254a2af,,Administration de serveurs de messagerie,,,hard,autre_hard,ROME,SKL_8ace843aa38d
CANS_b0cf38de38c2,,"Système réseau (LAN, MAN, WAN)",,,hard,autre_hard,ROME,SKL_8b0c967906d0
CANS_6178619b2cb3,,Système de Gestion de Bases de Données (SGBD),,,hard,autre_hard,ROME,SKL_7877ab571246
CANS_0dcb0f71990d,,"Surveillance des systèmes de sécurité (pare-feu, VPN, systèmes de détection d'intrusion)",,,hard,autre_hard,ROME,SKL_6a38eb5e1983
CANS_42f0f215f78a,,Protection des données numériques,,,hard,autre_hard,ROME,SKL_94ef1ba7ec15
CANS_07d6d1824ba9,,Sécurité des systèmes d'information,,,hard,autre_hard,ROME,SKL_445ae8d32b8d
CANS_374a9c8f0bad,,Planification de la continuité des affaires,,,hard,autre_hard,ROME,SKL_a4cefebbcca5
CANS_1cd29400b3e1,,Rédaction technique informatique,,,hard,autre_hard,ROME,SKL_71a2e098cce5
CANS_a5666f065dc6,,Expert en infrastructures de réseaux et en services associés (MS),,,hard,autre_hard,ROME,SKL_c0ce4e30ba78
CANS_ef10e1be1646,,Licence pro mention métiers de l'informatique : administration et sécurité des systèmes et des réseaux,,,hard,autre_hard,ROME,SKL_60fae4212e9d
CANS_becfd5e968b8,,Expert en ingénierie des systèmes (MS),,,hard,autre_hard,ROME,SKL_89edffbb7bde
CANS_a73c1379a99c,,Master mention informatique,,,hard,autre_hard,ROME,SKL_bc09a9373724
CANS_54ab139dd11f,,Administrateur de systèmes d'information sécurisés,,,hard,autre_hard,ROME,SKL_0f5b389d4f6b
CANS_7ca202c63556,,"Administrateur systèmes, réseaux et sécurité",,,hard,autre_hard,ROME,SKL_80c84980509f
CANS_60daea1f45af,,Certificat de compétence administrateur de bases de données,,,hard,autre_hard,ROME,SKL_9e1f382f4d1d
CANS_fd6cb0229161,,Titre professionnel administrateur d'infrastructures sécurisées,,,hard,autre_hard,ROME,SKL_a47922ae38ad
CANS_568e7fcfb370,,Titre professionnel administrateur système DevOps,,,hard,autre_hard,ROME,SKL_08b5666f3525
CANS_5f45c5f1845b,,Langage C#,,,hard,autre_hard,ROME,SKL_7a2b2db90015
CANS_3ae3ab2c6846,,Former aux technologies de l'information et de la communication,,,hard,autre_hard,ROME,SKL_9a49f2656d27
CANS_df2a7073a3a5,,Procéder aux phases de tests et de recettes des applications développées,,,hard,autre_hard,ROME,SKL_fa2fc025c81e
CANS_dbc852e4db6d,,Négocier avec les prestataires externes,,,hard,autre_hard,ROME,SKL_7154e24cbc75
CANS_17d8722deb2a,,Contrôler la conformité des installations,,,hard,autre_hard,ROME,SKL_6788367df0a4
CANS_10b6a2dde50a,,Suivre les évolutions réglementaires,,,hard,autre_hard,ROME,SKL_27654f1c4c69
CANS_b0a99fe009be,,Réaliser une veille technique ou technologique pour anticiper les évolutions,,,hard,autre_hard,ROME,SKL_4b640ee0246e
CANS_12bc5dcf00e9,,Apporter une assistance technique aux équipes,,,hard,autre_hard,ROME,SKL_3a6155976e3a
CANS_655405737403,,"Concevoir un logiciel, un système d'informations, une application",,,hard,autre_hard,ROME,SKL_ab54e7aadcb5
CANS_8b54077fdebf,,"Déployer, intégrer un logiciel, un système d'informations, une application",,,hard,autre_hard,ROME,SKL_72f7b2f2312d
CANS_2e1c85408d3d,,Recueillir et analyser les besoins client,,,hard,autre_hard,ROME,SKL_f5ee4c42e398
CANS_d37ec2f16c91,,"Structurer, synthétiser des informations",,,hard,autre_hard,ROME,SKL_26364e8306f9
CANS_b6b5a691ee19,,Concevoir et gérer un projet,,,hard,autre_hard,ROME,SKL_7e501b662e9b
CANS_1b9b0322ffd3,,Evaluer le résultat de ses actions,,,hard,autre_hard,ROME,SKL_1514eac173e5
CANS_376183655597,,Gérer des données massives,,,hard,autre_hard,ROME,SKL_4762ba24d48d
CANS_805c14703eef,,Mener un processus de test en cybersécurité,,,hard,autre_hard,ROME,SKL_a15bf3c0e414
CANS_07f3cfe47706,,Paramétrer un logiciel métier et l'interfacer à d'autres applicatifs,,,hard,autre_hard,ROME,SKL_f252798d21a9
CANS_79bc003e75f0,,Intégrer des outils IA/Data Science,,,hard,autre_hard,ROME,SKL_8d0596591405
CANS_8f54d37e5f57,,Développer des stratégies de gestion des risques,,,hard,autre_hard,ROME,SKL_53d87295848c
CANS_e7c89eeeea88,,Optimiser les flux de données,,,hard,autre_hard,ROME,SKL_50ab6a611d2f
CANS_e5f100b281ac,,Surveiller la sécurité des systèmes et réseaux,,,hard,autre_hard,ROME,SKL_038ad57b309f
CANS_ee8740ee1eea,,Conseiller sur les meilleures pratiques IT,,,hard,autre_hard,ROME,SKL_00c14e1a17d9
CANS_a3d0a660cff7,,Documenter les procédures techniques,,,hard,autre_hard,ROME,SKL_e29b57f98adc
CANS_720f8861486e,,Evaluer les nouvelles technologies réseau,,,hard,autre_hard,ROME,SKL_66eb1f56c037
CANS_906bf63cd23d,,Résoudre les problèmes de connectivité,,,hard,autre_hard,ROME,SKL_a7988abd66f0
CANS_9238313828a2,,Assurer la liaison avec les fournisseurs de services,,,hard,autre_hard,ROME,SKL_cf59e5e48c1f
CANS_e897f475a514,,Etablir des rapports de performance,,,hard,autre_hard,ROME,SKL_3ddb25aba713
CANS_6e89bf8b53c5,,Elaborer des stratégies de récupération après sinistre,,,hard,autre_hard,ROME,SKL_ca0a8b4c16e7
CANS_d69cd96736e0,,Gérer les projets d'infrastructure IT,,,hard,autre_hard,ROME,SKL_6535e7b7754e
CANS_436bc7d3fc82,,Diagnostiquer des dysfonctionnements sur des installations de réseau,,,hard,autre_hard,ROME,SKL_d30ff688d610
CANS_d67daa5ef476,,Mettre en place des solutions de virtualisation,,,hard,autre_hard,ROME,SKL_99e96389a157
CANS_402980990def,,Analyser les performances d'un système d'information,,,hard,autre_hard,ROME,SKL_50d6456b747f
CANS_1948b651cfa8,,Etre force de proposition,,,soft,soft_transversale,ROME,SKL_e801bfda02fa
CANS_c6ef95a99821,,Faire preuve de leadership,,,soft,soft_transversale,ROME,SKL_aa28aa5a9f1c
CANS_4a047cb03b6c,,"Méthodes d'analyse (systémique, fonctionnelle, de risques, ...)",,,hard,autre_hard,ROME,SKL_ee8064121586
CANS_261ead12dc82,,Intelligence artificielle,,,hard,autre_hard,ROME,SKL_403e473ff83b
CANS_02cc12b2b67c,,Procédures de tests,,,hard,autre_hard,ROME,SKL_5c6fcea869b4
CANS_767026c37042,,Réseaux informatiques et télécoms,,,hard,autre_hard,ROME,SKL_e57d53cf6032
CANS_0098c9201099,,Normes et standards d'exploitation,,,hard,autre_hard,ROME,SKL_5ea2b55783a8
CANS_26bd2969b996,,Règlement Général européen sur la Protection des Données (RGPD),,,hard,autre_hard,ROME,SKL_8041b0152b14
CANS_2584b3da055c,,Droit du numérique,,,hard,autre_hard,ROME,SKL_275f604ab018
CANS_4de498b1b47d,,Architecture réseau,,,hard,autre_hard,ROME,SKL_50e3a8ceef59
CANS_ca0d8e231c48,,Gestion des accès réseau,,,hard,autre_hard,ROME,SKL_6f3cd7b655aa
CANS_5f987e0823b0,,Gestion de la capacité réseau,,,hard,autre_hard,ROME,SKL_5d2798cf1bf8
CANS_e5879619ef3f,,Administration de pare-feu,,,hard,autre_hard,ROME,SKL_29ad4e72da78
CANS_02e83eb2accc,,Détection des intrusions réseau,,,hard,autre_hard,ROME,SKL_ea7a1f9ed3ee
CANS_8331f6355856,,Expert en cybersécurité (MS),,,hard,autre_hard,ROME,SKL_587bf8f91d50
CANS_ee06716293f0,,Expert en gouvernance de la sécurité des réseaux et des systèmes (MS),,,hard,autre_hard,ROME,SKL_ffbe8272289c
CANS_8510d0427127,,Titre d'ingénieur diplômé par l'Etat spécialité informatique,,,hard,autre_hard,ROME,SKL_600bcb986afd
CANS_2c0b38c3f1b3,,Ingénieur diplômé de l'école nationale supérieure d'informatique pour l'industrie et l'entreprise spécialité informatique,,,hard,autre_hard,ROME,SKL_61d2ea3b60cb
CANS_33d1619cf031,,"Ingénieur diplômé de l'école supérieure d'informatique, électronique, automatique",,,hard,autre_hard,ROME,SKL_83969b134b98
CANS_818abb83e16a,,Ingénieur diplômé de l'école supérieure d'ingénieurs de Paris-Est (ESIPE) Gustave Eiffel spécialité informatique,,,hard,autre_hard,ROME,SKL_16b836e28379
CANS_48b30ed563bb,,Ingénieur diplômé de l'institut d'ingénierie informatique de Limoges,,,hard,autre_hard,ROME,SKL_d6f4c9b782e3
CANS_2a2b903cbf08,,Spécialiste en cybersécurité (MS),,,hard,autre_hard,ROME,SKL_5eb110e217e7
CANS_105dc5adcfde,,Définir la stratégie des systèmes d'informations,,,hard,autre_hard,ROME,SKL_e1fe9fea266f
CANS_d71ad60a6c45,,Proposer des améliorations techniques continues,,,hard,autre_hard,ROME,SKL_6d748438ee67
CANS_3deda5b8a1e0,,Elaborer une stratégie de résolution de problèmes,,,hard,autre_hard,ROME,SKL_09cb4ad119b0
CANS_214795ea39e6,,Concevoir et mettre en oeuvre une stratégie digitale,,,hard,autre_hard,ROME,SKL_7240ef4b8d72
CANS_bfca4dc5fc1e,,"Diriger et gérer un ensemble, une structure, une organisation",,,hard,autre_hard,ROME,SKL_29213b0cf5d1
CANS_662a8bf051db,,Evaluer et développer les compétences de ses collaborateurs,,,hard,autre_hard,ROME,SKL_9b9ccf4e9db6
CANS_b5540068528e,,Communiquer auprès de ses interlocuteurs internes et externes,,,hard,autre_hard,ROME,SKL_436985626680
CANS_d34909cb40ea,,Coordonner les équipes projet pour atteindre les objectifs,,,hard,autre_hard,ROME,SKL_35f4bea9b281
CANS_cc0fb668a851,,Faciliter les projets et transformations,,,hard,autre_hard,ROME,SKL_b50373ac6fed
CANS_8d7d5acf8cfa,,Mobiliser une vision stratégique et d'anticipation,,,hard,autre_hard,ROME,SKL_8731dcafcdec
CANS_f7b2a1028f6a,,Assurer une veille technologique continue,,,hard,autre_hard,ROME,SKL_089c7e1c8536
CANS_9f74a0b3a788,,Faciliter l'intégration de solutions d'intelligence artificielle dans les projets existants,,,hard,autre_hard,ROME,SKL_a845a9bad462
CANS_6a976ff3e7ae,,Renforcer la collaboration interdépartementale,,,hard,autre_hard,ROME,SKL_ddc35ada3df5
CANS_2fed1ff9cf11,,Assurer la formation du personnel sur la protection des données,,,hard,autre_hard,ROME,SKL_35f6ab304492
CANS_d57212dda5fe,,Développer ses compétences en gestion de projet,,,hard,autre_hard,ROME,SKL_3a0917ae413c
CANS_9bb90abc0dca,,Implémenter des mesures de sécurité informatique,,,hard,autre_hard,ROME,SKL_282bf42ce4c5
CANS_6f2b50565888,,Optimiser l'utilisation des ressources informatiques,,,hard,autre_hard,ROME,SKL_3e3ee1cac0eb
CANS_667244d6b51f,,Surveiller les évolutions technologiques des systèmes d'information et de télécommunications et proposer des solutions techniques,,,hard,autre_hard,ROME,SKL_a781c58f7eb7
CANS_04ce693460e2,,Savoir reconnaître les données sensibles pour la cybersécurité,,,hard,autre_hard,ROME,SKL_5564200c848e
CANS_468292dede86,,Etre en capacité de travailler en mode projets,,,hard,autre_hard,ROME,SKL_0591b4e0271b
CANS_4ea97b4ee40c,,Contrôler la conformité des pratiques IT avec les normes légales,,,hard,autre_hard,ROME,SKL_91d992a968b2
CANS_28288c4abcb3,,Evaluer les nouveaux outils et technologies pour l'entreprise,,,hard,autre_hard,ROME,SKL_ffbffbafb90a
CANS_25a72233e71a,,Faciliter la communication entre les départements IT et autres,,,hard,autre_hard,ROME,SKL_216524d05a72
CANS_9b4c9409a5a3,,Promouvoir l'innovation dans les pratiques IT,,,hard,autre_hard,ROME,SKL_164b93f7b8a6
CANS_825bd22c1448,,Mettre en place des indicateurs de performance IT,,,hard,autre_hard,ROME,SKL_8afd27d74c7c
CANS_38114d5aae78,,Gérer le budget IT de l'entreprise,,,hard,autre_hard,ROME,SKL_f55162064231
CANS_144119658485,,Soutenir l'adoption de pratiques IT durables,,,hard,autre_hard,ROME,SKL_475b7f8b0c44
CANS_ab424eeb8d1c,,Développer des stratégies d'amélioration continue,,,hard,autre_hard,ROME,SKL_e80f60a5040a
CANS_98e4f7921889,,Implémenter les innovations technologiques dans les process et pratiques,,,hard,autre_hard,ROME,SKL_e73d885c529d
CANS_86de12e5a523,,Management d'équipe,,,hard,autre_hard,ROME,SKL_5a3972194fe3
CANS_9e50b6a47c1d,,Procédures qualité et sécurité des systèmes d'information et de télécoms,,,hard,autre_hard,ROME,SKL_1f5d53816438
CANS_deffa992c8b1,,Gestion de crise,,,hard,autre_hard,ROME,SKL_319b9dbe9d34
CANS_fa8961283f24,,Cartographie des risques,,,hard,autre_hard,ROME,SKL_4818e83facf2
CANS_e14d6b7ec6f6,,Adaptabilité et flexibilité,,,hard,autre_hard,ROME,SKL_b92993298e78
CANS_48dc733624c0,,Gestion des risques informatiques,,,hard,autre_hard,ROME,SKL_5d6a891c4a1e
CANS_b139935857db,,Capacité à travailler en équipe,,,hard,autre_hard,ROME,SKL_ca099690eaf4
CANS_1bf016767c9d,,Manager de projets informatiques,,,hard,autre_hard,ROME,SKL_722ce1d28f40
CANS_4aa666b04429,,Analyse de tendances,,,hard,autre_hard,ROME,SKL_eecea29108e3
CANS_f105ce8b4fc9,,Analyse de tendances multimédia,,,hard,autre_hard,ROME,SKL_f550dd95f963
CANS_fb0c841c67fe,,Gestion des changements technologiques,,,hard,autre_hard,ROME,SKL_7f3cc318be20
CANS_d58861faa3df,,Gestion des services informatiques,,,hard,autre_hard,ROME,SKL_c5f311b6245d
CANS_7e6722a36bed,,Planification stratégique des systèmes d'information,,,hard,autre_hard,ROME,SKL_95dc191d5a74
CANS_7c67d932b4e3,,Ingénieur diplômé du CESI spécialité informatique,,,hard,autre_hard,ROME,SKL_e7d417acd2c4
CANS_ef82ab85f1d3,,Diagnostiquer les dysfonctionnements techniques,,,hard,autre_hard,ROME,SKL_e46520ef3bd2
CANS_f0bacea05969,,"Concevoir le design, les spécifications ou configurations d'un réseau télécoms",,,hard,autre_hard,ROME,SKL_e8e5e84a8073
CANS_5724dd1fbb76,,"Suivre et négocier l'implantation d'infrastructures de réseaux télécoms (pylônes, antennes, câbles, ...)",,,hard,autre_hard,ROME,SKL_05f633a341fa
CANS_3f70742bc2cc,,Etudier des terrains potentiels,,,hard,autre_hard,ROME,SKL_c1fe5f934c00
CANS_dedce7ad8bc3,,"Procéder à des tests, expérimentations",,,hard,autre_hard,ROME,SKL_e376df1280fc
CANS_8017f691ab8b,,"Animer, coordonner une équipe",,,hard,autre_hard,ROME,SKL_2a53478c102a
CANS_1a5c3005ed6a,,Concevoir et maintenir un système de cybersécurité,,,hard,autre_hard,ROME,SKL_42a0158584da
CANS_34417b089bc0,,Construire un plan de développement réseau,,,hard,autre_hard,ROME,SKL_87b38842e001
CANS_ada997255250,,Etablir le plan d'implémentation,,,hard,autre_hard,ROME,SKL_06dac07bcaa3
CANS_84cbc0822dab,,Modéliser et anticiper les usages réseaux,,,hard,autre_hard,ROME,SKL_de7722edc9a8
CANS_be6e56472757,,Rédiger des documents d'ingénierie (rédaction des spécifications fonctionnelles et livrables techniques des solutions),,,hard,autre_hard,ROME,SKL_e8c2c3cf03b4
CANS_9cf81f1a7d59,,Travailler en réseau et coopérer avec des profils métiers diversifiés,,,hard,autre_hard,ROME,SKL_7f9ff3760520
CANS_fc28a98845d4,,"Garantir le bon fonctionnement, la disponibilité et la performance des éléments de réseaux ou logiciels placés sous sa responsabilité",,,hard,autre_hard,ROME,SKL_b4c5d8661024
CANS_cee1d28c2ce0,,Accéder directement en écriture sur des machines et serveurs pour configurer,,,hard,autre_hard,ROME,SKL_57f327625f83
CANS_786898668891,,Documenter les procédures techniques et les configurations,,,hard,autre_hard,ROME,SKL_d144262712a5
CANS_b7588ab7cac7,,Assurer une veille en continu dans les technologies émergentes,,,hard,autre_hard,ROME,SKL_998639aec6ef
CANS_b07e7eefedb4,,Appliquer les normes et réglementations environnementales,,,hard,autre_hard,ROME,SKL_9b6cf3440875
CANS_189a18241ab3,,Assurer la qualité et la mise à jour des bases de données techniques,,,hard,autre_hard,ROME,SKL_51956c4389f7
CANS_cb72843bf361,,Concevoir et décliner la stratégie technique et environnementale de l'opérateur télécoms,,,hard,autre_hard,ROME,SKL_df657454b746
CANS_1e03bcc5a776,,"Déterminer les implantations de relais, pylônes et câbles en tenant compte de l'impact environnemental",,,hard,autre_hard,ROME,SKL_8238ee624bed
CANS_9790dd90095a,,Evaluer et réduire l'empreinte environnementale des infrastructures et équipements,,,hard,autre_hard,ROME,SKL_fe57ae7b5e4b
CANS_933e7fcff336,,Intégrer les pratiques d'éco-conception et d'optimisation énergétique dans les projets télécoms,,,hard,autre_hard,ROME,SKL_fd8128efe205
CANS_c2bfd1ee6704,,Avoir l'esprit d'équipe,,,soft,soft_transversale,ROME,SKL_ae15b39d88c3
CANS_2076dbf949b6,,Etre ouvert aux changements,,,soft,soft_transversale,ROME,SKL_b50a3e2b8d7e
CANS_84eb18d00f42,,Modélisation et simulation,,,hard,autre_hard,ROME,SKL_364abc5ea927
CANS_a6ff25c7c519,,Technologie des fibres optiques,,,hard,autre_hard,ROME,SKL_02ee7179d5a9
CANS_9dfcf1e1e79f,,Protocoles et normes télécoms,,,hard,autre_hard,ROME,SKL_8393b443ac2b
CANS_894b6a43b703,,Protocoles de communication (TCP/IP),,,hard,autre_hard,ROME,SKL_35e90f077f70
CANS_298259a7da18,,Technologies analogiques,,,hard,autre_hard,ROME,SKL_220eb3387919
CANS_2c72d4789867,,Technologies radiofréquences,,,hard,autre_hard,ROME,SKL_d85a8e557dde
CANS_8c016269314f,,Protocoles de communication réseau,,,hard,autre_hard,ROME,SKL_fca4017b688f
CANS_c7d9b51c6ad6,,Master mention réseaux et télécommunication,,,hard,autre_hard,ROME,SKL_dd933ff930d7
CANS_4e9ad456b07f,,Titre d'ingénieur diplômé par l'Etat spécialité télécommunications et réseaux,,,hard,autre_hard,ROME,SKL_1660161e640c
CANS_f0e848bcc84f,,Eco-conception des réseaux,,,hard,autre_hard,ROME,SKL_aa4121c81285
CANS_398a5ccbe72c,,Concevoir une application web,,,hard,autre_hard,ROME,SKL_57edf51f4668
CANS_6452660b4254,,Développer une application en lien avec une base de données,,,hard,autre_hard,ROME,SKL_638a1d2517d9
CANS_28cecb1e2b7e,,"Superviser, coordonner les réalisations ou développements informatiques (collaborateurs, sous-traitants)",,,hard,autre_hard,ROME,SKL_a3f571b1734c
CANS_ee2ab4bd4fb0,,Vérifier la conformité d'une réalisation avec un cahier des charges,,,hard,autre_hard,ROME,SKL_b156af53ba50
CANS_e4aad079570c,,Réaliser des études et développements informatiques,,,hard,autre_hard,ROME,SKL_259f300ff31b
CANS_b0bc29b69fef,,Piloter les fonctionnalités des équipements et systèmes de sécurité informatique,,,hard,autre_hard,ROME,SKL_fdee0e0727f3
CANS_afdc7c4cb6dd,,Optimiser les processus de qualité pour assurer la fiabilité des logiciels,,,hard,autre_hard,ROME,SKL_5f5cf8d5d943
CANS_16f65abbc389,,Analyser les besoins informatiques,,,hard,autre_hard,ROME,SKL_554e0d4eb398
CANS_d95edce8ad1b,,Surveiller les tendances du marché digital,,,hard,autre_hard,ROME,SKL_0fbdceb9b068
CANS_67062760ebf4,,Promouvoir la collaboration entre les développeurs et les opérateurs pour une meilleure intégration,,,hard,autre_hard,ROME,SKL_3f8e0e348ad5
CANS_7b52128abfbb,,Gérer les versions de logiciels et leurs mises à jour,,,hard,autre_hard,ROME,SKL_12c0471d2e09
CANS_aac132875214,,Traiter les retours utilisateurs pour améliorer les systèmes,,,hard,autre_hard,ROME,SKL_65903211ad51
CANS_ffe86f259e72,,Collaborer avec les développeurs pour améliorer la qualité du logiciel,,,hard,autre_hard,ROME,SKL_2da9fa63c2f2
CANS_273c9c61fb51,,Maintenir à jour la documentation technique et les manuels d'utilisation,,,hard,autre_hard,ROME,SKL_f781fe638ed4
CANS_69703fc916a1,,Respecter les normes de sécurité informatique dans le développement,,,hard,autre_hard,ROME,SKL_93423768e0fd
CANS_a4837863f56c,,Argumenter les choix technologiques auprès des parties prenantes,,,hard,autre_hard,ROME,SKL_1c262b09accc
CANS_2994721c4d6a,,Déployer le code de façon conteneurisée,,,hard,autre_hard,ROME,SKL_d1318a959a5c
CANS_1298b9ec3d3f,,"Faire preuve de créativité, d'inventivité",,,soft,soft_transversale,ROME,SKL_a5a975eca638
CANS_97fc671a01dd,,HTML,,,hard,langage_ou_techno_nommee,ROME,SKL_48db99e58bbe
CANS_87715e8c40ac,,Architecture web,,,hard,autre_hard,ROME,SKL_8cdc8c54c76e
CANS_3be36ea9e819,,AutoItScript,,,hard,autre_hard,ROME,SKL_e6410332ac65
CANS_a6b48ba11d8d,,Outils multimédias,,,hard,autre_hard,ROME,SKL_dfbb7245e224
CANS_1dd014339c3d,,Développement d'applications mobiles,,,hard,autre_hard,ROME,SKL_0b84d0b47180
CANS_4bdc7f07e0c7,,Conception d'interfaces utilisateur (UI),,,hard,autre_hard,ROME,SKL_987813be3183
CANS_b47aebf00ad7,,Programmation logicielle,,,hard,autre_hard,ROME,SKL_1799c0f1e398
CANS_ad62820b99cf,,Gestion de versions de logiciels de jeux,,,hard,autre_hard,ROME,SKL_9a07e2ac7a1a
CANS_e8f5c7f6e8f3,,Application web,,,hard,autre_hard,ROME,SKL_f18ea796b88e
CANS_42f5f4b9d072,,BTS services informatiques aux organisations option B : solutions logicielles et applications métiers,,,hard,autre_hard,ROME,SKL_38a392a51e8b
CANS_678d3f01669d,,"Licence pro mention métiers de l'informatique : conception, développement et test de logiciels",,,hard,autre_hard,ROME,SKL_717aaeb31f92
CANS_77f237d3edf8,,Sécurité des applications web,,,hard,autre_hard,ROME,SKL_1146c27e0f13
CANS_7b57b473a479,,Développement de logiciels embarqués,,,hard,autre_hard,ROME,SKL_253ff8a360b0
CANS_185fe4b22d3a,,Optimisation des performances des applications,,,hard,autre_hard,ROME,SKL_dbb7eff9377a
CANS_9897a0c0536d,,Intégration continue et déploiement continu (CI/CD),,,hard,autre_hard,ROME,SKL_cf1c3407a219
CANS_f67fe4239ed4,,Gestion de projet informatique,,,hard,autre_hard,ROME,SKL_23ddfed97a50
CANS_89e4f77ec2b9,,"BTS services informatiques aux organisations option A : solutions d'infrastructure, systèmes et réseaux",,,hard,autre_hard,ROME,SKL_74def17b97d9
CANS_f299be3ceee1,,DUT informatique,,,hard,autre_hard,ROME,SKL_769f0b664d91
CANS_444a55e7ebc4,,Licence pro mention métiers de l'informatique : conduite de projets,,,hard,autre_hard,ROME,SKL_cf4d0c3098fb
CANS_c2ffa6e24dc2,,Licence pro mention métiers de l'informatique : applications web,,,hard,autre_hard,ROME,SKL_636b3294fcdd
CANS_9010324cd555,,Sécurité des données et conformité RGPD,,,hard,autre_hard,ROME,SKL_db2b0c05d9e3
CANS_e88f23222671,,Réaliser des études d'urbanisme des systèmes d'information de l'entreprise,,,hard,autre_hard,ROME,SKL_8bca71de54ae
CANS_5b69605d69a7,,Vérifier la conformité de fonctionnement et d'utilisation des systèmes d'information,,,hard,autre_hard,ROME,SKL_e8da6bb272e9
CANS_73a21d6af339,,Mettre en oeuvre les actions de transformation nécessaires aux changements,,,hard,autre_hard,ROME,SKL_1381686e5bd6
CANS_13ee341414d6,,Optimiser la performance de l'organisation,,,hard,autre_hard,ROME,SKL_661641987e7a
CANS_d2c109f71d17,,Analyser des données pour prendre des décisions stratégiques,,,hard,autre_hard,ROME,SKL_0d0db1a06ea0
CANS_42865235e865,,Evaluer les risques SIC (système information et communication),,,hard,autre_hard,ROME,SKL_cb278072b570
CANS_839d337e4473,,Communiquer efficacement avec l'équipe et les clients,,,hard,autre_hard,ROME,SKL_536858988453
CANS_6ff811345c21,,Elaborer et suivre des tableaux de bord des incidents sécurité,,,hard,autre_hard,ROME,SKL_19c6271cbdc1
CANS_03104f643956,,Accompagner et former un client sur l'applicatif métier ou l'interface utilisateur,,,hard,autre_hard,ROME,SKL_9342743c7d21
CANS_dbac4d4b1b49,,Assurer une communication claire et efficace avec l'équipe,,,hard,autre_hard,ROME,SKL_9a55f64436f2
CANS_911f5c7c850b,,Planifier et superviser les mises à jour système,,,hard,autre_hard,ROME,SKL_bd12b285b94f
CANS_8b0f82584787,,Assurer la formation des utilisateurs sur les nouveaux outils ou systèmes,,,hard,autre_hard,ROME,SKL_0872d5c97b6d
CANS_ee01fea43e2f,,Implémenter des solutions de sécurité informatique,,,hard,autre_hard,ROME,SKL_4ac0ae9f93b2
CANS_13a50d0028aa,,Analyser les besoins fonctionnels des utilisateurs,,,hard,autre_hard,ROME,SKL_b6dc1ae3dd09
CANS_d3339e6a28ca,,Assurer la conformité des systèmes avec les normes en vigueur,,,hard,autre_hard,ROME,SKL_6b688c6db8a1
CANS_b34688f829fc,,Proposer des améliorations pour les systèmes existants,,,hard,autre_hard,ROME,SKL_659fcd78df52
CANS_24b78bdbf70f,,Assurer le support technique de niveau avancé,,,hard,autre_hard,ROME,SKL_7339f16ea649
CANS_1172577e7d66,,Développer des stratégies pour l'intégration des systèmes,,,hard,autre_hard,ROME,SKL_5cde3050ba8b
CANS_a76fffd91e88,,Identifier les opportunités d'automatisation des processus,,,hard,autre_hard,ROME,SKL_2082a54a6aaf
CANS_975cc005f49d,,Sensibiliser à l'importance de la transition écologique,,,hard,autre_hard,ROME,SKL_ce36ed22c7dc
CANS_e223dcf06c65,,Analyser les besoins des utilisateurs pour la conception de systèmes,,,hard,autre_hard,ROME,SKL_de3bfee06805
CANS_5c7c4b7c09c1,,Assurer la liaison entre les différents départements techniques,,,hard,autre_hard,ROME,SKL_33e12c822e7f
CANS_7fa97bc1c911,,Intégration de systèmes,,,hard,autre_hard,ROME,SKL_c91701811570
CANS_ad8e715e819e,,Progiciels de gestion intégrée d'entreprise (ERP),,,hard,autre_hard,ROME,SKL_e6e263dafdef
CANS_957f0d80e4f8,,Ingénieur diplômé de l'université de technologie de Troyes spécialité réseaux et télécommunications,,,hard,autre_hard,ROME,SKL_0896c9c645d9
CANS_2a713e10639f,,Ingénieur diplômé d'Eurecom,,,hard,autre_hard,ROME,SKL_5a75bd1b9eeb
CANS_97e48dfd3840,,Développement de solutions informatiques,,,hard,autre_hard,ROME,SKL_2c77baf6f570
CANS_e44f93d38a79,,Documentation technique,,,hard,autre_hard,ROME,SKL_5f0c4580e38c
CANS_9b30a7cf3f23,,Gestion de bases de données,,,hard,autre_hard,ROME,SKL_65bb18929c10
CANS_657bff392667,,Optimisation des processus métier,,,hard,autre_hard,ROME,SKL_f37a138de012
CANS_7ff7ae3eb522,,Maîtriser les procédures de sécurité et de gestion des risques liés aux opérations militaires,,,hard,autre_hard,ROME,SKL_cbc880ae53e7
CANS_6d7cd58ed9df,,Etre responsable de la définition de la stratégie de déploiement de nouvelles technologies en accord avec les besoins de l'administration,,,hard,autre_hard,ROME,SKL_d6686d750b2e
CANS_e5caf6a9b2a0,,Fournir un point de vue expert pour guider l'équipe dirigeante vers des décisions stratégiques,,,hard,langage_ou_techno_nommee,ROME,SKL_61f07bb8fa2d
CANS_a29967105665,,Définir les objectifs et la stratégie d'un développement durable des SI,,,hard,autre_hard,ROME,SKL_da9f8249bf3e
CANS_15bf753635da,,Mobiliser une large gamme d'expertises pour mettre en œuvre l'ensemble du processus d'une campagne de test,,,hard,autre_hard,ROME,SKL_038279d4dfe5
CANS_a3a25ab5d804,,Diriger et être responsable de l'ensemble du processus de gestion des problèmes,,,hard,autre_hard,ROME,SKL_c55346fda957
CANS_5c198bf638d3,,"Mettre en avant la sensibilisation, la formation et l'engagement pour la mise en place d'un développement durable",,,hard,autre_hard,ROME,SKL_5ed9932b6a11
CANS_f5ece3e128d4,,Respecter les normes et les procédures appropriées de contrôle des changements pour maintenir l'intégrité du système,,,hard,autre_hard,ROME,SKL_d30ef9cd722f
CANS_b0ac26fcf439,,"Mobiliser des expertises pour influencer, par leurs conseils et assistance, le développement de solutions",,,hard,autre_hard,ROME,SKL_975ec7121c1b
CANS_e7f135f3a378,,Adapter le niveau de détail à l'objectif de la documentation et au public ciblé,,,hard,autre_hard,ROME,SKL_ffc802d2b41a
CANS_67c115dcfb80,,Evaluer les mesures et indicateurs de gestion de la sécurité,,,hard,autre_hard,ROME,SKL_79a612f8a3c6
CANS_faf9b93374f5,,Rechercher des solutions informatiques permettant de limiter les risques identifiés,,,hard,autre_hard,ROME,SKL_f14603cf2911
CANS_c0dc2736561c,,Déploiement de solutions informatiques,,,hard,autre_hard,ROME,SKL_3b2a60bb3b2a
CANS_0567319808db,,Gestion des innovations,,,hard,autre_hard,ROME,SKL_39349ab31dca
CANS_d2d2d3330042,,Documentation technique des systèmes,,,hard,autre_hard,ROME,SKL_254f5d709156
CANS_a38fbbdd8d8e,,Suivi des innovations technologiques,,,hard,autre_hard,ROME,SKL_a43600680ca5
CANS_190174958b67,,Normes de sécurité de l'information,,,hard,autre_hard,ROME,SKL_09f84c44e82c
CANS_4d7d52459e36,,Gestion de projets de développement durable,,,hard,autre_hard,ROME,SKL_ced960c02208
CANS_b09792edcd7c,,Qualité informatique : stratégie et gestion,,,hard,autre_hard,ROME,SKL_7fed65bf8442
CANS_7dd50a63c276,,Conception de l'architecture,,,hard,autre_hard,ROME,SKL_3615bcb871f8
CANS_62334cb1ea59,,Réaliser les relevés terrain et collecter des données alphanumériques et graphiques,,,hard,autre_hard,ROME,SKL_a22fadd2bac7
CANS_20799a38d9ff,,"Sélectionner, traiter et réaliser l'analyse spatiale de données géographiques",,,hard,autre_hard,ROME,SKL_99f4ca1408bf
CANS_89a3ed9984b3,,Identifier et interpréter les données et caractéristiques géographiques et analyser les résultats,,,hard,autre_hard,ROME,SKL_99eee6baa8bc
CANS_b965e5c96aeb,,Restituer et mettre en forme les données géographiques pour l'édition cartographique,,,hard,autre_hard,ROME,SKL_11aef4f7da47
CANS_1a7e7f67a729,,Sélectionner une gamme de données géoréférencées ciblées,,,hard,autre_hard,ROME,SKL_4ccff2698d2c
CANS_6baaaa10584d,,Formaliser des données cartographiques et les diffuser sur des réseaux d'information,,,hard,autre_hard,ROME,SKL_63b13cbd6df8
CANS_4ad7cb3fb009,,Numériser des données de terrain pour un système d'information géographique,,,hard,autre_hard,ROME,SKL_81817ab11e64
CANS_5bd6a3c6a30b,,"Développer et administrer une base de données géographiques (catalogues de données, de métadonnées)",,,hard,autre_hard,ROME,SKL_3f11537f7767
CANS_6f4e0df15dbe,,Utiliser les outils numériques,,,hard,autre_hard,ROME,SKL_6e2986dff4b0
CANS_868181c3272d,,Identifier les opérations à réaliser à partir des diagnostics et des données fournies par un drone,,,hard,autre_hard,ROME,SKL_df5f79a41bca
CANS_558ffcaff6c8,,"Utiliser et gérer le parc topographique (outils matériels et logiciels) , améliorer les procédures et les méthodes",,,hard,autre_hard,ROME,SKL_fb64a67c4855
CANS_e32298be21c6,,"Analyser les données des relevés, les retranscrire sur ordinateur, exploiter les images satellites pour les compléter et les affiner",,,hard,autre_hard,ROME,SKL_27d557c71a83
CANS_9c99601f4616,,Collaborer avec des équipes multidisciplinaires,,,hard,autre_hard,ROME,SKL_79efb35b63c6
CANS_ad32cf6b7a86,,Analyser des cartes et des données géographiques,,,hard,autre_hard,ROME,SKL_46e191b25569
CANS_d8ae6b501d4c,,Evaluer la précision des données cartographiques,,,hard,autre_hard,ROME,SKL_76f3c41430ab
CANS_1ca8ad579072,,Développer des outils personnalisés pour la cartographie,,,hard,autre_hard,ROME,SKL_a2701caae18d
CANS_b6aa1838a5b8,,Mettre en œuvre des projets de cartographie numérique,,,hard,autre_hard,ROME,SKL_cf9540cdb6a1
CANS_6bcb10604d51,,Former des équipes à l'utilisation de logiciels de cartographie,,,hard,autre_hard,ROME,SKL_e3f7b8117f65
CANS_028a54c8e462,,Adapter des cartes pour différents utilisateurs et besoins,,,hard,autre_hard,ROME,SKL_d974d051a4a6
CANS_ca1205f67b4b,,Gérer les mises à jour des cartes pour des projets continus,,,hard,autre_hard,ROME,SKL_f8ca58ae0529
CANS_40525ad59007,,Assurer la maintenance des équipements de cartographie,,,hard,autre_hard,ROME,SKL_271712e0e54e
CANS_bde279a9edc9,,Analyser les besoins en aménagement du territoire,,,hard,autre_hard,ROME,SKL_ddd6aeaedc16
CANS_bf6695bb084f,,Jouer un rôle d'interface entre différents partenaires,,,hard,autre_hard,ROME,SKL_812639f59dc5
CANS_dc6f9ef8cc55,,Faire preuve de persévérance,,,soft,soft_transversale,ROME,SKL_5f6d80c08878
CANS_44fa424cb5cd,,Topographie,,,hard,autre_hard,ROME,SKL_2c366938328c
CANS_6494a6bce178,,GPS et cartes topographiques,,,hard,autre_hard,ROME,SKL_fcfff02fe07d
CANS_9a0e7008f3fe,,Géodésie,,,hard,autre_hard,ROME,SKL_fc0f9f175205
CANS_3b67ac182963,,Utilisation de logiciels de cartographie,,,hard,autre_hard,ROME,SKL_20a0e1abd261
CANS_b9e832869643,,Système d'Information Géographique (SIG),,,hard,autre_hard,ROME,SKL_cbbaf137ed15
CANS_b0f7fdbd6f26,,Photogrammétrie,,,hard,autre_hard,ROME,SKL_d10742406815
CANS_4bbb55a7857e,,Données géoréférencées,,,hard,autre_hard,ROME,SKL_c6df84f56e51
CANS_5ad9f235ec66,,Optimisation des processus,,,hard,autre_hard,ROME,SKL_a22fe3bbc3c5
CANS_3452aa081a41,,Licence pro mention métiers de l'aménagement du territoire et de l'urbanisme,,,hard,autre_hard,ROME,SKL_ce515bb7fa81
CANS_b64d702cbc09,,Assurance qualité des données cartographiques,,,hard,autre_hard,ROME,SKL_6fb73d3c4cbc
CANS_a723c42239d1,,Développement de normes cartographiques,,,hard,autre_hard,ROME,SKL_c9989dfe7b7f
CANS_7e7dfa80e001,,Evaluation environnementale par cartographie,,,hard,autre_hard,ROME,SKL_79e34ae84414
CANS_deb5895a9608,,Intégration de données environnementales dans les cartes,,,hard,autre_hard,ROME,SKL_1cb6faacf5b4
CANS_7c3cf5a06763,,Modélisation de données géographiques,,,hard,autre_hard,ROME,SKL_915021d329e0
CANS_e79e041f3b26,,Planification urbaine et régionale par cartographie,,,hard,autre_hard,ROME,SKL_f3d6f00cb85b
CANS_a51a4c3c6362,,Ingénieur diplômé de l'école nationale des sciences géographiques,,,hard,autre_hard,ROME,SKL_70792c988d91
CANS_0f26f6662d40,,Ingénieur diplômé de l'école polytechnique universitaire de l'université de Lille spécialité géomatique et génie urbain,,,hard,autre_hard,ROME,SKL_6ee6f046cb9b
CANS_52673ffbb97a,,"Ingénieur diplômé de l'école spéciale des travaux publics, du bâtiment et de l'industrie spécialité topographie",,,hard,autre_hard,ROME,SKL_fefb8922ae4d
CANS_f774463131b3,,Ingénieur diplômé de l'institut national des sciences appliquées de Strasbourg spécialité topographie,,,hard,autre_hard,ROME,SKL_40964954ac44
CANS_8c322d1f21fe,,Ingénieur diplômé de l'institut polytechnique UniLaSalle spécialité géosciences et environnement,,,hard,autre_hard,ROME,SKL_173d7940070e
CANS_644fd59cafaa,,Licence mention géographie et aménagement,,,hard,autre_hard,ROME,SKL_38842ac5c194
CANS_e866828a7234,,"Licence pro mention cartographie, topographie et systèmes d'information géographique",,,hard,autre_hard,ROME,SKL_6bc4ba9c6736
CANS_6a88d8750496,,Master mention géomatique,,,hard,autre_hard,ROME,SKL_52301fa4a799
CANS_6b72093db44b,,Titre professionnel technicien en géomatique,,,hard,autre_hard,ROME,SKL_7c8f6fdfa47d
CANS_3fc678a5d716,,Ingénieur diplômé du conservatoire national des arts et métiers spécialité topographie et génie de l'aménagement,,,hard,autre_hard,ROME,SKL_bda2b93463b6
CANS_741d2275e2c7,,Licence mention histoire/géographie,,,hard,autre_hard,ROME,SKL_dc3a12713170
CANS_e05b196e2193,,Relever des mesures de précipitations et de vents,,,hard,autre_hard,ROME,SKL_fed4d033385f
CANS_1609c76ec770,,Effectuer un relevé d'observations météorologiques,,,hard,autre_hard,ROME,SKL_90a0db5cc704
CANS_3b0758fc94fe,,Etablir des prévisions marines et analyser des conditions de propagation en milieu marin,,,hard,autre_hard,ROME,SKL_f32a216e34a7
CANS_318cae86225d,,Réaliser des documents techniques de météorologie,,,hard,autre_hard,ROME,SKL_207710ccd9a9
CANS_a086f1159a44,,Communiquer des données météorologiques ou océanographiques à un utilisateur,,,hard,autre_hard,ROME,SKL_f4a5ee70b07e
CANS_613c513c4f36,,Effectuer le lancement d'un ballon atmosphérique,,,hard,autre_hard,ROME,SKL_d1b906e2ec57
CANS_fdd6ec65343a,,Réaliser le suivi d'un ballon atmosphérique,,,hard,autre_hard,ROME,SKL_002d8dc72602
CANS_480e8b61ca47,,Elaborer et analyser des prévisions météorologiques,,,hard,autre_hard,ROME,SKL_8ce71826b5ee
CANS_8975a34af9ab,,Consulter et analyser les données météorologiques,,,hard,autre_hard,ROME,SKL_87558a3bdfa9
CANS_c6909b42bfc1,,Argumenter sur les impacts du changement climatique sur les glaciers,,,hard,autre_hard,ROME,SKL_a8f5f56729ae
CANS_4b590ee68515,,Informer et sensibiliser le public aux impacts du changement climatique,,,hard,autre_hard,ROME,SKL_8b891ca49f0d
CANS_9385e06841f6,,Collaborer avec des équipes internationales pour des études climatiques,,,hard,autre_hard,ROME,SKL_403bb928b094
CANS_f021758670ef,,Optimiser les procédures de collecte de données météorologiques,,,hard,autre_hard,ROME,SKL_ac427efd32ad
CANS_72c61a0b807c,,Argumenter sur les impacts climatiques lors de conférences,,,hard,autre_hard,ROME,SKL_fb4a67fdf104
CANS_e2d35961ffb7,,Gérer les alertes météorologiques en cas de catastrophes,,,hard,autre_hard,ROME,SKL_f8efc5d2f8e0
CANS_3d35342fe4ee,,Evaluer l'impact des activités humaines sur le climat,,,hard,autre_hard,ROME,SKL_456e6016c03d
CANS_3691f9241451,,Respecter les normes de sécurité lors des expéditions météorologiques,,,hard,autre_hard,ROME,SKL_bdacb590b574
CANS_720322a54e68,,Communiquer les risques météorologiques au public,,,hard,autre_hard,ROME,SKL_ffec0e8e181a
CANS_1dfd760a2233,,Climatologie,,,hard,autre_hard,ROME,SKL_9e39efe5e0a5
CANS_239d57d8e943,,Utilisation d'appareils de mesures météorologiques,,,hard,autre_hard,ROME,SKL_766624020b37
CANS_26b60bec9108,,Logiciel d'imagerie météorologique,,,hard,autre_hard,ROME,SKL_dfe3a95eb98c
CANS_4df08df5a154,,Météorologie aéronautique,,,hard,autre_hard,ROME,SKL_80aa7b50883f
CANS_52c0d7941cc7,,Météorologie tropicale,,,hard,autre_hard,ROME,SKL_2214b2ba0f9e
CANS_9c314ad82968,,Météorologie maritime,,,hard,autre_hard,ROME,SKL_579d85389b98
CANS_c52bdd362f21,,Hydrologie,,,hard,autre_hard,ROME,SKL_f7a4ac1bd95d
CANS_6afd8e124656,,Analyse des impacts climatiques sur l'environnement,,,hard,autre_hard,ROME,SKL_6b352ff4c8ce
CANS_db3416cb82b9,,Analyse des impacts environnementaux,,,hard,autre_hard,ROME,SKL_6e2cc34dbe7c
CANS_aaf391ef8bb5,,Communication des alertes météo,,,hard,autre_hard,ROME,SKL_c98025d7c52e
CANS_43c683b4f3b8,,Développement de logiciels de prévision,,,hard,autre_hard,ROME,SKL_ea86486f3f41
CANS_aba66972784c,,Education sur les changements climatiques,,,hard,autre_hard,ROME,SKL_7722d4741fcc
CANS_1f113cab2d5f,,Elaboration de politiques climatiques,,,hard,autre_hard,ROME,SKL_ad51f7c7350c
CANS_6455b342f189,,Evaluation des risques météorologiques,,,hard,autre_hard,ROME,SKL_dcab7344940e
CANS_348c754b3cd3,,Formation en météorologie,,,hard,autre_hard,ROME,SKL_e4c81fe1c702
CANS_794e08083656,,Gestion de données météorologiques,,,hard,autre_hard,ROME,SKL_678057086acf
CANS_2fbe0799f350,,Prévision météorologique,,,hard,autre_hard,ROME,SKL_cbb7dd417450
CANS_90871c8fd035,,Recherche en météorologie appliquée,,,hard,autre_hard,ROME,SKL_c0fda954c584
CANS_03fca958ad6b,,Rédaction de bulletins météo,,,hard,autre_hard,ROME,SKL_6fa737401df4
CANS_2d1d24f6f52a,,Ingénieur diplômé de l'école nationale de la météorologie,,,hard,autre_hard,ROME,SKL_549c071850eb
CANS_d7cd91bac625,,"Master mention sciences de l'océan, de l'atmosphère et du climat",,,hard,autre_hard,ROME,SKL_5de224164ae6
CANS_fffbab36a77c,,Diagnostiquer la nature et l'origine des incidents et mettre en oeuvre les mesures correctives,,,hard,autre_hard,ROME,SKL_4ba18cbbaa0e
CANS_18e61e6e3992,,"Installer et intégrer le matériel (station, équipement réseau, périphériques, ...) dans l'environnement de production et configurer les ressources logistiques et physiques",,,hard,autre_hard,ROME,SKL_20308347195a
CANS_f961998f080f,,Surveiller le fonctionnement d'applicatifs et logiciels,,,hard,autre_hard,ROME,SKL_b804842bc784
CANS_80219bbc6ca5,,Surveiller les systèmes de réseau pour garantir leur fonctionnement optimal,,,hard,autre_hard,ROME,SKL_7f80f88ddbfd
CANS_a381db156124,,Superviser et organiser les travaux d'exploitation ou de production informatique,,,hard,autre_hard,ROME,SKL_463f0cb7131a
CANS_82912f519d9f,,Gérer un parc informatique,,,hard,autre_hard,ROME,SKL_8bdb50ff3da6
CANS_a2a53f8926a5,,Assurer la conformité des opérations de maintenance,,,hard,autre_hard,ROME,SKL_5b07ab7f2af0
CANS_8b0a4f163c3a,,Gérer une base de données numériques,,,hard,autre_hard,ROME,SKL_260183cfb6ff
CANS_34fc35c1eec2,,Gérer et déployer des logiciels à distance,,,hard,autre_hard,ROME,SKL_d9a22771e988
CANS_f96d96de124e,,Agir rapidement en cas de panne pour minimiser les interruptions,,,hard,autre_hard,ROME,SKL_54fcbca48aeb
CANS_69476f0456f4,,Former les utilisateurs aux nouvelles technologies,,,hard,autre_hard,ROME,SKL_f32e467599f4
CANS_7137ffeafb41,,Développer des scripts pour automatiser les tâches,,,hard,autre_hard,ROME,SKL_660b89ae27c4
CANS_39d029619150,,Optimiser les performances des réseaux informatiques,,,hard,autre_hard,ROME,SKL_fb82bf0af4bc
CANS_da78ae837427,,Assurer la sécurité des réseaux informatiques,,,hard,autre_hard,ROME,SKL_e1fe6e53f613
CANS_81a5b50de58f,,Analyser les besoins des utilisateurs pour le système informatique,,,hard,autre_hard,ROME,SKL_267499cf50ca
CANS_d1f07ee2f325,,Mettre en place des solutions de sauvegarde et de récupération des données,,,hard,autre_hard,ROME,SKL_ad80c14e4cec
CANS_f55d060f15b6,,Résoudre les problèmes techniques de niveau avancé,,,hard,autre_hard,ROME,SKL_27abf60b4369
CANS_ac6d0cab1ac5,,Assurer la veille technologique pour rester à jour sur les innovations,,,hard,autre_hard,ROME,SKL_c2695c91867b
CANS_c1b96d0eacb5,,Planifier les mises à jour systèmes sans interruption de service,,,hard,autre_hard,ROME,SKL_ff6a31b2d224
CANS_1c5797f43f71,,Exploiter l'IA,,,hard,autre_hard,ROME,SKL_6cbbbdd0cdd7
CANS_f5fb0daef75f,,Audit de sécurité informatique,,,hard,autre_hard,ROME,SKL_d51a3ce69a23
CANS_e527f814ca6f,,Diagnostic de pannes,,,hard,autre_hard,ROME,SKL_5709a4c5a0b3
CANS_d8e9be9076fb,,Optimisation des performances des serveurs,,,hard,autre_hard,ROME,SKL_0ab1dc781851
CANS_100e70f9adfe,,Gestion des comptes utilisateurs,,,hard,autre_hard,ROME,SKL_31036cb101a2
CANS_907b2c0d7f9e,,Surveillance de la performance des systèmes,,,hard,autre_hard,ROME,SKL_dfe2eef5a16e
CANS_97ba3107f4b9,,Analyse de logs système,,,hard,autre_hard,ROME,SKL_f46ca5579db9
CANS_255a62f6c7f2,,Licence pro mention métiers de l'informatique : systèmes d'information et gestion de données,,,hard,autre_hard,ROME,SKL_51a198f5fc1c
CANS_04fb6148f153,,Configuration de logiciels de réseau,,,hard,autre_hard,ROME,SKL_af44ecf5660b
CANS_97f8df5a780b,,Gestion des sauvegardes et des restaurations,,,hard,autre_hard,ROME,SKL_83d5ead469d7
CANS_d87e26b79dc2,,Installation de composants matériels,,,hard,autre_hard,ROME,SKL_43a3d4b35a43
CANS_1929629aed2f,,Mise en place de politiques de sécurité informatique,,,hard,autre_hard,ROME,SKL_1fc2f3b181f0
CANS_bdaa8eb498d1,,Master mention technologies de l'information,,,hard,autre_hard,ROME,SKL_505acc8c7069
CANS_e91dcf6612f6,,Définir les solutions de stockage et de structuration des données,,,hard,autre_hard,ROME,SKL_05d2b9e6a3b1
CANS_0e4ddeb299ef,,Modéliser une base de données,,,hard,autre_hard,ROME,SKL_e3c01a5ef072
CANS_d7198b9eea6f,,Rédiger le contenu d'un support de communication,,,hard,autre_hard,ROME,SKL_32a0e624a6df
CANS_4479f3b12606,,Accompagner l'appropriation d'un outil par ses utilisateurs,,,hard,autre_hard,ROME,SKL_802f4c05c6b4
CANS_b72dca3bffca,,"Créer, élaborer et identifier des concepts innovants",,,hard,autre_hard,ROME,SKL_019726117d6a
CANS_2f6b04a30b75,,Déterminer des mesures correctives,,,hard,autre_hard,ROME,SKL_4ea26ab83b44
CANS_626ba002fabe,,Mettre en place des solutions d'amélioration de la performance,,,hard,autre_hard,ROME,SKL_430aa8c55110
CANS_95cdedb49d59,,Expliquer et faire respecter les règles et procédures,,,hard,autre_hard,ROME,SKL_5d15a4cfb5eb
CANS_0d330b774922,,Rendre compte de son activité,,,hard,autre_hard,ROME,SKL_79507093b953
CANS_9f12350698f9,,Identifier ses axes de progrès,,,hard,autre_hard,ROME,SKL_4b1ab92ca4ae
CANS_960f6724133f,,Concevoir et développer une solution digitale,,,hard,autre_hard,ROME,SKL_14e859b58aae
CANS_b5fb3be66b5c,,Proposer des pistes d'amélioration des solutions,,,hard,autre_hard,ROME,SKL_61731fab01e8
CANS_d780dfd65983,,Piloter le déploiement et l'intégration d'outils d'optimisation au sein des processus métiers,,,hard,autre_hard,ROME,SKL_dc6ff90a98f8
CANS_3dd2b6df8423,,Animer une démarche agile et innovante,,,hard,autre_hard,ROME,SKL_ee4277c04d4f
CANS_a5be6f043a04,,Anticiper les risques de cybersécurité,,,hard,autre_hard,ROME,SKL_6d3a60adeb93
CANS_97f85e92146f,,Collaborer dans un groupe pour réaliser un projet,,,hard,autre_hard,ROME,SKL_d10c072a23f4
CANS_fafea29d5d3f,,Convaincre en argumentant avec un ou plusieurs interlocuteurs,,,hard,autre_hard,ROME,SKL_c26660da63f7
CANS_49f84edc1938,,Assurer la maintenance préventive et les améliorations des infrastructures numériques,,,hard,autre_hard,ROME,SKL_0a0bf15b72b3
CANS_5561b772ce82,,Anticiper des coûts,,,hard,autre_hard,ROME,SKL_31236834b3c6
CANS_b114d090f6da,,Piloter des opérations de tests informatiques,,,hard,autre_hard,ROME,SKL_c92c818c17ae
CANS_d84471ad19dd,,Adapter les méthodes de travail à la réglementation locale,,,hard,autre_hard,ROME,SKL_20729e4f785b
CANS_390ec0e22aac,,Piloter le déploiement de solutions innovantes,,,hard,autre_hard,ROME,SKL_b80e7d69742e
CANS_0797c4b2a6f3,,Utiliser l'anglais dans un contexte professionnel,,,hard,autre_hard,ROME,SKL_d91a44f032c5
CANS_c247a4f349ac,,Système d'exploitation Linux,,,hard,langage_ou_techno_nommee,ROME,SKL_6e4b6a3eb9c8
CANS_d888e9f24691,,Utilisation d'outils Business Intelligence (BI) - Informatique décisionnelle,,,hard,autre_hard,ROME,SKL_02af3f5ae687
CANS_b4c604169fee,,Déploiement de services cloud (cloud computing),,,hard,autre_hard,ROME,SKL_959e26e994b1
CANS_363b43421efd,,Technologies HADOOP,,,hard,langage_ou_techno_nommee,ROME,SKL_dd455582d17a
CANS_a0937e86abdd,,Modèle informatique client-serveur,,,hard,autre_hard,ROME,SKL_899a33d4b2da
CANS_e90a8049e60f,,Cryptologie,,,hard,autre_hard,ROME,SKL_8e0474dfe9ad
CANS_e57b5d2023c8,,"Maîtrise d'un outil de gestion de flux (Kafka, Flink...)",,,hard,langage_ou_techno_nommee,ROME,SKL_17a22ab7ef37
CANS_fca1da81eb60,,Data engineer,,,hard,autre_hard,ROME,SKL_550719117478
CANS_10b667766a58,,Master mention méthodes informatiques appliquées à la gestion des entreprises (MIAGE),,,hard,autre_hard,ROME,SKL_6ae5a897c68e
CANS_9cf03233302f,,Mastère spécialisé expert big data engineer,,,hard,autre_hard,ROME,SKL_c6992f152c7d
CANS_48db27d99f56,,Gérer la sécurité informatique,,,hard,autre_hard,ROME,SKL_9c2f26437de4
CANS_c399404a2860,,Sensibiliser un public,,,hard,autre_hard,ROME,SKL_c75a0c38f253
CANS_4a552f12d17f,,Concevoir et animer une démarche d'innovation,,,hard,autre_hard,ROME,SKL_67fa616e8e1a
CANS_9059c1928447,,Conduire des travaux d'études et de recherche,,,hard,autre_hard,ROME,SKL_55b10482bc53
CANS_a87a330a1309,,Réaliser un audit technique,,,hard,autre_hard,ROME,SKL_c7077c2b05e6
CANS_42c4dd4d7019,,Communiquer à l'écrit de façon appropriée,,,hard,autre_hard,ROME,SKL_848f033cad7e
CANS_502cbc30d495,,Faire preuve de pédagogie pour faciliter la compréhension,,,hard,autre_hard,ROME,SKL_20683f5dfe5f
CANS_cdd677632a2b,,Proposer des solutions innovantes pour résoudre des problèmes techniques,,,hard,autre_hard,ROME,SKL_d6a63376a071
CANS_82daac757959,,Réagir face à l'imprévu et être force de proposition en cas de dysfonctionnement,,,hard,autre_hard,ROME,SKL_fce533a1d1d1
CANS_62bbc1f00893,,"Conseiller des produits, outils ou services aux clients en fonction de leurs besoins",,,hard,autre_hard,ROME,SKL_02185eca1e95
CANS_ab2a2476b4d9,,"Analyser les risques et les dysfonctionnements, les marges d'amélioration des systèmes de sécurité",,,hard,autre_hard,ROME,SKL_525092e1edfa
CANS_7a4756200065,,Analyser les besoins d'architecture fonctionnelle du SI et leurs impacts,,,hard,autre_hard,ROME,SKL_158b1ec33e0c
CANS_f0cfea656a63,,"Rédiger l'ensemble des documents d'un référentiel (politiques, procédures, normes...)",,,hard,autre_hard,ROME,SKL_ff0b0f651272
CANS_e0bdfa57a1a9,,"Inspirer, donner du sens",,,soft,soft_transversale,ROME,SKL_474b939837db
CANS_5c310313fe99,,Administrateur de réseaux informatiques et sécurité des systèmes d'information et de communication,,,hard,autre_hard,ROME,SKL_d6e23a527489
CANS_e1356b14cde7,,Expert en architectures systèmes-réseaux et en sécurité informatique,,,hard,autre_hard,ROME,SKL_08ea329cdd0a
CANS_34eeea78c900,,"Ingénieur spécialisé en sécurité pour les systèmes informatiques et les communications, diplômé d'Eurecom",,,hard,autre_hard,ROME,SKL_b9cbfbf78cd5
CANS_a6e7543bc746,,Responsable de la sécurité des systèmes d'information de santé (DU),,,hard,autre_hard,ROME,SKL_ccfb34169f8e
CANS_c46868a56112,,"Réaliser un prototype de la solution technique pour validation par le donneur d'ordres (configuration type, ...)",,,hard,autre_hard,ROME,SKL_958a0a968cf4
CANS_75f0dd84f583,,Réaliser la mise en production de solutions logicielles dans un environnement d'exploitation,,,hard,autre_hard,ROME,SKL_1c140e6b369a
CANS_c01ed5d05d31,,Conduire un projet de développement,,,hard,autre_hard,ROME,SKL_494a9599ee77
CANS_5f88b27be54a,,"Paramétrer un logiciel, un outil, un système numérique",,,hard,autre_hard,ROME,SKL_55cb291d3de3
CANS_583a62558e7d,,"Développer un logiciel, un système d'informations, une application",,,hard,autre_hard,ROME,SKL_1adaee02f72f
CANS_58075a62fdbe,,Piloter la performance et la rentabilité d'une activité ou d'un projet,,,hard,autre_hard,ROME,SKL_8b92476543c6
CANS_20378be5d278,,Contrôler la réalisation et les coûts d'une prestation,,,hard,autre_hard,ROME,SKL_188110748261
CANS_b2d947c2b805,,Faciliter et créer les conditions de la coopération,,,hard,autre_hard,ROME,SKL_a29f9ab98d96
CANS_dd127893881b,,Respecter la confidentialité des informations,,,hard,autre_hard,ROME,SKL_ac027d547ba3
CANS_9f1fcb188e4a,,"Anticiper des dangers, problèmes ou besoins matériels et techniques",,,hard,autre_hard,ROME,SKL_8fb034f62861
CANS_1498fc79024e,,Définir et hiérarchiser les priorités en fonction des objectifs fixés,,,hard,autre_hard,ROME,SKL_a392ab844a30
CANS_2265a4796980,,Piloter des évolutions ou des paramétrages à apporter aux composants,,,hard,autre_hard,ROME,SKL_460a060eb541
CANS_85439f13af61,,"Lire et interpréter des données et documents techniques, au besoin en anglais",,,hard,autre_hard,ROME,SKL_57426b66e887
CANS_71577c6269a4,,Organiser l'activité de son secteur sur un horizon court terme,,,hard,autre_hard,ROME,SKL_ee1ca067cb24
CANS_506db55c5071,,Gérer la production de livrables,,,hard,autre_hard,ROME,SKL_aa291693dcf7
CANS_073e1ffbdca5,,Faciliter l'accès aux technologies numériques,,,hard,autre_hard,ROME,SKL_bb85a1300ce8
CANS_5f2690e6a87b,,Finance,,,hard,autre_hard,ROME,SKL_728cece307da
CANS_d13e83f565dd,,Architecture propriétaire,,,hard,autre_hard,ROME,SKL_0b11c5a5f0ba
CANS_df6160b6bfe5,,Cobol,,,hard,autre_hard,ROME,SKL_32371219d0d1
CANS_291aa37c1a39,,Fortran,,,hard,autre_hard,ROME,SKL_5693d3f024e7
CANS_14bdb238ac35,,XML,,,hard,autre_hard,ROME,SKL_8934ef79a8d8
CANS_eabd9adbde09,,Delphi,,,hard,autre_hard,ROME,SKL_16e2a25e41f6
CANS_f9e63022cb4a,,Gestion de la relation client (CRM),,,hard,autre_hard,ROME,SKL_7c72a4c9adda
CANS_b4285702ae79,,Echange de Données Informatisées (EDI),,,hard,autre_hard,ROME,SKL_0a71f3739d10
CANS_79e3c23d0698,,"Anglais technique avancé, parlé, écrit",,,hard,autre_hard,ROME,SKL_9eb848703501
CANS_9b5de5673c09,,Bachelor en sciences et ingénierie - Concepteur développeur programmation globale,,,hard,autre_hard,ROME,SKL_79a7f6689b5b
CANS_41a5a752a3de,,Maintenir une documentation précise et à jour,,,hard,autre_hard,ROME,SKL_9e8748c991dd
CANS_41e7e1272386,,"Transmettre une technique, un savoir-faire",,,hard,autre_hard,ROME,SKL_70f459538510
CANS_f978c560f829,,"Enseigner, développer des compétences",,,hard,autre_hard,ROME,SKL_db3cd7095e80
CANS_658badcab5ba,,Assister les équipes lors de la réalisation de tâches complexes ou en cas de problèmes majeurs,,,hard,autre_hard,ROME,SKL_a14abd0b3959
CANS_7bcaf042dc2e,,Faciliter la communication entre les membres de l'équipe,,,hard,autre_hard,ROME,SKL_8911581bbc00
CANS_489e7b7ba1c5,,Optimiser les processus de développement logiciel,,,hard,autre_hard,ROME,SKL_4a396b1dc5a3
CANS_7456cac0640e,,Encourager l'innovation au sein des équipes,,,hard,autre_hard,ROME,SKL_e71eb73fbb1a
CANS_74118e4a4210,,Assurer le suivi des sprints et des livrables,,,hard,autre_hard,ROME,SKL_b4bf9d5548d8
CANS_4eda86caf7f0,,Promouvoir les bonnes pratiques de développement,,,hard,autre_hard,ROME,SKL_9e691c8ce7b9
CANS_dd35a8846c76,,Incorporer des retours d'expérience dans les processus,,,hard,autre_hard,ROME,SKL_6a164a3e44b1
CANS_bf98bcfa19c0,,Conduire des réunions d'équipe pour motiver et informer,,,hard,autre_hard,ROME,SKL_2d38126fa37c
CANS_dc3d19799af6,,Système KANBAN,,,hard,autre_hard,ROME,SKL_e0509bf93d6f
CANS_56058122eed0,,Gestion des risques projet,,,hard,autre_hard,ROME,SKL_72c01f56b591
CANS_7b4b94ec620d,,Analyse des besoins des clients,,,hard,autre_hard,ROME,SKL_365ab466ffc2
CANS_678ab6de9744,,"Animation d'instances agiles (mêlée, démonstration, rétrospective, ...)",,,hard,autre_hard,ROME,SKL_77f374f35c2a
CANS_a6cd08391e8c,,Gestion du temps,,,hard,autre_hard,ROME,SKL_b96435afba3d
CANS_a4800ab3e6ba,,Communication interne,,,hard,autre_hard,ROME,SKL_7b9465bb50df
CANS_207e3d8fd863,,Gestion d'équipe,,,hard,autre_hard,ROME,SKL_edcdc1fe0485
CANS_e6f3398c2db2,,Développement de logiciels,,,hard,autre_hard,ROME,SKL_338a90936a63
CANS_54802d139bd9,,Gestion de la performance,,,hard,autre_hard,ROME,SKL_e6e4969832c1
CANS_874aabdf3771,,Planification de projet,,,hard,autre_hard,ROME,SKL_c95e1cf13d11
CANS_c1f57f742a5e,,Rapport d'avancement,,,hard,autre_hard,ROME,SKL_1563e96f28b3
CANS_e4b2f345bc23,,Evaluation de projet,,,hard,autre_hard,ROME,SKL_053f73144086
CANS_db5f79116865,,Gestion des stakeholders,,,hard,autre_hard,ROME,SKL_7d725b94065a
CANS_363e0fda1acb,,Créer une documentation technique,,,hard,autre_hard,ROME,SKL_c02ff75b4611
CANS_af5a42a0610e,,Analyser des résultats de tests et essais,,,hard,autre_hard,ROME,SKL_7822af95530a
CANS_2a41dec71e70,,Documenter les anomalies rencontrées lors des tests,,,hard,autre_hard,ROME,SKL_4fee05ebf93c
CANS_9d6481803c22,,Collaborer avec les développeurs pour la correction des bugs,,,hard,autre_hard,ROME,SKL_f621eff4f1b9
CANS_ad4e37e1f4fc,,Evaluer les risques potentiels liés à une nouvelle version du logiciel,,,hard,autre_hard,ROME,SKL_3a4117b3fafd
CANS_eef9d835952b,,Mettre en place des outils de suivi de la qualité des tests,,,hard,autre_hard,ROME,SKL_1233d61bacfb
CANS_5504e7365653,,Former les utilisateurs aux nouvelles fonctionnalités testées,,,hard,autre_hard,ROME,SKL_006c46b60f7e
CANS_118bdc354cf1,,Optimiser les procédures de tests pour améliorer l'efficacité,,,hard,autre_hard,ROME,SKL_e3768c0dc439
CANS_6629df14cb57,,Rédiger des documents techniques en respectant les normes en vigueur,,,hard,autre_hard,ROME,SKL_8f63f3064cea
CANS_3ec849c10688,,Publication Assistée par Ordinateur (PAO),,,hard,autre_hard,ROME,SKL_fd51534545fe
CANS_5cd19033e531,,Matériel de contrôle embarqué,,,hard,autre_hard,ROME,SKL_edcec4acc562
CANS_c1388160c671,,Développement de tests de sécurité automatisés,,,hard,autre_hard,ROME,SKL_0b4116af593e
CANS_487a415c3434,,Gestion de tests de performance,,,hard,autre_hard,ROME,SKL_63cd805c6f74
CANS_cf662b01889d,,Optimisation de tests pour applications mobiles,,,hard,autre_hard,ROME,SKL_9013bd39a925
CANS_9d1e62d5281b,,Tests de compatibilité interplateforme,,,hard,autre_hard,ROME,SKL_1a6fe4d5049d
CANS_10e9a2ae8aa3,,Analyse de couverture de code,,,hard,autre_hard,ROME,SKL_4b60c5e8cde9
CANS_b8983e9a8e08,,Tests de conformité aux standards,,,hard,autre_hard,ROME,SKL_ec22578c242f
CANS_705eedd3cde5,,Gestion des cycles de vie des applications,,,hard,autre_hard,ROME,SKL_c836868cab56
CANS_a45db1841586,,Tests de l'interface utilisateur,,,hard,autre_hard,ROME,SKL_374ff2cce559
CANS_30ea64a0bb1d,,"Localiser la panne ou la défaillance par des contrôles, des tests et des mesures",,,hard,autre_hard,ROME,SKL_4fb19ab882d1
CANS_0d11556b5416,,"Déployer et mettre en place les mesures palliatives en cas de situation perturbée (information voyageurs, transport de remplacement, sécurité du personnel, etc.)",,,hard,autre_hard,ROME,SKL_fdc862faf01d
CANS_c93a6aae038c,,"Suivre l'évolution des matériels, analyser les incidents d'exploitation et instruire les actions correctives et préventives",,,hard,autre_hard,ROME,SKL_a004b2d72a70
CANS_adc28c4e3e97,,Configurer et paramétrer un équipement ou un système électronique,,,hard,autre_hard,ROME,SKL_5a6633137a8e
CANS_696e06dd20a4,,"Installer et mettre en service les matériels et les logiciels, en conformité avec les normes d'utilisation et les règles de sécurité électrique",,,hard,autre_hard,ROME,SKL_629a43dfc4b7
CANS_2196c04f400f,,Gérer les incidents et les problèmes techniques,,,hard,autre_hard,ROME,SKL_6f5c6d454ced
CANS_f1224ba133ab,,Respecter des protocoles de traitement informatique de données,,,hard,autre_hard,ROME,SKL_cdd79a676dcd
CANS_a4646b7acf5e,,Réaliser les essais de fonctionnement,,,hard,autre_hard,ROME,SKL_0074308a1036
CANS_5739695961f0,,Etablir un rapport d'accident et d'incident,,,hard,autre_hard,ROME,SKL_616493329cc9
CANS_b8e230067fc4,,Vérifier la qualité et la propreté d'équipements ou de matériels,,,hard,autre_hard,ROME,SKL_e921fb7522cc
CANS_fef68b4d373b,,Mener un diagnostic ou un test/essai technique,,,hard,autre_hard,ROME,SKL_b02eec725710
CANS_fe89a6441408,,"Renseigner et tenir à jour des outils de suivi de l'activité (tableaux de bord de production, relevés d'incidents, qualité...)",,,hard,autre_hard,ROME,SKL_de8c958a01fd
CANS_43fe2cfaed79,,Définir et mettre en oeuvre des solutions techniques de mesure pour remonter à la cause racine d'un dysfonctionnement,,,hard,autre_hard,ROME,SKL_18b29af4b3bb
CANS_3a89d4dfbd91,,Etablir des rapports d'intervention,,,hard,autre_hard,ROME,SKL_73efe27e6dd9
CANS_736284e0bcb9,,Communiquer efficacement les résultats obtenus,,,hard,autre_hard,ROME,SKL_8472ec9ab207
CANS_60787d9aa50e,,"Ouvrir, suivre et clôturer un ticket (rapport d'intervention)",,,hard,autre_hard,ROME,SKL_d5c917aad9d6
CANS_5f21b1506149,,Surveiller le fonctionnement de réseaux informatiques et télécom,,,hard,autre_hard,ROME,SKL_f2164bd28f15
CANS_8d4f72a7298a,,Respecter une politique de sécurité de l'information,,,hard,autre_hard,ROME,SKL_317c3c99eb9a
CANS_c690073f5231,,Respecter les règles de sécurité,,,hard,autre_hard,ROME,SKL_c89c6fdd4507
CANS_78469125cc52,,Déployer des réseaux informatiques,,,hard,autre_hard,ROME,SKL_957f72112f46
CANS_27afcc09086c,,"Identifier les risques de pannes, d'incidents ou d'accidents",,,hard,autre_hard,ROME,SKL_f400119cd073
CANS_358ba9093498,,Diagnostiquer à distance un dysfonctionnement informatique matériel ou logiciel,,,hard,autre_hard,ROME,SKL_c4c4e7b21e70
CANS_362aa8f12f5c,,Installer ou configurer un serveur réseau,,,hard,autre_hard,ROME,SKL_bad1fd4b1119
CANS_523e26cfe333,,Mettre le réseau informatique en service et contrôler l'installation,,,hard,autre_hard,ROME,SKL_2e8060864aed
CANS_4009b6ee7829,,Rédiger des rapports de test,,,hard,autre_hard,ROME,SKL_fac0fdf290e1
CANS_6d99eb3e54f2,,Techniques de tirage de câble,,,hard,autre_hard,ROME,SKL_311743cf0b0a
CANS_63fafc31b8d0,,"Architecture de réseaux (OSI, TCP/IP...)",,,hard,autre_hard,ROME,SKL_5e7b1d49dca1
CANS_2044e24965c2,,Informatique répartie (distributed computing),,,hard,autre_hard,ROME,SKL_45e4dcfb28cd
CANS_aedf23c03012,,Principes d'intégration de matériels et de logiciels,,,hard,autre_hard,ROME,SKL_97f409ee10f2
CANS_d2b169500415,,Technologies et protocoles réseaux,,,hard,autre_hard,ROME,SKL_3538f01d351e
CANS_f376e95f1626,,Systèmes de stockage SAN/NAS,,,hard,autre_hard,ROME,SKL_7f58b6da8ef0
CANS_a484720bdd44,,Maintenance préventive des équipements réseau,,,hard,autre_hard,ROME,SKL_ba0c3c8f0595
CANS_baef02d1f7a2,,Utilisation de logiciels de gestion réseau,,,hard,autre_hard,ROME,SKL_f9f7a67b911c
CANS_9fbe55fec2d2,,Connaissance des normes ISO/IEC en réseau,,,hard,autre_hard,ROME,SKL_eaaefa806faa
CANS_f1ffbe90ee23,,Application des procédures de sauvegarde,,,hard,autre_hard,ROME,SKL_fe3dc88dec28
CANS_1f8111676143,,Systèmes de refroidissement des Datacenter,,,hard,autre_hard,ROME,SKL_65b404b6e090
CANS_609d838189b3,,Protocoles IP,,,hard,autre_hard,ROME,SKL_7b91b83ab8da
CANS_e27aeb894387,,BUT spécialité réseaux & télécommunications parcours réseaux opérateurs et multimédia,,,hard,autre_hard,ROME,SKL_ee2723a49fe9
CANS_91e3f5e6fafa,,DUT réseaux et télécommunications,,,hard,autre_hard,ROME,SKL_f4b51b55ad61
CANS_4925ae35ee88,,Mastère spécialisé management des systèmes d'information en réseaux,,,hard,autre_hard,ROME,SKL_027f0414612a
CANS_e08f2c3122aa,,Mastère spécialisé réseaux et services,,,hard,autre_hard,ROME,SKL_7e2d302e989d
CANS_bd6971847a5f,,Licence pro mention métiers des réseaux informatiques et télécommunications,,,hard,autre_hard,ROME,SKL_70f7587171fa
CANS_5ce66f070a67,,Mastère spécialisé architecte réseaux et cybersécurité,,,hard,autre_hard,ROME,SKL_4f1e659e1426
CANS_e3e77f4b3644,,"Mastère spécialisé conception, architecture de réseaux et cybersécurité",,,hard,autre_hard,ROME,SKL_d4470bb4fc5e
CANS_d7e7ecf3fe24,,"Mastère spécialisé informatique : systèmes d'information, télécommunications et réseaux",,,hard,autre_hard,ROME,SKL_e29e954177b0
CANS_59998a7bc908,,Mastère spécialisé ingénierie des systèmes informatiques communicants,,,hard,autre_hard,ROME,SKL_d69171333ad9
CANS_5ee96ba70cf0,,Définir des procédures de traitement et de sécurisation,,,hard,autre_hard,ROME,SKL_9d4a51a9c77f
CANS_09fad8564bb6,,Piloter la gestion des risques,,,hard,autre_hard,ROME,SKL_c784c101b12b
CANS_6ac359a593c8,,Veiller au respect des normes de sécurité,,,hard,autre_hard,ROME,SKL_3de11213d8ef
CANS_d289032b1d7f,,Configurer des pare-feu et des systèmes de détection d'intrusions,,,hard,autre_hard,ROME,SKL_4389f504259d
CANS_e937fd9d56b3,,Surveiller les tentatives d'accès non autorisées et les alertes de sécurité,,,hard,autre_hard,ROME,SKL_07bcdec0afc1
CANS_c2488539548e,,Former les utilisateurs aux bonnes pratiques de sécurité informatique,,,hard,autre_hard,ROME,SKL_97e50bb5b3df
CANS_312ed2655d2e,,"Documenter les procédures de sécurité, ainsi que les incidents",,,hard,autre_hard,ROME,SKL_93049050eb4e
CANS_cc57108b139e,,Collaborer avec les équipes techniques pour améliorer la sécurité,,,hard,autre_hard,ROME,SKL_aa25142d10f7
CANS_67c1bd330446,,Communiquer efficacement les mises à jour de sécurité aux équipes concernées,,,hard,autre_hard,ROME,SKL_9d52818bb90b
CANS_8b1772addbe2,,Argumenter en faveur de l'adoption de nouvelles technologies de sécurité,,,hard,autre_hard,ROME,SKL_aa40c7ce8fc9
CANS_470f4221ebcc,,Construire un plan de récupération après sinistre pour les serveurs,,,hard,autre_hard,ROME,SKL_f88647280ccb
CANS_db2c489d1e2b,,Normes de sécurité,,,hard,autre_hard,ROME,SKL_788639f7d633
CANS_34355450b142,,Logiciels d'interface (middleware),,,hard,autre_hard,ROME,SKL_dc4c308b1aa7
CANS_168b2cc2cd76,,Système d'exploitation Unix,,,hard,langage_ou_techno_nommee,ROME,SKL_d64ded6e6598
CANS_37c22f1ff9b8,,Système d'exploitation Solaris,,,hard,autre_hard,ROME,SKL_c227fcf2a9ca
CANS_5d295e8db536,,Système d'exploitation Windows,,,hard,autre_hard,ROME,SKL_c482daa88fe1
CANS_deb95cda6770,,Système d'exploitation MacOS,,,hard,autre_hard,ROME,SKL_923fb2c265dc
CANS_5aca5025e027,,Infogérance / télémaintenance,,,hard,autre_hard,ROME,SKL_67cc542f4ebc
CANS_47a863fe2d3d,,Normes qualité,,,hard,autre_hard,ROME,SKL_0b7b3ef7b642
CANS_786757216ae5,,Système d'exploitation informatique VMWare (virtualisation d'architecture),,,hard,autre_hard,ROME,SKL_cbc067cff74b
CANS_e3e68a354950,,Système d'exploitation informatique Android,,,hard,autre_hard,ROME,SKL_dd2f5a726139
CANS_4922b31c858d,,Règles de traitement des opérations bancaires,,,hard,autre_hard,ROME,SKL_a24a4c2a39cc
CANS_f6b1572846a6,,Sécurité des systèmes embarqués,,,hard,autre_hard,ROME,SKL_6ac8aa88be97
CANS_b409cd05651a,,Analyse de risque,,,hard,autre_hard,ROME,SKL_d9c61e0de00e
CANS_d2d62e46f7fb,,Cryptographie,,,hard,autre_hard,ROME,SKL_9ecb1dc05b17
CANS_4539faa3c72f,,Sécurité des réseaux,,,hard,autre_hard,ROME,SKL_7df92e57f557
CANS_8f7b4b31a077,,Développement sécurisé de logiciels,,,hard,autre_hard,ROME,SKL_fda061f604d7
CANS_44f8bed398c2,,Formation en sécurité informatique,,,hard,autre_hard,ROME,SKL_cdf7a7c6e544
CANS_1a6ba8ec2e27,,Sécurité des applications et des communications mobiles,,,hard,autre_hard,ROME,SKL_13dfc84e9918
CANS_a2d7bb65a236,,Certificat de compétence analyste en cybersécurité,,,hard,autre_hard,ROME,SKL_fa85f62abd20
CANS_a9d9c42e6e35,,Certificat professionnel technicien de maintenance micro réseaux et internet spécialisation cybersécurité des PME,,,hard,autre_hard,ROME,SKL_9e44f1a83819
CANS_e34fa7365872,,Mastère spécialisé cybersécurité,,,hard,autre_hard,ROME,SKL_5cfc886928c0
CANS_99c0ed8b345f,,Mastère spécialisé cybersécurité et cyberdéfense,,,hard,autre_hard,ROME,SKL_62827ffe006a
CANS_096b593c5fe9,,Mastère spécialisé sécurité informatique,,,hard,autre_hard,ROME,SKL_ce698643caa7
CANS_2c7953ef4668,,Assembler des composants logiciels,,,hard,autre_hard,ROME,SKL_e3ffa637f06a
CANS_1fe438cd805e,,Promouvoir une culture d'amélioration continue au sein de l'équipe,,,hard,autre_hard,ROME,SKL_5db7a3104ccd
CANS_e71683ccf779,,Intégrer les normes réglementaires et standards internationaux,,,hard,autre_hard,ROME,SKL_ae0fb11f850c
CANS_20f5171b3a5b,,Analyser les besoins des utilisateurs pour la création de logiciels,,,hard,autre_hard,ROME,SKL_ef7120692aa1
CANS_814afd029a82,,Gérer les versions de logiciels et leur compatibilité,,,hard,autre_hard,ROME,SKL_b2a5621dbc23
CANS_435a8e9ebab1,,Documenter les procédures de développement et d'exploitation,,,hard,autre_hard,ROME,SKL_ca081f568434
CANS_488c6c4d7edb,,Evaluer les risques liés à la sécurité des systèmes d'information,,,hard,autre_hard,ROME,SKL_9131c82684c0
CANS_4e9160e9f823,,Améliorer l'efficacité des équipes de développement par des outils adaptés,,,hard,autre_hard,ROME,SKL_37921c7f6ff2
CANS_3f571a44e0c3,,Faciliter la collaboration interdisciplinaire dans les projets de développement,,,hard,autre_hard,ROME,SKL_49b0c8b9195c
CANS_5c83d463e52d,,Tester et valider les fonctionnalités du logiciel,,,hard,autre_hard,ROME,SKL_4ebb7bf93e2f
CANS_2582bf67df07,,Faciliter la communication entre les équipes,,,hard,autre_hard,ROME,SKL_669e77f27226
CANS_9ca4d0753e8b,,Faciliter l'adoption de nouvelles technologies,,,hard,autre_hard,ROME,SKL_d7e6fb11caa3
CANS_639fe9a14a7b,,Formalisation de processus de gestion,,,hard,autre_hard,ROME,SKL_7faca9920fa3
CANS_ee887af43392,,Assurance Qualité Logicielle (AQL),,,hard,autre_hard,ROME,SKL_ba79d4f9beaf
CANS_5841f93e0a0d,,Conception de bases de données,,,hard,autre_hard,ROME,SKL_2bbf5ba2b7af
CANS_79bc2acb7e6c,,Optimisation de code pour systèmes embarqués,,,hard,autre_hard,ROME,SKL_838c826bd8b4
CANS_102db9fabe76,,Développement front-end et back-end,,,hard,autre_hard,ROME,SKL_c1424d88cb74
CANS_2c8257b23ed0,,Réaliser des audits de sécurité périodiques,,,hard,autre_hard,ROME,SKL_eeab73e4076a
CANS_587c92311eec,,Rédiger des rapports de sécurité,,,hard,autre_hard,ROME,SKL_e2f9706ac371
CANS_f7f35b15fad9,,S'assurer du respect des règles de cybersécurité,,,hard,autre_hard,ROME,SKL_45d66f7111cd
CANS_c974643bd867,,"Définir ou faire évoluer les mesures et les normes de sécurité (charte), en cohérence avec la nature de l'activité de l'entreprise et son exposition aux risques informatiques",,,hard,autre_hard,ROME,SKL_a276e4bd1acd
CANS_2ad22a0016d3,,Respecter les normes de sécurité et de confidentialité des données,,,hard,autre_hard,ROME,SKL_b41808d259fe
CANS_6b1c81ad65a5,,Analyser les besoins de sécurité pour les sites web,,,hard,autre_hard,ROME,SKL_6266025cd7ab
CANS_e9bfb02eaf44,,Surveiller la sécurité des systèmes de messagerie pour prévenir les intrusions,,,hard,autre_hard,ROME,SKL_f4d8eddeb357
CANS_061bb0a0702d,,Réaliser des audits de sécurité des infrastructures cloud,,,hard,autre_hard,ROME,SKL_018846cc6451
CANS_47f60dbb86e5,,Assurer la mise à jour des logiciels de systèmes de sécurité,,,hard,autre_hard,ROME,SKL_512759dbd051
CANS_eb7eff181a61,,Identifier les besoins en logiciel de sécurité,,,hard,autre_hard,ROME,SKL_d1492f752830
CANS_c1b04c47d8b7,,Sensibiliser à la sécurité informatique,,,hard,autre_hard,ROME,SKL_53afca1bd26f
CANS_ea4c5be9f21d,,Implémenter des solutions de cybersécurité adaptées,,,hard,autre_hard,ROME,SKL_e46363c2ff72
CANS_04b99d56369b,,Faire preuve de sens des responsabilités,,,soft,soft_transversale,ROME,SKL_577fdca2f930
CANS_6a6fe0139b3d,,Faire preuve de réactivité,,,soft,soft_transversale,ROME,SKL_a894ce0c3efa
CANS_0a3b52ae6f2a,,Veille technologique en sécurité informatique,,,hard,autre_hard,ROME,SKL_aaa77a415df9
CANS_3d13876d2a9a,,Analyse de risques en sécurité informatique,,,hard,autre_hard,ROME,SKL_3ee2841813d3
CANS_daaac8616b31,,Sécurité des systèmes d'exploitation,,,hard,autre_hard,ROME,SKL_792409002f47
CANS_ed06893b2028,,Mise à jour des systèmes de sécurité réseau,,,hard,autre_hard,ROME,SKL_b376e1dfa193
CANS_2d2dd6bd22ef,,Sécurité des applications,,,hard,autre_hard,ROME,SKL_80ae25a6be4c
CANS_b5c0c9d4af45,,Evaluation de risques sécurité Informatique et Télécoms,,,hard,autre_hard,ROME,SKL_79b58233d0b2
CANS_e78391087e8e,,Techniques de cybersécurité,,,hard,autre_hard,ROME,SKL_778fcb70af75
CANS_a54ab015b4c6,,Règles de cybersécurité,,,hard,autre_hard,ROME,SKL_0abce6a5e117
CANS_dc7e187e9f79,,BUT spécialité réseaux & télécommunications parcours cybersécurité,,,hard,autre_hard,ROME,SKL_aa6476815bce
CANS_78e4584c0bae,,Technicien veilleur de cybersécurité,,,hard,autre_hard,ROME,SKL_31eabbd63b8b
CANS_46d65c1f69f8,,Technicien systèmes réseaux et sécurité,,,hard,autre_hard,ROME,SKL_b0961ef93ce0
CANS_e5ca7db7196f,,Opérateur en cybersécurité,,,hard,autre_hard,ROME,SKL_b5e2eabfea12
CANS_796ef73d759d,,Assurer le suivi technique et commercial après-vente,,,hard,autre_hard,ROME,SKL_dfaa89024141
CANS_1e4e60717e0f,,"Conseiller une organisation, une structure",,,hard,autre_hard,ROME,SKL_79d541d9118f
CANS_91d66750c3f2,,Elaborer des actions ou des règles de prévention,,,hard,autre_hard,ROME,SKL_ce44576f5ec5
CANS_6c4a0137604c,,Contrôler la conformité des données,,,hard,autre_hard,ROME,SKL_1c03993cf8b1
CANS_fa45d279783a,,Présenter et valoriser un produit ou un service,,,hard,autre_hard,ROME,SKL_3ab69fae4757
CANS_c2c18b51f2e7,,Ecrire une ou plusieurs langues étrangères,,,hard,autre_hard,ROME,SKL_9d89af1377c3
CANS_97da71baf839,,Parler une ou plusieurs langues étrangères,,,hard,autre_hard,ROME,SKL_67a3838af16e
CANS_cfbd752036d9,,Proposer des solutions pour optimiser la sécurité des systèmes,,,hard,autre_hard,ROME,SKL_7b5a4a778a86
CANS_8fe10e086e35,,Assurer la conformité des pratiques de développement,,,hard,autre_hard,ROME,SKL_a08e94b4aaea
CANS_0e6031be8db8,,Documenter les procédures de qualité et de sécurité,,,hard,autre_hard,ROME,SKL_b2f4063943e9
CANS_aa494e118b8d,,Respecter les normes de qualité dans le développement de logiciels,,,hard,autre_hard,ROME,SKL_37fdca7b390f
CANS_ca2a73960340,,Mettre en place des indicateurs de performance pour le suivi qualité,,,hard,autre_hard,ROME,SKL_47f830bd1f27
CANS_6a7c984a3af6,,Micro-informatique,,,hard,autre_hard,ROME,SKL_0862913cca95
CANS_c37efee496fb,,Gestion de la maintenance,,,hard,autre_hard,ROME,SKL_4bcb9893893a
CANS_6fe377fd1ee2,,Génie logiciel,,,hard,autre_hard,ROME,SKL_c9bc6eeec34f
CANS_467fcee5e612,,Utilisation de frameworks de test,,,hard,autre_hard,ROME,SKL_49a591dde20a
CANS_edd8b15db322,,Maîtrise des processus d'intégration continue,,,hard,autre_hard,ROME,SKL_671d4ab5bd74
CANS_1e2d304c9730,,Connaissance approfondie des API,,,hard,autre_hard,ROME,SKL_dee305721112
CANS_eeeb7a5dc7ff,,Tests unitaires et d'intégration,,,hard,autre_hard,ROME,SKL_0c4709c14a8c
CANS_5dfba1a0ff90,,Connaissance des principes DevOps,,,hard,autre_hard,ROME,SKL_5b01b434e839
CANS_578fa16a7be7,,Connaissance des systèmes de versioning,,,hard,autre_hard,ROME,SKL_8e363751074d
CANS_291f8e47fc71,,Analyse et résolution de bugs,,,hard,autre_hard,ROME,SKL_a9c0eced3d1e
CANS_7134b1741914,,Maîtriser la qualité d'un développement logiciel,,,hard,autre_hard,ROME,SKL_bc025543250e
CANS_3bc422e99132,,Réaliser un diagnostic technique,,,hard,autre_hard,ROME,SKL_9ffa1f20dd64
CANS_3a195ef7c92a,,Evaluer une situation à risques,,,hard,autre_hard,ROME,SKL_010fc9e78291
CANS_c071e6ff8f35,,"Mettre en place une blockchain (protocoles, consensus etc.)",,,hard,autre_hard,ROME,SKL_ab0a5998ea75
CANS_b31d1e64fdff,,Analyser les indicateurs pertinents sur les tendances et les usages des clients,,,hard,autre_hard,ROME,SKL_4f5fb3db8985
CANS_3d29132e6bf8,,Vérifier la compatibilité des développements produits avec les spécifications,,,hard,autre_hard,ROME,SKL_9e03af40c09c
CANS_e3de192ee083,,Documenter les procédures d'installation et de configuration,,,hard,autre_hard,ROME,SKL_38f94c32e4c7
CANS_2a41ee8c36f9,,Algorithmique,,,hard,autre_hard,ROME,SKL_734bfd8b6717
CANS_a08292dcf75f,,Optimisation de performances,,,hard,autre_hard,ROME,SKL_0eef1f46b91b
CANS_4d42117c9ec6,,Gestion de versions de logiciels,,,hard,autre_hard,ROME,SKL_26f92eee3bd4
CANS_d5399378e35b,,Réaliser une analyse ou modélisation statistique de données,,,hard,autre_hard,ROME,SKL_24105ff66961
CANS_51b631a4b837,,"Concevoir et faire évoluer un modèle, un prototype",,,hard,autre_hard,ROME,SKL_7c32c74555a7
CANS_5904a2626750,,Définir et mettre en oeuvre des protocoles de sécurité,,,hard,autre_hard,ROME,SKL_7dba47302c1f
CANS_bef7c89c7209,,Exploiter des solutions de Data Science ou d'Intelligence Artificielle,,,hard,autre_hard,ROME,SKL_3531b120d7b8
CANS_2fd496c9a0de,,Intégrer la maquette numérique,,,hard,autre_hard,ROME,SKL_8059f8e7f533
CANS_f7c5b4191f24,,Intégrer le jumeau numérique aux processus industriels,,,hard,autre_hard,ROME,SKL_d5dc11337990
CANS_0ea1a2e270fe,,Concevoir des architectures réseau pour l'IoT,,,hard,autre_hard,ROME,SKL_5e0f19619fc8
CANS_015f8247049c,,Réaliser ou superviser les interventions de maintenance préventive et corrective,,,hard,autre_hard,ROME,SKL_e598bfb046b8
CANS_8af87cd18c41,,Implémenter des technologies de réalité augmentée,,,hard,autre_hard,ROME,SKL_3ead82051de9
CANS_2af689723e0d,,Optimiser les processus de collaboration,,,hard,autre_hard,ROME,SKL_5bb057177a5b
CANS_f5299beec7a6,,Scénariser un impact environnemental,,,hard,autre_hard,ROME,SKL_50fe783b9bd7
CANS_e983a676ccb1,,Analyser les besoins pour la création d'un jumeau numérique,,,hard,autre_hard,ROME,SKL_d0c5968e6cee
CANS_6b29dcc86204,,Collaborer avec des équipes interdisciplinaires pour des projets numériques,,,hard,autre_hard,ROME,SKL_547fcd054ba8
CANS_3cab341976c4,,Construire des stratégies de déploiement pour jumeaux numériques,,,hard,autre_hard,ROME,SKL_a24358a1aa1d
CANS_3c40bab1c1da,,Programme de recherche et développement,,,hard,autre_hard,ROME,SKL_674650d54ea4
CANS_78ecd5d6acb5,,Utilisation de logiciels spécialisés,,,hard,autre_hard,ROME,SKL_4d8f35a49bbd
CANS_45a9efad2856,,Evaluation des impacts environnementaux,,,hard,autre_hard,ROME,SKL_1f970582a9b1
CANS_5d3cb80e9db0,,Sécurité des données,,,hard,autre_hard,ROME,SKL_ae9a34505e0c
CANS_ba5688b87624,,Pratiques de maintenance préventive,,,hard,autre_hard,ROME,SKL_54ae3090a997
CANS_d5eac89fd172,,Visualisation de données,,,hard,autre_hard,ROME,SKL_2e9ac54eaa19
CANS_5f142ddef944,,Analyse des coûts,,,hard,autre_hard,ROME,SKL_99565d8d553b
CANS_ddfa1999bcff,,Construire des relations professionnelles durables avec les clients et les fournisseurs,,,hard,autre_hard,ROME,SKL_00157aff2e96
CANS_7162d266d657,,Communiquer efficacement les spécifications techniques,,,hard,autre_hard,ROME,SKL_75235cd8b7df
CANS_1cfcba9581bd,,Optimiser une activité commerciale,,,hard,autre_hard,ROME,SKL_211c1bae5617
CANS_7de96741438f,,Conseiller dans le cadre d'une relation commerciale,,,hard,autre_hard,ROME,SKL_933163f1b2ea
CANS_493853ad2f46,,Analyser les besoins des clients pour proposer des services adaptés,,,hard,autre_hard,ROME,SKL_f71c8cd539cf
CANS_679e29541244,,Négocier les termes des contrats avec les clients,,,hard,autre_hard,ROME,SKL_cd6ed420bcbf
CANS_cbcf8834dfea,,Présenter les avantages techniques et commerciaux des produits,,,hard,autre_hard,ROME,SKL_69aeb1a79550
CANS_322234194905,,Collaborer avec les équipes de développement pour ajuster les offres,,,hard,autre_hard,ROME,SKL_b3745014ffaf
CANS_57a7a456305b,,Agir proactivement face aux objections des clients,,,hard,autre_hard,ROME,SKL_4930c218a451
CANS_215421b37f18,,Développer des stratégies de vente innovantes,,,hard,autre_hard,ROME,SKL_88b80323271f
CANS_307b365b8f9a,,Evaluer régulièrement les performances des produits vendus,,,hard,autre_hard,ROME,SKL_2a242e1b4c23
CANS_762a35508512,,Adaptabilité aux nouvelles technologies,,,hard,autre_hard,ROME,SKL_343362a022fa
CANS_b119313b8656,,Techniques de persuasion,,,hard,autre_hard,ROME,SKL_8e0627f85b67
CANS_6f860d122036,,Connaissance des solutions IT,,,hard,autre_hard,ROME,SKL_4daf03d60c2a
CANS_538a064b628a,,Compréhension des besoins clients,,,hard,autre_hard,ROME,SKL_615229f82f33
CANS_9bd922ed0093,,Capacité à présenter des produits techniques,,,hard,autre_hard,ROME,SKL_8fec97c3870d
CANS_6ccd38159445,,Aptitude à la négociation commerciale,,,hard,autre_hard,ROME,SKL_ddf7688e79cf
CANS_2b46debc0653,,Connaissance des logiciels CRM,,,hard,autre_hard,ROME,SKL_e26ada1b6b8d
CANS_acb59971aac0,,Planification stratégique des ventes,,,hard,autre_hard,ROME,SKL_d7ef55926a05
CANS_a80d2fbf3119,,Connaissance des tendances du marché IT,,,hard,autre_hard,ROME,SKL_d7c64d8e7742
CANS_c65771dc77a3,,Utilisation d'outils d'analyse de marché,,,hard,autre_hard,ROME,SKL_7939bc13ec18
CANS_2bbbd3735b75,,Formation continue sur les nouvelles technologies,,,hard,autre_hard,ROME,SKL_5b705d689ad3
CANS_b3c9d4797995,,Master mention management et commerce international,,,hard,autre_hard,ROME,SKL_ebba080055a0
CANS_f10ba6b304fe,,Master mention langues et commerce international,,,hard,autre_hard,ROME,SKL_f2806c27f405
CANS_192d6f1a126a,,Magistère informatique,,,hard,autre_hard,ROME,SKL_742471f87fc4
CANS_a10a2948f65e,,Manager en ingénierie informatique,,,hard,autre_hard,ROME,SKL_05c7e93719d9
CANS_36072d001f95,,Mastère spécialisé management de projet et ingénierie système,,,hard,autre_hard,ROME,SKL_297c73635e5b
CANS_dc60daece15b,,Techniques de vente,,,hard,autre_hard,ROME,SKL_ee09ec5f01f9
CANS_4df4a2c08f61,,Respecter les délais de livraison des projets informatiques,,,hard,autre_hard,ROME,SKL_87e85c149bfe
CANS_54e70377809e,,Former les utilisateurs aux outils de Business Intelligence,,,hard,autre_hard,ROME,SKL_4d4025a42118
CANS_1f0c1fd74f6e,,Gérer la sécurité des données dans les projets BI,,,hard,autre_hard,ROME,SKL_80b5067dead4
CANS_fbe205722e05,,Analyse de données expérimentales,,,hard,autre_hard,ROME,SKL_8c006e9b51f2
CANS_5857cbe7503f,,Systèmes automatisés,,,hard,autre_hard,ROME,SKL_da2765afe5bd
CANS_dc7c824473e5,,Application des méthodes de machine learning dans BI,,,hard,autre_hard,ROME,SKL_eb41cc92b054
CANS_61f154ce2fed,,Techniques d'exploration de données (data mining),,,hard,autre_hard,ROME,SKL_dc7d1a80e19d
CANS_51b1a5180582,,Documentation technique des équipements,,,hard,autre_hard,ROME,SKL_813e552d9be3
CANS_5ccc292cc2c2,,Intégration de données provenant de diverses sources,,,hard,autre_hard,ROME,SKL_2713e7abce08
CANS_83ada61e728e,,Développement de scripts pour l'automatisation des processus,,,hard,autre_hard,ROME,SKL_d77f7557674a
CANS_fb99b65b08da,,Optimisation de la performance des systèmes BI,,,hard,autre_hard,ROME,SKL_ec4339900b9b
CANS_6aab28cd461a,,Maintenance et mise à jour des solutions BI existantes,,,hard,autre_hard,ROME,SKL_b7f407b82aa0
CANS_8963de629658,,Analyse des besoins des utilisateurs pour les solutions BI,,,hard,autre_hard,ROME,SKL_e85413dfd32f
CANS_42a641d6499d,,Licence mention informatique,,,hard,autre_hard,ROME,SKL_918fc6ee91b5
CANS_0fa6fe6e86ae,,"Licence mention informatique, mathématiques",,,hard,autre_hard,ROME,SKL_3044fbe18766
CANS_22938413b81f,,Elaborer des solutions techniques et fonctionnelles,,,hard,autre_hard,ROME,SKL_a77a9cd45de0
CANS_5dab1cf7afc9,,Assurer le suivi des projets en cours,,,hard,autre_hard,ROME,SKL_e3f60ef36cc6
CANS_6b78c3bab6e1,,Assurer le respect des normes de qualité,,,hard,autre_hard,ROME,SKL_e36c41d91589
CANS_fe52a4eecb8a,,Promouvoir les pratiques de développement durable dans la production,,,hard,autre_hard,ROME,SKL_0dfdcf6b9772
CANS_94ba30de636a,,Assurer la formation technique des équipes,,,hard,autre_hard,ROME,SKL_e92e9f8e630a
CANS_0316385e6dff,,Gérer les conflits internes,,,hard,autre_hard,ROME,SKL_c4ca6edb70f0
CANS_82296b4d7a85,,Analyser les retours d'expérience pour améliorer les processus,,,hard,autre_hard,ROME,SKL_f6fe28c045b6
CANS_39fe6a3ed3b7,,Optimiser les processus de travail pour améliorer l'efficacité,,,hard,autre_hard,ROME,SKL_f475c720f188
CANS_d452aabc05ac,,Gérer les ressources matérielles et logicielles nécessaires,,,hard,autre_hard,ROME,SKL_4576a4811381
CANS_8ebb98c92b99,,Communiquer clairement les objectifs de production,,,hard,autre_hard,ROME,SKL_ac35ac673043
CANS_a99e5d47a9bc,,Assurer la conformité des projets avec les spécifications initiales,,,hard,autre_hard,ROME,SKL_e1ffbf697d60
CANS_dc84ed7c3006,,Maintenir une documentation détaillée sur les projets,,,hard,autre_hard,ROME,SKL_288a0423a0eb
CANS_410fd97ad80b,,Evaluer les performances des équipes de production,,,hard,autre_hard,ROME,SKL_ce0fc1530b4e
CANS_c127cf3b211e,,Veiller à la sécurité des données lors des échanges,,,hard,autre_hard,ROME,SKL_eef85e1ee081
CANS_1b7e3cd6f539,,Promouvoir l'utilisation de technologies émergentes,,,hard,autre_hard,ROME,SKL_fbd9099b5774
CANS_c1ad2df93306,,Faciliter la communication interdépartementale,,,hard,autre_hard,ROME,SKL_1e2c1a1cf4de
CANS_8915989670d9,,Optimiser l'utilisation des ressources numériques,,,hard,autre_hard,ROME,SKL_9c89effdb4b5
CANS_5c3d8a920c85,,Développer des stratégies de marketing digital,,,hard,autre_hard,ROME,SKL_debb579f0f60
CANS_0581b8c427fa,,Assurer la coordination entre les équipes techniques et créatives,,,hard,autre_hard,ROME,SKL_e8f48c2a5273
CANS_1de7fdf29781,,Evaluer les risques liés aux nouveaux projets d'innovation,,,hard,autre_hard,ROME,SKL_d22a3b4d85c2
CANS_e92a99d7148c,,Veille technologique,,,hard,autre_hard,ROME,SKL_78b6a77eb009
CANS_7a9cd5e9bcfa,,Gestion de projets web,,,hard,autre_hard,ROME,SKL_890dc88e5d12
CANS_f3501ee50929,,Maintenance de sites web,,,hard,autre_hard,ROME,SKL_776fccbf2188
CANS_e58645864c73,,Utilisation d'outils analytiques,,,hard,autre_hard,ROME,SKL_1e9f1a44fbf8
CANS_f0e4e1fa5029,,Accessibilité web,,,hard,autre_hard,ROME,SKL_b3421bf9ee70
CANS_1a87fa9cc003,,Planification de la production numérique,,,hard,autre_hard,ROME,SKL_325336ce76e8
CANS_c4ec109ddd2e,,Formation aux outils web,,,hard,autre_hard,ROME,SKL_33a5dfdca1db
CANS_c7aa41243915,,Mastère spécialisé management digital,,,hard,autre_hard,ROME,SKL_065f79c1e7fa
CANS_b2dd6ab36c38,,Mastère spécialisé manager marketing et communication,,,hard,autre_hard,ROME,SKL_bb56592f6a65
CANS_8424c310ca03,,Mastère spécialisé marketing digital et data,,,hard,autre_hard,ROME,SKL_d4ab9752bf62
CANS_374aef891f4f,,Mastère spécialisé marketing et communication,,,hard,autre_hard,ROME,SKL_5227db1507e2
CANS_8b330582d4fb,,Mastère spécialisé marketing management et digital,,,hard,autre_hard,ROME,SKL_98041de19965
CANS_400d1314c10d,,Mastère spécialisé stratégies digitales & data marketing,,,hard,autre_hard,ROME,SKL_6a43c5c28a94
CANS_3281b92ea6a0,,"Licence droit, économie, gestion mention informatique, management",,,hard,autre_hard,ROME,SKL_f33961ae854e
CANS_de86c785bd1d,,BUT spécialité métiers du multimédia et de l'internet parcours création numérique,,,hard,autre_hard,ROME,SKL_737b699d390b
CANS_00dc5f49f551,,BUT spécialité métiers du multimédia et de l'internet parcours développement web et dispositifs interactifs,,,hard,autre_hard,ROME,SKL_183b043bd63a
CANS_9d42c460627b,,BUT spécialité métiers du multimédia et de l'internet parcours stratégie de communication numérique et design d'expérience,,,hard,autre_hard,ROME,SKL_c46bd89e9d17
CANS_27d2d68da5a2,,DUT métiers du multimédia et de l'internet,,,hard,autre_hard,ROME,SKL_0a7798705fac
CANS_365be8ce2413,,Informer et conseiller les clients et les utilisateurs sur l'utilisation et l'entretien des équipements,,,hard,autre_hard,ROME,SKL_8a10797f877c
CANS_f6e2501a8383,,"Procéder au choix de réalisation, de traitement en interne ou par sous-traitance et en contrôler la conformité",,,hard,autre_hard,ROME,SKL_366e68a22e4f
CANS_9a7b5addd09d,,"Etudier et identifier des évolutions (fonctionnalité, rentabilité, qualité, ...) de composants, produits, équipements",,,hard,autre_hard,ROME,SKL_983c5cfc39a7
CANS_6f722e2b56aa,,Etablir un diagnostic stratégique,,,hard,autre_hard,ROME,SKL_c2a2a6422622
CANS_74736442670a,,Concevoir un indicateur et organiser sa production,,,hard,autre_hard,ROME,SKL_712632968bf0
CANS_2f8bc9f99b31,,Vérifier la qualité et la fiabilité de l'installation,,,hard,autre_hard,ROME,SKL_85d4dc7d58d7
CANS_aa863f3eb015,,"Réaliser des opérations de maintenance à caractère préventif, systématique ou conditionnel",,,hard,autre_hard,ROME,SKL_4851098c5520
CANS_cede392e3d40,,Etablir des rapports détaillés sur les performances qualité,,,hard,autre_hard,ROME,SKL_3df69bd1bf96
CANS_744dd4faba5c,,Former les équipes de techniciens aux opérations de maintenance de premier niveau des équipements connectés,,,hard,autre_hard,ROME,SKL_72dd05176777
CANS_21eb656e53f8,,Réaliser un audit interne de performance des équipements informatiques,,,hard,autre_hard,ROME,SKL_3b612e2197a6
CANS_8510723417dc,,"Garantir le bon fonctionnement, la disponibilité et la performance d'une solution logicielle",,,hard,autre_hard,ROME,SKL_27256806792e
CANS_d5434e4df81f,,Communiquer efficacement avec les équipes et les clients,,,hard,autre_hard,ROME,SKL_847e2a520dab
CANS_01a294919eaa,,Négocier avec les fournisseurs de solutions IT et de sécurité,,,hard,autre_hard,ROME,SKL_8d5446375b43
CANS_2e64be49c63c,,Gérer les bases de données et assurer leur intégrité,,,hard,autre_hard,ROME,SKL_3f9065f54067
CANS_b9189da0384f,,Etablir des plans de reprise après sinistre,,,hard,autre_hard,ROME,SKL_6a3ab728a791
CANS_84f4a150f669,,Analyser les besoins des clients,,,hard,autre_hard,ROME,SKL_8eb0a55d1b82
CANS_a230c49744c2,,Rédiger des rapports d'intervention détaillés,,,hard,autre_hard,ROME,SKL_c5dc92e1cbe0
CANS_d1e032f718ab,,Réseaux de fibre optique Fiber To The Home (FTTH),,,hard,autre_hard,ROME,SKL_60ba33e95152
CANS_bd22ea7d134e,,Gestion de Maintenance Assistée par Ordinateur (GMAO),,,hard,autre_hard,ROME,SKL_f2c4dc5cb0e6
CANS_a039255fcb1e,,Analyse d'incidents informatiques,,,hard,autre_hard,ROME,SKL_640d5cfd0293
CANS_a4622f250150,,Collaborer avec une équipe projet,,,hard,autre_hard,ROME,SKL_e2530fdc1bb8
CANS_2e047230f7e4,,Gérer une situation d'urgence,,,hard,autre_hard,ROME,SKL_b4bdb159bf64
CANS_23f547a16bd8,,Surveiller le bon fonctionnement des machines,,,hard,autre_hard,ROME,SKL_3417b0276448
CANS_0f3d61285569,,Configurer et optimiser des systèmes DevOps,,,hard,autre_hard,ROME,SKL_b4a204f3387a
CANS_2a5efabffccb,,Assurer la sécurité des pipelines de CI/CD,,,hard,autre_hard,ROME,SKL_4cc248a2cb5b
CANS_ed1363ff1779,,Améliorer la qualité du code par des revues systématiques,,,hard,autre_hard,ROME,SKL_1a1c57fa9b95
CANS_93910802be74,,Optimiser l'utilisation des ressources cloud,,,hard,autre_hard,ROME,SKL_80435faac3f6
CANS_121cfd0d8674,,Assurer la formation des équipes sur les nouveaux outils ou équipements,,,hard,autre_hard,ROME,SKL_d51840bb1965
CANS_9c0a069dc868,,Logiciel de supervision,,,hard,autre_hard,ROME,SKL_4a8f8129798f
CANS_30a3e437d030,,Optimisation des processus DevOps,,,hard,autre_hard,ROME,SKL_8e615250845f
CANS_1ad1b3d270e4,,Optimisation de la performance des systèmes,,,hard,autre_hard,ROME,SKL_047b12754d9e
CANS_a427a87d6774,,Présenter les évolutions du système d'information au commanditaire,,,hard,autre_hard,ROME,SKL_5c0757029356
CANS_96fb567a2cc9,,Recenser les besoins du commanditaire,,,hard,autre_hard,ROME,SKL_e2fbd3b6df6a
CANS_91e7851be931,,Analyser des données techniques pour optimiser les processus,,,hard,autre_hard,ROME,SKL_f23c40515d26
CANS_645c09f886e6,,Evaluer l'impact financier des décisions stratégiques,,,hard,autre_hard,ROME,SKL_7caab756b928
CANS_1c64f10fb0b8,,Mettre en oeuvre des préconisations fonctionnelles et techniques,,,hard,autre_hard,ROME,SKL_fc4ee4f13ac2
CANS_9ba0616d6817,,Concevoir des supports de communication et d'image,,,hard,autre_hard,ROME,SKL_7a09ebd5b7f9
CANS_fbd0c4b12666,,Assurer la gestion administrative et financière d'une activité,,,hard,autre_hard,ROME,SKL_73c9055c4847
CANS_670377f8bd60,,Estimer les coûts et les délais d'une activité ou d'une prestation,,,hard,autre_hard,ROME,SKL_e5865ead975c
CANS_c7bebf0026fc,,"Elaborer, adapter une proposition commerciale",,,hard,autre_hard,ROME,SKL_42aa93e97be0
CANS_86771eeb3482,,"Rédiger un rapport, un compte rendu d'activité",,,hard,autre_hard,ROME,SKL_c570cce36e0d
CANS_4aece30cfbee,,"Convaincre, négocier",,,hard,autre_hard,ROME,SKL_80360d1c2701
CANS_4875992f574f,,"Mettre à jour un dossier, une base de données",,,hard,autre_hard,ROME,SKL_6f8f325f68a5
CANS_a28c707824a3,,Déterminer l'opportunité de l'intégration d'outils d'intelligence artificielle et de data science dans le modèle d'affaires,,,hard,autre_hard,ROME,SKL_dc7472dc5b92
CANS_af26d301df7c,,Gérer les ressources humaines,,,hard,autre_hard,ROME,SKL_93240b279070
CANS_56213d49f7d0,,Répondre à un appel d'offres,,,hard,autre_hard,ROME,SKL_1df3be7647cd
CANS_9840b6645953,,Optimiser les processus de gestion de projet,,,hard,autre_hard,ROME,SKL_769640a90ea0
CANS_d7f8ee59dd4a,,Assurer la conformité des livrables de projet,,,hard,autre_hard,ROME,SKL_3e489c2bb496
CANS_8b413cf4a03b,,Innover dans les méthodes de gestion de projet,,,hard,autre_hard,ROME,SKL_cd3801cc7d3f
CANS_5ee5ae5ebacc,,Gestion budgétaire,,,hard,autre_hard,ROME,SKL_ffb7e73cd033
CANS_cd23a25b28dc,,Démarche qualité,,,hard,autre_hard,ROME,SKL_c9088de2ff6e
CANS_9b30c5354258,,Outils de planification des ressources humaines,,,hard,autre_hard,ROME,SKL_09b9da99fb8e
CANS_a807ad3758e8,,Procédures d'appels d'offres,,,hard,autre_hard,ROME,SKL_709e840bc672
CANS_2b9f09db9904,,Gestion du changement,,,hard,autre_hard,ROME,SKL_fa71c160f167
CANS_ee0bc0bc7c84,,Planification stratégique de projets,,,hard,autre_hard,ROME,SKL_86a43c325356
CANS_e8f419d987d3,,Développement de cahiers des charges,,,hard,autre_hard,ROME,SKL_c000b35696f0
CANS_0d6453731a42,,Suivi et contrôle de l'avancement des projets,,,hard,autre_hard,ROME,SKL_21dcc35b9e35
CANS_be377af80848,,Optimisation des processus de travail,,,hard,autre_hard,ROME,SKL_b4e7758ffcd2
CANS_b9ac0c6fcd37,,Gestion d'équipe multidisciplinaire,,,hard,autre_hard,ROME,SKL_058d035d2ba1
CANS_7ce09b139aa5,,Rédaction de rapports de projet,,,hard,autre_hard,ROME,SKL_9dfd1b14382d
CANS_db8209352114,,Planification des ressources projet,,,hard,autre_hard,ROME,SKL_9ac43f7e8f9f
CANS_34310b23dd49,,Mastère spécialisé management de projets industriels et logistiques,,,hard,autre_hard,ROME,SKL_066a9a8135a9
CANS_2819d87e2c2a,,Certificat de compétence management de projet et de travaux,,,hard,autre_hard,ROME,SKL_0bcc17c4f888
CANS_8e70c2ad2e10,,Mastère spécialisé architecte des systèmes d'information,,,hard,autre_hard,ROME,SKL_882d8bba5143
CANS_cbef3855ae72,,Mastère spécialisé conseil et management en systèmes d'information,,,hard,autre_hard,ROME,SKL_6fa5aa043473
CANS_e034b31d4884,,Mastère spécialisé management des systèmes d'information,,,hard,autre_hard,ROME,SKL_e02b5ccdaba6
CANS_502d68146065,,Manager un projet (Certificat de Compétences en Entreprise-CCE),,,hard,autre_hard,ROME,SKL_7a08660c2558
CANS_5f6789d9c3c2,,Mastère spécialisé management de projets de construction,,,hard,autre_hard,ROME,SKL_d6837e8dca55
CANS_637df58a7dc7,,Mastère spécialisé management de projets innovants & entrepreneuriat,,,hard,autre_hard,ROME,SKL_01fce1719dc3
CANS_cf1a06fcf48d,,Mastère spécialisé management et direction de projets,,,hard,autre_hard,ROME,SKL_0582b4bc218a
CANS_2238c4a48221,,Mastère spécialisé management par projets,,,hard,autre_hard,ROME,SKL_76946b041c3d
CANS_cfa0d8981bbd,,Mastère spécialisé manager de la sécurité des systèmes d'information,,,hard,autre_hard,ROME,SKL_56942d28fd15
CANS_cf13772294ed,,Mastère spécialisé manager de projets de construction,,,hard,autre_hard,ROME,SKL_00412185ef99
CANS_f95df4074289,,Mastère spécialisé manager des projets et programmes,,,hard,autre_hard,ROME,SKL_d151887d2724
CANS_9a982273bb81,,Mastère spécialisé sécurité de l'information et des systèmes,,,hard,autre_hard,ROME,SKL_f777a8f88c10
CANS_c679abf65eb3,,"Déterminer des choix techniques d'architecture logicielle et matérielle et sélectionner des technologies, matériels, logiciels, configurations",,,hard,autre_hard,ROME,SKL_fb9e8fd8504f
CANS_53852003e029,,"Prescrire des solutions techniques pour l'exploitation de nouveaux sites, l'amélioration de l'équipement ou des réseaux",,,hard,autre_hard,ROME,SKL_6c97b60aed94
CANS_a04c9fa6b1b5,,Segmenter et router dans les réseaux locaux,,,hard,autre_hard,ROME,SKL_523ce548499a
CANS_d82ba9f0ea94,,Déployer des solutions de réseau sans fil,,,hard,autre_hard,ROME,SKL_e3ac505973c2
CANS_61e6d4d410a0,,Concevoir des réseaux informatiques,,,hard,autre_hard,ROME,SKL_818b358af3f7
CANS_5fdca5a40d01,,Concevoir un plan de maintenance,,,hard,autre_hard,ROME,SKL_c5ac3126e42a
CANS_baa57d4c8b4d,,Agir rapidement en cas d'accident ou d'imprévu,,,hard,autre_hard,ROME,SKL_988c923ae18f
CANS_1d3a044865b6,,Actualiser et faire évoluer les équipements de télécommunication ou de courants faibles,,,hard,autre_hard,ROME,SKL_fd4ac94168d7
CANS_a7d89e1845a7,,"Conseiller des équipes de développement, de production et des utilisateurs",,,hard,autre_hard,ROME,SKL_fb3dc5a4d8a8
CANS_03e879617e9b,,Evaluer la performance d'un équipement,,,hard,autre_hard,ROME,SKL_2ecea4b42fa7
CANS_d876c76d281e,,"Réaliser une veille de marché, une veille concurrentielle",,,hard,autre_hard,ROME,SKL_a2abfdccac18
CANS_d0cdb7722d93,,Gérer et maintenir la conformité d'un processus ou d'une solution,,,hard,autre_hard,ROME,SKL_a2fdf61ebf4d
CANS_415fb1133467,,Gérer le budget de son unité,,,hard,autre_hard,ROME,SKL_1c3d9f1b4ca8
CANS_f5ce767b8a30,,Expliquer les choix techniques aux clients,,,hard,autre_hard,ROME,SKL_7e7707d9e40f
CANS_445663237ef8,,Identifier des solutions et des pistes d'actions au regard du diagnostic établi,,,hard,autre_hard,ROME,SKL_162343076aa9
CANS_4346b19f0814,,Organiser et gérer la prévention et le traitement des incidents et dysfonctionnements,,,hard,autre_hard,ROME,SKL_d9610f625ca1
CANS_2f0306f2778d,,Coordonner collaborateurs et partenaires extérieurs,,,hard,autre_hard,ROME,SKL_b0bf622f823c
CANS_228f5da16d3a,,Maîtriser les interfaces informatiques et la compréhension des signaux d'alerte,,,hard,autre_hard,ROME,SKL_30d38da352a0
CANS_150f02b69aac,,Sélectionner les équipements connectés,,,hard,autre_hard,ROME,SKL_8d890adb49e8
CANS_a6a386df9eb1,,Dimensionner et suivre la capacité du réseau local et de ses interconnexions,,,hard,autre_hard,ROME,SKL_dd9d96033aac
CANS_d30d20a0f6e2,,Modéliser un système d'équipements connectés dans son environnement,,,hard,autre_hard,ROME,SKL_335cca20ae84
CANS_949d74d72a96,,Définir et faire évoluer les mesures de protection et d'utilisation des données collectées au regard des évolutions réglementaires,,,hard,autre_hard,ROME,SKL_2c3027a09651
CANS_0a995dfd0cdb,,"Recueillir et définir les besoins de l'entreprise, des clients, des utilisateurs en matière d'équipements connectés, de systèmes d'information (capacité, fiabilité, sécurité, ...)",,,hard,autre_hard,ROME,SKL_5faab0bd1fd9
CANS_c140e7e9b53b,,Communiquer efficacement avec les parties prenantes internes et externes,,,hard,autre_hard,ROME,SKL_484a93c1cd88
CANS_5c295b7ea765,,"Développer ses compétences en continu, notamment dans les technologies émergentes",,,hard,autre_hard,ROME,SKL_bd60efbb27f0
CANS_0a4fe82f1fd5,,Optimiser la performance des réseaux existants,,,hard,autre_hard,ROME,SKL_98a5f865345b
CANS_5c7f7c6e9def,,"Concevoir et faire évoluer des prestations, des procédures techniques et opérationnelles d'intervention",,,hard,autre_hard,ROME,SKL_c184711b5e55
CANS_2bd46c3a6e20,,Améliorer un système d'information,,,hard,autre_hard,ROME,SKL_dabdbeec841c
CANS_ca48aa4ee96f,,"Exploiter une veille technologique (matériaux, nouvelles normes, contraintes réglementaires)",,,hard,autre_hard,ROME,SKL_65d9f12b1ed1
CANS_4bff928f7c12,,Utiliser des logiciels de conception,,,hard,autre_hard,ROME,SKL_3a81f6f32b5d
CANS_918fd922a166,,"Garantir le bon fonctionnement, la disponibilité et la performance des équipements connectés placés sous sa responsabilité",,,hard,autre_hard,ROME,SKL_94a596d3a7f8
CANS_eff4d7a373f4,,Normes rédactionnelles,,,hard,autre_hard,ROME,SKL_abe5c8faa8dd
CANS_856a75fe4606,,Informatique des systèmes embarqués,,,hard,autre_hard,ROME,SKL_ef3edd11282d
CANS_4fa00e942f4d,,Système interactif d'aide à la Décision (SIAD),,,hard,autre_hard,ROME,SKL_e34aeefa914c
CANS_ce13b7857ba8,,Paramétrage de logiciels,,,hard,autre_hard,ROME,SKL_0f76898ef285
CANS_e7d134152625,,"Chaine d'équipements d'un réseau IoT (capteur, antenne, routeur, serveur, software...)",,,hard,autre_hard,ROME,SKL_8025fdeab65f
CANS_d3abb69b7c82,,Gestion des incidents réseau,,,hard,autre_hard,ROME,SKL_eb94c775cc02
CANS_ae19b303446f,,Technologies sans fil,,,hard,autre_hard,ROME,SKL_9296d43436b4
CANS_53c3a6b2e0e0,,Gestion des performances réseau,,,hard,autre_hard,ROME,SKL_16294f64b279
CANS_8bee83fa3d1c,,Analyse de trafic réseau,,,hard,autre_hard,ROME,SKL_7587d0a79d0c
CANS_a1abbb57a498,,"Protocoles de communication (Zigbee, Sigfox, LoRaWan, Wifi, Bluetooth, NFC...)",,,hard,autre_hard,ROME,SKL_c7e58ef2c4a4
CANS_b898186dc62f,,Ingénieur diplômé de l'école nationale supérieure en systèmes avancés et réseaux (Université Grenoble Alpes) en partenariat avec l'ITII Dauphiné-Vivarais,,,hard,autre_hard,ROME,SKL_d263d5ba48a8
CANS_2f9e483716f7,,Ingénieur diplômé de l'école supérieure d'ingénieurs de recherche en matériaux de l'université de Dijon spécialité informatique et réseaux,,,hard,autre_hard,ROME,SKL_1730a5222591
CANS_4bcc315b8126,,Ingénieur diplômé de l'école supérieure d'ingénieurs de Rennes de l'université de Rennes spécialité systèmes numériques et réseaux,,,hard,autre_hard,ROME,SKL_f87c043e2b88
CANS_973e54e2d89f,,Ingénieur diplômé de l'institut national des sciences appliquées de Toulouse spécialité informatique et réseaux,,,hard,autre_hard,ROME,SKL_a33f5bc59469
CANS_8167a209e223,,Réaliser les interventions de télémaintenance,,,hard,autre_hard,ROME,SKL_6215ee7606d8
CANS_05fd929fe604,,Administrer des ressources informatiques,,,hard,autre_hard,ROME,SKL_c3de0995d8e9
CANS_2e0ab59fbd88,,Intégrer un script,,,hard,autre_hard,ROME,SKL_56e8ff3796d6
CANS_a3215cc44501,,Réceptionner les équipements en vue d'organiser le déploiement,,,hard,langage_ou_techno_nommee,ROME,SKL_b20ea0f07794
CANS_d96b3c817d9c,,Vérifier la compatibilité des équipements / des logiciels avec l'existant,,,hard,autre_hard,ROME,SKL_d7b0c3294c28
CANS_0a2b876ef81b,,Configurer des équipements réseaux et télécoms,,,hard,autre_hard,ROME,SKL_acb4f28d09db
CANS_a5e419f3405f,,Optimiser le fonctionnement d'un réseau télécom,,,hard,autre_hard,ROME,SKL_b1325718ae19
CANS_ed244599bb7a,,Communiquer clairement les procédures techniques aux équipes,,,hard,autre_hard,ROME,SKL_c8e705b1e20a
CANS_137acf84fb7a,,Argumenter pour l'adoption de nouvelles technologies réseau,,,hard,autre_hard,ROME,SKL_6d694e0e5daa
CANS_66f92f7fc04b,,Respecter les normes de sécurité dans la gestion des réseaux,,,hard,autre_hard,ROME,SKL_3a3487fff611
CANS_c45d5c1bbb43,,Traiter les alertes réseau avec précision et efficacité,,,hard,autre_hard,ROME,SKL_835e18a702d5
CANS_bf4fd7434305,,Concevoir des architectures réseaux optimisées et écoresponsables,,,hard,autre_hard,ROME,SKL_f4b1e93b9a97
CANS_08b53b6ac1e9,,Système d'exploitation IBM Aix,,,hard,autre_hard,ROME,SKL_5d4d90728573
CANS_1766295258f5,,Système d'exploitation HP-UX,,,hard,autre_hard,ROME,SKL_d50c4fe13221
CANS_89626d5ced33,,Système d'exploitation Irix,,,hard,autre_hard,ROME,SKL_4c1e6b70f907
CANS_b601646ecea0,,Système d'exploitation Gcos,,,hard,autre_hard,ROME,SKL_f06ae6fe04dc
CANS_3d7996461b4c,,Système d'exploitation MVS,,,hard,autre_hard,ROME,SKL_dc8399a45e04
CANS_e4e6710331a0,,Ingénierie d'exploitation,,,hard,autre_hard,ROME,SKL_301b098498e4
CANS_0a9480d36cb9,,Normes de métrologie,,,hard,autre_hard,ROME,SKL_e81c1e88a15c
CANS_d62b30d49af7,,Système d'exploitation AS 400,,,hard,autre_hard,ROME,SKL_4cd9c2e7333e
CANS_f2d37d288b39,,"Ingénieur diplômé de l'école nationale supérieure d'électronique, informatique, télécommunications, mathématique et mécanique de Bordeaux de l'institut polytechnique de Bordeaux spécialité télécommunications",,,hard,autre_hard,ROME,SKL_93f7a7c42c85
CANS_11d852587f00,,Ingénieur diplômé de l'école nationale supérieure Mines-Télécom Lille Douai spécialité télécommunication et informatique,,,hard,autre_hard,ROME,SKL_a303ebb9ccb5
CANS_11df61b4f2df,,Ingénieur diplômé de l'institut national des sciences appliquées de Lyon spécialité télécommunications,,,hard,autre_hard,ROME,SKL_6484f2cebc8a
CANS_d9afc8515f8d,,Ingénieur diplômé de l'institut national des sciences appliquées de Rennes spécialité électronique et télécommunications (Université de Rennes),,,hard,autre_hard,ROME,SKL_881e0df958b8
CANS_3a07ac59033e,,Analyser les besoins spécifiques pour le développement de jeux vidéo,,,hard,autre_hard,ROME,SKL_9300ac285575
CANS_3a8836913871,,Optimiser le rendu graphique des jeux vidéo,,,hard,autre_hard,ROME,SKL_9883fef21bb2
CANS_90c78d1801b2,,Gérer les ressources de développement de jeux,,,hard,autre_hard,ROME,SKL_07c820260d5e
CANS_fb484c7283bb,,Réalité virtuelle et augmentée,,,hard,autre_hard,ROME,SKL_b3d912479fd7
CANS_8dc7837de344,,Concepteur de jeux vidéo - Lead Game Designer,,,hard,autre_hard,ROME,SKL_902fe9c9f4f4
CANS_ffc129420381,,Gestion de la mémoire dans les jeux vidéo,,,hard,autre_hard,ROME,SKL_4f8f86df6081
CANS_9bc7e8a6b77c,,Développement de systèmes d'IA pour jeux,,,hard,autre_hard,ROME,SKL_265089e2ff5b
CANS_94698bc9f7e2,,Intégration de systèmes de paiement en jeu,,,hard,autre_hard,ROME,SKL_3582b7863461
CANS_5acc5ce16fe6,,Sécurité des applications de jeux,,,hard,autre_hard,ROME,SKL_110a816a88d7
CANS_a55850c68ddd,,Tests de performance des jeux,,,hard,autre_hard,ROME,SKL_ecb34fe19b74
CANS_8e4dccf002f2,,Analyse de données de gameplay,,,hard,autre_hard,ROME,SKL_7354070e43f5
CANS_4c1f5b8403c3,,Développement de plugins pour jeux,,,hard,autre_hard,ROME,SKL_bbf963ca7b3b
CANS_690424ec08db,,Gestion de ressources multimédia dans les jeux,,,hard,autre_hard,ROME,SKL_6e0677963be9
CANS_2a607bd7138c,,Développement de jeux en réalité augmentée,,,hard,autre_hard,ROME,SKL_4ff2a96d452c
CANS_bc54e18411cd,,Optimisation de code pour différentes plateformes,,,hard,autre_hard,ROME,SKL_98c9ba10117d
CANS_be3ffcfcea57,,Utilisation de frameworks de développement,,,hard,autre_hard,ROME,SKL_001b58d16a17
CANS_949b60eee892,,Concepteur de jeux vidéo - Game designer,,,hard,autre_hard,ROME,SKL_9e8417123987
CANS_df23c584a1f8,,Licence pro mention métiers du jeu vidéo,,,hard,autre_hard,ROME,SKL_b5e37c317521
CANS_8753b1dbc132,,Diplôme de réalisateur de jeu vidéo,,,hard,autre_hard,ROME,SKL_ab22a3fe85de
CANS_aff7e78f6a8d,,"Master mention audiovisuel, médias interactifs numériques, jeux",,,hard,autre_hard,ROME,SKL_1f5a8ad9c725
CANS_538cbb0f0e90,,Concepteur de jeux vidéo,,,hard,autre_hard,ROME,SKL_aff6dfc5954b
CANS_431a4c54027a,,Expert en création et développement de jeu vidéo,,,hard,autre_hard,ROME,SKL_5927eca9f3d6
CANS_072df97b96c2,,Détecter les causes d'anomalies de produits et transmettre au service maintenance,,,hard,autre_hard,ROME,SKL_d87321b1c2c0
CANS_a3e1a84e8c3c,,"Contrôler la conformité d'un équipement, d'une machine, d'une installation",,,hard,autre_hard,ROME,SKL_035814ca683f
CANS_ef385053178a,,Contrôler la qualité et la conformité d'un livrable,,,hard,autre_hard,ROME,SKL_65c94100bb57
CANS_5d57fb2f884c,,Contrôler et faire appliquer le respect de dispositions légales et réglementaires,,,hard,autre_hard,ROME,SKL_93fd7f46337c
CANS_e1e1270bc4ed,,Analyser les exigences fonctionnelles d'un logiciel,,,hard,autre_hard,ROME,SKL_c3d67331ac53
CANS_69bbe16ccdb4,,Tester la conformité d'une application selon les critères établis,,,hard,autre_hard,ROME,SKL_e34583d320b4
CANS_5c0ac638ef9b,,Documenter les résultats des tests pour les équipes de développement,,,hard,autre_hard,ROME,SKL_dda6c01eafe7
CANS_29d318627ef0,,Optimiser les processus de tests pour réduire les délais,,,hard,autre_hard,ROME,SKL_08196e36fe13
CANS_496e820d5ec4,,Former les utilisateurs aux nouvelles fonctionnalités des logiciels,,,hard,autre_hard,ROME,SKL_f4eafbe48410
CANS_60f523884535,,Assurer une veille technologique sur les méthodes de test,,,hard,autre_hard,ROME,SKL_25b97f4877b7
CANS_b19945f17911,,Gestion des configurations,,,hard,autre_hard,ROME,SKL_c5b5f66724e0
CANS_0da262369edd,,IDE (Integrated Development Environment) Uniface,,,hard,autre_hard,ROME,SKL_5420e4ee3eae
CANS_5fd669ff1223,,Tests fonctionnels,,,hard,autre_hard,ROME,SKL_b6626bc13131
CANS_d1981d42a7b1,,Maîtrise des outils de suivi de bugs,,,hard,autre_hard,ROME,SKL_c17cbbea6c8b
CANS_896f118a0b6d,,Capacité à interpréter des résultats de tests,,,hard,autre_hard,ROME,SKL_126427ceaa86
CANS_024f38995b91,,Capacité à communiquer avec les développeurs,,,hard,autre_hard,ROME,SKL_0beb7d187602
CANS_dd8824c63cc5,,Connaissance des méthodes de test automatisé,,,hard,autre_hard,ROME,SKL_213b42220fe0
CANS_49de77f9d750,,Capacité à suivre les tendances technologiques,,,hard,autre_hard,ROME,SKL_5e15f87b042e
CANS_42e160938a15,,Documenter les procédures de sécurité pour les utilisateurs,,,hard,autre_hard,ROME,SKL_806df884f931
CANS_acf3706c54f1,,Assurer la conformité des systèmes avec les normes de sécurité,,,hard,autre_hard,ROME,SKL_ddfbfaf182b0
CANS_68f8b2489339,,Réaliser des audits de sécurité réseau,,,hard,autre_hard,ROME,SKL_3ffc9bc31ff1
CANS_301a42994f87,,Technologie de l'internet,,,hard,autre_hard,ROME,SKL_0e406ea49d42
CANS_77ce31ab6a13,,Gestion des incidents,,,hard,autre_hard,ROME,SKL_36f4d3d43c17
CANS_84222749f858,,Réaliser la mise à jour d'un site web,,,hard,autre_hard,ROME,SKL_60d059aff376
CANS_439ee94d32b6,,Proposer des améliorations pour augmenter l'efficacité des systèmes,,,hard,autre_hard,ROME,SKL_d59a995edf90
CANS_963cc200c6c4,,Optimiser les performances d'un site web,,,hard,autre_hard,ROME,SKL_30529b19872a
CANS_ba7a77c8e14b,,Assurer la maintenance technique d'un site web,,,hard,autre_hard,ROME,SKL_9431b71ad9b4
CANS_3afe85235292,,Savoir gérer plusieurs projets ou activités simultanément,,,hard,autre_hard,ROME,SKL_1badc9f876fc
CANS_a181b2ba3adc,,Framework AngularJS,,,hard,autre_hard,ROME,SKL_d6c97369ae03
CANS_f15ccc5231af,,Bachelor en sciences et ingénierie - informatique,,,hard,autre_hard,ROME,SKL_61d5390b0433
CANS_f84a86d500ee,,Gestion de contenu web,,,hard,autre_hard,ROME,SKL_d9856b70d0db
CANS_43836cdbc35e,,Analyse de trafic web,,,hard,autre_hard,ROME,SKL_1e51e30cd5c6
CANS_c06cd7a6607a,,Administration de serveurs web,,,hard,autre_hard,ROME,SKL_9e8741b5af1c
CANS_455cca21ee7c,,Optimisation de la performance des sites web,,,hard,autre_hard,ROME,SKL_679dedf96ea5
CANS_6a4f893e342e,,Expert en ingénierie informatique,,,hard,autre_hard,ROME,SKL_be4e61a06f32
CANS_095e4eb42c60,,Manager de projet web digital,,,hard,autre_hard,ROME,SKL_bb16e23ccfab
CANS_3f265cf72d5f,,"Proposer des évolutions et des modifications (techniques, économiques) de systèmes",,,hard,autre_hard,ROME,SKL_d9d0ae99674e
CANS_4eaed690e1f1,,Analyser une réponse à un appel d'offres,,,hard,autre_hard,ROME,SKL_3be2b430d7ab
CANS_96544725b791,,Valider le choix d'une architecture matérielle ou logicielle,,,hard,autre_hard,ROME,SKL_1bc843948e74
CANS_44d60a25fde8,,Modéliser un système dans son environnement,,,hard,autre_hard,ROME,SKL_9b5b72b427dd
CANS_1b48c4777940,,Assister la maîtrise d'ouvrage,,,hard,autre_hard,ROME,SKL_391d5d1f7e13
CANS_f03a65aef966,,Superviser les installations et apporter les actions correctives nécessaires en cas de dysfonctionnement,,,hard,autre_hard,ROME,SKL_492bcaec542a
CANS_6f030cc5bac9,,Concevoir une installation domotique et connectée,,,hard,autre_hard,ROME,SKL_f8967f703d05
CANS_b53d440b94cf,,Identifier les solutions techniques d'amélioration des équipements et installations,,,hard,autre_hard,ROME,SKL_540f5cf3b419
CANS_bf33c2cc949f,,Effectuer un reporting régulier à la hiérarchie,,,hard,autre_hard,ROME,SKL_6739668cc235
CANS_5a3d119852e2,,"Suivre l'ensemble des travaux, veiller au respect de la qualité, des délais et contrôler les budgets préétablis",,,hard,autre_hard,ROME,SKL_3a11d3b0146a
CANS_276579da40e1,,"Etablir les préconisations et les recommandations d'utilisation, de mise en service des équipements connectés",,,hard,autre_hard,ROME,SKL_b548d63e951f
CANS_18ffe0b11682,,Superviser les équipes de développeurs et intégrateurs,,,hard,autre_hard,ROME,SKL_38b8c3a0b25e
CANS_64ecb4c60c3c,,Sécuriser les équipements et prévoir les procédures assurant la sécurité des données,,,hard,autre_hard,ROME,SKL_91b721545ef7
CANS_26b6b1fdad2e,,Optimiser les systèmes pour une meilleure performance,,,hard,autre_hard,ROME,SKL_69a6770eed94
CANS_98b428e0a633,,Elaborer des architectures réseau et systèmes complexes,,,hard,autre_hard,ROME,SKL_36789af18375
CANS_4b17b27a31ef,,Planifier l'intégration de nouvelles technologies et solutions,,,hard,autre_hard,ROME,SKL_0392f7d6fc73
CANS_99fd51cd7ee3,,Définir les standards et les protocoles de communication,,,hard,autre_hard,ROME,SKL_7ab26bfebea7
CANS_449ba268a3c9,,Développer des stratégies à long terme pour l'évolution des infrastructures numériques,,,hard,autre_hard,ROME,SKL_88c0c146e719
CANS_3733bb12710e,,Superviser les projets de déploiement de réseaux et systèmes,,,hard,autre_hard,ROME,SKL_04b79807a05a
CANS_7f087324c81a,,Proposer des innovations pour améliorer les infrastructures existantes,,,hard,autre_hard,ROME,SKL_00df32f0047e
CANS_dad63cc4eed6,,Participer à des conférences et des groupes de travail spécialisés,,,hard,autre_hard,ROME,SKL_848ffb7b7592
CANS_74746d924284,,Domotique,,,hard,autre_hard,ROME,SKL_2e22d64a636d
CANS_7d8c462c468a,,Utilisation d'outils de supervision,,,hard,autre_hard,ROME,SKL_94a786ba2e55
CANS_0e0fded41882,,Technologie des équipements électroniques,,,hard,autre_hard,ROME,SKL_6e12e091a3e9
CANS_60f8c7b8c4ca,,Equipement informatique,,,hard,autre_hard,ROME,SKL_8cf94c83caf9
CANS_b5a7740b55cd,,Gestion des incidents de sécurité,,,hard,autre_hard,ROME,SKL_895c6cdc8457
CANS_867d9612e4e8,,Mastère spécialisé ingénierie des systèmes informatiques ouverts,,,hard,autre_hard,ROME,SKL_2b95e8218df1
CANS_d18e9fb836f3,,"Optimiser des algorithmes, une application informatique et mettre en oeuvre leur développement",,,hard,autre_hard,ROME,SKL_de2ac235bf99
CANS_cb9cfec7130a,,Adapter les solutions aux contraintes de l'environnement de production,,,hard,autre_hard,ROME,SKL_a64327ca9e59
CANS_91395a4d42e1,,Maintenance de systèmes informatiques,,,hard,autre_hard,ROME,SKL_1d54e97e84c2
CANS_ffd8c14da7fa,,Optimiser l'expérience utilisateur sur des interfaces web,,,hard,autre_hard,ROME,SKL_e91ee3f9d737
CANS_a0a3fccf247b,,Rédiger et élaborer des notices et fiches techniques,,,hard,autre_hard,ROME,SKL_56f79146f664
CANS_4f94254bbc0e,,Analyser les besoins des utilisateurs pour la création de contenus multimédias,,,hard,autre_hard,ROME,SKL_ea05fec7c2a3
CANS_5346dc0381ee,,Optimiser le rendu visuel d'une application,,,hard,autre_hard,ROME,SKL_945f3b291e35
CANS_5a83f6b54b7f,,Assurer la compatibilité des applications sur différents dispositifs,,,hard,autre_hard,ROME,SKL_540cc057b226
CANS_8efb466577b5,,Agir rapidement pour corriger les bugs signalés par les utilisateurs,,,hard,autre_hard,ROME,SKL_80c02925a42c
CANS_d88288b182ea,,Argumenter les choix de conception lors de réunions,,,hard,autre_hard,ROME,SKL_3507870a0a37
CANS_85c5d6814a21,,Analyser les retours des utilisateurs pour améliorer les produits,,,hard,autre_hard,ROME,SKL_68dfadc7f416
CANS_0096473cd85f,,Gestion de projet multimédia,,,hard,autre_hard,ROME,SKL_edeed1017782
CANS_25f41d2d845a,,Conception de sites web,,,hard,autre_hard,ROME,SKL_80c7978d7b79
CANS_83d18e29c087,,Titre professionnel concepteur développeur d'applications,,,hard,autre_hard,ROME,SKL_7b2098f11aa5
CANS_f9cf34bc044b,,Développement de jeux vidéo,,,hard,autre_hard,ROME,SKL_7f3247a23c1a
CANS_947f932a56d2,,Optimisation de la performance web,,,hard,autre_hard,ROME,SKL_7cde755e4c3d
CANS_c8b3b913c9f8,,Analyse de données pour le multimédia,,,hard,autre_hard,ROME,SKL_8663c40a0509
CANS_c3c150009b6e,,Gestion des droits numériques,,,hard,autre_hard,ROME,SKL_615b7f5f63d0
CANS_8cd4154161b5,,Conformité aux normes du web,,,hard,autre_hard,ROME,SKL_21fc07169267
CANS_9399e806cd63,,Optimisation de bases de données,,,hard,autre_hard,ROME,SKL_8234253e5216
CANS_402aa3bc03c7,,"BUT spécialité informatique parcours réalisation d'applications : conception, développement, validation",,,hard,autre_hard,ROME,SKL_6921ca1e703c
CANS_9d236b6f4a2b,,Concepteur de solutions digitales,,,hard,autre_hard,ROME,SKL_cdd383483866
CANS_ce0ba97899d9,,Développeur multimédia,,,hard,autre_hard,ROME,SKL_03c76a086075
CANS_b60279ffdf55,,Contrôler le fonctionnement d'un dispositif de sécurité,,,hard,autre_hard,ROME,SKL_1dac8143928f
CANS_1d176d0b5b3f,,"Collecter et analyser des données, des informations",,,hard,autre_hard,ROME,SKL_cb7f785aa8f0
CANS_2bf5b5fcd530,,Assurer la confidentialité des données,,,hard,autre_hard,ROME,SKL_2abc56504acf
CANS_c5f47eed24e7,,Veiller à la conformité réglementaire des systèmes,,,hard,autre_hard,ROME,SKL_31257684a911
CANS_e1c282004cde,,Tester les nouvelles applications avant déploiement,,,hard,autre_hard,ROME,SKL_766a65caaad3
CANS_ca904a82e649,,Superviser l'installation de nouveaux équipements,,,hard,autre_hard,ROME,SKL_3edb7d5aad78
CANS_a06f8b1ccfd4,,Suivre les tendances du marché des technologies,,,hard,autre_hard,ROME,SKL_4c0033e51340
CANS_9c43b8062a43,,Analyser l'impact des mises à jour sur les opérations,,,hard,autre_hard,ROME,SKL_c929820017e8
CANS_c1b71b04abac,,Evaluer les performances du réseau,,,hard,autre_hard,ROME,SKL_f4f0b6199e31
CANS_976e9b4e6e6a,,Assurer la compatibilité des systèmes avec les normes actuelles,,,hard,autre_hard,ROME,SKL_5a0d3928e0b0
CANS_55d45aa1cfea,,Proposer des solutions pour améliorer l'efficacité des systèmes,,,hard,autre_hard,ROME,SKL_fcefb3eebf42
CANS_eaba11538181,,Améliorer la performance des systèmes d'information,,,hard,autre_hard,ROME,SKL_a4da2d563269
CANS_d0a2f7e323c8,,Définir des stratégies de développement des compétences,,,hard,autre_hard,ROME,SKL_fc19a2dce331
CANS_972f13ca18d2,,Optimisation des processus IT,,,hard,autre_hard,ROME,SKL_61627903c9f3
CANS_f59bd84af560,,Gouvernance des systèmes d'information,,,hard,autre_hard,ROME,SKL_c376e9e44d7c
CANS_5e09c53456cb,,Gestion des services IT,,,hard,autre_hard,ROME,SKL_cb646823d052
CANS_79713cd032a2,,Configurer les équipements réseau et serveurs,,,hard,autre_hard,ROME,SKL_e84c1d440fc0
CANS_f5207a575a48,,Respecter les délais de mise en œuvre des projets,,,hard,autre_hard,ROME,SKL_0f0615dca70a
CANS_bf68812d1bb9,,Concevoir des architectures réseau optimisées,,,hard,autre_hard,ROME,SKL_d65826e1ddb7
CANS_1c43c6ba7ef8,,Analyser les besoins de sécurité réseau,,,hard,autre_hard,ROME,SKL_e28b22cef309
CANS_9b58aa1fad6a,,Tester les nouvelles technologies avant déploiement,,,hard,autre_hard,ROME,SKL_db1c5c02b636
CANS_069a629aaca4,,Audit des systèmes d'information,,,hard,autre_hard,ROME,SKL_35274ac6d042
CANS_ba03119a037d,,Planification de la capacité des systèmes,,,hard,autre_hard,ROME,SKL_564be80039a5
CANS_85ef717c0026,,Optimisation de la performance réseau,,,hard,autre_hard,ROME,SKL_47456de1a31d
CANS_e3b94bb1cb5d,,Conception de systèmes informatiques,,,hard,autre_hard,ROME,SKL_8d5e3d46d5de
CANS_820315b6b7b5,,Architecture de solutions cloud,,,hard,autre_hard,ROME,SKL_d1d3f11f911c
CANS_db665285e213,,Analyse de la charge réseau,,,hard,autre_hard,ROME,SKL_6c22f89987fe
CANS_1a0a37eba4ea,,Gestion des politiques de sécurité,,,hard,autre_hard,ROME,SKL_e8753bac0597
CANS_c21b7def4316,,Surveillance et diagnostic réseau,,,hard,autre_hard,ROME,SKL_7286928ae501
CANS_a03b045926de,,BUT spécialité réseaux et télécommunications parcours pilotage de projets de réseaux,,,hard,autre_hard,ROME,SKL_df985448d849
CANS_3628093a79dd,,Assurer l'interconnexion des systèmes de communication professionnels d'entreprise aux réseaux publics,,,hard,autre_hard,ROME,SKL_8843604bec49
CANS_64d68a89b640,,Analyser et prévenir les risques,,,hard,autre_hard,ROME,SKL_9dd3cc464a9e
CANS_7bfa1b8ef02c,,Réaliser le suivi d'une équipe d'intervention,,,hard,autre_hard,ROME,SKL_0fa519efb0a1
CANS_bb051ca76b32,,Effectuer le suivi technique des produits et leur évolution auprès des clients,,,hard,autre_hard,ROME,SKL_73668f11760b
CANS_3c68c43e2aa5,,Concevoir et promouvoir une offre commerciale,,,hard,autre_hard,ROME,SKL_63c6ceb1b983
CANS_166f556849c1,,Assurer le suivi de la satisfaction clients,,,hard,autre_hard,ROME,SKL_374f8a113225
CANS_ce2a7be952dc,,Enregistrer et traiter les réclamations des clients et bénéficiaires,,,hard,autre_hard,ROME,SKL_3596ba346d29
CANS_b05c0ae837b2,,Favoriser des relations d'échanges et un climat de coopération,,,hard,autre_hard,ROME,SKL_8bf4b44dedc9
CANS_2ba43dbab1bf,,Etablir le planning et fixer les méthodes d'exécution du chantier,,,hard,autre_hard,ROME,SKL_8d29534b5a54
CANS_d516785e83e6,,Organiser les opérations à réaliser en vue de respecter les délais et les contraintes des chantiers,,,hard,langage_ou_techno_nommee,ROME,SKL_5ecb3ff07e0e
CANS_a71fbf76ed6c,,Analyser les informations relatives au déroulement de l'intervention en tenant compte des plans d'exécution et des schémas d'installation,,,hard,autre_hard,ROME,SKL_b5431af4b410
CANS_afddc0607a47,,Identifier les besoins en équipements et en matériels,,,hard,autre_hard,ROME,SKL_dcf917500236
CANS_ecfe15b8f860,,"Planifier et adapter si nécessaire, l'activité de l'équipe, assigner les tâches",,,hard,autre_hard,ROME,SKL_e82bc3f08fc6
CANS_2ce59279935d,,"Organiser les postes de travail et définir les process sur le chantier conformément aux normes de sécurité, de qualité et de budget prévues au cahier des charges",,,hard,autre_hard,ROME,SKL_8e9733edb1ad
CANS_3efb13524d18,,"Réévaluer l'étude technique, le budget prévisionnel et élaborer le budget détaillé du chantier (volume de matériaux, ressources nécessaires humaines et matérielles...)",,,hard,autre_hard,ROME,SKL_ba1eacf38f30
CANS_83aab72829db,,"Effectuer le suivi des travaux (animation des réunions de suivi hebdomadaires, rédaction des comptes rendus, gestion qualité, coût, délai, planification, gestion des aléas, constat contradictoire)",,,hard,autre_hard,ROME,SKL_1a9dbda64ad1
CANS_12642550fee0,,Contrôler les calendriers d'avancement des travaux et effectuer les ajustements nécessaires au respect des délais et du budget engagé,,,hard,autre_hard,ROME,SKL_aa086d4e5275
CANS_042dfbaa92df,,"Superviser et gérer les moyens organisationnels, techniques, humains, financiers, logistiques et de communication pour réaliser les objectifs",,,hard,autre_hard,ROME,SKL_11f256544b07
CANS_daacc77c1293,,"Suivre et valider les partenaires, fournisseurs, prestataires participants au projet",,,hard,autre_hard,ROME,SKL_4bb745c454e7
CANS_539d2b6bf330,,"Assurer les relations et le suivi avec les différentes parties prenantes du projet (sous-traitants, fournisseurs, clients finaux, collectivités, opérateurs)",,,hard,autre_hard,ROME,SKL_e460aa33bc0c
CANS_93055c7d058f,,Définir des stratégies de développement numérique,,,hard,autre_hard,ROME,SKL_3f619e900ec5
CANS_445631da8a07,,Superviser l'implémentation de solutions numériques,,,hard,autre_hard,ROME,SKL_cb922dde6dde
CANS_f311f8be0012,,Promouvoir des initiatives de connectivité,,,hard,autre_hard,ROME,SKL_371d2d8dc48f
CANS_2afb47c06983,,Gérer les crises et imprévus dans des projets connectés,,,hard,autre_hard,ROME,SKL_fd807535e995
CANS_988e6ffec2e9,,Négocier avec les fournisseurs et sous-traitants,,,hard,autre_hard,ROME,SKL_c34db34b21a4
CANS_827db9d26bc3,,"Organiser le personnel de chantier en assurant l'accueil, la relation avec les représentants du personnel, les interventions en cas d'incidents ou d'accidents",,,hard,autre_hard,ROME,SKL_5d7d3679b54f
CANS_21ee49ac1e77,,Coordonner la sécurité d'un chantier,,,hard,autre_hard,ROME,SKL_eb8d3b879e45
CANS_e1702f07b189,,"Recueillir et définir les besoins de l'entreprise, des clients, des utilisateurs en matière de smart systems (capacité, fiabilité, sécurité, ..)",,,hard,autre_hard,ROME,SKL_aeb05c89456d
CANS_bdb9779dcb6c,,Evaluer les performances de l'équipe à travers des indicateurs clés,,,hard,autre_hard,ROME,SKL_774a33e6221a
CANS_fd037925e65d,,Assurer la conformité des pratiques avec les réglementations en vigueur,,,hard,autre_hard,ROME,SKL_5b76057f21f5
CANS_4544770b09a4,,Normes d'hygiène et de sécurité,,,hard,autre_hard,ROME,SKL_5ffe272cbcae
CANS_e21af6e85f9b,,Lecture de plans et de schémas,,,hard,autre_hard,ROME,SKL_19801915402a
CANS_1b0f28642ba1,,Technologies télécoms,,,hard,autre_hard,ROME,SKL_30db2a94390e
CANS_be8e9f48eaed,,Management stratégique,,,hard,autre_hard,ROME,SKL_0d1935086540
CANS_714a80a7570e,,Management opérationnel,,,hard,autre_hard,ROME,SKL_f610ad4acc46
CANS_815ca737ec55,,Gestion de projets territoriaux,,,hard,autre_hard,ROME,SKL_efc4753de380
CANS_acfed9121340,,Planification stratégique urbaine,,,hard,autre_hard,ROME,SKL_784ff2d0ba34
CANS_85119704b22d,,Infrastructures numériques,,,hard,autre_hard,ROME,SKL_b8592ee0e3cc
CANS_afda01efa404,,Techniques de médiation communautaire,,,hard,autre_hard,ROME,SKL_df62f5693b4b
CANS_3c9d87730e7e,,Mastère spécialisé manager de projet d'innovation,,,hard,autre_hard,ROME,SKL_0ce696b2f02b
CANS_84f1f409ee47,,Mastère spécialisé manager les projets et la transformation,,,hard,autre_hard,ROME,SKL_8a1f7f704859
CANS_467310fba44b,,Analyser les besoins des utilisateurs pour orienter le développement,,,hard,autre_hard,ROME,SKL_0c066166d743
CANS_8acf66b3937f,,Optimisation de performances informatiques,,,hard,autre_hard,ROME,SKL_2fcf670fdf41
CANS_17db02a2b501,,Développer des stratégies de tests adaptatives,,,hard,autre_hard,ROME,SKL_be435aff4951
CANS_1de60f15554c,,Documenter les processus qualité pour le développement logiciel,,,hard,autre_hard,ROME,SKL_0f313c2eb64b
CANS_995c8a1c70bf,,Optimiser les processus de tests pour garantir la qualité,,,hard,autre_hard,ROME,SKL_803f1fd7d834
CANS_3984248290d8,,Assurer la conformité des logiciels aux normes de qualité,,,hard,autre_hard,ROME,SKL_bb5e2b6f3d6b
CANS_9a07151ea3a9,,Auditer régulièrement les pratiques de développement,,,hard,autre_hard,ROME,SKL_7e751ab50050
CANS_e2ca8c8bbc40,,Evaluer et sélectionner des outils de gestion de qualité,,,hard,autre_hard,ROME,SKL_a2962e817d63
CANS_d2a55dac4a70,,Basic,,,hard,autre_hard,ROME,SKL_6042bb418c66
CANS_8e127e645915,,Audit de sécurité,,,hard,autre_hard,ROME,SKL_c1da67d2339e
CANS_9438726364d8,,Capacité d'analyse de code,,,hard,autre_hard,ROME,SKL_206c3bfe3cf9
CANS_740b804b3de3,,Connaissance des principes de l'intégration continue,,,hard,autre_hard,ROME,SKL_de25c8db4c2b
CANS_f00ee2ad4d77,,Gérer les sauvegardes de données et les plans de récupération,,,hard,autre_hard,ROME,SKL_f99667b02444
CANS_a39a09281f74,,Réaliser la maintenance des serveurs et de la base de données,,,hard,autre_hard,ROME,SKL_c037fe98ced1
CANS_3aec31b7fb54,,Analyser et contrôler une consommation d'énergie,,,hard,autre_hard,ROME,SKL_14953561d16e
CANS_5977185b27ee,,Analyser les journaux de serveurs pour détecter des anomalies,,,hard,autre_hard,ROME,SKL_86d839fcebbc
CANS_1376f758a2b3,,Communiquer efficacement avec les fournisseurs,,,hard,autre_hard,ROME,SKL_fb5b85a2dedb
CANS_3cdab9b29c9c,,Appliquer des mises à jour de sécurité sur les serveurs,,,hard,autre_hard,ROME,SKL_6abea51b4853
CANS_52550be1a175,,Implémenter des solutions pour améliorer la redondance des données,,,hard,autre_hard,ROME,SKL_42f12bab52d5
CANS_bd97f80a094f,,Argumenter pour l'adoption de nouvelles technologies,,,hard,autre_hard,ROME,SKL_f151d9b83670
CANS_3a01b8ce396c,,Maintenance de serveurs,,,hard,autre_hard,ROME,SKL_71d293ec927b
CANS_eca8760124b9,,Gestion de la sécurité des réseaux,,,hard,autre_hard,ROME,SKL_36fb0f1fd124
CANS_5d81c0ab180e,,Analyse de la capacité des systèmes informatiques,,,hard,autre_hard,ROME,SKL_3c9456a6fa89
CANS_d7668fec64a8,,Déploiement de mises à jour de sécurité,,,hard,autre_hard,ROME,SKL_c11d02192449
CANS_44eed2e0624e,,Gestion des accès utilisateurs et des droits,,,hard,autre_hard,ROME,SKL_4e0554883b86
CANS_78f73abf968a,,Conception de systèmes de détection d'intrusions,,,hard,autre_hard,ROME,SKL_45c78a7b98e4
CANS_0015013e6f94,,Formation des utilisateurs sur les pratiques de sécurité,,,hard,autre_hard,ROME,SKL_7baa0fa52cf4
CANS_e01b91ada3a3,,"Licence pro mention systèmes automatisés, réseaux et informatique industrielle",,,hard,autre_hard,ROME,SKL_fd98c6f9b24d
CANS_16676991ceca,,Certificat complémentaire de spécialisation administrer les serveurs Linux,,,hard,langage_ou_techno_nommee,ROME,SKL_504f55044bd1
CANS_910d88e9192e,,"Concevoir des consignes, procédures, cahiers des charges, rapports d'études à partir des résultats de tests et d'essais",,,hard,autre_hard,ROME,SKL_0fcc7a1fffb7
CANS_39ba23a95e78,,Superviser un projet d'étude et développement,,,hard,autre_hard,ROME,SKL_a4987ab10340
CANS_8f534f5e1ad4,,"Analyser, résoudre un problème courant ou complexe",,,hard,autre_hard,ROME,SKL_1e553713d955
CANS_6d1fc5fd9c9d,,Réaliser une opération de maintenance,,,hard,autre_hard,ROME,SKL_c88c6e548f99
CANS_319c71d317b9,,"Réaliser une étude d'ergonomie, analyser les usages",,,hard,autre_hard,ROME,SKL_4fe6e4bc1832
CANS_0110d1ddc022,,"Contrôler des indicateurs de performance, analyser et corriger des écarts",,,hard,autre_hard,ROME,SKL_fcb2a53ecb06
CANS_5f0167176ad3,,Coordonner l'intervention d'équipes pluridisciplinaires,,,hard,autre_hard,ROME,SKL_9de84bb91808
CANS_d77c7118eae2,,Superviser des responsables de projets ou d'activités,,,hard,autre_hard,ROME,SKL_10d632f32efb
CANS_1aae74e7683e,,Conduire des études pour l'amélioration continue,,,hard,autre_hard,ROME,SKL_89d8159de70d
CANS_1aaff321fd0d,,Participer aux études de faisabilité technique et financière,,,hard,autre_hard,ROME,SKL_558cbe6017f7
CANS_4043cd9a5868,,Programmation en JavaScript,,,hard,langage_ou_techno_nommee,ROME,SKL_ec2913be313b
CANS_ba0edeba2854,,Virtualisation des serveurs,,,hard,autre_hard,ROME,SKL_529139ddf6af
CANS_038fdca087b2,,Planification stratégique des SI,,,hard,autre_hard,ROME,SKL_e22a51924e6a
CANS_72fd9cfe68b9,,Architecture des systèmes d'information,,,hard,autre_hard,ROME,SKL_84fc308abb15
CANS_702a9e37f4d3,,Gestion des risques et planification stratégique IT,,,hard,autre_hard,ROME,SKL_849c9b47421f
CANS_0b2d5bd383a3,,"Réaliser les rapports de contrôles et de diagnostics d'anomalie ou de risque et les transmettre aux services production, maintenance, sécurité..",,,hard,autre_hard,ROME,SKL_2a195ebb73ee
CANS_2f42d6719359,,"Recueillir et définir les besoins de l'entreprise, des clients, des utilisateurs en matière de systèmes télécoms (capacité, fiabilité, sécurité, ...)",,,hard,autre_hard,ROME,SKL_f97c4bc07fef
CANS_a9d333c6cb7a,,Régler et contrôler les installations,,,hard,autre_hard,ROME,SKL_c2b4c782bd87
CANS_bb3c7cb1854f,,Gérer le cycle de vie de la donnée conformément aux directives inscrites dans le RGPD,,,hard,autre_hard,ROME,SKL_ec9fe1d11279
CANS_c8b0c121f24e,,Analyser les besoins client pour un projet IoT,,,hard,autre_hard,ROME,SKL_0279272fa87d
CANS_879b071ee810,,Intégrer des solutions de sécurité pour les dispositifs IoT,,,hard,autre_hard,ROME,SKL_d5f5f5bacdce
CANS_d78d75d9ce03,,Développer des interfaces de communication entre dispositifs,,,hard,autre_hard,ROME,SKL_4ff2f89de3a1
CANS_6f4328541949,,Optimiser la consommation énergétique des systèmes IoT,,,hard,autre_hard,ROME,SKL_2276dc547a34
CANS_aca232774b0b,,Organiser les opérations de maintenance,,,hard,autre_hard,ROME,SKL_9de604f5814c
CANS_0066e9ac6bf4,,"Faire preuve de curiosité, d'ouverture d'esprit",,,soft,soft_transversale,ROME,SKL_716cc6ef3d57
CANS_4ac2a890c8fd,,Traitement du signal numérique,,,hard,autre_hard,ROME,SKL_8dfa06dfb306
CANS_b7240756a1de,,Connectique,,,hard,autre_hard,ROME,SKL_e8515ba364e5
CANS_ead33c6b6a21,,Optimisation énergétique des processus électriques,,,hard,autre_hard,ROME,SKL_df726b64b519
CANS_3c5e7c9f8e2b,,Déploiement de réseau,,,hard,autre_hard,ROME,SKL_cd57a7447993
CANS_4db0f7f7c729,,Cryptographie appliquée,,,hard,autre_hard,ROME,SKL_57c54a05d5fc
CANS_d8836a8f653e,,Protocoles de communication IoT,,,hard,autre_hard,ROME,SKL_dfbb7c0a45ea
CANS_3210eba24758,,Sécurité des réseaux IoT,,,hard,autre_hard,ROME,SKL_3ac625519d4d
CANS_165995c3c891,,Design de l'expérience utilisateur pour IoT,,,hard,autre_hard,ROME,SKL_4532ce8d5331
CANS_fe93ffedb9df,,Gestion de projets IoT,,,hard,autre_hard,ROME,SKL_6d6eee55d5bd
CANS_2ea9b15a00a9,,Maintenance de systèmes IoT,,,hard,autre_hard,ROME,SKL_5455940a3950
CANS_57905adba6d9,,Connaissance des standards IoT,,,hard,autre_hard,ROME,SKL_647b0630dfd7
CANS_54636700bea3,,Plateformes IoT,,,hard,autre_hard,ROME,SKL_66ce85f4c32b
CANS_5cd762d397e4,,Architecte internet des objets (IoT),,,hard,autre_hard,ROME,SKL_9185820bc4f6
CANS_6c3bba83341a,,Expert des systèmes connectés (IoT),,,hard,autre_hard,ROME,SKL_6cbb204587ab
CANS_8babafc9c42d,,Mastère spécialisé innovative and secure IoT systems,,,hard,autre_hard,ROME,SKL_4d7e534b3c6b
CANS_d315dc764dc3,,Mastère spécialisé smart systems and IoT,,,hard,autre_hard,ROME,SKL_2753a927251c
CANS_6a6271669f7c,,Architecture de systèmes informatiques,,,hard,autre_hard,ROME,SKL_65f1fc2ad6b1
CANS_4655bc2cbca1,,"Conseiller en matière de prévention, de sécurité et de facteurs de risque",,,hard,autre_hard,ROME,SKL_0c53af629c20
CANS_26e3cc700113,,"Réaliser ou participer à la réalisation d'études de risques (identification, recensement, évaluation, ...)",,,hard,autre_hard,ROME,SKL_03aa3f546a79
CANS_ef40c26324e6,,Définir des mesures de prévention des risques,,,hard,autre_hard,ROME,SKL_12329647caf3
CANS_503dde0cb883,,Déterminer des axes d'évolution technologiques,,,hard,autre_hard,ROME,SKL_df2c97443b79
CANS_bb8787444bba,,Mettre en place des mesures de sécurité,,,hard,autre_hard,ROME,SKL_a7cf69b7b7c6
CANS_bef48d9bc380,,Former et informer les salariés pour les sensibiliser à la prévention des risques,,,hard,autre_hard,ROME,SKL_922392475a4d
CANS_2259993aebd4,,Piloter un audit interne de sécurité réalisé par un prestataire externe,,,hard,autre_hard,ROME,SKL_22457766b92a
CANS_b59fc8a671e8,,Déployer des modes de fonctionnement dégradés (solution d'attente) d'un équipement informatique ou bureautique,,,hard,autre_hard,ROME,SKL_6cd52c1c0afc
CANS_27752580588c,,Assister la mise en place d'actions de prévention des risques,,,hard,autre_hard,ROME,SKL_cd2b100ed983
CANS_5626e0538115,,Garder son sang-froid dans une gestion de crise,,,hard,autre_hard,ROME,SKL_5f4692a8f0df
CANS_69311aba62a7,,Concevoir des architectures de sécurité,,,hard,autre_hard,ROME,SKL_6676c5de683d
CANS_28877561d296,,Analyseur de protocole de télécommunication,,,hard,autre_hard,ROME,SKL_95ec86a2a35e
CANS_216e545f4aa0,,Sécurité physique des datacenters,,,hard,autre_hard,ROME,SKL_9863ff783fb2
CANS_9d3ea875f0f6,,Norme ISO/IEC 27001,,,hard,autre_hard,ROME,SKL_5dd3097203e5
CANS_e9a1c4536c9a,,Informations chiffrées ou codées,,,hard,autre_hard,ROME,SKL_77b9b66c14e0
CANS_3fb02141bb6f,,Firewalls et systèmes de détection d'intrusions,,,hard,autre_hard,ROME,SKL_49075ebdda5b
CANS_6e202f910e94,,Test de pénétration et évaluation de la sécurité,,,hard,autre_hard,ROME,SKL_8ba7f8a08d26
CANS_fe6604c9e0ee,,Logiciels anti-virus et anti-malware,,,hard,autre_hard,ROME,SKL_2b50a5ea9567
CANS_e3233df9cce5,,"EDR, NDR, XDR, scanner de vulnérabilité",,,hard,autre_hard,ROME,SKL_0b87279b65d3
CANS_f6dab918239a,,Mastère spécialisé cybersécurité du numérique,,,hard,autre_hard,ROME,SKL_a1c7227b7388
CANS_574ea4ad9388,,Traiter les demandes de support technique,,,hard,autre_hard,ROME,SKL_3ce0170a492d
CANS_c308106967cf,,Piloter une activité,,,hard,autre_hard,ROME,SKL_6ba6e853f2c1
CANS_db9b8a1bda00,,Concevoir et déployer des outils de communication,,,hard,autre_hard,ROME,SKL_d87c5630971b
CANS_7c44659a8bf7,,Assurer la maintenance préventive des réseaux,,,hard,autre_hard,ROME,SKL_f85cad259b00
CANS_f47632acea3f,,Surveiller la performance des systèmes de communication,,,hard,autre_hard,ROME,SKL_858a05f2eda9
CANS_a33f571b8822,,Collaborer avec les équipes pour intégrer de nouvelles solutions,,,hard,autre_hard,ROME,SKL_51b25fc15841
CANS_471783a3cc62,,Communiquer efficacement les mises à jour techniques,,,hard,autre_hard,ROME,SKL_9c1e7a360222
CANS_4cd932a8a10f,,Respecter les normes de sécurité des données,,,hard,autre_hard,ROME,SKL_7ecd513902be
CANS_26813ea985a7,,Master mention culture et communication,,,hard,autre_hard,ROME,SKL_35e6d0067878
CANS_19f8a253cf69,,Actualiser des bases de données,,,hard,autre_hard,ROME,SKL_9f0a18350686
CANS_e171e286de78,,Documenter les procédures d'installation et de maintenance des logiciels,,,hard,autre_hard,ROME,SKL_5a22c2c2a5d1
CANS_0c409c50657d,,Développer des interfaces utilisateur ergonomiques,,,hard,autre_hard,ROME,SKL_2b2b654f2551
CANS_62575237140e,,Configurer les serveurs pour améliorer la capacité de traitement,,,hard,autre_hard,ROME,SKL_636a809e8fda
CANS_87fc78bcd907,,Big Data,,,hard,autre_hard,ROME,SKL_11589d9da89c
CANS_0b07217a6179,,Mettre à jour les systèmes de messagerie pour assurer la compatibilité avec les nouveaux logiciels,,,hard,autre_hard,ROME,SKL_a6c93d3ce042
CANS_f698d8b63cee,,Former les utilisateurs à l'utilisation efficace des outils de messagerie,,,hard,autre_hard,ROME,SKL_4490884e4ba9
CANS_d8efc48bebf0,,Diagnostiquer et résoudre les problèmes techniques liés à la messagerie,,,hard,autre_hard,ROME,SKL_bc97d126b66f
CANS_32815a29180b,,Assurer la maintenance préventive des systèmes de messagerie pour éviter les pannes,,,hard,autre_hard,ROME,SKL_0befd95d88ad
CANS_fd09fb7f39f5,,Analyser les tendances d'utilisation de la messagerie pour prévoir les besoins futurs,,,hard,autre_hard,ROME,SKL_84cc626ae81f
CANS_8811a246f6fc,,Mise à jour de logiciels de sécurité,,,hard,autre_hard,ROME,SKL_f4d9138fe9d7
CANS_ea3e83fbd363,,Planification de sauvegardes régulières,,,hard,autre_hard,ROME,SKL_ed75f05a9d57
CANS_1738c0f8e226,,Configuration de filtres anti-spam,,,hard,autre_hard,ROME,SKL_d38ae393b154
CANS_824d56270a64,,Optimisation de la délivrabilité des emails,,,hard,autre_hard,ROME,SKL_3031b45f036d
CANS_1c99159447e6,,Formation des utilisateurs sur les bonnes pratiques,,,hard,autre_hard,ROME,SKL_8b9e5913b1dc
CANS_3449a00b2555,,Surveillance du respect des politiques de sécurité,,,hard,autre_hard,ROME,SKL_33311e80b6a6
CANS_5fc0c98a3c13,,Licence pro mention logistique et systèmes d'information,,,hard,autre_hard,ROME,SKL_58bc9e6f2a6c
CANS_258c0a6d64fd,,Réaliser des prototypes,,,hard,autre_hard,ROME,SKL_5dd237678232
CANS_899b6107c534,,Réaliser un maquettage d'applications interactives,,,hard,autre_hard,ROME,SKL_c9cc9c5cca93
CANS_5b55c7fd390a,,Tester l'accessibilité et la fonctionnalité de produits multimédias,,,hard,autre_hard,ROME,SKL_f2e97902320c
CANS_3a483525f176,,Communiquer efficacement les concepts de design aux clients,,,hard,autre_hard,ROME,SKL_aa82465c6634
CANS_d98e981bdb88,,Respecter les délais et les spécifications des projets multimédias,,,hard,autre_hard,ROME,SKL_8edbc27a100c
CANS_4e9c27bc333e,,Construire son réseau professionnel dans le secteur multimédia,,,hard,autre_hard,ROME,SKL_aecb969da687
CANS_bc788d23fb6f,,Médias,,,hard,autre_hard,ROME,SKL_e283eafc4854
CANS_85e73f2ef077,,Développement de logiciels personnalisés,,,hard,autre_hard,ROME,SKL_c4a4da06d16a
CANS_7fe57b179b77,,Optimisation SEO pour le multimédia,,,hard,autre_hard,ROME,SKL_d5f687bcf732
CANS_aa83bbefe8ae,,Expert en sciences des données,,,hard,autre_hard,ROME,SKL_18bb4af02112
CANS_abb59acfb322,,Design d'expérience utilisateur,,,hard,autre_hard,ROME,SKL_d9c992aa33b1
CANS_2894a70bf2da,,Bachelor en sciences et ingénierie - multimédia et technologie de l'information,,,hard,autre_hard,ROME,SKL_34937e944307
CANS_1c5b7f99c38e,,Mastère spécialisé concepteur de projet digital - création et production multimédia,,,hard,autre_hard,ROME,SKL_967b48bd60ab
CANS_22a531804086,,Techniques de l'animation 2D et 3D,,,hard,autre_hard,ROME,SKL_176ad1c3e488
CANS_98f2d4e17046,,Traiter des données,,,hard,autre_hard,ROME,SKL_4d3a04f16f8c
CANS_1744d1eb79ce,,Réaliser un audit,,,hard,autre_hard,ROME,SKL_9f2f14f94c85
CANS_c89a66839f3c,,Améliorer les processus de reporting financier,,,hard,autre_hard,ROME,SKL_d46797215222
CANS_eb3a1cf80eab,,Mettre en place des outils d'aide à la décision,,,hard,autre_hard,ROME,SKL_42368989738e
CANS_b75a805348e4,,Analyser les tendances du marché pour anticiper les besoins,,,hard,autre_hard,ROME,SKL_a286aef75165
CANS_493bbeba30f3,,Assurer le suivi des chiffres de vente et réaliser le reporting associé,,,hard,autre_hard,ROME,SKL_45362ec46951
CANS_2fb77a1f4671,,Garantir la confidentialité des informations,,,hard,autre_hard,ROME,SKL_688bc87b53af
CANS_3ccbb7927fd7,,Concevoir des systèmes de reporting pour le suivi des performances,,,hard,autre_hard,ROME,SKL_7816c5e36c0f
CANS_b8319143a265,,Evaluer l'efficacité des outils analytiques,,,hard,autre_hard,ROME,SKL_4b1e5eebad45
CANS_1786bec5799f,,Collaborer avec les équipes pour comprendre les besoins en données,,,hard,autre_hard,ROME,SKL_8b5b2d8924ba
CANS_c6b6bc20d9e9,,Evaluer l'impact des changements stratégiques sur les indicateurs de performance (KPI),,,hard,autre_hard,ROME,SKL_2bbf4ab2a8d9
CANS_6d1725588c7c,,Intégrer des considérations éthiques dans l'analyse de données,,,hard,autre_hard,ROME,SKL_0e2e41646c2e
CANS_dd2735fbb8f2,,Améliorer continuellement les méthodes d'analyse,,,hard,autre_hard,ROME,SKL_fbff3acdd4db
CANS_73ae7c279ccc,,Documenter les procédures d'analyse pour assurer la continuité,,,hard,autre_hard,ROME,SKL_aec1df03ca5f
CANS_7d6007f9f0b6,,Planifier des sessions de brainstorming pour l'innovation en données,,,hard,autre_hard,ROME,SKL_b5a4d88653e9
CANS_cd33383e0b98,,Principes d'optimisation des coûts,,,hard,autre_hard,ROME,SKL_99ed93a3807e
CANS_431a2372a021,,Conformité réglementaire,,,hard,autre_hard,ROME,SKL_16b811c9c66e
CANS_a8b27e7f6dc1,,"Master mention mathématiques appliquées, statistique",,,hard,autre_hard,ROME,SKL_7d122fa587cd
CANS_58d2060543ac,,Planification stratégique,,,hard,autre_hard,ROME,SKL_5d94e97caa50
CANS_cc641262201e,,Développement de tableaux de bord,,,hard,autre_hard,ROME,SKL_d030b814e487
CANS_fdff860f300d,,Analyse prédictive,,,hard,autre_hard,ROME,SKL_731eab7bb9eb
CANS_ef80d0b3ff9e,,Gestion de la performance d'entreprise,,,hard,autre_hard,ROME,SKL_4117c240f1f2
CANS_fe11ea8ee2c9,,"Master droit, économie, gestion mention économie politique et institutions",,,hard,autre_hard,ROME,SKL_05e9f8eea91e
CANS_811870a1dcd5,,Master mention économie appliquée,,,hard,autre_hard,ROME,SKL_862ee23b53e0
CANS_a0b730188024,,Optimiser les processus de traitement de données,,,hard,autre_hard,ROME,SKL_e2a2c9b1be64
CANS_286d122bcb84,,Faciliter la migration des systèmes vers de nouvelles plateformes,,,hard,autre_hard,ROME,SKL_06a0d98f6bc3
CANS_aa8aa023f17d,,Faciliter la communication interne et externe,,,hard,autre_hard,ROME,SKL_abe292c33e0e
CANS_8d37c3f4295c,,Superviser l'intégration continue des projets logiciels,,,hard,autre_hard,ROME,SKL_97a6669eea72
CANS_140289a074ac,,Evaluer les risques liés aux nouveaux projets informatiques,,,hard,autre_hard,ROME,SKL_dcf01f1b9884
CANS_e04b207a7aeb,,Gérer la documentation technique et les archives de projets,,,hard,autre_hard,ROME,SKL_e2d79ead0cd6
CANS_8136c748b250,,J2ME,,,hard,autre_hard,ROME,SKL_aabc1a00a919
CANS_933bf17bb2e1,,Conception d'architectures logicielles,,,hard,autre_hard,ROME,SKL_be9e58a003ed
CANS_fb4f7090378b,,Planification de projets IT,,,hard,autre_hard,ROME,SKL_8d6b0635ab53
CANS_86e3e26ac119,,"Déterminer les implantations de relais, pylônes et câbles",,,hard,autre_hard,ROME,SKL_835974c9bd10
CANS_15bf2ed84af2,,Maitriser les éléments du Business Plan et de l'analyse de la valeur,,,hard,autre_hard,ROME,SKL_8615fd7929c4
CANS_5738afcb2371,,Techniques de multiplexage,,,hard,autre_hard,ROME,SKL_dc7069317b43
CANS_6485666a4f1d,,"Réseaux de localisation (GPS, Galileo)",,,hard,autre_hard,ROME,SKL_1342c0761b90
CANS_85517123efd8,,Plateformes de service,,,hard,autre_hard,ROME,SKL_5f2cd4b2d6cb
CANS_456aab4aed36,,Techniques de gestion de projet,,,hard,autre_hard,ROME,SKL_c371234532e6
CANS_aa2bbb17f91a,,Réseaux de télécommunication,,,hard,autre_hard,ROME,SKL_a79d7a3b4af2
CANS_d9bd059c896c,,Cloud computing et architectures distribuées,,,hard,autre_hard,ROME,SKL_d471cc143b25
CANS_4e7ae5f57831,,Optimiser le référencement naturel (SEO) des sites web,,,hard,autre_hard,ROME,SKL_740b78968e7e
CANS_dd87a53e5418,,Assurer la compatibilité des applications sur différents navigateurs,,,hard,autre_hard,ROME,SKL_72abfca27296
CANS_2e11c0fa105b,,Intégrer des éléments graphiques et visuels en respectant les standards web,,,hard,autre_hard,ROME,SKL_4309ed52875f
CANS_716e29322e74,,Configurer des serveurs web et gérer le déploiement,,,hard,autre_hard,ROME,SKL_b9ddf6ed91a9
CANS_3dc9091816b7,,Créer des animations et des effets visuels dynamiques,,,hard,autre_hard,ROME,SKL_1428d2cfb31d
CANS_3135c96a22a9,,Résoudre les problèmes techniques et bugs des sites,,,hard,autre_hard,ROME,SKL_4917737a1ab8
CANS_810208f3a25d,,Assurer la formation des clients sur la gestion du site web,,,hard,autre_hard,ROME,SKL_33ccc98df9fe
CANS_c050006af1b7,,Développer des outils de monitoring pour les performances web,,,hard,autre_hard,ROME,SKL_ebb9b3f4b3bd
CANS_5f674c13f56b,,CMS (Système de gestion de contenu),,,hard,autre_hard,ROME,SKL_075a0e9adaf0
CANS_d53544e39356,,Optimisation des performances web,,,hard,autre_hard,ROME,SKL_c2a1fd8cdb44
CANS_64401dc4b2df,,Utilisation de frameworks JavaScript,,,hard,langage_ou_techno_nommee,ROME,SKL_3e7e5da16c30
CANS_0bf8df857d1b,,"Licence sciences, technologies, santé mention informatique et applications",,,hard,autre_hard,ROME,SKL_96d6fcee410d
CANS_4b56f7275fbf,,"Veiller au respect de la loi Informatique et Libertés, gérer la liste des traitements de données à caractère personnel, faire l'interface avec la CNIL",,,hard,autre_hard,ROME,SKL_7539305ed0cf
CANS_7a4409abbd57,,Analyser les risques de sécurité informatique,,,hard,autre_hard,ROME,SKL_1fc28cb185b2
CANS_5ddb06453aca,,Communiquer efficacement sur les risques de sécurité,,,hard,autre_hard,ROME,SKL_b29ab9a95619
CANS_c76a546fc519,,Agir rapidement en cas de détection d'intrusion,,,hard,autre_hard,ROME,SKL_fc2bba184805
CANS_04d6bdffb936,,Gérer les incidents de sécurité et les réponses aux incidents,,,hard,autre_hard,ROME,SKL_bf3f82966863
CANS_3b0114c52b83,,Respecter les politiques de confidentialité des données,,,hard,autre_hard,ROME,SKL_5e57549f6ec7
CANS_05a1f80cbfbd,,Développer des stratégies pour améliorer la sécurité continue,,,hard,autre_hard,ROME,SKL_7532fb880be1
CANS_843b63e8012b,,Procédures de vérification d'identité,,,hard,autre_hard,ROME,SKL_4a60bff7a6bb
CANS_1060f49701f8,,Protection contre les malwares,,,hard,autre_hard,ROME,SKL_9f6653b897b7
CANS_f3884c3a0e8f,,Gestion des menaces et des vulnérabilités,,,hard,autre_hard,ROME,SKL_c0cbfa76509e
CANS_0d099fe6ed9a,,Formation à la sécurité informatique,,,hard,autre_hard,ROME,SKL_142ecd5caecd
CANS_0a00c022e226,,Expert en cybersécurité,,,hard,autre_hard,ROME,SKL_0dc4170e078f
CANS_ff4d2d9c997e,,"Ingénieur systèmes, réseaux et cybersécurité",,,hard,autre_hard,ROME,SKL_65f1d83f721a
CANS_0ecea4568f1d,,"Dimensionner, planifier et suivre la capacité du réseau télécom et de ses interconnexions",,,hard,autre_hard,ROME,SKL_58db29aa659c
CANS_cdbf9e3f7e6a,,"Analyser les conditions de fonctionnement et d'utilisation et mettre en place des solutions d'ajustement, d'évolution ou de migration de réseaux et de ressources",,,hard,autre_hard,ROME,SKL_aae0a1c6ae3c
CANS_d4057b7a6d73,,"Calculer un dimensionnement thermique, hydraulique ou aéraulique",,,hard,autre_hard,ROME,SKL_f7cea4932003
CANS_e770a3eabbba,,Identifier et mettre en oeuvre les procédures garantissant la sécurité de locaux,,,hard,autre_hard,ROME,SKL_652aceb167f3
CANS_f36dbd04bd3d,,"Assurer la réalisation des activités dans le respect des objectifs de qualité, de coût et de délais",,,hard,autre_hard,ROME,SKL_c228fd52ded0
CANS_5c79765cf281,,Mesurer des caractéristiques électriques,,,hard,autre_hard,ROME,SKL_5233e0ac10b4
CANS_31923d95e8e9,,"Adapter son activité à l'utilisation de robots, cobots, outils et interfaces numériques",,,hard,autre_hard,ROME,SKL_db0033b524a9
CANS_0e89b30a7466,,"Planifier la production, estimer les besoins en matériel, matériaux et main-d'œuvre, afin de respecter les contraintes de coûts et les délais de réalisation",,,hard,autre_hard,ROME,SKL_727fc1638811
CANS_9d3d4e84d48b,,Faire preuve de sens commercial et d'aisance relationnelle,,,hard,autre_hard,ROME,SKL_48db8b79887b
CANS_f0c653931dee,,"Dimensionner une installation électrique, frigorifique ou connectique",,,hard,autre_hard,ROME,SKL_92252e26500e
CANS_9c74e5a3a169,,Etablir et mettre à jour les plans d'urbanisation des salles informatiques,,,hard,autre_hard,ROME,SKL_77194c983723
CANS_0cc51481ca7a,,Réaliser des études d'organisation et d'évolution des architectures et configurations du datacenter,,,hard,autre_hard,ROME,SKL_46dbef8a76c3
CANS_5985a811892c,,Proposer et valider les choix d'urbanisation des clients,,,hard,autre_hard,ROME,SKL_b4bd0f772a20
CANS_1b08bad2d680,,Implémenter des solutions pour améliorer l'efficacité énergétique des réseaux,,,hard,autre_hard,ROME,SKL_9497ff6d9aad
CANS_b3c9ce6aee98,,Etablir et tenir à jour un guide de procédures d'intervention sur les équipements du Datacenter,,,hard,autre_hard,ROME,SKL_4f4f8c86df1d
CANS_36cd7f807ae8,,Maîtriser la réglementation en vigueur en lien avec son secteur d'activité,,,hard,autre_hard,ROME,SKL_1d16209e7e66
CANS_c1e0282161a0,,Respecter les contraintes de coûts et de délais de réalisation,,,hard,autre_hard,ROME,SKL_e426c679ef1e
CANS_95b5dddbd8f9,,Analyser les besoins des clients par la définition des projets et la proposition de choix techniques,,,hard,autre_hard,ROME,SKL_602711b2e2f2
CANS_ced566e6587f,,Elaborer des plans détaillés pour la disposition des équipements et des infrastructures,,,hard,autre_hard,ROME,SKL_7263bc573c21
CANS_16d3c4c6ef45,,Concevoir des solutions d'optimisation de l'espace et de l'efficacité énergétique,,,hard,autre_hard,ROME,SKL_ce24e1f09815
CANS_02aea60e4587,,Intégrer des technologies innovantes pour améliorer les performances des datacenters,,,hard,autre_hard,ROME,SKL_fd712940d864
CANS_fd6313383f20,,"Superviser l'alimentation électrique, le refroidissement, et la connectivité réseau",,,hard,autre_hard,ROME,SKL_8cab60801607
CANS_6baeb659f359,,Gérer efficacement des ressources pour minimiser les coûts et maximiser l'efficacité,,,hard,autre_hard,ROME,SKL_ec51f875a3c6
CANS_5751feefbd08,,Gérer les projets de construction et de rénovation des datacenters,,,hard,autre_hard,ROME,SKL_287533fcd368
CANS_7d888525e3d5,,Règles et consignes de sécurité,,,hard,autre_hard,ROME,SKL_47a92ccb7080
CANS_9436cdb545e8,,Utilisation de matériel de contrôle et mesure,,,hard,autre_hard,ROME,SKL_c6a4c847e16f
CANS_d0225a7fda79,,Thermique,,,hard,autre_hard,ROME,SKL_1d3869b8b5d2
CANS_a41d4f386225,,Procédés de traitement thermique,,,hard,autre_hard,ROME,SKL_fe15a3374a16
CANS_ec8689fb999a,,Travaux électriques basse tension,,,hard,autre_hard,ROME,SKL_50424426cf75
CANS_2aa46ad5e68d,,Principes de fonctionnement d'un système de climatisation,,,hard,autre_hard,ROME,SKL_ba634e49af03
CANS_e5728a4690b4,,Procédures d'entretien d'équipements,,,hard,autre_hard,ROME,SKL_7b2f243ccf69
CANS_07c5f79cbcc8,,Données de maintenance,,,hard,autre_hard,ROME,SKL_c5cda3d6310c
CANS_da59f7cac863,,Génie énergétique,,,hard,autre_hard,ROME,SKL_fdbf54b49a4d
CANS_eb54d706e484,,Spécificités des fluides frigorigènes,,,hard,autre_hard,ROME,SKL_04116d1f8e89
CANS_95f8cc1a62b4,,Pratique de l'anglais,,,hard,autre_hard,ROME,SKL_e27f12a1458a
CANS_78a555e96fb1,,H0B0 Habilitation électrique,,,hard,autre_hard,ROME,SKL_6ca225164675
CANS_f288d18dde63,,Electronique,,,hard,autre_hard,ROME,SKL_212ebbf19b9f
CANS_a2a5b4de8290,,Types d'isolation thermique,,,hard,autre_hard,ROME,SKL_6ffa400c4a48
CANS_0d54d99edf91,,Titre professionnel administrateur réseau NetOps,,,hard,autre_hard,ROME,SKL_c4fdd533cdc4
CANS_c0d930c65546,,Effectuer la mise à jour de logiciels,,,hard,autre_hard,ROME,SKL_9e9ba99b858c
CANS_c39b315f3343,,Assurer la mise à jour des normes de sécurité applicables,,,hard,autre_hard,ROME,SKL_4441557ac7e4
CANS_810a2f13dcf6,,Optimiser les processus de maintenance logicielle,,,hard,autre_hard,ROME,SKL_f4c88c4163be
CANS_312d28dfe224,,Coordonner les mises à jour logicielles,,,hard,autre_hard,ROME,SKL_366ecc706179
CANS_92180fdddabb,,Superviser les opérations de maintenance,,,hard,autre_hard,ROME,SKL_13446c61013f
CANS_49a969d37899,,Contrôle qualité,,,hard,autre_hard,ROME,SKL_83e4414fb8a5
CANS_7b39fc9d97d9,,Méthodes et outils de résolution de problèmes,,,hard,autre_hard,ROME,SKL_666393bb9f91
CANS_84c354039469,,Coordination d'équipe,,,hard,autre_hard,ROME,SKL_f814b7d2b029
CANS_bdef5642a69a,,Coordonner les équipes de développement ou de production pour respecter les délais,,,hard,autre_hard,ROME,SKL_81beb972e6c0
CANS_e717755b454d,,Rédaction de cahier des charges,,,hard,autre_hard,ROME,SKL_5a0266a8f30d
CANS_693e14190620,,Reporting et communication,,,hard,autre_hard,ROME,SKL_054d8e2dba3d
CANS_071cb9aa8288,,Gestion des ressources,,,hard,autre_hard,ROME,SKL_ad517e4901a9
CANS_57223f68021b,,Analyser les besoins de stockage de données,,,hard,autre_hard,ROME,SKL_89970dad7c62
CANS_c9ddc928718b,,Optimiser les performances des systèmes cloud,,,hard,autre_hard,ROME,SKL_049456b35e63
CANS_bde169d9cc3a,,Assurer la maintenance préventive des solutions cloud,,,hard,autre_hard,ROME,SKL_b5a16f79d171
CANS_763e6bb29a1c,,Implémenter des solutions de récupération après sinistre,,,hard,autre_hard,ROME,SKL_d6cecc033598
CANS_314b691b7a96,,Conseiller sur les meilleures pratiques de cloud computing,,,hard,autre_hard,ROME,SKL_f4ae4e75071f
CANS_b9ef60d14c7a,,Former les utilisateurs aux outils cloud,,,hard,autre_hard,ROME,SKL_bda54391220d
CANS_072fd054593d,,Tester la résilience des systèmes face aux pannes,,,hard,autre_hard,ROME,SKL_57e166431e9e
CANS_53ffa1bd5b0b,,Assurer la conformité réglementaire des solutions cloud,,,hard,autre_hard,ROME,SKL_e0d277bf9f90
CANS_e2c671a4d2bd,,Intégrer des solutions écologiques dans les infrastructures cloud,,,hard,autre_hard,ROME,SKL_3753d75b6809
CANS_98462fde0367,,Promouvoir l'utilisation de technologies vertes dans le cloud,,,hard,autre_hard,ROME,SKL_ea9c5894a195
CANS_fefc582a3b75,,Elaborer des stratégies de sauvegarde des données,,,hard,autre_hard,ROME,SKL_a84af67c87c8
CANS_efc3ef6d2dc3,,Conduire des réunions de projet cloud,,,hard,autre_hard,ROME,SKL_aa342dd26a9a
CANS_035462559be6,,Assurer la liaison entre les équipes techniques et non techniques,,,hard,autre_hard,ROME,SKL_cc17f1522c94
CANS_6632a453b9fe,,Evaluer l'impact environnemental des solutions cloud,,,hard,autre_hard,ROME,SKL_9994eb27ff94
CANS_d12ff14b1c15,,Surveiller les tendances du marché du cloud,,,hard,autre_hard,ROME,SKL_f89c1cb2e942
CANS_850dd9d2ad79,,Adapter les solutions cloud aux besoins spécifiques des clients,,,hard,autre_hard,ROME,SKL_cb65b9174e59
CANS_af33c54ffc99,,Résoudre les problèmes techniques,,,hard,autre_hard,ROME,SKL_ae1ea97054b0
CANS_a2e29137bc20,,Sécurité des applications cloud,,,hard,autre_hard,ROME,SKL_1d56426525ac
CANS_131c3f493e46,,Monitoring et performance du cloud,,,hard,autre_hard,ROME,SKL_b4a6a0536b09
CANS_668d168cc01e,,Intégration de services tiers dans le cloud,,,hard,autre_hard,ROME,SKL_c65ed2bb8091
CANS_9fca5d2f72d0,,Analyse des besoins clients pour le cloud,,,hard,autre_hard,ROME,SKL_c3c5f4f97ae3
CANS_fa071ff8e92c,,Conformité et réglementations du cloud,,,hard,autre_hard,ROME,SKL_3c3dc92a5804
CANS_54726e4385e3,,Stratégies de backup et de récupération cloud,,,hard,autre_hard,ROME,SKL_adf84447dc80
CANS_1a3af7e811db,,Evaluation des risques liés au cloud,,,hard,autre_hard,ROME,SKL_dfe834129bed
CANS_eb3b0baf5dc1,,Développement de politiques de gouvernance cloud,,,hard,autre_hard,ROME,SKL_8ca101a813b1
CANS_032fbdcbecb1,,Communiquer les résultats aux parties prenantes,,,hard,autre_hard,ROME,SKL_6718bcfcf9ae
CANS_73662c9856a8,,Contrôler la qualité et la conformité des process,,,hard,autre_hard,ROME,SKL_c6ef64c04192
CANS_92bc26f6ef64,,Respecter les délais de production pour répondre aux demandes des clients,,,hard,autre_hard,ROME,SKL_b0a94a722d1e
CANS_c89e716a5a15,,Documenter les solutions techniques pour les développeurs,,,hard,autre_hard,ROME,SKL_1c68f5a64524
CANS_65e6f40312db,,Gestion de version de code,,,hard,autre_hard,ROME,SKL_c7684f2bbf16
CANS_68865a44c644,,Renseigner les supports de suivi d'intervention,,,hard,autre_hard,ROME,SKL_e98d1d81fd67
CANS_fe910a5ba056,,"Détecter les dysfonctionnements des installations, déterminer les causes de panne et établir les demandes d'intervention de maintenance",,,hard,autre_hard,ROME,SKL_7e4edb9ff03e
CANS_3b4953436bae,,Rédiger un rapport d'évaluation,,,hard,autre_hard,ROME,SKL_8e4781658421
CANS_b668088657b1,,Réaliser un diagnostic à partir de dysfonctionnements constatés,,,hard,autre_hard,ROME,SKL_d80a4538b321
CANS_90f0ed272b43,,Rédiger un compte rendu de réunion,,,hard,autre_hard,ROME,SKL_75c0572c557c
CANS_bc51b4f243c7,,Planifier des interventions de maintenance,,,hard,autre_hard,ROME,SKL_5f73be2a363b
CANS_bc3bc5184975,,Contrôler le déroulement de travaux,,,hard,autre_hard,ROME,SKL_a4e9551867a0
CANS_c885f59a5600,,Contrôler l'état d'avancement des travaux,,,hard,autre_hard,ROME,SKL_b75ad126bab0
CANS_af755503de7f,,Sensibiliser à l'environnement et promouvoir le développement durable,,,hard,autre_hard,ROME,SKL_f3e87013c3eb
CANS_f08351adc631,,Mettre en place des indicateurs de performance technique,,,hard,autre_hard,ROME,SKL_22fac0b0d159
CANS_e8e61cdd3631,,Assurer la maintenance préventive de base des équipements,,,hard,autre_hard,ROME,SKL_dfe8057ce8f4
CANS_12b4d169fc9b,,Intégrer l'écoresponsabilité dans toutes les dimensions de son activité,,,hard,autre_hard,ROME,SKL_01aa14b895a0
CANS_7fd33f12f16c,,Respecter les règles de sécurité dont le port des EPI et la tenue vestimentaire adaptée,,,hard,autre_hard,ROME,SKL_7254c2a76b48
CANS_3fe0a9e3cc34,,Coordonner les activités de l'équipe sur le terrain,,,hard,autre_hard,ROME,SKL_2bdba8fa8caf
CANS_792893527a87,,Analyser les données d'exploitation pour améliorer le service,,,hard,autre_hard,ROME,SKL_93dd677acb75
CANS_0021f204dc1b,,Développer des stratégies d'expansion du réseau,,,hard,autre_hard,ROME,SKL_272b775f5745
CANS_e6fe7621c3ef,,Collaborer avec d'autres services pour l'efficacité,,,hard,autre_hard,ROME,SKL_97bbabc0446f
CANS_0e2922658891,,Animer des réunions de suivi de travaux,,,hard,autre_hard,ROME,SKL_48c2e235bbae
CANS_89a646e3b261,,Contrôler une opération de maintenance,,,hard,autre_hard,ROME,SKL_5e5f42c662a6
CANS_8c82a7fcf8cd,,Evaluer les risques liés aux projets de fibre,,,hard,autre_hard,ROME,SKL_47bcfd5e194a
CANS_ea8fc27c3f5a,,Négocier avec les fournisseurs pour l'achat de matériel et de services,,,hard,autre_hard,ROME,SKL_2c63463dfff4
CANS_3a1b0dc9db04,,"Utilisation d'appareils de mesure optique (réflectomètre, wattmètre optique, photomètre, stylo optique ...)",,,hard,autre_hard,ROME,SKL_1db351728e82
CANS_ddd62ffc7c4b,,Génie civil,,,hard,autre_hard,ROME,SKL_a1df35a7b5c5
CANS_b6878a843133,,Voirie Réseaux Divers (VRD),,,hard,autre_hard,ROME,SKL_4269eb69e69f
CANS_514bed452772,,Autorisation d'intervention à proximité des réseaux (AIPR),,,hard,autre_hard,ROME,SKL_e74e818a3a95
CANS_1e981f3b4d20,,Maîtrise des logiciels de cartographie et SIG,,,hard,autre_hard,ROME,SKL_070b6c88bc53
CANS_49e101b5d22c,,Techniques de raccordement de câbles optiques,,,hard,autre_hard,ROME,SKL_808a4858f53a
CANS_dba910bb023f,,Analyse de la qualité du signal optique,,,hard,autre_hard,ROME,SKL_a1bfac0a96fe
CANS_3a20f0fbfc20,,Evolution des règles de l'ARCEP / Mission THD,,,hard,autre_hard,ROME,SKL_6964e79c1d09
CANS_30569d2765a5,,Outils de reporting,,,hard,autre_hard,ROME,SKL_b8fe12f2e418
CANS_4930fef62a51,,"Progiciels de ""Workflow""",,,hard,autre_hard,ROME,SKL_35b158d3d07f
CANS_9acb75096457,,Logiciel d'exploitation qui attribue et gère les bras optiques,,,hard,autre_hard,ROME,SKL_1cf5b3395dec
CANS_74ce976a7734,,"Ingénieur diplômé de l'école nationale supérieure d'électrotechnique, d'électronique, d'informatique, d'hydraulique et des télécommunications de l'institut national polytechnique de Toulouse spécialité informatique et télécommunications",,,hard,autre_hard,ROME,SKL_79326a3f52f0
CANS_9f71e07d7d72,,Documenter les interventions et les anomalies rencontrées,,,hard,autre_hard,ROME,SKL_c15dc91118ca
CANS_6798ed04357e,,Sensibiliser et former les personnels aux consignes de sécurité et de prévention,,,hard,autre_hard,ROME,SKL_99a6e5dee163
CANS_e30087133320,,Analyser les risques de sécurité pour les systèmes informatiques,,,hard,autre_hard,ROME,SKL_6f898b311f7a
CANS_5615df84ae45,,Tester la résilience des systèmes face aux attaques simulées,,,hard,autre_hard,ROME,SKL_3a9d8bfbe1f0
CANS_b8573483704a,,Documenter les procédures de sécurité pour le personnel technique,,,hard,autre_hard,ROME,SKL_494085690943
CANS_54230a1c0a79,,Participer à des conférences sur la sécurité pour rester informé des dernières menaces,,,hard,autre_hard,ROME,SKL_c436d623d236
CANS_485f4da4eec2,,Utiliser des outils de cryptographie pour sécuriser les données,,,hard,autre_hard,ROME,SKL_52c8b210b695
CANS_619c99aa7ab8,,Analyser les logs pour identifier les tentatives d'intrusion,,,hard,autre_hard,ROME,SKL_146419184668
CANS_58d214021c97,,Superviser les équipes de sécurité lors des audits externes,,,hard,autre_hard,ROME,SKL_fac5f50ac9a6
CANS_a11a7984b4c0,,Gestion des accès et des identités,,,hard,autre_hard,ROME,SKL_9d2ce6defa9c
CANS_99ec11c46315,,Sécurité des réseaux sans fil,,,hard,autre_hard,ROME,SKL_3a6396a249d3
CANS_986348901ca6,,Sécurité physique des systèmes informatiques,,,hard,autre_hard,ROME,SKL_1fbba76840a4
CANS_2525e71c11d8,,Protection des données personnelles,,,hard,autre_hard,ROME,SKL_db7501144bd7
CANS_c4c814400401,,Sécurité des transactions électroniques,,,hard,autre_hard,ROME,SKL_032cb85073ce
CANS_c6489f667684,,Sécurité des paiements en ligne,,,hard,autre_hard,ROME,SKL_eaadc51adde9
CANS_9bbf1dff317e,,Sécurité des serveurs web,,,hard,autre_hard,ROME,SKL_752c0563ae65
CANS_1136e50194d1,,Sécurité des communications unifiées,,,hard,autre_hard,ROME,SKL_21a7ebe330a3
CANS_a4233ca75e2d,,Sécurité des infrastructures critiques,,,hard,autre_hard,ROME,SKL_fbfb39639bc3
CANS_52fc224d48aa,,Expert en cybersécurité des systèmes d'information,,,hard,autre_hard,ROME,SKL_457833f7e904
CANS_d0a737b3274b,,Expert en sécurité des systèmes d'information,,,hard,autre_hard,ROME,SKL_67e0f0eb55e0
CANS_f945fb24cd4a,,Ingénieur diplômé de l'institut national des sciences appliquées Centre Val de Loire spécialité sécurité informatique,,,hard,autre_hard,ROME,SKL_aee5ef52a635
CANS_ca975b753613,,Ingénieur diplômé de l'institut national des sciences appliquées Hauts-de-France spécialité informatique et cybersécurité (Université polytechnique Hauts-de-France),,,hard,autre_hard,ROME,SKL_77e99ce1863d
CANS_1469e824e59c,,Spécialiste en cybersécurité,,,hard,autre_hard,ROME,SKL_0fa3978ff43d
CANS_52a843eafe40,,"Comprendre, interpréter des données et documents techniques",,,hard,autre_hard,ROME,SKL_a7d207cec6db
CANS_b361f4a11552,,"Mettre en oeuvre une stratégie, un plan d'actions",,,hard,autre_hard,ROME,SKL_6c82fb517227
CANS_7c3435db694c,,"Déterminer des objectifs de performance, suivre les réalisations et identifier les actions correctives",,,hard,autre_hard,ROME,SKL_051fb626a4e7
CANS_cbc263ab67c7,,Développer des stratégies pour améliorer l'expérience client,,,hard,autre_hard,ROME,SKL_58abcd757063
CANS_8a508b2d18ec,,Utiliser des logiciels de gestion de projet,,,hard,autre_hard,ROME,SKL_54f5b0b3bd1b
CANS_5f87e48ad3d9,,Négocier avec les fournisseurs,,,hard,autre_hard,ROME,SKL_97fe86762248
CANS_5ef3c288e51b,,Répondre aux besoins spécifiques des utilisateurs,,,hard,autre_hard,ROME,SKL_a4abeaf75244
CANS_d882f40dd691,,Etablir des objectifs clairs et mesurables pour l'équipe,,,hard,autre_hard,ROME,SKL_ec1f018e16d4
CANS_80eebf18a7e3,,Gérer les relations avec les parties prenantes clés,,,hard,autre_hard,ROME,SKL_7bce3bb6f536
CANS_d13d7e97e36b,,Implémenter des outils de gestion de projet pour suivre les progrès,,,hard,autre_hard,ROME,SKL_2b26819e5c2c
CANS_809b34bd5fdf,,Analyser les besoins des utilisateurs pour guider le développement de produits,,,hard,autre_hard,ROME,SKL_f34095c855a9
CANS_2382471dccbb,,Prioriser les fonctionnalités du produit en fonction des objectifs stratégiques,,,hard,autre_hard,ROME,SKL_8392297ec09c
CANS_229464a75add,,Assurer la liaison entre les parties prenantes et les équipes de développement,,,hard,autre_hard,ROME,SKL_7fbdb810402e
CANS_ad7a2a670edd,,Optimiser les processus de développement pour améliorer l'efficacité,,,hard,autre_hard,ROME,SKL_bc25eb20a030
CANS_7cb1e1bf03cf,,Planifier les itérations de développement et les sprints,,,hard,autre_hard,ROME,SKL_402c9d13f2d6
CANS_5e399d0e4028,,Gérer les attentes des parties prenantes concernant les délais de livraison,,,hard,autre_hard,ROME,SKL_4ef450375f36
CANS_394b21598bb8,,Assurer la qualité des livrables en conformité avec les spécifications,,,hard,autre_hard,ROME,SKL_5c4c0b3710f2
CANS_35683181f92e,,Incorporer les principes de l'agilité dans la gestion de projet,,,hard,autre_hard,ROME,SKL_3a996d69996f
CANS_860e40aefdee,,Promouvoir une culture de feedback continu au sein des équipes,,,hard,autre_hard,ROME,SKL_e8c3a8d3eda2
CANS_58b517539a27,,Former les équipes aux méthodologies agiles et aux meilleures pratiques,,,hard,autre_hard,ROME,SKL_4aa55f580489
CANS_42812ecefff2,,Développer des tableaux de bord pour suivre les performances du produit,,,hard,autre_hard,ROME,SKL_ed073b8fba8a
CANS_03709fba709d,,Analyser les tendances du marché pour anticiper les évolutions des produits,,,hard,autre_hard,ROME,SKL_6171d55c76b8
CANS_ff4525b09ee7,,Conduire des revues de produit pour évaluer l'alignement avec les objectifs,,,hard,autre_hard,ROME,SKL_cbc642f5187d
CANS_405b2f0be377,,Evaluer l'impact des modifications de produit sur les utilisateurs,,,hard,autre_hard,ROME,SKL_e9e924db9a57
CANS_737e3521cbb0,,Faciliter la communication entre les équipes techniques et métier,,,hard,autre_hard,ROME,SKL_d3efd173b954
CANS_b3a482b20661,,"Rédiger, prioriser et maintenir le backlog produit",,,hard,autre_hard,ROME,SKL_780be69bc20b
CANS_18d1ca50d260,,Collabore avec les utilisateurs et l'équipe de développement sur les attentes et exigences,,,hard,autre_hard,ROME,SKL_59edef40921b
CANS_e798d7512076,,Planification de tests,,,hard,autre_hard,ROME,SKL_11dfad0d0146
CANS_fa2b3bdf6b9d,,Conception de cahiers des charges,,,hard,autre_hard,ROME,SKL_985147c923af
CANS_9a0f7038b2b1,,Contrôle qualité des livrables,,,hard,autre_hard,ROME,SKL_da62ae370b24
CANS_5e358c8577fd,,Evaluation de la performance des systèmes d'information,,,hard,autre_hard,ROME,SKL_0ab5b8d2afc4
CANS_4c9bf87c1fb1,,Suivi de projet,,,hard,autre_hard,ROME,SKL_65cfc0befdd9
CANS_9747da70622e,,Gestion des équipes de développement,,,hard,autre_hard,ROME,SKL_05e6e2f13a90
CANS_f211cf45cade,,Evaluation de la conformité aux normes,,,hard,autre_hard,ROME,SKL_d50feb189bd5
CANS_4fb82d7f0f2c,,Master mention management des systèmes d'information,,,hard,autre_hard,ROME,SKL_7b4d9675fdfe
CANS_07966828b647,,Concevoir et organiser une solution blockchain,,,hard,autre_hard,ROME,SKL_e78e78a8d281
CANS_5890a3271711,,Exploiter la blockchain dans le développement d'applications,,,hard,autre_hard,ROME,SKL_ab695da5567f
CANS_ef63703ead4a,,Analyser les besoins en sécurité pour les systèmes blockchain,,,hard,autre_hard,ROME,SKL_198c2670709b
CANS_5f00ba49db88,,Développer des smart contracts pour des applications blockchain,,,hard,autre_hard,ROME,SKL_639cfe1bfd53
CANS_ff6f0379735e,,Former les équipes aux technologies blockchain,,,hard,autre_hard,ROME,SKL_717a8c13278f
CANS_a126a2afc286,,Evaluer les risques liés à l'implémentation de la blockchain,,,hard,autre_hard,ROME,SKL_5aae22e26961
CANS_a34e0cf5451a,,Promouvoir l'adoption de la blockchain au sein de l'entreprise,,,hard,autre_hard,ROME,SKL_1bba676230e8
CANS_42bd8c75398f,,Analyser les besoins client pour le développement blockchain,,,hard,autre_hard,ROME,SKL_9a51df4f0c1d
CANS_6769bb15833f,,Concevoir des architectures de solutions blockchain,,,hard,autre_hard,ROME,SKL_93bc9cfd7ec1
CANS_7b0042ae6785,,Optimiser les performances des applications blockchain,,,hard,autre_hard,ROME,SKL_3bbd35ab610a
CANS_16c8d8148357,,Collaborer avec des équipes multidisciplinaires pour des projets blockchain,,,hard,autre_hard,ROME,SKL_1cbd116379e9
CANS_ca7398ff4e37,,Effectuer des tâches multiples et s'adapter aux changements rapides,,,hard,autre_hard,ROME,SKL_46ea2a89d0dc
CANS_d6f7a3a9e616,,Analyse des besoins des clients en solutions blockchain,,,hard,autre_hard,ROME,SKL_0e57349509cf
CANS_7b50bbc11d96,,Architecture de réseaux distribués,,,hard,autre_hard,ROME,SKL_bc4dab8ef9bc
CANS_7a8c8eb068e2,,Communication et présentation de projets blockchain,,,hard,autre_hard,ROME,SKL_adbb3dbdd90e
CANS_9d24a75544d1,,Conception de systèmes de blockchain,,,hard,autre_hard,ROME,SKL_cfdc9306c7ce
CANS_9329ebba1735,,Conformité réglementaire des solutions blockchain,,,hard,autre_hard,ROME,SKL_9755e6245d3e
CANS_7d5bbd5c0629,,Développement d'applications décentralisées (DApps),,,hard,autre_hard,ROME,SKL_7b4855e333b8
CANS_7d9c3539cb74,,Evaluation des risques liés à la blockchain,,,hard,autre_hard,ROME,SKL_a765bb3e3864
CANS_0ead746cdf5c,,"Communiquer, lire et rédiger des documents techniques, des rapports, des notes en anglais",,,hard,autre_hard,ROME,SKL_89ff62d83790
CANS_e4b64b5f05a9,,Identifier les anomalies dans les résultats des tests,,,hard,autre_hard,ROME,SKL_7b47fcfc469a
CANS_1697b69a9203,,Evaluer les besoins en formation sécurité du personnel,,,hard,autre_hard,ROME,SKL_75d6eda94ab2
CANS_f96193198bec,,Concevoir des scénarios de test d'intrusion adaptés,,,hard,autre_hard,ROME,SKL_15b46ae25d94
CANS_bef97dc9ba4a,,Evaluer l'efficacité des mesures de sécurité en place,,,hard,autre_hard,ROME,SKL_2d864e368561
CANS_1d9b9c533c91,,Collaborer avec des équipes de développement pour intégrer la sécurité,,,hard,autre_hard,ROME,SKL_f4e2714b370b
CANS_3bfdbb347f61,,Communiquer clairement les risques de sécurité aux parties prenantes,,,hard,autre_hard,ROME,SKL_675ceeaac468
CANS_16db0c7688fd,,Développer ses compétences en cybersécurité,,,hard,autre_hard,ROME,SKL_2d5c471331e4
CANS_f72245a217a8,,Gestion des accès sécurisés,,,hard,autre_hard,ROME,SKL_d1dd92de3572
CANS_becf31b85916,,Techniques de reporting,,,hard,autre_hard,ROME,SKL_c5cd3abe5a09
CANS_ca7ddb1f516e,,Expert en sécurité des développements informatiques,,,hard,autre_hard,ROME,SKL_361d64fa3ac2
CANS_cbdfbf7823a2,,Analyse forensique numérique,,,hard,autre_hard,ROME,SKL_ad862a13945d
CANS_e71c5ea5fa00,,Conseil en sécurité informatique,,,hard,autre_hard,ROME,SKL_27ca92e980dc
CANS_deefd449a4e1,,Evaluation de la sécurité des réseaux,,,hard,autre_hard,ROME,SKL_7cf3b851fcd3
CANS_ec13dfb5d16d,,Surveillance de la sécurité des systèmes,,,hard,autre_hard,ROME,SKL_e5209ed3efd5
CANS_471ba1063bdc,,"Expert de la sécurité des données, des réseaux et des systèmes",,,hard,autre_hard,ROME,SKL_a0ade2ca83f2
CANS_fb7be19edb42,,Expert en cybersécurité et sécurité informatique,,,hard,autre_hard,ROME,SKL_d79aef906014
CANS_a6dc5de9145c,,Expert en développement de solutions de cybersécurité,,,hard,autre_hard,ROME,SKL_b091dd4b4e14
CANS_bcd49bfcdea5,,Expert en sécurité digitale,,,hard,autre_hard,ROME,SKL_237a3ae2f5c1
CANS_1e7501244153,,Superviser un secteur/projet de maintenance,,,hard,autre_hard,ROME,SKL_d04077f15eea
CANS_f92e99727348,,Mettre en oeuvre des actions de communication,,,hard,autre_hard,ROME,SKL_84d9b4e36d03
CANS_5f4c2d93f2c9,,Favoriser et mesurer la performance d'une équipe,,,hard,autre_hard,ROME,SKL_94799fd62152
CANS_f6cf3bb66a62,,Manager les équipes d'intervention et diriger les travaux d'entretien et de dépannage,,,hard,autre_hard,ROME,SKL_74028d8ef399
CANS_25571ed80da2,,Maîtriser les échanges entre différents logiciels métiers,,,hard,autre_hard,ROME,SKL_8cdb9d61cb2c
CANS_21ffcae9eabf,,Etablir un plan de prévention des risques informatiques et un plan de continuité d'activité (PCA) (ou plan de maintien en conditions opérationnelles du S.I.),,,hard,autre_hard,ROME,SKL_abe9b30fb3d0
CANS_d9ac4cb37845,,Evaluer les risques liés à l'implémentation de nouvelles technologies,,,hard,autre_hard,ROME,SKL_7dc98091015d
CANS_cb4ec59b9c45,,Sensibiliser aux enjeux de la protection des données,,,hard,autre_hard,ROME,SKL_c70c7efb028f
CANS_8e5516ea5ee9,,Utiliser des logiciels de gestion de maintenance,,,hard,autre_hard,ROME,SKL_607d936e63d0
CANS_9ed1e32074b7,,Superviser la maintenance régulière des équipements,,,hard,autre_hard,ROME,SKL_a234055a843f
CANS_ba967a0f7cea,,Respecter les normes de sécurité et réglementations en vigueur,,,hard,autre_hard,ROME,SKL_65e868820c45
CANS_59e6e48d331a,,Promouvoir les pratiques durables,,,hard,autre_hard,ROME,SKL_38505abaa24c
CANS_832c6805f0c6,,Veiller à la durabilité et au recyclage des matériaux utilisés,,,hard,autre_hard,ROME,SKL_2da936db6789
CANS_a0b9adedef73,,Négocier avec les fournisseurs de services et équipements,,,hard,autre_hard,ROME,SKL_aa60fac401e7
CANS_9b75d04da5fc,,Superviser et encadrer l'équipe de techniciens,,,hard,autre_hard,ROME,SKL_bd7109c01370
CANS_e3cc5f764a1d,,Optimiser les processus informatiques,,,hard,autre_hard,ROME,SKL_46ce76dafc78
CANS_e0c8b3630477,,Mettre en place des indicateurs de performance du système informatique,,,hard,autre_hard,ROME,SKL_b9ae8301f2f6
CANS_0de49b14fa43,,Planifier et superviser les tests de performance des systèmes,,,hard,autre_hard,ROME,SKL_66fd52d330e4
CANS_f59429d9752a,,Administration de bases de données,,,hard,autre_hard,ROME,SKL_a556d24a5586
CANS_db0f774ead28,,Analyse des besoins des utilisateurs,,,hard,autre_hard,ROME,SKL_3da0957ef443
CANS_5a96bb6893f7,,Audit informatique,,,hard,autre_hard,ROME,SKL_e87956004daa
CANS_0f287d78a5d2,,Gestion de la relation fournisseur,,,hard,autre_hard,ROME,SKL_5d2d87975e91
CANS_87e93d8ebf4e,,Gestion des licences logicielles,,,hard,autre_hard,ROME,SKL_5b5b7e459db1
CANS_932c5a1659a7,,Optimisation des processus informatiques,,,hard,autre_hard,ROME,SKL_6735e98393a9
CANS_457e90942cf8,,Consultant en systèmes d'information (MS),,,hard,autre_hard,ROME,SKL_3d94c3911188
CANS_1d47cc2a4d72,,"Concevoir, réaliser et mettre en place une procédure d'automatisation",,,hard,autre_hard,ROME,SKL_119d0e91a0c0
CANS_ab3cbf1ea156,,Concevoir un Système de Gestion de Base de Données - SGBD,,,hard,autre_hard,ROME,SKL_89aec308b30b
CANS_d8a2e7409d7d,,Concevoir les paramètres et l'architecture de la base de données,,,hard,autre_hard,ROME,SKL_8e6f323beb5d
CANS_691e76b39f38,,Optimiser les processus de sauvegarde des données,,,hard,autre_hard,ROME,SKL_4bf3667c2153
CANS_47f9b12121e1,,Collaborer avec des équipes pour résoudre les problèmes techniques,,,hard,autre_hard,ROME,SKL_0a02e6dedcb1
CANS_588b9c7e97d8,,Optimiser les processus de gestion des données,,,hard,autre_hard,ROME,SKL_da6caaba71aa
CANS_80a3fd3f7dce,,Assurer la sécurité des données,,,hard,autre_hard,ROME,SKL_116cd8379b13
CANS_45d4005ee797,,Surveiller l'intégrité des données,,,hard,autre_hard,ROME,SKL_e250a027d1fd
CANS_6b6134db77b5,,Analyser les besoins des utilisateurs pour la gestion des données,,,hard,autre_hard,ROME,SKL_f746ef477f78
CANS_d4e4f5dc1d7c,,Assurer la conformité des bases de données avec les réglementations,,,hard,autre_hard,ROME,SKL_3a2e01c071b4
CANS_8d5829bd9d7a,,Documenter les procédures de gestion des bases de données,,,hard,autre_hard,ROME,SKL_ec954b1df7ad
CANS_43fd90179684,,Fournir un soutien technique aux équipes de terrain,,,hard,autre_hard,ROME,SKL_138999ed7804
CANS_c39050fbdd3c,,Former les utilisateurs sur les procédures d'accès et d'utilisation des bases de données,,,hard,autre_hard,ROME,SKL_4e7f11a389aa
CANS_9f5dce7df6cd,,Technologies SPARK (Framework),,,hard,langage_ou_techno_nommee,ROME,SKL_d8dcaf791272
CANS_b2bb292b4572,,Administration de bases de données MySQL,,,hard,autre_hard,ROME,SKL_b8ce1d2ddc6b
CANS_021747bf032e,,Conception de politiques de rétention des données,,,hard,autre_hard,ROME,SKL_5f22b45bf692
CANS_ef7f29368c19,,Intégration de bases de données avec des applications tierces,,,hard,autre_hard,ROME,SKL_eb978cfcbd56
CANS_0fe8670779e5,,Mise en œuvre de bases de données distribuées,,,hard,autre_hard,ROME,SKL_694fda65c3ab
CANS_ccaa0b0ab859,,Surveillance de la performance des bases de données,,,hard,autre_hard,ROME,SKL_399dda3d98cc
CANS_2879bff22d2b,,Assister les collaborateurs au niveau commercial ou technique,,,hard,autre_hard,ROME,SKL_4fbb8438c5bf
CANS_e1a5e4f48b21,,Ordonnancer le déroulement des travaux et mettre en oeuvre les traitements d'exploitation/production des ressources informatiques,,,hard,autre_hard,ROME,SKL_1f3b7992139b
CANS_5e2f6d718f09,,"Renseigner, mettre à jour une documentation technique",,,hard,autre_hard,ROME,SKL_4b3f2fc16be1
CANS_500029625b8a,,"Planifier, contrôler et rédiger le rapport des activités et des moyens",,,hard,autre_hard,ROME,SKL_e8deae8d28d1
CANS_6c05602cc2a7,,Assurer une veille technologique pour améliorer les processus de maintenance,,,hard,autre_hard,ROME,SKL_52bdf785e57c
CANS_d4d9f5447a9c,,Respecter les normes de sécurité informatique,,,hard,autre_hard,ROME,SKL_ee1a1857a897
CANS_07ca5202481f,,Superviser les opérations de migration de données,,,hard,autre_hard,ROME,SKL_f6673a58e673
CANS_23f8d9a8d372,,Négocier avec les fournisseurs pour l'acquisition de nouveau matériel,,,hard,autre_hard,ROME,SKL_d2d6177921a2
CANS_55e43e08e757,,Analyser les besoins en matériel des utilisateurs,,,hard,autre_hard,ROME,SKL_d060bb344028
CANS_b41fa2263cee,,Planifier les cycles de renouvellement du matériel,,,hard,autre_hard,ROME,SKL_efa5a6ed3c93
CANS_3665580d959a,,Assurer la liaison avec les équipes de développement,,,hard,autre_hard,ROME,SKL_8c8ea9357f41
CANS_aadfea93f8c4,,Optimiser les processus de support technique,,,hard,autre_hard,ROME,SKL_3215023092cd
CANS_8b5131595006,,Planification stratégique de support technique,,,hard,autre_hard,ROME,SKL_8819761bb863
CANS_9a40dbaa2760,,Mise à jour de sécurité informatique,,,hard,autre_hard,ROME,SKL_ec6616c2bd94
CANS_d674060fca5f,,Suivi des inventaires de matériel,,,hard,autre_hard,ROME,SKL_b1b1d89a5d9c
CANS_792ad4b3bef7,,Analyse de l'impact des nouvelles technologies,,,hard,autre_hard,ROME,SKL_54924a8d8722
CANS_e4d050941004,,Déploiement de nouvelles applications,,,hard,autre_hard,ROME,SKL_da5beaf6d871
CANS_526556c381cd,,Evaluation des besoins en équipement,,,hard,autre_hard,ROME,SKL_a11b40e32525
CANS_100a871a1dd3,,Restauration de données après incident,,,hard,autre_hard,ROME,SKL_900db5cb76a8
CANS_e785dd57f4e5,,Superviser un secteur ou un projet de déploiement,,,hard,autre_hard,ROME,SKL_466e36282d3b
CANS_1687a73d92f7,,Définir une politique de sous-traitance,,,hard,autre_hard,ROME,SKL_14a9ccca29c1
CANS_e5714706492b,,Concevoir et piloter une politique de gestion des ressources humaines,,,hard,autre_hard,ROME,SKL_86fbb40a2c90
CANS_9ddc5a98185e,,Lancer et gérer un appel d'offres,,,hard,autre_hard,ROME,SKL_1929bf87bb8f
CANS_4334b6328427,,"Elaborer, suivre et piloter un budget",,,hard,autre_hard,ROME,SKL_cd2d1b73abc5
CANS_23f51b199ac2,,"Superviser des opérations, des actions",,,hard,autre_hard,ROME,SKL_5e80214517a5
CANS_d884b81c691b,,"Participer à la définition du planning, du budget global et des délais",,,hard,autre_hard,ROME,SKL_16cc74c4b989
CANS_0a126434ddfa,,Collaborer avec d'autres départements pour aligner les objectifs,,,hard,autre_hard,ROME,SKL_aa8e902fca90
CANS_bc1c33dc0144,,Mettre en place des systèmes de reporting efficaces,,,hard,autre_hard,ROME,SKL_0652b2e43de0
CANS_e312661401e2,,Coordonner les activités entre différents départements,,,hard,autre_hard,ROME,SKL_922917c785b2
CANS_238d5aea327c,,Diriger des équipes de développement informatique,,,hard,autre_hard,ROME,SKL_0a687f6d7880
CANS_428f58fda257,,Gérer les communications internes sur l'avancement des projets,,,hard,autre_hard,ROME,SKL_dc0489c90e7a
CANS_2986dc9997e5,,Diriger des projets de transformation numérique,,,hard,autre_hard,ROME,SKL_8c235a21d9ff
CANS_ab1a00d5b774,,Code des marchés publics,,,hard,autre_hard,ROME,SKL_426acd76a9f8
CANS_c4c84e903bce,,Techniques de planification,,,hard,autre_hard,ROME,SKL_ab941d199c86
CANS_e5fe96c015cf,,Gestion des équipes de projet,,,hard,autre_hard,ROME,SKL_686a36fb71c3
CANS_d83f5d49decb,,Sécurité des systèmes informatiques,,,hard,autre_hard,ROME,SKL_d9a6d4544d56
CANS_5b136e251aba,,Former les utilisateurs aux nouvelles applications et matériels,,,hard,autre_hard,ROME,SKL_ce0a27dd326c
CANS_afb58f67093a,,Surveiller la sécurité des systèmes d'information,,,hard,autre_hard,ROME,SKL_7ad0e2a438ab
CANS_ff5649002781,,Documenter les procédures d'utilisation des applications,,,hard,autre_hard,ROME,SKL_037a552fbf2d
CANS_7094c63738f0,,Se coordonner avec les équipes de développement pour les mises à jour,,,hard,autre_hard,ROME,SKL_13163c59ad71
CANS_bfceff313fbb,,Favoriser la communication entre les différents intervenants,,,hard,autre_hard,ROME,SKL_c46a4e2ab139
CANS_9b84fdffa605,,Externalisation des systèmes d'information,,,hard,autre_hard,ROME,SKL_d285731e8abe
CANS_c7e3293542c7,,Récupération de données après incident,,,hard,autre_hard,ROME,SKL_180a50c8d70f
CANS_3b3a9534fa08,,Contrôler la qualité d'une base de données,,,hard,autre_hard,ROME,SKL_6bcfd8aee90d
CANS_ddd6e37f2caa,,Participer à la mise en place d'un Progiciel de Gestion Intégré (PGI),,,hard,autre_hard,ROME,SKL_26270911968d
CANS_f29329192389,,Optimiser les performances d'une base de données,,,hard,autre_hard,ROME,SKL_44dd47fff4d8
CANS_cbf4956343f7,,Optimiser les processus décisionnels via des outils BI,,,hard,autre_hard,ROME,SKL_4d8d57d5579e
CANS_b171186261f7,,Développer des scripts pour l'automatisation des rapports,,,hard,autre_hard,ROME,SKL_027ac4ddc921
CANS_2894817d6797,,Evaluer l'impact des solutions BI sur les performances de l'entreprise,,,hard,autre_hard,ROME,SKL_cfcf3f7edac4
CANS_cdc22db5678f,,Conduire des réunions de projet pour aligner les équipes sur les objectifs,,,hard,autre_hard,ROME,SKL_1ca73c6ff426
CANS_c8413bb90e69,,Optimiser l'utilisation des ressources dans les projets BI,,,hard,autre_hard,ROME,SKL_ef65ae6be18b
CANS_574d2e8a9495,,Planifier les phases de déploiement des solutions BI,,,hard,autre_hard,ROME,SKL_a5500388a56b
CANS_1f9d4600b0f1,,Analyser l'impact environnemental des solutions BI,,,hard,autre_hard,ROME,SKL_74b090dcf5e9
CANS_b9675a142632,,Promouvoir les pratiques de développement durable dans les projets BI,,,hard,autre_hard,ROME,SKL_31e4396217d3
CANS_5c37418c6311,,Faciliter la collaboration interdépartementale sur les projets BI,,,hard,autre_hard,ROME,SKL_61018fe21d75
CANS_4b05ce0e610a,,Encourager l'innovation dans l'approche des solutions BI,,,hard,autre_hard,ROME,SKL_2581b871d789
CANS_1eb2f3a87642,,Etablir des protocoles de test pour les nouvelles fonctionnalités BI,,,hard,autre_hard,ROME,SKL_f6f4fe3e8740
CANS_b0ef53fae023,,Intégrer les bases de données avec d'autres systèmes d'information,,,hard,autre_hard,ROME,SKL_7694d6bdf000
CANS_8ef9d70d1d66,,Logiciels de gestion de base de données,,,hard,autre_hard,ROME,SKL_e0a61de86781
CANS_8b0f4ce78a89,,Méthodologie SAFe,,,hard,autre_hard,ROME,SKL_d1359d3182a4
CANS_a9283b2e0298,,Documentation technique pour les systèmes BI,,,hard,autre_hard,ROME,SKL_4d81e5125aa6
CANS_9e4f975d014f,,Evaluation des besoins des utilisateurs,,,hard,autre_hard,ROME,SKL_f0546a967ade
CANS_dfc32b360a80,,Gestion de projets décisionnels,,,hard,autre_hard,ROME,SKL_90663f4b6573
CANS_47878f42f231,,Intégration de données,,,hard,autre_hard,ROME,SKL_11b53cf0e0f2
CANS_6084cc834cac,,Leadership en gestion de projet,,,hard,autre_hard,ROME,SKL_19db988ba57c
CANS_6d365f2bbf76,,Optimisation des processus décisionnels,,,hard,autre_hard,ROME,SKL_9c53ff31eb12
CANS_06c3b2691ec7,,Support technique aux utilisateurs de BI,,,hard,autre_hard,ROME,SKL_fe1bc6c6127a
CANS_b7e65a6a26d3,,Veille technologique en BI,,,hard,autre_hard,ROME,SKL_4cca9f609a46
CANS_d8fb10c669d8,,Assurer une veille technologique et réglementaire,,,hard,autre_hard,ROME,SKL_7378fa24bdb4
CANS_cffe6d76dbf0,,Communiquer efficacement par écrit les résultats des tests,,,hard,autre_hard,ROME,SKL_74615ca2c1bd
CANS_5b38840757f1,,Agir rapidement en cas de défaillance critique,,,hard,autre_hard,ROME,SKL_4723d7e5e272
CANS_f2180af56e08,,Installer et configurer des systèmes électroniques embarqués,,,hard,autre_hard,ROME,SKL_cd20daa87181
CANS_c1d7258de2dc,,Concevoir des architectures de systèmes embarqués pour l'IA,,,hard,autre_hard,ROME,SKL_762a0e3fb34e
CANS_892ec770ec84,,Développer des algorithmes d'apprentissage automatique pour des applications embarquées,,,hard,autre_hard,ROME,SKL_ae4bc3fbb78e
CANS_fae6d36f6124,,Optimiser les performances des systèmes IA embarqués,,,hard,autre_hard,ROME,SKL_88ed026a6c03
CANS_48e416ae7fea,,Assurer la compatibilité des systèmes IA avec les normes de sécurité,,,hard,autre_hard,ROME,SKL_77eafcdb0a9c
CANS_d2bff253f9d4,,Tester et valider les fonctionnalités des systèmes IA embarqués,,,hard,autre_hard,ROME,SKL_7779d6378fd3
CANS_2fad3af956b7,,Surveiller les performances des systèmes IA en temps réel,,,hard,autre_hard,ROME,SKL_2fad0e33d5e0
CANS_903993a8571c,,Documenter les spécifications techniques des projets IA embarqués,,,hard,autre_hard,ROME,SKL_2c38ae4b5e72
CANS_e95db0fcdc30,,Respecter les normes éthiques dans le développement de l'IA,,,hard,autre_hard,ROME,SKL_20055ce08d5f
CANS_12b8c42deecc,,Contrôler la conformité de fonctionnement des dispositifs embarqués,,,hard,autre_hard,ROME,SKL_583a965801fe
CANS_35e8bb60a1ff,,Collaboration avec des ingénieurs en conception,,,hard,autre_hard,ROME,SKL_ba99e0623348
CANS_185f651af436,,Analyse de données en temps réel pour IA embarquée,,,hard,autre_hard,ROME,SKL_4f0b8ac87e02
CANS_66c8d8d3aded,,Documentation technique pour systèmes IA,,,hard,autre_hard,ROME,SKL_a474a00a937a
CANS_536459eab6fa,,Gestion de projets IA,,,hard,autre_hard,ROME,SKL_9d967b075e05
CANS_98bc0b16a476,,Intégration de l'IA dans des dispositifs mobiles,,,hard,autre_hard,ROME,SKL_6d086b50ca0e
CANS_b21fdda0a7fc,,Techniques de réduction de la latence dans les systèmes embarqués,,,hard,autre_hard,ROME,SKL_8d98a7e42f31
CANS_1b3b178a04a4,,Chef de projet expert en intelligence artificielle,,,hard,autre_hard,ROME,SKL_b3a431a2f1a7
CANS_66e75f50a8b9,,Expert en ingénierie de l'intelligence artificielle,,,hard,autre_hard,ROME,SKL_dead8e7469b6
CANS_2c24d709d28d,,"Suivre une opération de maintenance, de support technique",,,hard,autre_hard,ROME,SKL_55f15908bec2
CANS_08d063a182f0,,Analyser les incidents techniques et proposer des améliorations,,,hard,autre_hard,ROME,SKL_529137e15652
CANS_15074b5a0570,,"Maîtriser les techniques d'elearning, d'assistance et support technique client",,,hard,autre_hard,ROME,SKL_d32357dd1e90
CANS_cf21a532a54a,,"Surveiller les données de performance du réseau, identifier les anomalies et proposer les mesures correctives",,,hard,autre_hard,ROME,SKL_7ede1c0087b6
CANS_22268c590215,,Surveiller et évaluer la performance de l'équipe,,,hard,autre_hard,ROME,SKL_eb33e7061f9a
CANS_cfb2e0e57f39,,Construire un plan de formation continue pour le personnel technique,,,hard,autre_hard,ROME,SKL_d288f05010cc
CANS_47534d3b0d4f,,Faciliter la collaboration interdépartementale pour le support technique,,,hard,autre_hard,ROME,SKL_836d62474ddd
CANS_db0961177815,,Elaborer des stratégies de résolution de problèmes techniques,,,hard,autre_hard,ROME,SKL_7105e775166e
CANS_40b401afb6df,,Former les utilisateurs aux nouveaux outils et procédures,,,hard,autre_hard,ROME,SKL_65e8350e192b
CANS_f8fb3a89c10d,,Utiliser des équipements spécialisés,,,hard,autre_hard,ROME,SKL_9424c2153ba1
CANS_77aa2d589ce4,,Gérer les mises à jour des logiciels et du matériel,,,hard,autre_hard,ROME,SKL_94517ede7e19
CANS_6ef2c834f5eb,,Assurer la maintenance préventive des systèmes informatiques,,,hard,autre_hard,ROME,SKL_67145003df0f
CANS_5d6fb7f3c6f4,,Surveiller les performances des systèmes informatiques,,,hard,autre_hard,ROME,SKL_a5cd48652554
CANS_4c239353cad6,,Evaluer les besoins en équipements informatiques,,,hard,autre_hard,ROME,SKL_0a39632e21c6
CANS_100950a12b49,,Développer des stratégies pour améliorer l'expérience utilisateur,,,hard,autre_hard,ROME,SKL_95163e85df6c
CANS_9b1ec757023a,,Innover dans les solutions de support technique,,,hard,autre_hard,ROME,SKL_b7b2d69699b0
CANS_db36b48ed01c,,Mettre en place des indicateurs de performance pour le support,,,hard,autre_hard,ROME,SKL_79042901fc0d
CANS_64d42a8346c4,,Proposer des améliorations pour les infrastructures IT,,,hard,autre_hard,ROME,SKL_af429b6b7da4
CANS_7f5360c3d59f,,Assurer la veille technologique dans le domaine IT,,,hard,autre_hard,ROME,SKL_e7bcea17178c
CANS_87d5ac3360ea,,Planifier et superviser les projets IT,,,hard,autre_hard,ROME,SKL_2400dbc8ce52
CANS_c092d33db71c,,Fournir un support technique et fonctionnel aux utilisateurs,,,hard,autre_hard,ROME,SKL_13be9960ae11
CANS_3dd9f8adf93d,,Expliquer de manière claire des aspects techniques aux non-techniciens,,,hard,autre_hard,ROME,SKL_c2fc57fca4de
CANS_bd2e832cfa54,,Planification de la continuité des activités,,,hard,autre_hard,ROME,SKL_ed37c021406a
CANS_af6d07b877d1,,Analyse de performance des systèmes,,,hard,autre_hard,ROME,SKL_05a5a3d332d4
CANS_38e78d24b7cb,,Mise à jour de logiciels,,,hard,autre_hard,ROME,SKL_c8cb57b9299c
CANS_4da652b19b10,,Conseil en amélioration de systèmes informatiques,,,hard,autre_hard,ROME,SKL_09520b89ab0f
CANS_e70a356d2a5c,,Evaluation des besoins en matériel informatique,,,hard,autre_hard,ROME,SKL_f0bd0e4a333f
CANS_ef8cf373ce62,,Installation de systèmes d'exploitation,,,hard,autre_hard,ROME,SKL_8356151f668e
CANS_619a4cd8d39f,,Optimisation de l'infrastructure IT,,,hard,autre_hard,ROME,SKL_f75bcb66ea6e
CANS_c09bd1bcf7ac,,Techniques de support à distance,,,hard,autre_hard,ROME,SKL_aff70950af95
CANS_724a4e8dbd60,,Utilisation de logiciels de gestion de tickets,,,hard,autre_hard,ROME,SKL_7f344b6b4d7c
CANS_e9cf1864da47,,Organiser et piloter un programme de formation,,,hard,autre_hard,ROME,SKL_0b2c4569291b
CANS_df378775ede7,,"Concevoir des outils de pilotage, indicateurs, tableaux de bord",,,hard,autre_hard,ROME,SKL_f474e1283c11
CANS_3ab94012afba,,Concevoir des présentations pour des réunions stratégiques,,,hard,autre_hard,ROME,SKL_d4532140c9fc
CANS_09b4980ef98b,,Organiser des ateliers pour recueillir les exigences des utilisateurs,,,hard,autre_hard,ROME,SKL_3133b39481f6
CANS_daa97b3dc1b9,,Optimiser l'ergonomie des interfaces utilisateurs,,,hard,autre_hard,ROME,SKL_92bc03be0477
CANS_14979cc232f0,,Planifier et coordonner les projets de développement système,,,hard,autre_hard,ROME,SKL_76cfbd42f7ec
CANS_95abd091e2fb,,Assurer la veille technologique pour les systèmes d'information,,,hard,autre_hard,ROME,SKL_5d5c6639ffb4
CANS_e7426bf86894,,"Maîtrise des outils gestion de projets (MS Project, etc.) et de BIM",,,hard,autre_hard,ROME,SKL_34b53d9add20
CANS_5dd8e1f4e9ef,,Coordination d'équipes informatiques,,,hard,autre_hard,ROME,SKL_f90f85187b40
CANS_f8de61fe58de,,Mettre à jour les informations client dans le système informatique,,,hard,autre_hard,ROME,SKL_cdf445d5192e
CANS_87331282d51e,,Encourager l'adoption de solutions cloud par les utilisateurs,,,hard,autre_hard,ROME,SKL_f716efd6965f
CANS_1f6282897b0e,,Configurer des serveurs pour des applications Cloud,,,hard,autre_hard,ROME,SKL_755872ff03b0
CANS_ca953dd079ac,,Gérer les accès utilisateurs aux services Cloud,,,hard,autre_hard,ROME,SKL_db794e289d5e
CANS_5b04766d4b20,,Diagnostiquer et résoudre les problèmes techniques du Cloud,,,hard,autre_hard,ROME,SKL_aece7273ca2e
CANS_2e0a4eb66be7,,Documenter les configurations et les changements apportés aux systèmes Cloud,,,hard,autre_hard,ROME,SKL_63844a9bdf9c
CANS_013aa4ce8e47,,Assurer la sécurité des données dans le cloud,,,hard,autre_hard,ROME,SKL_e9a12fd003a3
CANS_aca081c4ee22,,Techniques de cryptage des données,,,hard,autre_hard,ROME,SKL_2193686eaeda
CANS_3b7d7cb5fedb,,Automatisation des tâches cloud,,,hard,autre_hard,ROME,SKL_042b0d69bff2
CANS_dc5b6852477d,,Résolution de problèmes de connectivité cloud,,,hard,autre_hard,ROME,SKL_1e0ec40edccb
CANS_888b1f178392,,Proposer des innovations pour améliorer la qualité de service,,,hard,autre_hard,ROME,SKL_c6510a1c4fab
CANS_75dc97639496,,Maintenir une veille réglementaire et technique,,,hard,autre_hard,ROME,SKL_5bf4dfbad71f
CANS_e2b302cb81b8,,Gérer des projets de développement blockchain,,,hard,autre_hard,ROME,SKL_269cf246da6b
CANS_1195b10d3713,,Argumenter les choix techniques lors de réunions,,,hard,autre_hard,ROME,SKL_d4a2bc3b88a5
CANS_192a416d785c,,Développer des smart contracts sécurisés,,,hard,autre_hard,ROME,SKL_17355b18079a
CANS_4c3e7632dec4,,Implémenter des protocoles de consensus blockchain,,,hard,autre_hard,ROME,SKL_eb37d2fae802
CANS_de7709509576,,"Logiciels d'analyse des langages de programmation, de modélisation",,,hard,autre_hard,ROME,SKL_6b4bb3f37231
CANS_39721b9d54e3,,Compréhension des régulations en cryptomonnaie,,,hard,autre_hard,ROME,SKL_52b6b74c20df
CANS_85192481688d,,Développement front-end pour application blockchain,,,hard,autre_hard,ROME,SKL_9df3f264147b
CANS_be628eb2570f,,Gestion de projets blockchain,,,hard,autre_hard,ROME,SKL_e1c681314de4
CANS_84ac3a684b3f,,Intégration de systèmes de paiement en cryptomonnaie,,,hard,autre_hard,ROME,SKL_51f4e99a1a49
CANS_ee97b43d7e1b,,Superviser un projet de pilotage en ressources logiques et physiques,,,hard,autre_hard,ROME,SKL_6f63b65f068d
CANS_ce692badcdac,,Communiquer efficacement avec l'équipe sur les protocoles de sécurité,,,hard,autre_hard,ROME,SKL_733d2f826c0e
CANS_84321497ca89,,Former les équipes aux nouvelles technologies,,,hard,autre_hard,ROME,SKL_439a77c7d8b2
CANS_b2a4cc212394,,Optimiser les processus de production informatique,,,hard,autre_hard,ROME,SKL_1d96b43829a0
CANS_a16fe20b1d36,,Assurer la liaison avec les fournisseurs de technologie,,,hard,autre_hard,ROME,SKL_c430df68f0ce
CANS_d1a8b1e90c74,,Développer des stratégies pour augmenter l'efficacité,,,hard,autre_hard,ROME,SKL_79ac434cafdb
CANS_8a8b84878e64,,Gérer les budgets alloués aux projets informatiques,,,hard,autre_hard,ROME,SKL_894ac02a78cc
CANS_b570aaa9bc08,,Promouvoir l'innovation dans les solutions informatiques,,,hard,autre_hard,ROME,SKL_6da539087f0f
CANS_24e606b3ef8d,,Adaptation aux évolutions technologiques,,,hard,autre_hard,ROME,SKL_ff8b1c783a90
CANS_446505c2036a,,Planification de la capacité des systèmes informatiques,,,hard,autre_hard,ROME,SKL_f95382503b67
CANS_7ebdf1abca72,,Concevoir des architectures de solutions cloud,,,hard,autre_hard,ROME,SKL_1407cb2895f0
CANS_476bd2d23e1f,,Optimiser les coûts des services cloud,,,hard,autre_hard,ROME,SKL_93ce15fc767c
CANS_f3571791591c,,Connaissance des plateformes cloud majeures,,,hard,autre_hard,ROME,SKL_a04e15be28ac
CANS_672c5a768206,,Gestion des performances des applications distribuées,,,hard,autre_hard,ROME,SKL_0e6173b5a6d1
CANS_083f8701983c,,"Mise en œuvre de solutions de réseau cloud (VPC, VPN)",,,hard,autre_hard,ROME,SKL_068bec2a77a7
CANS_4a4188efc02f,,Techniques de sauvegarde des données cloud,,,hard,autre_hard,ROME,SKL_b1b4498d3400
CANS_b954feb905e2,,Concevoir un projet de santé,,,hard,autre_hard,ROME,SKL_f513f246cef6
CANS_0ca56175f1fd,,Participer à des projets de recherche et développement,,,hard,autre_hard,ROME,SKL_f913a79af986
CANS_047f579a4e80,,Suivre les avancées technologiques en santé,,,hard,autre_hard,ROME,SKL_38da42d829ed
CANS_fcaf2be0295a,,Intégrer des solutions numériques pour la gestion des dossiers,,,hard,autre_hard,ROME,SKL_06a1b9459c74
CANS_c5a82590ecab,,Promouvoir les programmes de santé publique,,,hard,autre_hard,ROME,SKL_b003bd9bde9d
CANS_c3d7532953a6,,Collaborer avec les professionnels de santé pour optimiser les soins,,,hard,autre_hard,ROME,SKL_f77b8d0db9ab
CANS_71a017074915,,Communiquer avec les professionnels de santé pour collecter des informations,,,hard,autre_hard,ROME,SKL_3ef8d69f35ed
CANS_20ac49d55f35,,Proposer des solutions adaptées aux problématiques de santé,,,hard,autre_hard,ROME,SKL_d8ba4e86b09a
CANS_12bddeeceae0,,Respecter les normes éthiques et de confidentialité,,,hard,autre_hard,ROME,SKL_7368936811ac
CANS_2e340cbb2f8c,,Analyser les besoins de santé des patients,,,hard,autre_hard,ROME,SKL_86933ea17262
CANS_f811770b3b09,,Analyser les données de santé,,,hard,autre_hard,ROME,SKL_aaad9daa7d0e
CANS_05358162185b,,Veiller à l'appropriation des technologies numériques de santé,,,hard,autre_hard,ROME,SKL_8c509a94e295
CANS_9bbb87f1aa13,,Intégrer des solutions de santé mobile,,,hard,autre_hard,ROME,SKL_815f83f90c1f
CANS_f2acf8953e10,,Appréhender les lois et les réglementations relatives à l'utilisation du numérique en santé et de l'utilisation des données,,,hard,autre_hard,ROME,SKL_80f1aff7a83a
CANS_9fb9e22b1a2a,,"Interagir avec les organismes externes tels que l'Inspection du Travail, la Sécurité Sociale et les services de santé publique",,,hard,autre_hard,ROME,SKL_20409ce89483
CANS_286a5d8ede86,,Analyser les besoins des utilisateurs en matière de santé numérique,,,hard,autre_hard,ROME,SKL_e938adfa6b39
CANS_78ec0dee4fb3,,Concevoir des solutions numériques adaptées au secteur de la santé,,,hard,autre_hard,ROME,SKL_47505182eabd
CANS_be6222e7d600,,Gérer des projets de développement de systèmes e-santé,,,hard,autre_hard,ROME,SKL_ff025a70f1bd
CANS_fbb763e5b0dc,,Surveiller l'évolution des technologies de santé numérique,,,hard,autre_hard,ROME,SKL_1d654a5ed07d
CANS_64439f41de24,,Evaluer l'impact des solutions e-santé sur les pratiques médicales,,,hard,autre_hard,ROME,SKL_bd87c6d5bceb
CANS_5c41dc579bd0,,Faciliter la communication entre professionnels de santé via des plateformes numériques,,,hard,autre_hard,ROME,SKL_7807d01bf0c2
CANS_cb94d2fd2692,,"Etre à l'écoute, faire preuve d'empathie",,,soft,soft_transversale,ROME,SKL_fa389da017d8
CANS_c6efe3e206f9,,Evaluation des programmes et des technologies de santé,,,hard,autre_hard,ROME,SKL_8b26e6e22346
CANS_8eeb5acf5fa8,,Outils de télésanté,,,hard,autre_hard,ROME,SKL_efe4dcd35a6c
CANS_30bda8eb4feb,,Analyse des besoins en santé numérique des établissements,,,hard,autre_hard,ROME,SKL_92af3250f4a2
CANS_6bf72ae43c6a,,Normes de sécurité des données en santé,,,hard,autre_hard,ROME,SKL_03fbef36d310
CANS_b7e624c1a9a2,,Connaissance des standards internationaux de santé numérique,,,hard,autre_hard,ROME,SKL_454333e48dc1
CANS_af9a97d6f5e3,,Développement de partenariats technologiques en santé,,,hard,autre_hard,ROME,SKL_f7067d1f5aa3
CANS_2f06a8c2786f,,Formation aux outils de santé numérique,,,hard,autre_hard,ROME,SKL_38933a8b0ab9
CANS_e4d93ea0873d,,Suivi des innovations en santé numérique,,,hard,autre_hard,ROME,SKL_e9fbf732e1ce
CANS_fe4cfa7da9b3,,Utilisation de plateformes de télésanté,,,hard,autre_hard,ROME,SKL_69444aea8155
CANS_c225c376a458,,Ingénieur diplômé de l'école polytechnique universitaire de l'institut polytechnique de Grenoble spécialité technologies de l'information pour la santé (Université Grenoble Alpes),,,hard,autre_hard,ROME,SKL_098dcd4112c1
CANS_5416dd36feef,,Ingénieur diplômé de l'école publique d'ingénieurs de la santé et du numérique (EPISEN) de l'université Paris 12 spécialité informatique et santé,,,hard,autre_hard,ROME,SKL_623d06688553
CANS_29011147d18d,,Ingénieur diplômé de l'école supérieure d'ingénieurs de Rennes de l'université de Rennes spécialité technologies de l'information pour la santé,,,hard,autre_hard,ROME,SKL_a37891aa2dc1
CANS_f163f207f616,,Ingénieur diplômé de l'institut national universitaire Jean-François Champollion spécialité informatique pour la santé,,,hard,autre_hard,ROME,SKL_702ec73d544e
CANS_3293e09b62c7,,Ingénieur diplômé de Télécom physique Strasbourg de l'université de Strasbourg spécialité technologies de l'information pour la santé,,,hard,autre_hard,ROME,SKL_6815034acc10
CANS_dc70b2c5e20b,,Master mention sciences et numérique pour la santé,,,hard,autre_hard,ROME,SKL_8abf1c8615e9
CANS_7879b253076a,,Organiser des réunions de coordination avec les clients et les équipes,,,hard,autre_hard,ROME,SKL_293bdbc0fe39
CANS_50d053ebd8c1,,Assurer la conformité des projets aux exigences légales,,,hard,autre_hard,ROME,SKL_5d41b19662b4
CANS_f3756bda421b,,Optimiser les processus de développement et de maintenance pour réduire les coûts,,,hard,autre_hard,ROME,SKL_eff9b9af5a44
CANS_718aa7842a3d,,Gérer les communications entre les parties prenantes du projet,,,hard,autre_hard,ROME,SKL_b2c66e5fc270
CANS_8bbced18bb75,,Surveiller l'avancement des projets et ajuster les plans si nécessaire,,,hard,autre_hard,ROME,SKL_76a2a27d744d
CANS_63893869cd3d,,Négocier avec les fournisseurs pour les aspects techniques du projet,,,hard,autre_hard,ROME,SKL_30f8068f4352
CANS_25fee0b62a07,,Evaluer l'impact des nouveaux systèmes sur les opérations courantes,,,hard,autre_hard,ROME,SKL_d513b44d83a7
CANS_f12eb812efe8,,Assurance qualité des systèmes d'information,,,hard,autre_hard,ROME,SKL_f716d17e24e0
CANS_bdfe21041c85,,Conception de tableaux de bord de gestion,,,hard,autre_hard,ROME,SKL_d137d52fe83b
CANS_25897a5741be,,Elaboration de stratégies de migration de données,,,hard,autre_hard,ROME,SKL_1f03ac2f7570
CANS_587b046ab14b,,Optimisation des processus d'affaires,,,hard,autre_hard,ROME,SKL_d4b6adf9e736
CANS_47c640c7bc13,,Suivre les évolutions juridiques du marché en termes de sécurité informatique afin de garantir la conformité du SI au droit individuel et collectif,,,hard,autre_hard,ROME,SKL_af1568ec655d
CANS_4e658d9568ea,,Respecter les normes de sécurité informatique dans l'assistance,,,hard,autre_hard,ROME,SKL_cbe3a4d5b3cb
CANS_e53daea91092,,Documenter les procédures de sécurité,,,hard,autre_hard,ROME,SKL_e7537f56e121
CANS_b8410f36c133,,Optimiser les processus de sécurité pour réduire les coûts,,,hard,autre_hard,ROME,SKL_a48140c00e93
CANS_550419ff356f,,Evaluer l'impact des nouvelles technologies sur la sécurité,,,hard,autre_hard,ROME,SKL_9e7b9c6d20bf
CANS_9500b28a0c0c,,Assurer la conformité réglementaire en matière de sécurité,,,hard,autre_hard,ROME,SKL_80c0fddc5a35
CANS_6648daffb439,,Mener des recherches sur les menaces émergentes,,,hard,autre_hard,ROME,SKL_41c37b46f9c9
CANS_8b7aad2c47a9,,Analyse de la vulnérabilité des systèmes informatiques,,,hard,autre_hard,ROME,SKL_d1e2b912b7a9
CANS_6038ea949544,,Intégration de systèmes de détection d'intrusions,,,hard,autre_hard,ROME,SKL_a6b83e613f9e
CANS_ea677c69fe2a,,Optimisation des processus de sécurité informatique,,,hard,autre_hard,ROME,SKL_5a4f877f338b
CANS_5bcce62fa6ed,,Utilisation de logiciels de gestion de la sécurité,,,hard,autre_hard,ROME,SKL_5535594c5134
CANS_7bebf2cc24f1,,"Expert en architectures systèmes, réseaux et sécurité informatique",,,hard,autre_hard,ROME,SKL_ccc256169f26
CANS_1e7100e578aa,,Master mention cybersécurité,,,hard,autre_hard,ROME,SKL_8b02792e6e2f
CANS_33039846c087,,Rapporter les incidents et anomalies rencontrés,,,hard,autre_hard,ROME,SKL_0c4203f253d2
CANS_6ff2fd262604,,Maintenir les registres de sécurité à jour,,,hard,autre_hard,ROME,SKL_58f2be9cb006
CANS_1960dc67ba8a,,Coordonner les activités avec d'autres équipes techniques,,,hard,autre_hard,ROME,SKL_c49710b8cfaf
CANS_135c4789914a,,Participer à des réunions de sécurité,,,hard,autre_hard,ROME,SKL_4d5b52929aae
CANS_5b755bac0526,,Gérer les situations d'urgence et appliquer les procédures adéquates,,,hard,autre_hard,ROME,SKL_7398d9bbbd1b
CANS_29e336b57eb3,,Mettre en place des procédures de sécurité pour la protection des données,,,hard,autre_hard,ROME,SKL_49344827dfe3
CANS_2773ff9c8d42,,Analyser les alertes de sécurité informatique,,,hard,autre_hard,ROME,SKL_a2621354a232
CANS_210e1010d8ec,,Analyser les tendances de menaces informatiques,,,hard,autre_hard,ROME,SKL_6efe6c7d7f16
CANS_d807395f0fb3,,Développer des tableaux de bord de sécurité,,,hard,autre_hard,ROME,SKL_7a088c126cc6
CANS_c9ce8123ef07,,Mener des simulations d'attaque pour tester la sécurité,,,hard,autre_hard,ROME,SKL_d0d7bc3972a9
CANS_06120218c944,,Réaliser des veilles technologiques en sécurité,,,hard,autre_hard,ROME,SKL_19a74f157aa6
CANS_778b223920ed,,Analyser les besoins de sécurité informatique,,,hard,autre_hard,ROME,SKL_3fe62f31cfd8
CANS_833a1b83c0c2,,Maintenir les systèmes de surveillance,,,hard,autre_hard,ROME,SKL_3e7672525b07
CANS_2258dd73552d,,Evaluation des risques de sécurité,,,hard,autre_hard,ROME,SKL_52b40e519b2c
CANS_8de995853b40,,Gestion des menaces persistantes avancées (APT),,,hard,autre_hard,ROME,SKL_66c17e5ea177
CANS_80b723e63a5a,,Mise en place de solutions de sécurité informatique,,,hard,autre_hard,ROME,SKL_7d14177ee985
CANS_9ccc62ad7336,,Développer des outils de validation des architectures réseaux et télécoms,,,hard,autre_hard,ROME,SKL_1ca93f26c347
CANS_704bd4c2ce7c,,Assurer la sécurité des systèmes d'information,,,hard,autre_hard,ROME,SKL_90a24f91c08f
CANS_f8ec59384ee4,,Surveillance de systèmes informatiques,,,hard,autre_hard,ROME,SKL_1d28dc880068
CANS_d7084d3eeca3,,Gestion des droits d'accès,,,hard,autre_hard,ROME,SKL_a86e785d8fa9
CANS_584d2bfa6645,,Menaces cybernétiques,,,hard,autre_hard,ROME,SKL_088fd1002f51
CANS_f3a6b863f11d,,Détection des intrusions informatiques,,,hard,autre_hard,ROME,SKL_1cb14d8cbcaa
CANS_48a354605361,,"Superviser un secteur/projet de sécurité, qualité",,,hard,autre_hard,ROME,SKL_f6d7093a4549
CANS_81f35551c030,,Concevoir et décliner la mise en oeuvre de la stratégie technique de l'opérateur télécoms,,,hard,autre_hard,ROME,SKL_13549a0c530d
CANS_ec2baa0d096b,,Rédiger des dossiers d'architecture réseau,,,hard,autre_hard,ROME,SKL_d701d33da3dc
CANS_793207574be1,,"Rédiger le document d'ingénierie générale pour chaque élément de réseau à implémenter (fonctionnalités, protocoles utilisés, règles de dimensionnement et de mise en oeuvre)",,,hard,autre_hard,ROME,SKL_c2fa468c1306
CANS_fe76e25d9a12,,Superviser l'installation de réseaux télécoms,,,hard,autre_hard,ROME,SKL_9c133393b9da
CANS_0032540a1752,,Optimiser les flux de données en réseau,,,hard,autre_hard,ROME,SKL_31a82e11ae9d
CANS_6847f582ea1d,,Assurer la maintenance préventive des systèmes de télécommunication,,,hard,autre_hard,ROME,SKL_b126e8e9fb5f
CANS_72602c22aa28,,Coordonner les équipes techniques pour des interventions,,,hard,autre_hard,ROME,SKL_d02805354a18
CANS_71cf636de405,,Implémenter des solutions de sécurité réseau,,,hard,autre_hard,ROME,SKL_78fe5648d6b7
CANS_316edaba8247,,Former les utilisateurs aux nouveaux outils télécoms,,,hard,autre_hard,ROME,SKL_b3a2c4e6148b
CANS_899a4dab7fef,,Contrôler la conformité des installations télécoms,,,hard,autre_hard,ROME,SKL_764ad0506570
CANS_04027a53eed7,,Elaborer des plans de continuité d'activité,,,hard,autre_hard,ROME,SKL_e514f3994d7d
CANS_f2251c6de0d8,,Superviser la formation continue des équipes techniques,,,hard,autre_hard,ROME,SKL_5f168474ca5e
CANS_3291c471f4d9,,Audit de réseaux télécoms,,,hard,autre_hard,ROME,SKL_edcf7efb6f08
CANS_c67b66344c11,,Conformité réglementaire télécoms,,,hard,autre_hard,ROME,SKL_dba2a5fa942e
CANS_633086a87f56,,Elaboration de politiques de télécommunication,,,hard,autre_hard,ROME,SKL_9a6185fe1c2a
CANS_a7cf6955ec26,,Formation sur les équipements télécoms,,,hard,autre_hard,ROME,SKL_d94da2b82885
CANS_1e58df60e748,,Gestion de projets télécoms,,,hard,autre_hard,ROME,SKL_32942d36d8d9
CANS_84af5c8f1f32,,Gestion des configurations réseau,,,hard,autre_hard,ROME,SKL_2b0fd1c491d8
CANS_64f3209e004b,,Gestion des fournisseurs de services télécoms,,,hard,autre_hard,ROME,SKL_b99036196b2a
CANS_0b78fc04e1a5,,Négociation de contrats télécoms,,,hard,autre_hard,ROME,SKL_c77b210fc002
CANS_5428cff59d2e,,Planification de réseaux télécoms,,,hard,autre_hard,ROME,SKL_8113ab7a7930
CANS_f2f78674c3e7,,Contrôler la réalisation de pages Web,,,hard,autre_hard,ROME,SKL_342c4d4ee64a
CANS_bd28db24da45,,Définir l'identité visuelle d'un site web,,,hard,autre_hard,ROME,SKL_2cf116504c80
CANS_7e9a4e39feef,,Rédiger du contenu web,,,hard,autre_hard,ROME,SKL_c4f8bf0728b4
CANS_73c1a878ac5c,,Evaluer l'e-réputation d'un site web,,,hard,autre_hard,ROME,SKL_dd254460b7e3
CANS_4e660d6bb647,,Analyser le trafic d'un site web,,,hard,autre_hard,ROME,SKL_a4258a34f348
CANS_f370714f655b,,"Veiller à la cohérence de l'image de l'entreprise sur l'ensemble des déclinaisons de la communication et des supports (éditorial, Web, Intranet, événements, médias, réseaux sociaux)",,,hard,autre_hard,ROME,SKL_648cd2e648a5
CANS_4636f4e1319c,,"Rendre compte et valoriser ses travaux (avec des logiciels de traitement de texte, de présentation, de création de page web, de carte conceptuelle, ...)",,,hard,autre_hard,ROME,SKL_07a894b52928
CANS_1c0660cf603b,,Implémenter des outils d'analyse web,,,hard,autre_hard,ROME,SKL_22acd565c9e5
CANS_27b01b70dadf,,Optimiser l'expérience utilisateur sur les plateformes digitales,,,hard,autre_hard,ROME,SKL_67e963ef5241
CANS_cb15ae08c37f,,Optimiser le référencement naturel (SEO) des articles en ligne,,,hard,autre_hard,ROME,SKL_a022b78d200b
CANS_cdf7838ff8b4,,Analyser les besoins du client pour la création de sites web,,,hard,autre_hard,ROME,SKL_20a27114b342
CANS_fe8f236fa2bc,,Planifier les étapes de réalisation du projet,,,hard,autre_hard,ROME,SKL_e4152fc1297d
CANS_2f504a94944e,,Contrôler la qualité et la conformité des livrables web,,,hard,autre_hard,ROME,SKL_524451f61176
CANS_60dbd8e88d26,,Optimiser les processus de développement web,,,hard,autre_hard,ROME,SKL_06c312696367
CANS_c7cff25b8039,,Réaliser des tests utilisateurs pour améliorer l'expérience,,,hard,autre_hard,ROME,SKL_d2df06ebdad3
CANS_bba9bf23fc11,,Faciliter la communication interne pour les projets web,,,hard,autre_hard,ROME,SKL_c79a7e5b3166
CANS_f87b8e71a577,,Evaluer l'impact des modifications sur les performances du site,,,hard,autre_hard,ROME,SKL_a5fe136ad6ea
CANS_6a8ead79e6a9,,Assurer la formation continue de l'équipe web,,,hard,autre_hard,ROME,SKL_426aee60d642
CANS_9b570c0a9265,,Maintenir une veille technologique active,,,hard,autre_hard,ROME,SKL_5fcc5f228108
CANS_cc4efb19432c,,Optimiser la navigation sur un site web,,,hard,autre_hard,ROME,SKL_78fb66253e94
CANS_cb9a06bc44d7,,Améliorer l'accessibilité web pour les utilisateurs à mobilité réduite,,,hard,autre_hard,ROME,SKL_a9e072489919
CANS_661d3c28de7c,,Analyser les tendances du design web pour rester à jour,,,hard,autre_hard,ROME,SKL_5cf57a5dcffe
CANS_6050b695b9ef,,Ergonomie d'un site web,,,hard,autre_hard,ROME,SKL_64ded7e4ce80
CANS_58cbb3bd6ae9,,Webmarketing,,,hard,autre_hard,ROME,SKL_fba115929a6f
CANS_509c1c8f0cbf,,Responsive design,,,hard,autre_hard,ROME,SKL_9365c14acd04
CANS_d1759b13edfa,,Arborescence d'un site web,,,hard,autre_hard,ROME,SKL_911501346b71
CANS_2399c7c3363b,,Licence pro mention e-commerce et marketing numérique,,,hard,autre_hard,ROME,SKL_f239955d58cb
CANS_43c3a52d34ee,,Licence pro mention communication et valorisation de la création artistique,,,hard,autre_hard,ROME,SKL_7b2a27355b73
CANS_9a4d6910ec82,,"Licence pro mention métiers du numérique : conception, rédaction et réalisation web",,,hard,autre_hard,ROME,SKL_0919729e5478
CANS_681d5960a336,,Analyse de données web,,,hard,autre_hard,ROME,SKL_14eeeeb8510d
CANS_0090988e5829,,Planification stratégique de contenu web,,,hard,autre_hard,ROME,SKL_a62a50158941
CANS_cb4e07a2cde6,,Stratégies de contenu pour le web,,,hard,autre_hard,ROME,SKL_0ff8e75e8467
CANS_27f1fc508f2e,,Techniques de rédaction web,,,hard,autre_hard,ROME,SKL_a150a10e803e
CANS_98b40a6e9f44,,Tests utilisateurs,,,hard,autre_hard,ROME,SKL_b848b0df0a2a
CANS_316193180523,,Utilisation des outils d'analyse de trafic web,,,hard,autre_hard,ROME,SKL_a63ce8674ec0
CANS_5e832812ee4f,,Web designer,,,hard,autre_hard,ROME,SKL_ee2a80e73bfa
CANS_642cdd2de270,,Licence pro mention métiers de l'information : veille et gestion des ressources documentaires,,,hard,autre_hard,ROME,SKL_9561c0e54248
CANS_5cdfaa769e84,,Manager de projets en stratégies digitales et data marketing (MS),,,hard,autre_hard,ROME,SKL_7d5738c2cbf8
CANS_6c8c0b491424,,Former aux évolutions techniques et règlementaires en matière de sécurité,,,hard,autre_hard,ROME,SKL_7e25523f5659
CANS_7aa01a0ac87c,,Concevoir la maquette d'un site web,,,hard,autre_hard,ROME,SKL_a2e2727d7edc
CANS_7ce086c55e77,,Concevoir un site web,,,hard,autre_hard,ROME,SKL_06328cf1e440
CANS_0b1806792f4f,,Utiliser des logiciels de gestion de contenu,,,hard,autre_hard,ROME,SKL_2b22a807444c
CANS_21b02e033ba2,,Respecter les délais de livraison des projets,,,hard,autre_hard,ROME,SKL_c220327afcae
CANS_dfab51cd4b12,,Concevoir des solutions digitales sans code,,,hard,autre_hard,ROME,SKL_5ecc7abbc8fe
CANS_e619aba19b27,,Optimiser les processus de développement de produit,,,hard,autre_hard,ROME,SKL_4f997a96aff3
CANS_7e2c9cfd57e9,,Faciliter la collaboration inter-équipes pour le développement de produits,,,hard,autre_hard,ROME,SKL_32b1d74582e1
CANS_adff83289c1b,,Communiquer clairement les objectifs de projet,,,hard,autre_hard,ROME,SKL_032a62fe4309
CANS_8d6e2335a6e2,,Développer ses compétences en gestion de produits numériques,,,hard,autre_hard,ROME,SKL_b9407f1b9ce2
CANS_074c4618dee4,,Concevoir l'architecture d'un site web,,,hard,autre_hard,ROME,SKL_10097b0ee218
CANS_c5d8bb5c2403,,Collaboration inter-équipes pour projets no code,,,hard,autre_hard,ROME,SKL_85be211eabb5
CANS_ab42d8a38036,,Conception de solutions no code,,,hard,autre_hard,ROME,SKL_dbd24e9d2e81
CANS_fead8eba3b36,,Gestion de la performance des solutions no code,,,hard,autre_hard,ROME,SKL_ff9a21e14a58
CANS_9137e7ad82f0,,Intégration de systèmes no code,,,hard,autre_hard,ROME,SKL_9cedc419758f
CANS_62578d508a8e,,Respect des normes de qualité no code,,,hard,autre_hard,ROME,SKL_f71196d20f2d
CANS_c88246147c90,,Tests et validation de solutions no code,,,hard,autre_hard,ROME,SKL_174df65f0fd7
CANS_97d0d6c30d3c,,Concepteur développeur d'applications no code,,,hard,autre_hard,ROME,SKL_6a6bc588773c
CANS_4720081e2b8f,,Expert en transformation digitale et technologique no-code,,,hard,autre_hard,ROME,SKL_b0dc5729cc11
CANS_8b0b0a1c8830,,Identifier et évaluer les risques potentiels liés à l'environnement (variation des conditions climatiques),,,hard,autre_hard,ROME,SKL_aaada57ef838
CANS_92b77f08c906,,Collaborer avec des équipes internationales,,,hard,autre_hard,ROME,SKL_91d3c9a87fbd
CANS_983f0f4d475b,,Traiter des informations complexes,,,hard,autre_hard,ROME,SKL_0cdc804e3dff
CANS_4cb5d7c13364,,Analyser les données climatiques,,,hard,autre_hard,ROME,SKL_d988c4e70b9c
CANS_8160a72443b4,,Proposer des stratégies d'adaptation au changement climatique,,,hard,autre_hard,ROME,SKL_60fcf9761192
CANS_3f5428cfbfe1,,Développer des outils de simulation climatique,,,hard,autre_hard,ROME,SKL_77ee6c766cea
CANS_2f1bed171dfe,,Construire des scénarios de changement climatique,,,hard,autre_hard,ROME,SKL_6a4f2454de85
CANS_a2d70a984700,,Optimiser les méthodes de collecte de données climatiques,,,hard,autre_hard,ROME,SKL_f1e7080ca92e
CANS_84f680aa61b9,,Contribuer à des publications scientifiques sur le climat,,,hard,autre_hard,ROME,SKL_a91dcbccd7a8
CANS_614f3380b1eb,,Former les nouveaux membres de l'équipe,,,hard,autre_hard,ROME,SKL_7d28addfc0ea
CANS_a97a51620246,,Evaluer les risques liés aux changements climatiques sur les ressources en eau,,,hard,autre_hard,ROME,SKL_beec47aea5e0
CANS_6f2eeda1f42d,,Modéliser des scénarios climatiques,,,hard,autre_hard,ROME,SKL_96078692dc92
CANS_91be7787fb21,,Interpréter des modèles de prévision climatique,,,hard,autre_hard,ROME,SKL_1eb7e6d97ebe
CANS_9b704996868e,,Communiquer les résultats de modélisation à des non-spécialistes,,,hard,autre_hard,ROME,SKL_d53a92ef9440
CANS_24e9bbbda75c,,Développer des algorithmes de simulation,,,hard,autre_hard,ROME,SKL_1b6c5d48b1ae
CANS_cc9810d8d126,,Construire des projets de recherche en climatologie,,,hard,autre_hard,ROME,SKL_047e482497a0
CANS_758c73350480,,Gérer des bases de données climatiques,,,hard,autre_hard,ROME,SKL_d56a8f402909
CANS_6b87ddf27d07,,Préparer des rapports détaillés pour des organismes de financement,,,hard,autre_hard,ROME,SKL_1428c213a2c8
CANS_90abc655e75e,,Surveiller les avancées technologiques en modélisation,,,hard,autre_hard,ROME,SKL_4dcd6f603e14
CANS_9633c11744c7,,Utiliser des logiciels spécialisés en climatologie,,,hard,autre_hard,ROME,SKL_6e25f7025df3
CANS_8988d9a441a0,,Documenter les procédures de modélisation,,,hard,autre_hard,ROME,SKL_d610107f8b77
CANS_5a10bff451aa,,Etablir des collaborations interdisciplinaires,,,hard,autre_hard,ROME,SKL_5a664947e93b
CANS_d85a40075397,,Analyse de données climatiques,,,hard,autre_hard,ROME,SKL_734a6d46af17
CANS_9de3756c7aed,,Analyse statistique en climatologie,,,hard,autre_hard,ROME,SKL_3c2722be8366
CANS_65283a8bfe67,,Communication scientifique en climatologie,,,hard,autre_hard,ROME,SKL_afeac9c1a836
CANS_8a1fc9352f3d,,Développement de partenariats scientifiques,,,hard,autre_hard,ROME,SKL_a21c22c9adc5
CANS_66c27198f81e,,Evaluation des impacts climatiques,,,hard,autre_hard,ROME,SKL_e3eab6fc92a0
CANS_56250101d0d1,,Formation en modélisation climatique,,,hard,autre_hard,ROME,SKL_4ab802ef6569
CANS_50f711cd93d1,,Gestion de crise en cas d'événements climatiques,,,hard,autre_hard,ROME,SKL_39dea10400a0
CANS_81e599a6d7d8,,Gestion de projets de recherche climatique,,,hard,autre_hard,ROME,SKL_bac0736f5727
CANS_8499538475dc,,Gestion des risques climatiques,,,hard,autre_hard,ROME,SKL_404ea3231ed4
CANS_741ccde4e79f,,Présentation de résultats à des conférences,,,hard,autre_hard,ROME,SKL_d4b5e240cf96
CANS_3dcd500fd756,,Rédaction de rapports d'étude climatique,,,hard,autre_hard,ROME,SKL_75144da3e7fc
CANS_bf7d9957001e,,Utilisation de bases de données environnementales,,,hard,autre_hard,ROME,SKL_18bc9d202d43
CANS_a6668bd416ce,,Développer des algorithmes pour l'analyse de données,,,hard,autre_hard,ROME,SKL_95e621327f77
CANS_de414211b576,,Utiliser des logiciels spécifiques aux sciences humaines pour l'analyse de données,,,hard,autre_hard,ROME,SKL_0fe57d563b57
CANS_91458c98dc09,,Concevoir des algorithmes d'apprentissage automatique,,,hard,autre_hard,ROME,SKL_d6004c4b15d0
CANS_9089172ce07d,,Optimiser les performances des systèmes d'IA,,,hard,autre_hard,ROME,SKL_ab3e5a571c28
CANS_6235e834f531,,Développer des modèles prédictifs pour l'analyse de données,,,hard,autre_hard,ROME,SKL_021d6b0c3f47
CANS_3fcb9ca51d1d,,Implémenter des solutions d'IA dans des environnements de production,,,hard,autre_hard,ROME,SKL_8fb1fb775192
CANS_7428fc11c27d,,Analyser les besoins des clients pour proposer des solutions d'IA adaptées,,,hard,autre_hard,ROME,SKL_a21ff6cc6f9f
CANS_3bf0fc4574a5,,Communiquer clairement les concepts d'IA aux parties prenantes non techniques,,,hard,autre_hard,ROME,SKL_ceb170418290
CANS_776aefe11d04,,Traiter les données de manière sécurisée et conforme,,,hard,autre_hard,ROME,SKL_9efba675d4b8
CANS_4db4031f11a5,,Tester rigoureusement les modèles d'IA avant déploiement,,,hard,autre_hard,ROME,SKL_1cae04a9a046
CANS_f102fea72d52,,Adapter les modèles d'IA aux changements de données ou de contexte,,,hard,autre_hard,ROME,SKL_2b96d00aa8be
CANS_3ef251e52b2d,,Evaluer l'impact environnemental des projets d'IA,,,hard,autre_hard,ROME,SKL_29b6afe0fe23
CANS_95d7e87e631d,,Documenter les processus et les architectures d'IA,,,hard,autre_hard,ROME,SKL_4fc850ac9260
CANS_78627f51cb35,,Assurer la maintenance et l'actualisation des systèmes d'IA,,,hard,autre_hard,ROME,SKL_e92f3a83c4ce
CANS_f218dfa175f4,,Analyser les tendances du marché pour anticiper les évolutions de l'IA,,,hard,autre_hard,ROME,SKL_4604bbc96775
CANS_1f94fd77fb45,,Collaborer avec des experts en éthique pour évaluer les projets d'IA,,,hard,autre_hard,ROME,SKL_89f40efccd38
CANS_29ff1c903ce9,,Gérer les risques associés aux technologies d'IA,,,hard,autre_hard,ROME,SKL_bf40e3edb4b3
CANS_59e4730fb37b,,Conduire des revues de code pour assurer la qualité des développements d'IA,,,hard,autre_hard,ROME,SKL_c4ab64526769
CANS_47770d377c82,,Planifier des projets d'IA en tenant compte des contraintes de temps et de budget,,,hard,autre_hard,ROME,SKL_4ba7d0f6fdbc
CANS_722bbdd5697b,,Collaboration interdisciplinaire,,,hard,autre_hard,ROME,SKL_a00490480a99
CANS_fe4bd8198796,,Adaptation des IA aux besoins spécifiques,,,hard,autre_hard,ROME,SKL_83021a94cc10
CANS_7a5e20f3f156,,Connaissance approfondie en mathématiques,,,hard,autre_hard,ROME,SKL_908d448c0cd9
CANS_b7e31002b9ce,,Développement de produits basés sur l'IA,,,hard,autre_hard,ROME,SKL_ef78408f8e24
CANS_81c9b99cfd40,,Evaluation de modèles d'IA,,,hard,autre_hard,ROME,SKL_6ac7603d5149
CANS_296c3d498287,,Intégration de systèmes d'intelligence artificielle,,,hard,autre_hard,ROME,SKL_633c1ccbbf98
CANS_6224f1d3a505,,Techniques d'optimisation pour IA,,,hard,autre_hard,ROME,SKL_46eef8ee7792
CANS_d924a7c264b9,,Utilisation de TensorFlow et PyTorch,,,hard,langage_ou_techno_nommee,ROME,SKL_01a3a6ce61a8
CANS_d8c1770dde0c,,Veille technologique en intelligence artificielle,,,hard,autre_hard,ROME,SKL_8ec29c0a61f1
CANS_1c83a6f1f86d,,Réaliser des cartes météorologiques à partir de relevés et données d'observation météo transmises,,,hard,autre_hard,ROME,SKL_ea119d4d6eb4
CANS_ed65b9ad6c5f,,Réaliser une étude d'impact environnemental,,,hard,autre_hard,ROME,SKL_d763be2a5e0f
CANS_a0c5a009d359,,Coordonner l'activité d'une équipe,,,hard,autre_hard,ROME,SKL_aba533003471
CANS_7af21b0880e8,,Planifier et suivre des opérations de maintenance,,,hard,autre_hard,ROME,SKL_8d0d5fe90735
CANS_c2eca8a30b68,,Optimiser les processus de diffusion d'information,,,hard,autre_hard,ROME,SKL_edc5a7d93557
CANS_042d752a0bd8,,Organiser des formations continues pour le personnel,,,hard,autre_hard,ROME,SKL_7c51bc76bf7f
CANS_00c8c9d1567a,,Calibrer des instruments d'observation spatiale,,,hard,autre_hard,ROME,SKL_99bbdbacdb9f
CANS_d24342666cde,,"Faire appliquer les règles de Qualité, Hygiène, Sécurité, Santé et Environnement (QHSSE)",,,hard,autre_hard,ROME,SKL_1759c3eed365
CANS_1de02b826ad2,,Evaluer les compétences et les performances du personnel,,,hard,autre_hard,ROME,SKL_5cacedd54590
CANS_91b1b78d9a32,,Valider la fiabilité des données recueillies,,,hard,autre_hard,ROME,SKL_20851d978c3f
CANS_bc15df7e9085,,Rédiger des rapports d'analyse détaillés,,,hard,autre_hard,ROME,SKL_18253c395582
CANS_9e9a71be47cc,,Coordonner les opérations journalières de la station,,,hard,autre_hard,ROME,SKL_9dab88222d7a
CANS_53df045770b7,,Développer des stratégies pour améliorer l'efficacité des opérations,,,hard,autre_hard,ROME,SKL_434cc197c252
CANS_f7efa7b29516,,Evaluer les performances des équipements météorologiques,,,hard,autre_hard,ROME,SKL_830788dff52e
CANS_befb578c1a3e,,Collaborer avec des chercheurs pour des études météorologiques,,,hard,autre_hard,ROME,SKL_6ca785692849
CANS_3bb2d00fe7bc,,Construire des partenariats avec des institutions météorologiques,,,hard,autre_hard,ROME,SKL_0c2bb426d52a
CANS_aaaf3eb1fcc2,,Argumenter pour obtenir des financements pour des projets de recherche,,,hard,autre_hard,ROME,SKL_aa2cb0dd63ed
CANS_a02e2253a0dd,,Assurer la maintenance préventive des instruments météo,,,hard,autre_hard,ROME,SKL_937498c5e244
CANS_578097d46a2e,,Techniques de modélisation,,,hard,autre_hard,ROME,SKL_6fbfc374a7f5
CANS_d6d1ebc8c4aa,,Calibration des instruments météorologiques,,,hard,autre_hard,ROME,SKL_fbba453c2a3b
CANS_5b599a6bae9d,,Collaboration avec des organismes de recherche climatique,,,hard,autre_hard,ROME,SKL_c4420bb4e159
CANS_248d0e9a9ce6,,Développement de modèles prédictifs météo,,,hard,autre_hard,ROME,SKL_a15519faeb11
CANS_75fa2f5ff2c4,,Formation sur les outils météorologiques,,,hard,autre_hard,ROME,SKL_cf9b1543b599
CANS_58ec32ee9523,,Interprétation des cartes météo,,,hard,autre_hard,ROME,SKL_87f00be90608
CANS_6aedbe3e1b78,,Maintenance des équipements de station météorologique,,,hard,autre_hard,ROME,SKL_502626fec0b3
CANS_e4cfb66066c3,,Planification opérationnelle en météorologie,,,hard,autre_hard,ROME,SKL_45d44e8c2310
CANS_91c1aca8d30d,,Rédaction de rapports météorologiques,,,hard,autre_hard,ROME,SKL_0f3defe1a1ce
CANS_964aaa8f2ded,,Surveillance des phénomènes météorologiques extrêmes,,,hard,autre_hard,ROME,SKL_252863eba08e
CANS_e7dd20741461,,Observer un phénomène météorologique,,,hard,autre_hard,ROME,SKL_ed9676272e90
CANS_935fc90a8f9c,,Traiter une information météorologique recueillie,,,hard,autre_hard,ROME,SKL_3bc53aa79455
CANS_d72432e4d879,,Interpréter les modèles de prévision météorologique,,,hard,autre_hard,ROME,SKL_37ac7b63cd23
CANS_4594c9600aeb,,Respecter les normes de sécurité dans la collecte de données,,,hard,autre_hard,ROME,SKL_08835e8d9e20
CANS_ff8a90bc18df,,Participer à des conférences internationales sur le climat,,,hard,autre_hard,ROME,SKL_9422ed3a2015
CANS_e3d88b10ceaf,,Collaborer avec des équipes internationales pour des études conjointes,,,hard,autre_hard,ROME,SKL_e2b0d285b1c3
CANS_8dcc8660e72e,,Traiter les informations liées aux conditions météorologiques,,,hard,autre_hard,ROME,SKL_f807e9cb7c46
CANS_bf28b9517614,,Se coordonner avec des équipes pour des alertes météo urgentes,,,hard,autre_hard,ROME,SKL_2cef5bf21419
CANS_fd74259790b2,,Gérer les communications avec les agences météorologiques nationales,,,hard,autre_hard,ROME,SKL_fadafdda2671
CANS_1c879aff6b40,,Préparer des rapports détaillés sur les conditions météorologiques,,,hard,autre_hard,ROME,SKL_2f01c0b88f46
CANS_35f0ccf83944,,Concevoir des outils d'analyse et de visualisation météorologique,,,hard,autre_hard,ROME,SKL_388b655dfbd1
CANS_9d8b7b9ae44f,,Gérer des projets de recherche en météorologie,,,hard,autre_hard,ROME,SKL_f6b89281826f
CANS_c7c33cf5b606,,Gérer les équipements de mesure météorologique,,,hard,autre_hard,ROME,SKL_3ee2b7dff109
CANS_af4114f60a8b,,Aérologie,,,hard,autre_hard,ROME,SKL_dbd4f8219790
CANS_cf160e53a20d,,Modélisation spatiale,,,hard,autre_hard,ROME,SKL_77e4e71835c5
CANS_39c4ed502cd7,,Interprétation des données météorologiques,,,hard,autre_hard,ROME,SKL_dfa51de72a51
CANS_192c476ff6ba,,Consultation météorologique pour les médias,,,hard,autre_hard,ROME,SKL_bf6c211101dd
CANS_4751af1cfa10,,Gestion de bases de données météorologiques,,,hard,autre_hard,ROME,SKL_163221ee9e49
CANS_5eebb83f7c51,,Interprétation des images satellite,,,hard,autre_hard,ROME,SKL_a8f8d070a558
CANS_dd2cec30f857,,Utilisation de logiciels de prévision météo,,,hard,autre_hard,ROME,SKL_a3275c628bfb
CANS_72dbf2c3b3fa,,Utilisation de satellites météorologiques,,,hard,autre_hard,ROME,SKL_1f140516e267
CANS_26d53559e6b9,,"Déterminer des composants d'architecture, des technologies, des équipements, des outils supports et les intégrer selon les spécifications",,,hard,autre_hard,ROME,SKL_fec3a9d03360
CANS_0d356502b7b9,,Mettre à jour les logiciels des systèmes embarqués,,,hard,autre_hard,ROME,SKL_922d42c2dedb
CANS_12eca5f3169b,,Optimiser l'interface utilisateur des systèmes,,,hard,autre_hard,ROME,SKL_023231f98cae
CANS_cadc28c2dc5e,,Concevoir des architectures de systèmes embarqués,,,hard,autre_hard,ROME,SKL_d2791c62fb84
CANS_bc6172ab48d4,,Développer des logiciels pour systèmes embarqués,,,hard,autre_hard,ROME,SKL_a6474f86a573
CANS_eba70a25009f,,Tester et valider des systèmes embarqués,,,hard,autre_hard,ROME,SKL_dd5c21f8c8f1
CANS_e38170982e24,,Assurer la compatibilité des systèmes embarqués avec différents matériels,,,hard,autre_hard,ROME,SKL_a44cf19cd35a
CANS_6c17194b2d22,,Analyser les besoins clients pour des solutions embarquées,,,hard,autre_hard,ROME,SKL_804b26927680
CANS_d55e8fcb9e9b,,Superviser des équipes de développement de systèmes embarqués,,,hard,autre_hard,ROME,SKL_f583a92b376a
CANS_d71b7ea05c3f,,Mettre en place des protocoles de sécurité pour systèmes embarqués,,,hard,autre_hard,ROME,SKL_efa5240f289f
CANS_f13237e603b0,,Réaliser des études de faisabilité pour nouveaux projets embarqués,,,hard,autre_hard,ROME,SKL_5c540b99dda9
CANS_ba0f8019cc29,,Collaborer avec des fournisseurs pour des composants de systèmes,,,hard,autre_hard,ROME,SKL_b53928633224
CANS_fe7198288b9b,,Respecter les normes industrielles dans la conception embarquée,,,hard,autre_hard,ROME,SKL_f6810b777982
CANS_0b9b5836e50e,,Logiciels de conception ou dessin assisté par ordinateur (CAO/DAO),,,hard,autre_hard,ROME,SKL_73594fefb957
CANS_6b33cf704ae8,,Analyse des besoins clients pour systèmes embarqués,,,hard,autre_hard,ROME,SKL_8c1091e95f6e
CANS_99bba118864e,,"Connaissance des bus de communication (CAN, SPI, I2C)",,,hard,autre_hard,ROME,SKL_856f9169a564
CANS_66cbf94288a0,,Connaissance des microcontrôleurs,,,hard,autre_hard,ROME,SKL_4b256901d4da
CANS_1db6b77b8e68,,Débogage de systèmes embarqués,,,hard,autre_hard,ROME,SKL_64048656c2cd
CANS_e1486af8881b,,Documentation technique pour systèmes embarqués,,,hard,autre_hard,ROME,SKL_04696a2d9c69
CANS_d9bb573ac63e,,Gestion des versions de logiciels embarqués,,,hard,autre_hard,ROME,SKL_d5626496b02c
CANS_5563c12765fd,,Respect des normes de qualité et de sécurité,,,hard,autre_hard,ROME,SKL_9008434011a3
CANS_651240cd3136,,Ingénieur diplômé de l'école d'ingénieurs Denis-Diderot de l'université Paris Cité spécialité systèmes informatiques embarqués,,,hard,autre_hard,ROME,SKL_3b600e46bcd0
CANS_ee0a6fcaa1f7,,Ingénieur diplômé de l'école nationale supérieure de techniques avancées Bretagne spécialité systèmes embarqués,,,hard,autre_hard,ROME,SKL_0d92ab426fc0
CANS_3ce46cd970f7,,"Ingénieur diplômé de l'école nationale supérieure d'électronique, informatique, télécommunications, mathématique et mécanique de Bordeaux de l'institut polytechnique de Bordeaux spécialité systèmes électroniques embarqués",,,hard,autre_hard,ROME,SKL_5a4cd098e246
CANS_08570bbc0de8,,Ingénieur diplômé de l'école nationale supérieure des mines de Saint-Etienne de l'institut Mines-Télécom spécialité systèmes électroniques embarqués,,,hard,autre_hard,ROME,SKL_1c02bcdd82e8
CANS_325c3dbb5683,,Ingénieur diplômé de l'école polytechnique universitaire de l'université Côte d'Azur spécialité électronique et systèmes embarqués,,,hard,autre_hard,ROME,SKL_c3de67f44490
CANS_7053a4d412fd,,Ingénieur diplômé de l'école polytechnique universitaire de l'université de Lille spécialité systèmes embarqués et génie électrique,,,hard,autre_hard,ROME,SKL_8198aad0f3c3
CANS_33e5fc073281,,Ingénieur diplômé de l'institut des sciences et techniques des Yvelines de l'université de Versailles-Saint-Quentin en Yvelines spécialité systèmes électroniques embarqués,,,hard,autre_hard,ROME,SKL_905305d7ccd4
CANS_199c8e54950f,,Ingénieur diplômé du CESI spécialité systèmes électriques et électroniques embarqués,,,hard,autre_hard,ROME,SKL_3d99d83fc255
CANS_1cd6689a6422,,Etudier des caractéristiques de neiges et de manteaux neigeux et évaluer des risques d'avalanches,,,hard,autre_hard,ROME,SKL_e36a20b1a0c9
CANS_7f597e110237,,Mettre en œuvre des initiatives écologiques pour réduire l'impact environnemental,,,hard,autre_hard,ROME,SKL_ab17d95ce475
CANS_b7ccaf0d1167,,Optimiser l'utilisation des équipements de surveillance météorologique,,,hard,autre_hard,ROME,SKL_a2e617df5b23
CANS_461dd6994d7e,,Optimiser les méthodes de collecte de données météo,,,hard,autre_hard,ROME,SKL_16137d5985e5
CANS_51c634ba8bbc,,Océanographie,,,hard,autre_hard,ROME,SKL_4e80c4264e1c
CANS_65c7763f40e2,,Perturbations tropicales,,,hard,autre_hard,ROME,SKL_f228577f64fc
CANS_b5d4a35e58ed,,Analyse de données spatiales,,,hard,autre_hard,ROME,SKL_3b1e726baeaa
CANS_513cf2f54ad4,,Gestion de projets météorologiques,,,hard,autre_hard,ROME,SKL_a6e3ed8a7ccf
CANS_fc4801763ceb,,Préparation de bulletins météorologiques,,,hard,autre_hard,ROME,SKL_b588c1cf543e
CANS_e882ed8bdc37,,Surveillance des conditions climatiques,,,hard,autre_hard,ROME,SKL_87baa40f3819
CANS_81c028a6d2d5,,Intégrer un Système de Gestion de Base de Données - SGBD -,,,hard,autre_hard,ROME,SKL_99a9fd27a381
CANS_4c849e4fb6ac,,Installer des éléments de contrôle d'accès,,,hard,autre_hard,ROME,SKL_770bebfe9c52
CANS_f525923c9f93,,"Stocker et organiser des données (gestionnaire de fichiers, espace de stockage en ligne, bases de données...)",,,hard,autre_hard,ROME,SKL_acaceda5e792
CANS_c32ba8b18db3,,Saisir ou faire saisir les données recueillies dans la base de données,,,hard,autre_hard,ROME,SKL_d462f0c492c3
CANS_dd1903fe7d3a,,Utiliser de manière pertinente et efficace des logiciels de base de données et la suite Office,,,hard,autre_hard,ROME,SKL_4d9a1fe6893e
CANS_dcba88bc26a2,,Collaborer avec des équipes de développement,,,hard,autre_hard,ROME,SKL_5a3ccfa1588c
CANS_ae26f7c7c846,,Assurer la formation continue de l'équipe sur les nouvelles technologies,,,hard,autre_hard,ROME,SKL_b76d4791eca8
CANS_bb629cba45af,,Mettre en place des politiques de sécurité pour protéger les données,,,hard,autre_hard,ROME,SKL_10d1f76cb432
CANS_541285c1614e,,Surveiller les performances du système de gestion de bases de données,,,hard,autre_hard,ROME,SKL_03fd4230bd61
CANS_0a07fe8028f2,,Diagnostiquer et résoudre les problèmes liés aux bases de données,,,hard,autre_hard,ROME,SKL_7ffe176b2efa
CANS_a8e30b6c2099,,Evaluer l'utilisation des données pour recommander des améliorations,,,hard,autre_hard,ROME,SKL_0530c9132672
CANS_6a4634af439c,,Configurer des réplications de données pour assurer la disponibilité,,,hard,autre_hard,ROME,SKL_4a25a5507f86
CANS_c1d98ef691cf,,Analyser les tendances des données pour anticiper les besoins futurs,,,hard,autre_hard,ROME,SKL_cb5035db83b0
CANS_6ca82c939e22,,Elaborer des stratégies de partitionnement des données pour optimiser les performances,,,hard,autre_hard,ROME,SKL_a1d9f4c3181c
CANS_44f01d2d4524,,Planifier les capacités de stockage pour répondre aux exigences futures,,,hard,autre_hard,ROME,SKL_b870ea25b94d
CANS_0db05a7b352a,,Surveiller les évolutions technologiques pour maintenir les systèmes à jour,,,hard,autre_hard,ROME,SKL_66ccb839c89a
CANS_1325d8a858e6,,Connaissance des solutions de manipulation des données ETL/LET,,,hard,autre_hard,ROME,SKL_e987ba74c03d
CANS_6f854425818a,,Optimisation de l'espace et des ressources,,,hard,autre_hard,ROME,SKL_559026e6f8a1
CANS_256ae91ac576,,Gestion des systèmes de contrôle d'accès,,,hard,autre_hard,ROME,SKL_cda8dce6c199
CANS_6d9d3a000af9,,Audit de sécurité des bases de données,,,hard,autre_hard,ROME,SKL_e4f6776670e8
CANS_236478fdb061,,Formation des utilisateurs sur les bases de données,,,hard,autre_hard,ROME,SKL_d105c94f63c8
CANS_915203cc021a,,Gestion de la migration des données,,,hard,autre_hard,ROME,SKL_efc3f602a151
CANS_f0202070ef29,,Gestion des utilisateurs et des permissions,,,hard,autre_hard,ROME,SKL_2ff8f0d04876
CANS_d563092d3e72,,Maintenance préventive des bases de données,,,hard,autre_hard,ROME,SKL_3927d7d9ec72
CANS_a34fbba51c2f,,Mise en place de réplications de données,,,hard,autre_hard,ROME,SKL_4ab1737fd5c0
CANS_772567f39e28,,Optimisation des requêtes SQL,,,hard,langage_ou_techno_nommee,ROME,SKL_377133ba8c01
CANS_6c6e6eaf3b4d,,"Recueillir et qualifier les données, signaux, mesures, images, transmis ou émis",,,hard,autre_hard,ROME,SKL_4d97580b352f
CANS_01475e5cc3b5,,Cartographier des données,,,hard,autre_hard,ROME,SKL_785d8336bb00
CANS_8acf29b36981,,Développer des systèmes d'aide à la décision,,,hard,autre_hard,ROME,SKL_0629aafc384b
CANS_b4b1e709e9d9,,Collecter sur le terrain des données de l'implantation existante ou du site à aménager,,,hard,autre_hard,ROME,SKL_71d973bb96e0
CANS_d5f1e1b9cdc2,,"Identifier les lieux, se repérer dans l'espace",,,hard,autre_hard,ROME,SKL_9fe999659c90
CANS_457d43ba8b5f,,Gérer et alimenter des bases de données réglementaires internes et externes,,,hard,autre_hard,ROME,SKL_2ec9ae93cfca
CANS_6e92e525b58c,,"Gérer et traiter des données (recherche, recueil, analyse, priorisation, diffusion, classement, suivi)",,,hard,autre_hard,ROME,SKL_3d3cd1e79f73
CANS_d1cab6296877,,Valider les méthodes de collecte de données,,,hard,autre_hard,ROME,SKL_9154c7611874
CANS_25c96a893940,,Développer des stratégies de collecte d'informations,,,hard,autre_hard,ROME,SKL_d6ce08db917b
CANS_3c0ef19b717c,,Veiller à la protection des données et des informations sensibles,,,hard,autre_hard,ROME,SKL_69a246311430
CANS_0d7be8bb1b90,,Synthétiser des informations complexes,,,hard,autre_hard,ROME,SKL_79ef97eba08b
CANS_817a2a7dec3d,,Optimiser les flux d'informations pour la prise de décision,,,hard,autre_hard,ROME,SKL_bfb24ca65a71
CANS_912abc82b7fa,,Recueillir des informations de terrain,,,hard,autre_hard,ROME,SKL_81862235958a
CANS_95809ccca66c,,Utiliser des logiciels spécialisés pour l'analyse des données,,,hard,autre_hard,ROME,SKL_07862260485b
CANS_e76e6dc5edaf,,Organiser des sessions de collecte de données,,,hard,autre_hard,ROME,SKL_f04708559097
CANS_796816f2b4e2,,Former les équipes à l'utilisation des outils de données,,,hard,autre_hard,ROME,SKL_54f6b50277a8
CANS_50a504118f4b,,Savoir analyser le terrain,,,hard,autre_hard,ROME,SKL_f967c64a2993
CANS_4f39ab12c8c7,,Analyser les besoins des utilisateurs pour la création de systèmes d'information géographique,,,hard,autre_hard,ROME,SKL_7e3327e4429c
CANS_7912b6b62c4c,,Optimiser les processus de collecte de données géographiques,,,hard,autre_hard,ROME,SKL_7ea5a154269b
CANS_e9c43b8a3ce5,,Assurer la maintenance et la mise à jour des systèmes d'information géographique,,,hard,autre_hard,ROME,SKL_9258cd501a90
CANS_b78e6f16675b,,Intégrer des solutions de géolocalisation dans des applications mobiles,,,hard,autre_hard,ROME,SKL_c692bf173984
CANS_0edb7d53c500,,Développer des interfaces utilisateur pour des applications de cartographie,,,hard,autre_hard,ROME,SKL_6ccb4465d784
CANS_3e361ee15db4,,Créer des visualisations de données géographiques complexes,,,hard,autre_hard,ROME,SKL_5508dc591d8b
CANS_77eacdb2c59d,,Implémenter des protocoles de sécurité pour les données géospatiales,,,hard,autre_hard,ROME,SKL_15a9a41acb14
CANS_9540e4230455,,Réaliser des analyses spatiales pour des études environnementales,,,hard,autre_hard,ROME,SKL_4250c6934cb5
CANS_23918e07dd62,,Conduire des études de terrain pour valider des données géographiques,,,hard,autre_hard,ROME,SKL_e1b466db33ad
CANS_1e9d9a279894,,Publier et diffuser des jeux de données sur des plateformes d'open data,,,hard,autre_hard,ROME,SKL_11cd1479527e
CANS_7d3fa0aa94e0,,Interprétation de données géospatiales,,,hard,autre_hard,ROME,SKL_d8682e0be4bc
CANS_58e43ae53aa8,,Gestion de bases de données spatiales,,,hard,autre_hard,ROME,SKL_f26e3dbd4ea8
CANS_794ebb8db115,,Cartographie numérique,,,hard,autre_hard,ROME,SKL_0188cd654e47
CANS_4353e2b0276e,,Programmation Python pour l'analyse spatiale,,,hard,langage_ou_techno_nommee,ROME,SKL_e3debbaa944b
CANS_4881baf6d4f4,,Conception de systèmes d'information géographique,,,hard,autre_hard,ROME,SKL_d4ad150c0dd3
CANS_0bd94b730017,,Gestion de projets SIG,,,hard,autre_hard,ROME,SKL_1552510fd67d
CANS_cc49271061d5,,Analyse de réseau géospatial,,,hard,autre_hard,ROME,SKL_e9e683d1dd35
CANS_5603f82154ad,,Surveillance environnementale par SIG,,,hard,autre_hard,ROME,SKL_1644201ef8ca
CANS_a6ad5d52dfa9,,Détection de changements par images satellites,,,hard,autre_hard,ROME,SKL_68b5fc301a6c
CANS_8d9ff13d8b42,,Analyse de terrain par SIG,,,hard,autre_hard,ROME,SKL_51c88abccb38
CANS_5a146ebc63d5,,Gestion des ressources naturelles par SIG,,,hard,autre_hard,ROME,SKL_4532a74625e5
CANS_33f66c2796ef,,Suivi de la couverture terrestre,,,hard,autre_hard,ROME,SKL_f87581a3b6fb
CANS_0a2fbb36bc57,,Analyse démographique par SIG,,,hard,autre_hard,ROME,SKL_ecab0bdbcfd9
CANS_a999067ebc3d,,Planification des transports par SIG,,,hard,autre_hard,ROME,SKL_ef5263cfbe74
CANS_71eb36821122,,Gestion des catastrophes naturelles par SIG,,,hard,autre_hard,ROME,SKL_230b78020b05
CANS_feea28b69eff,,"Réaliser les mesures et les analyses, identifier des non-conformités et réaliser des ajustements techniques",,,hard,autre_hard,ROME,SKL_81fa72d76abb
CANS_abc215bf57be,,"Planifier et interpréter la réalisation des mesures, analyses et des résultats",,,hard,autre_hard,ROME,SKL_4cafc51e696c
CANS_5981120531e3,,Valider les résultats de mesures et d'analyses,,,hard,autre_hard,ROME,SKL_400f44e53aca
CANS_a593a49d2894,,Communiquer un diagnostic sur des risques environnementaux ou sanitaires,,,hard,autre_hard,ROME,SKL_b8be5a20ffab
CANS_290d505987bd,,Concevoir des protocoles d'analyses,,,hard,autre_hard,ROME,SKL_d43d3763a3d1
CANS_c44d24790c36,,Préconiser des mesures environnementales,,,hard,autre_hard,ROME,SKL_1b93c03fc315
CANS_21c363c00292,,Mettre en oeuvre les processus et les modes opératoires techniques,,,hard,autre_hard,ROME,SKL_d2bf31b4f6e9
CANS_c8e6db41a506,,Appliquer un cadre juridique ou réglementaire,,,hard,autre_hard,ROME,SKL_0c9df434379e
CANS_a25f4f454cb8,,Analyser une situation et produire un diagnostic,,,hard,autre_hard,ROME,SKL_e4211d93f14a
CANS_1c7d134145ef,,Réduire l'empreinte environnementale de son activité,,,hard,autre_hard,ROME,SKL_683036eeefe2
CANS_f8dec1562b08,,Assurer la traçabilité et la conformité des données environnementales,,,hard,autre_hard,ROME,SKL_e6aeee7fe473
CANS_ba237e806dc8,,"Assurer une veille réglementaire et normative spécifique au secteur télécoms (green it, directives européennes, rgpdetc.) et des standards sectoriels",,,hard,autre_hard,ROME,SKL_214a93e87667
CANS_d49198d982e2,,"Collecter, structurer et analyser des données environnementales complexes",,,hard,autre_hard,ROME,SKL_27b85aa44f76
CANS_185c122c20d8,,"Contribuer à l'écoconception ou à l'amélioration environnementale des produits et services télécoms, concevoir de nouveaux produits ou des améliorations produits",,,hard,autre_hard,ROME,SKL_259ccfdda646
CANS_b86de5053e7b,,Contrôler l'état et l'étalonnage des outils et instruments de mesure environnementale utilisés dans les télécoms,,,hard,autre_hard,ROME,SKL_a14df9dc52f9
CANS_aaf48b255a96,,Présenter et argumenter les évolutions de protocoles d'analyse environnementale et de procédures qualité,,,hard,autre_hard,ROME,SKL_4749e5307277
CANS_9f70bb8d7f80,,"Respecter les règles de qualité, sécurité et environnement (qse)",,,hard,autre_hard,ROME,SKL_f4141b0e7026
CANS_778f0e8ec543,,"Utiliser des logiciels spécialisés (simapro, openlca, gabi...) appliquer les normes iso 14040/44 pour modéliser et interpréter les impacts environnementaux spécifiques aux équipements et services télécoms",,,hard,autre_hard,ROME,SKL_be76caa79963
CANS_25f67a611401,,Interprétation de mesures physiques,,,hard,autre_hard,ROME,SKL_f901cd309216
CANS_36aa2ad16d0d,,Analyse de cycle de vie,,,hard,autre_hard,ROME,SKL_b9b4f1951a74
CANS_38f998b9e514,,Eco-conception,,,hard,autre_hard,ROME,SKL_c88757d3d502
CANS_b45d0a55ab32,,Etude d'impact environnemental,,,hard,autre_hard,ROME,SKL_30d75c147da7
CANS_121dbaa5f862,,Master mention droit de l'environnement,,,hard,autre_hard,ROME,SKL_b9448448a411
CANS_f0a6b013935f,,"Architectures et équipements télécoms (réseaux mobiles, fibre, data centers, terminaux)",,,hard,autre_hard,ROME,SKL_bcc0d57ee462
CANS_0e7b88730a97,,"Cadre réglementaire environnemental (ex : CSRD, SBTi, GHG Protocol)",,,hard,autre_hard,ROME,SKL_5dd12d8ea888
CANS_b792c8e0421d,,Chimie des matériaux,,,hard,autre_hard,ROME,SKL_4244793d4361
CANS_093a2db4d766,,"Outils et méthodes d'Analyse de Cycle de Vie (ACV) et d'éco-conception (ex : SimaPro, OpenLCA, GaBi, méthodes ISO 14040/44)",,,hard,autre_hard,ROME,SKL_8f50146dc884
CANS_452d8f127ba6,,Déchets électroniques,,,hard,autre_hard,ROME,SKL_d5e400c74007
CANS_78e636b579c2,,Ingénieur diplômé de l'université Paris 13 spécialité télécommunications et réseaux,,,hard,autre_hard,ROME,SKL_e1bdc02c3c35
