parent_entity_id,child_entity_id,entity_kind,relation_type,source
OCC_0343b7108f76,OCC_f7d6c0b45919,occupation,broader_than,ISCO
OCC_0343b7108f76,OCC_e7f39b2bf662,occupation,broader_than,ISCO
OCC_0343b7108f76,OCC_46eb90a6f0f3,occupation,broader_than,ISCO
OCC_0343b7108f76,OCC_ba356122f8a5,occupation,broader_than,ISCO
OCC_0343b7108f76,OCC_b1fcf8e1ad43,occupation,broader_than,ISCO
OCC_9714e20ff583,OCC_438689ba7681,occupation,broader_than,ISCO
OCC_9714e20ff583,OCC_b53bbd7b9fd5,occupation,broader_than,ISCO
OCC_9714e20ff583,OCC_2fd5072bedbe,occupation,broader_than,ISCO
OCC_9714e20ff583,OCC_a8c29a3b5a18,occupation,broader_than,ISCO
OCC_94fe8f91f6a8,OCC_2de9a6c386bc,occupation,broader_than,ISCO
OCC_94fe8f91f6a8,OCC_77edcdb23a49,occupation,broader_than,ISCO
OCC_94fe8f91f6a8,OCC_5bdaba98cc31,occupation,broader_than,ISCO
OCC_94fe8f91f6a8,OCC_7f0cc11c2a49,occupation,broader_than,ISCO
OCC_90f8460e826f,OCC_26254ee56561,occupation,broader_than,ISCO
OCC_90f8460e826f,OCC_9da9ccc54bc6,occupation,broader_than,ISCO
OCC_d6d07c8d8ce0,OCC_0343b7108f76,occupation,broader_than,ISCO
OCC_d6d07c8d8ce0,OCC_9714e20ff583,occupation,broader_than,ISCO
OCC_4149bd1bbf1b,OCC_94fe8f91f6a8,occupation,broader_than,ISCO
OCC_4149bd1bbf1b,OCC_90f8460e826f,occupation,broader_than,ISCO
OCC_a8c29a3b5a18,OCC_a0cecf937326,occupation,broader_than,ESCO
OCC_e7f39b2bf662,OCC_6b1c7257ba1b,occupation,broader_than,ESCO
OCC_26254ee56561,OCC_d1c91c3f5320,occupation,broader_than,ESCO
OCC_f7d6c0b45919,OCC_535421ae1e2c,occupation,broader_than,ESCO
OCC_46eb90a6f0f3,OCC_0ee16ac6947b,occupation,broader_than,ESCO
OCC_b1fcf8e1ad43,OCC_1fbb1e6392b6,occupation,broader_than,ESCO
OCC_a8c29a3b5a18,OCC_46b37f0135cb,occupation,broader_than,ESCO
OCC_a8c29a3b5a18,OCC_8b508c20ce1d,occupation,broader_than,ESCO
OCC_26254ee56561,OCC_6dc1b627155d,occupation,broader_than,ESCO
OCC_b1fcf8e1ad43,OCC_cbee4548194c,occupation,broader_than,ESCO
OCC_f7d6c0b45919,OCC_89f4b0de8aeb,occupation,broader_than,ESCO
OCC_b1fcf8e1ad43,OCC_3e502e92822a,occupation,broader_than,ESCO
OCC_77edcdb23a49,OCC_127c8b092532,occupation,broader_than,ESCO
OCC_438689ba7681,OCC_c7ddb7ad3c99,occupation,broader_than,ESCO
OCC_f7d6c0b45919,OCC_991dd4068ca0,occupation,broader_than,ESCO
OCC_a8c29a3b5a18,OCC_b0446201413b,occupation,broader_than,ESCO
OCC_f7d6c0b45919,OCC_7d1a8b2ea390,occupation,broader_than,ESCO
OCC_f7d6c0b45919,OCC_43a86b759733,occupation,broader_than,ESCO
OCC_26254ee56561,OCC_fa827183f8af,occupation,broader_than,ESCO
OCC_e7f39b2bf662,OCC_a4f72755e1ad,occupation,broader_than,ESCO
OCC_f7d6c0b45919,OCC_7bde92a813dd,occupation,broader_than,ESCO
OCC_a8c29a3b5a18,OCC_3ea9dcd66347,occupation,broader_than,ESCO
OCC_f7d6c0b45919,OCC_01372aeb8cb5,occupation,broader_than,ESCO
OCC_ba356122f8a5,OCC_60d10ff7dab8,occupation,broader_than,ESCO
OCC_e7f39b2bf662,OCC_96b5d34f1d58,occupation,broader_than,ESCO
OCC_b1fcf8e1ad43,OCC_234bb9d3e7c0,occupation,broader_than,ESCO
OCC_e7f39b2bf662,OCC_ff4e73f258e8,occupation,broader_than,ESCO
OCC_f7d6c0b45919,OCC_80660e3c36ff,occupation,broader_than,ESCO
OCC_26254ee56561,OCC_44244775ffc6,occupation,broader_than,ESCO
OCC_b1fcf8e1ad43,OCC_b12363d00856,occupation,broader_than,ESCO
OCC_438689ba7681,OCC_69eaea4542b3,occupation,broader_than,ESCO
OCC_77edcdb23a49,OCC_14d19ed15436,occupation,broader_than,ESCO
OCC_2fd5072bedbe,OCC_e1b1773585de,occupation,broader_than,ESCO
OCC_ba356122f8a5,OCC_e1899e09057e,occupation,broader_than,ESCO
OCC_26254ee56561,OCC_2fff9f5f7342,occupation,broader_than,ESCO
OCC_f7d6c0b45919,OCC_697bbd77a746,occupation,broader_than,ESCO
OCC_26254ee56561,OCC_a0619cde9492,occupation,broader_than,ESCO
OCC_b1fcf8e1ad43,OCC_3e265a77afe1,occupation,broader_than,ESCO
OCC_b1fcf8e1ad43,OCC_b46ed0bc22d0,occupation,broader_than,ESCO
OCC_ba356122f8a5,OCC_47055aec8572,occupation,broader_than,ESCO
OCC_5bdaba98cc31,OCC_8d3f855bfe60,occupation,broader_than,ESCO
OCC_b1fcf8e1ad43,OCC_59802a0ba34e,occupation,broader_than,ESCO
OCC_5bdaba98cc31,OCC_f609b6bc11bf,occupation,broader_than,ESCO
OCC_e7f39b2bf662,OCC_af0b4023ea6c,occupation,broader_than,ESCO
OCC_ba356122f8a5,OCC_9f67438781d4,occupation,broader_than,ESCO
OCC_f7d6c0b45919,OCC_106b6f022c02,occupation,broader_than,ESCO
OCC_26254ee56561,OCC_dfd91b9dccd4,occupation,broader_than,ESCO
OCC_b1fcf8e1ad43,OCC_7c028d934ec6,occupation,broader_than,ESCO
OCC_b1fcf8e1ad43,OCC_23fda8338d1e,occupation,broader_than,ESCO
OCC_26254ee56561,OCC_e25ca0e0dbaa,occupation,broader_than,ESCO
OCC_b1fcf8e1ad43,OCC_65c02430a9d6,occupation,broader_than,ESCO
OCC_a8c29a3b5a18,OCC_68dccaf6a895,occupation,broader_than,ESCO
OCC_a8c29a3b5a18,OCC_9113c1374afd,occupation,broader_than,ESCO
OCC_e7f39b2bf662,OCC_02a46f9d3b88,occupation,broader_than,ESCO
OCC_f7d6c0b45919,OCC_04bac78229be,occupation,broader_than,ESCO
OCC_26254ee56561,OCC_5240fa0b028e,occupation,broader_than,ESCO
OCC_a8c29a3b5a18,OCC_e29ace1e3e50,occupation,broader_than,ESCO
OCC_b53bbd7b9fd5,OCC_07647950ddea,occupation,broader_than,ESCO
OCC_e7f39b2bf662,OCC_c089ec2388cd,occupation,broader_than,ESCO
OCC_438689ba7681,OCC_759562b3dd51,occupation,broader_than,ESCO
OCC_438689ba7681,OCC_65014a542c78,occupation,broader_than,ESCO
OCC_46eb90a6f0f3,OCC_340f51445866,occupation,broader_than,ESCO
OCC_2de9a6c386bc,OCC_9c9233e004da,occupation,broader_than,ESCO
OCC_b53bbd7b9fd5,OCC_e28a715b58e4,occupation,broader_than,ESCO
OCC_b53bbd7b9fd5,OCC_6cb6d62106d9,occupation,broader_than,ESCO
OCC_46eb90a6f0f3,OCC_554c5e421f89,occupation,broader_than,ESCO
OCC_b1fcf8e1ad43,OCC_b01b8def641d,occupation,broader_than,ESCO
OCC_77edcdb23a49,OCC_47b1b32e81f9,occupation,broader_than,ESCO
OCC_26254ee56561,OCC_b0371a36c909,occupation,broader_than,ESCO
OCC_f7d6c0b45919,OCC_20596f0afee7,occupation,broader_than,ESCO
OCC_46eb90a6f0f3,OCC_aa3336017d8a,occupation,broader_than,ESCO
OCC_f7d6c0b45919,OCC_a1ea51659e23,occupation,broader_than,ESCO
OCC_a8c29a3b5a18,OCC_0464755fe4e8,occupation,broader_than,ESCO
OCC_26254ee56561,OCC_6b47842f318d,occupation,broader_than,ESCO
OCC_77edcdb23a49,OCC_708b91f0f734,occupation,broader_than,ESCO
OCC_438689ba7681,OCC_11d84dbfc1bc,occupation,broader_than,ESCO
OCC_f7d6c0b45919,OCC_30549a5affd9,occupation,broader_than,ESCO
OCC_ba356122f8a5,OCC_28d6f1c634d8,occupation,broader_than,ESCO
OCC_ba356122f8a5,OCC_cd04c9fb1a40,occupation,broader_than,ESCO
OCC_f7d6c0b45919,OCC_af41616819b5,occupation,broader_than,ESCO
OCC_46eb90a6f0f3,OCC_3b83c3012cf7,occupation,broader_than,ESCO
OCC_ba356122f8a5,OCC_5bfe9fc9c093,occupation,broader_than,ESCO
OCC_e7f39b2bf662,OCC_c79207b250ca,occupation,broader_than,ESCO
OCC_f7d6c0b45919,OCC_7d8d0e4e5d42,occupation,broader_than,ESCO
OCC_2fd5072bedbe,OCC_6836ed031e87,occupation,broader_than,ESCO
OCC_e7f39b2bf662,OCC_fa1704d164c5,occupation,broader_than,ESCO
OCC_f7d6c0b45919,OCC_ccd1a82716dc,occupation,broader_than,ESCO
OCC_9da9ccc54bc6,OCC_a7160e31f31c,occupation,broader_than,ESCO
OCC_7f0cc11c2a49,OCC_1cd71aaf46fd,occupation,broader_than,ESCO
OCC_26254ee56561,OCC_70a55b7f5d0b,occupation,broader_than,ESCO
OCC_2fd5072bedbe,OCC_bd1d7a63edf2,occupation,broader_than,ESCO
OCC_f7d6c0b45919,OCC_9e5778cecf8d,occupation,broader_than,ESCO
OCC_f7d6c0b45919,OCC_727ec0d8350c,occupation,broader_than,ESCO
OCC_e7f39b2bf662,OCC_e57061351bc6,occupation,broader_than,ESCO
OCC_f7d6c0b45919,OCC_7ca8931aad99,occupation,broader_than,ESCO
OCC_f7d6c0b45919,OCC_0a3ba0a2e348,occupation,broader_than,ESCO
OCC_26254ee56561,OCC_c5ff6e8a57aa,occupation,broader_than,ESCO
SKL_95cef25b821f,SKL_3e8275119d50,skill,broader_than,ESCO_SKILLS
SKL_cdee588f84aa,SKL_5dc382df1438,skill,broader_than,ESCO_SKILLS
SKL_1453ea0b57fd,SKL_3f9f22b21c7f,skill,broader_than,ESCO_SKILLS
SKL_95cef25b821f,SKL_c4640fe55575,skill,broader_than,ESCO_SKILLS
SKL_a3c4676f849b,SKL_f3626780c907,skill,broader_than,ESCO_SKILLS
SKL_c2370a8d0ae1,SKL_aaa07ffaa309,skill,broader_than,ESCO_SKILLS
SKL_c3874fe564df,SKL_19aeb7cb73b2,skill,broader_than,ESCO_SKILLS
SKL_848713e2923c,SKL_0bdc80704838,skill,broader_than,ESCO_SKILLS
SKL_8f951812d27f,SKL_8137328e7791,skill,broader_than,ESCO_SKILLS
SKL_d8f0765c1c31,SKL_38d8f380447f,skill,broader_than,ESCO_SKILLS
SKL_cea699b59583,SKL_ba87b921382f,skill,broader_than,ESCO_SKILLS
SKL_20b19108d741,SKL_1c64576763e5,skill,broader_than,ESCO_SKILLS
SKL_95c40cdd51f6,SKL_3fcb664d84fd,skill,broader_than,ESCO_SKILLS
SKL_20b19108d741,SKL_ac3d1669004c,skill,broader_than,ESCO_SKILLS
SKL_95cef25b821f,SKL_06308bef515a,skill,broader_than,ESCO_SKILLS
SKL_1cb698728502,SKL_0ac8a9d46706,skill,broader_than,ESCO_SKILLS
SKL_95cef25b821f,SKL_e22e3873e2aa,skill,broader_than,ESCO_SKILLS
SKL_20b19108d741,SKL_063550b14c8c,skill,broader_than,ESCO_SKILLS
SKL_309165ba639e,SKL_3f11287772f2,skill,broader_than,ESCO_SKILLS
SKL_c2370a8d0ae1,SKL_a33504a35440,skill,broader_than,ESCO_SKILLS
SKL_b9e3c5128719,SKL_46f9b42c75bd,skill,broader_than,ESCO_SKILLS
SKL_95cef25b821f,SKL_ad5527904d9f,skill,broader_than,ESCO_SKILLS
SKL_cf7c3c765da5,SKL_370980230f11,skill,broader_than,ESCO_SKILLS
SKL_77f2ba894546,SKL_c2d129835e70,skill,broader_than,ESCO_SKILLS
SKL_40adba60c444,SKL_cc2e6ec387e6,skill,broader_than,ESCO_SKILLS
SKL_20b19108d741,SKL_df1270c29978,skill,broader_than,ESCO_SKILLS
SKL_20b19108d741,SKL_9f1382e6691b,skill,broader_than,ESCO_SKILLS
SKL_e88666ea091c,SKL_beee3bf73849,skill,broader_than,ESCO_SKILLS
SKL_c2370a8d0ae1,SKL_54429feac7cb,skill,broader_than,ESCO_SKILLS
SKL_f6c7966d8dcc,SKL_c9f238de68cc,skill,broader_than,ESCO_SKILLS
SKL_20b19108d741,SKL_87d1bd84a090,skill,broader_than,ESCO_SKILLS
SKL_10fe969e1261,SKL_d8758f64df30,skill,broader_than,ESCO_SKILLS
SKL_c2370a8d0ae1,SKL_55f583e49837,skill,broader_than,ESCO_SKILLS
SKL_20b19108d741,SKL_275e26b6cba9,skill,broader_than,ESCO_SKILLS
SKL_b2aff16de2fe,SKL_f928dfa37ee7,skill,broader_than,ESCO_SKILLS
SKL_e3fbc0d4c1db,SKL_c09ce7a24a51,skill,broader_than,ESCO_SKILLS
SKL_848713e2923c,SKL_39001d5b3aea,skill,broader_than,ESCO_SKILLS
SKL_e88666ea091c,SKL_cd9a898340a1,skill,broader_than,ESCO_SKILLS
SKL_ef3949b7f79f,SKL_5225b3223466,skill,broader_than,ESCO_SKILLS
SKL_4347c571ba42,SKL_a08ea66fbd95,skill,broader_than,ESCO_SKILLS
SKL_6f8335c78a9b,SKL_1941cdd907dd,skill,broader_than,ESCO_SKILLS
SKL_a4e98ddb73ee,SKL_8b3d53b0e9ae,skill,broader_than,ESCO_SKILLS
SKL_b2aff16de2fe,SKL_f32027a81e9b,skill,broader_than,ESCO_SKILLS
SKL_1f009c8f6a48,SKL_e4e2ec90812e,skill,broader_than,ESCO_SKILLS
SKL_95cef25b821f,SKL_9e68f3a8a66f,skill,broader_than,ESCO_SKILLS
SKL_95cef25b821f,SKL_6fce2b343b90,skill,broader_than,ESCO_SKILLS
SKL_b5469bbf712d,SKL_06efd7af6dfc,skill,broader_than,ESCO_SKILLS
SKL_7cb0b95d8ecb,SKL_73124fb4add3,skill,broader_than,ESCO_SKILLS
SKL_e3fbc0d4c1db,SKL_53715a6035cb,skill,broader_than,ESCO_SKILLS
SKL_cf7c3c765da5,SKL_c763014c7d96,skill,broader_than,ESCO_SKILLS
SKL_8a4017e488ab,SKL_6df9c3907c46,skill,broader_than,ESCO_SKILLS
SKL_c2370a8d0ae1,SKL_36dcc4135ed3,skill,broader_than,ESCO_SKILLS
SKL_7cb0b95d8ecb,SKL_caa92afcdf36,skill,broader_than,ESCO_SKILLS
SKL_23085972a5e1,SKL_2e64fb93c3f2,skill,broader_than,ESCO_SKILLS
SKL_e62a3ab53efb,SKL_ed7920014102,skill,broader_than,ESCO_SKILLS
SKL_f3ca1938b8f6,SKL_31e8100afb43,skill,broader_than,ESCO_SKILLS
SKL_c331349631ea,SKL_dbaca5910e03,skill,broader_than,ESCO_SKILLS
SKL_7119eb664ab9,SKL_d98dfddbd8e1,skill,broader_than,ESCO_SKILLS
SKL_1e594f8c6e15,SKL_154aa764ece5,skill,broader_than,ESCO_SKILLS
SKL_95c40cdd51f6,SKL_2fe1bb8c91e8,skill,broader_than,ESCO_SKILLS
SKL_fd713cc9d423,SKL_ecda4ba6345b,skill,broader_than,ESCO_SKILLS
SKL_95cef25b821f,SKL_9b5584008e66,skill,broader_than,ESCO_SKILLS
SKL_95cef25b821f,SKL_962ed8d38c4e,skill,broader_than,ESCO_SKILLS
SKL_95cef25b821f,SKL_99c6f04ac23c,skill,broader_than,ESCO_SKILLS
SKL_aaabf934fad2,SKL_f8b61597f142,skill,broader_than,ESCO_SKILLS
SKL_508c5b0a1d5c,SKL_0a2f83248444,skill,broader_than,ESCO_SKILLS
SKL_9f20de910254,SKL_9e8b3c7d6f0f,skill,broader_than,ESCO_SKILLS
SKL_c3874fe564df,SKL_0382fb7b6808,skill,broader_than,ESCO_SKILLS
SKL_8f951812d27f,SKL_78988824825a,skill,broader_than,ESCO_SKILLS
SKL_2071d45dc6aa,SKL_f66d4af78875,skill,broader_than,ESCO_SKILLS
SKL_c2370a8d0ae1,SKL_93f80f560331,skill,broader_than,ESCO_SKILLS
SKL_8a4017e488ab,SKL_6d0bdba7a8b1,skill,broader_than,ESCO_SKILLS
SKL_10267c3c1eff,SKL_d00c0cbdf6af,skill,broader_than,ESCO_SKILLS
SKL_cb1978958417,SKL_f8b458719aec,skill,broader_than,ESCO_SKILLS
SKL_95cef25b821f,SKL_9cdd580294bf,skill,broader_than,ESCO_SKILLS
SKL_05763a8559a5,SKL_9486b1cb5a8f,skill,broader_than,ESCO_SKILLS
SKL_4dc55d1c0758,SKL_621054dadc59,skill,broader_than,ESCO_SKILLS
SKL_f37682de4b11,SKL_a2aeab830409,skill,broader_than,ESCO_SKILLS
SKL_848713e2923c,SKL_9055dd908bdf,skill,broader_than,ESCO_SKILLS
SKL_d8f0765c1c31,SKL_136d1d682b59,skill,broader_than,ESCO_SKILLS
SKL_20b19108d741,SKL_dd10d1a829c9,skill,broader_than,ESCO_SKILLS
SKL_1453ea0b57fd,SKL_5b3f38c82113,skill,broader_than,ESCO_SKILLS
SKL_7f78d2ca0672,SKL_4fb65747edd3,skill,broader_than,ESCO_SKILLS
SKL_8a4017e488ab,SKL_ed1c943a2742,skill,broader_than,ESCO_SKILLS
SKL_c2370a8d0ae1,SKL_59347ba99f49,skill,broader_than,ESCO_SKILLS
SKL_95cef25b821f,SKL_b22bcd60a416,skill,broader_than,ESCO_SKILLS
SKL_95cef25b821f,SKL_81d5b505c80d,skill,broader_than,ESCO_SKILLS
SKL_c2370a8d0ae1,SKL_ab670ca70003,skill,broader_than,ESCO_SKILLS
SKL_95cef25b821f,SKL_658a393bd878,skill,broader_than,ESCO_SKILLS
SKL_5c624c745d04,SKL_72d077beb76d,skill,broader_than,ESCO_SKILLS
SKL_9f20de910254,SKL_37f09f38257b,skill,broader_than,ESCO_SKILLS
SKL_c2370a8d0ae1,SKL_e09879137502,skill,broader_than,ESCO_SKILLS
SKL_2ce7334bb9c5,SKL_249ccf2ac00c,skill,broader_than,ESCO_SKILLS
SKL_848713e2923c,SKL_56358ec7d691,skill,broader_than,ESCO_SKILLS
SKL_b0431e61371b,SKL_b5cbafabb60c,skill,broader_than,ESCO_SKILLS
SKL_95cef25b821f,SKL_b5bcb2fa8e6d,skill,broader_than,ESCO_SKILLS
SKL_9cdb860e33fb,SKL_ae868395e7ed,skill,broader_than,ESCO_SKILLS
SKL_e88666ea091c,SKL_f14939dc09c4,skill,broader_than,ESCO_SKILLS
SKL_309165ba639e,SKL_3d8a8521327a,skill,broader_than,ESCO_SKILLS
SKL_0a8cc966ac29,SKL_30e56678609f,skill,broader_than,ESCO_SKILLS
SKL_c2370a8d0ae1,SKL_2160823e5269,skill,broader_than,ESCO_SKILLS
SKL_ef3949b7f79f,SKL_9286c6306295,skill,broader_than,ESCO_SKILLS
SKL_7cb0b95d8ecb,SKL_bb50b52446d2,skill,broader_than,ESCO_SKILLS
SKL_f37682de4b11,SKL_96a1e6b4ee57,skill,broader_than,ESCO_SKILLS
SKL_95c40cdd51f6,SKL_393a06e472af,skill,broader_than,ESCO_SKILLS
SKL_90aa7853e0d6,SKL_ef5d231e6260,skill,broader_than,ESCO_SKILLS
SKL_95cef25b821f,SKL_faa48d074cba,skill,broader_than,ESCO_SKILLS
SKL_c2370a8d0ae1,SKL_35c0fe31d3cc,skill,broader_than,ESCO_SKILLS
SKL_445b3ba921d0,SKL_252e8dfa3dbf,skill,broader_than,ESCO_SKILLS
SKL_8a4017e488ab,SKL_96926ab90fab,skill,broader_than,ESCO_SKILLS
SKL_e88666ea091c,SKL_7688aa622488,skill,broader_than,ESCO_SKILLS
SKL_77f2ba894546,SKL_1a9765b43218,skill,broader_than,ESCO_SKILLS
SKL_c2370a8d0ae1,SKL_ac28289e01c7,skill,broader_than,ESCO_SKILLS
SKL_4347c571ba42,SKL_5438553894f6,skill,broader_than,ESCO_SKILLS
SKL_bf0b9f662415,SKL_45e7eb8aec48,skill,broader_than,ESCO_SKILLS
SKL_69b44233a92b,SKL_45d570f6033e,skill,broader_than,ESCO_SKILLS
SKL_9f20de910254,SKL_ecd658ebb1d8,skill,broader_than,ESCO_SKILLS
SKL_c2370a8d0ae1,SKL_77f91ccfa0fc,skill,broader_than,ESCO_SKILLS
SKL_0c69b2e7a542,SKL_30384aa680c2,skill,broader_than,ESCO_SKILLS
SKL_9f20de910254,SKL_5ec88e36b011,skill,broader_than,ESCO_SKILLS
SKL_cb1978958417,SKL_91e44b7899ca,skill,broader_than,ESCO_SKILLS
SKL_9f20de910254,SKL_627ef64a8554,skill,broader_than,ESCO_SKILLS
SKL_7cb0b95d8ecb,SKL_138d3c16c190,skill,broader_than,ESCO_SKILLS
SKL_e88666ea091c,SKL_86420149ed27,skill,broader_than,ESCO_SKILLS
SKL_d04bef74edf7,SKL_362baba5cb5a,skill,broader_than,ESCO_SKILLS
SKL_ca776a7a3b8c,SKL_23352a87e7bc,skill,broader_than,ESCO_SKILLS
SKL_3cd7a0007015,SKL_d5ad7b48e431,skill,broader_than,ESCO_SKILLS
SKL_6cccbc832323,SKL_851ecd42bd1c,skill,broader_than,ESCO_SKILLS
SKL_f3ca1938b8f6,SKL_fc4eb9b88609,skill,broader_than,ESCO_SKILLS
SKL_20b19108d741,SKL_0dd7f35929a5,skill,broader_than,ESCO_SKILLS
SKL_cdee588f84aa,SKL_5fca413b3927,skill,broader_than,ESCO_SKILLS
SKL_cdee588f84aa,SKL_244c1cdeefce,skill,broader_than,ESCO_SKILLS
SKL_95cef25b821f,SKL_9fc5ffd462ae,skill,broader_than,ESCO_SKILLS
SKL_87acac1fd513,SKL_64d0c3730751,skill,broader_than,ESCO_SKILLS
SKL_8c16ca127c1f,SKL_9956fe48da2c,skill,broader_than,ESCO_SKILLS
SKL_a41501d93d27,SKL_81f56340845e,skill,broader_than,ESCO_SKILLS
SKL_cb1978958417,SKL_c89ab40dad70,skill,broader_than,ESCO_SKILLS
SKL_23085972a5e1,SKL_3942868ffc76,skill,broader_than,ESCO_SKILLS
SKL_20b19108d741,SKL_4f28193013fe,skill,broader_than,ESCO_SKILLS
SKL_95cef25b821f,SKL_07fed61b3215,skill,broader_than,ESCO_SKILLS
SKL_c2370a8d0ae1,SKL_59ede493c1cb,skill,broader_than,ESCO_SKILLS
SKL_f37682de4b11,SKL_6ddd4cf3a709,skill,broader_than,ESCO_SKILLS
SKL_4c7541ae401a,SKL_f4d0cefc6a44,skill,broader_than,ESCO_SKILLS
SKL_c2370a8d0ae1,SKL_fa6cd7a6ceb9,skill,broader_than,ESCO_SKILLS
SKL_9f20de910254,SKL_a86eac762084,skill,broader_than,ESCO_SKILLS
SKL_d8f0765c1c31,SKL_96134f8f1812,skill,broader_than,ESCO_SKILLS
SKL_6dfcac495c53,SKL_47511c703fca,skill,broader_than,ESCO_SKILLS
SKL_95cef25b821f,SKL_75fa31fda74f,skill,broader_than,ESCO_SKILLS
SKL_99b6dfb907e9,SKL_d166671fe4b5,skill,broader_than,ESCO_SKILLS
SKL_c2370a8d0ae1,SKL_9ce640be2540,skill,broader_than,ESCO_SKILLS
SKL_87acac1fd513,SKL_49cd87c36526,skill,broader_than,ESCO_SKILLS
SKL_f1dfc37ab4a2,SKL_36887aac680b,skill,broader_than,ESCO_SKILLS
SKL_4c7541ae401a,SKL_1d913cbdf27e,skill,broader_than,ESCO_SKILLS
SKL_6877a7df8f96,SKL_c3fb7706013d,skill,broader_than,ESCO_SKILLS
SKL_95cef25b821f,SKL_5d765b95544c,skill,broader_than,ESCO_SKILLS
SKL_8f951812d27f,SKL_2246c5ebfabc,skill,broader_than,ESCO_SKILLS
SKL_cf7c3c765da5,SKL_f777a42c8a7a,skill,broader_than,ESCO_SKILLS
SKL_309165ba639e,SKL_263cd844d73a,skill,broader_than,ESCO_SKILLS
SKL_9cdb860e33fb,SKL_20a60ab6f508,skill,broader_than,ESCO_SKILLS
SKL_fae7568e2548,SKL_ea666a1315e9,skill,broader_than,ESCO_SKILLS
SKL_cdee588f84aa,SKL_e16588481cd9,skill,broader_than,ESCO_SKILLS
SKL_bd6a2a4505fb,SKL_7e07fb258726,skill,broader_than,ESCO_SKILLS
SKL_95cef25b821f,SKL_22a187393619,skill,broader_than,ESCO_SKILLS
SKL_ee04c5da3db2,SKL_481bbe53b9b3,skill,broader_than,ESCO_SKILLS
SKL_ba7115f1ce76,SKL_e08d0e304efc,skill,broader_than,ESCO_SKILLS
SKL_9a32440af0e8,SKL_42c8f4b09db4,skill,broader_than,ESCO_SKILLS
SKL_80cef42d9473,SKL_a1c8e261b079,skill,broader_than,ESCO_SKILLS
SKL_9f20de910254,SKL_a6ec38a87c43,skill,broader_than,ESCO_SKILLS
SKL_8f951812d27f,SKL_d4b8526448d7,skill,broader_than,ESCO_SKILLS
SKL_848713e2923c,SKL_008e59920331,skill,broader_than,ESCO_SKILLS
SKL_78d33c554ba5,SKL_5659d789c9de,skill,broader_than,ESCO_SKILLS
SKL_d8f0765c1c31,SKL_1d9be898b4cf,skill,broader_than,ESCO_SKILLS
SKL_918d00fba481,SKL_15d6003a68bc,skill,broader_than,ESCO_SKILLS
SKL_95cef25b821f,SKL_59c64ba70b70,skill,broader_than,ESCO_SKILLS
SKL_f37682de4b11,SKL_6374fdea41cb,skill,broader_than,ESCO_SKILLS
SKL_8a4017e488ab,SKL_43d293ac99a8,skill,broader_than,ESCO_SKILLS
SKL_66180baac6e4,SKL_7ac1f1abe404,skill,broader_than,ESCO_SKILLS
SKL_2071d45dc6aa,SKL_bd3dc9b1b19e,skill,broader_than,ESCO_SKILLS
SKL_23085972a5e1,SKL_c6719c43f07e,skill,broader_than,ESCO_SKILLS
SKL_ef3bd7544220,SKL_d4b77317c825,skill,broader_than,ESCO_SKILLS
SKL_c2370a8d0ae1,SKL_dcb2d53be420,skill,broader_than,ESCO_SKILLS
SKL_8f951812d27f,SKL_f64c2563ef6a,skill,broader_than,ESCO_SKILLS
SKL_d8f0765c1c31,SKL_379bf96d5682,skill,broader_than,ESCO_SKILLS
SKL_9493d2030667,SKL_a9ac2fb5749d,skill,broader_than,ESCO_SKILLS
SKL_b547ed0b582e,SKL_cf37addf3a96,skill,broader_than,ESCO_SKILLS
SKL_e88666ea091c,SKL_dedf1948afc3,skill,broader_than,ESCO_SKILLS
SKL_e21d2bf7fe36,SKL_b4bbfe5755b9,skill,broader_than,ESCO_SKILLS
SKL_95cef25b821f,SKL_5f7aa564dfb2,skill,broader_than,ESCO_SKILLS
SKL_a41501d93d27,SKL_19432d907934,skill,broader_than,ESCO_SKILLS
SKL_95cef25b821f,SKL_4b1e0bbd899c,skill,broader_than,ESCO_SKILLS
SKL_7cb0b95d8ecb,SKL_c2ce930d35e3,skill,broader_than,ESCO_SKILLS
SKL_0c69b2e7a542,SKL_3d33fd9357b8,skill,broader_than,ESCO_SKILLS
SKL_f37682de4b11,SKL_8751a0dc5b3e,skill,broader_than,ESCO_SKILLS
SKL_7cb0b95d8ecb,SKL_1e60c0a605d3,skill,broader_than,ESCO_SKILLS
SKL_9a32440af0e8,SKL_139c1ba8356c,skill,broader_than,ESCO_SKILLS
SKL_c2370a8d0ae1,SKL_18b153db615d,skill,broader_than,ESCO_SKILLS
SKL_bd6a2a4505fb,SKL_c6689c05585a,skill,broader_than,ESCO_SKILLS
SKL_9864692bd66a,SKL_ef6255a7308a,skill,broader_than,ESCO_SKILLS
SKL_76c0a07170d5,SKL_9a3f73fe0e5c,skill,broader_than,ESCO_SKILLS
SKL_bd6a2a4505fb,SKL_a2b051fbd22d,skill,broader_than,ESCO_SKILLS
SKL_e3fbc0d4c1db,SKL_a62c8a265ae4,skill,broader_than,ESCO_SKILLS
SKL_0571f21b7421,SKL_7d2e0b1b6b4d,skill,broader_than,ESCO_SKILLS
SKL_c2370a8d0ae1,SKL_db90b8d9d02a,skill,broader_than,ESCO_SKILLS
SKL_0c69b2e7a542,SKL_de288f29553a,skill,broader_than,ESCO_SKILLS
SKL_e88666ea091c,SKL_8cca783b7e18,skill,broader_than,ESCO_SKILLS
SKL_ca776a7a3b8c,SKL_90c7e2eeaba0,skill,broader_than,ESCO_SKILLS
SKL_cea699b59583,SKL_6e0605059663,skill,broader_than,ESCO_SKILLS
SKL_54e90d682c81,SKL_e0406f8bed59,skill,broader_than,ESCO_SKILLS
SKL_4347c571ba42,SKL_a9effbb722ab,skill,broader_than,ESCO_SKILLS
SKL_95cef25b821f,SKL_af0f4e78c7a3,skill,broader_than,ESCO_SKILLS
SKL_20b19108d741,SKL_d1ef15b0a358,skill,broader_than,ESCO_SKILLS
SKL_cb1978958417,SKL_701fcbf5fa2c,skill,broader_than,ESCO_SKILLS
SKL_c2370a8d0ae1,SKL_e1b206f3f66e,skill,broader_than,ESCO_SKILLS
SKL_b90181e8b24c,SKL_100772f1588f,skill,broader_than,ESCO_SKILLS
SKL_b2aff16de2fe,SKL_929f2bc40d7c,skill,broader_than,ESCO_SKILLS
SKL_77f2ba894546,SKL_16afd0438ee4,skill,broader_than,ESCO_SKILLS
SKL_c3874fe564df,SKL_4abb95a7d8eb,skill,broader_than,ESCO_SKILLS
SKL_500694b2ae44,SKL_b5f9e8033714,skill,broader_than,ESCO_SKILLS
SKL_1453ea0b57fd,SKL_fa86dc413a7c,skill,broader_than,ESCO_SKILLS
SKL_7cb0b95d8ecb,SKL_14a0542ac51a,skill,broader_than,ESCO_SKILLS
SKL_848713e2923c,SKL_4da81ba8fc0e,skill,broader_than,ESCO_SKILLS
SKL_20b19108d741,SKL_25518c6e74b0,skill,broader_than,ESCO_SKILLS
SKL_95cef25b821f,SKL_a5bd02f3490e,skill,broader_than,ESCO_SKILLS
SKL_b809851ed24c,SKL_d8365db0bf51,skill,broader_than,ESCO_SKILLS
SKL_7cb0b95d8ecb,SKL_3887cab28790,skill,broader_than,ESCO_SKILLS
SKL_aaabf934fad2,SKL_c2d63f4be228,skill,broader_than,ESCO_SKILLS
SKL_0c69b2e7a542,SKL_a06ae49b7664,skill,broader_than,ESCO_SKILLS
SKL_20b19108d741,SKL_cdbdc2d82920,skill,broader_than,ESCO_SKILLS
SKL_c2370a8d0ae1,SKL_ab0615922027,skill,broader_than,ESCO_SKILLS
SKL_2f5807f15ef8,SKL_083a16a42745,skill,broader_than,ESCO_SKILLS
SKL_95cef25b821f,SKL_74a301540229,skill,broader_than,ESCO_SKILLS
SKL_8a4017e488ab,SKL_a186ecb91e42,skill,broader_than,ESCO_SKILLS
SKL_95cef25b821f,SKL_e83ea15281a7,skill,broader_than,ESCO_SKILLS
SKL_0c69b2e7a542,SKL_fe3854279608,skill,broader_than,ESCO_SKILLS
SKL_6cccbc832323,SKL_c525ff01d905,skill,broader_than,ESCO_SKILLS
SKL_8f18beedf000,SKL_b1aa4a266780,skill,broader_than,ESCO_SKILLS
SKL_9f20de910254,SKL_8fe62404bf31,skill,broader_than,ESCO_SKILLS
SKL_c2370a8d0ae1,SKL_0de1bcfc9fd2,skill,broader_than,ESCO_SKILLS
SKL_6af08a2b7dc0,SKL_40ecf692a0cf,skill,broader_than,ESCO_SKILLS
SKL_bb5f053ffdd4,SKL_0d4bdda614bd,skill,broader_than,ESCO_SKILLS
SKL_a18079ef9114,SKL_3ff4df2f4b2b,skill,broader_than,ESCO_SKILLS
SKL_309165ba639e,SKL_e3c6c843b14b,skill,broader_than,ESCO_SKILLS
SKL_fae7568e2548,SKL_c6b378206477,skill,broader_than,ESCO_SKILLS
SKL_d5ac46835686,SKL_109edeaf36eb,skill,broader_than,ESCO_SKILLS
SKL_95cef25b821f,SKL_9b5244fd7e00,skill,broader_than,ESCO_SKILLS
SKL_603d1211df1e,SKL_885950a12687,skill,broader_than,ESCO_SKILLS
SKL_c2370a8d0ae1,SKL_27d3d9fa396a,skill,broader_than,ESCO_SKILLS
SKL_9f20de910254,SKL_c47130b92816,skill,broader_than,ESCO_SKILLS
SKL_f37682de4b11,SKL_5e1feca357b2,skill,broader_than,ESCO_SKILLS
SKL_9f20de910254,SKL_9ffecfc0523b,skill,broader_than,ESCO_SKILLS
SKL_d5ac46835686,SKL_42b850072160,skill,broader_than,ESCO_SKILLS
SKL_2ce7334bb9c5,SKL_416b8573cd5d,skill,broader_than,ESCO_SKILLS
SKL_1b7c49c52b86,SKL_a1e6b80efe9e,skill,broader_than,ESCO_SKILLS
SKL_95c40cdd51f6,SKL_41d06494b816,skill,broader_than,ESCO_SKILLS
SKL_33d659a6f832,SKL_54a4b95de040,skill,broader_than,ESCO_SKILLS
SKL_33d659a6f832,SKL_a8cf2d536f2f,skill,broader_than,ESCO_SKILLS
SKL_69b44233a92b,SKL_6cec95e32dc0,skill,broader_than,ESCO_SKILLS
SKL_cb1978958417,SKL_ad7a7100bf74,skill,broader_than,ESCO_SKILLS
SKL_23085972a5e1,SKL_c3f4e7eee5b0,skill,broader_than,ESCO_SKILLS
SKL_cea699b59583,SKL_d4f9396de51d,skill,broader_than,ESCO_SKILLS
SKL_f37682de4b11,SKL_c0bcabaa97f8,skill,broader_than,ESCO_SKILLS
SKL_1453ea0b57fd,SKL_eed64f813250,skill,broader_than,ESCO_SKILLS
SKL_f1fa5403b560,SKL_2260910f563a,skill,broader_than,ESCO_SKILLS
SKL_7cb0b95d8ecb,SKL_88e58a1e2200,skill,broader_than,ESCO_SKILLS
SKL_8a4017e488ab,SKL_4f9e7caf5aed,skill,broader_than,ESCO_SKILLS
SKL_ce75baef5e81,SKL_60f44085f999,skill,broader_than,ESCO_SKILLS
SKL_c2370a8d0ae1,SKL_ed12c1daf339,skill,broader_than,ESCO_SKILLS
SKL_76c0a07170d5,SKL_5967f2c71f98,skill,broader_than,ESCO_SKILLS
SKL_6791d32cdc4a,SKL_d248feca446a,skill,broader_than,ESCO_SKILLS
SKL_e28559fdec63,SKL_eababd164e1d,skill,broader_than,ESCO_SKILLS
SKL_4347c571ba42,SKL_931bbc3201f1,skill,broader_than,ESCO_SKILLS
SKL_bf0b9f662415,SKL_9ecbc6ecc5c0,skill,broader_than,ESCO_SKILLS
SKL_3cfcc3122f53,SKL_62bde1fe53e2,skill,broader_than,ESCO_SKILLS
SKL_96639e06d16b,SKL_20b3a1bd4b37,skill,broader_than,ESCO_SKILLS
SKL_e6e808990e37,SKL_2d3969d11339,skill,broader_than,ESCO_SKILLS
SKL_ead5f66c983d,SKL_7f91d7bb9892,skill,broader_than,ESCO_SKILLS
SKL_8a4017e488ab,SKL_5858f8aaf75f,skill,broader_than,ESCO_SKILLS
SKL_c2370a8d0ae1,SKL_c20544c221a8,skill,broader_than,ESCO_SKILLS
SKL_8d8d08b40444,SKL_4bb3978838d6,skill,broader_than,ESCO_SKILLS
SKL_848713e2923c,SKL_d59c1c655f17,skill,broader_than,ESCO_SKILLS
SKL_8a4017e488ab,SKL_c1394cfd59bd,skill,broader_than,ESCO_SKILLS
SKL_ead5f66c983d,SKL_afd4128fb784,skill,broader_than,ESCO_SKILLS
SKL_4d93430ba96d,SKL_cbd97a2e6290,skill,broader_than,ESCO_SKILLS
SKL_161913019900,SKL_e6b93c2027dd,skill,broader_than,ESCO_SKILLS
SKL_95cef25b821f,SKL_7fafd50b81a5,skill,broader_than,ESCO_SKILLS
SKL_d8f0765c1c31,SKL_a45566a0c0ec,skill,broader_than,ESCO_SKILLS
SKL_20b19108d741,SKL_e99fc85ebe7c,skill,broader_than,ESCO_SKILLS
SKL_161913019900,SKL_9934062c5886,skill,broader_than,ESCO_SKILLS
SKL_20f8b4f7eb09,SKL_2320901baa0c,skill,broader_than,ESCO_SKILLS
SKL_95cef25b821f,SKL_1124817a720e,skill,broader_than,ESCO_SKILLS
SKL_e88666ea091c,SKL_27cdecd220ea,skill,broader_than,ESCO_SKILLS
SKL_c2370a8d0ae1,SKL_c993c6aecf8e,skill,broader_than,ESCO_SKILLS
SKL_77f2ba894546,SKL_2a5b118ca0e3,skill,broader_than,ESCO_SKILLS
SKL_e88666ea091c,SKL_2bf7432b2d4b,skill,broader_than,ESCO_SKILLS
SKL_53c43cbebf0e,SKL_83844c286d76,skill,broader_than,ESCO_SKILLS
SKL_f1dfc37ab4a2,SKL_303ee19dce8f,skill,broader_than,ESCO_SKILLS
SKL_e88666ea091c,SKL_8d1f7cbb3377,skill,broader_than,ESCO_SKILLS
SKL_7cb0b95d8ecb,SKL_e9b9f4a1354d,skill,broader_than,ESCO_SKILLS
SKL_6dfcac495c53,SKL_e4cbafd8a3b6,skill,broader_than,ESCO_SKILLS
SKL_acf36642aaf8,SKL_fd3d7bb5e302,skill,broader_than,ESCO_SKILLS
SKL_f37682de4b11,SKL_8167b2084601,skill,broader_than,ESCO_SKILLS
SKL_59eaf4005231,SKL_6924454c4c1e,skill,broader_than,ESCO_SKILLS
SKL_c2370a8d0ae1,SKL_f5f12231001c,skill,broader_than,ESCO_SKILLS
SKL_76c0a07170d5,SKL_429fa18d480e,skill,broader_than,ESCO_SKILLS
SKL_95cef25b821f,SKL_d275975f2053,skill,broader_than,ESCO_SKILLS
SKL_23085972a5e1,SKL_e611a343e4e9,skill,broader_than,ESCO_SKILLS
SKL_c2370a8d0ae1,SKL_0e0ddaf5873f,skill,broader_than,ESCO_SKILLS
SKL_95cef25b821f,SKL_46088f1661b7,skill,broader_than,ESCO_SKILLS
SKL_702ac47c3fd3,SKL_c604e4449259,skill,broader_than,ESCO_SKILLS
SKL_40adba60c444,SKL_9a72439bbbfc,skill,broader_than,ESCO_SKILLS
SKL_0c69b2e7a542,SKL_13c6daf0911d,skill,broader_than,ESCO_SKILLS
SKL_05763a8559a5,SKL_0cec36746a78,skill,broader_than,ESCO_SKILLS
SKL_33d659a6f832,SKL_523392841f59,skill,broader_than,ESCO_SKILLS
SKL_445b3ba921d0,SKL_3de0d077508a,skill,broader_than,ESCO_SKILLS
SKL_adbf3ba9a54c,SKL_aba6d3815562,skill,broader_than,ESCO_SKILLS
SKL_a41501d93d27,SKL_cd5fccefbdd1,skill,broader_than,ESCO_SKILLS
SKL_23085972a5e1,SKL_9a283c5620fd,skill,broader_than,ESCO_SKILLS
SKL_e88666ea091c,SKL_053746c2bf35,skill,broader_than,ESCO_SKILLS
SKL_20b19108d741,SKL_60dabb7fbd39,skill,broader_than,ESCO_SKILLS
SKL_20b19108d741,SKL_e236a38c4a85,skill,broader_than,ESCO_SKILLS
SKL_77f2ba894546,SKL_f20abbe40df9,skill,broader_than,ESCO_SKILLS
SKL_40adba60c444,SKL_21b146ea089f,skill,broader_than,ESCO_SKILLS
SKL_c2370a8d0ae1,SKL_7e853ce0760f,skill,broader_than,ESCO_SKILLS
SKL_d879ef43f1a4,SKL_4615fd065bda,skill,broader_than,ESCO_SKILLS
SKL_95cef25b821f,SKL_17a6cda90b85,skill,broader_than,ESCO_SKILLS
SKL_2071d45dc6aa,SKL_2ddae747961e,skill,broader_than,ESCO_SKILLS
SKL_309165ba639e,SKL_165eec91c5d4,skill,broader_than,ESCO_SKILLS
SKL_cf1feade88cc,SKL_f61b0071c4b6,skill,broader_than,ESCO_SKILLS
SKL_95cef25b821f,SKL_a43bcca2465e,skill,broader_than,ESCO_SKILLS
SKL_95cef25b821f,SKL_4f8027620713,skill,broader_than,ESCO_SKILLS
SKL_c2370a8d0ae1,SKL_d3d9af86ef84,skill,broader_than,ESCO_SKILLS
SKL_f2a64246d4c8,SKL_31172f1d0747,skill,broader_than,ESCO_SKILLS
SKL_0a8cc966ac29,SKL_22632e35d4ab,skill,broader_than,ESCO_SKILLS
SKL_c2370a8d0ae1,SKL_f46a3a3c6551,skill,broader_than,ESCO_SKILLS
SKL_0c69b2e7a542,SKL_f7936505bc48,skill,broader_than,ESCO_SKILLS
SKL_309165ba639e,SKL_e4518a5681c9,skill,broader_than,ESCO_SKILLS
SKL_9f20de910254,SKL_c2f2af191abe,skill,broader_than,ESCO_SKILLS
SKL_20b19108d741,SKL_8845df37d0d0,skill,broader_than,ESCO_SKILLS
SKL_7cb0b95d8ecb,SKL_59d4d75d1168,skill,broader_than,ESCO_SKILLS
SKL_848713e2923c,SKL_5dfc71462cdb,skill,broader_than,ESCO_SKILLS
SKL_c2370a8d0ae1,SKL_b65348538f34,skill,broader_than,ESCO_SKILLS
SKL_f3bb34bc0e6f,SKL_027437360ea9,skill,broader_than,ESCO_SKILLS
SKL_c2370a8d0ae1,SKL_20d176fafc3d,skill,broader_than,ESCO_SKILLS
SKL_f2688ac2f7fa,SKL_e3225d92f6fd,skill,broader_than,ESCO_SKILLS
SKL_ead5f66c983d,SKL_140b9672ae2f,skill,broader_than,ESCO_SKILLS
SKL_10267c3c1eff,SKL_a561c76a0e88,skill,broader_than,ESCO_SKILLS
SKL_cdee588f84aa,SKL_1f267c14eff9,skill,broader_than,ESCO_SKILLS
SKL_99b6dfb907e9,SKL_9601b9bb5665,skill,broader_than,ESCO_SKILLS
SKL_c2370a8d0ae1,SKL_3f39269f8a92,skill,broader_than,ESCO_SKILLS
SKL_20b19108d741,SKL_c74243986bea,skill,broader_than,ESCO_SKILLS
SKL_ee04c5da3db2,SKL_d80a5842fd95,skill,broader_than,ESCO_SKILLS
SKL_7cb0b95d8ecb,SKL_2be24dceca04,skill,broader_than,ESCO_SKILLS
SKL_9493d2030667,SKL_fa6716bd970c,skill,broader_than,ESCO_SKILLS
SKL_cea699b59583,SKL_580752d70a1a,skill,broader_than,ESCO_SKILLS
SKL_95cef25b821f,SKL_a913b683ebd9,skill,broader_than,ESCO_SKILLS
SKL_c2370a8d0ae1,SKL_d546743b9da1,skill,broader_than,ESCO_SKILLS
SKL_9a32440af0e8,SKL_5575f7d77069,skill,broader_than,ESCO_SKILLS
SKL_95cef25b821f,SKL_9e24266d180e,skill,broader_than,ESCO_SKILLS
SKL_ca776a7a3b8c,SKL_0c20c36ec856,skill,broader_than,ESCO_SKILLS
SKL_95cef25b821f,SKL_cccca3da833a,skill,broader_than,ESCO_SKILLS
SKL_aaabf934fad2,SKL_071d40f9fd14,skill,broader_than,ESCO_SKILLS
SKL_59eaf4005231,SKL_a474d184a0a0,skill,broader_than,ESCO_SKILLS
SKL_e88666ea091c,SKL_a85869292402,skill,broader_than,ESCO_SKILLS
SKL_49eac973733e,SKL_2f6bd9df1a40,skill,broader_than,ESCO_SKILLS
SKL_d5ac46835686,SKL_b9a5a3d980ee,skill,broader_than,ESCO_SKILLS
SKL_f37682de4b11,SKL_ceba13f8ba45,skill,broader_than,ESCO_SKILLS
SKL_c2370a8d0ae1,SKL_a2eb07d964f7,skill,broader_than,ESCO_SKILLS
SKL_95cef25b821f,SKL_1b02f5547def,skill,broader_than,ESCO_SKILLS
SKL_40adba60c444,SKL_0348dd5625d1,skill,broader_than,ESCO_SKILLS
SKL_95cef25b821f,SKL_7c9445cdf809,skill,broader_than,ESCO_SKILLS
SKL_7119eb664ab9,SKL_4dd5e118bd42,skill,broader_than,ESCO_SKILLS
SKL_e88666ea091c,SKL_ca93b3f41810,skill,broader_than,ESCO_SKILLS
SKL_95cef25b821f,SKL_4f2bd02de76a,skill,broader_than,ESCO_SKILLS
SKL_0c69b2e7a542,SKL_a3312b90fca5,skill,broader_than,ESCO_SKILLS
SKL_2bd23e1a18e7,SKL_92219f739694,skill,broader_than,ESCO_SKILLS
SKL_95cef25b821f,SKL_f6f390848b58,skill,broader_than,ESCO_SKILLS
SKL_adbf3ba9a54c,SKL_ad3b003ca96e,skill,broader_than,ESCO_SKILLS
SKL_c3874fe564df,SKL_5c1cafdcd539,skill,broader_than,ESCO_SKILLS
SKL_2e71f23c8a32,SKL_1ba5b7de1077,skill,broader_than,ESCO_SKILLS
SKL_ac9ef6168823,SKL_99eb711381aa,skill,broader_than,ESCO_SKILLS
SKL_f1dfc37ab4a2,SKL_c7910d3185cd,skill,broader_than,ESCO_SKILLS
SKL_c368aad02f31,SKL_c18c5f00290e,skill,broader_than,ESCO_SKILLS
SKL_2e71f23c8a32,SKL_ba4b591cdd44,skill,broader_than,ESCO_SKILLS
SKL_918d00fba481,SKL_69298c08d78d,skill,broader_than,ESCO_SKILLS
SKL_e09b44ffaaaa,SKL_c88ea684ad79,skill,broader_than,ESCO_SKILLS
SKL_bad628a57dfc,SKL_a31bcce95330,skill,broader_than,ESCO_SKILLS
SKL_848713e2923c,SKL_dbbc353ff629,skill,broader_than,ESCO_SKILLS
SKL_a18079ef9114,SKL_14747076853d,skill,broader_than,ESCO_SKILLS
SKL_c2370a8d0ae1,SKL_93be9082045c,skill,broader_than,ESCO_SKILLS
SKL_848713e2923c,SKL_28d134745ea4,skill,broader_than,ESCO_SKILLS
SKL_9cdb860e33fb,SKL_afb184550fe8,skill,broader_than,ESCO_SKILLS
SKL_9f20de910254,SKL_1b0c94daaaee,skill,broader_than,ESCO_SKILLS
SKL_1cf92dd330b8,SKL_60b13581782d,skill,broader_than,ESCO_SKILLS
SKL_c2370a8d0ae1,SKL_005ef90287cd,skill,broader_than,ESCO_SKILLS
SKL_848713e2923c,SKL_d9843653b863,skill,broader_than,ESCO_SKILLS
SKL_59eaf4005231,SKL_2ab21b64c133,skill,broader_than,ESCO_SKILLS
SKL_d8f0765c1c31,SKL_57f8ab60804c,skill,broader_than,ESCO_SKILLS
SKL_aaabf934fad2,SKL_dc4c59fd5c78,skill,broader_than,ESCO_SKILLS
SKL_4347c571ba42,SKL_92630ad2703f,skill,broader_than,ESCO_SKILLS
SKL_2bd23e1a18e7,SKL_f6bc4de2f8d0,skill,broader_than,ESCO_SKILLS
SKL_aaabf934fad2,SKL_b7ce81979709,skill,broader_than,ESCO_SKILLS
SKL_aaabf934fad2,SKL_aa0a6fb02a69,skill,broader_than,ESCO_SKILLS
SKL_e88666ea091c,SKL_a4917fa3f867,skill,broader_than,ESCO_SKILLS
SKL_95cef25b821f,SKL_aa5317f0efb0,skill,broader_than,ESCO_SKILLS
SKL_7cb0b95d8ecb,SKL_95a37d406831,skill,broader_than,ESCO_SKILLS
SKL_95cef25b821f,SKL_07a7e2a00de2,skill,broader_than,ESCO_SKILLS
SKL_0a8cc966ac29,SKL_c969868dd488,skill,broader_than,ESCO_SKILLS
SKL_20b19108d741,SKL_60ffa168db6b,skill,broader_than,ESCO_SKILLS
SKL_95cef25b821f,SKL_c9160ddc7dcd,skill,broader_than,ESCO_SKILLS
SKL_bf0b9f662415,SKL_06426b923378,skill,broader_than,ESCO_SKILLS
SKL_508c5b0a1d5c,SKL_690d0d9213ea,skill,broader_than,ESCO_SKILLS
SKL_9f20de910254,SKL_c6eda32fa5b3,skill,broader_than,ESCO_SKILLS
SKL_89a78a18c275,SKL_03b15408b13e,skill,broader_than,ESCO_SKILLS
SKL_ef3949b7f79f,SKL_6032197b3f3f,skill,broader_than,ESCO_SKILLS
SKL_e62a3ab53efb,SKL_6c47386a0df9,skill,broader_than,ESCO_SKILLS
SKL_95cef25b821f,SKL_88eabaa2c80d,skill,broader_than,ESCO_SKILLS
SKL_b90181e8b24c,SKL_2d31583b4f2b,skill,broader_than,ESCO_SKILLS
SKL_95cef25b821f,SKL_9d372184f770,skill,broader_than,ESCO_SKILLS
SKL_95cef25b821f,SKL_98f3bee600ee,skill,broader_than,ESCO_SKILLS
SKL_161913019900,SKL_ad8c314e6c08,skill,broader_than,ESCO_SKILLS
SKL_710de4eb86e0,SKL_09ae9c4724e9,skill,broader_than,ESCO_SKILLS
SKL_c2370a8d0ae1,SKL_09089504794c,skill,broader_than,ESCO_SKILLS
SKL_aaabf934fad2,SKL_76b2a8a0fa56,skill,broader_than,ESCO_SKILLS
SKL_23085972a5e1,SKL_8eaf90e6b080,skill,broader_than,ESCO_SKILLS
SKL_adbf3ba9a54c,SKL_7b530497dcc8,skill,broader_than,ESCO_SKILLS
SKL_9cdb860e33fb,SKL_234f69e2b4b5,skill,broader_than,ESCO_SKILLS
SKL_e88666ea091c,SKL_030cdb77fd91,skill,broader_than,ESCO_SKILLS
SKL_d8f0765c1c31,SKL_3b734a41feb7,skill,broader_than,ESCO_SKILLS
SKL_95cef25b821f,SKL_179834b0ac6e,skill,broader_than,ESCO_SKILLS
SKL_309165ba639e,SKL_c8eeeb942505,skill,broader_than,ESCO_SKILLS
SKL_95cef25b821f,SKL_a996f285edca,skill,broader_than,ESCO_SKILLS
SKL_ca776a7a3b8c,SKL_22320b92666f,skill,broader_than,ESCO_SKILLS
SKL_ead5f66c983d,SKL_02da79fc2058,skill,broader_than,ESCO_SKILLS
SKL_1cb698728502,SKL_74015909b033,skill,broader_than,ESCO_SKILLS
SKL_20b19108d741,SKL_bb505f670fed,skill,broader_than,ESCO_SKILLS
SKL_95cef25b821f,SKL_d537dfcccc25,skill,broader_than,ESCO_SKILLS
SKL_20b19108d741,SKL_1cf5e7517e2b,skill,broader_than,ESCO_SKILLS
SKL_cb1978958417,SKL_d36c0e2ff2ea,skill,broader_than,ESCO_SKILLS
SKL_0c89ba3213d5,SKL_3970df7cecb8,skill,broader_than,ESCO_SKILLS
SKL_95cef25b821f,SKL_344586fe5542,skill,broader_than,ESCO_SKILLS
SKL_d04bef74edf7,SKL_54188f599eea,skill,broader_than,ESCO_SKILLS
SKL_95cef25b821f,SKL_ccd10a9e58b7,skill,broader_than,ESCO_SKILLS
SKL_9493d2030667,SKL_3a2ade69e298,skill,broader_than,ESCO_SKILLS
SKL_95cef25b821f,SKL_2c4e150b3816,skill,broader_than,ESCO_SKILLS
SKL_85d6f18cb7bf,SKL_72f57a9dac19,skill,broader_than,ESCO_SKILLS
SKL_7508e0721f5a,SKL_e583fae3fd31,skill,broader_than,ESCO_SKILLS
SKL_49eac973733e,SKL_8e9e543761d2,skill,broader_than,ESCO_SKILLS
SKL_6cccbc832323,SKL_fdab580ddea2,skill,broader_than,ESCO_SKILLS
SKL_e28559fdec63,SKL_643fa956234d,skill,broader_than,ESCO_SKILLS
SKL_80f9df514fb8,SKL_52b55f5a19f4,skill,broader_than,ESCO_SKILLS
SKL_9f20de910254,SKL_0c36added4b0,skill,broader_than,ESCO_SKILLS
SKL_c7dd11508888,SKL_5b4b7d94893a,skill,broader_than,ESCO_SKILLS
SKL_7cb0b95d8ecb,SKL_dddd918d8d0c,skill,broader_than,ESCO_SKILLS
SKL_a18079ef9114,SKL_4f1de901148a,skill,broader_than,ESCO_SKILLS
SKL_95cef25b821f,SKL_516c38d191ba,skill,broader_than,ESCO_SKILLS
SKL_c331349631ea,SKL_dd733976fe12,skill,broader_than,ESCO_SKILLS
SKL_9f20de910254,SKL_75e80eba803b,skill,broader_than,ESCO_SKILLS
SKL_87acac1fd513,SKL_a341429e6402,skill,broader_than,ESCO_SKILLS
SKL_95cef25b821f,SKL_619ec6b46c43,skill,broader_than,ESCO_SKILLS
SKL_17ef27cb65de,SKL_4018c6dd5f4f,skill,broader_than,ESCO_SKILLS
SKL_99b6dfb907e9,SKL_3bd897deb869,skill,broader_than,ESCO_SKILLS
SKL_9f20de910254,SKL_f02c1590d8eb,skill,broader_than,ESCO_SKILLS
SKL_e88666ea091c,SKL_bde8b9b674c8,skill,broader_than,ESCO_SKILLS
SKL_ca776a7a3b8c,SKL_8408efd20e4c,skill,broader_than,ESCO_SKILLS
SKL_e3fbc0d4c1db,SKL_24975ae05372,skill,broader_than,ESCO_SKILLS
SKL_d98f0a4cabf5,SKL_671240690479,skill,broader_than,ESCO_SKILLS
SKL_9f20de910254,SKL_b1443974bc89,skill,broader_than,ESCO_SKILLS
SKL_23085972a5e1,SKL_f4563277b108,skill,broader_than,ESCO_SKILLS
SKL_77f2ba894546,SKL_b4830b23bb8d,skill,broader_than,ESCO_SKILLS
SKL_95cef25b821f,SKL_d0035b994078,skill,broader_than,ESCO_SKILLS
SKL_7cb0b95d8ecb,SKL_c9ce5d8cbc63,skill,broader_than,ESCO_SKILLS
SKL_69ad940802e2,SKL_1ed98874895e,skill,broader_than,ESCO_SKILLS
SKL_bf0b9f662415,SKL_825a9b2db405,skill,broader_than,ESCO_SKILLS
SKL_cb1978958417,SKL_e2f90c02665d,skill,broader_than,ESCO_SKILLS
SKL_95cef25b821f,SKL_def6ad401f98,skill,broader_than,ESCO_SKILLS
SKL_95cef25b821f,SKL_30aac2c66c5d,skill,broader_than,ESCO_SKILLS
SKL_80f9df514fb8,SKL_b21cf1a5d4b7,skill,broader_than,ESCO_SKILLS
SKL_d00bac4126fd,SKL_afda1dab404c,skill,broader_than,ESCO_SKILLS
SKL_8a4017e488ab,SKL_e0876ddb3bd1,skill,broader_than,ESCO_SKILLS
SKL_6cccbc832323,SKL_f81a5ff0468f,skill,broader_than,ESCO_SKILLS
SKL_20b19108d741,SKL_e0b7c20ad2a2,skill,broader_than,ESCO_SKILLS
SKL_4347c571ba42,SKL_07a57310c827,skill,broader_than,ESCO_SKILLS
SKL_53a40bab45a5,SKL_de442b1bdbd6,skill,broader_than,ESCO_SKILLS
SKL_9f20de910254,SKL_0fb1554ae189,skill,broader_than,ESCO_SKILLS
SKL_95cef25b821f,SKL_3aa64195f966,skill,broader_than,ESCO_SKILLS
SKL_0a8cc966ac29,SKL_6c4e41d4b56f,skill,broader_than,ESCO_SKILLS
SKL_710de4eb86e0,SKL_b0080b620fb2,skill,broader_than,ESCO_SKILLS
SKL_b90181e8b24c,SKL_735c5e99cdaa,skill,broader_than,ESCO_SKILLS
SKL_603d1211df1e,SKL_a07847cd27d5,skill,broader_than,ESCO_SKILLS
SKL_1453ea0b57fd,SKL_995f3927da00,skill,broader_than,ESCO_SKILLS
SKL_c2370a8d0ae1,SKL_ee642b56a8f9,skill,broader_than,ESCO_SKILLS
SKL_95cef25b821f,SKL_8c66ec45bce8,skill,broader_than,ESCO_SKILLS
SKL_20b19108d741,SKL_e8bdfaeac68e,skill,broader_than,ESCO_SKILLS
SKL_b2aff16de2fe,SKL_dde958bce5b5,skill,broader_than,ESCO_SKILLS
SKL_cf7c3c765da5,SKL_66c6102cf4f7,skill,broader_than,ESCO_SKILLS
SKL_b0431e61371b,SKL_b973384e0f00,skill,broader_than,ESCO_SKILLS
SKL_4bc16417eb61,SKL_31523007b0d3,skill,broader_than,ESCO_SKILLS
SKL_1453ea0b57fd,SKL_b56c95aeb880,skill,broader_than,ESCO_SKILLS
SKL_6fe9ced9f5e4,SKL_1d12e8aaef7d,skill,broader_than,ESCO_SKILLS
SKL_0c69b2e7a542,SKL_d3fbfc3a6c9f,skill,broader_than,ESCO_SKILLS
SKL_73e01dacd683,SKL_7942392b4802,skill,broader_than,ESCO_SKILLS
SKL_c2370a8d0ae1,SKL_6062e63b2ca0,skill,broader_than,ESCO_SKILLS
SKL_95c40cdd51f6,SKL_903b38484af9,skill,broader_than,ESCO_SKILLS
SKL_95cef25b821f,SKL_53c3c74ab3d8,skill,broader_than,ESCO_SKILLS
SKL_99b6dfb907e9,SKL_74413dbf0c1d,skill,broader_than,ESCO_SKILLS
SKL_309165ba639e,SKL_33e8f37de895,skill,broader_than,ESCO_SKILLS
SKL_95cef25b821f,SKL_1f0193f209e9,skill,broader_than,ESCO_SKILLS
SKL_c2370a8d0ae1,SKL_b2fa268f665e,skill,broader_than,ESCO_SKILLS
SKL_9f20de910254,SKL_1772cfc64de4,skill,broader_than,ESCO_SKILLS
SKL_d5ac46835686,SKL_d1bba9e6fc67,skill,broader_than,ESCO_SKILLS
SKL_f37682de4b11,SKL_0d63f4cb58e2,skill,broader_than,ESCO_SKILLS
SKL_4bc16417eb61,SKL_ac7e62b30b73,skill,broader_than,ESCO_SKILLS
SKL_73e01dacd683,SKL_5db78f591cba,skill,broader_than,ESCO_SKILLS
SKL_1e594f8c6e15,SKL_bf0e2870e3ff,skill,broader_than,ESCO_SKILLS
SKL_78d33c554ba5,SKL_9382981177b9,skill,broader_than,ESCO_SKILLS
SKL_1453ea0b57fd,SKL_a126050b0def,skill,broader_than,ESCO_SKILLS
SKL_c2370a8d0ae1,SKL_b72717b1c634,skill,broader_than,ESCO_SKILLS
SKL_7cb0b95d8ecb,SKL_8dde31f76b27,skill,broader_than,ESCO_SKILLS
SKL_c2370a8d0ae1,SKL_7412de0dce4d,skill,broader_than,ESCO_SKILLS
SKL_b9e3c5128719,SKL_cff6a6e08edc,skill,broader_than,ESCO_SKILLS
SKL_95cef25b821f,SKL_2e445df6f74b,skill,broader_than,ESCO_SKILLS
SKL_4c7541ae401a,SKL_ae7e75a47fef,skill,broader_than,ESCO_SKILLS
SKL_95cef25b821f,SKL_327b78a43765,skill,broader_than,ESCO_SKILLS
SKL_95c40cdd51f6,SKL_a86c206915f7,skill,broader_than,ESCO_SKILLS
SKL_848713e2923c,SKL_666b5797ca38,skill,broader_than,ESCO_SKILLS
SKL_d96d6aaf8b87,SKL_5fd1a916f288,skill,broader_than,ESCO_SKILLS
SKL_e21d2bf7fe36,SKL_416a1accd749,skill,broader_than,ESCO_SKILLS
SKL_95cef25b821f,SKL_8dd0d4b0a0f0,skill,broader_than,ESCO_SKILLS
SKL_20f8b4f7eb09,SKL_3f8f40bf38e2,skill,broader_than,ESCO_SKILLS
SKL_848713e2923c,SKL_2ab0a661bd39,skill,broader_than,ESCO_SKILLS
SKL_adbf3ba9a54c,SKL_1a4ed06c76f8,skill,broader_than,ESCO_SKILLS
SKL_78338510ffd2,SKL_3553a9690c87,skill,broader_than,ESCO_SKILLS
SKL_b40b66e0c4de,SKL_8f434db53f66,skill,broader_than,ESCO_SKILLS
SKL_95cef25b821f,SKL_419d9382e4ff,skill,broader_than,ESCO_SKILLS
SKL_f1fa5403b560,SKL_ac0b25e174b2,skill,broader_than,ESCO_SKILLS
SKL_7cb0b95d8ecb,SKL_5a7d26256464,skill,broader_than,ESCO_SKILLS
SKL_e88666ea091c,SKL_c4334e388dc0,skill,broader_than,ESCO_SKILLS
SKL_848713e2923c,SKL_ea96d8f39e81,skill,broader_than,ESCO_SKILLS
SKL_b809851ed24c,SKL_67a347a11595,skill,broader_than,ESCO_SKILLS
SKL_95cef25b821f,SKL_9c5bfe58b903,skill,broader_than,ESCO_SKILLS
SKL_369f31759e91,SKL_dab5e29d779a,skill,broader_than,ESCO_SKILLS
SKL_2071d45dc6aa,SKL_9b3099d24296,skill,broader_than,ESCO_SKILLS
SKL_f1fa5403b560,SKL_ffe2d205d4f8,skill,broader_than,ESCO_SKILLS
SKL_d8f0765c1c31,SKL_66664fb959be,skill,broader_than,ESCO_SKILLS
SKL_f37682de4b11,SKL_0dd7a481496c,skill,broader_than,ESCO_SKILLS
SKL_8a4017e488ab,SKL_c70564109e85,skill,broader_than,ESCO_SKILLS
SKL_ee5d8033ce34,SKL_c0d9b25a3929,skill,broader_than,ESCO_SKILLS
SKL_c2370a8d0ae1,SKL_80f14516b25e,skill,broader_than,ESCO_SKILLS
SKL_170dd53a8860,SKL_00dbf096a81b,skill,broader_than,ESCO_SKILLS
SKL_95cef25b821f,SKL_175902ab3712,skill,broader_than,ESCO_SKILLS
SKL_8a4017e488ab,SKL_8e38f536a298,skill,broader_than,ESCO_SKILLS
SKL_c2370a8d0ae1,SKL_83dfa0298e85,skill,broader_than,ESCO_SKILLS
SKL_87acac1fd513,SKL_df7bd352b749,skill,broader_than,ESCO_SKILLS
SKL_aaabf934fad2,SKL_3edaef77a8dc,skill,broader_than,ESCO_SKILLS
SKL_a41501d93d27,SKL_e488fded0295,skill,broader_than,ESCO_SKILLS
SKL_95cef25b821f,SKL_5f8c22d6f0f5,skill,broader_than,ESCO_SKILLS
SKL_95cef25b821f,SKL_aea959fc8fab,skill,broader_than,ESCO_SKILLS
SKL_8a4017e488ab,SKL_edbffb865bc9,skill,broader_than,ESCO_SKILLS
SKL_20b19108d741,SKL_6187c92b007c,skill,broader_than,ESCO_SKILLS
SKL_2f5cc21ba740,SKL_ca7f5b48d835,skill,broader_than,ESCO_SKILLS
SKL_d5ac46835686,SKL_0061e17f554c,skill,broader_than,ESCO_SKILLS
SKL_7119eb664ab9,SKL_f9a3c3ad2595,skill,broader_than,ESCO_SKILLS
SKL_e88666ea091c,SKL_627bb45cf813,skill,broader_than,ESCO_SKILLS
SKL_4347c571ba42,SKL_6c3b2061ca0c,skill,broader_than,ESCO_SKILLS
SKL_20b19108d741,SKL_b62225bfd370,skill,broader_than,ESCO_SKILLS
SKL_848713e2923c,SKL_fa3ca530b552,skill,broader_than,ESCO_SKILLS
SKL_09329479dcd3,SKL_7316456072df,skill,broader_than,ESCO_SKILLS
SKL_6cccbc832323,SKL_eab15b524936,skill,broader_than,ESCO_SKILLS
SKL_9f20de910254,SKL_1dda76e1d1b2,skill,broader_than,ESCO_SKILLS
SKL_8d8d08b40444,SKL_4ffa5c387846,skill,broader_than,ESCO_SKILLS
SKL_26ca5e65420b,SKL_84f1843c952b,skill,broader_than,ESCO_SKILLS
SKL_9600e022ce3f,SKL_d2fc616de47b,skill,broader_than,ESCO_SKILLS
SKL_53a40bab45a5,SKL_6f15480a7a8b,skill,broader_than,ESCO_SKILLS
SKL_f37682de4b11,SKL_c7c7c6f07c2b,skill,broader_than,ESCO_SKILLS
SKL_f67716abe1af,SKL_fba4f836c64f,skill,broader_than,ESCO_SKILLS
SKL_20b19108d741,SKL_056d3e37266e,skill,broader_than,ESCO_SKILLS
SKL_e21d2bf7fe36,SKL_07409ae8fbfd,skill,broader_than,ESCO_SKILLS
SKL_a41501d93d27,SKL_3ea0e58ddba3,skill,broader_than,ESCO_SKILLS
SKL_bad628a57dfc,SKL_2d3ddbdb3c37,skill,broader_than,ESCO_SKILLS
SKL_95cef25b821f,SKL_049ae1a3abf1,skill,broader_than,ESCO_SKILLS
SKL_8c16ca127c1f,SKL_04e6c64d8bdd,skill,broader_than,ESCO_SKILLS
SKL_c2370a8d0ae1,SKL_36d64273ebbf,skill,broader_than,ESCO_SKILLS
SKL_2f5cc21ba740,SKL_ba74f5ebe5fa,skill,broader_than,ESCO_SKILLS
SKL_23085972a5e1,SKL_c3a6a015f14b,skill,broader_than,ESCO_SKILLS
SKL_95cef25b821f,SKL_45b5255faa15,skill,broader_than,ESCO_SKILLS
SKL_23085972a5e1,SKL_c7f3dda43bfb,skill,broader_than,ESCO_SKILLS
SKL_c33821ba45d6,SKL_790fe3c6937a,skill,broader_than,ESCO_SKILLS
SKL_fae7568e2548,SKL_407a5ba1b983,skill,broader_than,ESCO_SKILLS
SKL_7cb0b95d8ecb,SKL_f24b2d743df5,skill,broader_than,ESCO_SKILLS
SKL_d91f21a94055,SKL_0a5c4286d0e8,skill,broader_than,ESCO_SKILLS
SKL_c2370a8d0ae1,SKL_a79209ee3045,skill,broader_than,ESCO_SKILLS
SKL_cb1978958417,SKL_c0a2e4a81fa2,skill,broader_than,ESCO_SKILLS
SKL_e88666ea091c,SKL_5947e7bab77c,skill,broader_than,ESCO_SKILLS
SKL_7519c0fec7d2,SKL_326678bb744d,skill,broader_than,ESCO_SKILLS
SKL_b9e3c5128719,SKL_a03e3e9e052f,skill,broader_than,ESCO_SKILLS
SKL_1f009c8f6a48,SKL_f8cdff52e6ee,skill,broader_than,ESCO_SKILLS
SKL_e647af2d6a42,SKL_9a9bfcbede67,skill,broader_than,ESCO_SKILLS
SKL_1453ea0b57fd,SKL_b9899d180c91,skill,broader_than,ESCO_SKILLS
SKL_80f9df514fb8,SKL_10d562320667,skill,broader_than,ESCO_SKILLS
SKL_7cb0b95d8ecb,SKL_1da867302f5b,skill,broader_than,ESCO_SKILLS
SKL_7cb0b95d8ecb,SKL_9530b497844a,skill,broader_than,ESCO_SKILLS
SKL_7119eb664ab9,SKL_ba3fb6052878,skill,broader_than,ESCO_SKILLS
SKL_6cccbc832323,SKL_f59552a8dc52,skill,broader_than,ESCO_SKILLS
SKL_8a4017e488ab,SKL_4a174ce373ac,skill,broader_than,ESCO_SKILLS
SKL_99b6dfb907e9,SKL_abe2c7df8fba,skill,broader_than,ESCO_SKILLS
SKL_8f951812d27f,SKL_3cbcca60d860,skill,broader_than,ESCO_SKILLS
SKL_309165ba639e,SKL_232a99be9711,skill,broader_than,ESCO_SKILLS
SKL_92dcce70f015,SKL_97b9ea638158,skill,broader_than,ESCO_SKILLS
SKL_66180baac6e4,SKL_736069c45b6d,skill,broader_than,ESCO_SKILLS
SKL_2ce7334bb9c5,SKL_e821afde5430,skill,broader_than,ESCO_SKILLS
SKL_cf7c3c765da5,SKL_67a4d439c738,skill,broader_than,ESCO_SKILLS
SKL_20f8b4f7eb09,SKL_0cac93234618,skill,broader_than,ESCO_SKILLS
SKL_ead5f66c983d,SKL_0dcb87ca96d3,skill,broader_than,ESCO_SKILLS
SKL_54e90d682c81,SKL_e54666219b27,skill,broader_than,ESCO_SKILLS
SKL_95cef25b821f,SKL_1b5ba325ef7d,skill,broader_than,ESCO_SKILLS
SKL_817862310f04,SKL_67477491a4ca,skill,broader_than,ESCO_SKILLS
SKL_95cef25b821f,SKL_9047686e98fd,skill,broader_than,ESCO_SKILLS
SKL_a41501d93d27,SKL_e36932d9aee8,skill,broader_than,ESCO_SKILLS
SKL_2bd23e1a18e7,SKL_520745ec72e2,skill,broader_than,ESCO_SKILLS
SKL_564b6752d60e,SKL_1548ab6bfafd,skill,broader_than,ESCO_SKILLS
SKL_f3ca1938b8f6,SKL_ee83919bd870,skill,broader_than,ESCO_SKILLS
SKL_7cb0b95d8ecb,SKL_91a3e0a560f7,skill,broader_than,ESCO_SKILLS
SKL_b90181e8b24c,SKL_84b9afc432b4,skill,broader_than,ESCO_SKILLS
SKL_7cb0b95d8ecb,SKL_a47350a90c0e,skill,broader_than,ESCO_SKILLS
SKL_17ef27cb65de,SKL_614950908b5b,skill,broader_than,ESCO_SKILLS
SKL_ee04c5da3db2,SKL_0c7f1dd9abf3,skill,broader_than,ESCO_SKILLS
SKL_d6c0b4c0fb5a,SKL_b987f0547d15,skill,broader_than,ESCO_SKILLS
SKL_ef3949b7f79f,SKL_415d601a3a97,skill,broader_than,ESCO_SKILLS
SKL_cb1978958417,SKL_b0bfbf4c0f2a,skill,broader_than,ESCO_SKILLS
SKL_bc5b4ac739bc,SKL_4a2d8a931138,skill,broader_than,ESCO_SKILLS
SKL_848713e2923c,SKL_993e5a908b00,skill,broader_than,ESCO_SKILLS
SKL_1e594f8c6e15,SKL_598b19e5beee,skill,broader_than,ESCO_SKILLS
SKL_77f2ba894546,SKL_318b0a40b120,skill,broader_than,ESCO_SKILLS
SKL_c2370a8d0ae1,SKL_df4bdc537b33,skill,broader_than,ESCO_SKILLS
SKL_d8f0765c1c31,SKL_2dbc3a7582b5,skill,broader_than,ESCO_SKILLS
SKL_c3874fe564df,SKL_38a7b22f4dbe,skill,broader_than,ESCO_SKILLS
SKL_85d6f18cb7bf,SKL_69701380f3af,skill,broader_than,ESCO_SKILLS
SKL_d04bef74edf7,SKL_bbc55bdf9279,skill,broader_than,ESCO_SKILLS
SKL_3cd7a0007015,SKL_f6782c956f34,skill,broader_than,ESCO_SKILLS
SKL_20b19108d741,SKL_2116d3bf8e62,skill,broader_than,ESCO_SKILLS
SKL_ef3bd7544220,SKL_57820393d1d6,skill,broader_than,ESCO_SKILLS
SKL_e3fbc0d4c1db,SKL_08aae3431f2b,skill,broader_than,ESCO_SKILLS
SKL_c2370a8d0ae1,SKL_0faa638ce520,skill,broader_than,ESCO_SKILLS
SKL_77f2ba894546,SKL_be15098358f4,skill,broader_than,ESCO_SKILLS
SKL_848713e2923c,SKL_1769646821a8,skill,broader_than,ESCO_SKILLS
SKL_aaabf934fad2,SKL_e31c30f07321,skill,broader_than,ESCO_SKILLS
SKL_c2370a8d0ae1,SKL_1ec8e222a519,skill,broader_than,ESCO_SKILLS
SKL_d36a87241b3e,SKL_666b1c906f94,skill,broader_than,ESCO_SKILLS
SKL_aaabf934fad2,SKL_17de38ea8328,skill,broader_than,ESCO_SKILLS
SKL_77f2ba894546,SKL_9b29beea7c1b,skill,broader_than,ESCO_SKILLS
SKL_e3fbc0d4c1db,SKL_95c9d04b930b,skill,broader_than,ESCO_SKILLS
SKL_7cb0b95d8ecb,SKL_f538b5a71a6c,skill,broader_than,ESCO_SKILLS
SKL_e88666ea091c,SKL_f858e811b523,skill,broader_than,ESCO_SKILLS
SKL_fae7568e2548,SKL_f481a9c7d3e1,skill,broader_than,ESCO_SKILLS
SKL_2ce7334bb9c5,SKL_7b9281bcde1f,skill,broader_than,ESCO_SKILLS
SKL_c2370a8d0ae1,SKL_1058cd52f3ac,skill,broader_than,ESCO_SKILLS
SKL_702ac47c3fd3,SKL_1d3b625b251f,skill,broader_than,ESCO_SKILLS
SKL_e88666ea091c,SKL_d8c205c532f4,skill,broader_than,ESCO_SKILLS
SKL_848713e2923c,SKL_27d19457db14,skill,broader_than,ESCO_SKILLS
SKL_e88666ea091c,SKL_ab39799c3a36,skill,broader_than,ESCO_SKILLS
SKL_7cb0b95d8ecb,SKL_55cd3dcd5e3b,skill,broader_than,ESCO_SKILLS
SKL_8a4017e488ab,SKL_85407d1bf0c9,skill,broader_than,ESCO_SKILLS
SKL_73e01dacd683,SKL_04d28b46c58b,skill,broader_than,ESCO_SKILLS
SKL_95cef25b821f,SKL_f335ed0ef250,skill,broader_than,ESCO_SKILLS
SKL_20b19108d741,SKL_87e726dfb63f,skill,broader_than,ESCO_SKILLS
SKL_6cccbc832323,SKL_c9f64b378429,skill,broader_than,ESCO_SKILLS
SKL_95cef25b821f,SKL_6b4086c51411,skill,broader_than,ESCO_SKILLS
SKL_95cef25b821f,SKL_b2efdf0b940a,skill,broader_than,ESCO_SKILLS
SKL_d5ac46835686,SKL_c6d25b351f1c,skill,broader_than,ESCO_SKILLS
SKL_e88666ea091c,SKL_b7ce18b01c97,skill,broader_than,ESCO_SKILLS
SKL_aaabf934fad2,SKL_633fc2486338,skill,broader_than,ESCO_SKILLS
SKL_d98f0a4cabf5,SKL_1e5d6fd05d45,skill,broader_than,ESCO_SKILLS
SKL_95cef25b821f,SKL_04a2d8996b23,skill,broader_than,ESCO_SKILLS
SKL_c2370a8d0ae1,SKL_4aab07be640c,skill,broader_than,ESCO_SKILLS
SKL_f1fa5403b560,SKL_15e3b435f285,skill,broader_than,ESCO_SKILLS
SKL_2e71f23c8a32,SKL_20d234eddd45,skill,broader_than,ESCO_SKILLS
SKL_0c69b2e7a542,SKL_93b83a6c5124,skill,broader_than,ESCO_SKILLS
SKL_aaef8050ef20,SKL_b04355598611,skill,broader_than,ESCO_SKILLS
SKL_17ef27cb65de,SKL_9ceba7edd185,skill,broader_than,ESCO_SKILLS
SKL_c2370a8d0ae1,SKL_3b3c14a06a23,skill,broader_than,ESCO_SKILLS
SKL_ca776a7a3b8c,SKL_845971a3c198,skill,broader_than,ESCO_SKILLS
SKL_bf0b9f662415,SKL_56a834a16738,skill,broader_than,ESCO_SKILLS
SKL_848713e2923c,SKL_503d8d5f426a,skill,broader_than,ESCO_SKILLS
SKL_d8f0765c1c31,SKL_4c069489e522,skill,broader_than,ESCO_SKILLS
SKL_9f20de910254,SKL_4856cd0b061c,skill,broader_than,ESCO_SKILLS
SKL_cf1feade88cc,SKL_8c496c476189,skill,broader_than,ESCO_SKILLS
SKL_0c69b2e7a542,SKL_64c0fc011a7c,skill,broader_than,ESCO_SKILLS
SKL_95cef25b821f,SKL_abed322709f3,skill,broader_than,ESCO_SKILLS
SKL_a41501d93d27,SKL_4f904bbda9e7,skill,broader_than,ESCO_SKILLS
SKL_d863c054ef67,SKL_a96ffa22eed3,skill,broader_than,ESCO_SKILLS
SKL_34182ebaf9a2,SKL_6c3ae14bc83c,skill,broader_than,ESCO_SKILLS
SKL_10fe969e1261,SKL_6f26fd81e617,skill,broader_than,ESCO_SKILLS
SKL_20b19108d741,SKL_014598d4e683,skill,broader_than,ESCO_SKILLS
SKL_c2370a8d0ae1,SKL_1e17e9badaf4,skill,broader_than,ESCO_SKILLS
SKL_cea699b59583,SKL_cb3e1d175d75,skill,broader_than,ESCO_SKILLS
SKL_0c69b2e7a542,SKL_891fd5e04d20,skill,broader_than,ESCO_SKILLS
SKL_95cef25b821f,SKL_b7a8a0c55d12,skill,broader_than,ESCO_SKILLS
SKL_9600e022ce3f,SKL_6517241bd708,skill,broader_than,ESCO_SKILLS
SKL_db523198cffb,SKL_ba0548301caf,skill,broader_than,ESCO_SKILLS
SKL_e6e808990e37,SKL_40d131c16648,skill,broader_than,ESCO_SKILLS
SKL_6791d32cdc4a,SKL_90249c2c38fb,skill,broader_than,ESCO_SKILLS
SKL_7119eb664ab9,SKL_e1825caf7751,skill,broader_than,ESCO_SKILLS
SKL_c2370a8d0ae1,SKL_74a5a5844b4c,skill,broader_than,ESCO_SKILLS
SKL_848713e2923c,SKL_4bd78f1eaa16,skill,broader_than,ESCO_SKILLS
SKL_bb5f053ffdd4,SKL_e003d365f569,skill,broader_than,ESCO_SKILLS
SKL_95cef25b821f,SKL_d2f9a7bfd5f5,skill,broader_than,ESCO_SKILLS
SKL_ca776a7a3b8c,SKL_4fdff2983c01,skill,broader_than,ESCO_SKILLS
SKL_95cef25b821f,SKL_6b32ff1ba138,skill,broader_than,ESCO_SKILLS
SKL_89a78a18c275,SKL_e439fbbfbc7a,skill,broader_than,ESCO_SKILLS
SKL_e88666ea091c,SKL_df8fb6fe7b07,skill,broader_than,ESCO_SKILLS
SKL_95cef25b821f,SKL_2910ef285ce6,skill,broader_than,ESCO_SKILLS
SKL_b2aff16de2fe,SKL_7493dcb6b2b6,skill,broader_than,ESCO_SKILLS
SKL_b0431e61371b,SKL_e165ed88641f,skill,broader_than,ESCO_SKILLS
SKL_4347c571ba42,SKL_9220927db32b,skill,broader_than,ESCO_SKILLS
SKL_8862eb917215,SKL_c2de78d58ab5,skill,broader_than,ESCO_SKILLS
SKL_e88666ea091c,SKL_2556f77c4d95,skill,broader_than,ESCO_SKILLS
SKL_f1fa5403b560,SKL_8db24c80deff,skill,broader_than,ESCO_SKILLS
SKL_7cb0b95d8ecb,SKL_b66a815da958,skill,broader_than,ESCO_SKILLS
SKL_1453ea0b57fd,SKL_509e2294bb57,skill,broader_than,ESCO_SKILLS
SKL_2bd23e1a18e7,SKL_5ca14d6a9200,skill,broader_than,ESCO_SKILLS
SKL_fd713cc9d423,SKL_809148c72d37,skill,broader_than,ESCO_SKILLS
SKL_f3ca1938b8f6,SKL_55abf2ea1a9a,skill,broader_than,ESCO_SKILLS
SKL_c2370a8d0ae1,SKL_2621a1e8af59,skill,broader_than,ESCO_SKILLS
SKL_508c5b0a1d5c,SKL_4dd74973e17f,skill,broader_than,ESCO_SKILLS
SKL_0cfc550edab2,SKL_0433197adf10,skill,broader_than,ESCO_SKILLS
SKL_bb5f053ffdd4,SKL_49903d102cc5,skill,broader_than,ESCO_SKILLS
SKL_4347c571ba42,SKL_fcdb4c0ba884,skill,broader_than,ESCO_SKILLS
SKL_c2370a8d0ae1,SKL_ec48889c1990,skill,broader_than,ESCO_SKILLS
SKL_49eac973733e,SKL_e10148fa338b,skill,broader_than,ESCO_SKILLS
SKL_4dc55d1c0758,SKL_0c884fec569d,skill,broader_than,ESCO_SKILLS
SKL_f37682de4b11,SKL_f7ccf4374ea5,skill,broader_than,ESCO_SKILLS
SKL_445b3ba921d0,SKL_96ee9eaa399f,skill,broader_than,ESCO_SKILLS
SKL_ef3949b7f79f,SKL_332bba6c3d78,skill,broader_than,ESCO_SKILLS
SKL_8a4017e488ab,SKL_6a62eec16e7c,skill,broader_than,ESCO_SKILLS
SKL_9493d2030667,SKL_92c7bf31c854,skill,broader_than,ESCO_SKILLS
SKL_95cef25b821f,SKL_b1c3417f0755,skill,broader_than,ESCO_SKILLS
SKL_4c7541ae401a,SKL_7394112e8e6c,skill,broader_than,ESCO_SKILLS
SKL_7119eb664ab9,SKL_936597d8bb26,skill,broader_than,ESCO_SKILLS
SKL_80f9df514fb8,SKL_71c5bfd3aab5,skill,broader_than,ESCO_SKILLS
SKL_95cef25b821f,SKL_16961efeb0ab,skill,broader_than,ESCO_SKILLS
SKL_e3fbc0d4c1db,SKL_19a46cabd4d8,skill,broader_than,ESCO_SKILLS
SKL_b2aff16de2fe,SKL_7b5a3024eeeb,skill,broader_than,ESCO_SKILLS
SKL_ca776a7a3b8c,SKL_e5dfb4a3c635,skill,broader_than,ESCO_SKILLS
SKL_95cef25b821f,SKL_36cc2d6edd1a,skill,broader_than,ESCO_SKILLS
SKL_23085972a5e1,SKL_739c039c3749,skill,broader_than,ESCO_SKILLS
SKL_cf1feade88cc,SKL_d62e22da07a7,skill,broader_than,ESCO_SKILLS
SKL_1453ea0b57fd,SKL_5a38e0a81946,skill,broader_than,ESCO_SKILLS
SKL_c2370a8d0ae1,SKL_480f7b8733f4,skill,broader_than,ESCO_SKILLS
SKL_c2370a8d0ae1,SKL_e2444ee1c7e2,skill,broader_than,ESCO_SKILLS
SKL_ba7115f1ce76,SKL_2c605440b06a,skill,broader_than,ESCO_SKILLS
SKL_8a4017e488ab,SKL_0ae8aa439cc1,skill,broader_than,ESCO_SKILLS
SKL_cb1978958417,SKL_0247ba633d54,skill,broader_than,ESCO_SKILLS
SKL_e691f616f736,SKL_2d043cf9df34,skill,broader_than,ESCO_SKILLS
SKL_1e594f8c6e15,SKL_8fdc5cfeed79,skill,broader_than,ESCO_SKILLS
SKL_c2370a8d0ae1,SKL_60004f24de83,skill,broader_than,ESCO_SKILLS
SKL_0cfc550edab2,SKL_0f59cbd01984,skill,broader_than,ESCO_SKILLS
SKL_95cef25b821f,SKL_1a3570884e47,skill,broader_than,ESCO_SKILLS
SKL_95cef25b821f,SKL_fddfe276744e,skill,broader_than,ESCO_SKILLS
SKL_95cef25b821f,SKL_5ee8a7543f31,skill,broader_than,ESCO_SKILLS
SKL_2071d45dc6aa,SKL_84e2db4e5f1a,skill,broader_than,ESCO_SKILLS
SKL_3602758e0596,SKL_4a7c46bdda77,skill,broader_than,ESCO_SKILLS
SKL_d36a87241b3e,SKL_5f8845f1d5e0,skill,broader_than,ESCO_SKILLS
SKL_9f20de910254,SKL_e2a0caa7e955,skill,broader_than,ESCO_SKILLS
SKL_a18079ef9114,SKL_1e667c09219f,skill,broader_than,ESCO_SKILLS
SKL_4d93430ba96d,SKL_1e638bd5bffc,skill,broader_than,ESCO_SKILLS
SKL_c2370a8d0ae1,SKL_05d942fe2ec4,skill,broader_than,ESCO_SKILLS
SKL_20b19108d741,SKL_42da43a49734,skill,broader_than,ESCO_SKILLS
SKL_bb5f053ffdd4,SKL_d239ba97bcd3,skill,broader_than,ESCO_SKILLS
SKL_40adba60c444,SKL_2e8814e0c022,skill,broader_than,ESCO_SKILLS
SKL_8180ef997d2d,SKL_ba0949a519d4,skill,broader_than,ESCO_SKILLS
SKL_0c69b2e7a542,SKL_8b2a6639b728,skill,broader_than,ESCO_SKILLS
SKL_2bd23e1a18e7,SKL_e287ea7ed250,skill,broader_than,ESCO_SKILLS
SKL_6791d32cdc4a,SKL_a473c85704ac,skill,broader_than,ESCO_SKILLS
SKL_95cef25b821f,SKL_b0e2bc9cd121,skill,broader_than,ESCO_SKILLS
SKL_95cef25b821f,SKL_185b1ce4d13f,skill,broader_than,ESCO_SKILLS
SKL_2ce7334bb9c5,SKL_7aa460ac3f36,skill,broader_than,ESCO_SKILLS
SKL_c2370a8d0ae1,SKL_65da6e3d5632,skill,broader_than,ESCO_SKILLS
SKL_7cb0b95d8ecb,SKL_c92f3cc793bd,skill,broader_than,ESCO_SKILLS
SKL_95cef25b821f,SKL_5d725c59527d,skill,broader_than,ESCO_SKILLS
SKL_7cb0b95d8ecb,SKL_0f00ad51113a,skill,broader_than,ESCO_SKILLS
SKL_f2a64246d4c8,SKL_2b93f9f2212e,skill,broader_than,ESCO_SKILLS
SKL_8c16ca127c1f,SKL_b612c882be81,skill,broader_than,ESCO_SKILLS
SKL_8a4017e488ab,SKL_f471c50579ee,skill,broader_than,ESCO_SKILLS
SKL_f3bb34bc0e6f,SKL_f6160802c9d7,skill,broader_than,ESCO_SKILLS
SKL_c2370a8d0ae1,SKL_f18769bf13e8,skill,broader_than,ESCO_SKILLS
SKL_fc6196efc144,SKL_275cb7c82576,skill,broader_than,ESCO_SKILLS
SKL_702ac47c3fd3,SKL_f8523145f2b6,skill,broader_than,ESCO_SKILLS
SKL_b2aff16de2fe,SKL_c28e6064ca64,skill,broader_than,ESCO_SKILLS
SKL_fbec0f1b939f,SKL_250cd2b20d54,skill,broader_than,ESCO_SKILLS
SKL_fbec0f1b939f,SKL_d2018888974f,skill,broader_than,ESCO_SKILLS
SKL_f37682de4b11,SKL_c6359d4f92de,skill,broader_than,ESCO_SKILLS
SKL_cf95a5fe5e76,SKL_dc7da142d8bb,skill,broader_than,ESCO_SKILLS
SKL_e3fbc0d4c1db,SKL_0d6403d7297a,skill,broader_than,ESCO_SKILLS
SKL_95cef25b821f,SKL_1d4c9a818ce1,skill,broader_than,ESCO_SKILLS
SKL_49d983dd1ef1,SKL_1c2989f1ddbd,skill,broader_than,ESCO_SKILLS
SKL_f37682de4b11,SKL_ab539029d5a9,skill,broader_than,ESCO_SKILLS
SKL_e88666ea091c,SKL_3c1c97314648,skill,broader_than,ESCO_SKILLS
SKL_b5469bbf712d,SKL_36f54bbc4658,skill,broader_than,ESCO_SKILLS
SKL_c2370a8d0ae1,SKL_35f33383eda7,skill,broader_than,ESCO_SKILLS
SKL_6791d32cdc4a,SKL_259f66dd5069,skill,broader_than,ESCO_SKILLS
SKL_848713e2923c,SKL_1f6b52c0fcf7,skill,broader_than,ESCO_SKILLS
SKL_848713e2923c,SKL_f404d9dd01d7,skill,broader_than,ESCO_SKILLS
SKL_05763a8559a5,SKL_80db69e65dcf,skill,broader_than,ESCO_SKILLS
SKL_95cef25b821f,SKL_5a85416c775f,skill,broader_than,ESCO_SKILLS
SKL_95cef25b821f,SKL_6e06692ca9dc,skill,broader_than,ESCO_SKILLS
SKL_f37682de4b11,SKL_04b1716090d6,skill,broader_than,ESCO_SKILLS
SKL_c2370a8d0ae1,SKL_d0bf41708bae,skill,broader_than,ESCO_SKILLS
SKL_95cef25b821f,SKL_308342e28b73,skill,broader_than,ESCO_SKILLS
SKL_fd713cc9d423,SKL_e0b5ce94e2d9,skill,broader_than,ESCO_SKILLS
SKL_f37682de4b11,SKL_a821b07aa040,skill,broader_than,ESCO_SKILLS
SKL_2f5cc21ba740,SKL_43c39f51f6b0,skill,broader_than,ESCO_SKILLS
SKL_d78cdf1307a2,SKL_99fe55e00127,skill,broader_than,ESCO_SKILLS
SKL_2e71f23c8a32,SKL_8cb18b8c928c,skill,broader_than,ESCO_SKILLS
SKL_710de4eb86e0,SKL_8f1e04cf248c,skill,broader_than,ESCO_SKILLS
SKL_e88666ea091c,SKL_bb70c18773cc,skill,broader_than,ESCO_SKILLS
SKL_7cb0b95d8ecb,SKL_526faf3276ed,skill,broader_than,ESCO_SKILLS
SKL_c2370a8d0ae1,SKL_b56d62566d72,skill,broader_than,ESCO_SKILLS
SKL_b2aff16de2fe,SKL_64bb489b222a,skill,broader_than,ESCO_SKILLS
SKL_1f009c8f6a48,SKL_9c97e63afd1a,skill,broader_than,ESCO_SKILLS
SKL_4bc16417eb61,SKL_4d8fe5bd3afb,skill,broader_than,ESCO_SKILLS
SKL_f37682de4b11,SKL_938d9250e59f,skill,broader_than,ESCO_SKILLS
SKL_b2aff16de2fe,SKL_29a041579e4f,skill,broader_than,ESCO_SKILLS
SKL_7119eb664ab9,SKL_0497519b9e19,skill,broader_than,ESCO_SKILLS
SKL_c2370a8d0ae1,SKL_d3d208a9be71,skill,broader_than,ESCO_SKILLS
SKL_a2845ad798eb,SKL_241100d02d30,skill,broader_than,ESCO_SKILLS
SKL_e18efe18894f,SKL_c3477b07a7f4,skill,broader_than,ESCO_SKILLS
SKL_5abe9a04e391,SKL_e07f953f8d6f,skill,broader_than,ESCO_SKILLS
SKL_8f17832f8525,SKL_70a487b401b1,skill,broader_than,ESCO_SKILLS
SKL_bb5f053ffdd4,SKL_12fcd896a282,skill,broader_than,ESCO_SKILLS
SKL_e3fbc0d4c1db,SKL_96bddabc0367,skill,broader_than,ESCO_SKILLS
SKL_b5469bbf712d,SKL_00b66941f332,skill,broader_than,ESCO_SKILLS
SKL_c2370a8d0ae1,SKL_8225f6572e45,skill,broader_than,ESCO_SKILLS
SKL_0f4ffde3ce91,SKL_5b3a519408f1,skill,broader_than,ESCO_SKILLS
SKL_95c40cdd51f6,SKL_1f360bb088ae,skill,broader_than,ESCO_SKILLS
SKL_848713e2923c,SKL_1980883e820f,skill,broader_than,ESCO_SKILLS
SKL_9f20de910254,SKL_831e59000a2d,skill,broader_than,ESCO_SKILLS
SKL_ead5f66c983d,SKL_cebd7936a54b,skill,broader_than,ESCO_SKILLS
SKL_a18079ef9114,SKL_617c70051e58,skill,broader_than,ESCO_SKILLS
SKL_20f8b4f7eb09,SKL_3daf970c81e6,skill,broader_than,ESCO_SKILLS
SKL_77f2ba894546,SKL_e2dbc508cb21,skill,broader_than,ESCO_SKILLS
SKL_1e594f8c6e15,SKL_d6e8c4e590ce,skill,broader_than,ESCO_SKILLS
SKL_d78cdf1307a2,SKL_7674a3b6283b,skill,broader_than,ESCO_SKILLS
SKL_c2370a8d0ae1,SKL_1e9e1aed4fe4,skill,broader_than,ESCO_SKILLS
SKL_4347c571ba42,SKL_53ceaa2295af,skill,broader_than,ESCO_SKILLS
SKL_848713e2923c,SKL_2187273ee3dc,skill,broader_than,ESCO_SKILLS
SKL_7cb0b95d8ecb,SKL_b6cffaebb42f,skill,broader_than,ESCO_SKILLS
SKL_a41501d93d27,SKL_7765edbc907f,skill,broader_than,ESCO_SKILLS
SKL_b5469bbf712d,SKL_5f4ddd24afc2,skill,broader_than,ESCO_SKILLS
SKL_fbec0f1b939f,SKL_4e42e5a0b309,skill,broader_than,ESCO_SKILLS
SKL_95cef25b821f,SKL_eac191d41595,skill,broader_than,ESCO_SKILLS
SKL_9f20de910254,SKL_6e8bbfce6061,skill,broader_than,ESCO_SKILLS
SKL_ead5f66c983d,SKL_4d1904c3c715,skill,broader_than,ESCO_SKILLS
SKL_95cef25b821f,SKL_e7f0a7064c6a,skill,broader_than,ESCO_SKILLS
SKL_564b6752d60e,SKL_03a1d7f894e8,skill,broader_than,ESCO_SKILLS
SKL_848713e2923c,SKL_b84a9945d501,skill,broader_than,ESCO_SKILLS
SKL_c33821ba45d6,SKL_95add2a3d691,skill,broader_than,ESCO_SKILLS
SKL_710de4eb86e0,SKL_c7c715f09c69,skill,broader_than,ESCO_SKILLS
SKL_ca776a7a3b8c,SKL_1e8fe35aac35,skill,broader_than,ESCO_SKILLS
SKL_0a8cc966ac29,SKL_89a64e81ab72,skill,broader_than,ESCO_SKILLS
SKL_78338510ffd2,SKL_2967c56cf4f1,skill,broader_than,ESCO_SKILLS
SKL_c2370a8d0ae1,SKL_e2b5df30b4ad,skill,broader_than,ESCO_SKILLS
SKL_e88666ea091c,SKL_b4e0aa885868,skill,broader_than,ESCO_SKILLS
SKL_95cef25b821f,SKL_ec2491e3eb27,skill,broader_than,ESCO_SKILLS
SKL_332fcc334bd0,SKL_13092015c7f1,skill,broader_than,ESCO_SKILLS
SKL_4347c571ba42,SKL_cf44a983788c,skill,broader_than,ESCO_SKILLS
SKL_c2370a8d0ae1,SKL_232fd42823e2,skill,broader_than,ESCO_SKILLS
SKL_95cef25b821f,SKL_ae8a143ffa63,skill,broader_than,ESCO_SKILLS
SKL_c33821ba45d6,SKL_edf4141c1769,skill,broader_than,ESCO_SKILLS
SKL_4d93430ba96d,SKL_8a815787aa2a,skill,broader_than,ESCO_SKILLS
SKL_9493d2030667,SKL_ff939e2316db,skill,broader_than,ESCO_SKILLS
SKL_b09bcb071c1f,SKL_ccd8df372d91,skill,broader_than,ESCO_SKILLS
SKL_161913019900,SKL_012943fba34b,skill,broader_than,ESCO_SKILLS
SKL_3cd7a0007015,SKL_2ff74aa61206,skill,broader_than,ESCO_SKILLS
SKL_9e8e77ff4949,SKL_7d4032a04a10,skill,broader_than,ESCO_SKILLS
SKL_4347c571ba42,SKL_0fefd6cde79a,skill,broader_than,ESCO_SKILLS
SKL_564b6752d60e,SKL_6bb3cc07b2cc,skill,broader_than,ESCO_SKILLS
SKL_19f72ffe39b6,SKL_73b7c046080c,skill,broader_than,ESCO_SKILLS
SKL_34182ebaf9a2,SKL_2efaeadaf118,skill,broader_than,ESCO_SKILLS
SKL_f1fa5403b560,SKL_0086eea0ffdc,skill,broader_than,ESCO_SKILLS
SKL_6cccbc832323,SKL_18f51ab73315,skill,broader_than,ESCO_SKILLS
SKL_95cef25b821f,SKL_86eb8b674662,skill,broader_than,ESCO_SKILLS
SKL_6cdae93ea559,SKL_bbb9030c3abd,skill,broader_than,ESCO_SKILLS
SKL_9f20de910254,SKL_19fb51cb3118,skill,broader_than,ESCO_SKILLS
SKL_c2370a8d0ae1,SKL_cb88cfd1c433,skill,broader_than,ESCO_SKILLS
SKL_26ca5e65420b,SKL_ea8aac6d5be1,skill,broader_than,ESCO_SKILLS
SKL_95cef25b821f,SKL_de759b6256cc,skill,broader_than,ESCO_SKILLS
SKL_23085972a5e1,SKL_8b358f26ac2f,skill,broader_than,ESCO_SKILLS
SKL_adbf3ba9a54c,SKL_b0609a35adbb,skill,broader_than,ESCO_SKILLS
SKL_a998402b66ce,SKL_ec9ace5cbf4d,skill,broader_than,ESCO_SKILLS
SKL_8180ef997d2d,SKL_b9455465e130,skill,broader_than,ESCO_SKILLS
SKL_bf0b9f662415,SKL_43401d5958b2,skill,broader_than,ESCO_SKILLS
SKL_20b19108d741,SKL_9c9170a8136c,skill,broader_than,ESCO_SKILLS
SKL_6fe9ced9f5e4,SKL_dfcd3d038855,skill,broader_than,ESCO_SKILLS
SKL_e3fbc0d4c1db,SKL_efc2d1a5ed07,skill,broader_than,ESCO_SKILLS
SKL_d91f21a94055,SKL_85ee1550e1e6,skill,broader_than,ESCO_SKILLS
SKL_b5469bbf712d,SKL_e3bd28baa199,skill,broader_than,ESCO_SKILLS
SKL_95cef25b821f,SKL_0db86e5fd56a,skill,broader_than,ESCO_SKILLS
SKL_c2370a8d0ae1,SKL_6979c42dcb59,skill,broader_than,ESCO_SKILLS
SKL_5abe9a04e391,SKL_a389a507c12c,skill,broader_than,ESCO_SKILLS
SKL_6cccbc832323,SKL_327879f3df6d,skill,broader_than,ESCO_SKILLS
SKL_20b19108d741,SKL_8a3ed198aa24,skill,broader_than,ESCO_SKILLS
SKL_aaabf934fad2,SKL_c98638f8926e,skill,broader_than,ESCO_SKILLS
SKL_309165ba639e,SKL_873cfe48c2ce,skill,broader_than,ESCO_SKILLS
SKL_95cef25b821f,SKL_0af13c576273,skill,broader_than,ESCO_SKILLS
SKL_e88666ea091c,SKL_a8e640d3772f,skill,broader_than,ESCO_SKILLS
SKL_f1fa5403b560,SKL_81519a81f725,skill,broader_than,ESCO_SKILLS
SKL_78338510ffd2,SKL_6d9516d0a330,skill,broader_than,ESCO_SKILLS
SKL_95cef25b821f,SKL_35ffdabbb177,skill,broader_than,ESCO_SKILLS
SKL_7cb0b95d8ecb,SKL_3809f98cce9e,skill,broader_than,ESCO_SKILLS
SKL_77f2ba894546,SKL_096204475b7f,skill,broader_than,ESCO_SKILLS
SKL_848713e2923c,SKL_d7981c6ceac0,skill,broader_than,ESCO_SKILLS
SKL_6791d32cdc4a,SKL_e22709d12c9f,skill,broader_than,ESCO_SKILLS
SKL_95cef25b821f,SKL_b52f6b21f082,skill,broader_than,ESCO_SKILLS
SKL_a18079ef9114,SKL_32fecb551172,skill,broader_than,ESCO_SKILLS
SKL_78338510ffd2,SKL_298f3454c212,skill,broader_than,ESCO_SKILLS
SKL_f37682de4b11,SKL_08e5feed4c87,skill,broader_than,ESCO_SKILLS
SKL_3cd7a0007015,SKL_96ec838ead75,skill,broader_than,ESCO_SKILLS
SKL_26ca5e65420b,SKL_03db30fda874,skill,broader_than,ESCO_SKILLS
SKL_6cccbc832323,SKL_f00286039422,skill,broader_than,ESCO_SKILLS
SKL_c2370a8d0ae1,SKL_ae19bc58bf36,skill,broader_than,ESCO_SKILLS
SKL_8a4017e488ab,SKL_56acbc4788c5,skill,broader_than,ESCO_SKILLS
SKL_6877a7df8f96,SKL_266605af5b2b,skill,broader_than,ESCO_SKILLS
SKL_2bd23e1a18e7,SKL_3bd4dede8a96,skill,broader_than,ESCO_SKILLS
SKL_069b9916ec3f,SKL_81f91dce66e4,skill,broader_than,ESCO_SKILLS
SKL_170dd53a8860,SKL_ea10cec2af3a,skill,broader_than,ESCO_SKILLS
SKL_f37682de4b11,SKL_16de28f15575,skill,broader_than,ESCO_SKILLS
SKL_73e01dacd683,SKL_e1be1080dfc6,skill,broader_than,ESCO_SKILLS
SKL_e6e808990e37,SKL_fac53db94872,skill,broader_than,ESCO_SKILLS
SKL_80f9df514fb8,SKL_f666d0082580,skill,broader_than,ESCO_SKILLS
SKL_7ac7457bf03a,SKL_db1fc57b8d09,skill,broader_than,ESCO_SKILLS
SKL_95cef25b821f,SKL_224770e9399c,skill,broader_than,ESCO_SKILLS
SKL_8a4017e488ab,SKL_e681e8b852a4,skill,broader_than,ESCO_SKILLS
SKL_78d33c554ba5,SKL_11505b49c412,skill,broader_than,ESCO_SKILLS
SKL_d863c054ef67,SKL_2acba252bd66,skill,broader_than,ESCO_SKILLS
SKL_78338510ffd2,SKL_1853e9b32b6b,skill,broader_than,ESCO_SKILLS
SKL_2071d45dc6aa,SKL_8dbcd96e6942,skill,broader_than,ESCO_SKILLS
SKL_c2370a8d0ae1,SKL_c684401efd06,skill,broader_than,ESCO_SKILLS
SKL_4347c571ba42,SKL_29b4410cdb6a,skill,broader_than,ESCO_SKILLS
SKL_92dcce70f015,SKL_6a18404d2fae,skill,broader_than,ESCO_SKILLS
SKL_d00bac4126fd,SKL_df70abc2e857,skill,broader_than,ESCO_SKILLS
SKL_0c69b2e7a542,SKL_f4472a96573c,skill,broader_than,ESCO_SKILLS
SKL_c2370a8d0ae1,SKL_26e38c8d0849,skill,broader_than,ESCO_SKILLS
SKL_0c69b2e7a542,SKL_d9b2a4772030,skill,broader_than,ESCO_SKILLS
SKL_20b19108d741,SKL_8948f132b19b,skill,broader_than,ESCO_SKILLS
SKL_43db3ded8234,SKL_9ec10cbe6c66,skill,broader_than,ESCO_SKILLS
SKL_d00bac4126fd,SKL_c4e529c9f31f,skill,broader_than,ESCO_SKILLS
SKL_4c7541ae401a,SKL_c0af7cdae97f,skill,broader_than,ESCO_SKILLS
SKL_20b19108d741,SKL_8311e0f8dbf3,skill,broader_than,ESCO_SKILLS
SKL_3cd7a0007015,SKL_d31c065f5f21,skill,broader_than,ESCO_SKILLS
SKL_8c16ca127c1f,SKL_628f1410a7a6,skill,broader_than,ESCO_SKILLS
SKL_341cd1d09bb4,SKL_0639d47eb735,skill,broader_than,ESCO_SKILLS
SKL_c2370a8d0ae1,SKL_81953b3440a3,skill,broader_than,ESCO_SKILLS
SKL_2ce7334bb9c5,SKL_322c73cb66e8,skill,broader_than,ESCO_SKILLS
SKL_19f72ffe39b6,SKL_536912e60310,skill,broader_than,ESCO_SKILLS
SKL_77f2ba894546,SKL_789c67df42ab,skill,broader_than,ESCO_SKILLS
SKL_d91f21a94055,SKL_80e5a9774341,skill,broader_than,ESCO_SKILLS
SKL_f37682de4b11,SKL_2c1327384ada,skill,broader_than,ESCO_SKILLS
SKL_95cef25b821f,SKL_81167559edfd,skill,broader_than,ESCO_SKILLS
SKL_1453ea0b57fd,SKL_1867331e9788,skill,broader_than,ESCO_SKILLS
SKL_d91f21a94055,SKL_a64f321f488f,skill,broader_than,ESCO_SKILLS
SKL_9493d2030667,SKL_e45777b83f85,skill,broader_than,ESCO_SKILLS
SKL_2e71f23c8a32,SKL_aa64964a668e,skill,broader_than,ESCO_SKILLS
SKL_6cdae93ea559,SKL_a973c6971015,skill,broader_than,ESCO_SKILLS
SKL_95cef25b821f,SKL_1f31dc507700,skill,broader_than,ESCO_SKILLS
SKL_4347c571ba42,SKL_588b0ce4feb1,skill,broader_than,ESCO_SKILLS
SKL_95cef25b821f,SKL_027b4b2aa1a9,skill,broader_than,ESCO_SKILLS
SKL_95cef25b821f,SKL_349ff15e502d,skill,broader_than,ESCO_SKILLS
SKL_1cb698728502,SKL_d453c9ea1d9c,skill,broader_than,ESCO_SKILLS
SKL_bad628a57dfc,SKL_f388889ccd53,skill,broader_than,ESCO_SKILLS
SKL_c2370a8d0ae1,SKL_cd1a8c17e323,skill,broader_than,ESCO_SKILLS
SKL_c2370a8d0ae1,SKL_7b4f8244da7c,skill,broader_than,ESCO_SKILLS
SKL_19f72ffe39b6,SKL_7d91794b64e6,skill,broader_than,ESCO_SKILLS
SKL_ef3949b7f79f,SKL_fdcf9cd94388,skill,broader_than,ESCO_SKILLS
SKL_a18079ef9114,SKL_b8e094d58721,skill,broader_than,ESCO_SKILLS
SKL_95cef25b821f,SKL_4687c1d5b8d4,skill,broader_than,ESCO_SKILLS
SKL_6cdae93ea559,SKL_6a468ac789e8,skill,broader_than,ESCO_SKILLS
SKL_95cef25b821f,SKL_de055ba807c1,skill,broader_than,ESCO_SKILLS
SKL_20e982400591,SKL_9fde7a7a4ad4,skill,broader_than,ESCO_SKILLS
SKL_aaabf934fad2,SKL_3d0c901cfcaf,skill,broader_than,ESCO_SKILLS
SKL_6dfcac495c53,SKL_1bae5b813605,skill,broader_than,ESCO_SKILLS
SKL_8a4017e488ab,SKL_00199bcd086f,skill,broader_than,ESCO_SKILLS
SKL_95cef25b821f,SKL_5bed2e74daf6,skill,broader_than,ESCO_SKILLS
SKL_e28559fdec63,SKL_4cd9c82e2b55,skill,broader_than,ESCO_SKILLS
SKL_95cef25b821f,SKL_aea3e91c5092,skill,broader_than,ESCO_SKILLS
SKL_2071d45dc6aa,SKL_483e02923b41,skill,broader_than,ESCO_SKILLS
SKL_e88666ea091c,SKL_f98531995e62,skill,broader_than,ESCO_SKILLS
SKL_23085972a5e1,SKL_b58c863e0dfe,skill,broader_than,ESCO_SKILLS
SKL_23085972a5e1,SKL_a0910b4e42c4,skill,broader_than,ESCO_SKILLS
SKL_fae7568e2548,SKL_ebb4510ed841,skill,broader_than,ESCO_SKILLS
SKL_341cd1d09bb4,SKL_f3f30c18c6c0,skill,broader_than,ESCO_SKILLS
SKL_4347c571ba42,SKL_3b1c6e0aad62,skill,broader_than,ESCO_SKILLS
SKL_9f20de910254,SKL_5f3c89bad715,skill,broader_than,ESCO_SKILLS
SKL_fae7568e2548,SKL_5b83ea838ffd,skill,broader_than,ESCO_SKILLS
SKL_f37682de4b11,SKL_33e2ad413fc1,skill,broader_than,ESCO_SKILLS
SKL_2071d45dc6aa,SKL_9de0f5461144,skill,broader_than,ESCO_SKILLS
SKL_8f951812d27f,SKL_1cf292a8c0ee,skill,broader_than,ESCO_SKILLS
SKL_6cdae93ea559,SKL_a0a82942ef54,skill,broader_than,ESCO_SKILLS
SKL_702ac47c3fd3,SKL_502af47e0a59,skill,broader_than,ESCO_SKILLS
SKL_8a4017e488ab,SKL_bd85b6465f48,skill,broader_than,ESCO_SKILLS
SKL_95cef25b821f,SKL_1cd624314ce9,skill,broader_than,ESCO_SKILLS
SKL_e88666ea091c,SKL_a94e84871ee9,skill,broader_than,ESCO_SKILLS
SKL_aaabf934fad2,SKL_4169635a80e2,skill,broader_than,ESCO_SKILLS
SKL_20f8b4f7eb09,SKL_1911edef9778,skill,broader_than,ESCO_SKILLS
SKL_c2370a8d0ae1,SKL_95ca38c47f50,skill,broader_than,ESCO_SKILLS
SKL_95cef25b821f,SKL_2826cd7b523c,skill,broader_than,ESCO_SKILLS
SKL_f2a64246d4c8,SKL_82fb2644575a,skill,broader_than,ESCO_SKILLS
SKL_95cef25b821f,SKL_8dad71fe8c3c,skill,broader_than,ESCO_SKILLS
SKL_7cb0b95d8ecb,SKL_af7934165e9a,skill,broader_than,ESCO_SKILLS
SKL_2bd23e1a18e7,SKL_4adb0a2106db,skill,broader_than,ESCO_SKILLS
SKL_ba7115f1ce76,SKL_1d1a8295eeda,skill,broader_than,ESCO_SKILLS
SKL_309165ba639e,SKL_789d2af203ff,skill,broader_than,ESCO_SKILLS
SKL_32b903fd120b,SKL_1ba86fb9f29e,skill,broader_than,ESCO_SKILLS
SKL_77f2ba894546,SKL_b1c2a4bc445a,skill,broader_than,ESCO_SKILLS
SKL_c2370a8d0ae1,SKL_3a770021928a,skill,broader_than,ESCO_SKILLS
SKL_d8f0765c1c31,SKL_d49491e2fcc6,skill,broader_than,ESCO_SKILLS
SKL_73e01dacd683,SKL_da645c224c86,skill,broader_than,ESCO_SKILLS
SKL_d8f0765c1c31,SKL_8c107549fe5b,skill,broader_than,ESCO_SKILLS
SKL_bad628a57dfc,SKL_197598d2730e,skill,broader_than,ESCO_SKILLS
SKL_85d6f18cb7bf,SKL_4105ef177e9d,skill,broader_than,ESCO_SKILLS
SKL_b90181e8b24c,SKL_26274ee028a7,skill,broader_than,ESCO_SKILLS
SKL_e3fbc0d4c1db,SKL_73331ab8779f,skill,broader_than,ESCO_SKILLS
SKL_710de4eb86e0,SKL_048583f9e7a6,skill,broader_than,ESCO_SKILLS
SKL_6dfcac495c53,SKL_818a257e28f1,skill,broader_than,ESCO_SKILLS
SKL_f20a0dabd829,SKL_431af79d6c2d,skill,broader_than,ESCO_SKILLS
SKL_c2370a8d0ae1,SKL_29aa2699d0ed,skill,broader_than,ESCO_SKILLS
SKL_5c624c745d04,SKL_f4b0d96998e6,skill,broader_than,ESCO_SKILLS
SKL_4c7541ae401a,SKL_f8e97f763e19,skill,broader_than,ESCO_SKILLS
SKL_95cef25b821f,SKL_af82150fafdb,skill,broader_than,ESCO_SKILLS
SKL_7cb0b95d8ecb,SKL_e92f735f2558,skill,broader_than,ESCO_SKILLS
SKL_b2aff16de2fe,SKL_dc718588b284,skill,broader_than,ESCO_SKILLS
SKL_c2370a8d0ae1,SKL_4d76ad90efb3,skill,broader_than,ESCO_SKILLS
SKL_6dfcac495c53,SKL_f76e03586a5e,skill,broader_than,ESCO_SKILLS
SKL_1f009c8f6a48,SKL_a5dbeab6c38b,skill,broader_than,ESCO_SKILLS
SKL_e88666ea091c,SKL_ad8a6209aa68,skill,broader_than,ESCO_SKILLS
SKL_2f5cc21ba740,SKL_a03ccdacfdcf,skill,broader_than,ESCO_SKILLS
SKL_23085972a5e1,SKL_62cb2c333713,skill,broader_than,ESCO_SKILLS
SKL_adbf3ba9a54c,SKL_05a83bc4458b,skill,broader_than,ESCO_SKILLS
SKL_ee04c5da3db2,SKL_9e7b6e284f35,skill,broader_than,ESCO_SKILLS
SKL_95cef25b821f,SKL_2b386dc088dc,skill,broader_than,ESCO_SKILLS
SKL_3fa6927e189d,SKL_5e9ec004678c,skill,broader_than,ESCO_SKILLS
SKL_8a4017e488ab,SKL_53fbbdc90e13,skill,broader_than,ESCO_SKILLS
SKL_1f009c8f6a48,SKL_37f4abfcf77d,skill,broader_than,ESCO_SKILLS
SKL_0c69b2e7a542,SKL_2686d3ca1793,skill,broader_than,ESCO_SKILLS
SKL_cdee588f84aa,SKL_0a5f047090fe,skill,broader_than,ESCO_SKILLS
SKL_c2370a8d0ae1,SKL_9c47232ffdf8,skill,broader_than,ESCO_SKILLS
SKL_f37682de4b11,SKL_e4b4be89e1ff,skill,broader_than,ESCO_SKILLS
SKL_20b19108d741,SKL_f6deffac4dbf,skill,broader_than,ESCO_SKILLS
SKL_db523198cffb,SKL_0b061adb652d,skill,broader_than,ESCO_SKILLS
SKL_c2370a8d0ae1,SKL_78a032041797,skill,broader_than,ESCO_SKILLS
SKL_ca776a7a3b8c,SKL_9d13f5ec1fdf,skill,broader_than,ESCO_SKILLS
SKL_f1fa5403b560,SKL_d2606da8e850,skill,broader_than,ESCO_SKILLS
SKL_c2370a8d0ae1,SKL_c5114bc54f61,skill,broader_than,ESCO_SKILLS
SKL_78338510ffd2,SKL_cd8ba7413876,skill,broader_than,ESCO_SKILLS
SKL_4d93430ba96d,SKL_7efcdffab3b3,skill,broader_than,ESCO_SKILLS
SKL_5c624c745d04,SKL_e65eaedaf281,skill,broader_than,ESCO_SKILLS
SKL_6f8335c78a9b,SKL_4e7bcf525ff7,skill,broader_than,ESCO_SKILLS
SKL_95cef25b821f,SKL_4156ea9aa526,skill,broader_than,ESCO_SKILLS
SKL_8d8d08b40444,SKL_35a99b3ae22c,skill,broader_than,ESCO_SKILLS
SKL_2ce7334bb9c5,SKL_bb75147adbcb,skill,broader_than,ESCO_SKILLS
SKL_9f20de910254,SKL_e9c6121d5e8e,skill,broader_than,ESCO_SKILLS
SKL_2e71f23c8a32,SKL_b90b0e526a8b,skill,broader_than,ESCO_SKILLS
SKL_92dcce70f015,SKL_f9ec5e405892,skill,broader_than,ESCO_SKILLS
SKL_23085972a5e1,SKL_8a9651b100b9,skill,broader_than,ESCO_SKILLS
SKL_c2370a8d0ae1,SKL_a7c157e96f4c,skill,broader_than,ESCO_SKILLS
SKL_4347c571ba42,SKL_0d11c1c4ba27,skill,broader_than,ESCO_SKILLS
SKL_8a4017e488ab,SKL_02c69b93451d,skill,broader_than,ESCO_SKILLS
SKL_cb1978958417,SKL_37eb93868d67,skill,broader_than,ESCO_SKILLS
SKL_77f2ba894546,SKL_65a88136df69,skill,broader_than,ESCO_SKILLS
SKL_0c69b2e7a542,SKL_b08de6af456f,skill,broader_than,ESCO_SKILLS
SKL_17ef27cb65de,SKL_abe63d2a4aae,skill,broader_than,ESCO_SKILLS
SKL_adbf3ba9a54c,SKL_e0cd3dc50b3c,skill,broader_than,ESCO_SKILLS
SKL_95cef25b821f,SKL_fb22373c26ad,skill,broader_than,ESCO_SKILLS
SKL_2071d45dc6aa,SKL_b1d3c0bd074a,skill,broader_than,ESCO_SKILLS
SKL_bf0b9f662415,SKL_b5a66ada3c21,skill,broader_than,ESCO_SKILLS
SKL_2e71f23c8a32,SKL_4b44e9b302c7,skill,broader_than,ESCO_SKILLS
SKL_95cef25b821f,SKL_61058691b0ef,skill,broader_than,ESCO_SKILLS
SKL_f67716abe1af,SKL_0bb58cd89f27,skill,broader_than,ESCO_SKILLS
SKL_a41501d93d27,SKL_6130ab6af82c,skill,broader_than,ESCO_SKILLS
SKL_f20a0dabd829,SKL_5dcc8e458213,skill,broader_than,ESCO_SKILLS
SKL_d8f0765c1c31,SKL_6fafa85b6906,skill,broader_than,ESCO_SKILLS
SKL_ca776a7a3b8c,SKL_e6ca3be59c9b,skill,broader_than,ESCO_SKILLS
SKL_e88666ea091c,SKL_5ad581fa1e0f,skill,broader_than,ESCO_SKILLS
SKL_95cef25b821f,SKL_7e88ed7907b6,skill,broader_than,ESCO_SKILLS
SKL_c2370a8d0ae1,SKL_26d8f2754836,skill,broader_than,ESCO_SKILLS
SKL_c331349631ea,SKL_ac849d14848f,skill,broader_than,ESCO_SKILLS
SKL_a3c4676f849b,SKL_f67b6e3d70d2,skill,broader_than,ESCO_SKILLS
SKL_95cef25b821f,SKL_5846d47024c9,skill,broader_than,ESCO_SKILLS
SKL_cb1978958417,SKL_ffc885172f88,skill,broader_than,ESCO_SKILLS
SKL_77f2ba894546,SKL_79d7ba26c340,skill,broader_than,ESCO_SKILLS
SKL_80f9df514fb8,SKL_60e996ac75cf,skill,broader_than,ESCO_SKILLS
SKL_0a8cc966ac29,SKL_1c6215f5f465,skill,broader_than,ESCO_SKILLS
SKL_ba7115f1ce76,SKL_1e5cd3064178,skill,broader_than,ESCO_SKILLS
SKL_3cd7a0007015,SKL_0e0e749d3446,skill,broader_than,ESCO_SKILLS
SKL_9f20de910254,SKL_af2ff39d72ae,skill,broader_than,ESCO_SKILLS
SKL_309165ba639e,SKL_2fe1ad7a3d79,skill,broader_than,ESCO_SKILLS
SKL_d8f0765c1c31,SKL_31eb2c110ee8,skill,broader_than,ESCO_SKILLS
SKL_4dc55d1c0758,SKL_6f5a4ab18a01,skill,broader_than,ESCO_SKILLS
SKL_891df4532d6f,SKL_6b3b58ffac7b,skill,broader_than,ESCO_SKILLS
SKL_5e1d62283101,SKL_a9a5d83a092a,skill,broader_than,ESCO_SKILLS
SKL_9600e022ce3f,SKL_33a22f201b0d,skill,broader_than,ESCO_SKILLS
SKL_1f009c8f6a48,SKL_dc34bf5c3028,skill,broader_than,ESCO_SKILLS
SKL_8c16ca127c1f,SKL_9cd6fbd61736,skill,broader_than,ESCO_SKILLS
SKL_9f20de910254,SKL_93fd9d40168a,skill,broader_than,ESCO_SKILLS
SKL_8a4017e488ab,SKL_8c7f2a91dd54,skill,broader_than,ESCO_SKILLS
SKL_c33821ba45d6,SKL_acefb6869f54,skill,broader_than,ESCO_SKILLS
SKL_2bd23e1a18e7,SKL_d59826d05417,skill,broader_than,ESCO_SKILLS
SKL_26ca5e65420b,SKL_5967172f87ff,skill,broader_than,ESCO_SKILLS
SKL_95cef25b821f,SKL_a06b16646953,skill,broader_than,ESCO_SKILLS
SKL_bc5b4ac739bc,SKL_c4814cbb355b,skill,broader_than,ESCO_SKILLS
SKL_ead5f66c983d,SKL_89277e719209,skill,broader_than,ESCO_SKILLS
SKL_b40b66e0c4de,SKL_b825d30d64b1,skill,broader_than,ESCO_SKILLS
SKL_44b9929ca903,SKL_5f54eb0fcc33,skill,broader_than,ESCO_SKILLS
SKL_adbf3ba9a54c,SKL_f1c997d8743f,skill,broader_than,ESCO_SKILLS
SKL_0a8cc966ac29,SKL_e7fb6eaf90b6,skill,broader_than,ESCO_SKILLS
SKL_c2370a8d0ae1,SKL_de2ce348c043,skill,broader_than,ESCO_SKILLS
SKL_77f2ba894546,SKL_26bcb7a7c221,skill,broader_than,ESCO_SKILLS
SKL_77f2ba894546,SKL_b89955b20777,skill,broader_than,ESCO_SKILLS
SKL_c2370a8d0ae1,SKL_5d017b2d9604,skill,broader_than,ESCO_SKILLS
SKL_f37682de4b11,SKL_3a9e78101716,skill,broader_than,ESCO_SKILLS
SKL_95cef25b821f,SKL_2638b6cbc5c4,skill,broader_than,ESCO_SKILLS
SKL_4c7541ae401a,SKL_b746f67748e4,skill,broader_than,ESCO_SKILLS
SKL_0a8cc966ac29,SKL_48a7dd78245f,skill,broader_than,ESCO_SKILLS
SKL_f37682de4b11,SKL_6f4b7911d26d,skill,broader_than,ESCO_SKILLS
SKL_73e01dacd683,SKL_ce7987c9b48d,skill,broader_than,ESCO_SKILLS
SKL_95cef25b821f,SKL_31729146cb82,skill,broader_than,ESCO_SKILLS
SKL_95cef25b821f,SKL_9af593147852,skill,broader_than,ESCO_SKILLS
SKL_6791d32cdc4a,SKL_90b10ab7ce01,skill,broader_than,ESCO_SKILLS
SKL_c2370a8d0ae1,SKL_fe01fa21ff02,skill,broader_than,ESCO_SKILLS
SKL_f37682de4b11,SKL_b607cbc73371,skill,broader_than,ESCO_SKILLS
SKL_95cef25b821f,SKL_7019e9976329,skill,broader_than,ESCO_SKILLS
SKL_9f20de910254,SKL_5feb6f188322,skill,broader_than,ESCO_SKILLS
SKL_1453ea0b57fd,SKL_5b396bf30d7e,skill,broader_than,ESCO_SKILLS
SKL_6791d32cdc4a,SKL_eef5affdc2e0,skill,broader_than,ESCO_SKILLS
SKL_6097e8eaeb92,SKL_43bb22c2490d,skill,broader_than,ESCO_SKILLS
SKL_32b903fd120b,SKL_a0b425f074d0,skill,broader_than,ESCO_SKILLS
SKL_ef3949b7f79f,SKL_f6d5e3b24280,skill,broader_than,ESCO_SKILLS
SKL_4347c571ba42,SKL_2b9b57d62800,skill,broader_than,ESCO_SKILLS
SKL_95cef25b821f,SKL_df69f4055e0d,skill,broader_than,ESCO_SKILLS
SKL_77f2ba894546,SKL_335328852ed8,skill,broader_than,ESCO_SKILLS
SKL_f37682de4b11,SKL_2adaf333f310,skill,broader_than,ESCO_SKILLS
SKL_8c16ca127c1f,SKL_62237838ecde,skill,broader_than,ESCO_SKILLS
SKL_9f20de910254,SKL_a11da56cffcd,skill,broader_than,ESCO_SKILLS
SKL_77f2ba894546,SKL_89abbdc9344e,skill,broader_than,ESCO_SKILLS
SKL_332fcc334bd0,SKL_7244cf04ed21,skill,broader_than,ESCO_SKILLS
SKL_ead5f66c983d,SKL_87447445d99d,skill,broader_than,ESCO_SKILLS
SKL_ef3949b7f79f,SKL_89b4a20c6591,skill,broader_than,ESCO_SKILLS
SKL_e21d2bf7fe36,SKL_7c72a040d0cb,skill,broader_than,ESCO_SKILLS
SKL_95cef25b821f,SKL_9857c27e00bf,skill,broader_than,ESCO_SKILLS
SKL_db523198cffb,SKL_3689a79bb281,skill,broader_than,ESCO_SKILLS
SKL_95cef25b821f,SKL_c6ec40ea85b9,skill,broader_than,ESCO_SKILLS
SKL_faa6cb1d66ae,SKL_b952b2bee8dd,skill,broader_than,ESCO_SKILLS
SKL_4347c571ba42,SKL_a056c33cbcd4,skill,broader_than,ESCO_SKILLS
SKL_e28559fdec63,SKL_52bb539de37f,skill,broader_than,ESCO_SKILLS
SKL_e88666ea091c,SKL_0de5209b6016,skill,broader_than,ESCO_SKILLS
SKL_d8f0765c1c31,SKL_da2d178c6e32,skill,broader_than,ESCO_SKILLS
SKL_891df4532d6f,SKL_487dc7976c4c,skill,broader_than,ESCO_SKILLS
SKL_848713e2923c,SKL_e0cf7c334b3e,skill,broader_than,ESCO_SKILLS
SKL_c2370a8d0ae1,SKL_93ac48a36c81,skill,broader_than,ESCO_SKILLS
SKL_ca776a7a3b8c,SKL_63e1e2009af4,skill,broader_than,ESCO_SKILLS
SKL_0a8cc966ac29,SKL_2fd8c5a27951,skill,broader_than,ESCO_SKILLS
SKL_e21d2bf7fe36,SKL_0932d09f80bf,skill,broader_than,ESCO_SKILLS
SKL_90aa7853e0d6,SKL_123761be71d3,skill,broader_than,ESCO_SKILLS
SKL_8d8d08b40444,SKL_6bf98af89a35,skill,broader_than,ESCO_SKILLS
SKL_8f951812d27f,SKL_2b783cf6ca18,skill,broader_than,ESCO_SKILLS
SKL_8a4017e488ab,SKL_c2f4985aed64,skill,broader_than,ESCO_SKILLS
SKL_95cef25b821f,SKL_af1d52e02300,skill,broader_than,ESCO_SKILLS
SKL_4347c571ba42,SKL_80db029523ac,skill,broader_than,ESCO_SKILLS
SKL_20b19108d741,SKL_0460149cc0ff,skill,broader_than,ESCO_SKILLS
SKL_e88666ea091c,SKL_d67dfc4ee39e,skill,broader_than,ESCO_SKILLS
SKL_6791d32cdc4a,SKL_548b1864cd14,skill,broader_than,ESCO_SKILLS
SKL_d5ac46835686,SKL_c3e053b207ff,skill,broader_than,ESCO_SKILLS
SKL_95cef25b821f,SKL_d109a693537c,skill,broader_than,ESCO_SKILLS
SKL_20b19108d741,SKL_c4873b8383da,skill,broader_than,ESCO_SKILLS
SKL_6cccbc832323,SKL_12d7df7cd8f5,skill,broader_than,ESCO_SKILLS
SKL_9493d2030667,SKL_e6562948de6a,skill,broader_than,ESCO_SKILLS
SKL_d8f0765c1c31,SKL_3bd278c6f34d,skill,broader_than,ESCO_SKILLS
SKL_445b3ba921d0,SKL_24eaac2493a9,skill,broader_than,ESCO_SKILLS
SKL_7cb0b95d8ecb,SKL_2413edb46063,skill,broader_than,ESCO_SKILLS
SKL_95cef25b821f,SKL_21b88a75c61d,skill,broader_than,ESCO_SKILLS
SKL_94289d48fe6e,SKL_09235c607125,skill,broader_than,ESCO_SKILLS
SKL_d6fc71101bde,SKL_3b874310b02a,skill,broader_than,ESCO_SKILLS
SKL_6097e8eaeb92,SKL_6858c5f3fff8,skill,broader_than,ESCO_SKILLS
SKL_0f90102c2c61,SKL_8aaaa2337efd,skill,broader_than,ESCO_SKILLS
SKL_73e01dacd683,SKL_8ac356d63b95,skill,broader_than,ESCO_SKILLS
SKL_d6fc71101bde,SKL_74b00626b81c,skill,broader_than,ESCO_SKILLS
SKL_34182ebaf9a2,SKL_7b9fab74c27a,skill,broader_than,ESCO_SKILLS
SKL_6791d32cdc4a,SKL_84f81aebbec1,skill,broader_than,ESCO_SKILLS
SKL_20b19108d741,SKL_3a9c4d306d16,skill,broader_than,ESCO_SKILLS
SKL_78338510ffd2,SKL_337ea3ff9625,skill,broader_than,ESCO_SKILLS
SKL_95cef25b821f,SKL_47f2166fb857,skill,broader_than,ESCO_SKILLS
SKL_77f2ba894546,SKL_2bc91d00f4a3,skill,broader_than,ESCO_SKILLS
SKL_17ef27cb65de,SKL_4a53b7862886,skill,broader_than,ESCO_SKILLS
SKL_94289d48fe6e,SKL_be093e79069c,skill,broader_than,ESCO_SKILLS
SKL_cb1978958417,SKL_7424fb651369,skill,broader_than,ESCO_SKILLS
SKL_95cef25b821f,SKL_ea47db501b9f,skill,broader_than,ESCO_SKILLS
SKL_cf7c3c765da5,SKL_acb7132e14ad,skill,broader_than,ESCO_SKILLS
SKL_a33f08cc5a13,SKL_e3432fd32735,skill,broader_than,ESCO_SKILLS
SKL_9600e022ce3f,SKL_0643ee1dab7c,skill,broader_than,ESCO_SKILLS
SKL_e3fbc0d4c1db,SKL_5682de6d321b,skill,broader_than,ESCO_SKILLS
SKL_48304bae8008,SKL_ad19fd262b6d,skill,broader_than,ESCO_SKILLS
SKL_c2370a8d0ae1,SKL_baba1c8d18ea,skill,broader_than,ESCO_SKILLS
SKL_4dc55d1c0758,SKL_2ed93fb179ee,skill,broader_than,ESCO_SKILLS
SKL_7cb0b95d8ecb,SKL_ca76f7bcf69b,skill,broader_than,ESCO_SKILLS
SKL_2f5cc21ba740,SKL_26b466cb09a0,skill,broader_than,ESCO_SKILLS
SKL_7119eb664ab9,SKL_d9040f1b085b,skill,broader_than,ESCO_SKILLS
SKL_aaabf934fad2,SKL_b1d9f1c55a59,skill,broader_than,ESCO_SKILLS
SKL_94289d48fe6e,SKL_32ea606ef54c,skill,broader_than,ESCO_SKILLS
SKL_ead5f66c983d,SKL_f102b758f503,skill,broader_than,ESCO_SKILLS
SKL_848713e2923c,SKL_e70d9ea221e7,skill,broader_than,ESCO_SKILLS
SKL_b5469bbf712d,SKL_166c95005018,skill,broader_than,ESCO_SKILLS
SKL_95cef25b821f,SKL_36c8b1712a0f,skill,broader_than,ESCO_SKILLS
SKL_e88666ea091c,SKL_a56b1ef6f421,skill,broader_than,ESCO_SKILLS
SKL_aaabf934fad2,SKL_64d0f91234b1,skill,broader_than,ESCO_SKILLS
SKL_c2370a8d0ae1,SKL_5adb63770fc7,skill,broader_than,ESCO_SKILLS
SKL_20b19108d741,SKL_2ad1a26854b3,skill,broader_than,ESCO_SKILLS
SKL_7cb0b95d8ecb,SKL_3431a628a732,skill,broader_than,ESCO_SKILLS
SKL_95cef25b821f,SKL_7fcbb1e10b41,skill,broader_than,ESCO_SKILLS
SKL_c2370a8d0ae1,SKL_45833ea0a545,skill,broader_than,ESCO_SKILLS
SKL_b0431e61371b,SKL_f928f432f512,skill,broader_than,ESCO_SKILLS
SKL_aaabf934fad2,SKL_2dc98e79752c,skill,broader_than,ESCO_SKILLS
SKL_ee04c5da3db2,SKL_66409b87c3c6,skill,broader_than,ESCO_SKILLS
SKL_aaabf934fad2,SKL_1719b2eb4004,skill,broader_than,ESCO_SKILLS
SKL_95cef25b821f,SKL_0b6d0771361b,skill,broader_than,ESCO_SKILLS
SKL_bf0b9f662415,SKL_259ad59b7708,skill,broader_than,ESCO_SKILLS
SKL_95cef25b821f,SKL_ad07bc17b05e,skill,broader_than,ESCO_SKILLS
SKL_db523198cffb,SKL_373c6aa909f7,skill,broader_than,ESCO_SKILLS
SKL_6dfcac495c53,SKL_ab58f79b14a7,skill,broader_than,ESCO_SKILLS
SKL_95cef25b821f,SKL_25e293017929,skill,broader_than,ESCO_SKILLS
SKL_b2aff16de2fe,SKL_1ce625596796,skill,broader_than,ESCO_SKILLS
SKL_adbf3ba9a54c,SKL_8d75c167d23e,skill,broader_than,ESCO_SKILLS
SKL_cf7c3c765da5,SKL_62ddf5eab27d,skill,broader_than,ESCO_SKILLS
SKL_8c16ca127c1f,SKL_00bf18ce904e,skill,broader_than,ESCO_SKILLS
SKL_9f20de910254,SKL_3c591965e657,skill,broader_than,ESCO_SKILLS
SKL_6791d32cdc4a,SKL_57622453b101,skill,broader_than,ESCO_SKILLS
SKL_c2370a8d0ae1,SKL_103114f48d93,skill,broader_than,ESCO_SKILLS
SKL_0c69b2e7a542,SKL_5a446684d93e,skill,broader_than,ESCO_SKILLS
SKL_7119eb664ab9,SKL_a1ccdf3bf43e,skill,broader_than,ESCO_SKILLS
SKL_0c69b2e7a542,SKL_5c25f3273be8,skill,broader_than,ESCO_SKILLS
SKL_848713e2923c,SKL_67de2545bb79,skill,broader_than,ESCO_SKILLS
SKL_6cccbc832323,SKL_d14f93296fe7,skill,broader_than,ESCO_SKILLS
SKL_20b19108d741,SKL_faa7a56e6d5d,skill,broader_than,ESCO_SKILLS
SKL_40adba60c444,SKL_587bf6d883a3,skill,broader_than,ESCO_SKILLS
SKL_4347c571ba42,SKL_4f01778789d9,skill,broader_than,ESCO_SKILLS
SKL_cb1978958417,SKL_8c4e3cdac838,skill,broader_than,ESCO_SKILLS
SKL_4c7541ae401a,SKL_8e2350e55802,skill,broader_than,ESCO_SKILLS
SKL_aaabf934fad2,SKL_26feceb26c81,skill,broader_than,ESCO_SKILLS
SKL_6cccbc832323,SKL_bfec3156a8dd,skill,broader_than,ESCO_SKILLS
SKL_c2370a8d0ae1,SKL_431affbbd0fa,skill,broader_than,ESCO_SKILLS
SKL_7cb0b95d8ecb,SKL_b145b502032c,skill,broader_than,ESCO_SKILLS
SKL_d91f21a94055,SKL_44c7b9983210,skill,broader_than,ESCO_SKILLS
SKL_95cef25b821f,SKL_fc36ef6f31c9,skill,broader_than,ESCO_SKILLS
SKL_f5194f081473,SKL_46707842607f,skill,broader_than,ESCO_SKILLS
SKL_59c64ba70b70,SKL_3e8275119d50,skill,broader_than,ESCO_SKILLS
SKL_e681e8b852a4,SKL_c4640fe55575,skill,broader_than,ESCO_SKILLS
SKL_2621a1e8af59,SKL_aaa07ffaa309,skill,broader_than,ESCO_SKILLS
SKL_6fafa85b6906,SKL_38d8f380447f,skill,broader_than,ESCO_SKILLS
SKL_30384aa680c2,SKL_ba87b921382f,skill,broader_than,ESCO_SKILLS
SKL_7e88ed7907b6,SKL_06308bef515a,skill,broader_than,ESCO_SKILLS
SKL_59c64ba70b70,SKL_e22e3873e2aa,skill,broader_than,ESCO_SKILLS
SKL_dbbc353ff629,SKL_063550b14c8c,skill,broader_than,ESCO_SKILLS
SKL_7674a3b6283b,SKL_3f11287772f2,skill,broader_than,ESCO_SKILLS
SKL_59c64ba70b70,SKL_ad5527904d9f,skill,broader_than,ESCO_SKILLS
SKL_d6e8c4e590ce,SKL_ad5527904d9f,skill,broader_than,ESCO_SKILLS
SKL_25518c6e74b0,SKL_df1270c29978,skill,broader_than,ESCO_SKILLS
SKL_cdbdc2d82920,SKL_275e26b6cba9,skill,broader_than,ESCO_SKILLS
SKL_53715a6035cb,SKL_c09ce7a24a51,skill,broader_than,ESCO_SKILLS
SKL_84f1843c952b,SKL_c09ce7a24a51,skill,broader_than,ESCO_SKILLS
SKL_3f11287772f2,SKL_39001d5b3aea,skill,broader_than,ESCO_SKILLS
SKL_736069c45b6d,SKL_39001d5b3aea,skill,broader_than,ESCO_SKILLS
SKL_790fe3c6937a,SKL_5225b3223466,skill,broader_than,ESCO_SKILLS
SKL_afda1dab404c,SKL_5225b3223466,skill,broader_than,ESCO_SKILLS
SKL_62ddf5eab27d,SKL_a08ea66fbd95,skill,broader_than,ESCO_SKILLS
SKL_36887aac680b,SKL_1941cdd907dd,skill,broader_than,ESCO_SKILLS
SKL_7e88ed7907b6,SKL_9e68f3a8a66f,skill,broader_than,ESCO_SKILLS
SKL_b84a9945d501,SKL_73124fb4add3,skill,broader_than,ESCO_SKILLS
SKL_ca76f7bcf69b,SKL_73124fb4add3,skill,broader_than,ESCO_SKILLS
SKL_f777a42c8a7a,SKL_c763014c7d96,skill,broader_than,ESCO_SKILLS
SKL_e681e8b852a4,SKL_6df9c3907c46,skill,broader_than,ESCO_SKILLS
SKL_8c107549fe5b,SKL_36dcc4135ed3,skill,broader_than,ESCO_SKILLS
SKL_e821afde5430,SKL_31e8100afb43,skill,broader_than,ESCO_SKILLS
SKL_4f28193013fe,SKL_d98dfddbd8e1,skill,broader_than,ESCO_SKILLS
SKL_598b19e5beee,SKL_154aa764ece5,skill,broader_than,ESCO_SKILLS
SKL_cff6a6e08edc,SKL_ecda4ba6345b,skill,broader_than,ESCO_SKILLS
SKL_59c64ba70b70,SKL_9b5584008e66,skill,broader_than,ESCO_SKILLS
SKL_59c64ba70b70,SKL_962ed8d38c4e,skill,broader_than,ESCO_SKILLS
SKL_5d725c59527d,SKL_99c6f04ac23c,skill,broader_than,ESCO_SKILLS
SKL_36887aac680b,SKL_0a2f83248444,skill,broader_than,ESCO_SKILLS
SKL_2e8814e0c022,SKL_78988824825a,skill,broader_than,ESCO_SKILLS
SKL_0c7f1dd9abf3,SKL_d00c0cbdf6af,skill,broader_than,ESCO_SKILLS
SKL_59c64ba70b70,SKL_9cdd580294bf,skill,broader_than,ESCO_SKILLS
SKL_bb75147adbcb,SKL_621054dadc59,skill,broader_than,ESCO_SKILLS
SKL_71c5bfd3aab5,SKL_4fb65747edd3,skill,broader_than,ESCO_SKILLS
SKL_65da6e3d5632,SKL_59347ba99f49,skill,broader_than,ESCO_SKILLS
SKL_2e445df6f74b,SKL_81d5b505c80d,skill,broader_than,ESCO_SKILLS
SKL_6b32ff1ba138,SKL_658a393bd878,skill,broader_than,ESCO_SKILLS
SKL_5ad581fa1e0f,SKL_658a393bd878,skill,broader_than,ESCO_SKILLS
SKL_81953b3440a3,SKL_e09879137502,skill,broader_than,ESCO_SKILLS
SKL_109edeaf36eb,SKL_b5cbafabb60c,skill,broader_than,ESCO_SKILLS
SKL_736069c45b6d,SKL_3d8a8521327a,skill,broader_than,ESCO_SKILLS
SKL_afda1dab404c,SKL_9286c6306295,skill,broader_than,ESCO_SKILLS
SKL_59c64ba70b70,SKL_faa48d074cba,skill,broader_than,ESCO_SKILLS
SKL_e821afde5430,SKL_252e8dfa3dbf,skill,broader_than,ESCO_SKILLS
SKL_bb70c18773cc,SKL_7688aa622488,skill,broader_than,ESCO_SKILLS
SKL_65da6e3d5632,SKL_ac28289e01c7,skill,broader_than,ESCO_SKILLS
SKL_19fb51cb3118,SKL_ecd658ebb1d8,skill,broader_than,ESCO_SKILLS
SKL_3a2ade69e298,SKL_30384aa680c2,skill,broader_than,ESCO_SKILLS
SKL_d36c0e2ff2ea,SKL_91e44b7899ca,skill,broader_than,ESCO_SKILLS
SKL_249ccf2ac00c,SKL_fc4eb9b88609,skill,broader_than,ESCO_SKILLS
SKL_cd8ba7413876,SKL_0dd7f35929a5,skill,broader_than,ESCO_SKILLS
SKL_59c64ba70b70,SKL_9fc5ffd462ae,skill,broader_than,ESCO_SKILLS
SKL_b0bfbf4c0f2a,SKL_c89ab40dad70,skill,broader_than,ESCO_SKILLS
SKL_e0b7c20ad2a2,SKL_4f28193013fe,skill,broader_than,ESCO_SKILLS
SKL_0c7f1dd9abf3,SKL_4f28193013fe,skill,broader_than,ESCO_SKILLS
SKL_8845df37d0d0,SKL_4f28193013fe,skill,broader_than,ESCO_SKILLS
SKL_185b1ce4d13f,SKL_07fed61b3215,skill,broader_than,ESCO_SKILLS
SKL_ae19bc58bf36,SKL_fa6cd7a6ceb9,skill,broader_than,ESCO_SKILLS
SKL_7e88ed7907b6,SKL_75fa31fda74f,skill,broader_than,ESCO_SKILLS
SKL_99fe55e00127,SKL_1d913cbdf27e,skill,broader_than,ESCO_SKILLS
SKL_619ec6b46c43,SKL_5d765b95544c,skill,broader_than,ESCO_SKILLS
SKL_df7bd352b749,SKL_2246c5ebfabc,skill,broader_than,ESCO_SKILLS
SKL_6c3b2061ca0c,SKL_f777a42c8a7a,skill,broader_than,ESCO_SKILLS
SKL_62ddf5eab27d,SKL_f777a42c8a7a,skill,broader_than,ESCO_SKILLS
SKL_416b8573cd5d,SKL_263cd844d73a,skill,broader_than,ESCO_SKILLS
SKL_790fe3c6937a,SKL_ea666a1315e9,skill,broader_than,ESCO_SKILLS
SKL_2e8814e0c022,SKL_d4b8526448d7,skill,broader_than,ESCO_SKILLS
SKL_1f6b52c0fcf7,SKL_008e59920331,skill,broader_than,ESCO_SKILLS
SKL_8c107549fe5b,SKL_1d9be898b4cf,skill,broader_than,ESCO_SKILLS
SKL_64d0c3730751,SKL_15d6003a68bc,skill,broader_than,ESCO_SKILLS
SKL_b1d3c0bd074a,SKL_bd3dc9b1b19e,skill,broader_than,ESCO_SKILLS
SKL_416b8573cd5d,SKL_c6719c43f07e,skill,broader_than,ESCO_SKILLS
SKL_cd8ba7413876,SKL_d4b77317c825,skill,broader_than,ESCO_SKILLS
SKL_65da6e3d5632,SKL_dcb2d53be420,skill,broader_than,ESCO_SKILLS
SKL_bfec3156a8dd,SKL_19432d907934,skill,broader_than,ESCO_SKILLS
SKL_8aaaa2337efd,SKL_19432d907934,skill,broader_than,ESCO_SKILLS
SKL_8fe62404bf31,SKL_19432d907934,skill,broader_than,ESCO_SKILLS
SKL_7b9281bcde1f,SKL_a62c8a265ae4,skill,broader_than,ESCO_SKILLS
SKL_81953b3440a3,SKL_db90b8d9d02a,skill,broader_than,ESCO_SKILLS
SKL_bb70c18773cc,SKL_8cca783b7e18,skill,broader_than,ESCO_SKILLS
SKL_1cf5e7517e2b,SKL_6e0605059663,skill,broader_than,ESCO_SKILLS
SKL_46f9b42c75bd,SKL_e0406f8bed59,skill,broader_than,ESCO_SKILLS
SKL_7e88ed7907b6,SKL_af0f4e78c7a3,skill,broader_than,ESCO_SKILLS
SKL_0c7f1dd9abf3,SKL_701fcbf5fa2c,skill,broader_than,ESCO_SKILLS
SKL_416b8573cd5d,SKL_b5f9e8033714,skill,broader_than,ESCO_SKILLS
SKL_d59c1c655f17,SKL_4da81ba8fc0e,skill,broader_than,ESCO_SKILLS
SKL_59c64ba70b70,SKL_a5bd02f3490e,skill,broader_than,ESCO_SKILLS
SKL_ac849d14848f,SKL_c2d63f4be228,skill,broader_than,ESCO_SKILLS
SKL_548b1864cd14,SKL_a06ae49b7664,skill,broader_than,ESCO_SKILLS
SKL_5d725c59527d,SKL_74a301540229,skill,broader_than,ESCO_SKILLS
SKL_536912e60310,SKL_a186ecb91e42,skill,broader_than,ESCO_SKILLS
SKL_59c64ba70b70,SKL_e83ea15281a7,skill,broader_than,ESCO_SKILLS
SKL_7d91794b64e6,SKL_fe3854279608,skill,broader_than,ESCO_SKILLS
SKL_fdab580ddea2,SKL_c525ff01d905,skill,broader_than,ESCO_SKILLS
SKL_e3c6c843b14b,SKL_c525ff01d905,skill,broader_than,ESCO_SKILLS
SKL_64d0c3730751,SKL_b1aa4a266780,skill,broader_than,ESCO_SKILLS
SKL_d80a5842fd95,SKL_b1aa4a266780,skill,broader_than,ESCO_SKILLS
SKL_790fe3c6937a,SKL_c6b378206477,skill,broader_than,ESCO_SKILLS
SKL_f20abbe40df9,SKL_109edeaf36eb,skill,broader_than,ESCO_SKILLS
SKL_e681e8b852a4,SKL_9b5244fd7e00,skill,broader_than,ESCO_SKILLS
SKL_ae7e75a47fef,SKL_42b850072160,skill,broader_than,ESCO_SKILLS
SKL_109edeaf36eb,SKL_42b850072160,skill,broader_than,ESCO_SKILLS
SKL_b746f67748e4,SKL_54a4b95de040,skill,broader_than,ESCO_SKILLS
SKL_46f9b42c75bd,SKL_54a4b95de040,skill,broader_than,ESCO_SKILLS
SKL_46f9b42c75bd,SKL_a8cf2d536f2f,skill,broader_than,ESCO_SKILLS
SKL_64d0c3730751,SKL_d4f9396de51d,skill,broader_than,ESCO_SKILLS
SKL_ef6255a7308a,SKL_eed64f813250,skill,broader_than,ESCO_SKILLS
SKL_f777a42c8a7a,SKL_88e58a1e2200,skill,broader_than,ESCO_SKILLS
SKL_49cd87c36526,SKL_60f44085f999,skill,broader_than,ESCO_SKILLS
SKL_416b8573cd5d,SKL_2d3969d11339,skill,broader_than,ESCO_SKILLS
SKL_89277e719209,SKL_7f91d7bb9892,skill,broader_than,ESCO_SKILLS
SKL_65da6e3d5632,SKL_c20544c221a8,skill,broader_than,ESCO_SKILLS
SKL_0348dd5625d1,SKL_cbd97a2e6290,skill,broader_than,ESCO_SKILLS
SKL_298f3454c212,SKL_e99fc85ebe7c,skill,broader_than,ESCO_SKILLS
SKL_e0b7c20ad2a2,SKL_e99fc85ebe7c,skill,broader_than,ESCO_SKILLS
SKL_1911edef9778,SKL_2320901baa0c,skill,broader_than,ESCO_SKILLS
SKL_59c64ba70b70,SKL_1124817a720e,skill,broader_than,ESCO_SKILLS
SKL_2e445df6f74b,SKL_1124817a720e,skill,broader_than,ESCO_SKILLS
SKL_8225f6572e45,SKL_c993c6aecf8e,skill,broader_than,ESCO_SKILLS
SKL_8225f6572e45,SKL_2bf7432b2d4b,skill,broader_than,ESCO_SKILLS
SKL_185b1ce4d13f,SKL_d275975f2053,skill,broader_than,ESCO_SKILLS
SKL_59c64ba70b70,SKL_46088f1661b7,skill,broader_than,ESCO_SKILLS
SKL_0348dd5625d1,SKL_13c6daf0911d,skill,broader_than,ESCO_SKILLS
SKL_cff6a6e08edc,SKL_aba6d3815562,skill,broader_than,ESCO_SKILLS
SKL_416b8573cd5d,SKL_cd5fccefbdd1,skill,broader_than,ESCO_SKILLS
SKL_8845df37d0d0,SKL_e236a38c4a85,skill,broader_than,ESCO_SKILLS
SKL_65da6e3d5632,SKL_7e853ce0760f,skill,broader_than,ESCO_SKILLS
SKL_59c64ba70b70,SKL_17a6cda90b85,skill,broader_than,ESCO_SKILLS
SKL_b0bfbf4c0f2a,SKL_165eec91c5d4,skill,broader_than,ESCO_SKILLS
SKL_df7bd352b749,SKL_f61b0071c4b6,skill,broader_than,ESCO_SKILLS
SKL_59c64ba70b70,SKL_a43bcca2465e,skill,broader_than,ESCO_SKILLS
SKL_2e445df6f74b,SKL_a43bcca2465e,skill,broader_than,ESCO_SKILLS
SKL_8225f6572e45,SKL_f46a3a3c6551,skill,broader_than,ESCO_SKILLS
SKL_0348dd5625d1,SKL_f7936505bc48,skill,broader_than,ESCO_SKILLS
SKL_2d3969d11339,SKL_f7936505bc48,skill,broader_than,ESCO_SKILLS
SKL_e3c6c843b14b,SKL_e4518a5681c9,skill,broader_than,ESCO_SKILLS
SKL_671240690479,SKL_59d4d75d1168,skill,broader_than,ESCO_SKILLS
SKL_2621a1e8af59,SKL_b65348538f34,skill,broader_than,ESCO_SKILLS
SKL_165eec91c5d4,SKL_e3225d92f6fd,skill,broader_than,ESCO_SKILLS
SKL_25518c6e74b0,SKL_580752d70a1a,skill,broader_than,ESCO_SKILLS
SKL_0c7f1dd9abf3,SKL_580752d70a1a,skill,broader_than,ESCO_SKILLS
SKL_4f28193013fe,SKL_580752d70a1a,skill,broader_than,ESCO_SKILLS
SKL_59c64ba70b70,SKL_a913b683ebd9,skill,broader_than,ESCO_SKILLS
SKL_c0d9b25a3929,SKL_5575f7d77069,skill,broader_than,ESCO_SKILLS
SKL_e681e8b852a4,SKL_9e24266d180e,skill,broader_than,ESCO_SKILLS
SKL_1cf5e7517e2b,SKL_0c20c36ec856,skill,broader_than,ESCO_SKILLS
SKL_d453c9ea1d9c,SKL_a474d184a0a0,skill,broader_than,ESCO_SKILLS
SKL_79d7ba26c340,SKL_2f6bd9df1a40,skill,broader_than,ESCO_SKILLS
SKL_c0d9b25a3929,SKL_b9a5a3d980ee,skill,broader_than,ESCO_SKILLS
SKL_8225f6572e45,SKL_a2eb07d964f7,skill,broader_than,ESCO_SKILLS
SKL_5d725c59527d,SKL_7c9445cdf809,skill,broader_than,ESCO_SKILLS
SKL_bb70c18773cc,SKL_ca93b3f41810,skill,broader_than,ESCO_SKILLS
SKL_59c64ba70b70,SKL_f6f390848b58,skill,broader_than,ESCO_SKILLS
SKL_cff6a6e08edc,SKL_ad3b003ca96e,skill,broader_than,ESCO_SKILLS
SKL_ea8aac6d5be1,SKL_c7910d3185cd,skill,broader_than,ESCO_SKILLS
SKL_64d0c3730751,SKL_69298c08d78d,skill,broader_than,ESCO_SKILLS
SKL_15d6003a68bc,SKL_69298c08d78d,skill,broader_than,ESCO_SKILLS
SKL_8225f6572e45,SKL_93be9082045c,skill,broader_than,ESCO_SKILLS
SKL_8fe62404bf31,SKL_1b0c94daaaee,skill,broader_than,ESCO_SKILLS
SKL_8225f6572e45,SKL_005ef90287cd,skill,broader_than,ESCO_SKILLS
SKL_64d0c3730751,SKL_2ab21b64c133,skill,broader_than,ESCO_SKILLS
SKL_f666d0082580,SKL_2ab21b64c133,skill,broader_than,ESCO_SKILLS
SKL_0c7f1dd9abf3,SKL_2ab21b64c133,skill,broader_than,ESCO_SKILLS
SKL_c28e6064ca64,SKL_dc4c59fd5c78,skill,broader_than,ESCO_SKILLS
SKL_416b8573cd5d,SKL_f6bc4de2f8d0,skill,broader_than,ESCO_SKILLS
SKL_7e88ed7907b6,SKL_aa5317f0efb0,skill,broader_than,ESCO_SKILLS
SKL_d6e8c4e590ce,SKL_c9160ddc7dcd,skill,broader_than,ESCO_SKILLS
SKL_4a53b7862886,SKL_690d0d9213ea,skill,broader_than,ESCO_SKILLS
SKL_8fe62404bf31,SKL_c6eda32fa5b3,skill,broader_than,ESCO_SKILLS
SKL_afda1dab404c,SKL_6032197b3f3f,skill,broader_than,ESCO_SKILLS
SKL_59c64ba70b70,SKL_88eabaa2c80d,skill,broader_than,ESCO_SKILLS
SKL_62ddf5eab27d,SKL_09ae9c4724e9,skill,broader_than,ESCO_SKILLS
SKL_7b9281bcde1f,SKL_76b2a8a0fa56,skill,broader_than,ESCO_SKILLS
SKL_c6719c43f07e,SKL_8eaf90e6b080,skill,broader_than,ESCO_SKILLS
SKL_266605af5b2b,SKL_234f69e2b4b5,skill,broader_than,ESCO_SKILLS
SKL_8c107549fe5b,SKL_030cdb77fd91,skill,broader_than,ESCO_SKILLS
SKL_7e88ed7907b6,SKL_179834b0ac6e,skill,broader_than,ESCO_SKILLS
SKL_165eec91c5d4,SKL_c8eeeb942505,skill,broader_than,ESCO_SKILLS
SKL_5d725c59527d,SKL_a996f285edca,skill,broader_than,ESCO_SKILLS
SKL_90c7e2eeaba0,SKL_22320b92666f,skill,broader_than,ESCO_SKILLS
SKL_89277e719209,SKL_02da79fc2058,skill,broader_than,ESCO_SKILLS
SKL_f666d0082580,SKL_74015909b033,skill,broader_than,ESCO_SKILLS
SKL_59c64ba70b70,SKL_d537dfcccc25,skill,broader_than,ESCO_SKILLS
SKL_8f434db53f66,SKL_1cf5e7517e2b,skill,broader_than,ESCO_SKILLS
SKL_7e88ed7907b6,SKL_344586fe5542,skill,broader_than,ESCO_SKILLS
SKL_59c64ba70b70,SKL_ccd10a9e58b7,skill,broader_than,ESCO_SKILLS
SKL_0348dd5625d1,SKL_3a2ade69e298,skill,broader_than,ESCO_SKILLS
SKL_185b1ce4d13f,SKL_2c4e150b3816,skill,broader_than,ESCO_SKILLS
SKL_0433197adf10,SKL_4f1de901148a,skill,broader_than,ESCO_SKILLS
SKL_f6782c956f34,SKL_75e80eba803b,skill,broader_than,ESCO_SKILLS
SKL_d2606da8e850,SKL_f02c1590d8eb,skill,broader_than,ESCO_SKILLS
SKL_416b8573cd5d,SKL_24975ae05372,skill,broader_than,ESCO_SKILLS
SKL_37f09f38257b,SKL_b1443974bc89,skill,broader_than,ESCO_SKILLS
SKL_5b83ea838ffd,SKL_b1443974bc89,skill,broader_than,ESCO_SKILLS
SKL_416b8573cd5d,SKL_f4563277b108,skill,broader_than,ESCO_SKILLS
SKL_185b1ce4d13f,SKL_d0035b994078,skill,broader_than,ESCO_SKILLS
SKL_1a3570884e47,SKL_d0035b994078,skill,broader_than,ESCO_SKILLS
SKL_7424fb651369,SKL_e2f90c02665d,skill,broader_than,ESCO_SKILLS
SKL_46f9b42c75bd,SKL_de442b1bdbd6,skill,broader_than,ESCO_SKILLS
SKL_7e88ed7907b6,SKL_3aa64195f966,skill,broader_than,ESCO_SKILLS
SKL_48a7dd78245f,SKL_6c4e41d4b56f,skill,broader_than,ESCO_SKILLS
SKL_1ec8e222a519,SKL_ee642b56a8f9,skill,broader_than,ESCO_SKILLS
SKL_5d725c59527d,SKL_8c66ec45bce8,skill,broader_than,ESCO_SKILLS
SKL_ef6255a7308a,SKL_b56c95aeb880,skill,broader_than,ESCO_SKILLS
SKL_8845df37d0d0,SKL_b56c95aeb880,skill,broader_than,ESCO_SKILLS
SKL_a9ac2fb5749d,SKL_d3fbfc3a6c9f,skill,broader_than,ESCO_SKILLS
SKL_afda1dab404c,SKL_d3fbfc3a6c9f,skill,broader_than,ESCO_SKILLS
SKL_e821afde5430,SKL_903b38484af9,skill,broader_than,ESCO_SKILLS
SKL_1ec8e222a519,SKL_b2fa268f665e,skill,broader_than,ESCO_SKILLS
SKL_587bf6d883a3,SKL_ac7e62b30b73,skill,broader_than,ESCO_SKILLS
SKL_59c64ba70b70,SKL_2e445df6f74b,skill,broader_than,ESCO_SKILLS
SKL_5d725c59527d,SKL_327b78a43765,skill,broader_than,ESCO_SKILLS
SKL_671240690479,SKL_666b5797ca38,skill,broader_than,ESCO_SKILLS
SKL_e681e8b852a4,SKL_8dd0d4b0a0f0,skill,broader_than,ESCO_SKILLS
SKL_1911edef9778,SKL_3f8f40bf38e2,skill,broader_than,ESCO_SKILLS
SKL_cff6a6e08edc,SKL_1a4ed06c76f8,skill,broader_than,ESCO_SKILLS
SKL_5d725c59527d,SKL_419d9382e4ff,skill,broader_than,ESCO_SKILLS
SKL_2621a1e8af59,SKL_c4334e388dc0,skill,broader_than,ESCO_SKILLS
SKL_929f2bc40d7c,SKL_ea96d8f39e81,skill,broader_than,ESCO_SKILLS
SKL_619ec6b46c43,SKL_9c5bfe58b903,skill,broader_than,ESCO_SKILLS
SKL_266605af5b2b,SKL_9b3099d24296,skill,broader_than,ESCO_SKILLS
SKL_2260910f563a,SKL_ffe2d205d4f8,skill,broader_than,ESCO_SKILLS
SKL_65da6e3d5632,SKL_80f14516b25e,skill,broader_than,ESCO_SKILLS
SKL_5d725c59527d,SKL_175902ab3712,skill,broader_than,ESCO_SKILLS
SKL_0de1bcfc9fd2,SKL_5f8c22d6f0f5,skill,broader_than,ESCO_SKILLS
SKL_2e445df6f74b,SKL_aea959fc8fab,skill,broader_than,ESCO_SKILLS
SKL_8845df37d0d0,SKL_6187c92b007c,skill,broader_than,ESCO_SKILLS
SKL_298f3454c212,SKL_0061e17f554c,skill,broader_than,ESCO_SKILLS
SKL_109edeaf36eb,SKL_0061e17f554c,skill,broader_than,ESCO_SKILLS
SKL_cc2e6ec387e6,SKL_f9a3c3ad2595,skill,broader_than,ESCO_SKILLS
SKL_845971a3c198,SKL_f9a3c3ad2595,skill,broader_than,ESCO_SKILLS
SKL_dedf1948afc3,SKL_627bb45cf813,skill,broader_than,ESCO_SKILLS
SKL_666b5797ca38,SKL_fa3ca530b552,skill,broader_than,ESCO_SKILLS
SKL_671240690479,SKL_fa3ca530b552,skill,broader_than,ESCO_SKILLS
SKL_64d0c3730751,SKL_d2fc616de47b,skill,broader_than,ESCO_SKILLS
SKL_7b9281bcde1f,SKL_6f15480a7a8b,skill,broader_than,ESCO_SKILLS
SKL_f666d0082580,SKL_6f15480a7a8b,skill,broader_than,ESCO_SKILLS
SKL_c89ab40dad70,SKL_07409ae8fbfd,skill,broader_than,ESCO_SKILLS
SKL_bb75147adbcb,SKL_c3a6a015f14b,skill,broader_than,ESCO_SKILLS
SKL_bb75147adbcb,SKL_407a5ba1b983,skill,broader_than,ESCO_SKILLS
SKL_1853e9b32b6b,SKL_f24b2d743df5,skill,broader_than,ESCO_SKILLS
SKL_8225f6572e45,SKL_a79209ee3045,skill,broader_than,ESCO_SKILLS
SKL_ef6255a7308a,SKL_b9899d180c91,skill,broader_than,ESCO_SKILLS
SKL_eed64f813250,SKL_b9899d180c91,skill,broader_than,ESCO_SKILLS
SKL_b66a815da958,SKL_1da867302f5b,skill,broader_than,ESCO_SKILLS
SKL_671240690479,SKL_1da867302f5b,skill,broader_than,ESCO_SKILLS
SKL_c89ab40dad70,SKL_3cbcca60d860,skill,broader_than,ESCO_SKILLS
SKL_165eec91c5d4,SKL_3cbcca60d860,skill,broader_than,ESCO_SKILLS
SKL_abe2c7df8fba,SKL_232a99be9711,skill,broader_than,ESCO_SKILLS
SKL_3bd897deb869,SKL_232a99be9711,skill,broader_than,ESCO_SKILLS
SKL_7674a3b6283b,SKL_736069c45b6d,skill,broader_than,ESCO_SKILLS
SKL_ea666a1315e9,SKL_0cac93234618,skill,broader_than,ESCO_SKILLS
SKL_790fe3c6937a,SKL_0cac93234618,skill,broader_than,ESCO_SKILLS
SKL_ebb4510ed841,SKL_0cac93234618,skill,broader_than,ESCO_SKILLS
SKL_afda1dab404c,SKL_0cac93234618,skill,broader_than,ESCO_SKILLS
SKL_46f9b42c75bd,SKL_e54666219b27,skill,broader_than,ESCO_SKILLS
SKL_7e88ed7907b6,SKL_9047686e98fd,skill,broader_than,ESCO_SKILLS
SKL_416b8573cd5d,SKL_520745ec72e2,skill,broader_than,ESCO_SKILLS
SKL_166c95005018,SKL_520745ec72e2,skill,broader_than,ESCO_SKILLS
SKL_249ccf2ac00c,SKL_ee83919bd870,skill,broader_than,ESCO_SKILLS
SKL_7efcdffab3b3,SKL_b987f0547d15,skill,broader_than,ESCO_SKILLS
SKL_416b8573cd5d,SKL_318b0a40b120,skill,broader_than,ESCO_SKILLS
SKL_1cf5e7517e2b,SKL_2116d3bf8e62,skill,broader_than,ESCO_SKILLS
SKL_cd8ba7413876,SKL_57820393d1d6,skill,broader_than,ESCO_SKILLS
SKL_65da6e3d5632,SKL_0faa638ce520,skill,broader_than,ESCO_SKILLS
SKL_536912e60310,SKL_666b1c906f94,skill,broader_than,ESCO_SKILLS
SKL_2621a1e8af59,SKL_f858e811b523,skill,broader_than,ESCO_SKILLS
SKL_8225f6572e45,SKL_1058cd52f3ac,skill,broader_than,ESCO_SKILLS
SKL_c47130b92816,SKL_1d3b625b251f,skill,broader_than,ESCO_SKILLS
SKL_5feb6f188322,SKL_1d3b625b251f,skill,broader_than,ESCO_SKILLS
SKL_e2a0caa7e955,SKL_1d3b625b251f,skill,broader_than,ESCO_SKILLS
SKL_929f2bc40d7c,SKL_27d19457db14,skill,broader_than,ESCO_SKILLS
SKL_8845df37d0d0,SKL_27d19457db14,skill,broader_than,ESCO_SKILLS
SKL_bb70c18773cc,SKL_ab39799c3a36,skill,broader_than,ESCO_SKILLS
SKL_e1be1080dfc6,SKL_04d28b46c58b,skill,broader_than,ESCO_SKILLS
SKL_59c64ba70b70,SKL_6b4086c51411,skill,broader_than,ESCO_SKILLS
SKL_303ee19dce8f,SKL_c6d25b351f1c,skill,broader_than,ESCO_SKILLS
SKL_c3f4e7eee5b0,SKL_c6d25b351f1c,skill,broader_than,ESCO_SKILLS
SKL_bb70c18773cc,SKL_b7ce18b01c97,skill,broader_than,ESCO_SKILLS
SKL_5f7aa564dfb2,SKL_04a2d8996b23,skill,broader_than,ESCO_SKILLS
SKL_81953b3440a3,SKL_4aab07be640c,skill,broader_than,ESCO_SKILLS
SKL_81519a81f725,SKL_15e3b435f285,skill,broader_than,ESCO_SKILLS
SKL_c89ab40dad70,SKL_93b83a6c5124,skill,broader_than,ESCO_SKILLS
SKL_30384aa680c2,SKL_93b83a6c5124,skill,broader_than,ESCO_SKILLS
SKL_0c7f1dd9abf3,SKL_845971a3c198,skill,broader_than,ESCO_SKILLS
SKL_7e88ed7907b6,SKL_abed322709f3,skill,broader_than,ESCO_SKILLS
SKL_7765edbc907f,SKL_4f904bbda9e7,skill,broader_than,ESCO_SKILLS
SKL_5c1cafdcd539,SKL_6c3ae14bc83c,skill,broader_than,ESCO_SKILLS
SKL_c89ab40dad70,SKL_891fd5e04d20,skill,broader_than,ESCO_SKILLS
SKL_7d91794b64e6,SKL_891fd5e04d20,skill,broader_than,ESCO_SKILLS
SKL_5f7aa564dfb2,SKL_b7a8a0c55d12,skill,broader_than,ESCO_SKILLS
SKL_0a5f047090fe,SKL_6517241bd708,skill,broader_than,ESCO_SKILLS
SKL_393a06e472af,SKL_6517241bd708,skill,broader_than,ESCO_SKILLS
SKL_1cf5e7517e2b,SKL_40d131c16648,skill,broader_than,ESCO_SKILLS
SKL_f666d0082580,SKL_e1825caf7751,skill,broader_than,ESCO_SKILLS
SKL_ae19bc58bf36,SKL_74a5a5844b4c,skill,broader_than,ESCO_SKILLS
SKL_7e88ed7907b6,SKL_d2f9a7bfd5f5,skill,broader_than,ESCO_SKILLS
SKL_165eec91c5d4,SKL_4fdff2983c01,skill,broader_than,ESCO_SKILLS
SKL_d8365db0bf51,SKL_e439fbbfbc7a,skill,broader_than,ESCO_SKILLS
SKL_8845df37d0d0,SKL_7493dcb6b2b6,skill,broader_than,ESCO_SKILLS
SKL_3bd897deb869,SKL_e165ed88641f,skill,broader_than,ESCO_SKILLS
SKL_4adb0a2106db,SKL_b66a815da958,skill,broader_than,ESCO_SKILLS
SKL_671240690479,SKL_b66a815da958,skill,broader_than,ESCO_SKILLS
SKL_f666d0082580,SKL_509e2294bb57,skill,broader_than,ESCO_SKILLS
SKL_cff6a6e08edc,SKL_809148c72d37,skill,broader_than,ESCO_SKILLS
SKL_bb75147adbcb,SKL_55abf2ea1a9a,skill,broader_than,ESCO_SKILLS
SKL_0a5f047090fe,SKL_0c884fec569d,skill,broader_than,ESCO_SKILLS
SKL_0c7f1dd9abf3,SKL_96ee9eaa399f,skill,broader_than,ESCO_SKILLS
SKL_afda1dab404c,SKL_332bba6c3d78,skill,broader_than,ESCO_SKILLS
SKL_f4d0cefc6a44,SKL_7394112e8e6c,skill,broader_than,ESCO_SKILLS
SKL_e681e8b852a4,SKL_16961efeb0ab,skill,broader_than,ESCO_SKILLS
SKL_90c7e2eeaba0,SKL_e5dfb4a3c635,skill,broader_than,ESCO_SKILLS
SKL_7fcbb1e10b41,SKL_36cc2d6edd1a,skill,broader_than,ESCO_SKILLS
SKL_fa86dc413a7c,SKL_5a38e0a81946,skill,broader_than,ESCO_SKILLS
SKL_65da6e3d5632,SKL_e2444ee1c7e2,skill,broader_than,ESCO_SKILLS
SKL_185b1ce4d13f,SKL_1a3570884e47,skill,broader_than,ESCO_SKILLS
SKL_59c64ba70b70,SKL_fddfe276744e,skill,broader_than,ESCO_SKILLS
SKL_59c64ba70b70,SKL_5ee8a7543f31,skill,broader_than,ESCO_SKILLS
SKL_0c36added4b0,SKL_1e667c09219f,skill,broader_than,ESCO_SKILLS
SKL_5f7aa564dfb2,SKL_05d942fe2ec4,skill,broader_than,ESCO_SKILLS
SKL_929f2bc40d7c,SKL_42da43a49734,skill,broader_than,ESCO_SKILLS
SKL_8845df37d0d0,SKL_42da43a49734,skill,broader_than,ESCO_SKILLS
SKL_416b8573cd5d,SKL_e287ea7ed250,skill,broader_than,ESCO_SKILLS
SKL_322c73cb66e8,SKL_2b93f9f2212e,skill,broader_than,ESCO_SKILLS
SKL_3f11287772f2,SKL_b612c882be81,skill,broader_than,ESCO_SKILLS
SKL_e3c6c843b14b,SKL_b612c882be81,skill,broader_than,ESCO_SKILLS
SKL_6d9516d0a330,SKL_d2018888974f,skill,broader_than,ESCO_SKILLS
SKL_8845df37d0d0,SKL_d2018888974f,skill,broader_than,ESCO_SKILLS
SKL_790fe3c6937a,SKL_36f54bbc4658,skill,broader_than,ESCO_SKILLS
SKL_b4bbfe5755b9,SKL_f404d9dd01d7,skill,broader_than,ESCO_SKILLS
SKL_e6ca3be59c9b,SKL_80db69e65dcf,skill,broader_than,ESCO_SKILLS
SKL_59c64ba70b70,SKL_5a85416c775f,skill,broader_than,ESCO_SKILLS
SKL_2e445df6f74b,SKL_6e06692ca9dc,skill,broader_than,ESCO_SKILLS
SKL_5967172f87ff,SKL_d0bf41708bae,skill,broader_than,ESCO_SKILLS
SKL_185b1ce4d13f,SKL_308342e28b73,skill,broader_than,ESCO_SKILLS
SKL_afda1dab404c,SKL_43c39f51f6b0,skill,broader_than,ESCO_SKILLS
SKL_831e59000a2d,SKL_8f1e04cf248c,skill,broader_than,ESCO_SKILLS
SKL_b0e2bc9cd121,SKL_bb70c18773cc,skill,broader_than,ESCO_SKILLS
SKL_548b1864cd14,SKL_bb70c18773cc,skill,broader_than,ESCO_SKILLS
SKL_ba3fb6052878,SKL_64bb489b222a,skill,broader_than,ESCO_SKILLS
SKL_c28e6064ca64,SKL_64bb489b222a,skill,broader_than,ESCO_SKILLS
SKL_c28e6064ca64,SKL_29a041579e4f,skill,broader_than,ESCO_SKILLS
SKL_8845df37d0d0,SKL_29a041579e4f,skill,broader_than,ESCO_SKILLS
SKL_d9040f1b085b,SKL_0497519b9e19,skill,broader_than,ESCO_SKILLS
SKL_8225f6572e45,SKL_d3d208a9be71,skill,broader_than,ESCO_SKILLS
SKL_1f267c14eff9,SKL_241100d02d30,skill,broader_than,ESCO_SKILLS
SKL_ba0949a519d4,SKL_c3477b07a7f4,skill,broader_than,ESCO_SKILLS
SKL_a389a507c12c,SKL_e07f953f8d6f,skill,broader_than,ESCO_SKILLS
SKL_84f1843c952b,SKL_96bddabc0367,skill,broader_than,ESCO_SKILLS
SKL_64d0c3730751,SKL_1f360bb088ae,skill,broader_than,ESCO_SKILLS
SKL_acb7132e14ad,SKL_53ceaa2295af,skill,broader_than,ESCO_SKILLS
SKL_790fe3c6937a,SKL_5f4ddd24afc2,skill,broader_than,ESCO_SKILLS
SKL_5f7aa564dfb2,SKL_eac191d41595,skill,broader_than,ESCO_SKILLS
SKL_7e88ed7907b6,SKL_e7f0a7064c6a,skill,broader_than,ESCO_SKILLS
SKL_90c7e2eeaba0,SKL_1e8fe35aac35,skill,broader_than,ESCO_SKILLS
SKL_bb70c18773cc,SKL_b4e0aa885868,skill,broader_than,ESCO_SKILLS
SKL_1ec8e222a519,SKL_232fd42823e2,skill,broader_than,ESCO_SKILLS
SKL_2e445df6f74b,SKL_ae8a143ffa63,skill,broader_than,ESCO_SKILLS
SKL_f777a42c8a7a,SKL_0fefd6cde79a,skill,broader_than,ESCO_SKILLS
SKL_46f9b42c75bd,SKL_2efaeadaf118,skill,broader_than,ESCO_SKILLS
SKL_59c64ba70b70,SKL_86eb8b674662,skill,broader_than,ESCO_SKILLS
SKL_2e445df6f74b,SKL_86eb8b674662,skill,broader_than,ESCO_SKILLS
SKL_59c64ba70b70,SKL_de759b6256cc,skill,broader_than,ESCO_SKILLS
SKL_96bddabc0367,SKL_efc2d1a5ed07,skill,broader_than,ESCO_SKILLS
SKL_f666d0082580,SKL_85ee1550e1e6,skill,broader_than,ESCO_SKILLS
SKL_8225f6572e45,SKL_6979c42dcb59,skill,broader_than,ESCO_SKILLS
SKL_ba0949a519d4,SKL_a389a507c12c,skill,broader_than,ESCO_SKILLS
SKL_9ec10cbe6c66,SKL_327879f3df6d,skill,broader_than,ESCO_SKILLS
SKL_d80a5842fd95,SKL_873cfe48c2ce,skill,broader_than,ESCO_SKILLS
SKL_36cc2d6edd1a,SKL_0af13c576273,skill,broader_than,ESCO_SKILLS
SKL_7e88ed7907b6,SKL_35ffdabbb177,skill,broader_than,ESCO_SKILLS
SKL_59c64ba70b70,SKL_b52f6b21f082,skill,broader_than,ESCO_SKILLS
SKL_d36c0e2ff2ea,SKL_298f3454c212,skill,broader_than,ESCO_SKILLS
SKL_19fb51cb3118,SKL_96ec838ead75,skill,broader_than,ESCO_SKILLS
SKL_e6ca3be59c9b,SKL_fac53db94872,skill,broader_than,ESCO_SKILLS
SKL_64d0c3730751,SKL_db1fc57b8d09,skill,broader_than,ESCO_SKILLS
SKL_59c64ba70b70,SKL_224770e9399c,skill,broader_than,ESCO_SKILLS
SKL_7d91794b64e6,SKL_f4472a96573c,skill,broader_than,ESCO_SKILLS
SKL_8225f6572e45,SKL_26e38c8d0849,skill,broader_than,ESCO_SKILLS
SKL_0348dd5625d1,SKL_d9b2a4772030,skill,broader_than,ESCO_SKILLS
SKL_c8eeeb942505,SKL_d9b2a4772030,skill,broader_than,ESCO_SKILLS
SKL_9c9170a8136c,SKL_8948f132b19b,skill,broader_than,ESCO_SKILLS
SKL_ae7e75a47fef,SKL_c0af7cdae97f,skill,broader_than,ESCO_SKILLS
SKL_337ea3ff9625,SKL_789c67df42ab,skill,broader_than,ESCO_SKILLS
SKL_59c64ba70b70,SKL_81167559edfd,skill,broader_than,ESCO_SKILLS
SKL_fa86dc413a7c,SKL_1867331e9788,skill,broader_than,ESCO_SKILLS
SKL_ea10cec2af3a,SKL_1867331e9788,skill,broader_than,ESCO_SKILLS
SKL_25518c6e74b0,SKL_d453c9ea1d9c,skill,broader_than,ESCO_SKILLS
SKL_f666d0082580,SKL_d453c9ea1d9c,skill,broader_than,ESCO_SKILLS
SKL_f666d0082580,SKL_f388889ccd53,skill,broader_than,ESCO_SKILLS
SKL_8225f6572e45,SKL_7b4f8244da7c,skill,broader_than,ESCO_SKILLS
SKL_5d725c59527d,SKL_4687c1d5b8d4,skill,broader_than,ESCO_SKILLS
SKL_416b8573cd5d,SKL_6a468ac789e8,skill,broader_than,ESCO_SKILLS
SKL_185b1ce4d13f,SKL_de055ba807c1,skill,broader_than,ESCO_SKILLS
SKL_1a3570884e47,SKL_de055ba807c1,skill,broader_than,ESCO_SKILLS
SKL_afda1dab404c,SKL_9fde7a7a4ad4,skill,broader_than,ESCO_SKILLS
SKL_21b146ea089f,SKL_3d0c901cfcaf,skill,broader_than,ESCO_SKILLS
SKL_52b55f5a19f4,SKL_00199bcd086f,skill,broader_than,ESCO_SKILLS
SKL_f66d4af78875,SKL_483e02923b41,skill,broader_than,ESCO_SKILLS
SKL_0c7f1dd9abf3,SKL_b58c863e0dfe,skill,broader_than,ESCO_SKILLS
SKL_790fe3c6937a,SKL_ebb4510ed841,skill,broader_than,ESCO_SKILLS
SKL_96ec838ead75,SKL_5f3c89bad715,skill,broader_than,ESCO_SKILLS
SKL_790fe3c6937a,SKL_5b83ea838ffd,skill,broader_than,ESCO_SKILLS
SKL_3cbcca60d860,SKL_1cf292a8c0ee,skill,broader_than,ESCO_SKILLS
SKL_6a468ac789e8,SKL_a0a82942ef54,skill,broader_than,ESCO_SKILLS
SKL_59c64ba70b70,SKL_1cd624314ce9,skill,broader_than,ESCO_SKILLS
SKL_322c73cb66e8,SKL_82fb2644575a,skill,broader_than,ESCO_SKILLS
SKL_36cc2d6edd1a,SKL_8dad71fe8c3c,skill,broader_than,ESCO_SKILLS
SKL_dbaca5910e03,SKL_1ba86fb9f29e,skill,broader_than,ESCO_SKILLS
SKL_e0b7c20ad2a2,SKL_b1c2a4bc445a,skill,broader_than,ESCO_SKILLS
SKL_f666d0082580,SKL_197598d2730e,skill,broader_than,ESCO_SKILLS
SKL_abe2c7df8fba,SKL_431af79d6c2d,skill,broader_than,ESCO_SKILLS
SKL_72d077beb76d,SKL_f4b0d96998e6,skill,broader_than,ESCO_SKILLS
SKL_619ec6b46c43,SKL_af82150fafdb,skill,broader_than,ESCO_SKILLS
SKL_929f2bc40d7c,SKL_dc718588b284,skill,broader_than,ESCO_SKILLS
SKL_cff6a6e08edc,SKL_05a83bc4458b,skill,broader_than,ESCO_SKILLS
SKL_f1c997d8743f,SKL_05a83bc4458b,skill,broader_than,ESCO_SKILLS
SKL_59c64ba70b70,SKL_2b386dc088dc,skill,broader_than,ESCO_SKILLS
SKL_e681e8b852a4,SKL_53fbbdc90e13,skill,broader_than,ESCO_SKILLS
SKL_6f4b7911d26d,SKL_e4b4be89e1ff,skill,broader_than,ESCO_SKILLS
SKL_929f2bc40d7c,SKL_f6deffac4dbf,skill,broader_than,ESCO_SKILLS
SKL_416b8573cd5d,SKL_7efcdffab3b3,skill,broader_than,ESCO_SKILLS
SKL_5c1cafdcd539,SKL_4e7bcf525ff7,skill,broader_than,ESCO_SKILLS
SKL_36cc2d6edd1a,SKL_4156ea9aa526,skill,broader_than,ESCO_SKILLS
SKL_b1443974bc89,SKL_e9c6121d5e8e,skill,broader_than,ESCO_SKILLS
SKL_8225f6572e45,SKL_a7c157e96f4c,skill,broader_than,ESCO_SKILLS
SKL_e681e8b852a4,SKL_02c69b93451d,skill,broader_than,ESCO_SKILLS
SKL_67a4d439c738,SKL_65a88136df69,skill,broader_than,ESCO_SKILLS
SKL_cff6a6e08edc,SKL_e0cd3dc50b3c,skill,broader_than,ESCO_SKILLS
SKL_628f1410a7a6,SKL_e0cd3dc50b3c,skill,broader_than,ESCO_SKILLS
SKL_e681e8b852a4,SKL_fb22373c26ad,skill,broader_than,ESCO_SKILLS
SKL_416b8573cd5d,SKL_b5a66ada3c21,skill,broader_than,ESCO_SKILLS
SKL_59c64ba70b70,SKL_61058691b0ef,skill,broader_than,ESCO_SKILLS
SKL_cff6a6e08edc,SKL_5dcc8e458213,skill,broader_than,ESCO_SKILLS
SKL_790fe3c6937a,SKL_5dcc8e458213,skill,broader_than,ESCO_SKILLS
SKL_165eec91c5d4,SKL_e6ca3be59c9b,skill,broader_than,ESCO_SKILLS
SKL_e0cd3dc50b3c,SKL_e6ca3be59c9b,skill,broader_than,ESCO_SKILLS
SKL_2bc91d00f4a3,SKL_7e88ed7907b6,skill,broader_than,ESCO_SKILLS
SKL_8225f6572e45,SKL_26d8f2754836,skill,broader_than,ESCO_SKILLS
SKL_59c64ba70b70,SKL_5846d47024c9,skill,broader_than,ESCO_SKILLS
SKL_f20abbe40df9,SKL_79d7ba26c340,skill,broader_than,ESCO_SKILLS
SKL_936597d8bb26,SKL_1e5cd3064178,skill,broader_than,ESCO_SKILLS
SKL_936597d8bb26,SKL_0e0e749d3446,skill,broader_than,ESCO_SKILLS
SKL_a6ec38a87c43,SKL_af2ff39d72ae,skill,broader_than,ESCO_SKILLS
SKL_8c107549fe5b,SKL_31eb2c110ee8,skill,broader_than,ESCO_SKILLS
SKL_64d0c3730751,SKL_a9a5d83a092a,skill,broader_than,ESCO_SKILLS
SKL_bb75147adbcb,SKL_33a22f201b0d,skill,broader_than,ESCO_SKILLS
SKL_04e6c64d8bdd,SKL_9cd6fbd61736,skill,broader_than,ESCO_SKILLS
SKL_e3c6c843b14b,SKL_9cd6fbd61736,skill,broader_than,ESCO_SKILLS
SKL_8aaaa2337efd,SKL_93fd9d40168a,skill,broader_than,ESCO_SKILLS
SKL_5f7aa564dfb2,SKL_a06b16646953,skill,broader_than,ESCO_SKILLS
SKL_cff6a6e08edc,SKL_f1c997d8743f,skill,broader_than,ESCO_SKILLS
SKL_65da6e3d5632,SKL_de2ce348c043,skill,broader_than,ESCO_SKILLS
SKL_337ea3ff9625,SKL_26bcb7a7c221,skill,broader_than,ESCO_SKILLS
SKL_16afd0438ee4,SKL_b89955b20777,skill,broader_than,ESCO_SKILLS
SKL_81953b3440a3,SKL_5d017b2d9604,skill,broader_than,ESCO_SKILLS
SKL_46f9b42c75bd,SKL_b746f67748e4,skill,broader_than,ESCO_SKILLS
SKL_7e88ed7907b6,SKL_9af593147852,skill,broader_than,ESCO_SKILLS
SKL_d5ad7b48e431,SKL_90b10ab7ce01,skill,broader_than,ESCO_SKILLS
SKL_8225f6572e45,SKL_fe01fa21ff02,skill,broader_than,ESCO_SKILLS
SKL_59c64ba70b70,SKL_7019e9976329,skill,broader_than,ESCO_SKILLS
SKL_1ba86fb9f29e,SKL_a0b425f074d0,skill,broader_than,ESCO_SKILLS
SKL_afda1dab404c,SKL_f6d5e3b24280,skill,broader_than,ESCO_SKILLS
SKL_b66a815da958,SKL_2b9b57d62800,skill,broader_than,ESCO_SKILLS
SKL_59c64ba70b70,SKL_df69f4055e0d,skill,broader_than,ESCO_SKILLS
SKL_89277e719209,SKL_87447445d99d,skill,broader_than,ESCO_SKILLS
SKL_afda1dab404c,SKL_89b4a20c6591,skill,broader_than,ESCO_SKILLS
SKL_e681e8b852a4,SKL_9857c27e00bf,skill,broader_than,ESCO_SKILLS
SKL_d4f9396de51d,SKL_63e1e2009af4,skill,broader_than,ESCO_SKILLS
SKL_7e88ed7907b6,SKL_af1d52e02300,skill,broader_than,ESCO_SKILLS
SKL_e681e8b852a4,SKL_d109a693537c,skill,broader_than,ESCO_SKILLS
SKL_7e88ed7907b6,SKL_21b88a75c61d,skill,broader_than,ESCO_SKILLS
SKL_bb75147adbcb,SKL_8aaaa2337efd,skill,broader_than,ESCO_SKILLS
SKL_8845df37d0d0,SKL_74b00626b81c,skill,broader_than,ESCO_SKILLS
SKL_f666d0082580,SKL_7b9fab74c27a,skill,broader_than,ESCO_SKILLS
SKL_416b8573cd5d,SKL_84f81aebbec1,skill,broader_than,ESCO_SKILLS
SKL_5d725c59527d,SKL_47f2166fb857,skill,broader_than,ESCO_SKILLS
SKL_8e2350e55802,SKL_2bc91d00f4a3,skill,broader_than,ESCO_SKILLS
SKL_ae7e75a47fef,SKL_2bc91d00f4a3,skill,broader_than,ESCO_SKILLS
SKL_4adb0a2106db,SKL_2bc91d00f4a3,skill,broader_than,ESCO_SKILLS
SKL_0348dd5625d1,SKL_be093e79069c,skill,broader_than,ESCO_SKILLS
SKL_c8eeeb942505,SKL_be093e79069c,skill,broader_than,ESCO_SKILLS
SKL_185b1ce4d13f,SKL_ea47db501b9f,skill,broader_than,ESCO_SKILLS
SKL_1a3570884e47,SKL_ea47db501b9f,skill,broader_than,ESCO_SKILLS
SKL_62ddf5eab27d,SKL_acb7132e14ad,skill,broader_than,ESCO_SKILLS
SKL_84f1843c952b,SKL_5682de6d321b,skill,broader_than,ESCO_SKILLS
SKL_0a5f047090fe,SKL_ad19fd262b6d,skill,broader_than,ESCO_SKILLS
SKL_46f9b42c75bd,SKL_2ed93fb179ee,skill,broader_than,ESCO_SKILLS
SKL_790fe3c6937a,SKL_166c95005018,skill,broader_than,ESCO_SKILLS
SKL_65da6e3d5632,SKL_5adb63770fc7,skill,broader_than,ESCO_SKILLS
SKL_614950908b5b,SKL_1719b2eb4004,skill,broader_than,ESCO_SKILLS
SKL_0d6403d7297a,SKL_259ad59b7708,skill,broader_than,ESCO_SKILLS
SKL_c28e6064ca64,SKL_1ce625596796,skill,broader_than,ESCO_SKILLS
SKL_cff6a6e08edc,SKL_8d75c167d23e,skill,broader_than,ESCO_SKILLS
SKL_af2ff39d72ae,SKL_3c591965e657,skill,broader_than,ESCO_SKILLS
SKL_afda1dab404c,SKL_5c25f3273be8,skill,broader_than,ESCO_SKILLS
SKL_d4f9396de51d,SKL_faa7a56e6d5d,skill,broader_than,ESCO_SKILLS
SKL_e0b7c20ad2a2,SKL_faa7a56e6d5d,skill,broader_than,ESCO_SKILLS
SKL_f404d9dd01d7,SKL_4f01778789d9,skill,broader_than,ESCO_SKILLS
SKL_c74243986bea,SKL_4f01778789d9,skill,broader_than,ESCO_SKILLS
SKL_2967c56cf4f1,SKL_8c4e3cdac838,skill,broader_than,ESCO_SKILLS
SKL_ae7e75a47fef,SKL_8e2350e55802,skill,broader_than,ESCO_SKILLS
SKL_298f3454c212,SKL_8e2350e55802,skill,broader_than,ESCO_SKILLS
SKL_16afd0438ee4,SKL_8e2350e55802,skill,broader_than,ESCO_SKILLS
SKL_0c7f1dd9abf3,SKL_26feceb26c81,skill,broader_than,ESCO_SKILLS
SKL_8aaaa2337efd,SKL_bfec3156a8dd,skill,broader_than,ESCO_SKILLS
SKL_8fe62404bf31,SKL_bfec3156a8dd,skill,broader_than,ESCO_SKILLS
SKL_b66a815da958,SKL_b145b502032c,skill,broader_than,ESCO_SKILLS
SKL_671240690479,SKL_b145b502032c,skill,broader_than,ESCO_SKILLS
OCC_5bdaba98cc31,OCC_794a07006307,occupation,broader_than,ALIGNMENT
OCC_e7f39b2bf662,OCC_7892d9c0b620,occupation,broader_than,ALIGNMENT
OCC_b1fcf8e1ad43,OCC_0553eba7a386,occupation,broader_than,ALIGNMENT
OCC_a8c29a3b5a18,OCC_f2a71e8a4b5a,occupation,broader_than,ALIGNMENT
OCC_f7d6c0b45919,OCC_2e1e466b0505,occupation,broader_than,ALIGNMENT
OCC_f7d6c0b45919,OCC_e053f9b6d813,occupation,broader_than,ALIGNMENT
OCC_e7f39b2bf662,OCC_11ba48109f61,occupation,broader_than,ALIGNMENT
OCC_f7d6c0b45919,OCC_77dfa03404a8,occupation,broader_than,ALIGNMENT
OCC_f7d6c0b45919,OCC_4060d96748a0,occupation,broader_than,ALIGNMENT
OCC_438689ba7681,OCC_3d3f23f196d1,occupation,broader_than,ALIGNMENT
OCC_46eb90a6f0f3,OCC_9111ae8af624,occupation,broader_than,ALIGNMENT
OCC_f7d6c0b45919,OCC_98f63450c5da,occupation,broader_than,ALIGNMENT
OCC_77edcdb23a49,OCC_0955575601a0,occupation,broader_than,ALIGNMENT
OCC_46eb90a6f0f3,OCC_67a5290e6732,occupation,broader_than,ALIGNMENT
OCC_f7d6c0b45919,OCC_e9792b3b8a2b,occupation,broader_than,ALIGNMENT
OCC_a8c29a3b5a18,OCC_a13c1314c47a,occupation,broader_than,ALIGNMENT
OCC_a8c29a3b5a18,OCC_5a67a9cefa70,occupation,broader_than,ALIGNMENT
OCC_b1fcf8e1ad43,OCC_96f60317599c,occupation,broader_than,ALIGNMENT
OCC_438689ba7681,OCC_ba88f6c6fa5a,occupation,broader_than,ALIGNMENT
OCC_438689ba7681,OCC_1fe13c2221de,occupation,broader_than,ALIGNMENT
OCC_e7f39b2bf662,OCC_f163acbc152f,occupation,broader_than,ALIGNMENT
OCC_46eb90a6f0f3,OCC_3a2f82f3951e,occupation,broader_than,ALIGNMENT
OCC_f7d6c0b45919,OCC_05c762dc00b3,occupation,broader_than,ALIGNMENT
OCC_e7f39b2bf662,OCC_a8ad0cc0d9ad,occupation,broader_than,ALIGNMENT
OCC_b53bbd7b9fd5,OCC_191dff98f7d7,occupation,broader_than,ALIGNMENT
OCC_26254ee56561,OCC_863ed03d42e0,occupation,broader_than,ALIGNMENT
OCC_a8c29a3b5a18,OCC_e8e7321908de,occupation,broader_than,ALIGNMENT
OCC_a8c29a3b5a18,OCC_12f40167dad9,occupation,broader_than,ALIGNMENT
OCC_438689ba7681,OCC_3543db8ef14f,occupation,broader_than,ALIGNMENT
OCC_46eb90a6f0f3,OCC_d92fb40fa0da,occupation,broader_than,ALIGNMENT
OCC_f7d6c0b45919,OCC_2413e8e18b32,occupation,broader_than,ALIGNMENT
OCC_7f0cc11c2a49,OCC_ead95d891a26,occupation,broader_than,ALIGNMENT
OCC_2fd5072bedbe,OCC_e7ecbc0aa824,occupation,broader_than,ALIGNMENT
OCC_f7d6c0b45919,OCC_049f29b0d016,occupation,broader_than,ALIGNMENT
OCC_e7f39b2bf662,OCC_085a2958b6aa,occupation,broader_than,ALIGNMENT
OCC_e7f39b2bf662,OCC_5fafb471f4aa,occupation,broader_than,ALIGNMENT
OCC_77edcdb23a49,OCC_4def1bedc140,occupation,broader_than,ALIGNMENT
OCC_a8c29a3b5a18,OCC_8d1f9f4c93ee,occupation,broader_than,ALIGNMENT
OCC_f7d6c0b45919,OCC_903f27875082,occupation,broader_than,ALIGNMENT
OCC_a8c29a3b5a18,OCC_563c9ee7ae68,occupation,broader_than,ALIGNMENT
OCC_a8c29a3b5a18,OCC_4a2781037768,occupation,broader_than,ALIGNMENT
OCC_e7f39b2bf662,OCC_8545ea52f78d,occupation,broader_than,ALIGNMENT
OCC_f7d6c0b45919,OCC_ec6735d1a243,occupation,broader_than,ALIGNMENT
OCC_438689ba7681,OCC_164e408e096f,occupation,broader_than,ALIGNMENT
OCC_77edcdb23a49,OCC_1ce0e8031f25,occupation,broader_than,ALIGNMENT
OCC_9da9ccc54bc6,OCC_940b6385dcd1,occupation,broader_than,ALIGNMENT
OCC_5bdaba98cc31,OCC_c44a9eaae6e7,occupation,broader_than,ALIGNMENT
OCC_a8c29a3b5a18,OCC_9f440c1548b6,occupation,broader_than,ALIGNMENT
OCC_b53bbd7b9fd5,OCC_8a0009547b60,occupation,broader_than,ALIGNMENT
OCC_438689ba7681,OCC_9e721c3b1a5c,occupation,broader_than,ALIGNMENT
OCC_b53bbd7b9fd5,OCC_98d19aeea9a4,occupation,broader_than,ALIGNMENT
OCC_7f0cc11c2a49,OCC_53745b14cb87,occupation,broader_than,ALIGNMENT
OCC_e7f39b2bf662,OCC_eab9b08d024c,occupation,broader_than,ALIGNMENT
OCC_f7d6c0b45919,OCC_21715cbb5d2f,occupation,broader_than,ALIGNMENT
OCC_f7d6c0b45919,OCC_e16c45181fb8,occupation,broader_than,ALIGNMENT
OCC_f7d6c0b45919,OCC_e02a62ee28e8,occupation,broader_than,ALIGNMENT
OCC_e7f39b2bf662,OCC_d6a2ea4adc66,occupation,broader_than,ALIGNMENT
OCC_e7f39b2bf662,OCC_4243894cf004,occupation,broader_than,ALIGNMENT
