entity_id,entity_kind,label_text,label_norm,label_type,language,source
OCC_a0cecf937326,occupation,administrateur sécurité informatique/administratrice sécurité informatique,administrateur securite informatique/administratrice securite informatique,preferred,fr,ESCO
OCC_a0cecf937326,occupation,responsable de la sécurité des technologies de l'information et de la communication,responsable de la securite des technologies de l'information et de la communication,alt,fr,ESCO
OCC_a0cecf937326,occupation,responsable de la sécurité des TIC,responsable de la securite des tic,alt,fr,ESCO
OCC_a0cecf937326,occupation,directrice de la sécurité de la technologie de l'information et de la communication,directrice de la securite de la technologie de l'information et de la communication,alt,fr,ESCO
OCC_a0cecf937326,occupation,administratrice sécurité informatique,administratrice securite informatique,alt,fr,ESCO
OCC_a0cecf937326,occupation,gestionnaire sécurité informatique,gestionnaire securite informatique,alt,fr,ESCO
OCC_a0cecf937326,occupation,directeur de la sécurité de la technologie de l'information et de la communication,directeur de la securite de la technologie de l'information et de la communication,alt,fr,ESCO
OCC_a0cecf937326,occupation,administrateur sécurité informatique,administrateur securite informatique,alt,fr,ESCO
OCC_a0cecf937326,occupation,directeur de la sécurité TIC,directeur de la securite tic,alt,fr,ESCO
OCC_a0cecf937326,occupation,responsable de l'administration de sécurité informatique,responsable de l'administration de securite informatique,alt,fr,ESCO
OCC_a0cecf937326,occupation,directeur de la sécurité informatique,directeur de la securite informatique,alt,fr,ESCO
OCC_a0cecf937326,occupation,directrice de la sécurité informatique,directrice de la securite informatique,alt,fr,ESCO
OCC_a0cecf937326,occupation,directrice de la sécurité TIC,directrice de la securite tic,alt,fr,ESCO
OCC_6b1c7257ba1b,occupation,analyste logiciel,analyste logiciel,preferred,fr,ESCO
OCC_6b1c7257ba1b,occupation,analyste informatique,analyste informatique,alt,fr,ESCO
OCC_6b1c7257ba1b,occupation,analyste de logiciels,analyste de logiciels,alt,fr,ESCO
OCC_6b1c7257ba1b,occupation,analyste d'applications,analyste d'applications,alt,fr,ESCO
OCC_6b1c7257ba1b,occupation,analyste software,analyste software,alt,fr,ESCO
OCC_535421ae1e2c,occupation,ingénieur intégration/ingénieure intégration,ingenieur integration/ingenieure integration,preferred,fr,ESCO
OCC_535421ae1e2c,occupation,ingénieur informatique,ingenieur informatique,alt,fr,ESCO
OCC_535421ae1e2c,occupation,ingénieure intégration,ingenieure integration,alt,fr,ESCO
OCC_535421ae1e2c,occupation,ingénieur intégration des technologies de l'information et de la communication,ingenieur integration des technologies de l'information et de la communication,alt,fr,ESCO
OCC_535421ae1e2c,occupation,ingénieur intégration des TIC,ingenieur integration des tic,alt,fr,ESCO
OCC_535421ae1e2c,occupation,ingénieure intégration des technologies de l'information et de la communication,ingenieure integration des technologies de l'information et de la communication,alt,fr,ESCO
OCC_535421ae1e2c,occupation,ingénieure informatique,ingenieure informatique,alt,fr,ESCO
OCC_535421ae1e2c,occupation,ingénieur intégration,ingenieur integration,alt,fr,ESCO
OCC_535421ae1e2c,occupation,ingénieure intégration des TIC,ingenieure integration des tic,alt,fr,ESCO
OCC_0ee16ac6947b,occupation,spécialiste de l’optimisation des moteurs de recherche,specialiste de l'optimisation des moteurs de recherche,preferred,fr,ESCO
OCC_0ee16ac6947b,occupation,experte de l'optimisation des moteurs de recherche,experte de l'optimisation des moteurs de recherche,alt,fr,ESCO
OCC_0ee16ac6947b,occupation,conseiller en optimisation des moteurs de recherche,conseiller en optimisation des moteurs de recherche,alt,fr,ESCO
OCC_0ee16ac6947b,occupation,spécialiste optimisation de moteurs de recherche,specialiste optimisation de moteurs de recherche,alt,fr,ESCO
OCC_0ee16ac6947b,occupation,conseillère en optimisation des moteurs de recherche,conseillere en optimisation des moteurs de recherche,alt,fr,ESCO
OCC_0ee16ac6947b,occupation,expert de l'optimisation des moteurs de recherche,expert de l'optimisation des moteurs de recherche,alt,fr,ESCO
OCC_1fbb1e6392b6,occupation,analyste-testeur informatique/analyste-testeuse informatique,analyste-testeur informatique/analyste-testeuse informatique,preferred,fr,ESCO
OCC_1fbb1e6392b6,occupation,analyste-testeur informatique,analyste-testeur informatique,alt,fr,ESCO
OCC_1fbb1e6392b6,occupation,analyste-testeur en informatique,analyste-testeur en informatique,alt,fr,ESCO
OCC_1fbb1e6392b6,occupation,analyste-testeuse en informatique,analyste-testeuse en informatique,alt,fr,ESCO
OCC_1fbb1e6392b6,occupation,analyste-testeur en informatique/analyste-testeuse en informatique,analyste-testeur en informatique/analyste-testeuse en informatique,alt,fr,ESCO
OCC_1fbb1e6392b6,occupation,analyste-testeuse informatique,analyste-testeuse informatique,alt,fr,ESCO
OCC_46b37f0135cb,occupation,spécialiste de l’investigation numérique,specialiste de l'investigation numerique,preferred,fr,ESCO
OCC_46b37f0135cb,occupation,spécialiste de la cybersécurité et de la criminalistique,specialiste de la cybersecurite et de la criminalistique,alt,fr,ESCO
OCC_46b37f0135cb,occupation,expert en investigation numérique,expert en investigation numerique,alt,fr,ESCO
OCC_46b37f0135cb,occupation,professionnel l'investigation numérique,professionnel l'investigation numerique,alt,fr,ESCO
OCC_46b37f0135cb,occupation,professionnel de l'investigation informatique,professionnel de l'investigation informatique,alt,fr,ESCO
OCC_46b37f0135cb,occupation,spécialiste en cybersécurité et en criminalistique,specialiste en cybersecurite et en criminalistique,alt,fr,ESCO
OCC_46b37f0135cb,occupation,consultant en informatique légale,consultant en informatique legale,alt,fr,ESCO
OCC_46b37f0135cb,occupation,spécialiste de l'investigation informatique,specialiste de l'investigation informatique,alt,fr,ESCO
OCC_46b37f0135cb,occupation,professionnelle de l'investigation informatique,professionnelle de l'investigation informatique,alt,fr,ESCO
OCC_46b37f0135cb,occupation,professionnelle de l'investigation numérique,professionnelle de l'investigation numerique,alt,fr,ESCO
OCC_8b508c20ce1d,occupation,analyste réponse aux incidents de sécurité,analyste reponse aux incidents de securite,preferred,fr,ESCO
OCC_8b508c20ce1d,occupation,conseiller sur la sécurité des technologies de l'information et de la communication,conseiller sur la securite des technologies de l'information et de la communication,alt,fr,ESCO
OCC_8b508c20ce1d,occupation,conseillère sur la sécurité des TIC,conseillere sur la securite des tic,alt,fr,ESCO
OCC_8b508c20ce1d,occupation,conseillère sur la sécurité des technologies de l'information et de la communication,conseillere sur la securite des technologies de l'information et de la communication,alt,fr,ESCO
OCC_8b508c20ce1d,occupation,consultante en sécurité informatique,consultante en securite informatique,alt,fr,ESCO
OCC_8b508c20ce1d,occupation,consultante en sécurité des TIC,consultante en securite des tic,alt,fr,ESCO
OCC_8b508c20ce1d,occupation,consultant en sécurité informatique,consultant en securite informatique,alt,fr,ESCO
OCC_8b508c20ce1d,occupation,conseillère en sécurité informatique,conseillere en securite informatique,alt,fr,ESCO
OCC_8b508c20ce1d,occupation,consultante en sécurité des technologies de l'information et de la communication,consultante en securite des technologies de l'information et de la communication,alt,fr,ESCO
OCC_8b508c20ce1d,occupation,consultant en sécurité des TIC,consultant en securite des tic,alt,fr,ESCO
OCC_8b508c20ce1d,occupation,conseiller sur la sécurité des TIC,conseiller sur la securite des tic,alt,fr,ESCO
OCC_8b508c20ce1d,occupation,conseiller en sécurité informatique,conseiller en securite informatique,alt,fr,ESCO
OCC_8b508c20ce1d,occupation,consultant en sécurité des technologies de l'information et de la communication,consultant en securite des technologies de l'information et de la communication,alt,fr,ESCO
OCC_cbee4548194c,occupation,analyste de la reprise des activités informatiques,analyste de la reprise des activites informatiques,preferred,fr,ESCO
OCC_cbee4548194c,occupation,analyste de la résistance informatique,analyste de la resistance informatique,alt,fr,ESCO
OCC_cbee4548194c,occupation,analyste de la résilience TIC,analyste de la resilience tic,alt,fr,ESCO
OCC_cbee4548194c,occupation,analyste de la résilience des technologies de l'information et de la communication,analyste de la resilience des technologies de l'information et de la communication,alt,fr,ESCO
OCC_cbee4548194c,occupation,analyste risque opérationnel et résilience informatique,analyste risque operationnel et resilience informatique,alt,fr,ESCO
OCC_89f4b0de8aeb,occupation,concepteur de systèmes informatiques intégrés/conceptrice de systèmes informatiques intégrés,concepteur de systemes informatiques integres/conceptrice de systemes informatiques integres,preferred,fr,ESCO
OCC_89f4b0de8aeb,occupation,conceptrice de systèmes imbriqués,conceptrice de systemes imbriques,alt,fr,ESCO
OCC_89f4b0de8aeb,occupation,concepteur de systèmes informatiques intégrés à l'équipement,concepteur de systemes informatiques integres a l'equipement,alt,fr,ESCO
OCC_89f4b0de8aeb,occupation,concepteur de systèmes incorporés,concepteur de systemes incorpores,alt,fr,ESCO
OCC_89f4b0de8aeb,occupation,conceptrice de systèmes incorporés,conceptrice de systemes incorpores,alt,fr,ESCO
OCC_89f4b0de8aeb,occupation,ingénieur de contrôle de batterie,ingenieur de controle de batterie,alt,fr,ESCO
OCC_89f4b0de8aeb,occupation,ingénieur en contrôle de batterie,ingenieur en controle de batterie,alt,fr,ESCO
OCC_89f4b0de8aeb,occupation,concepteur de systèmes informatiques intégrés,concepteur de systemes informatiques integres,alt,fr,ESCO
OCC_89f4b0de8aeb,occupation,concepteur informatique intégré,concepteur informatique integre,alt,fr,ESCO
OCC_89f4b0de8aeb,occupation,conceptrice de systèmes emboîtés,conceptrice de systemes emboites,alt,fr,ESCO
OCC_89f4b0de8aeb,occupation,concepteur de systèmes emboîtés,concepteur de systemes emboites,alt,fr,ESCO
OCC_89f4b0de8aeb,occupation,conceptrice de systèmes informatiques intégrés,conceptrice de systemes informatiques integres,alt,fr,ESCO
OCC_89f4b0de8aeb,occupation,conceptrice informatique intégré,conceptrice informatique integre,alt,fr,ESCO
OCC_89f4b0de8aeb,occupation,concepteur de systèmes imbriqués,concepteur de systemes imbriques,alt,fr,ESCO
OCC_89f4b0de8aeb,occupation,conceptrice de systèmes informatiques intégrés à l'équipement,conceptrice de systemes informatiques integres a l'equipement,alt,fr,ESCO
OCC_3e502e92822a,occupation,testeur de logiciels/testeuse de logiciels,testeur de logiciels/testeuse de logiciels,preferred,fr,ESCO
OCC_3e502e92822a,occupation,testeuse d'applications,testeuse d'applications,alt,fr,ESCO
OCC_3e502e92822a,occupation,testeur d'applications,testeur d'applications,alt,fr,ESCO
OCC_3e502e92822a,occupation,testeuse de logiciels,testeuse de logiciels,alt,fr,ESCO
OCC_3e502e92822a,occupation,testeuse de logiciels d'application,testeuse de logiciels d'application,alt,fr,ESCO
OCC_3e502e92822a,occupation,testeur de logiciels d'application,testeur de logiciels d'application,alt,fr,ESCO
OCC_3e502e92822a,occupation,testeur de logiciels,testeur de logiciels,alt,fr,ESCO
OCC_127c8b092532,occupation,responsable du service d’assistance informatique,responsable du service d'assistance informatique,preferred,fr,ESCO
OCC_127c8b092532,occupation,responsable du service d'assistance en technologies de l'information et de la communication,responsable du service d'assistance en technologies de l'information et de la communication,alt,fr,ESCO
OCC_127c8b092532,occupation,responsable du service d'assistance en TIC,responsable du service d'assistance en tic,alt,fr,ESCO
OCC_127c8b092532,occupation,responsable help desk informatique,responsable help desk informatique,alt,fr,ESCO
OCC_127c8b092532,occupation,responsable du service d'aide aux utilisateurs,responsable du service d'aide aux utilisateurs,alt,fr,ESCO
OCC_c7ddb7ad3c99,occupation,concepteur d’entrepôt de données/conceptrice d’entrepôt de données,concepteur d'entrepot de donnees/conceptrice d'entrepot de donnees,preferred,fr,ESCO
OCC_c7ddb7ad3c99,occupation,conceptrice d'entrepôt de données,conceptrice d'entrepot de donnees,alt,fr,ESCO
OCC_c7ddb7ad3c99,occupation,concepteur d'entrepôt de données,concepteur d'entrepot de donnees,alt,fr,ESCO
OCC_991dd4068ca0,occupation,ingénieur en vision par ordinateur/ingénieure en vision par ordinateur,ingenieur en vision par ordinateur/ingenieure en vision par ordinateur,preferred,fr,ESCO
OCC_991dd4068ca0,occupation,expert en vision par ordinateur,expert en vision par ordinateur,alt,fr,ESCO
OCC_991dd4068ca0,occupation,scientifique appliquée en vision par ordinateur,scientifique appliquee en vision par ordinateur,alt,fr,ESCO
OCC_991dd4068ca0,occupation,spécialiste de la vision par ordinateur,specialiste de la vision par ordinateur,alt,fr,ESCO
OCC_991dd4068ca0,occupation,experte en vision par ordinateur,experte en vision par ordinateur,alt,fr,ESCO
OCC_b0446201413b,occupation,ingénieur en sécurité des systèmes intégrés/ingénieure en sécurité des systèmes intégrés,ingenieur en securite des systemes integres/ingenieure en securite des systemes integres,preferred,fr,ESCO
OCC_b0446201413b,occupation,ingénieure sécurité IoT,ingenieure securite iot,alt,fr,ESCO
OCC_b0446201413b,occupation,ingénieur sécurité internet des objets,ingenieur securite internet des objets,alt,fr,ESCO
OCC_b0446201413b,occupation,ingénieure en cybersécurité,ingenieure en cybersecurite,alt,fr,ESCO
OCC_b0446201413b,occupation,ingénieure sécurité internet des objets,ingenieure securite internet des objets,alt,fr,ESCO
OCC_b0446201413b,occupation,ingénieur cybersécurité,ingenieur cybersecurite,alt,fr,ESCO
OCC_b0446201413b,occupation,spécialiste de la cybersécurité,specialiste de la cybersecurite,alt,fr,ESCO
OCC_b0446201413b,occupation,ingénieure cybersécurité,ingenieure cybersecurite,alt,fr,ESCO
OCC_b0446201413b,occupation,ingénieur sécurité IoT,ingenieur securite iot,alt,fr,ESCO
OCC_b0446201413b,occupation,ingénieur en cybersécurité,ingenieur en cybersecurite,alt,fr,ESCO
OCC_7d1a8b2ea390,occupation,ingénieur/ingénieure de données,ingenieur/ingenieure de donnees,preferred,fr,ESCO
OCC_7d1a8b2ea390,occupation,ingénieur en mégadonnées,ingenieur en megadonnees,alt,fr,ESCO
OCC_7d1a8b2ea390,occupation,ingénieure en mégadonnées,ingenieure en megadonnees,alt,fr,ESCO
OCC_7d1a8b2ea390,occupation,expert en ingénieur de données,expert en ingenieur de donnees,alt,fr,ESCO
OCC_7d1a8b2ea390,occupation,ingénieur de données expert,ingenieur de donnees expert,alt,fr,ESCO
OCC_7d1a8b2ea390,occupation,ingénieur de recherche en données,ingenieur de recherche en donnees,alt,fr,ESCO
OCC_7d1a8b2ea390,occupation,ingénieur en données de recherche,ingenieur en donnees de recherche,alt,fr,ESCO
OCC_43a86b759733,occupation,consultant en technologie de l’information et de la communication verte/consultante en technologie de l’information et de la communication verte,consultant en technologie de l'information et de la communication verte/consultante en technologie de l'information et de la communication verte,preferred,fr,ESCO
OCC_43a86b759733,occupation,conseiller technologies de l'information et de la communication vertes,conseiller technologies de l'information et de la communication vertes,alt,fr,ESCO
OCC_43a86b759733,occupation,consultante en technologie de l'information et de la communication verte,consultante en technologie de l'information et de la communication verte,alt,fr,ESCO
OCC_43a86b759733,occupation,conseillère sur les TIC vertes,conseillere sur les tic vertes,alt,fr,ESCO
OCC_43a86b759733,occupation,conseillère technologies de l'information et de la communication vertes,conseillere technologies de l'information et de la communication vertes,alt,fr,ESCO
OCC_43a86b759733,occupation,conseillère en TIC vertes,conseillere en tic vertes,alt,fr,ESCO
OCC_43a86b759733,occupation,consultant sur la TIC verte,consultant sur la tic verte,alt,fr,ESCO
OCC_43a86b759733,occupation,consultant en technologie de l'information et de la communication verte,consultant en technologie de l'information et de la communication verte,alt,fr,ESCO
OCC_43a86b759733,occupation,conseiller sur les TIC vertes,conseiller sur les tic vertes,alt,fr,ESCO
OCC_43a86b759733,occupation,consultante sur la TIC verte,consultante sur la tic verte,alt,fr,ESCO
OCC_43a86b759733,occupation,conseiller en TIC vertes,conseiller en tic vertes,alt,fr,ESCO
OCC_a4f72755e1ad,occupation,développeur de chaînes de blocs/développeuse de chaînes de blocs,developpeur de chaines de blocs/developpeuse de chaines de blocs,preferred,fr,ESCO
OCC_a4f72755e1ad,occupation,ingénieure blockchain,ingenieure blockchain,alt,fr,ESCO
OCC_a4f72755e1ad,occupation,spécialiste de la technologie de comptabilité décentralisée,specialiste de la technologie de comptabilite decentralisee,alt,fr,ESCO
OCC_a4f72755e1ad,occupation,ingénieur blockchain,ingenieur blockchain,alt,fr,ESCO
OCC_a4f72755e1ad,occupation,spécialiste DLT,specialiste dlt,alt,fr,ESCO
OCC_7bde92a813dd,occupation,scientifique des données,scientifique des donnees,preferred,fr,ESCO
OCC_7bde92a813dd,occupation,data scientist,data scientist,alt,fr,ESCO
OCC_7bde92a813dd,occupation,scientifiques des données,scientifiques des donnees,alt,fr,ESCO
OCC_7bde92a813dd,occupation,analyste scientifique des données,analyste scientifique des donnees,alt,fr,ESCO
OCC_7bde92a813dd,occupation,experte en analyse des données,experte en analyse des donnees,alt,fr,ESCO
OCC_7bde92a813dd,occupation,expert en analyse des données,expert en analyse des donnees,alt,fr,ESCO
OCC_3ea9dcd66347,occupation,responsable de la sécurité des TIC,responsable de la securite des tic,preferred,fr,ESCO
OCC_3ea9dcd66347,occupation,responsable de la sécurité des technologies de l'information et de la communication,responsable de la securite des technologies de l'information et de la communication,alt,fr,ESCO
OCC_3ea9dcd66347,occupation,responsable de la sécurité de la technologie de l'information et de la communication,responsable de la securite de la technologie de l'information et de la communication,alt,fr,ESCO
OCC_3ea9dcd66347,occupation,responsable de la sécurité TIC,responsable de la securite tic,alt,fr,ESCO
OCC_3ea9dcd66347,occupation,responsable de la sécurité informatique,responsable de la securite informatique,alt,fr,ESCO
OCC_3ea9dcd66347,occupation,responsable de la sécurité,responsable de la securite,alt,fr,ESCO
OCC_3ea9dcd66347,occupation,directeur du programme de cybersécurité,directeur du programme de cybersecurite,alt,fr,ESCO
OCC_01372aeb8cb5,occupation,architecte d’entreprise,architecte d'entreprise,preferred,fr,ESCO
OCC_01372aeb8cb5,occupation,architecte technique,architecte technique,alt,fr,ESCO
OCC_01372aeb8cb5,occupation,architecte informatique d'entreprise,architecte informatique d'entreprise,alt,fr,ESCO
OCC_01372aeb8cb5,occupation,architecte applicatif,architecte applicatif,alt,fr,ESCO
OCC_01372aeb8cb5,occupation,responsable de l'architecture d'entreprise,responsable de l'architecture d'entreprise,alt,fr,ESCO
OCC_01372aeb8cb5,occupation,architecte métier,architecte metier,alt,fr,ESCO
OCC_60d10ff7dab8,occupation,développeur d’applications mobiles/développeuse d’applications mobiles,developpeur d'applications mobiles/developpeuse d'applications mobiles,preferred,fr,ESCO
OCC_60d10ff7dab8,occupation,développeur d'applications pour mobile,developpeur d'applications pour mobile,alt,fr,ESCO
OCC_60d10ff7dab8,occupation,développeur d'applications pour dispositifs mobiles,developpeur d'applications pour dispositifs mobiles,alt,fr,ESCO
OCC_60d10ff7dab8,occupation,développeuse d'applications mobiles,developpeuse d'applications mobiles,alt,fr,ESCO
OCC_60d10ff7dab8,occupation,développeuse d'applications pour portables,developpeuse d'applications pour portables,alt,fr,ESCO
OCC_60d10ff7dab8,occupation,développeuse d'applications pour dispositifs mobiles,developpeuse d'applications pour dispositifs mobiles,alt,fr,ESCO
OCC_60d10ff7dab8,occupation,développeuse mobile,developpeuse mobile,alt,fr,ESCO
OCC_60d10ff7dab8,occupation,développeur d'applications mobiles,developpeur d'applications mobiles,alt,fr,ESCO
OCC_60d10ff7dab8,occupation,développeuse d'applications pour mobile,developpeuse d'applications pour mobile,alt,fr,ESCO
OCC_60d10ff7dab8,occupation,conceptrice d'applications mobiles,conceptrice d'applications mobiles,alt,fr,ESCO
OCC_60d10ff7dab8,occupation,développeur mobile,developpeur mobile,alt,fr,ESCO
OCC_60d10ff7dab8,occupation,concepteur d'applications mobiles,concepteur d'applications mobiles,alt,fr,ESCO
OCC_60d10ff7dab8,occupation,développeur d'applications pour portables,developpeur d'applications pour portables,alt,fr,ESCO
OCC_96b5d34f1d58,occupation,architecte cloud,architecte cloud,preferred,fr,ESCO
OCC_96b5d34f1d58,occupation,consultant en solutions cloud,consultant en solutions cloud,alt,fr,ESCO
OCC_96b5d34f1d58,occupation,aws architecte cloud,aws architecte cloud,alt,fr,ESCO
OCC_234bb9d3e7c0,occupation,testeur de jeux numériques/testeuse de jeux numériques,testeur de jeux numeriques/testeuse de jeux numeriques,preferred,fr,ESCO
OCC_234bb9d3e7c0,occupation,développeur de jeux numériques,developpeur de jeux numeriques,alt,fr,ESCO
OCC_234bb9d3e7c0,occupation,développeur de jeux vidéo,developpeur de jeux video,alt,fr,ESCO
OCC_234bb9d3e7c0,occupation,testeuse de jeux numériques,testeuse de jeux numeriques,alt,fr,ESCO
OCC_234bb9d3e7c0,occupation,testeur de jeux sur Internet,testeur de jeux sur internet,alt,fr,ESCO
OCC_234bb9d3e7c0,occupation,testeuse de jeux vidéo,testeuse de jeux video,alt,fr,ESCO
OCC_234bb9d3e7c0,occupation,testeur de jeux en ligne,testeur de jeux en ligne,alt,fr,ESCO
OCC_234bb9d3e7c0,occupation,testeuse de jeux virtuels,testeuse de jeux virtuels,alt,fr,ESCO
OCC_234bb9d3e7c0,occupation,testeuse de jeux sur Internet,testeuse de jeux sur internet,alt,fr,ESCO
OCC_234bb9d3e7c0,occupation,testeuse de jeux en ligne,testeuse de jeux en ligne,alt,fr,ESCO
OCC_234bb9d3e7c0,occupation,testeur de jeux virtuels,testeur de jeux virtuels,alt,fr,ESCO
OCC_234bb9d3e7c0,occupation,testeur de jeux vidéo,testeur de jeux video,alt,fr,ESCO
OCC_234bb9d3e7c0,occupation,testeur de jeux numériques,testeur de jeux numeriques,alt,fr,ESCO
OCC_ff4e73f258e8,occupation,ingénieur en informatique en nuage/ingénieure en informatique en nuage,ingenieur en informatique en nuage/ingenieure en informatique en nuage,preferred,fr,ESCO
OCC_ff4e73f258e8,occupation,architecte cloud,architecte cloud,alt,fr,ESCO
OCC_ff4e73f258e8,occupation,ingénieur cloud devops,ingenieur cloud devops,alt,fr,ESCO
OCC_ff4e73f258e8,occupation,développeur cloud,developpeur cloud,alt,fr,ESCO
OCC_ff4e73f258e8,occupation,ingénieure sécurité cloud,ingenieure securite cloud,alt,fr,ESCO
OCC_ff4e73f258e8,occupation,ingénieur cloud hybride,ingenieur cloud hybride,alt,fr,ESCO
OCC_ff4e73f258e8,occupation,ingénieure en cloud computing,ingenieure en cloud computing,alt,fr,ESCO
OCC_ff4e73f258e8,occupation,ingénieur réseau cloud,ingenieur reseau cloud,alt,fr,ESCO
OCC_ff4e73f258e8,occupation,ingénieure réseau cloud,ingenieure reseau cloud,alt,fr,ESCO
OCC_ff4e73f258e8,occupation,ingénieur solution cloud,ingenieur solution cloud,alt,fr,ESCO
OCC_ff4e73f258e8,occupation,ingénieur en cloud computing,ingenieur en cloud computing,alt,fr,ESCO
OCC_ff4e73f258e8,occupation,ingénieure cloud devops,ingenieure cloud devops,alt,fr,ESCO
OCC_ff4e73f258e8,occupation,ingénieur sécurité cloud,ingenieur securite cloud,alt,fr,ESCO
OCC_ff4e73f258e8,occupation,ingénieure cloud natif,ingenieure cloud natif,alt,fr,ESCO
OCC_ff4e73f258e8,occupation,ingénieur infrastructure cloud,ingenieur infrastructure cloud,alt,fr,ESCO
OCC_ff4e73f258e8,occupation,ingénieur cloud natif,ingenieur cloud natif,alt,fr,ESCO
OCC_ff4e73f258e8,occupation,ingénieure logiciel cloud,ingenieure logiciel cloud,alt,fr,ESCO
OCC_ff4e73f258e8,occupation,ingénieure cloud hybride,ingenieure cloud hybride,alt,fr,ESCO
OCC_ff4e73f258e8,occupation,ingénieur logiciel cloud,ingenieur logiciel cloud,alt,fr,ESCO
OCC_ff4e73f258e8,occupation,ingénieure solution cloud,ingenieure solution cloud,alt,fr,ESCO
OCC_ff4e73f258e8,occupation,ingénieure infrastructure cloud,ingenieure infrastructure cloud,alt,fr,ESCO
OCC_ff4e73f258e8,occupation,développeuse cloud,developpeuse cloud,alt,fr,ESCO
OCC_80660e3c36ff,occupation,ingénieur en intelligence artificielle/ingénieure en intelligence artificielle,ingenieur en intelligence artificielle/ingenieure en intelligence artificielle,preferred,fr,ESCO
OCC_80660e3c36ff,occupation,concepteur de SI,concepteur de si,alt,fr,ESCO
OCC_80660e3c36ff,occupation,designer de systèmes intelligents,designer de systemes intelligents,alt,fr,ESCO
OCC_80660e3c36ff,occupation,conceptrice de systèmes intelligents,conceptrice de systemes intelligents,alt,fr,ESCO
OCC_80660e3c36ff,occupation,conceptrice de SI,conceptrice de si,alt,fr,ESCO
OCC_80660e3c36ff,occupation,ingénieur en intelligence artificielle,ingenieur en intelligence artificielle,alt,fr,ESCO
OCC_80660e3c36ff,occupation,ingénieure en intelligence artificielle,ingenieure en intelligence artificielle,alt,fr,ESCO
OCC_80660e3c36ff,occupation,concepteur de systèmes intelligents,concepteur de systemes intelligents,alt,fr,ESCO
OCC_b12363d00856,occupation,gestionnaire des modifications et de la configuration des TIC,gestionnaire des modifications et de la configuration des tic,preferred,fr,ESCO
OCC_b12363d00856,occupation,spécialiste devops,specialiste devops,alt,fr,ESCO
OCC_b12363d00856,occupation,ingénieur développement,ingenieur developpement,alt,fr,ESCO
OCC_b12363d00856,occupation,gestionnaire du cycle de vie des applications,gestionnaire du cycle de vie des applications,alt,fr,ESCO
OCC_b12363d00856,occupation,gestionnaire de changement et de configuration de logiciel,gestionnaire de changement et de configuration de logiciel,alt,fr,ESCO
OCC_b12363d00856,occupation,ingénieure développement,ingenieure developpement,alt,fr,ESCO
OCC_b12363d00856,occupation,panneau de configuration,panneau de configuration,alt,fr,ESCO
OCC_69eaea4542b3,occupation,intégrateur de base de données/intégratrice de base de données,integrateur de base de donnees/integratrice de base de donnees,preferred,fr,ESCO
OCC_69eaea4542b3,occupation,conceptrice de bases de données,conceptrice de bases de donnees,alt,fr,ESCO
OCC_69eaea4542b3,occupation,responsable de base de données,responsable de base de donnees,alt,fr,ESCO
OCC_69eaea4542b3,occupation,concepteur de base de données,concepteur de base de donnees,alt,fr,ESCO
OCC_69eaea4542b3,occupation,intégratrice de données,integratrice de donnees,alt,fr,ESCO
OCC_69eaea4542b3,occupation,intégrateur de base de données,integrateur de base de donnees,alt,fr,ESCO
OCC_69eaea4542b3,occupation,intégrateur de données,integrateur de donnees,alt,fr,ESCO
OCC_69eaea4542b3,occupation,intégratrice de base de données,integratrice de base de donnees,alt,fr,ESCO
OCC_14d19ed15436,occupation,technicien informatique/technicienne informatique,technicien informatique/technicienne informatique,preferred,fr,ESCO
OCC_14d19ed15436,occupation,agent technique en technologie de l'information et de la communication,agent technique en technologie de l'information et de la communication,alt,fr,ESCO
OCC_14d19ed15436,occupation,technicien en TIC,technicien en tic,alt,fr,ESCO
OCC_14d19ed15436,occupation,agente technique en TIC,agente technique en tic,alt,fr,ESCO
OCC_14d19ed15436,occupation,technicien en systèmes d'information,technicien en systemes d'information,alt,fr,ESCO
OCC_14d19ed15436,occupation,responsable informatique,responsable informatique,alt,fr,ESCO
OCC_14d19ed15436,occupation,technicienne en TIC,technicienne en tic,alt,fr,ESCO
OCC_14d19ed15436,occupation,ingénieur en TIC,ingenieur en tic,alt,fr,ESCO
OCC_14d19ed15436,occupation,agente technique en technologie de l'information et de la communication,agente technique en technologie de l'information et de la communication,alt,fr,ESCO
OCC_14d19ed15436,occupation,agent technique en informatique,agent technique en informatique,alt,fr,ESCO
OCC_14d19ed15436,occupation,technicien informatique,technicien informatique,alt,fr,ESCO
OCC_14d19ed15436,occupation,technicienne en technologies de l'information et de la communication,technicienne en technologies de l'information et de la communication,alt,fr,ESCO
OCC_14d19ed15436,occupation,technicien en technologies de l'information et de la communication,technicien en technologies de l'information et de la communication,alt,fr,ESCO
OCC_14d19ed15436,occupation,assistant informatique,assistant informatique,alt,fr,ESCO
OCC_14d19ed15436,occupation,agent technique en TIC,agent technique en tic,alt,fr,ESCO
OCC_14d19ed15436,occupation,technicienne informatique,technicienne informatique,alt,fr,ESCO
OCC_14d19ed15436,occupation,agente technique en informatique,agente technique en informatique,alt,fr,ESCO
OCC_e1b1773585de,occupation,responsable de la planification de la capacité informatique,responsable de la planification de la capacite informatique,preferred,fr,ESCO
OCC_e1b1773585de,occupation,planificatrice de la capacité TIC,planificatrice de la capacite tic,alt,fr,ESCO
OCC_e1b1773585de,occupation,planificateur de la capacité informatique,planificateur de la capacite informatique,alt,fr,ESCO
OCC_e1b1773585de,occupation,responsable de la planification de la capacité en TIC,responsable de la planification de la capacite en tic,alt,fr,ESCO
OCC_e1b1773585de,occupation,planificateur de la capacité TIC,planificateur de la capacite tic,alt,fr,ESCO
OCC_e1b1773585de,occupation,planificatrice de la capacité informatique,planificatrice de la capacite informatique,alt,fr,ESCO
OCC_e1b1773585de,occupation,planificateur de la capacité en TIC,planificateur de la capacite en tic,alt,fr,ESCO
OCC_e1b1773585de,occupation,responsable de la planification de la capacité en technologies de l'information et de la communication,responsable de la planification de la capacite en technologies de l'information et de la communication,alt,fr,ESCO
OCC_e1b1773585de,occupation,planificatrice de la capacité en TIC,planificatrice de la capacite en tic,alt,fr,ESCO
OCC_e1899e09057e,occupation,configurateur d’applications/configuratrice d’applications,configurateur d'applications/configuratrice d'applications,preferred,fr,ESCO
OCC_e1899e09057e,occupation,configuratrice de logiciels,configuratrice de logiciels,alt,fr,ESCO
OCC_e1899e09057e,occupation,configurateur logiciel,configurateur logiciel,alt,fr,ESCO
OCC_e1899e09057e,occupation,configurateur de logiciels,configurateur de logiciels,alt,fr,ESCO
OCC_e1899e09057e,occupation,configuratrice logiciel,configuratrice logiciel,alt,fr,ESCO
OCC_e1899e09057e,occupation,responsable de la configuration d'applications,responsable de la configuration d'applications,alt,fr,ESCO
OCC_e1899e09057e,occupation,configuratrice,configuratrice,alt,fr,ESCO
OCC_e1899e09057e,occupation,configurateur applications,configurateur applications,alt,fr,ESCO
OCC_e1899e09057e,occupation,configurateur,configurateur,alt,fr,ESCO
OCC_e1899e09057e,occupation,configuratrice d'applications,configuratrice d'applications,alt,fr,ESCO
OCC_e1899e09057e,occupation,configuratrice applications,configuratrice applications,alt,fr,ESCO
OCC_e1899e09057e,occupation,configurateur d'applications,configurateur d'applications,alt,fr,ESCO
OCC_697bbd77a746,occupation,responsable de l’analyse commerciale des technologies de l’information et de la communication,responsable de l'analyse commerciale des technologies de l'information et de la communication,preferred,fr,ESCO
OCC_697bbd77a746,occupation,responsable de l'analyse commerciale des TIC,responsable de l'analyse commerciale des tic,alt,fr,ESCO
OCC_697bbd77a746,occupation,responsable de l'analyse commerciale de la technologie de l'information et de la communication,responsable de l'analyse commerciale de la technologie de l'information et de la communication,alt,fr,ESCO
OCC_697bbd77a746,occupation,responsable de l'analyse commerciale TIC,responsable de l'analyse commerciale tic,alt,fr,ESCO
OCC_697bbd77a746,occupation,responsable de l'analyse métier technologies de l'information et de la communication,responsable de l'analyse metier technologies de l'information et de la communication,alt,fr,ESCO
OCC_3e265a77afe1,occupation,testeur d’accessibilité/testeuse d’accessibilité,testeur d'accessibilite/testeuse d'accessibilite,preferred,fr,ESCO
OCC_3e265a77afe1,occupation,évaluateur d'accessibilité,evaluateur d'accessibilite,alt,fr,ESCO
OCC_3e265a77afe1,occupation,testeur accessibilité,testeur accessibilite,alt,fr,ESCO
OCC_3e265a77afe1,occupation,évaluatrice d'accessibilité,evaluatrice d'accessibilite,alt,fr,ESCO
OCC_3e265a77afe1,occupation,testeuse d'accessibilité,testeuse d'accessibilite,alt,fr,ESCO
OCC_3e265a77afe1,occupation,testeur de la facilité d'accès,testeur de la facilite d'acces,alt,fr,ESCO
OCC_3e265a77afe1,occupation,testeuse en accessibilité,testeuse en accessibilite,alt,fr,ESCO
OCC_3e265a77afe1,occupation,testeuse de la facilité d'accès,testeuse de la facilite d'acces,alt,fr,ESCO
OCC_3e265a77afe1,occupation,testeuse accessibilité,testeuse accessibilite,alt,fr,ESCO
OCC_3e265a77afe1,occupation,testeur en accessibilité,testeur en accessibilite,alt,fr,ESCO
OCC_3e265a77afe1,occupation,testeur d'accessibilité,testeur d'accessibilite,alt,fr,ESCO
OCC_b46ed0bc22d0,occupation,testeur de systèmes informatiques/testeuse de systèmes informatiques,testeur de systemes informatiques/testeuse de systemes informatiques,preferred,fr,ESCO
OCC_b46ed0bc22d0,occupation,testeuse TIC,testeuse tic,alt,fr,ESCO
OCC_b46ed0bc22d0,occupation,testeur de systèmes de technologies de l'information et de la communication,testeur de systemes de technologies de l'information et de la communication,alt,fr,ESCO
OCC_b46ed0bc22d0,occupation,testeuse en TIC,testeuse en tic,alt,fr,ESCO
OCC_b46ed0bc22d0,occupation,testeuse de systèmes informatiques,testeuse de systemes informatiques,alt,fr,ESCO
OCC_b46ed0bc22d0,occupation,testeur de systèmes TIC,testeur de systemes tic,alt,fr,ESCO
OCC_b46ed0bc22d0,occupation,testeuse de systèmes de technologies de l'information et de la communication,testeuse de systemes de technologies de l'information et de la communication,alt,fr,ESCO
OCC_b46ed0bc22d0,occupation,testeuse de systèmes TIC,testeuse de systemes tic,alt,fr,ESCO
OCC_b46ed0bc22d0,occupation,testeur en TIC,testeur en tic,alt,fr,ESCO
OCC_b46ed0bc22d0,occupation,testeur TIC,testeur tic,alt,fr,ESCO
OCC_b46ed0bc22d0,occupation,testeur de systèmes informatiques,testeur de systemes informatiques,alt,fr,ESCO
OCC_47055aec8572,occupation,développeur de logiciels pour systèmes informatiques intégrés/développeuse de logiciels pour systèmes informatiques intégrés,developpeur de logiciels pour systemes informatiques integres/developpeuse de logiciels pour systemes informatiques integres,preferred,fr,ESCO
OCC_47055aec8572,occupation,conceptrice de logiciels pour systèmes incorporé,conceptrice de logiciels pour systemes incorpore,alt,fr,ESCO
OCC_47055aec8572,occupation,développeuse de logiciels pour systèmes informatiques intégrés,developpeuse de logiciels pour systemes informatiques integres,alt,fr,ESCO
OCC_47055aec8572,occupation,concepteur de logiciels systèmes emboîtés,concepteur de logiciels systemes emboites,alt,fr,ESCO
OCC_47055aec8572,occupation,concepteur de logiciels pour systèmes informatiques intégrés à l'équipement,concepteur de logiciels pour systemes informatiques integres a l'equipement,alt,fr,ESCO
OCC_47055aec8572,occupation,conceptrice de logiciels pour systèmes informatiques intégrés à l'équipement,conceptrice de logiciels pour systemes informatiques integres a l'equipement,alt,fr,ESCO
OCC_47055aec8572,occupation,développeur de logiciels pour systèmes informatiques intégrés,developpeur de logiciels pour systemes informatiques integres,alt,fr,ESCO
OCC_47055aec8572,occupation,conceptrice de logiciels pour systèmes imbriqués,conceptrice de logiciels pour systemes imbriques,alt,fr,ESCO
OCC_47055aec8572,occupation,concepteur de logiciels pour systèmes incorporés,concepteur de logiciels pour systemes incorpores,alt,fr,ESCO
OCC_47055aec8572,occupation,conceptrice de logiciels systèmes emboîtés,conceptrice de logiciels systemes emboites,alt,fr,ESCO
OCC_47055aec8572,occupation,concepteur de logiciels pour systèmes imbriqués,concepteur de logiciels pour systemes imbriques,alt,fr,ESCO
OCC_8d3f855bfe60,occupation,responsable communications de données aéronautiques,responsable communications de donnees aeronautiques,preferred,fr,ESCO
OCC_59802a0ba34e,occupation,testeur d’utilisabilité/testeuse d’utilisabilité,testeur d'utilisabilite/testeuse d'utilisabilite,preferred,fr,ESCO
OCC_59802a0ba34e,occupation,testeur utilisabilité,testeur utilisabilite,alt,fr,ESCO
OCC_59802a0ba34e,occupation,testeur en utilisabilité,testeur en utilisabilite,alt,fr,ESCO
OCC_59802a0ba34e,occupation,testeuse de la facilité d'utilisation,testeuse de la facilite d'utilisation,alt,fr,ESCO
OCC_59802a0ba34e,occupation,évaluateur d'utilisabilité,evaluateur d'utilisabilite,alt,fr,ESCO
OCC_59802a0ba34e,occupation,testeuse d'utilisabilité,testeuse d'utilisabilite,alt,fr,ESCO
OCC_59802a0ba34e,occupation,testeur d'utilisabilité,testeur d'utilisabilite,alt,fr,ESCO
OCC_59802a0ba34e,occupation,testeuse utilisabilité,testeuse utilisabilite,alt,fr,ESCO
OCC_59802a0ba34e,occupation,évaluatrice d'utilisabilité,evaluatrice d'utilisabilite,alt,fr,ESCO
OCC_59802a0ba34e,occupation,testeur de la facilité d'utilisation,testeur de la facilite d'utilisation,alt,fr,ESCO
OCC_59802a0ba34e,occupation,testeuse en utilisabilité,testeuse en utilisabilite,alt,fr,ESCO
OCC_f609b6bc11bf,occupation,technicien de réseau informatique/technicienne de réseau informatique,technicien de reseau informatique/technicienne de reseau informatique,preferred,fr,ESCO
OCC_f609b6bc11bf,occupation,technicien réseau,technicien reseau,alt,fr,ESCO
OCC_f609b6bc11bf,occupation,technicienne des réseaux,technicienne des reseaux,alt,fr,ESCO
OCC_f609b6bc11bf,occupation,technicienne en réseautique,technicienne en reseautique,alt,fr,ESCO
OCC_f609b6bc11bf,occupation,technicienne de réseau,technicienne de reseau,alt,fr,ESCO
OCC_f609b6bc11bf,occupation,technicienne réseau,technicienne reseau,alt,fr,ESCO
OCC_f609b6bc11bf,occupation,technicien en réseautique,technicien en reseautique,alt,fr,ESCO
OCC_f609b6bc11bf,occupation,technicien des réseaux,technicien des reseaux,alt,fr,ESCO
OCC_f609b6bc11bf,occupation,technicienne du réseau,technicienne du reseau,alt,fr,ESCO
OCC_f609b6bc11bf,occupation,technicien de réseau,technicien de reseau,alt,fr,ESCO
OCC_f609b6bc11bf,occupation,technicien du réseau,technicien du reseau,alt,fr,ESCO
OCC_af0b4023ea6c,occupation,développeur IoT/développeuse IoT,developpeur iot/developpeuse iot,preferred,fr,ESCO
OCC_af0b4023ea6c,occupation,développeur IoT,developpeur iot,alt,fr,ESCO
OCC_af0b4023ea6c,occupation,développeuse IoT,developpeuse iot,alt,fr,ESCO
OCC_af0b4023ea6c,occupation,développeur de logiciels iot,developpeur de logiciels iot,alt,fr,ESCO
OCC_9f67438781d4,occupation,programmeur en informatique industrielle/programmeuse en informatique industrielle,programmeur en informatique industrielle/programmeuse en informatique industrielle,preferred,fr,ESCO
OCC_9f67438781d4,occupation,programmeuse en informatique industrielle,programmeuse en informatique industrielle,alt,fr,ESCO
OCC_9f67438781d4,occupation,programmeur en informatique industrielle,programmeur en informatique industrielle,alt,fr,ESCO
OCC_106b6f022c02,occupation,consultant en recherche informatique/consultante en recherche informatique,consultant en recherche informatique/consultante en recherche informatique,preferred,fr,ESCO
OCC_106b6f022c02,occupation,consultante en recherche dans la TIC,consultante en recherche dans la tic,alt,fr,ESCO
OCC_106b6f022c02,occupation,consultante en recherche dans la technologie de l'information et de la communication,consultante en recherche dans la technologie de l'information et de la communication,alt,fr,ESCO
OCC_106b6f022c02,occupation,consultant en recherche dans la TIC,consultant en recherche dans la tic,alt,fr,ESCO
OCC_106b6f022c02,occupation,conseillère en recherche dans les TIC,conseillere en recherche dans les tic,alt,fr,ESCO
OCC_106b6f022c02,occupation,consultante en recherche informatique,consultante en recherche informatique,alt,fr,ESCO
OCC_106b6f022c02,occupation,consultant en recherche dans les TIC,consultant en recherche dans les tic,alt,fr,ESCO
OCC_106b6f022c02,occupation,consultant en recherche dans la technologie de l'information et de la communication,consultant en recherche dans la technologie de l'information et de la communication,alt,fr,ESCO
OCC_106b6f022c02,occupation,consultant recherche informatique,consultant recherche informatique,alt,fr,ESCO
OCC_106b6f022c02,occupation,conseiller en recherche dans les TIC,conseiller en recherche dans les tic,alt,fr,ESCO
OCC_106b6f022c02,occupation,consultante en recherche dans les TIC,consultante en recherche dans les tic,alt,fr,ESCO
OCC_106b6f022c02,occupation,consultant en recherche informatique,consultant en recherche informatique,alt,fr,ESCO
OCC_106b6f022c02,occupation,consultante recherche informatique,consultante recherche informatique,alt,fr,ESCO
OCC_7c028d934ec6,occupation,analyste qualité des données,analyste qualite des donnees,preferred,fr,ESCO
OCC_7c028d934ec6,occupation,analyste de la qualité des données,analyste de la qualite des donnees,alt,fr,ESCO
OCC_7c028d934ec6,occupation,analystes qualité de données,analystes qualite de donnees,alt,fr,ESCO
OCC_7c028d934ec6,occupation,analyste qualitatif,analyste qualitatif,alt,fr,ESCO
OCC_7c028d934ec6,occupation,analyste qualité de données,analyste qualite de donnees,alt,fr,ESCO
OCC_23fda8338d1e,occupation,responsable des tests d’intégration,responsable des tests d'integration,preferred,fr,ESCO
OCC_23fda8338d1e,occupation,testeur d'intégration,testeur d'integration,alt,fr,ESCO
OCC_23fda8338d1e,occupation,responsable intégration,responsable integration,alt,fr,ESCO
OCC_23fda8338d1e,occupation,testeuse d'intégration,testeuse d'integration,alt,fr,ESCO
OCC_65c02430a9d6,occupation,responsable de l’audit informatique,responsable de l'audit informatique,preferred,fr,ESCO
OCC_65c02430a9d6,occupation,responsable-auditeur informatique,responsable-auditeur informatique,alt,fr,ESCO
OCC_65c02430a9d6,occupation,responsable audits en technologies de l'information et de la communication,responsable audits en technologies de l'information et de la communication,alt,fr,ESCO
OCC_65c02430a9d6,occupation,responsable-auditrice des technologies de l'information et de la communication,responsable-auditrice des technologies de l'information et de la communication,alt,fr,ESCO
OCC_65c02430a9d6,occupation,responsable-auditeur des TIC,responsable-auditeur des tic,alt,fr,ESCO
OCC_65c02430a9d6,occupation,auditrice des TIC,auditrice des tic,alt,fr,ESCO
OCC_65c02430a9d6,occupation,responsable-auditeur des technologies de l'information et de la communication,responsable-auditeur des technologies de l'information et de la communication,alt,fr,ESCO
OCC_65c02430a9d6,occupation,responsable audits informatiques,responsable audits informatiques,alt,fr,ESCO
OCC_65c02430a9d6,occupation,responsable-auditrice informatique,responsable-auditrice informatique,alt,fr,ESCO
OCC_68dccaf6a895,occupation,hacker éthique,hacker ethique,preferred,fr,ESCO
OCC_68dccaf6a895,occupation,pirate autorisé,pirate autorise,alt,fr,ESCO
OCC_68dccaf6a895,occupation,hacker professionnel,hacker professionnel,alt,fr,ESCO
OCC_68dccaf6a895,occupation,chapeau blanc,chapeau blanc,alt,fr,ESCO
OCC_68dccaf6a895,occupation,pirates éthiques,pirates ethiques,alt,fr,ESCO
OCC_68dccaf6a895,occupation,testeur de sécurité TIC,testeur de securite tic,alt,fr,ESCO
OCC_68dccaf6a895,occupation,spécialiste du piratage éthique,specialiste du piratage ethique,alt,fr,ESCO
OCC_68dccaf6a895,occupation,white hat,white hat,alt,fr,ESCO
OCC_68dccaf6a895,occupation,chapeau bleu,chapeau bleu,alt,fr,ESCO
OCC_9113c1374afd,occupation,gestionnaire des risques en cybersécurité,gestionnaire des risques en cybersecurite,preferred,fr,ESCO
OCC_9113c1374afd,occupation,responsable de la sécurité des technologies de l'information et de la communication,responsable de la securite des technologies de l'information et de la communication,alt,fr,ESCO
OCC_9113c1374afd,occupation,responsable de la sécurité des TIC,responsable de la securite des tic,alt,fr,ESCO
OCC_9113c1374afd,occupation,responsable de la sécurité de la technologie de l'information et de la communication,responsable de la securite de la technologie de l'information et de la communication,alt,fr,ESCO
OCC_9113c1374afd,occupation,responsable de la sécurité TIC,responsable de la securite tic,alt,fr,ESCO
OCC_02a46f9d3b88,occupation,développeur/développeuse de logiciels cloud,developpeur/developpeuse de logiciels cloud,preferred,fr,ESCO
OCC_02a46f9d3b88,occupation,administrateur cloud,administrateur cloud,alt,fr,ESCO
OCC_02a46f9d3b88,occupation,spécialiste du cloud et de l'infrastructure,specialiste du cloud et de l'infrastructure,alt,fr,ESCO
OCC_02a46f9d3b88,occupation,administrateur de cloud,administrateur de cloud,alt,fr,ESCO
OCC_02a46f9d3b88,occupation,développeur de logiciels en nuage,developpeur de logiciels en nuage,alt,fr,ESCO
OCC_02a46f9d3b88,occupation,spécialiste des solutions cloud,specialiste des solutions cloud,alt,fr,ESCO
OCC_02a46f9d3b88,occupation,ingénieur logiciel cloud full stack,ingenieur logiciel cloud full stack,alt,fr,ESCO
OCC_02a46f9d3b88,occupation,spécialiste en infrastructure cloud,specialiste en infrastructure cloud,alt,fr,ESCO
OCC_02a46f9d3b88,occupation,développeuse de logiciels en nuage,developpeuse de logiciels en nuage,alt,fr,ESCO
OCC_02a46f9d3b88,occupation,consultant en cloud,consultant en cloud,alt,fr,ESCO
OCC_02a46f9d3b88,occupation,spécialiste du cloud et des infrastructures,specialiste du cloud et des infrastructures,alt,fr,ESCO
OCC_02a46f9d3b88,occupation,spécialiste technique cloud,specialiste technique cloud,alt,fr,ESCO
OCC_04bac78229be,occupation,concepteur de chaînes de blocs/conceptrice de chaînes de blocs,concepteur de chaines de blocs/conceptrice de chaines de blocs,preferred,fr,ESCO
OCC_04bac78229be,occupation,ingénieure blockchain,ingenieure blockchain,alt,fr,ESCO
OCC_04bac78229be,occupation,spécialiste de la technologie blockchain,specialiste de la technologie blockchain,alt,fr,ESCO
OCC_e29ace1e3e50,occupation,ingénieur de la connaissance/ingénieure de la connaissance,ingenieur de la connaissance/ingenieure de la connaissance,preferred,fr,ESCO
OCC_e29ace1e3e50,occupation,ingénieure de la connaissance,ingenieure de la connaissance,alt,fr,ESCO
OCC_e29ace1e3e50,occupation,ingénieur du savoir,ingenieur du savoir,alt,fr,ESCO
OCC_e29ace1e3e50,occupation,ingénieur de la connaissance,ingenieur de la connaissance,alt,fr,ESCO
OCC_e29ace1e3e50,occupation,ingénieur cogniticien,ingenieur cogniticien,alt,fr,ESCO
OCC_e29ace1e3e50,occupation,ingénieur connaissance,ingenieur connaissance,alt,fr,ESCO
OCC_e29ace1e3e50,occupation,cogniticien,cogniticien,alt,fr,ESCO
OCC_07647950ddea,occupation,administrateur de réseau informatique/administratrice de réseau informatique,administrateur de reseau informatique/administratrice de reseau informatique,preferred,fr,ESCO
OCC_07647950ddea,occupation,directeur des réseaux,directeur des reseaux,alt,fr,ESCO
OCC_07647950ddea,occupation,administratrice réseau,administratrice reseau,alt,fr,ESCO
OCC_07647950ddea,occupation,administrateur réseau,administrateur reseau,alt,fr,ESCO
OCC_07647950ddea,occupation,responsable de réseau,responsable de reseau,alt,fr,ESCO
OCC_07647950ddea,occupation,responsable des réseaux,responsable des reseaux,alt,fr,ESCO
OCC_07647950ddea,occupation,administratrice de réseau,administratrice de reseau,alt,fr,ESCO
OCC_07647950ddea,occupation,administrateur de réseau,administrateur de reseau,alt,fr,ESCO
OCC_07647950ddea,occupation,directrice des réseaux,directrice des reseaux,alt,fr,ESCO
OCC_c089ec2388cd,occupation,développeur d’interface utilisateur/développeuse d’interface utilisatrice,developpeur d'interface utilisateur/developpeuse d'interface utilisatrice,preferred,fr,ESCO
OCC_c089ec2388cd,occupation,conceptrice d'interface,conceptrice d'interface,alt,fr,ESCO
OCC_c089ec2388cd,occupation,concepteur d'interface,concepteur d'interface,alt,fr,ESCO
OCC_c089ec2388cd,occupation,designer d'interface,designer d'interface,alt,fr,ESCO
OCC_c089ec2388cd,occupation,développeuse d'interface,developpeuse d'interface,alt,fr,ESCO
OCC_c089ec2388cd,occupation,conceptrice d'interfaces utilisatrices,conceptrice d'interfaces utilisatrices,alt,fr,ESCO
OCC_c089ec2388cd,occupation,développeur d'interface utilisateurs,developpeur d'interface utilisateurs,alt,fr,ESCO
OCC_c089ec2388cd,occupation,développeuse d'interface utilisatrices,developpeuse d'interface utilisatrices,alt,fr,ESCO
OCC_c089ec2388cd,occupation,développeur IU,developpeur iu,alt,fr,ESCO
OCC_c089ec2388cd,occupation,développeuse IU,developpeuse iu,alt,fr,ESCO
OCC_c089ec2388cd,occupation,développeuse d'interface utilisatrice,developpeuse d'interface utilisatrice,alt,fr,ESCO
OCC_c089ec2388cd,occupation,conceptrice d'interface utilisatrices,conceptrice d'interface utilisatrices,alt,fr,ESCO
OCC_c089ec2388cd,occupation,concepteur d'interface utilisateurs,concepteur d'interface utilisateurs,alt,fr,ESCO
OCC_c089ec2388cd,occupation,développeur d'interface,developpeur d'interface,alt,fr,ESCO
OCC_c089ec2388cd,occupation,développeur d'interface utilisateur,developpeur d'interface utilisateur,alt,fr,ESCO
OCC_c089ec2388cd,occupation,concepteur d'interfaces utilisateurs,concepteur d'interfaces utilisateurs,alt,fr,ESCO
OCC_759562b3dd51,occupation,administrateur de base de données/administratrice de base de données,administrateur de base de donnees/administratrice de base de donnees,preferred,fr,ESCO
OCC_759562b3dd51,occupation,administratrice de bases de données,administratrice de bases de donnees,alt,fr,ESCO
OCC_759562b3dd51,occupation,administrateur de données,administrateur de donnees,alt,fr,ESCO
OCC_759562b3dd51,occupation,administrateur de bases de données,administrateur de bases de donnees,alt,fr,ESCO
OCC_759562b3dd51,occupation,gestionnaire de base de données,gestionnaire de base de donnees,alt,fr,ESCO
OCC_759562b3dd51,occupation,administratrice de données,administratrice de donnees,alt,fr,ESCO
OCC_759562b3dd51,occupation,administratrice de base de données,administratrice de base de donnees,alt,fr,ESCO
OCC_759562b3dd51,occupation,responsable des bases de données,responsable des bases de donnees,alt,fr,ESCO
OCC_759562b3dd51,occupation,administrateur de base de données,administrateur de base de donnees,alt,fr,ESCO
OCC_65014a542c78,occupation,concepteur de bases de données /conceptrice de bases de données,concepteur de bases de donnees /conceptrice de bases de donnees,preferred,fr,ESCO
OCC_65014a542c78,occupation,conceptrice de bases de données,conceptrice de bases de donnees,alt,fr,ESCO
OCC_65014a542c78,occupation,architecte de système informatique sécurisé à la fine pointe de la technologie,architecte de systeme informatique securise a la fine pointe de la technologie,alt,fr,ESCO
OCC_65014a542c78,occupation,architecte de système informatique sécurisé de pointe,architecte de systeme informatique securise de pointe,alt,fr,ESCO
OCC_65014a542c78,occupation,designer de base de données,designer de base de donnees,alt,fr,ESCO
OCC_65014a542c78,occupation,concepteur de bases de données,concepteur de bases de donnees,alt,fr,ESCO
OCC_340f51445866,occupation,concepteur d’interface utilisateur/conceptrice d’interface utilisatrice,concepteur d'interface utilisateur/conceptrice d'interface utilisatrice,preferred,fr,ESCO
OCC_340f51445866,occupation,conceptrice d'interface,conceptrice d'interface,alt,fr,ESCO
OCC_340f51445866,occupation,concepteur d'interface,concepteur d'interface,alt,fr,ESCO
OCC_340f51445866,occupation,designer d'interface,designer d'interface,alt,fr,ESCO
OCC_340f51445866,occupation,concepteur IU,concepteur iu,alt,fr,ESCO
OCC_340f51445866,occupation,conceptrice IU,conceptrice iu,alt,fr,ESCO
OCC_340f51445866,occupation,concepteur d'interface utilisateur,concepteur d'interface utilisateur,alt,fr,ESCO
OCC_340f51445866,occupation,conceptrice d'interface utilisatrice,conceptrice d'interface utilisatrice,alt,fr,ESCO
OCC_9c9233e004da,occupation,opérateur de centre de données/opératrice de centre de données,operateur de centre de donnees/operatrice de centre de donnees,preferred,fr,ESCO
OCC_9c9233e004da,occupation,opérateur de centre de traitement de données,operateur de centre de traitement de donnees,alt,fr,ESCO
OCC_9c9233e004da,occupation,opérateur de centre de données,operateur de centre de donnees,alt,fr,ESCO
OCC_9c9233e004da,occupation,opératrice de centres informatiques,operatrice de centres informatiques,alt,fr,ESCO
OCC_9c9233e004da,occupation,opératrice de centre de données de calcul,operatrice de centre de donnees de calcul,alt,fr,ESCO
OCC_9c9233e004da,occupation,opérateur de centres informatiques,operateur de centres informatiques,alt,fr,ESCO
OCC_9c9233e004da,occupation,opératrice de data centers,operatrice de data centers,alt,fr,ESCO
OCC_9c9233e004da,occupation,opérateur de data centers,operateur de data centers,alt,fr,ESCO
OCC_9c9233e004da,occupation,opérateur de centre de données de calcul,operateur de centre de donnees de calcul,alt,fr,ESCO
OCC_9c9233e004da,occupation,opératrice de centre de données,operatrice de centre de donnees,alt,fr,ESCO
OCC_9c9233e004da,occupation,opératrice de centre de traitement de données,operatrice de centre de traitement de donnees,alt,fr,ESCO
OCC_e28a715b58e4,occupation,configurateur de systèmes/configuratrice de systèmes,configurateur de systemes/configuratrice de systemes,preferred,fr,ESCO
OCC_e28a715b58e4,occupation,configuratrice système,configuratrice systeme,alt,fr,ESCO
OCC_e28a715b58e4,occupation,configurateur systèmes,configurateur systemes,alt,fr,ESCO
OCC_e28a715b58e4,occupation,configurateur de système informatique,configurateur de systeme informatique,alt,fr,ESCO
OCC_e28a715b58e4,occupation,configuratrice de systèmes,configuratrice de systemes,alt,fr,ESCO
OCC_e28a715b58e4,occupation,configurateur de systèmes,configurateur de systemes,alt,fr,ESCO
OCC_e28a715b58e4,occupation,configuratrice systèmes,configuratrice systemes,alt,fr,ESCO
OCC_e28a715b58e4,occupation,configurateur système,configurateur systeme,alt,fr,ESCO
OCC_e28a715b58e4,occupation,configuratrice de système informatique,configuratrice de systeme informatique,alt,fr,ESCO
OCC_6cb6d62106d9,occupation,administrateur de systèmes informatiques/administratrice de systèmes informatiques,administrateur de systemes informatiques/administratrice de systemes informatiques,preferred,fr,ESCO
OCC_6cb6d62106d9,occupation,administratrice systèmes,administratrice systemes,alt,fr,ESCO
OCC_6cb6d62106d9,occupation,administrateur de systèmes des technologies de l'information et de la communication,administrateur de systemes des technologies de l'information et de la communication,alt,fr,ESCO
OCC_6cb6d62106d9,occupation,administrateur système,administrateur systeme,alt,fr,ESCO
OCC_6cb6d62106d9,occupation,administratrice de systèmes informatiques,administratrice de systemes informatiques,alt,fr,ESCO
OCC_6cb6d62106d9,occupation,administrateur de systèmes informatiques,administrateur de systemes informatiques,alt,fr,ESCO
OCC_6cb6d62106d9,occupation,administrateur de systèmes TIC,administrateur de systemes tic,alt,fr,ESCO
OCC_6cb6d62106d9,occupation,administratrice système,administratrice systeme,alt,fr,ESCO
OCC_6cb6d62106d9,occupation,administrateur systèmes,administrateur systemes,alt,fr,ESCO
OCC_554c5e421f89,occupation,développeur de jeux numériques/développeuse de jeux numériques,developpeur de jeux numeriques/developpeuse de jeux numeriques,preferred,fr,ESCO
OCC_554c5e421f89,occupation,développeuse de jeux numériques,developpeuse de jeux numeriques,alt,fr,ESCO
OCC_554c5e421f89,occupation,développeuse de jeux en ligne,developpeuse de jeux en ligne,alt,fr,ESCO
OCC_554c5e421f89,occupation,concepteur de jeux vidéos,concepteur de jeux videos,alt,fr,ESCO
OCC_554c5e421f89,occupation,développeuse de jeux virtuels,developpeuse de jeux virtuels,alt,fr,ESCO
OCC_554c5e421f89,occupation,développeur de jeux en ligne,developpeur de jeux en ligne,alt,fr,ESCO
OCC_554c5e421f89,occupation,développeur de jeux sur Internet,developpeur de jeux sur internet,alt,fr,ESCO
OCC_554c5e421f89,occupation,conceptrice de jeux numériques,conceptrice de jeux numeriques,alt,fr,ESCO
OCC_554c5e421f89,occupation,développeur de jeux numériques,developpeur de jeux numeriques,alt,fr,ESCO
OCC_554c5e421f89,occupation,concepteur de jeux numériques,concepteur de jeux numeriques,alt,fr,ESCO
OCC_554c5e421f89,occupation,conceptrice de jeux vidéos,conceptrice de jeux videos,alt,fr,ESCO
OCC_554c5e421f89,occupation,développeuse de jeux vidéo,developpeuse de jeux video,alt,fr,ESCO
OCC_554c5e421f89,occupation,développeuse de jeux sur Internet,developpeuse de jeux sur internet,alt,fr,ESCO
OCC_554c5e421f89,occupation,développeur de jeux vidéo,developpeur de jeux video,alt,fr,ESCO
OCC_554c5e421f89,occupation,développeur de jeux virtuels,developpeur de jeux virtuels,alt,fr,ESCO
OCC_b01b8def641d,occupation,responsable de l’assurance qualité informatique,responsable de l'assurance qualite informatique,preferred,fr,ESCO
OCC_b01b8def641d,occupation,cheffe de l'assurance qualité des TIC,cheffe de l'assurance qualite des tic,alt,fr,ESCO
OCC_b01b8def641d,occupation,responsable de l'assurance qualité des TIC,responsable de l'assurance qualite des tic,alt,fr,ESCO
OCC_b01b8def641d,occupation,directeur de l'AQ informatique,directeur de l'aq informatique,alt,fr,ESCO
OCC_b01b8def641d,occupation,chef de l'assurance qualité des TIC,chef de l'assurance qualite des tic,alt,fr,ESCO
OCC_b01b8def641d,occupation,responsable AQ informatique,responsable aq informatique,alt,fr,ESCO
OCC_b01b8def641d,occupation,responsable de l'assurance qualité des technologies de l'information et de la communication,responsable de l'assurance qualite des technologies de l'information et de la communication,alt,fr,ESCO
OCC_b01b8def641d,occupation,directrice de l'AQ informatique,directrice de l'aq informatique,alt,fr,ESCO
OCC_47b1b32e81f9,occupation,technicien en sécurité informatique/technicienne en sécurité informatique,technicien en securite informatique/technicienne en securite informatique,preferred,fr,ESCO
OCC_47b1b32e81f9,occupation,agente de sécurité informatique,agente de securite informatique,alt,fr,ESCO
OCC_47b1b32e81f9,occupation,technicienne en sécurité informatique,technicienne en securite informatique,alt,fr,ESCO
OCC_47b1b32e81f9,occupation,agent de sécurité informatique,agent de securite informatique,alt,fr,ESCO
OCC_47b1b32e81f9,occupation,technicien en sécurité des technologies de l'information et de la sécurité,technicien en securite des technologies de l'information et de la securite,alt,fr,ESCO
OCC_47b1b32e81f9,occupation,responsable de la sécurité informatique,responsable de la securite informatique,alt,fr,ESCO
OCC_47b1b32e81f9,occupation,technicienne en sécurité des technologies de l'information et de la sécurité,technicienne en securite des technologies de l'information et de la securite,alt,fr,ESCO
OCC_47b1b32e81f9,occupation,technicienne en sécurité des TIC,technicienne en securite des tic,alt,fr,ESCO
OCC_47b1b32e81f9,occupation,technicien en sécurité des TIC,technicien en securite des tic,alt,fr,ESCO
OCC_47b1b32e81f9,occupation,technicien en sécurité informatique,technicien en securite informatique,alt,fr,ESCO
OCC_20596f0afee7,occupation,analyste de système informatique,analyste de systeme informatique,preferred,fr,ESCO
OCC_20596f0afee7,occupation,analyste système TIC,analyste systeme tic,alt,fr,ESCO
OCC_20596f0afee7,occupation,analyste système,analyste systeme,alt,fr,ESCO
OCC_20596f0afee7,occupation,analyste de systèmes de technologies de l'information et de la communication,analyste de systemes de technologies de l'information et de la communication,alt,fr,ESCO
OCC_aa3336017d8a,occupation,administrateur de contenu web/administratrice de contenu web,administrateur de contenu web/administratrice de contenu web,preferred,fr,ESCO
OCC_aa3336017d8a,occupation,administratrice du contenu Internet,administratrice du contenu internet,alt,fr,ESCO
OCC_aa3336017d8a,occupation,administrateur du contenu web,administrateur du contenu web,alt,fr,ESCO
OCC_aa3336017d8a,occupation,administrateur du contenu Internet,administrateur du contenu internet,alt,fr,ESCO
OCC_aa3336017d8a,occupation,administrateur des contenus Internet,administrateur des contenus internet,alt,fr,ESCO
OCC_aa3336017d8a,occupation,administratrice des contenus Internet,administratrice des contenus internet,alt,fr,ESCO
OCC_aa3336017d8a,occupation,gestionnaire du contenu web,gestionnaire du contenu web,alt,fr,ESCO
OCC_aa3336017d8a,occupation,administratrice du contenu web,administratrice du contenu web,alt,fr,ESCO
OCC_aa3336017d8a,occupation,administrateur des contenus en ligne,administrateur des contenus en ligne,alt,fr,ESCO
OCC_aa3336017d8a,occupation,administrateur de contenu web,administrateur de contenu web,alt,fr,ESCO
OCC_aa3336017d8a,occupation,administratrice des contenus en ligne,administratrice des contenus en ligne,alt,fr,ESCO
OCC_aa3336017d8a,occupation,administratrice de contenu web,administratrice de contenu web,alt,fr,ESCO
OCC_a1ea51659e23,occupation,développeur de systèmes informatiques/développeuse de systèmes informatiques,developpeur de systemes informatiques/developpeuse de systemes informatiques,preferred,fr,ESCO
OCC_a1ea51659e23,occupation,développeur de systèmes de technologies de l'information et de la communication,developpeur de systemes de technologies de l'information et de la communication,alt,fr,ESCO
OCC_a1ea51659e23,occupation,développeuse de systèmes informatiques,developpeuse de systemes informatiques,alt,fr,ESCO
OCC_a1ea51659e23,occupation,développeur système,developpeur systeme,alt,fr,ESCO
OCC_a1ea51659e23,occupation,développeuse système,developpeuse systeme,alt,fr,ESCO
OCC_a1ea51659e23,occupation,développeuse système TIC,developpeuse systeme tic,alt,fr,ESCO
OCC_a1ea51659e23,occupation,développeuse de systèmes de technologies de l'information et de la communication,developpeuse de systemes de technologies de l'information et de la communication,alt,fr,ESCO
OCC_a1ea51659e23,occupation,développeur système TIC,developpeur systeme tic,alt,fr,ESCO
OCC_a1ea51659e23,occupation,développeur de systèmes informatiques,developpeur de systemes informatiques,alt,fr,ESCO
OCC_0464755fe4e8,occupation,responsable de la résilience informatique,responsable de la resilience informatique,preferred,fr,ESCO
OCC_0464755fe4e8,occupation,responsable risque opérationnel et résilience informatique,responsable risque operationnel et resilience informatique,alt,fr,ESCO
OCC_0464755fe4e8,occupation,responsable de la résilience TIC,responsable de la resilience tic,alt,fr,ESCO
OCC_708b91f0f734,occupation,agent de service d’assistance informatique/agente de service d’assistance informatique,agent de service d'assistance informatique/agente de service d'assistance informatique,preferred,fr,ESCO
OCC_708b91f0f734,occupation,agent du service d'assistance en TIC,agent du service d'assistance en tic,alt,fr,ESCO
OCC_708b91f0f734,occupation,agente du service d'assistance en technologies de l'information et de la communication,agente du service d'assistance en technologies de l'information et de la communication,alt,fr,ESCO
OCC_708b91f0f734,occupation,agent du service d'aide aux utilisateurs,agent du service d'aide aux utilisateurs,alt,fr,ESCO
OCC_708b91f0f734,occupation,agente de service d'assistance informatique,agente de service d'assistance informatique,alt,fr,ESCO
OCC_708b91f0f734,occupation,agent du service d'assistance en technologies de l'information et de la communication,agent du service d'assistance en technologies de l'information et de la communication,alt,fr,ESCO
OCC_708b91f0f734,occupation,conseiller en assistance technique TIC,conseiller en assistance technique tic,alt,fr,ESCO
OCC_708b91f0f734,occupation,technicien de support informatique,technicien de support informatique,alt,fr,ESCO
OCC_708b91f0f734,occupation,agente help desk informatique,agente help desk informatique,alt,fr,ESCO
OCC_708b91f0f734,occupation,agente du service d'assistance en TIC,agente du service d'assistance en tic,alt,fr,ESCO
OCC_708b91f0f734,occupation,agent help desk informatique,agent help desk informatique,alt,fr,ESCO
OCC_708b91f0f734,occupation,agent du service d'assistance TIC,agent du service d'assistance tic,alt,fr,ESCO
OCC_708b91f0f734,occupation,conseiller en assistance informatique,conseiller en assistance informatique,alt,fr,ESCO
OCC_708b91f0f734,occupation,agente du service d'aide aux utilisateurs,agente du service d'aide aux utilisateurs,alt,fr,ESCO
OCC_708b91f0f734,occupation,agent de service d'assistance informatique,agent de service d'assistance informatique,alt,fr,ESCO
OCC_11d84dbfc1bc,occupation,développeur de base de données/développeuse de base de données,developpeur de base de donnees/developpeuse de base de donnees,preferred,fr,ESCO
OCC_11d84dbfc1bc,occupation,responsable de base de données,responsable de base de donnees,alt,fr,ESCO
OCC_11d84dbfc1bc,occupation,concepteur de base de données,concepteur de base de donnees,alt,fr,ESCO
OCC_11d84dbfc1bc,occupation,conceptrice de base de données,conceptrice de base de donnees,alt,fr,ESCO
OCC_11d84dbfc1bc,occupation,développeuse de base de données,developpeuse de base de donnees,alt,fr,ESCO
OCC_11d84dbfc1bc,occupation,développeur de base de données,developpeur de base de donnees,alt,fr,ESCO
OCC_30549a5affd9,occupation,consultant informatique/consultante informatique,consultant informatique/consultante informatique,preferred,fr,ESCO
OCC_30549a5affd9,occupation,conseillère technologies de l'information et de la communication,conseillere technologies de l'information et de la communication,alt,fr,ESCO
OCC_30549a5affd9,occupation,conseillère sur les TIC,conseillere sur les tic,alt,fr,ESCO
OCC_30549a5affd9,occupation,consultante en TIC,consultante en tic,alt,fr,ESCO
OCC_30549a5affd9,occupation,consultant en technologies de l'information et de la communication,consultant en technologies de l'information et de la communication,alt,fr,ESCO
OCC_30549a5affd9,occupation,conseiller informatique,conseiller informatique,alt,fr,ESCO
OCC_30549a5affd9,occupation,consultant en TIC,consultant en tic,alt,fr,ESCO
OCC_30549a5affd9,occupation,consultant informatique,consultant informatique,alt,fr,ESCO
OCC_30549a5affd9,occupation,conseillère en informatique,conseillere en informatique,alt,fr,ESCO
OCC_30549a5affd9,occupation,consultante informatique,consultante informatique,alt,fr,ESCO
OCC_30549a5affd9,occupation,conseiller technologies de l'information et de la communication,conseiller technologies de l'information et de la communication,alt,fr,ESCO
OCC_30549a5affd9,occupation,conseiller sur les TIC,conseiller sur les tic,alt,fr,ESCO
OCC_30549a5affd9,occupation,conseiller en informatique,conseiller en informatique,alt,fr,ESCO
OCC_30549a5affd9,occupation,consultante en technologies de l'information et de la communication,consultante en technologies de l'information et de la communication,alt,fr,ESCO
OCC_28d6f1c634d8,occupation,développeur de logiciels pour appareils mobiles destinés à l’industrie/développeuse de logiciels pour appareils mobiles destinés à l’industrie,developpeur de logiciels pour appareils mobiles destines a l'industrie/developpeuse de logiciels pour appareils mobiles destines a l'industrie,preferred,fr,ESCO
OCC_28d6f1c634d8,occupation,développeuse de logiciels pour appareils mobiles destinés à l'industrie,developpeuse de logiciels pour appareils mobiles destines a l'industrie,alt,fr,ESCO
OCC_28d6f1c634d8,occupation,développeur de logiciels pour appareils mobiles destinés à l'industrie,developpeur de logiciels pour appareils mobiles destines a l'industrie,alt,fr,ESCO
OCC_cd04c9fb1a40,occupation,concepteur de logiciels d’application/conceptrice de logiciels d’application,concepteur de logiciels d'application/conceptrice de logiciels d'application,preferred,fr,ESCO
OCC_cd04c9fb1a40,occupation,conceptrice de logiciels,conceptrice de logiciels,alt,fr,ESCO
OCC_cd04c9fb1a40,occupation,concepteur de logiciels,concepteur de logiciels,alt,fr,ESCO
OCC_cd04c9fb1a40,occupation,concepteur de logiciels applicatifs,concepteur de logiciels applicatifs,alt,fr,ESCO
OCC_cd04c9fb1a40,occupation,conceptrice de logiciels d'application,conceptrice de logiciels d'application,alt,fr,ESCO
OCC_cd04c9fb1a40,occupation,conceptrice de logiciels applicatifs,conceptrice de logiciels applicatifs,alt,fr,ESCO
OCC_cd04c9fb1a40,occupation,concepteur de logiciels d'application,concepteur de logiciels d'application,alt,fr,ESCO
OCC_cd04c9fb1a40,occupation,concepteur informatique,concepteur informatique,alt,fr,ESCO
OCC_cd04c9fb1a40,occupation,conceptrice informatique,conceptrice informatique,alt,fr,ESCO
OCC_af41616819b5,occupation,consultant en intégration de systèmes informatiques/consultante en intégration de systèmes informatiques,consultant en integration de systemes informatiques/consultante en integration de systemes informatiques,preferred,fr,ESCO
OCC_af41616819b5,occupation,consultant en systèmes intégrés,consultant en systemes integres,alt,fr,ESCO
OCC_af41616819b5,occupation,consultant en intégration de systèmes,consultant en integration de systemes,alt,fr,ESCO
OCC_af41616819b5,occupation,consultante en intégration de systèmes,consultante en integration de systemes,alt,fr,ESCO
OCC_af41616819b5,occupation,conseillère sur l'intégration de systèmes,conseillere sur l'integration de systemes,alt,fr,ESCO
OCC_af41616819b5,occupation,conseillère sur l'intégration des systèmes,conseillere sur l'integration des systemes,alt,fr,ESCO
OCC_af41616819b5,occupation,consultante en systèmes intégrés,consultante en systemes integres,alt,fr,ESCO
OCC_af41616819b5,occupation,conseiller systèmes intégrés,conseiller systemes integres,alt,fr,ESCO
OCC_af41616819b5,occupation,conseillère systèmes intégrés,conseillere systemes integres,alt,fr,ESCO
OCC_af41616819b5,occupation,conseiller sur l'intégration de systèmes,conseiller sur l'integration de systemes,alt,fr,ESCO
OCC_af41616819b5,occupation,conseiller sur l'intégration des systèmes,conseiller sur l'integration des systemes,alt,fr,ESCO
OCC_3b83c3012cf7,occupation,développeur web/développeuse web,developpeur web/developpeuse web,preferred,fr,ESCO
OCC_3b83c3012cf7,occupation,développeur web,developpeur web,alt,fr,ESCO
OCC_3b83c3012cf7,occupation,développeuse web,developpeuse web,alt,fr,ESCO
OCC_3b83c3012cf7,occupation,développeuse Internet,developpeuse internet,alt,fr,ESCO
OCC_3b83c3012cf7,occupation,développeur Internet,developpeur internet,alt,fr,ESCO
OCC_3b83c3012cf7,occupation,concepteur web,concepteur web,alt,fr,ESCO
OCC_3b83c3012cf7,occupation,conceptrice web,conceptrice web,alt,fr,ESCO
OCC_3b83c3012cf7,occupation,créatrice de contenus web,creatrice de contenus web,alt,fr,ESCO
OCC_3b83c3012cf7,occupation,créateur de contenus web,createur de contenus web,alt,fr,ESCO
OCC_5bfe9fc9c093,occupation,responsable de l'identité cloud,responsable de l'identite cloud,preferred,fr,ESCO
OCC_5bfe9fc9c093,occupation,gestionnaire des risques liés aux identités dans le cloud,gestionnaire des risques lies aux identites dans le cloud,alt,fr,ESCO
OCC_5bfe9fc9c093,occupation,gestionnaire d'accès aux identités dans le cloud,gestionnaire d'acces aux identites dans le cloud,alt,fr,ESCO
OCC_5bfe9fc9c093,occupation,gestionnaire d'accès à l'identité Cloud,gestionnaire d'acces a l'identite cloud,alt,fr,ESCO
OCC_5bfe9fc9c093,occupation,gestionnaire des risques liés à l’identité dans le nuage,gestionnaire des risques lies a l'identite dans le nuage,alt,fr,ESCO
OCC_5bfe9fc9c093,occupation,ingénieur en identité cloud,ingenieur en identite cloud,alt,fr,ESCO
OCC_c79207b250ca,occupation,ingénieur DevOps cloud/ingénieure DevOps cloud,ingenieur devops cloud/ingenieure devops cloud,preferred,fr,ESCO
OCC_c79207b250ca,occupation,spécialiste devops,specialiste devops,alt,fr,ESCO
OCC_c79207b250ca,occupation,ingénieur en automatisation du cloud,ingenieur en automatisation du cloud,alt,fr,ESCO
OCC_c79207b250ca,occupation,devops ingénieur consultant,devops ingenieur consultant,alt,fr,ESCO
OCC_c79207b250ca,occupation,consultant devops,consultant devops,alt,fr,ESCO
OCC_c79207b250ca,occupation,analyste DevOps,analyste devops,alt,fr,ESCO
OCC_c79207b250ca,occupation,ingénieur DevOps d'infrastructure cloud,ingenieur devops d'infrastructure cloud,alt,fr,ESCO
OCC_c79207b250ca,occupation,ingénieur DevOps en nuage,ingenieur devops en nuage,alt,fr,ESCO
OCC_c79207b250ca,occupation,administrateur DevOps,administrateur devops,alt,fr,ESCO
OCC_c79207b250ca,occupation,devops,devops,alt,fr,ESCO
OCC_c79207b250ca,occupation,la fiabilité du site devops ingénieur,la fiabilite du site devops ingenieur,alt,fr,ESCO
OCC_c79207b250ca,occupation,ingénieure DevOps en nuage,ingenieure devops en nuage,alt,fr,ESCO
OCC_c79207b250ca,occupation,devops de nuages,devops de nuages,alt,fr,ESCO
OCC_c79207b250ca,occupation,devops architect,devops architect,alt,fr,ESCO
OCC_c79207b250ca,occupation,ingénieur en automatisation Cloud,ingenieur en automatisation cloud,alt,fr,ESCO
OCC_7d8d0e4e5d42,occupation,auditeur des systèmes d’information/auditrice des systèmes d’information,auditeur des systemes d'information/auditrice des systemes d'information,preferred,fr,ESCO
OCC_7d8d0e4e5d42,occupation,auditrice informatique,auditrice informatique,alt,fr,ESCO
OCC_7d8d0e4e5d42,occupation,auditeur des systèmes d'information,auditeur des systemes d'information,alt,fr,ESCO
OCC_7d8d0e4e5d42,occupation,auditeur informatique/auditrice informatique,auditeur informatique/auditrice informatique,alt,fr,ESCO
OCC_7d8d0e4e5d42,occupation,auditeur informatique,auditeur informatique,alt,fr,ESCO
OCC_7d8d0e4e5d42,occupation,auditrice des systèmes d'information,auditrice des systemes d'information,alt,fr,ESCO
OCC_6836ed031e87,occupation,ingénieur de réseaux informatiques/ingénieure de réseaux informatiques,ingenieur de reseaux informatiques/ingenieure de reseaux informatiques,preferred,fr,ESCO
OCC_6836ed031e87,occupation,ingénieure réseaux,ingenieure reseaux,alt,fr,ESCO
OCC_6836ed031e87,occupation,ingénieur réseaux,ingenieur reseaux,alt,fr,ESCO
OCC_6836ed031e87,occupation,ingénieure de réseaux,ingenieure de reseaux,alt,fr,ESCO
OCC_6836ed031e87,occupation,développeur de réseaux,developpeur de reseaux,alt,fr,ESCO
OCC_6836ed031e87,occupation,ingénieur de réseaux,ingenieur de reseaux,alt,fr,ESCO
OCC_6836ed031e87,occupation,ingénieur réseau,ingenieur reseau,alt,fr,ESCO
OCC_6836ed031e87,occupation,ingénieure réseau,ingenieure reseau,alt,fr,ESCO
OCC_fa1704d164c5,occupation,concepteur de logiciels/conceptrice de logiciels,concepteur de logiciels/conceptrice de logiciels,preferred,fr,ESCO
OCC_fa1704d164c5,occupation,concepteur-architecte logiciel,concepteur-architecte logiciel,alt,fr,ESCO
OCC_fa1704d164c5,occupation,architecte logiciel,architecte logiciel,alt,fr,ESCO
OCC_fa1704d164c5,occupation,conceptrice-architecte logiciel,conceptrice-architecte logiciel,alt,fr,ESCO
OCC_fa1704d164c5,occupation,conceptrice de logiciels,conceptrice de logiciels,alt,fr,ESCO
OCC_fa1704d164c5,occupation,concepteur de logiciels,concepteur de logiciels,alt,fr,ESCO
OCC_ccd1a82716dc,occupation,analyste de données,analyste de donnees,preferred,fr,ESCO
OCC_ccd1a82716dc,occupation,analyste data,analyste data,alt,fr,ESCO
OCC_ccd1a82716dc,occupation,data analyst,data analyst,alt,fr,ESCO
OCC_ccd1a82716dc,occupation,analystes de données,analystes de donnees,alt,fr,ESCO
OCC_1cd71aaf46fd,occupation,webmestre,webmestre,preferred,fr,ESCO
OCC_1cd71aaf46fd,occupation,administratrice de site Internet,administratrice de site internet,alt,fr,ESCO
OCC_1cd71aaf46fd,occupation,administratrice de site web,administratrice de site web,alt,fr,ESCO
OCC_1cd71aaf46fd,occupation,administratrice de serveur,administratrice de serveur,alt,fr,ESCO
OCC_1cd71aaf46fd,occupation,administrateur de site Internet,administrateur de site internet,alt,fr,ESCO
OCC_1cd71aaf46fd,occupation,administratrice de site,administratrice de site,alt,fr,ESCO
OCC_1cd71aaf46fd,occupation,administrateur de site web,administrateur de site web,alt,fr,ESCO
OCC_1cd71aaf46fd,occupation,webmaster,webmaster,alt,fr,ESCO
OCC_1cd71aaf46fd,occupation,administrateur de serveur,administrateur de serveur,alt,fr,ESCO
OCC_1cd71aaf46fd,occupation,administrateur de site,administrateur de site,alt,fr,ESCO
OCC_bd1d7a63edf2,occupation,architecte de réseau,architecte de reseau,preferred,fr,ESCO
OCC_bd1d7a63edf2,occupation,ingénieure de réseaux,ingenieure de reseaux,alt,fr,ESCO
OCC_bd1d7a63edf2,occupation,ingénieur de réseaux,ingenieur de reseaux,alt,fr,ESCO
OCC_bd1d7a63edf2,occupation,architecte de réseaux,architecte de reseaux,alt,fr,ESCO
OCC_bd1d7a63edf2,occupation,architecte réseaux,architecte reseaux,alt,fr,ESCO
OCC_9e5778cecf8d,occupation,concepteur de systèmes informatiques/conceptrice de systèmes informatiques,concepteur de systemes informatiques/conceptrice de systemes informatiques,preferred,fr,ESCO
OCC_9e5778cecf8d,occupation,concepteur système,concepteur systeme,alt,fr,ESCO
OCC_9e5778cecf8d,occupation,architecte de système informatique,architecte de systeme informatique,alt,fr,ESCO
OCC_9e5778cecf8d,occupation,concepteur de système de technologies de l'information et de la communication,concepteur de systeme de technologies de l'information et de la communication,alt,fr,ESCO
OCC_9e5778cecf8d,occupation,concepteur de systèmes informatiques,concepteur de systemes informatiques,alt,fr,ESCO
OCC_9e5778cecf8d,occupation,conceptrice de système de technologies de l'information et de la communication,conceptrice de systeme de technologies de l'information et de la communication,alt,fr,ESCO
OCC_9e5778cecf8d,occupation,conceptrice de systèmes informatiques,conceptrice de systemes informatiques,alt,fr,ESCO
OCC_9e5778cecf8d,occupation,concepteur de système de TIC,concepteur de systeme de tic,alt,fr,ESCO
OCC_9e5778cecf8d,occupation,conceptrice de systèmes,conceptrice de systemes,alt,fr,ESCO
OCC_9e5778cecf8d,occupation,concepteur de systèmes,concepteur de systemes,alt,fr,ESCO
OCC_9e5778cecf8d,occupation,conceptrice système,conceptrice systeme,alt,fr,ESCO
OCC_9e5778cecf8d,occupation,concepteur de système,concepteur de systeme,alt,fr,ESCO
OCC_9e5778cecf8d,occupation,conceptrice de système de TIC,conceptrice de systeme de tic,alt,fr,ESCO
OCC_9e5778cecf8d,occupation,conceptrice de système,conceptrice de systeme,alt,fr,ESCO
OCC_727ec0d8350c,occupation,informaticien/informaticienne,informaticien/informaticienne,preferred,fr,ESCO
OCC_727ec0d8350c,occupation,professeur en technologies de l'information et de la communication,professeur en technologies de l'information et de la communication,alt,fr,ESCO
OCC_727ec0d8350c,occupation,chercheur TIC,chercheur tic,alt,fr,ESCO
OCC_727ec0d8350c,occupation,informaticien,informaticien,alt,fr,ESCO
OCC_727ec0d8350c,occupation,chercheur en TIC,chercheur en tic,alt,fr,ESCO
OCC_727ec0d8350c,occupation,chercheur informatique,chercheur informatique,alt,fr,ESCO
OCC_727ec0d8350c,occupation,informaticienne,informaticienne,alt,fr,ESCO
OCC_727ec0d8350c,occupation,professeur en TIC,professeur en tic,alt,fr,ESCO
OCC_e57061351bc6,occupation,développeur de logiciels/développeuse de logiciels,developpeur de logiciels/developpeuse de logiciels,preferred,fr,ESCO
OCC_e57061351bc6,occupation,concepteur de logiciels,concepteur de logiciels,alt,fr,ESCO
OCC_e57061351bc6,occupation,conceptrice logiciel,conceptrice logiciel,alt,fr,ESCO
OCC_e57061351bc6,occupation,développeur de logiciels pour les batteries,developpeur de logiciels pour les batteries,alt,fr,ESCO
OCC_e57061351bc6,occupation,développeur de programmes,developpeur de programmes,alt,fr,ESCO
OCC_e57061351bc6,occupation,développeur de logiciels de batterie,developpeur de logiciels de batterie,alt,fr,ESCO
OCC_e57061351bc6,occupation,développeuse de logiciels,developpeuse de logiciels,alt,fr,ESCO
OCC_e57061351bc6,occupation,développeur applications,developpeur applications,alt,fr,ESCO
OCC_e57061351bc6,occupation,développeuse logiciels,developpeuse logiciels,alt,fr,ESCO
OCC_e57061351bc6,occupation,développeur de logiciels,developpeur de logiciels,alt,fr,ESCO
OCC_e57061351bc6,occupation,développeur logiciels,developpeur logiciels,alt,fr,ESCO
OCC_e57061351bc6,occupation,concepteur d'applications,concepteur d'applications,alt,fr,ESCO
OCC_e57061351bc6,occupation,concepteur logiciel,concepteur logiciel,alt,fr,ESCO
OCC_e57061351bc6,occupation,développeuse applications,developpeuse applications,alt,fr,ESCO
OCC_7ca8931aad99,occupation,analyste d’expérience utilisateur,analyste d'experience utilisateur,preferred,fr,ESCO
OCC_7ca8931aad99,occupation,analyste expérience utilisateur,analyste experience utilisateur,alt,fr,ESCO
OCC_7ca8931aad99,occupation,analyste d'utilisabilité,analyste d'utilisabilite,alt,fr,ESCO
OCC_7ca8931aad99,occupation,analyste d'expérience d'utilisateur,analyste d'experience d'utilisateur,alt,fr,ESCO
OCC_7ca8931aad99,occupation,analyste de l'expérience des utilisateurs,analyste de l'experience des utilisateurs,alt,fr,ESCO
OCC_0a3ba0a2e348,occupation,analyste d’étude en TIC,analyste d'etude en tic,preferred,fr,ESCO
OCC_0a3ba0a2e348,occupation,analyste de gestion TIC,analyste de gestion tic,alt,fr,ESCO
OCC_0a3ba0a2e348,occupation,ingénieur des exigences,ingenieur des exigences,alt,fr,ESCO
OCC_0a3ba0a2e348,occupation,analyste métier en TIC,analyste metier en tic,alt,fr,ESCO
OCC_0a3ba0a2e348,occupation,analyste d'affaires,analyste d'affaires,alt,fr,ESCO
OCC_0a3ba0a2e348,occupation,business analyst,business analyst,alt,fr,ESCO
OCC_0a3ba0a2e348,occupation,analyste fonctionnel,analyste fonctionnel,alt,fr,ESCO
OCC_0a3ba0a2e348,occupation,analyste commercial,analyste commercial,alt,fr,ESCO
SKL_9055dd908bdf,skill,analyse des applications décentralisées,analyse des applications decentralisees,preferred,fr,ESCO
SKL_9055dd908bdf,skill,analyser les dApps,analyser les dapps,alt,fr,ESCO
SKL_80db69e65dcf,skill,effectuer des activités de recherche d’utilisateur de TIC,effectuer des activites de recherche d'utilisateur de tic,preferred,fr,ESCO
SKL_4f01778789d9,skill,gérer l’intégration sémantique des TIC,gerer l'integration semantique des tic,preferred,fr,ESCO
SKL_f66d4af78875,skill,communiquer avec des clients,communiquer avec des clients,preferred,fr,ESCO
SKL_a86c206915f7,skill,garantir la disponibilité d'équipements,garantir la disponibilite d'equipements,preferred,fr,ESCO
SKL_1e5cd3064178,skill,créer un intitulé,creer un intitule,preferred,fr,ESCO
SKL_db1fc57b8d09,skill,effectuer des prévisions statistiques,effectuer des previsions statistiques,preferred,fr,ESCO
SKL_995f3927da00,skill,assurer la relecture d’un texte,assurer la relecture d'un texte,preferred,fr,ESCO
SKL_2413edb46063,skill,analyser les spécifications du logiciel,analyser les specifications du logiciel,preferred,fr,ESCO
SKL_2413edb46063,skill,évaluer les spécifications du logiciel,evaluer les specifications du logiciel,alt,fr,ESCO
SKL_2413edb46063,skill,analyser les spécifications du logiciel ou système,analyser les specifications du logiciel ou systeme,alt,fr,ESCO
SKL_2413edb46063,skill,examiner les spécifications du logiciel,examiner les specifications du logiciel,alt,fr,ESCO
SKL_2413edb46063,skill,analyser les spécifications logicielles,analyser les specifications logicielles,alt,fr,ESCO
SKL_2413edb46063,skill,recueillir les spécifications du logiciel,recueillir les specifications du logiciel,alt,fr,ESCO
SKL_2413edb46063,skill,analyser les spécifications des logiciels,analyser les specifications des logiciels,alt,fr,ESCO
SKL_63e1e2009af4,skill,appliquer des méthodes statistiques de contrôle des procédés,appliquer des methodes statistiques de controle des procedes,preferred,fr,ESCO
SKL_a0b425f074d0,skill,éthique des données,ethique des donnees,preferred,fr,ESCO
SKL_a0b425f074d0,skill,principes d'éthique des données,principes d'ethique des donnees,alt,fr,ESCO
SKL_a0b425f074d0,skill,principes de l'éthique des données,principes de l'ethique des donnees,alt,fr,ESCO
SKL_8eaf90e6b080,skill,définir les critères de qualité des données,definir les criteres de qualite des donnees,preferred,fr,ESCO
SKL_dbbc353ff629,skill,gérer l’architecture des données TIC,gerer l'architecture des donnees tic,preferred,fr,ESCO
SKL_dbbc353ff629,skill,gérer une architecture de données,gerer une architecture de donnees,alt,fr,ESCO
SKL_dbbc353ff629,skill,assurer la gestion de l’architecture des données,assurer la gestion de l'architecture des donnees,alt,fr,ESCO
SKL_dbbc353ff629,skill,administrer l’architecture des données,administrer l'architecture des donnees,alt,fr,ESCO
SKL_dbbc353ff629,skill,contrôler l’architecture des données,controler l'architecture des donnees,alt,fr,ESCO
SKL_60ffa168db6b,skill,effectuer un nettoyage de données,effectuer un nettoyage de donnees,preferred,fr,ESCO
SKL_f9ec5e405892,skill,configurer la commande d’une machine,configurer la commande d'une machine,preferred,fr,ESCO
SKL_318b0a40b120,skill,veiller à la qualité des systèmes d’information et de communication,veiller a la qualite des systemes d'information et de communication,preferred,fr,ESCO
SKL_cf44a983788c,skill,adapter la capacité d’un système de TIC,adapter la capacite d'un systeme de tic,preferred,fr,ESCO
SKL_cf44a983788c,skill,adapter la capacité des services de TIC,adapter la capacite des services de tic,alt,fr,ESCO
SKL_cf44a983788c,skill,adapter la capacité des systèmes de TIC,adapter la capacite des systemes de tic,alt,fr,ESCO
SKL_cf44a983788c,skill,améliorer la prestation des services de TIC,ameliorer la prestation des services de tic,alt,fr,ESCO
SKL_cf44a983788c,skill,adapter la capacité du système de TIC,adapter la capacite du systeme de tic,alt,fr,ESCO
SKL_cf44a983788c,skill,ajuster la capacité d’un système de TIC,ajuster la capacite d'un systeme de tic,alt,fr,ESCO
SKL_cf44a983788c,skill,adapter la capacité des réseaux des TIC,adapter la capacite des reseaux des tic,alt,fr,ESCO
SKL_6c3b2061ca0c,skill,déployer des systèmes TIC,deployer des systemes tic,preferred,fr,ESCO
SKL_e36932d9aee8,skill,faire fonctionner un commutateur téléphonique privé,faire fonctionner un commutateur telephonique prive,preferred,fr,ESCO
SKL_e36932d9aee8,skill,faire fonctionner un autocommutateur téléphonique privé,faire fonctionner un autocommutateur telephonique prive,alt,fr,ESCO
SKL_e36932d9aee8,skill,utiliser un PABX-IP,utiliser un pabx-ip,alt,fr,ESCO
SKL_e36932d9aee8,skill,utiliser un PABX,utiliser un pabx,alt,fr,ESCO
SKL_e36932d9aee8,skill,faire fonctionner un PBX,faire fonctionner un pbx,alt,fr,ESCO
SKL_e36932d9aee8,skill,utiliser un IPBX,utiliser un ipbx,alt,fr,ESCO
SKL_e36932d9aee8,skill,utiliser un standard téléphonique interne,utiliser un standard telephonique interne,alt,fr,ESCO
SKL_ccd10a9e58b7,skill,APL,apl,preferred,fr,ESCO
SKL_4156ea9aa526,skill,Android (systèmes d’exploitation mobiles),android (systemes d'exploitation mobiles),preferred,fr,ESCO
SKL_06308bef515a,skill,Maltego,maltego,preferred,fr,ESCO
SKL_a1c8e261b079,skill,Interagir professionnellement dans des environnements de recherche et professionnels,interagir professionnellement dans des environnements de recherche et professionnels,preferred,fr,ESCO
SKL_e9b9f4a1354d,skill,effectuer une réduction des dimensions,effectuer une reduction des dimensions,preferred,fr,ESCO
SKL_c20544c221a8,skill,Oracle Data Integrator,oracle data integrator,preferred,fr,ESCO
SKL_baba1c8d18ea,skill,simulation de réseaux TIC,simulation de reseaux tic,preferred,fr,ESCO
SKL_7e853ce0760f,skill,Pentaho Data Integration,pentaho data integration,preferred,fr,ESCO
SKL_93be9082045c,skill,MySQL,mysql,preferred,fr,ESCO
SKL_9b5244fd7e00,skill,développement par itérations,developpement par iterations,preferred,fr,ESCO
SKL_a47350a90c0e,skill,développer un moteur de jeu virtuel,developper un moteur de jeu virtuel,preferred,fr,ESCO
SKL_3edaef77a8dc,skill,étudier des schémas comportementaux sur des sites internet,etudier des schemas comportementaux sur des sites internet,preferred,fr,ESCO
SKL_5ca14d6a9200,skill,contrôler la performance du système,controler la performance du systeme,preferred,fr,ESCO
SKL_5ca14d6a9200,skill,contrôler l’historique du système,controler l'historique du systeme,alt,fr,ESCO
SKL_5ca14d6a9200,skill,contrôler l’activité du système,controler l'activite du systeme,alt,fr,ESCO
SKL_5ca14d6a9200,skill,surveiller l’activité du système,surveiller l'activite du systeme,alt,fr,ESCO
SKL_5ca14d6a9200,skill,suivre la performance du système,suivre la performance du systeme,alt,fr,ESCO
SKL_5ca14d6a9200,skill,surveiller la performance du système,surveiller la performance du systeme,alt,fr,ESCO
SKL_5ca14d6a9200,skill,suivre l’activité du système,suivre l'activite du systeme,alt,fr,ESCO
SKL_5ca14d6a9200,skill,contrôler la performance du système informatique,controler la performance du systeme informatique,alt,fr,ESCO
SKL_c8eeeb942505,skill,s’adapter à des changements de situation,s'adapter a des changements de situation,preferred,fr,ESCO
SKL_54a4b95de040,skill,donner des conseils en matière de renforcement de la sécurité,donner des conseils en matiere de renforcement de la securite,preferred,fr,ESCO
SKL_2ab0a661bd39,skill,maintenir une conception réactive,maintenir une conception reactive,preferred,fr,ESCO
SKL_2ab0a661bd39,skill,administrer un site évolutif,administrer un site evolutif,alt,fr,ESCO
SKL_d59c1c655f17,skill,concevoir un logiciel,concevoir un logiciel,preferred,fr,ESCO
SKL_d59c1c655f17,skill,créer le modèle d’un logiciel,creer le modele d'un logiciel,alt,fr,ESCO
SKL_d59c1c655f17,skill,imaginer un logiciel,imaginer un logiciel,alt,fr,ESCO
SKL_d59c1c655f17,skill,créer le design d’un logiciel,creer le design d'un logiciel,alt,fr,ESCO
SKL_d59c1c655f17,skill,concevoir le logiciel,concevoir le logiciel,alt,fr,ESCO
SKL_d59c1c655f17,skill,concevoir des logiciels,concevoir des logiciels,alt,fr,ESCO
SKL_d59c1c655f17,skill,développer un logiciel,developper un logiciel,alt,fr,ESCO
SKL_6187c92b007c,skill,mettre en œuvre des processus de qualité des données,mettre en oeuvre des processus de qualite des donnees,preferred,fr,ESCO
SKL_6187c92b007c,skill,mettre en œuvre des procédures de qualité des données,mettre en oeuvre des procedures de qualite des donnees,alt,fr,ESCO
SKL_6187c92b007c,skill,vérifier les données,verifier les donnees,alt,fr,ESCO
SKL_6187c92b007c,skill,appliquer des processus de qualité des données,appliquer des processus de qualite des donnees,alt,fr,ESCO
SKL_6187c92b007c,skill,vérifier la qualité des données,verifier la qualite des donnees,alt,fr,ESCO
SKL_6187c92b007c,skill,mener un audit de qualité des données,mener un audit de qualite des donnees,alt,fr,ESCO
SKL_6187c92b007c,skill,mettre en œuvre les processus de qualité des données,mettre en oeuvre les processus de qualite des donnees,alt,fr,ESCO
SKL_5d017b2d9604,skill,CSS,css,preferred,fr,ESCO
SKL_6e8bbfce6061,skill,assister un opérateur multimédia,assister un operateur multimedia,preferred,fr,ESCO
SKL_25518c6e74b0,skill,effectuer une analyse de données,effectuer une analyse de donnees,preferred,fr,ESCO
SKL_03b15408b13e,skill,créer un appel à l’action,creer un appel a l'action,preferred,fr,ESCO
SKL_03b15408b13e,skill,créer des appels à l’action,creer des appels a l'action,alt,fr,ESCO
SKL_03b15408b13e,skill,créer une invitation à passer à l’action,creer une invitation a passer a l'action,alt,fr,ESCO
SKL_03b15408b13e,skill,créer un incitant à l’action,creer un incitant a l'action,alt,fr,ESCO
SKL_03b15408b13e,skill,créer un CTA,creer un cta,alt,fr,ESCO
SKL_03b15408b13e,skill,créer un call to action,creer un call to action,alt,fr,ESCO
SKL_03b15408b13e,skill,soumettre un appel à l’action,soumettre un appel a l'action,alt,fr,ESCO
SKL_6f26fd81e617,skill,théorie des jeux,theorie des jeux,preferred,fr,ESCO
SKL_6f26fd81e617,skill,théorie de la décision interactive,theorie de la decision interactive,alt,fr,ESCO
SKL_6f26fd81e617,skill,théorie des jeux pour la blockchain,theorie des jeux pour la blockchain,alt,fr,ESCO
SKL_6f26fd81e617,skill,théorie de la résolution des conflits,theorie de la resolution des conflits,alt,fr,ESCO
SKL_6f26fd81e617,skill,théorie des jeux pour blockchain,theorie des jeux pour blockchain,alt,fr,ESCO
SKL_6f26fd81e617,skill,théorie du choix rationnel,theorie du choix rationnel,alt,fr,ESCO
SKL_6f26fd81e617,skill,théorie de résolution des conflits,theorie de resolution des conflits,alt,fr,ESCO
SKL_ae8a143ffa63,skill,WildFly,wildfly,preferred,fr,ESCO
SKL_54429feac7cb,skill,système de noms de domaine,systeme de noms de domaine,preferred,fr,ESCO
SKL_54429feac7cb,skill,DNS,dns,alt,fr,ESCO
SKL_54429feac7cb,skill,serveur DNS,serveur dns,alt,fr,ESCO
SKL_31729146cb82,skill,informatique quantique,informatique quantique,preferred,fr,ESCO
SKL_31729146cb82,skill,méthodes de calcul quantique,methodes de calcul quantique,alt,fr,ESCO
SKL_74015909b033,skill,rédiger les conclusions d’un test,rediger les conclusions d'un test,preferred,fr,ESCO
SKL_3b1c6e0aad62,skill,appliquer la théorie des systèmes d’information et de communication,appliquer la theorie des systemes d'information et de communication,preferred,fr,ESCO
SKL_7c72a040d0cb,skill,élaborer un plan d’audit,elaborer un plan d'audit,preferred,fr,ESCO
SKL_c6b378206477,skill,gérer le personnel,gerer le personnel,preferred,fr,ESCO
SKL_bb70c18773cc,skill,logiciel d’édition graphique,logiciel d'edition graphique,preferred,fr,ESCO
SKL_bb70c18773cc,skill,PixBuilder Photo Editor,pixbuilder photo editor,alt,fr,ESCO
SKL_bb70c18773cc,skill,PhotoScape,photoscape,alt,fr,ESCO
SKL_bb70c18773cc,skill,KolourPaint,kolourpaint,alt,fr,ESCO
SKL_bb70c18773cc,skill,PhotoPerfect,photoperfect,alt,fr,ESCO
SKL_bb70c18773cc,skill,PicMonkey,picmonkey,alt,fr,ESCO
SKL_bb70c18773cc,skill,IrfanView,irfanview,alt,fr,ESCO
SKL_bb70c18773cc,skill,Tux Paint,tux paint,alt,fr,ESCO
SKL_bb70c18773cc,skill,Pixia,pixia,alt,fr,ESCO
SKL_bb70c18773cc,skill,Shotwell,shotwell,alt,fr,ESCO
SKL_bb70c18773cc,skill,Photogenics,photogenics,alt,fr,ESCO
SKL_bb70c18773cc,skill,ACD Canvas,acd canvas,alt,fr,ESCO
SKL_bb70c18773cc,skill,Apache OpenOffice Draw,apache openoffice draw,alt,fr,ESCO
SKL_bb70c18773cc,skill,sK1,sk1,alt,fr,ESCO
SKL_bb70c18773cc,skill,XPaint,xpaint,alt,fr,ESCO
SKL_bb70c18773cc,skill,TVPaint,tvpaint,alt,fr,ESCO
SKL_bb70c18773cc,skill,Corel Painter Essentials,corel painter essentials,alt,fr,ESCO
SKL_bb70c18773cc,skill,Photo Mechanic,photo mechanic,alt,fr,ESCO
SKL_bb70c18773cc,skill,Serif Photoplus,serif photoplus,alt,fr,ESCO
SKL_bb70c18773cc,skill,Color It!,color it!,alt,fr,ESCO
SKL_bb70c18773cc,skill,SAILightZone,sailightzone,alt,fr,ESCO
SKL_bb70c18773cc,skill,Swift 3D,swift 3d,alt,fr,ESCO
SKL_bb70c18773cc,skill,UFRaw,ufraw,alt,fr,ESCO
SKL_bb70c18773cc,skill,GIMPshop,gimpshop,alt,fr,ESCO
SKL_bb70c18773cc,skill,GraphicConverter,graphicconverter,alt,fr,ESCO
SKL_bb70c18773cc,skill,Project Dogwaffle,project dogwaffle,alt,fr,ESCO
SKL_bb70c18773cc,skill,Sodipodi,sodipodi,alt,fr,ESCO
SKL_bb70c18773cc,skill,FastStone Image Viewer,faststone image viewer,alt,fr,ESCO
SKL_bb70c18773cc,skill,GimPhoto,gimphoto,alt,fr,ESCO
SKL_bb70c18773cc,skill,Iridient Developer,iridient developer,alt,fr,ESCO
SKL_bb70c18773cc,skill,Fatpaint,fatpaint,alt,fr,ESCO
SKL_bb70c18773cc,skill,Corel Photo-Paint,corel photo-paint,alt,fr,ESCO
SKL_bb70c18773cc,skill,Unified Color HDR PhotoStudio,unified color hdr photostudio,alt,fr,ESCO
SKL_bb70c18773cc,skill,F-Spot,f-spot,alt,fr,ESCO
SKL_bb70c18773cc,skill,Ulead PhotoImpact,ulead photoimpact,alt,fr,ESCO
SKL_bb70c18773cc,skill,XnView,xnview,alt,fr,ESCO
SKL_bb70c18773cc,skill,Inkscape,inkscape,alt,fr,ESCO
SKL_bb70c18773cc,skill,Xara Xtreme LX,xara xtreme lx,alt,fr,ESCO
SKL_bb70c18773cc,skill,QFX,qfx,alt,fr,ESCO
SKL_bb70c18773cc,skill,NeoPaint,neopaint,alt,fr,ESCO
SKL_bb70c18773cc,skill,CinePaint,cinepaint,alt,fr,ESCO
SKL_bb70c18773cc,skill,Adobe Photoshop Elements,adobe photoshop elements,alt,fr,ESCO
SKL_bb70c18773cc,skill,Pictor Paint,pictor paint,alt,fr,ESCO
SKL_bb70c18773cc,skill,Balsamiq,balsamiq,alt,fr,ESCO
SKL_bb70c18773cc,skill,Pixelmator,pixelmator,alt,fr,ESCO
SKL_bb70c18773cc,skill,Fotografix,fotografix,alt,fr,ESCO
SKL_bb70c18773cc,skill,Autodesk SketchBook Pro,autodesk sketchbook pro,alt,fr,ESCO
SKL_bb70c18773cc,skill,Picasa,picasa,alt,fr,ESCO
SKL_bb70c18773cc,skill,CodedColor,codedcolor,alt,fr,ESCO
SKL_bb70c18773cc,skill,Embroidermodder,embroidermodder,alt,fr,ESCO
SKL_bb70c18773cc,skill,ArcSoft PhotoImpression,arcsoft photoimpression,alt,fr,ESCO
SKL_bb70c18773cc,skill,RawTherapee,rawtherapee,alt,fr,ESCO
SKL_bb70c18773cc,skill,Chasys Draw IES,chasys draw ies,alt,fr,ESCO
SKL_bb70c18773cc,skill,Macromedia FreeHand,macromedia freehand,alt,fr,ESCO
SKL_bb70c18773cc,skill,G'MIC,g'mic,alt,fr,ESCO
SKL_bb70c18773cc,skill,Phatch,phatch,alt,fr,ESCO
SKL_bb70c18773cc,skill,LView Pro,lview pro,alt,fr,ESCO
SKL_bb70c18773cc,skill,ImageMagick,imagemagick,alt,fr,ESCO
SKL_bb70c18773cc,skill,Zoner Photo Studio,zoner photo studio,alt,fr,ESCO
SKL_bb70c18773cc,skill,ArtRage,artrage,alt,fr,ESCO
SKL_bb70c18773cc,skill,cosmigo Pro Motion,cosmigo pro motion,alt,fr,ESCO
SKL_bb70c18773cc,skill,Darktable,darktable,alt,fr,ESCO
SKL_bb70c18773cc,skill,Ability Photopaint,ability photopaint,alt,fr,ESCO
SKL_bb70c18773cc,skill,PMview,pmview,alt,fr,ESCO
SKL_bb70c18773cc,skill,Rawstudio,rawstudio,alt,fr,ESCO
SKL_bb70c18773cc,skill,Xara Photo & Graphic Designer,xara photo & graphic designer,alt,fr,ESCO
SKL_bb70c18773cc,skill,Serif DrawPlus,serif drawplus,alt,fr,ESCO
SKL_bb70c18773cc,skill,OmniGraffle,omnigraffle,alt,fr,ESCO
SKL_bb70c18773cc,skill,LazPaint,lazpaint,alt,fr,ESCO
SKL_bb70c18773cc,skill,SVG-edit,svg-edit,alt,fr,ESCO
SKL_bb70c18773cc,skill,Erdas Imagine,erdas imagine,alt,fr,ESCO
SKL_bb70c18773cc,skill,vector graphics editor,vector graphics editor,alt,fr,ESCO
SKL_bb70c18773cc,skill,Paint.NET,paint.net,alt,fr,ESCO
SKL_bb70c18773cc,skill,DigiKam,digikam,alt,fr,ESCO
SKL_bb70c18773cc,skill,GrafX2,grafx2,alt,fr,ESCO
SKL_bb70c18773cc,skill,LibreOffice Draw,libreoffice draw,alt,fr,ESCO
SKL_bb70c18773cc,skill,Pixlr.com,pixlr.com,alt,fr,ESCO
SKL_bb70c18773cc,skill,GraphicsMagick,graphicsmagick,alt,fr,ESCO
SKL_bb70c18773cc,skill,PixBuilder Photo Editor,pixbuilder photo editor,hidden,fr,ESCO
SKL_bb70c18773cc,skill,PhotoScape,photoscape,hidden,fr,ESCO
SKL_bb70c18773cc,skill,PhotoPerfect,photoperfect,hidden,fr,ESCO
SKL_bb70c18773cc,skill,IrfanView,irfanview,hidden,fr,ESCO
SKL_bb70c18773cc,skill,Tux Paint,tux paint,hidden,fr,ESCO
SKL_bb70c18773cc,skill,Shotwell,shotwell,hidden,fr,ESCO
SKL_bb70c18773cc,skill,ACD Canvas,acd canvas,hidden,fr,ESCO
SKL_bb70c18773cc,skill,XPaint,xpaint,hidden,fr,ESCO
SKL_bb70c18773cc,skill,Serif Photoplus,serif photoplus,hidden,fr,ESCO
SKL_bb70c18773cc,skill,Swift 3D,swift 3d,hidden,fr,ESCO
SKL_bb70c18773cc,skill,UFRaw,ufraw,hidden,fr,ESCO
SKL_bb70c18773cc,skill,Color It!,color it!,hidden,fr,ESCO
SKL_bb70c18773cc,skill,Sodipodi,sodipodi,hidden,fr,ESCO
SKL_bb70c18773cc,skill,KolourPaint,kolourpaint,hidden,fr,ESCO
SKL_bb70c18773cc,skill,GraphicConverter,graphicconverter,hidden,fr,ESCO
SKL_bb70c18773cc,skill,FastStone Image Viewer,faststone image viewer,hidden,fr,ESCO
SKL_bb70c18773cc,skill,Iridient Developer,iridient developer,hidden,fr,ESCO
SKL_bb70c18773cc,skill,Photogenics,photogenics,hidden,fr,ESCO
SKL_bb70c18773cc,skill,Corel Photo-Paint,corel photo-paint,hidden,fr,ESCO
SKL_bb70c18773cc,skill,Unified Color HDR PhotoStudio,unified color hdr photostudio,hidden,fr,ESCO
SKL_bb70c18773cc,skill,F-Spot,f-spot,hidden,fr,ESCO
SKL_bb70c18773cc,skill,Ulead PhotoImpact,ulead photoimpact,hidden,fr,ESCO
SKL_bb70c18773cc,skill,Inkscape,inkscape,hidden,fr,ESCO
SKL_bb70c18773cc,skill,Xara Xtreme LX,xara xtreme lx,hidden,fr,ESCO
SKL_bb70c18773cc,skill,SAI,sai,hidden,fr,ESCO
SKL_bb70c18773cc,skill,LightZone,lightzone,hidden,fr,ESCO
SKL_bb70c18773cc,skill,Adobe Photoshop Elements,adobe photoshop elements,hidden,fr,ESCO
SKL_bb70c18773cc,skill,sK1,sk1,hidden,fr,ESCO
SKL_bb70c18773cc,skill,Picasa,picasa,hidden,fr,ESCO
SKL_bb70c18773cc,skill,Corel Painter Essentials,corel painter essentials,hidden,fr,ESCO
SKL_bb70c18773cc,skill,CodedColor,codedcolor,hidden,fr,ESCO
SKL_bb70c18773cc,skill,Embroidermodder,embroidermodder,hidden,fr,ESCO
SKL_bb70c18773cc,skill,ArcSoft PhotoImpression,arcsoft photoimpression,hidden,fr,ESCO
SKL_bb70c18773cc,skill,Pixia,pixia,hidden,fr,ESCO
SKL_bb70c18773cc,skill,Autodesk SketchBook Pro,autodesk sketchbook pro,hidden,fr,ESCO
SKL_bb70c18773cc,skill,NeoPaint,neopaint,hidden,fr,ESCO
SKL_bb70c18773cc,skill,GIMPshop,gimpshop,hidden,fr,ESCO
SKL_bb70c18773cc,skill,Chasys Draw IES,chasys draw ies,hidden,fr,ESCO
SKL_bb70c18773cc,skill,Fatpaint,fatpaint,hidden,fr,ESCO
SKL_bb70c18773cc,skill,ImageMagick,imagemagick,hidden,fr,ESCO
SKL_bb70c18773cc,skill,Zoner Photo Studio,zoner photo studio,hidden,fr,ESCO
SKL_bb70c18773cc,skill,Pictor Paint,pictor paint,hidden,fr,ESCO
SKL_bb70c18773cc,skill,TVPaint,tvpaint,hidden,fr,ESCO
SKL_bb70c18773cc,skill,CinePaint,cinepaint,hidden,fr,ESCO
SKL_bb70c18773cc,skill,Photo Mechanic,photo mechanic,hidden,fr,ESCO
SKL_bb70c18773cc,skill,G'MIC,g'mic,hidden,fr,ESCO
SKL_bb70c18773cc,skill,LView Pro,lview pro,hidden,fr,ESCO
SKL_bb70c18773cc,skill,LazPaint,lazpaint,hidden,fr,ESCO
SKL_bb70c18773cc,skill,SVG-edit,svg-edit,hidden,fr,ESCO
SKL_bb70c18773cc,skill,Erdas Imagine,erdas imagine,hidden,fr,ESCO
SKL_bb70c18773cc,skill,Darktable,darktable,hidden,fr,ESCO
SKL_bb70c18773cc,skill,Balsamiq,balsamiq,hidden,fr,ESCO
SKL_bb70c18773cc,skill,Paint.NET,paint.net,hidden,fr,ESCO
SKL_bb70c18773cc,skill,OmniGraffle,omnigraffle,hidden,fr,ESCO
SKL_bb70c18773cc,skill,Apache OpenOffice Draw,apache openoffice draw,hidden,fr,ESCO
SKL_bb70c18773cc,skill,DigiKam,digikam,hidden,fr,ESCO
SKL_bb70c18773cc,skill,Pixelmator,pixelmator,hidden,fr,ESCO
SKL_bb70c18773cc,skill,cosmigo Pro Motion,cosmigo pro motion,hidden,fr,ESCO
SKL_bb70c18773cc,skill,Macromedia FreeHand,macromedia freehand,hidden,fr,ESCO
SKL_bb70c18773cc,skill,ArtRage,artrage,hidden,fr,ESCO
SKL_bb70c18773cc,skill,PMview,pmview,hidden,fr,ESCO
SKL_bb70c18773cc,skill,QFX,qfx,hidden,fr,ESCO
SKL_bb70c18773cc,skill,GrafX2,grafx2,hidden,fr,ESCO
SKL_bb70c18773cc,skill,Project Dogwaffle,project dogwaffle,hidden,fr,ESCO
SKL_bb70c18773cc,skill,PicMonkey,picmonkey,hidden,fr,ESCO
SKL_bb70c18773cc,skill,Pixlr.com,pixlr.com,hidden,fr,ESCO
SKL_bb70c18773cc,skill,Serif DrawPlus,serif drawplus,hidden,fr,ESCO
SKL_bb70c18773cc,skill,XnView,xnview,hidden,fr,ESCO
SKL_bb70c18773cc,skill,Fotografix,fotografix,hidden,fr,ESCO
SKL_bb70c18773cc,skill,Ability Photopaint,ability photopaint,hidden,fr,ESCO
SKL_bb70c18773cc,skill,RawTherapee,rawtherapee,hidden,fr,ESCO
SKL_bb70c18773cc,skill,LibreOffice Draw,libreoffice draw,hidden,fr,ESCO
SKL_bb70c18773cc,skill,Xara Photo & Graphic Designer,xara photo & graphic designer,hidden,fr,ESCO
SKL_bb70c18773cc,skill,GraphicsMagick,graphicsmagick,hidden,fr,ESCO
SKL_bb70c18773cc,skill,Phatch,phatch,hidden,fr,ESCO
SKL_bb70c18773cc,skill,Rawstudio,rawstudio,hidden,fr,ESCO
SKL_bb70c18773cc,skill,GimPhoto,gimphoto,hidden,fr,ESCO
SKL_8311e0f8dbf3,skill,gérer du contenu en ligne,gerer du contenu en ligne,preferred,fr,ESCO
SKL_8311e0f8dbf3,skill,gérer du contenu de site internet,gerer du contenu de site internet,alt,fr,ESCO
SKL_8311e0f8dbf3,skill,administrer du contenu en ligne,administrer du contenu en ligne,alt,fr,ESCO
SKL_8311e0f8dbf3,skill,gérer des contenus en ligne,gerer des contenus en ligne,alt,fr,ESCO
SKL_8311e0f8dbf3,skill,assurer la gestion de contenu en ligne,assurer la gestion de contenu en ligne,alt,fr,ESCO
SKL_8311e0f8dbf3,skill,gérer du contenu de site web,gerer du contenu de site web,alt,fr,ESCO
SKL_8311e0f8dbf3,skill,gérer du contenu web,gerer du contenu web,alt,fr,ESCO
SKL_7b9fab74c27a,skill,rédiger des rapports sur des questions environnementales,rediger des rapports sur des questions environnementales,preferred,fr,ESCO
SKL_a62c8a265ae4,skill,soigner les détails en vue des audits,soigner les details en vue des audits,preferred,fr,ESCO
SKL_a62c8a265ae4,skill,assurer une conformité permanente facilitant les audits,assurer une conformite permanente facilitant les audits,alt,fr,ESCO
SKL_2fe1ad7a3d79,skill,concevoir la complexité de l’organisation,concevoir la complexite de l'organisation,preferred,fr,ESCO
SKL_8137328e7791,skill,tenir à jour ses connaissances des produits,tenir a jour ses connaissances des produits,preferred,fr,ESCO
SKL_d8c205c532f4,skill,logiciels bancaires,logiciels bancaires,preferred,fr,ESCO
SKL_d8c205c532f4,skill,application bancaire principale,application bancaire principale,alt,fr,ESCO
SKL_d8c205c532f4,skill,application bancaire de base,application bancaire de base,alt,fr,ESCO
SKL_ae868395e7ed,skill,identifier les fournisseurs,identifier les fournisseurs,preferred,fr,ESCO
SKL_ae868395e7ed,skill,choisir des fournisseurs,choisir des fournisseurs,alt,fr,ESCO
SKL_ae868395e7ed,skill,trouver des fournisseurs,trouver des fournisseurs,alt,fr,ESCO
SKL_ae868395e7ed,skill,sélectionner des fournisseurs,selectionner des fournisseurs,alt,fr,ESCO
SKL_e439fbbfbc7a,skill,créer un organigramme de programmation,creer un organigramme de programmation,preferred,fr,ESCO
SKL_56acbc4788c5,skill,principes de stratégie d’entreprise,principes de strategie d'entreprise,preferred,fr,ESCO
SKL_7412de0dce4d,skill,application du concept de blockchain,application du concept de blockchain,preferred,fr,ESCO
SKL_7412de0dce4d,skill,application de la technologie blockchain,application de la technologie blockchain,alt,fr,ESCO
SKL_cccca3da833a,skill,bibliothèques de composants logiciels,bibliotheques de composants logiciels,preferred,fr,ESCO
SKL_2b9b57d62800,skill,exécuter un test d’intégration,executer un test d'integration,preferred,fr,ESCO
SKL_2b9b57d62800,skill,réaliser un test d’intégration,realiser un test d'integration,alt,fr,ESCO
SKL_2b9b57d62800,skill,exécuter des tests d’intégration,executer des tests d'integration,alt,fr,ESCO
SKL_2b9b57d62800,skill,effectuer un test d’intégration,effectuer un test d'integration,alt,fr,ESCO
SKL_2b9b57d62800,skill,procéder à un test d’intégration,proceder a un test d'integration,alt,fr,ESCO
SKL_2b9b57d62800,skill,exécuter des tests unitaires,executer des tests unitaires,alt,fr,ESCO
SKL_2b9b57d62800,skill,tester les interfaces entre les composants logiciels,tester les interfaces entre les composants logiciels,alt,fr,ESCO
SKL_aaa07ffaa309,skill,KDevelop,kdevelop,preferred,fr,ESCO
SKL_0d6403d7297a,skill,respecter des procédures de travail,respecter des procedures de travail,preferred,fr,ESCO
SKL_04a2d8996b23,skill,Oracle Application Development Framework,oracle application development framework,preferred,fr,ESCO
SKL_4c069489e522,skill,génie informatique,genie informatique,preferred,fr,ESCO
SKL_4c069489e522,skill,ingénierie informatique,ingenierie informatique,alt,fr,ESCO
SKL_88eabaa2c80d,skill,Groovy,groovy,preferred,fr,ESCO
SKL_ae7e75a47fef,skill,mettre en œuvre la gestion des risques des TIC,mettre en oeuvre la gestion des risques des tic,preferred,fr,ESCO
SKL_621054dadc59,skill,gérer un planning de tâches,gerer un planning de taches,preferred,fr,ESCO
SKL_a5bd02f3490e,skill,Prolog (programmation informatique),prolog (programmation informatique),preferred,fr,ESCO
SKL_36dcc4135ed3,skill,outils de système de gestion de réseau,outils de systeme de gestion de reseau,preferred,fr,ESCO
SKL_2e445df6f74b,skill,programmation web,programmation web,preferred,fr,ESCO
SKL_2e445df6f74b,skill,HTML,html,alt,fr,ESCO
SKL_2e445df6f74b,skill,XHTML,xhtml,alt,fr,ESCO
SKL_2e445df6f74b,skill,XML,xml,alt,fr,ESCO
SKL_2e445df6f74b,skill,programmation web côté serveur,programmation web cote serveur,alt,fr,ESCO
SKL_2e445df6f74b,skill,langage de programmation web,langage de programmation web,alt,fr,ESCO
SKL_2e445df6f74b,skill,programmation web côté client,programmation web cote client,alt,fr,ESCO
SKL_2e445df6f74b,skill,langages de balisage,langages de balisage,alt,fr,ESCO
SKL_3c1c97314648,skill,techniques de résolution de problèmes,techniques de resolution de problemes,preferred,fr,ESCO
SKL_e99fc85ebe7c,skill,utiliser un logiciel de conservation des données,utiliser un logiciel de conservation des donnees,preferred,fr,ESCO
SKL_e99fc85ebe7c,skill,utiliser un logiciel de récupération des données,utiliser un logiciel de recuperation des donnees,alt,fr,ESCO
SKL_e99fc85ebe7c,skill,faire usage d’un logiciel de conservation des données,faire usage d'un logiciel de conservation des donnees,alt,fr,ESCO
SKL_e99fc85ebe7c,skill,utiliser un logiciel de sauvegarde des données,utiliser un logiciel de sauvegarde des donnees,alt,fr,ESCO
SKL_e99fc85ebe7c,skill,employer un logiciel de conservation des données,employer un logiciel de conservation des donnees,alt,fr,ESCO
SKL_e99fc85ebe7c,skill,utiliser un logiciel de protection des données,utiliser un logiciel de protection des donnees,alt,fr,ESCO
SKL_6bf98af89a35,skill,mécanique,mecanique,preferred,fr,ESCO
SKL_1980883e820f,skill,concevoir les spécifications de sauvegarde des bases de données,concevoir les specifications de sauvegarde des bases de donnees,preferred,fr,ESCO
SKL_e583fae3fd31,skill,répondre à des appels entrants,repondre a des appels entrants,preferred,fr,ESCO
SKL_526faf3276ed,skill,appliquer la rétro-ingénierie,appliquer la retro-ingenierie,preferred,fr,ESCO
SKL_332bba6c3d78,skill,collaborer avec des ingénieurs,collaborer avec des ingenieurs,preferred,fr,ESCO
SKL_a389a507c12c,skill,utiliser des instruments de mesure,utiliser des instruments de mesure,preferred,fr,ESCO
SKL_e0cd3dc50b3c,skill,aider les utilisateurs de systèmes d'information,aider les utilisateurs de systemes d'information,preferred,fr,ESCO
SKL_e0cd3dc50b3c,skill,aider un utilisateur de systèmes d'information,aider un utilisateur de systemes d'information,alt,fr,ESCO
SKL_e0cd3dc50b3c,skill,fournir des conseils aux utilisateurs de systèmes d'information,fournir des conseils aux utilisateurs de systemes d'information,alt,fr,ESCO
SKL_e0cd3dc50b3c,skill,prêter assistance aux utilisateurs de systèmes d'information,preter assistance aux utilisateurs de systemes d'information,alt,fr,ESCO
SKL_e0cd3dc50b3c,skill,aider des utilisateurs de systèmes d'information,aider des utilisateurs de systemes d'information,alt,fr,ESCO
SKL_e0cd3dc50b3c,skill,prêter assistance aux utilisateurs de systèmes de TIC,preter assistance aux utilisateurs de systemes de tic,alt,fr,ESCO
SKL_1a4ed06c76f8,skill,informer sur la confidentialité des données,informer sur la confidentialite des donnees,preferred,fr,ESCO
SKL_c3f4e7eee5b0,skill,définir les politiques de sécurité,definir les politiques de securite,preferred,fr,ESCO
SKL_483e02923b41,skill,répondre aux demandes des clients,repondre aux demandes des clients,preferred,fr,ESCO
SKL_483e02923b41,skill,communiquer avec la clientèle,communiquer avec la clientele,alt,fr,ESCO
SKL_483e02923b41,skill,satisfaire les demandes des clients,satisfaire les demandes des clients,alt,fr,ESCO
SKL_483e02923b41,skill,répondre aux besoins des clients,repondre aux besoins des clients,alt,fr,ESCO
SKL_483e02923b41,skill,répondre aux demandes de la clientèle,repondre aux demandes de la clientele,alt,fr,ESCO
SKL_8b3d53b0e9ae,skill,réalisation de tests d’ingénierie sociale,realisation de tests d'ingenierie sociale,preferred,fr,ESCO
SKL_8b3d53b0e9ae,skill,tester l'ingénierie sociale,tester l'ingenierie sociale,alt,fr,ESCO
SKL_8b3d53b0e9ae,skill,exécuter des attaques d'ingénierie sociale,executer des attaques d'ingenierie sociale,alt,fr,ESCO
SKL_8b3d53b0e9ae,skill,tester les attaques d'ingénierie sociale,tester les attaques d'ingenierie sociale,alt,fr,ESCO
SKL_8b3d53b0e9ae,skill,effectuer des attaques d'ingénierie sociale,effectuer des attaques d'ingenierie sociale,alt,fr,ESCO
SKL_8b3d53b0e9ae,skill,effectuer des tests d'ingénierie sociale,effectuer des tests d'ingenierie sociale,alt,fr,ESCO
SKL_4da81ba8fc0e,skill,utiliser des patrons de conception,utiliser des patrons de conception,preferred,fr,ESCO
SKL_4da81ba8fc0e,skill,faire usage des patrons de conception,faire usage des patrons de conception,alt,fr,ESCO
SKL_4da81ba8fc0e,skill,utiliser des patrons de programmation,utiliser des patrons de programmation,alt,fr,ESCO
SKL_4da81ba8fc0e,skill,ajouter des patrons de conception,ajouter des patrons de conception,alt,fr,ESCO
SKL_4da81ba8fc0e,skill,utiliser des design pattern,utiliser des design pattern,alt,fr,ESCO
SKL_4da81ba8fc0e,skill,employer des patrons de conception,employer des patrons de conception,alt,fr,ESCO
SKL_4da81ba8fc0e,skill,utiliser des patrons d’architecture,utiliser des patrons d'architecture,alt,fr,ESCO
SKL_f4d0cefc6a44,skill,prévoir des risques opérationnels,prevoir des risques operationnels,preferred,fr,ESCO
SKL_d275975f2053,skill,XQuery,xquery,preferred,fr,ESCO
SKL_480f7b8733f4,skill,analyse de données,analyse de donnees,preferred,fr,ESCO
SKL_2d043cf9df34,skill,promouvoir le transfert de connaissances,promouvoir le transfert de connaissances,preferred,fr,ESCO
SKL_4f8027620713,skill,anomalies logicielles,anomalies logicielles,preferred,fr,ESCO
SKL_b04355598611,skill,mener un entretien de recherche,mener un entretien de recherche,preferred,fr,ESCO
SKL_c4873b8383da,skill,créer la maquette fonctionnelle d’un site web,creer la maquette fonctionnelle d'un site web,preferred,fr,ESCO
SKL_ff939e2316db,skill,superviser la coopération entre les services,superviser la cooperation entre les services,preferred,fr,ESCO
SKL_ff939e2316db,skill,assurer la communication et la coopération entre les services,assurer la communication et la cooperation entre les services,alt,fr,ESCO
SKL_ff939e2316db,skill,veiller à la communication et à la coopération entre les services,veiller a la communication et a la cooperation entre les services,alt,fr,ESCO
SKL_ff939e2316db,skill,superviser la coopération entre les départements,superviser la cooperation entre les departements,alt,fr,ESCO
SKL_f335ed0ef250,skill,niveaux de test logiciels,niveaux de test logiciels,preferred,fr,ESCO
SKL_6cec95e32dc0,skill,procédés de fabrication,procedes de fabrication,preferred,fr,ESCO
SKL_9857c27e00bf,skill,développement par prototypage,developpement par prototypage,preferred,fr,ESCO
SKL_02c69b93451d,skill,gestion de projets allégée,gestion de projets allegee,preferred,fr,ESCO
SKL_02c69b93451d,skill,gestion de projets «lean»,gestion de projets lean,alt,fr,ESCO
SKL_17de38ea8328,skill,appliquer des principes d’éthique et d’intégrité scientifique de la recherche dans les activités de recherche,appliquer des principes d'ethique et d'integrite scientifique de la recherche dans les activites de recherche,preferred,fr,ESCO
SKL_fa6716bd970c,skill,communiquer avec les parties intéressées,communiquer avec les parties interessees,preferred,fr,ESCO
SKL_fa6716bd970c,skill,échanger des informations avec les parties prenantes,echanger des informations avec les parties prenantes,alt,fr,ESCO
SKL_fa6716bd970c,skill,communiquer avec les parties prenantes,communiquer avec les parties prenantes,alt,fr,ESCO
SKL_fa6716bd970c,skill,échanger des informations avec les parties intéressées,echanger des informations avec les parties interessees,alt,fr,ESCO
SKL_4a174ce373ac,skill,résilience organisationnelle,resilience organisationnelle,preferred,fr,ESCO
SKL_4a174ce373ac,skill,résilience opérationnelle,resilience operationnelle,alt,fr,ESCO
SKL_4a174ce373ac,skill,capacité de résilience organisationnelle,capacite de resilience organisationnelle,alt,fr,ESCO
SKL_4a174ce373ac,skill,principe de résilience organisationnelle,principe de resilience organisationnelle,alt,fr,ESCO
SKL_4a174ce373ac,skill,indicateur de résilience organisationnelle,indicateur de resilience organisationnelle,alt,fr,ESCO
SKL_4a174ce373ac,skill,résistance organisationnelle,resistance organisationnelle,alt,fr,ESCO
SKL_4a174ce373ac,skill,6ZRI,6zri,alt,fr,ESCO
SKL_05a83bc4458b,skill,dispenser une formation technique,dispenser une formation technique,preferred,fr,ESCO
SKL_2187273ee3dc,skill,mettre au point des dispositifs de scan des aliments,mettre au point des dispositifs de scan des aliments,preferred,fr,ESCO
SKL_e1b206f3f66e,skill,architecture de la blockchain,architecture de la blockchain,preferred,fr,ESCO
SKL_e1b206f3f66e,skill,structure de la blockchain,structure de la blockchain,alt,fr,ESCO
SKL_e1b206f3f66e,skill,structure de la chaîne de blocs,structure de la chaine de blocs,alt,fr,ESCO
SKL_c3a6a015f14b,skill,développer un flux de travail de TIC,developper un flux de travail de tic,preferred,fr,ESCO
SKL_503d8d5f426a,skill,mettre en œuvre des contrats intelligents,mettre en oeuvre des contrats intelligents,preferred,fr,ESCO
SKL_503d8d5f426a,skill,appliquer des contrats intelligents,appliquer des contrats intelligents,alt,fr,ESCO
SKL_175902ab3712,skill,Ansible,ansible,preferred,fr,ESCO
SKL_9b29beea7c1b,skill,supprimer un virus informatique ou un logiciel malveillant d’un ordinateur,supprimer un virus informatique ou un logiciel malveillant d'un ordinateur,preferred,fr,ESCO
SKL_46088f1661b7,skill,Perl,perl,preferred,fr,ESCO
SKL_46088f1661b7,skill,PERL,perl,alt,fr,ESCO
SKL_46088f1661b7,skill,Perl golf,perl golf,alt,fr,ESCO
SKL_46088f1661b7,skill,Perl Camel,perl camel,alt,fr,ESCO
SKL_46088f1661b7,skill,Ponie,ponie,alt,fr,ESCO
SKL_46088f1661b7,skill,Practical Extraction and Report Language,practical extraction and report language,hidden,fr,ESCO
SKL_46088f1661b7,skill,PONIE,ponie,hidden,fr,ESCO
SKL_6979c42dcb59,skill,FileMaker (systèmes de gestion de base de données),filemaker (systemes de gestion de base de donnees),preferred,fr,ESCO
SKL_580752d70a1a,skill,analyser des mégadonnées,analyser des megadonnees,preferred,fr,ESCO
SKL_580752d70a1a,skill,analyser des données volumineuses,analyser des donnees volumineuses,alt,fr,ESCO
SKL_ab39799c3a36,skill,SketchBook Pro,sketchbook pro,preferred,fr,ESCO
SKL_c993c6aecf8e,skill,DB2,db2,preferred,fr,ESCO
SKL_7394112e8e6c,skill,appliquer des procédures de gestion des risques,appliquer des procedures de gestion des risques,preferred,fr,ESCO
SKL_80f14516b25e,skill,SQL Server Integration Services,sql server integration services,preferred,fr,ESCO
SKL_55cd3dcd5e3b,skill,développer un pilote d’appareil TIC,developper un pilote d'appareil tic,preferred,fr,ESCO
SKL_c3e053b207ff,skill,sécuriser les informations confidentielles de clients,securiser les informations confidentielles de clients,preferred,fr,ESCO
SKL_1941cdd907dd,skill,assurer la conformité à une législation environnementale,assurer la conformite a une legislation environnementale,preferred,fr,ESCO
SKL_df69f4055e0d,skill,ABAP,abap,preferred,fr,ESCO
SKL_33a22f201b0d,skill,évaluer la durée de travail,evaluer la duree de travail,preferred,fr,ESCO
SKL_33a22f201b0d,skill,évaluer la durée de la prestation de travail,evaluer la duree de la prestation de travail,alt,fr,ESCO
SKL_33a22f201b0d,skill,jauger la durée de travail,jauger la duree de travail,alt,fr,ESCO
SKL_33a22f201b0d,skill,évaluer la durée du travail,evaluer la duree du travail,alt,fr,ESCO
SKL_33a22f201b0d,skill,estimer la durée de travail,estimer la duree de travail,alt,fr,ESCO
SKL_33a22f201b0d,skill,prévoir la durée de travail,prevoir la duree de travail,alt,fr,ESCO
SKL_33a22f201b0d,skill,anticiper la durée de travail,anticiper la duree de travail,alt,fr,ESCO
SKL_e6ca3be59c9b,skill,identifier les besoins des utilisateurs de TIC,identifier les besoins des utilisateurs de tic,preferred,fr,ESCO
SKL_e6ca3be59c9b,skill,répondre aux besoins des utilisateurs de TIC,repondre aux besoins des utilisateurs de tic,alt,fr,ESCO
SKL_e6ca3be59c9b,skill,cerner les besoins des utilisateurs de TIC,cerner les besoins des utilisateurs de tic,alt,fr,ESCO
SKL_e6ca3be59c9b,skill,utiliser des techniques d’identification des besoins des utilisateurs de TIC,utiliser des techniques d'identification des besoins des utilisateurs de tic,alt,fr,ESCO
SKL_e6ca3be59c9b,skill,identifier les besoins des utilisateurs des TIC,identifier les besoins des utilisateurs des tic,alt,fr,ESCO
SKL_e6ca3be59c9b,skill,identifier les besoins des utilisateurs TIC,identifier les besoins des utilisateurs tic,alt,fr,ESCO
SKL_e6ca3be59c9b,skill,recenser les besoins des utilisateurs de TIC,recenser les besoins des utilisateurs de tic,alt,fr,ESCO
SKL_42da43a49734,skill,équilibrer les ressources d’une base de données,equilibrer les ressources d'une base de donnees,preferred,fr,ESCO
SKL_81953b3440a3,skill,langages des feuilles de style,langages des feuilles de style,preferred,fr,ESCO
SKL_81953b3440a3,skill,CSS,css,alt,fr,ESCO
SKL_81953b3440a3,skill,langages de feuilles de style en cascade,langages de feuilles de style en cascade,alt,fr,ESCO
SKL_81953b3440a3,skill,feuilles de style en cascade,feuilles de style en cascade,alt,fr,ESCO
SKL_81953b3440a3,skill,langages feuilles de style,langages feuilles de style,alt,fr,ESCO
SKL_81953b3440a3,skill,langage des feuilles de style,langage des feuilles de style,alt,fr,ESCO
SKL_81953b3440a3,skill,Extensible Stylesheet Language,extensible stylesheet language,hidden,fr,ESCO
SKL_81953b3440a3,skill,SMIL Timesheets,smil timesheets,hidden,fr,ESCO
SKL_81953b3440a3,skill,Formatted Output Specification Instance,formatted output specification instance,hidden,fr,ESCO
SKL_81953b3440a3,skill,Document Style Semantics and Specification Language,document style semantics and specification language,hidden,fr,ESCO
SKL_e31c30f07321,skill,mener des recherches quantitatives,mener des recherches quantitatives,preferred,fr,ESCO
SKL_b1d3c0bd074a,skill,établir des relations d'affaires,etablir des relations d'affaires,preferred,fr,ESCO
SKL_d1bba9e6fc67,skill,garantir la sécurité d'informations,garantir la securite d'informations,preferred,fr,ESCO
SKL_628f1410a7a6,skill,fournir une assistance TIC,fournir une assistance tic,preferred,fr,ESCO
SKL_b0e2bc9cd121,skill,spécifications relatives aux logiciels TIC,specifications relatives aux logiciels tic,preferred,fr,ESCO
SKL_619ec6b46c43,skill,WebCMS,webcms,preferred,fr,ESCO
SKL_6a62eec16e7c,skill,gestion de projets TIC,gestion de projets tic,preferred,fr,ESCO
SKL_7b4f8244da7c,skill,CA Datacom/DB,ca datacom/db,preferred,fr,ESCO
SKL_a33504a35440,skill,structure de l’information,structure de l'information,preferred,fr,ESCO
SKL_516c38d191ba,skill,modélisation orientée objet,modelisation orientee objet,preferred,fr,ESCO
SKL_516c38d191ba,skill,programmation par objet,programmation par objet,alt,fr,ESCO
SKL_516c38d191ba,skill,programmation orientée objet,programmation orientee objet,alt,fr,ESCO
SKL_516c38d191ba,skill,paradigme de programmation orientée objet,paradigme de programmation orientee objet,alt,fr,ESCO
SKL_516c38d191ba,skill,POO,poo,alt,fr,ESCO
SKL_516c38d191ba,skill,MOO,moo,alt,fr,ESCO
SKL_516c38d191ba,skill,modélisation par objet,modelisation par objet,alt,fr,ESCO
SKL_2be24dceca04,skill,mettre au point un système de vision par ordinateur,mettre au point un systeme de vision par ordinateur,preferred,fr,ESCO
SKL_1f31dc507700,skill,cadres d'architecture TIC,cadres d'architecture tic,preferred,fr,ESCO
SKL_1f31dc507700,skill,cadres d’architecture en technologies de l'information et de la communication,cadres d'architecture en technologies de l'information et de la communication,alt,fr,ESCO
SKL_bbb9030c3abd,skill,gestion de l'assurance de la qualité des appels,gestion de l'assurance de la qualite des appels,preferred,fr,ESCO
SKL_1b5ba325ef7d,skill,informatique,informatique,preferred,fr,ESCO
SKL_1b5ba325ef7d,skill,sciences informatiques,sciences informatiques,alt,fr,ESCO
SKL_4bd78f1eaa16,skill,concevoir un processus pour des systèmes fondés sur la technologie de la chaîne de blocs,concevoir un processus pour des systemes fondes sur la technologie de la chaine de blocs,preferred,fr,ESCO
SKL_4bd78f1eaa16,skill,processus de conception des systèmes fondés sur la technologie de la blockchain,processus de conception des systemes fondes sur la technologie de la blockchain,alt,fr,ESCO
SKL_4bd78f1eaa16,skill,processus de conception pour la technologie blockchain,processus de conception pour la technologie blockchain,alt,fr,ESCO
SKL_4bd78f1eaa16,skill,processus de conception pour l'architecture d'application blockchain,processus de conception pour l'architecture d'application blockchain,alt,fr,ESCO
SKL_4bd78f1eaa16,skill,conception d’un système fondé sur la chaîne de blocs,conception d'un systeme fonde sur la chaine de blocs,alt,fr,ESCO
SKL_4bd78f1eaa16,skill,conception d'un système basé sur la blockchain,conception d'un systeme base sur la blockchain,alt,fr,ESCO
SKL_fe01fa21ff02,skill,MarkLogic,marklogic,preferred,fr,ESCO
SKL_1ed98874895e,skill,demander un financement de recherche,demander un financement de recherche,preferred,fr,ESCO
SKL_4615fd065bda,skill,technologies émergentes,technologies emergentes,preferred,fr,ESCO
SKL_4105ef177e9d,skill,plans directeurs,plans directeurs,preferred,fr,ESCO
SKL_1ec8e222a519,skill,modélisation orientée services,modelisation orientee services,preferred,fr,ESCO
SKL_1ec8e222a519,skill,logiciel à la demande,logiciel a la demande,alt,fr,ESCO
SKL_1ec8e222a519,skill,modèles orientés services,modeles orientes services,alt,fr,ESCO
SKL_1ec8e222a519,skill,iaas,iaas,alt,fr,ESCO
SKL_1ec8e222a519,skill,logiciel en tant que service,logiciel en tant que service,alt,fr,ESCO
SKL_1ec8e222a519,skill,architecture orientée services,architecture orientee services,alt,fr,ESCO
SKL_1ec8e222a519,skill,saas,saas,alt,fr,ESCO
SKL_1ec8e222a519,skill,paas,paas,alt,fr,ESCO
SKL_60f44085f999,skill,construire des modèles prédictifs,construire des modeles predictifs,preferred,fr,ESCO
SKL_cb88cfd1c433,skill,normes de qualité des bases de données,normes de qualite des bases de donnees,preferred,fr,ESCO
SKL_20d176fafc3d,skill,identifiants décentralisés,identifiants decentralises,preferred,fr,ESCO
SKL_20d176fafc3d,skill,Les DID,les did,alt,fr,ESCO
SKL_20d176fafc3d,skill,DIDs,dids,alt,fr,ESCO
SKL_e4b4be89e1ff,skill,stratégie de publication,strategie de publication,preferred,fr,ESCO
SKL_e4b4be89e1ff,skill,stratégie éditoriale,strategie editoriale,alt,fr,ESCO
SKL_e4b4be89e1ff,skill,stratégie de publication de contenu,strategie de publication de contenu,alt,fr,ESCO
SKL_e4b4be89e1ff,skill,projet éditorial,projet editorial,alt,fr,ESCO
SKL_e4b4be89e1ff,skill,stratégie de publication de contenus,strategie de publication de contenus,alt,fr,ESCO
SKL_e4b4be89e1ff,skill,contenu de publication,contenu de publication,alt,fr,ESCO
SKL_1da867302f5b,skill,effectuer un test de logiciel,effectuer un test de logiciel,preferred,fr,ESCO
SKL_5b3f38c82113,skill,rédiger des projets de recherche,rediger des projets de recherche,preferred,fr,ESCO
SKL_afd4128fb784,skill,principes de la technologie des registres distribués,principes de la technologie des registres distribues,preferred,fr,ESCO
SKL_e92f735f2558,skill,utiliser la programmation fonctionnelle,utiliser la programmation fonctionnelle,preferred,fr,ESCO
SKL_1ce625596796,skill,créer des modèles de données,creer des modeles de donnees,preferred,fr,ESCO
SKL_1ce625596796,skill,établir des modèles de données,etablir des modeles de donnees,alt,fr,ESCO
SKL_1ce625596796,skill,mettre en place des modèles de données,mettre en place des modeles de donnees,alt,fr,ESCO
SKL_1ce625596796,skill,développer des modèles de données,developper des modeles de donnees,alt,fr,ESCO
SKL_1ce625596796,skill,créer un modèle de données,creer un modele de donnees,alt,fr,ESCO
SKL_1ce625596796,skill,concevoir des modèles de données,concevoir des modeles de donnees,alt,fr,ESCO
SKL_1ce625596796,skill,créer des modèles informatiques,creer des modeles informatiques,alt,fr,ESCO
SKL_ec48889c1990,skill,plateformes collaboratives en ligne,plateformes collaboratives en ligne,preferred,fr,ESCO
SKL_ec48889c1990,skill,outils de collaboration numérique,outils de collaboration numerique,alt,fr,ESCO
SKL_ec48889c1990,skill,outils collaboratifs en ligne,outils collaboratifs en ligne,alt,fr,ESCO
SKL_81d5b505c80d,skill,Apache Tomcat,apache tomcat,preferred,fr,ESCO
SKL_a8e640d3772f,skill,logiciel de négociation,logiciel de negociation,preferred,fr,ESCO
SKL_a8e640d3772f,skill,solution logicielle de trading,solution logicielle de trading,alt,fr,ESCO
SKL_a8e640d3772f,skill,demande de trading,demande de trading,alt,fr,ESCO
SKL_a8e640d3772f,skill,application de trading,application de trading,alt,fr,ESCO
SKL_6df9c3907c46,skill,gestion de projets par méthode Agile,gestion de projets par methode agile,preferred,fr,ESCO
SKL_6df9c3907c46,skill,logiciel de gestion agile,logiciel de gestion agile,alt,fr,ESCO
SKL_6df9c3907c46,skill,gestion de projet agile,gestion de projet agile,alt,fr,ESCO
SKL_e1be1080dfc6,skill,interpréter des exigences techniques,interpreter des exigences techniques,preferred,fr,ESCO
SKL_ed1c943a2742,skill,techniques d’analyse et de définition des besoins de l’entreprise,techniques d'analyse et de definition des besoins de l'entreprise,preferred,fr,ESCO
SKL_de2ce348c043,skill,SAS Data Management,sas data management,preferred,fr,ESCO
SKL_666b5797ca38,skill,développer des tests logiciels automatisés,developper des tests logiciels automatises,preferred,fr,ESCO
SKL_666b5797ca38,skill,produire des tests logiciels automatisés,produire des tests logiciels automatises,alt,fr,ESCO
SKL_666b5797ca38,skill,automatiser le processus de tests,automatiser le processus de tests,alt,fr,ESCO
SKL_666b5797ca38,skill,automatiser les tests logiciels,automatiser les tests logiciels,alt,fr,ESCO
SKL_666b5797ca38,skill,mettre en place des tests logiciels automatisés,mettre en place des tests logiciels automatises,alt,fr,ESCO
SKL_666b5797ca38,skill,concevoir des tests logiciels automatisés,concevoir des tests logiciels automatises,alt,fr,ESCO
SKL_666b5797ca38,skill,élaborer des tests logiciels automatisés,elaborer des tests logiciels automatises,alt,fr,ESCO
SKL_b2efdf0b940a,skill,standards du World Wide Web Consortium,standards du world wide web consortium,preferred,fr,ESCO
SKL_b2efdf0b940a,skill,HTML,html,alt,fr,ESCO
SKL_b2efdf0b940a,skill,XHTML,xhtml,alt,fr,ESCO
SKL_b2efdf0b940a,skill,XML,xml,alt,fr,ESCO
SKL_b2efdf0b940a,skill,SPARQL,sparql,alt,fr,ESCO
SKL_b2efdf0b940a,skill,RDF,rdf,alt,fr,ESCO
SKL_b2efdf0b940a,skill,PNG,png,alt,fr,ESCO
SKL_b2efdf0b940a,skill,HTML5,html5,alt,fr,ESCO
SKL_b2efdf0b940a,skill,normes du World Wide Web Consortium,normes du world wide web consortium,alt,fr,ESCO
SKL_b2efdf0b940a,skill,SOAP,soap,alt,fr,ESCO
SKL_b2efdf0b940a,skill,spécifications techniques développées par le World Wide Web Consortium,specifications techniques developpees par le world wide web consortium,alt,fr,ESCO
SKL_b2efdf0b940a,skill,CSS,css,alt,fr,ESCO
SKL_b2efdf0b940a,skill,normes du W3C,normes du w3c,alt,fr,ESCO
SKL_b2efdf0b940a,skill,standards du W3C,standards du w3c,alt,fr,ESCO
SKL_b2efdf0b940a,skill,XSL,xsl,alt,fr,ESCO
SKL_b2efdf0b940a,skill,SVG,svg,alt,fr,ESCO
SKL_b987f0547d15,skill,réaliser des audits informatiques,realiser des audits informatiques,preferred,fr,ESCO
SKL_b987f0547d15,skill,exécuter des audits de sécurité informatique,executer des audits de securite informatique,alt,fr,ESCO
SKL_b987f0547d15,skill,exécuter des audits de sécurité de l'information,executer des audits de securite de l'information,alt,fr,ESCO
SKL_b987f0547d15,skill,réaliser des audits de sécurité des TIC,realiser des audits de securite des tic,alt,fr,ESCO
SKL_b987f0547d15,skill,exécuter des audits de sécurité des TIC,executer des audits de securite des tic,alt,fr,ESCO
SKL_b987f0547d15,skill,exécuter des audits de cybersécurité,executer des audits de cybersecurite,alt,fr,ESCO
SKL_b987f0547d15,skill,réaliser des audits de sécurité informatique,realiser des audits de securite informatique,alt,fr,ESCO
SKL_25e293017929,skill,métrique logicielle,metrique logicielle,preferred,fr,ESCO
SKL_2ad1a26854b3,skill,gérer un service d’hébergement et de messagerie électronique,gerer un service d'hebergement et de messagerie electronique,preferred,fr,ESCO
SKL_42b850072160,skill,développer une stratégie de sécurité de l’information,developper une strategie de securite de l'information,preferred,fr,ESCO
SKL_083a16a42745,skill,parler plusieurs langues,parler plusieurs langues,preferred,fr,ESCO
SKL_30aac2c66c5d,skill,Solidity,solidity,preferred,fr,ESCO
SKL_ed12c1daf339,skill,base de connaissances,base de connaissances,preferred,fr,ESCO
SKL_ed12c1daf339,skill,base de connaissances informatiques,base de connaissances informatiques,alt,fr,ESCO
SKL_a31bcce95330,skill,gérer les connaissances en vue d’une incidence stratégique,gerer les connaissances en vue d'une incidence strategique,preferred,fr,ESCO
SKL_5575f7d77069,skill,ingénierie de la sécurité,ingenierie de la securite,preferred,fr,ESCO
SKL_5575f7d77069,skill,ingénierie de la sécurité des systèmes,ingenierie de la securite des systemes,alt,fr,ESCO
SKL_5575f7d77069,skill,sciences de la sécurité,sciences de la securite,alt,fr,ESCO
SKL_5575f7d77069,skill,ingénierie de la sécurité des procédés,ingenierie de la securite des procedes,alt,fr,ESCO
SKL_5575f7d77069,skill,science de la sécurité,science de la securite,alt,fr,ESCO
SKL_5575f7d77069,skill,gestion de la sécurité,gestion de la securite,alt,fr,ESCO
SKL_9c47232ffdf8,skill,systèmes économiques fondés sur la technologie de la blckchain,systemes economiques fondes sur la technologie de la blckchain,preferred,fr,ESCO
SKL_9c47232ffdf8,skill,modèles pour les entreprises basées sur la blockchain,modeles pour les entreprises basees sur la blockchain,alt,fr,ESCO
SKL_ad07bc17b05e,skill,modèles de qualité des processus d’information et de communication,modeles de qualite des processus d'information et de communication,preferred,fr,ESCO
SKL_ad07bc17b05e,skill,qualité des processus logiciels,qualite des processus logiciels,alt,fr,ESCO
SKL_ad07bc17b05e,skill,modèle de qualité d’un processus d’information et de communication,modele de qualite d'un processus d'information et de communication,alt,fr,ESCO
SKL_ad07bc17b05e,skill,CMMI,cmmi,alt,fr,ESCO
SKL_ad07bc17b05e,skill,CMM,cmm,alt,fr,ESCO
SKL_ad07bc17b05e,skill,modèles de maturité,modeles de maturite,alt,fr,ESCO
SKL_ad07bc17b05e,skill,modèles de qualité des processus,modeles de qualite des processus,alt,fr,ESCO
SKL_74a5a5844b4c,skill,surveillance du nuage et compte rendu,surveillance du nuage et compte rendu,preferred,fr,ESCO
SKL_b62225bfd370,skill,utiliser des types de contenu,utiliser des types de contenu,preferred,fr,ESCO
SKL_ea47db501b9f,skill,N1QL,n1ql,preferred,fr,ESCO
SKL_a561c76a0e88,skill,évaluer l’interaction des utilisateurs avec les applications des TIC,evaluer l'interaction des utilisateurs avec les applications des tic,preferred,fr,ESCO
SKL_6c4e41d4b56f,skill,méthodes de vente de TIC,methodes de vente de tic,preferred,fr,ESCO
SKL_bde8b9b674c8,skill,applications de la technologie de la blockchain,applications de la technologie de la blockchain,preferred,fr,ESCO
SKL_bde8b9b674c8,skill,fonctions de la chaîne de blocs,fonctions de la chaine de blocs,alt,fr,ESCO
SKL_bde8b9b674c8,skill,fonctions de la blockchain,fonctions de la blockchain,alt,fr,ESCO
SKL_1d4c9a818ce1,skill,logiciel de conception assistée par ordinateur,logiciel de conception assistee par ordinateur,preferred,fr,ESCO
SKL_1d4c9a818ce1,skill,logiciel de CAO,logiciel de cao,alt,fr,ESCO
SKL_c92f3cc793bd,skill,effectuer l’examen du code source,effectuer l'examen du code source,preferred,fr,ESCO
SKL_11505b49c412,skill,analyse de l’investissement,analyse de l'investissement,preferred,fr,ESCO
SKL_43d293ac99a8,skill,cycle de vie d’un produit,cycle de vie d'un produit,preferred,fr,ESCO
SKL_5fd1a916f288,skill,techniques d’audit,techniques d'audit,preferred,fr,ESCO
SKL_c0a2e4a81fa2,skill,recenser les logiciels de gestion d’entrepôts,recenser les logiciels de gestion d'entrepots,preferred,fr,ESCO
SKL_a996f285edca,skill,Codenvy,codenvy,preferred,fr,ESCO
SKL_3431a628a732,skill,développer des applications de traitement des données,developper des applications de traitement des donnees,preferred,fr,ESCO
SKL_95ca38c47f50,skill,vulnérabilités des technologies de registres distribués,vulnerabilites des technologies de registres distribues,preferred,fr,ESCO
SKL_95ca38c47f50,skill,sécurité dans la technologie des registres distribués,securite dans la technologie des registres distribues,alt,fr,ESCO
SKL_95ca38c47f50,skill,sécurité dans la technologie du registre distribué,securite dans la technologie du registre distribue,alt,fr,ESCO
SKL_c2ce930d35e3,skill,déboguer un logiciel,deboguer un logiciel,preferred,fr,ESCO
SKL_b72717b1c634,skill,extraction de l’information,extraction de l'information,preferred,fr,ESCO
SKL_26bcb7a7c221,skill,installer un pare-feu,installer un pare-feu,preferred,fr,ESCO
SKL_f6f390848b58,skill,C#,c#,preferred,fr,ESCO
SKL_136d1d682b59,skill,technologie de contrôle des installations techniques des bâtiments,technologie de controle des installations techniques des batiments,preferred,fr,ESCO
SKL_7493dcb6b2b6,skill,créer des ensembles de données,creer des ensembles de donnees,preferred,fr,ESCO
SKL_f858e811b523,skill,Microsoft Visual C++,microsoft visual c++,preferred,fr,ESCO
SKL_2ab21b64c133,skill,élaborer des rapports de statistiques financières,elaborer des rapports de statistiques financieres,preferred,fr,ESCO
SKL_60004f24de83,skill,principes de sécurité des applications de la technologie de la blockchain,principes de securite des applications de la technologie de la blockchain,preferred,fr,ESCO
SKL_60004f24de83,skill,sécurité de la blockchain,securite de la blockchain,alt,fr,ESCO
SKL_60004f24de83,skill,contrôles de sécurité pour les applications blockchain,controles de securite pour les applications blockchain,alt,fr,ESCO
SKL_60004f24de83,skill,sécurité de la chaîne de blocs,securite de la chaine de blocs,alt,fr,ESCO
SKL_5947e7bab77c,skill,plateformes d’aide en ligne,plateformes d'aide en ligne,preferred,fr,ESCO
SKL_af82150fafdb,skill,Joomla,joomla,preferred,fr,ESCO
SKL_29aa2699d0ed,skill,services d’annuaire,services d'annuaire,preferred,fr,ESCO
SKL_29aa2699d0ed,skill,système de stockage de données,systeme de stockage de donnees,alt,fr,ESCO
SKL_29aa2699d0ed,skill,service de stockage de données,service de stockage de donnees,alt,fr,ESCO
SKL_29aa2699d0ed,skill,service informatique,service informatique,alt,fr,ESCO
SKL_29aa2699d0ed,skill,service d’annuaire,service d'annuaire,alt,fr,ESCO
SKL_29aa2699d0ed,skill,service d’annuaires,service d'annuaires,alt,fr,ESCO
SKL_419d9382e4ff,skill,Vagrant,vagrant,preferred,fr,ESCO
SKL_5a7d26256464,skill,développer à l’aide des services d’informatique en nuage,developper a l'aide des services d'informatique en nuage,preferred,fr,ESCO
SKL_a1e6b80efe9e,skill,faire du marketing par courrier électronique,faire du marketing par courrier electronique,preferred,fr,ESCO
SKL_67477491a4ca,skill,définir des schémas comportementaux,definir des schemas comportementaux,preferred,fr,ESCO
SKL_0643ee1dab7c,skill,assurer la planification des ressources,assurer la planification des ressources,preferred,fr,ESCO
SKL_def6ad401f98,skill,outils de débogage TIC,outils de debogage tic,preferred,fr,ESCO
SKL_27cdecd220ea,skill,systèmes d’aide à la décision,systemes d'aide a la decision,preferred,fr,ESCO
SKL_27cdecd220ea,skill,recherche opérationnelle,recherche operationnelle,alt,fr,ESCO
SKL_27cdecd220ea,skill,systèmes interactif d’aide à la décision,systemes interactif d'aide a la decision,alt,fr,ESCO
SKL_27cdecd220ea,skill,matrices d’aide à la décision,matrices d'aide a la decision,alt,fr,ESCO
SKL_27cdecd220ea,skill,SAD,sad,alt,fr,ESCO
SKL_27cdecd220ea,skill,outils d’optimisation,outils d'optimisation,alt,fr,ESCO
SKL_27cdecd220ea,skill,systèmes informatisé d’aide à la décision,systemes informatise d'aide a la decision,alt,fr,ESCO
SKL_27cdecd220ea,skill,logiciels d’aide à la décision,logiciels d'aide a la decision,alt,fr,ESCO
SKL_27cdecd220ea,skill,SIAD,siad,alt,fr,ESCO
SKL_27cdecd220ea,skill,outils d’aide à la décision,outils d'aide a la decision,alt,fr,ESCO
SKL_a9a5d83a092a,skill,contrôler les dépenses,controler les depenses,preferred,fr,ESCO
SKL_fb22373c26ad,skill,développement par méthode agile,developpement par methode agile,preferred,fr,ESCO
SKL_2e64fb93c3f2,skill,développer des méthodes de migration automatisées,developper des methodes de migration automatisees,preferred,fr,ESCO
SKL_e09879137502,skill,Sass,sass,preferred,fr,ESCO
SKL_3d8a8521327a,skill,gérer les problèmes soumis au service d’assistance,gerer les problemes soumis au service d'assistance,preferred,fr,ESCO
SKL_ca7f5b48d835,skill,plan de recherche,plan de recherche,preferred,fr,ESCO
SKL_ca7f5b48d835,skill,méthodes de conception de la recherche,methodes de conception de la recherche,alt,fr,ESCO
SKL_d0bf41708bae,skill,confidentialité de l’information,confidentialite de l'information,preferred,fr,ESCO
SKL_d0bf41708bae,skill,confidentialité des données,confidentialite des donnees,alt,fr,ESCO
SKL_d0bf41708bae,skill,contrôle de l’accès aux données,controle de l'acces aux donnees,alt,fr,ESCO
SKL_d0bf41708bae,skill,confidentialité des informations,confidentialite des informations,alt,fr,ESCO
SKL_d0bf41708bae,skill,confidentialité des données de l’utilisateur,confidentialite des donnees de l'utilisateur,alt,fr,ESCO
SKL_d0bf41708bae,skill,protection du caractère confidentiel des données,protection du caractere confidentiel des donnees,alt,fr,ESCO
SKL_d0bf41708bae,skill,protection des renseignements personnels,protection des renseignements personnels,alt,fr,ESCO
SKL_7f91d7bb9892,skill,apprentissage automatique,apprentissage automatique,preferred,fr,ESCO
SKL_04e6c64d8bdd,skill,procéder au dépannage des TIC,proceder au depannage des tic,preferred,fr,ESCO
SKL_dddd918d8d0c,skill,utiliser la programmation orientée objet,utiliser la programmation orientee objet,preferred,fr,ESCO
SKL_b7ce81979709,skill,réaliser des recherches scientifiques,realiser des recherches scientifiques,preferred,fr,ESCO
SKL_45833ea0a545,skill,équipement d’interconnexion réseau,equipement d'interconnexion reseau,preferred,fr,ESCO
SKL_45833ea0a545,skill,ponts,ponts,alt,fr,ESCO
SKL_45833ea0a545,skill,équipement d’interconnexion,equipement d'interconnexion,alt,fr,ESCO
SKL_45833ea0a545,skill,routeurs,routeurs,alt,fr,ESCO
SKL_45833ea0a545,skill,passerelles,passerelles,alt,fr,ESCO
SKL_45833ea0a545,skill,concentrateurs,concentrateurs,alt,fr,ESCO
SKL_45833ea0a545,skill,répéteur,repeteur,alt,fr,ESCO
SKL_45833ea0a545,skill,commutateurs,commutateurs,alt,fr,ESCO
SKL_45833ea0a545,skill,équipements d’interconnexion d’un réseau informatique,equipements d'interconnexion d'un reseau informatique,alt,fr,ESCO
SKL_a0910b4e42c4,skill,gérer les normes d’échange de données,gerer les normes d'echange de donnees,preferred,fr,ESCO
SKL_cd9a898340a1,skill,simulation sur ordinateur,simulation sur ordinateur,preferred,fr,ESCO
SKL_cd9a898340a1,skill,simulation par ordinateur,simulation par ordinateur,alt,fr,ESCO
SKL_7e88ed7907b6,skill,outil de test d’intrusion,outil de test d'intrusion,preferred,fr,ESCO
SKL_7e88ed7907b6,skill,plateforme de test d’intrusion,plateforme de test d'intrusion,alt,fr,ESCO
SKL_7e88ed7907b6,skill,logiciel de test d’intrusion,logiciel de test d'intrusion,alt,fr,ESCO
SKL_7e88ed7907b6,skill,metasploit,metasploit,alt,fr,ESCO
SKL_7e88ed7907b6,skill,Burpsuite,burpsuite,alt,fr,ESCO
SKL_7e88ed7907b6,skill,méthode d’évaluation de la sécurité,methode d'evaluation de la securite,alt,fr,ESCO
SKL_7e88ed7907b6,skill,webinspect,webinspect,alt,fr,ESCO
SKL_7e88ed7907b6,skill,test d’intrusion,test d'intrusion,alt,fr,ESCO
SKL_7e88ed7907b6,skill,outil de test de pénétration,outil de test de penetration,alt,fr,ESCO
SKL_7e88ed7907b6,skill,SAM System Scanner,sam system scanner,hidden,fr,ESCO
SKL_7e88ed7907b6,skill,PhoneSweep,phonesweep,hidden,fr,ESCO
SKL_7e88ed7907b6,skill,SFProtect Mobile,sfprotect mobile,hidden,fr,ESCO
SKL_7e88ed7907b6,skill,Trojan,trojan,hidden,fr,ESCO
SKL_7e88ed7907b6,skill,Chkpwd,chkpwd,hidden,fr,ESCO
SKL_7e88ed7907b6,skill,COPS,cops,hidden,fr,ESCO
SKL_7e88ed7907b6,skill,Nfsbug,nfsbug,hidden,fr,ESCO
SKL_7e88ed7907b6,skill,S10SCAN,s10scan,hidden,fr,ESCO
SKL_7e88ed7907b6,skill,HackerShield,hackershield,hidden,fr,ESCO
SKL_7e88ed7907b6,skill,Cisco Secure Scanner,cisco secure scanner,hidden,fr,ESCO
SKL_7e88ed7907b6,skill,CA-Examine,ca-examine,hidden,fr,ESCO
SKL_7e88ed7907b6,skill,Pmutil,pmutil,hidden,fr,ESCO
SKL_7e88ed7907b6,skill,SAM Internet Scanner,sam internet scanner,hidden,fr,ESCO
SKL_7e88ed7907b6,skill,SFProtect Server,sfprotect server,hidden,fr,ESCO
SKL_7e88ed7907b6,skill,IP360 Vulnerability Management System,ip360 vulnerability management system,hidden,fr,ESCO
SKL_7e88ed7907b6,skill,NTCrack,ntcrack,hidden,fr,ESCO
SKL_7e88ed7907b6,skill,Quickinspector,quickinspector,hidden,fr,ESCO
SKL_7e88ed7907b6,skill,I.C.U...MVS,i.c.u...mvs,hidden,fr,ESCO
SKL_7e88ed7907b6,skill,Hobgoblin,hobgoblin,hidden,fr,ESCO
SKL_7e88ed7907b6,skill,GamaScan,gamascan,hidden,fr,ESCO
SKL_7e88ed7907b6,skill,VAM,vam,hidden,fr,ESCO
SKL_7e88ed7907b6,skill,NMAP,nmap,hidden,fr,ESCO
SKL_7e88ed7907b6,skill,NTellect,ntellect,hidden,fr,ESCO
SKL_7e88ed7907b6,skill,PanSec,pansec,hidden,fr,ESCO
SKL_64bb489b222a,skill,gérer des systèmes de collecte de données,gerer des systemes de collecte de donnees,preferred,fr,ESCO
SKL_f67b6e3d70d2,skill,offrir des services de suivi de la clientèle,offrir des services de suivi de la clientele,preferred,fr,ESCO
SKL_0faa638ce520,skill,IBM InfoSphere Information Server,ibm infosphere information server,preferred,fr,ESCO
SKL_54188f599eea,skill,mesures de lutte contre les cyberattaques,mesures de lutte contre les cyberattaques,preferred,fr,ESCO
SKL_54188f599eea,skill,contrôles de sécurité cybernétique/numérique/IT/TIC/information,controles de securite cybernetique/numerique/it/tic/information,alt,fr,ESCO
SKL_54188f599eea,skill,cyber/numérique/informatique/TIC/contrôles de sécurité de l’information,cyber/numerique/informatique/tic/controles de securite de l'information,alt,fr,ESCO
SKL_54188f599eea,skill,contre-mesures contre les cyberattaques,contre-mesures contre les cyberattaques,alt,fr,ESCO
SKL_54188f599eea,skill,mesures de sécurité des communications réseau,mesures de securite des communications reseau,alt,fr,ESCO
SKL_54188f599eea,skill,mesures de cybersécurité,mesures de cybersecurite,alt,fr,ESCO
SKL_54188f599eea,skill,mécanismes de cyberdéfense,mecanismes de cyberdefense,alt,fr,ESCO
SKL_54188f599eea,skill,contre-mesures en cas de cyberattaque,contre-mesures en cas de cyberattaque,alt,fr,ESCO
SKL_90c7e2eeaba0,skill,effectuer l'analyse d'une entreprise,effectuer l'analyse d'une entreprise,preferred,fr,ESCO
SKL_84e2db4e5f1a,skill,dialoguer avec les parties prenantes,dialoguer avec les parties prenantes,preferred,fr,ESCO
SKL_487dc7976c4c,skill,vérifier les spécifications formelles des TIC,verifier les specifications formelles des tic,preferred,fr,ESCO
SKL_487dc7976c4c,skill,inspecter les spécifications formelles des TIC,inspecter les specifications formelles des tic,alt,fr,ESCO
SKL_487dc7976c4c,skill,contrôler les spécifications formelles des TIC,controler les specifications formelles des tic,alt,fr,ESCO
SKL_487dc7976c4c,skill,examiner les spécifications formelles des TIC,examiner les specifications formelles des tic,alt,fr,ESCO
SKL_487dc7976c4c,skill,vérifier les spécifications formelles en matière de TIC,verifier les specifications formelles en matiere de tic,alt,fr,ESCO
SKL_487dc7976c4c,skill,tester les spécifications formelles des TIC,tester les specifications formelles des tic,alt,fr,ESCO
SKL_487dc7976c4c,skill,vérifier les spécifications formelles en matière de TI,verifier les specifications formelles en matiere de ti,alt,fr,ESCO
SKL_aea959fc8fab,skill,Oracle WebLogic,oracle weblogic,preferred,fr,ESCO
SKL_e236a38c4a85,skill,procéder à l’extraction de données,proceder a l'extraction de donnees,preferred,fr,ESCO
SKL_e236a38c4a85,skill,utiliser un modèle de données,utiliser un modele de donnees,alt,fr,ESCO
SKL_e236a38c4a85,skill,réaliser l’extraction de données,realiser l'extraction de donnees,alt,fr,ESCO
SKL_e236a38c4a85,skill,utiliser l’informatique décisionnelle,utiliser l'informatique decisionnelle,alt,fr,ESCO
SKL_e236a38c4a85,skill,extraire des données,extraire des donnees,alt,fr,ESCO
SKL_e236a38c4a85,skill,effectuer l’extraction de données,effectuer l'extraction de donnees,alt,fr,ESCO
SKL_1867331e9788,skill,rédiger des publications scientifiques,rediger des publications scientifiques,preferred,fr,ESCO
SKL_0db86e5fd56a,skill,cadriciels des appareils mobiles,cadriciels des appareils mobiles,preferred,fr,ESCO
SKL_0db86e5fd56a,skill,cadriciel de l’appareil mobile,cadriciel de l'appareil mobile,alt,fr,ESCO
SKL_0db86e5fd56a,skill,cadriciels des dispositifs mobiles,cadriciels des dispositifs mobiles,alt,fr,ESCO
SKL_0db86e5fd56a,skill,cadriciels des terminaux mobiles,cadriciels des terminaux mobiles,alt,fr,ESCO
SKL_0db86e5fd56a,skill,cadriciel d’un appareil mobile,cadriciel d'un appareil mobile,alt,fr,ESCO
SKL_0db86e5fd56a,skill,cadriciels des téléphones portables,cadriciels des telephones portables,alt,fr,ESCO
SKL_0db86e5fd56a,skill,cadriciels des smartphones,cadriciels des smartphones,alt,fr,ESCO
SKL_b65348538f34,skill,Xcode,xcode,preferred,fr,ESCO
SKL_8c66ec45bce8,skill,Puppet (outils de gestion de configuration logicielle),puppet (outils de gestion de configuration logicielle),preferred,fr,ESCO
SKL_b2fa268f665e,skill,modèle hybride,modele hybride,preferred,fr,ESCO
SKL_14a0542ac51a,skill,mettre au point des logiciels libres,mettre au point des logiciels libres,preferred,fr,ESCO
SKL_04d28b46c58b,skill,interpréter des textes techniques,interpreter des textes techniques,preferred,fr,ESCO
SKL_1d1a8295eeda,skill,effectuer un travail de rédaction,effectuer un travail de redaction,preferred,fr,ESCO
SKL_e8bdfaeac68e,skill,utiliser un système de billetterie informatisée,utiliser un systeme de billetterie informatisee,preferred,fr,ESCO
SKL_e8bdfaeac68e,skill,utiliser le système de billetterie électronique,utiliser le systeme de billetterie electronique,alt,fr,ESCO
SKL_588b0ce4feb1,skill,mettre en œuvre le design front end d’un site web,mettre en oeuvre le design front end d'un site web,preferred,fr,ESCO
SKL_633fc2486338,skill,promouvoir l’innovation ouverte dans la recherche,promouvoir l'innovation ouverte dans la recherche,preferred,fr,ESCO
SKL_6fce2b343b90,skill,cycle de développement logiciel,cycle de developpement logiciel,preferred,fr,ESCO
SKL_6fce2b343b90,skill,cycle de développement d’un logiciel,cycle de developpement d'un logiciel,alt,fr,ESCO
SKL_6fce2b343b90,skill,création de logiciel,creation de logiciel,alt,fr,ESCO
SKL_6fce2b343b90,skill,cycle de développement,cycle de developpement,alt,fr,ESCO
SKL_6fce2b343b90,skill,développement d’un logiciel,developpement d'un logiciel,alt,fr,ESCO
SKL_6fce2b343b90,skill,SDLC,sdlc,alt,fr,ESCO
SKL_6fce2b343b90,skill,conception d’un logiciel,conception d'un logiciel,alt,fr,ESCO
SKL_6fce2b343b90,skill,cycle de développement d’une application,cycle de developpement d'une application,alt,fr,ESCO
SKL_df1270c29978,skill,effectuer une analyse de données en ligne,effectuer une analyse de donnees en ligne,preferred,fr,ESCO
SKL_627bb45cf813,skill,langage de modélisation unifié,langage de modelisation unifie,preferred,fr,ESCO
SKL_627bb45cf813,skill,langage de modélisation objet,langage de modelisation objet,alt,fr,ESCO
SKL_627bb45cf813,skill,méthode de modélisation orientée objet,methode de modelisation orientee objet,alt,fr,ESCO
SKL_627bb45cf813,skill,standard de modélisation,standard de modelisation,alt,fr,ESCO
SKL_627bb45cf813,skill,langage unifié de modélisation,langage unifie de modelisation,alt,fr,ESCO
SKL_627bb45cf813,skill,UML,uml,alt,fr,ESCO
SKL_be093e79069c,skill,s’adapter aux changements des plans de développement technologique,s'adapter aux changements des plans de developpement technologique,preferred,fr,ESCO
SKL_548b1864cd14,skill,concevoir une infographie,concevoir une infographie,preferred,fr,ESCO
SKL_4169635a80e2,skill,intégrer la dimension de genre dans la recherche,integrer la dimension de genre dans la recherche,preferred,fr,ESCO
SKL_b22bcd60a416,skill,pensée systémique,pensee systemique,preferred,fr,ESCO
SKL_b22bcd60a416,skill,réflexion systémique,reflexion systemique,alt,fr,ESCO
SKL_ad8c314e6c08,skill,utiliser un logiciel de dessin technique,utiliser un logiciel de dessin technique,preferred,fr,ESCO
SKL_9c9170a8136c,skill,gérer des documents numériques,gerer des documents numeriques,preferred,fr,ESCO
SKL_9c9170a8136c,skill,Dokmee,dokmee,hidden,fr,ESCO
SKL_9c9170a8136c,skill,FileNet Content Manager,filenet content manager,hidden,fr,ESCO
SKL_9c9170a8136c,skill,Enterprise Content Management,enterprise content management,hidden,fr,ESCO
SKL_9c9170a8136c,skill,SIVADOC,sivadoc,hidden,fr,ESCO
SKL_9c9170a8136c,skill,OneDrive,onedrive,hidden,fr,ESCO
SKL_9c9170a8136c,skill,FileHold,filehold,hidden,fr,ESCO
SKL_9c9170a8136c,skill,DocuXplorer,docuxplorer,hidden,fr,ESCO
SKL_9c9170a8136c,skill,DocPoint,docpoint,hidden,fr,ESCO
SKL_9c9170a8136c,skill,FileCenter Pro,filecenter pro,hidden,fr,ESCO
SKL_9c9170a8136c,skill,Athento Smart Document Management,athento smart document management,hidden,fr,ESCO
SKL_9c9170a8136c,skill,BlueDoc,bluedoc,hidden,fr,ESCO
SKL_9c9170a8136c,skill,Alfresco Standard Network,alfresco standard network,hidden,fr,ESCO
SKL_9c9170a8136c,skill,docSTAR eclipse,docstar eclipse,hidden,fr,ESCO
SKL_9c9170a8136c,skill,M-Files DMS,m-files dms,hidden,fr,ESCO
SKL_9c9170a8136c,skill,PaperPort Pro,paperport pro,hidden,fr,ESCO
SKL_9c9170a8136c,skill,Nuxeo Document Management,nuxeo document management,hidden,fr,ESCO
SKL_5438553894f6,skill,fournir des solutions pour voitures connectées,fournir des solutions pour voitures connectees,preferred,fr,ESCO
SKL_5438553894f6,skill,fournir des solutions pour véhicules connectés,fournir des solutions pour vehicules connectes,alt,fr,ESCO
SKL_5438553894f6,skill,fournir des solutions de voiture connectée,fournir des solutions de voiture connectee,alt,fr,ESCO
SKL_3aa64195f966,skill,Kali Linux,kali linux,preferred,fr,ESCO
SKL_b0609a35adbb,skill,démontrer la fonctionnalité de jeux vidéo,demontrer la fonctionnalite de jeux video,preferred,fr,ESCO
SKL_5e9ec004678c,skill,analyser les capacités du personnel,analyser les capacites du personnel,preferred,fr,ESCO
SKL_3bd278c6f34d,skill,concepts des télécommunications,concepts des telecommunications,preferred,fr,ESCO
SKL_3bd278c6f34d,skill,concepts de télécommunications,concepts de telecommunications,alt,fr,ESCO
SKL_3bd278c6f34d,skill,modes de télécommunication,modes de telecommunication,alt,fr,ESCO
SKL_3bd278c6f34d,skill,télécommunications,telecommunications,alt,fr,ESCO
SKL_3bd278c6f34d,skill,principes de télécommunication,principes de telecommunication,alt,fr,ESCO
SKL_3bd278c6f34d,skill,dispositifs de communication,dispositifs de communication,alt,fr,ESCO
SKL_3bd278c6f34d,skill,concepts des communications électroniques,concepts des communications electroniques,alt,fr,ESCO
SKL_09ae9c4724e9,skill,analyser la configuration et les performances du réseau,analyser la configuration et les performances du reseau,preferred,fr,ESCO
SKL_4a7c46bdda77,skill,respect de la gouvernance de l'information,respect de la gouvernance de l'information,preferred,fr,ESCO
SKL_dc4c59fd5c78,skill,gérer des données interopérables et réutilisables faciles à trouver et accessibles,gerer des donnees interoperables et reutilisables faciles a trouver et accessibles,preferred,fr,ESCO
SKL_8cca783b7e18,skill,Adobe Illustrator,adobe illustrator,preferred,fr,ESCO
SKL_4d76ad90efb3,skill,cryptage dans le domaine des TIC,cryptage dans le domaine des tic,preferred,fr,ESCO
SKL_4d76ad90efb3,skill,cryptographie symétrique,cryptographie symetrique,alt,fr,ESCO
SKL_4d76ad90efb3,skill,SSL,ssl,alt,fr,ESCO
SKL_4d76ad90efb3,skill,chiffrement TIC,chiffrement tic,alt,fr,ESCO
SKL_4d76ad90efb3,skill,cryptage TIC,cryptage tic,alt,fr,ESCO
SKL_4d76ad90efb3,skill,cryptographie à clé publique,cryptographie a cle publique,alt,fr,ESCO
SKL_4d76ad90efb3,skill,cryptographie asymétrique,cryptographie asymetrique,alt,fr,ESCO
SKL_303ee19dce8f,skill,se conformer aux réglementations juridiques,se conformer aux reglementations juridiques,preferred,fr,ESCO
SKL_851ecd42bd1c,skill,gérer un système d’alarme,gerer un systeme d'alarme,preferred,fr,ESCO
SKL_851ecd42bd1c,skill,gérer des systèmes d’alarme,gerer des systemes d'alarme,alt,fr,ESCO
SKL_851ecd42bd1c,skill,contrôler un système d’alarme,controler un systeme d'alarme,alt,fr,ESCO
SKL_851ecd42bd1c,skill,assurer la gestion d’un système d’alarme,assurer la gestion d'un systeme d'alarme,alt,fr,ESCO
SKL_851ecd42bd1c,skill,gérer un système d’alarme précoce,gerer un systeme d'alarme precoce,alt,fr,ESCO
SKL_851ecd42bd1c,skill,administrer un système d’alarme,administrer un systeme d'alarme,alt,fr,ESCO
SKL_658a393bd878,skill,schéma de conception d’interface utilisateur,schema de conception d'interface utilisateur,preferred,fr,ESCO
SKL_2efaeadaf118,skill,donner des conseils en matière de restauration environnementale,donner des conseils en matiere de restauration environnementale,preferred,fr,ESCO
SKL_29b4410cdb6a,skill,mettre en œuvre des outils de diagnostic d’un réseau TIC,mettre en oeuvre des outils de diagnostic d'un reseau tic,preferred,fr,ESCO
SKL_1e60c0a605d3,skill,utiliser la programmation concurrente,utiliser la programmation concurrente,preferred,fr,ESCO
SKL_1e60c0a605d3,skill,recourir à la programmation concurrente,recourir a la programmation concurrente,alt,fr,ESCO
SKL_1e60c0a605d3,skill,utiliser la programmation parallèle,utiliser la programmation parallele,alt,fr,ESCO
SKL_1e60c0a605d3,skill,faire usage de la programmation concurrente,faire usage de la programmation concurrente,alt,fr,ESCO
SKL_1e60c0a605d3,skill,employer la programmation concurrente,employer la programmation concurrente,alt,fr,ESCO
SKL_1e60c0a605d3,skill,utiliser programmation concurrente,utiliser programmation concurrente,alt,fr,ESCO
SKL_739c039c3749,skill,gérer des versions d’un logiciel,gerer des versions d'un logiciel,preferred,fr,ESCO
SKL_936597d8bb26,skill,compiler des contenus,compiler des contenus,preferred,fr,ESCO
SKL_f7ccf4374ea5,skill,traitement numérique d’images,traitement numerique d'images,preferred,fr,ESCO
SKL_8b358f26ac2f,skill,fournir des instructions pour le développement de contenu,fournir des instructions pour le developpement de contenu,preferred,fr,ESCO
SKL_8b358f26ac2f,skill,fournir des orientations pour le développement de contenu,fournir des orientations pour le developpement de contenu,alt,fr,ESCO
SKL_8b358f26ac2f,skill,fournir des lignes directrices pour le développement de contenu,fournir des lignes directrices pour le developpement de contenu,alt,fr,ESCO
SKL_8b358f26ac2f,skill,fournir des directives pour le développement de contenu,fournir des directives pour le developpement de contenu,alt,fr,ESCO
SKL_ec2491e3eb27,skill,programmation de systèmes de TIC,programmation de systemes de tic,preferred,fr,ESCO
SKL_ec2491e3eb27,skill,programmation d’applications,programmation d'applications,alt,fr,ESCO
SKL_ec2491e3eb27,skill,programmation de systèmes de TI,programmation de systemes de ti,alt,fr,ESCO
SKL_ec2491e3eb27,skill,écriture de scripts,ecriture de scripts,alt,fr,ESCO
SKL_ec2491e3eb27,skill,programmation de systèmes des TIC,programmation de systemes des tic,alt,fr,ESCO
SKL_ec2491e3eb27,skill,écriture des programmes informatiques,ecriture des programmes informatiques,alt,fr,ESCO
SKL_af7934165e9a,skill,expliquer les principes des technologies de registres distribués,expliquer les principes des technologies de registres distribues,preferred,fr,ESCO
SKL_af7934165e9a,skill,expliquer les propriétés des technologies des registres distribués,expliquer les proprietes des technologies des registres distribues,alt,fr,ESCO
SKL_af7934165e9a,skill,expliquer les propriétés des technologies de registre distribué,expliquer les proprietes des technologies de registre distribue,alt,fr,ESCO
SKL_298f3454c212,skill,gérer une identité numérique,gerer une identite numerique,preferred,fr,ESCO
SKL_5f54eb0fcc33,skill,utiliser un tour,utiliser un tour,preferred,fr,ESCO
SKL_8c4e3cdac838,skill,utiliser un logiciel d'organisation personnelle,utiliser un logiciel d'organisation personnelle,preferred,fr,ESCO
SKL_8c4e3cdac838,skill,Interactive Calendar,interactive calendar,hidden,fr,ESCO
SKL_8c4e3cdac838,skill,Zoho Projects,zoho projects,hidden,fr,ESCO
SKL_8c4e3cdac838,skill,TrackerSuite.Net,trackersuite.net,hidden,fr,ESCO
SKL_8c4e3cdac838,skill,Mavenlink,mavenlink,hidden,fr,ESCO
SKL_8c4e3cdac838,skill,Emplotime,emplotime,hidden,fr,ESCO
SKL_8c4e3cdac838,skill,TaskTome,tasktome,hidden,fr,ESCO
SKL_8c4e3cdac838,skill,Im Time Calendar,im time calendar,hidden,fr,ESCO
SKL_8c4e3cdac838,skill,TickTick,ticktick,hidden,fr,ESCO
SKL_8c4e3cdac838,skill,Todoist,todoist,hidden,fr,ESCO
SKL_8c4e3cdac838,skill,Any.DO,any.do,hidden,fr,ESCO
SKL_8c4e3cdac838,skill,Rainlendar Lite,rainlendar lite,hidden,fr,ESCO
SKL_8c4e3cdac838,skill,TimeDoctor,timedoctor,hidden,fr,ESCO
SKL_8c4e3cdac838,skill,Yahoo! Calendar,yahoo! calendar,hidden,fr,ESCO
SKL_8c4e3cdac838,skill,ChronForce,chronforce,hidden,fr,ESCO
SKL_8c4e3cdac838,skill,Osmo Calendar,osmo calendar,hidden,fr,ESCO
SKL_8c4e3cdac838,skill,Empire Suite Software,empire suite software,hidden,fr,ESCO
SKL_8c4e3cdac838,skill,AceProject,aceproject,hidden,fr,ESCO
SKL_8c4e3cdac838,skill,Trello,trello,hidden,fr,ESCO
SKL_8c4e3cdac838,skill,Toggl,toggl,hidden,fr,ESCO
SKL_8c4e3cdac838,skill,FreshBooks,freshbooks,hidden,fr,ESCO
SKL_8c4e3cdac838,skill,Art Plus ePix Wallpaper Calendar,art plus epix wallpaper calendar,hidden,fr,ESCO
SKL_8c4e3cdac838,skill,hiTask,hitask,hidden,fr,ESCO
SKL_8c4e3cdac838,skill,Zoho Calendar,zoho calendar,hidden,fr,ESCO
SKL_8c4e3cdac838,skill,Harvest,harvest,hidden,fr,ESCO
SKL_8c4e3cdac838,skill,Mozilla Sunbird,mozilla sunbird,hidden,fr,ESCO
SKL_8c4e3cdac838,skill,time@work,time@work,hidden,fr,ESCO
SKL_8c4e3cdac838,skill,VueMinder Calendar Lite,vueminder calendar lite,hidden,fr,ESCO
SKL_8c4e3cdac838,skill,WorkStraight,workstraight,hidden,fr,ESCO
SKL_8c4e3cdac838,skill,Outlook Time,outlook time,hidden,fr,ESCO
SKL_8c4e3cdac838,skill,Wunderlist,wunderlist,hidden,fr,ESCO
SKL_8c4e3cdac838,skill,iPlan,iplan,hidden,fr,ESCO
SKL_8c4e3cdac838,skill,Clarizen,clarizen,hidden,fr,ESCO
SKL_8c4e3cdac838,skill,pmProjectTeam,pmprojectteam,hidden,fr,ESCO
SKL_8c4e3cdac838,skill,OmniFocus,omnifocus,hidden,fr,ESCO
SKL_8c4e3cdac838,skill,ToodleDo,toodledo,hidden,fr,ESCO
SKL_5dfc71462cdb,skill,reconnaître les domaines d’application de la technologie de la chaîne de blocs,reconnaitre les domaines d'application de la technologie de la chaine de blocs,preferred,fr,ESCO
SKL_5dfc71462cdb,skill,identifier les domaines d'application de la technologie blockchain,identifier les domaines d'application de la technologie blockchain,alt,fr,ESCO
SKL_5dfc71462cdb,skill,détecter les domaines d'application de la technologie blockchain,detecter les domaines d'application de la technologie blockchain,alt,fr,ESCO
SKL_250cd2b20d54,skill,procéder à l’optimisation des moteurs de recherche,proceder a l'optimisation des moteurs de recherche,preferred,fr,ESCO
SKL_bb50b52446d2,skill,élaborer un modèle d’interaction,elaborer un modele d'interaction,preferred,fr,ESCO
SKL_e4cbafd8a3b6,skill,génie électrique,genie electrique,preferred,fr,ESCO
SKL_e4cbafd8a3b6,skill,principes fondamentaux de l'ingénierie électrique,principes fondamentaux de l'ingenierie electrique,alt,fr,ESCO
SKL_e4cbafd8a3b6,skill,application de l'électromagnétisme,application de l'electromagnetisme,alt,fr,ESCO
SKL_e4cbafd8a3b6,skill,domaine de l'ingénierie électrique,domaine de l'ingenierie electrique,alt,fr,ESCO
SKL_e4cbafd8a3b6,skill,principes de l'ingénierie électrique,principes de l'ingenierie electrique,alt,fr,ESCO
SKL_e4cbafd8a3b6,skill,application de l'électronique,application de l'electronique,alt,fr,ESCO
SKL_e4cbafd8a3b6,skill,domaine de l'électrotechnique,domaine de l'electrotechnique,alt,fr,ESCO
SKL_e4cbafd8a3b6,skill,principes de l'électrotechnique,principes de l'electrotechnique,alt,fr,ESCO
SKL_e4cbafd8a3b6,skill,principes fondamentaux de l'électrotechnique,principes fondamentaux de l'electrotechnique,alt,fr,ESCO
SKL_e4cbafd8a3b6,skill,champ d'application de l'ingénierie électrique,champ d'application de l'ingenierie electrique,alt,fr,ESCO
SKL_e4cbafd8a3b6,skill,domaine d'application de l'ingénierie électrique,domaine d'application de l'ingenierie electrique,alt,fr,ESCO
SKL_b0080b620fb2,skill,traitement de données numériques,traitement de donnees numeriques,preferred,fr,ESCO
SKL_0de5209b6016,skill,politiques environnementales des TIC,politiques environnementales des tic,preferred,fr,ESCO
SKL_59347ba99f49,skill,Informatica PowerCenter,informatica powercenter,preferred,fr,ESCO
SKL_6b3b58ffac7b,skill,suivre la performance des canaux de communication,suivre la performance des canaux de communication,preferred,fr,ESCO
SKL_91e44b7899ca,skill,utiliser les services en ligne,utiliser les services en ligne,preferred,fr,ESCO
SKL_91e44b7899ca,skill,s'engager dans la citoyenneté grâce aux technologies numériques,s'engager dans la citoyennete grace aux technologies numeriques,alt,fr,ESCO
SKL_91e44b7899ca,skill,s’engager dans la citoyenneté au moyen des technologies numériques,s'engager dans la citoyennete au moyen des technologies numeriques,alt,fr,ESCO
SKL_91e44b7899ca,skill,utiliser des solutions de paiement en ligne,utiliser des solutions de paiement en ligne,alt,fr,ESCO
SKL_91e44b7899ca,skill,utiliser les services électroniques,utiliser les services electroniques,alt,fr,ESCO
SKL_f481a9c7d3e1,skill,superviser le développement d’un logiciel,superviser le developpement d'un logiciel,preferred,fr,ESCO
SKL_72f57a9dac19,skill,dessin industriel,dessin industriel,preferred,fr,ESCO
SKL_72f57a9dac19,skill,dessin technique,dessin technique,alt,fr,ESCO
SKL_f777a42c8a7a,skill,gérer les changements dans un système de TIC,gerer les changements dans un systeme de tic,preferred,fr,ESCO
SKL_f777a42c8a7a,skill,anticiper les changements dans un système d’information et de communication,anticiper les changements dans un systeme d'information et de communication,alt,fr,ESCO
SKL_f777a42c8a7a,skill,gérer les changements dans un système,gerer les changements dans un systeme,alt,fr,ESCO
SKL_f777a42c8a7a,skill,gérer les changements dans un système informatisé,gerer les changements dans un systeme informatise,alt,fr,ESCO
SKL_f777a42c8a7a,skill,mettre à niveau un système d’information et de communication,mettre a niveau un systeme d'information et de communication,alt,fr,ESCO
SKL_f777a42c8a7a,skill,gérer les changements dans un système informatique,gerer les changements dans un systeme informatique,alt,fr,ESCO
SKL_f777a42c8a7a,skill,faire face aux changements dans un système d’information et de communication,faire face aux changements dans un systeme d'information et de communication,alt,fr,ESCO
SKL_e0b5ce94e2d9,skill,parrainer des individus,parrainer des individus,preferred,fr,ESCO
SKL_b0bfbf4c0f2a,skill,résolution des problèmes à l'aide d'outils et de matériel TIC,resolution des problemes a l'aide d'outils et de materiel tic,preferred,fr,ESCO
SKL_6b4086c51411,skill,TypeScript,typescript,preferred,fr,ESCO
SKL_e0cf7c334b3e,skill,créer une architecture d’entreprise,creer une architecture d'entreprise,preferred,fr,ESCO
SKL_a45566a0c0ec,skill,théorie du contrôle d'ingénierie,theorie du controle d'ingenierie,preferred,fr,ESCO
SKL_c7c715f09c69,skill,gérer un système de télévision en circuit fermé,gerer un systeme de television en circuit ferme,preferred,fr,ESCO
SKL_c7c715f09c69,skill,mettre à jour un système de télévision en circuit fermé,mettre a jour un systeme de television en circuit ferme,alt,fr,ESCO
SKL_c7c715f09c69,skill,gérer un système de TVCF,gerer un systeme de tvcf,alt,fr,ESCO
SKL_c7c715f09c69,skill,gérer un système de vidéosurveillance,gerer un systeme de videosurveillance,alt,fr,ESCO
SKL_c7c715f09c69,skill,gérer un système de CCTV,gerer un systeme de cctv,alt,fr,ESCO
SKL_c7c715f09c69,skill,gérer un système de surveillance vidéo,gerer un systeme de surveillance video,alt,fr,ESCO
SKL_c7c715f09c69,skill,installer un système de télévision en circuit fermé,installer un systeme de television en circuit ferme,alt,fr,ESCO
SKL_d8758f64df30,skill,modélisation mathématique,modelisation mathematique,preferred,fr,ESCO
SKL_d8758f64df30,skill,calcul mathématique,calcul mathematique,alt,fr,ESCO
SKL_d8758f64df30,skill,représentation mathématique,representation mathematique,alt,fr,ESCO
SKL_d8758f64df30,skill,simulation mathématique,simulation mathematique,alt,fr,ESCO
SKL_4e7bcf525ff7,skill,gérer l’incidence environnementale des activités,gerer l'incidence environnementale des activites,preferred,fr,ESCO
SKL_c4814cbb355b,skill,biologie computationnelle,biologie computationnelle,preferred,fr,ESCO
SKL_c4814cbb355b,skill,informatique biologique,informatique biologique,alt,fr,ESCO
SKL_0061e17f554c,skill,assurer la confidentialité des informations,assurer la confidentialite des informations,preferred,fr,ESCO
SKL_5e1feca357b2,skill,techniques de présentation visuelle,techniques de presentation visuelle,preferred,fr,ESCO
SKL_5e1feca357b2,skill,technique de présentation visuelle,technique de presentation visuelle,alt,fr,ESCO
SKL_5e1feca357b2,skill,visualisation d’informations,visualisation d'informations,alt,fr,ESCO
SKL_5e1feca357b2,skill,interface de visualisation,interface de visualisation,alt,fr,ESCO
SKL_5e1feca357b2,skill,Infovis Toolkit,infovis toolkit,alt,fr,ESCO
SKL_5e1feca357b2,skill,InfoVis,infovis,alt,fr,ESCO
SKL_5e1feca357b2,skill,technique de présentation vidéo et visuelle,technique de presentation video et visuelle,alt,fr,ESCO
SKL_8c107549fe5b,skill,infrastructure des TIC,infrastructure des tic,preferred,fr,ESCO
SKL_643fa956234d,skill,informatique scientifique,informatique scientifique,preferred,fr,ESCO
SKL_643fa956234d,skill,sciences de l'informatique,sciences de l'informatique,alt,fr,ESCO
SKL_643fa956234d,skill,science informatique,science informatique,alt,fr,ESCO
SKL_234f69e2b4b5,skill,identifier des processus de restructuration,identifier des processus de restructuration,preferred,fr,ESCO
SKL_349ff15e502d,skill,modèle de blockchain,modele de blockchain,preferred,fr,ESCO
SKL_349ff15e502d,skill,modèles de conception de blockchain,modeles de conception de blockchain,alt,fr,ESCO
SKL_4bb3978838d6,skill,optimisation de la qualité et de la durée des cycles,optimisation de la qualite et de la duree des cycles,preferred,fr,ESCO
SKL_86eb8b674662,skill,AJAX,ajax,preferred,fr,ESCO
SKL_86eb8b674662,skill,Asynchronous Javascript and XML,asynchronous javascript and xml,alt,fr,ESCO
SKL_c4640fe55575,skill,développement par incréments,developpement par increments,preferred,fr,ESCO
SKL_4d1904c3c715,skill,technologie de la blockchain,technologie de la blockchain,preferred,fr,ESCO
SKL_4d1904c3c715,skill,technologie blockchain,technologie blockchain,alt,fr,ESCO
SKL_0de1bcfc9fd2,skill,fourniture d’équipement de réseau TIC,fourniture d'equipement de reseau tic,preferred,fr,ESCO
SKL_0de1bcfc9fd2,skill,fournisseurs d’équipement de réseau,fournisseurs d'equipement de reseau,alt,fr,ESCO
SKL_0de1bcfc9fd2,skill,fourniture d’équipements réseaux,fourniture d'equipements reseaux,alt,fr,ESCO
SKL_0de1bcfc9fd2,skill,acquisition d’équipement de réseau informatique,acquisition d'equipement de reseau informatique,alt,fr,ESCO
SKL_0de1bcfc9fd2,skill,acquisition de matériel de réseau informatique,acquisition de materiel de reseau informatique,alt,fr,ESCO
SKL_0de1bcfc9fd2,skill,fourniture de matériel réseau,fourniture de materiel reseau,alt,fr,ESCO
SKL_0de1bcfc9fd2,skill,NEC,nec,hidden,fr,ESCO
SKL_0de1bcfc9fd2,skill,Juniper Networks,juniper networks,hidden,fr,ESCO
SKL_0de1bcfc9fd2,skill,Ericsson,ericsson,hidden,fr,ESCO
SKL_0de1bcfc9fd2,skill,Alcatel-Lucent,alcatel-lucent,hidden,fr,ESCO
SKL_0de1bcfc9fd2,skill,Ciena,ciena,hidden,fr,ESCO
SKL_0de1bcfc9fd2,skill,Avaya,avaya,hidden,fr,ESCO
SKL_47f2166fb857,skill,Jenkins (outils de gestion de configuration logicielle),jenkins (outils de gestion de configuration logicielle),preferred,fr,ESCO
SKL_8e2350e55802,skill,identifier les risques de sécurité des TIC,identifier les risques de securite des tic,preferred,fr,ESCO
SKL_8e2350e55802,skill,déterminer les risques de sécurité des TIC,determiner les risques de securite des tic,alt,fr,ESCO
SKL_8e2350e55802,skill,identifier les risques et menaces de sécurité des TIC,identifier les risques et menaces de securite des tic,alt,fr,ESCO
SKL_8e2350e55802,skill,modéliser les menaces informatiques,modeliser les menaces informatiques,alt,fr,ESCO
SKL_8e2350e55802,skill,identifier les risques de sécurité liés à l’utilisation des TIC,identifier les risques de securite lies a l'utilisation des tic,alt,fr,ESCO
SKL_8e2350e55802,skill,évaluer les risques de sécurité des TIC,evaluer les risques de securite des tic,alt,fr,ESCO
SKL_8e2350e55802,skill,détecter les risques de sécurité des TIC,detecter les risques de securite des tic,alt,fr,ESCO
SKL_55f583e49837,skill,systèmes de signature de la technologie de la blockchaine,systemes de signature de la technologie de la blockchaine,preferred,fr,ESCO
SKL_55f583e49837,skill,schémas de signature pour la blockchain,schemas de signature pour la blockchain,alt,fr,ESCO
SKL_55f583e49837,skill,systèmes de signature numérique,systemes de signature numerique,alt,fr,ESCO
SKL_55f583e49837,skill,schémas de signature numérique,schemas de signature numerique,alt,fr,ESCO
SKL_55f583e49837,skill,schémas de signature pour la chaîne de blocs,schemas de signature pour la chaine de blocs,alt,fr,ESCO
SKL_fa6cd7a6ceb9,skill,sécurité et conformité du nuage,securite et conformite du nuage,preferred,fr,ESCO
SKL_053746c2bf35,skill,logiciels industriels,logiciels industriels,preferred,fr,ESCO
SKL_d2f9a7bfd5f5,skill,Wireshark,wireshark,preferred,fr,ESCO
SKL_6ddd4cf3a709,skill,principes d’animation,principes d'animation,preferred,fr,ESCO
SKL_103114f48d93,skill,principes du minage et de la technologie de la blockchain,principes du minage et de la technologie de la blockchain,preferred,fr,ESCO
SKL_103114f48d93,skill,principes de l'exploitation minière dans la blockchain,principes de l'exploitation miniere dans la blockchain,alt,fr,ESCO
SKL_59ede493c1cb,skill,architecture de l’information,architecture de l'information,preferred,fr,ESCO
SKL_59c64ba70b70,skill,programmation informatique,programmation informatique,preferred,fr,ESCO
SKL_59c64ba70b70,skill,IDL,idl,hidden,fr,ESCO
SKL_59c64ba70b70,skill,Subversion,subversion,hidden,fr,ESCO
SKL_59c64ba70b70,skill,bash,bash,hidden,fr,ESCO
SKL_59c64ba70b70,skill,AWK,awk,hidden,fr,ESCO
SKL_59c64ba70b70,skill,PowerShell,powershell,hidden,fr,ESCO
SKL_59c64ba70b70,skill,PostScript,postscript,hidden,fr,ESCO
SKL_59c64ba70b70,skill,Fortran,fortran,hidden,fr,ESCO
SKL_59c64ba70b70,skill,AspectJ,aspectj,hidden,fr,ESCO
SKL_59c64ba70b70,skill,BCPL,bcpl,hidden,fr,ESCO
SKL_59c64ba70b70,skill,Turing,turing,hidden,fr,ESCO
SKL_59c64ba70b70,skill,occam,occam,hidden,fr,ESCO
SKL_59c64ba70b70,skill,cT,ct,hidden,fr,ESCO
SKL_59c64ba70b70,skill,COMAL,comal,hidden,fr,ESCO
SKL_59c64ba70b70,skill,ActionScript,actionscript,hidden,fr,ESCO
SKL_59c64ba70b70,skill,BizTalk,biztalk,hidden,fr,ESCO
SKL_59c64ba70b70,skill,Tcl,tcl,hidden,fr,ESCO
SKL_59c64ba70b70,skill,Io,io,hidden,fr,ESCO
SKL_59c64ba70b70,skill,ColdFusion,coldfusion,hidden,fr,ESCO
SKL_59c64ba70b70,skill,Curl,curl,hidden,fr,ESCO
SKL_59c64ba70b70,skill,Z shell,z shell,hidden,fr,ESCO
SKL_59c64ba70b70,skill,Hack,hack,hidden,fr,ESCO
SKL_59c64ba70b70,skill,Emacs Lisp,emacs lisp,hidden,fr,ESCO
SKL_59c64ba70b70,skill,Fantom,fantom,hidden,fr,ESCO
SKL_59c64ba70b70,skill,PL/I,pl/i,hidden,fr,ESCO
SKL_59c64ba70b70,skill,X10,x10,hidden,fr,ESCO
SKL_59c64ba70b70,skill,Ada,ada,hidden,fr,ESCO
SKL_59c64ba70b70,skill,OpenCV,opencv,hidden,fr,ESCO
SKL_59c64ba70b70,skill,Gosu,gosu,hidden,fr,ESCO
SKL_59c64ba70b70,skill,Squirrel-script,squirrel-script,hidden,fr,ESCO
SKL_59c64ba70b70,skill,AngularJS,angularjs,hidden,fr,ESCO
SKL_59c64ba70b70,skill,Rebol,rebol,hidden,fr,ESCO
SKL_59c64ba70b70,skill,Caml,caml,hidden,fr,ESCO
SKL_59c64ba70b70,skill,REXX,rexx,hidden,fr,ESCO
SKL_59c64ba70b70,skill,HyperTalk,hypertalk,hidden,fr,ESCO
SKL_59c64ba70b70,skill,Dylan,dylan,hidden,fr,ESCO
SKL_59c64ba70b70,skill,Ceylon,ceylon,hidden,fr,ESCO
SKL_59c64ba70b70,skill,Seed7,seed7,hidden,fr,ESCO
SKL_59c64ba70b70,skill,GCC,gcc,hidden,fr,ESCO
SKL_59c64ba70b70,skill,Lua,lua,hidden,fr,ESCO
SKL_59c64ba70b70,skill,Korn-shell,korn-shell,hidden,fr,ESCO
SKL_59c64ba70b70,skill,Visual Basic,visual basic,hidden,fr,ESCO
SKL_59c64ba70b70,skill,Visual Basic .NET,visual basic .net,hidden,fr,ESCO
SKL_59c64ba70b70,skill,KnockoutJS,knockoutjs,hidden,fr,ESCO
SKL_59c64ba70b70,skill,TACL,tacl,hidden,fr,ESCO
SKL_59c64ba70b70,skill,LabVIEW,labview,hidden,fr,ESCO
SKL_59c64ba70b70,skill,C shell,c shell,hidden,fr,ESCO
SKL_59c64ba70b70,skill,INTERCAL,intercal,hidden,fr,ESCO
SKL_59c64ba70b70,skill,DIBOL,dibol,hidden,fr,ESCO
SKL_59c64ba70b70,skill,AppleScript,applescript,hidden,fr,ESCO
SKL_59c64ba70b70,skill,ALGOL,algol,hidden,fr,ESCO
SKL_59c64ba70b70,skill,Euphoria,euphoria,hidden,fr,ESCO
SKL_59c64ba70b70,skill,MSVC++,msvc++,hidden,fr,ESCO
SKL_59c64ba70b70,skill,STL,stl,hidden,fr,ESCO
SKL_59c64ba70b70,skill,OCaml,ocaml,hidden,fr,ESCO
SKL_59c64ba70b70,skill,Object Pascal,object pascal,hidden,fr,ESCO
SKL_78a032041797,skill,limites des câbles réseau,limites des cables reseau,preferred,fr,ESCO
SKL_78a032041797,skill,inconvénients des câbles réseau,inconvenients des cables reseau,alt,fr,ESCO
SKL_78a032041797,skill,limites en matière de câblage du réseau des TIC,limites en matiere de cablage du reseau des tic,alt,fr,ESCO
SKL_78a032041797,skill,restrictions imposées par les câbles du réseau,restrictions imposees par les cables du reseau,alt,fr,ESCO
SKL_78a032041797,skill,désavantages des câbles réseau,desavantages des cables reseau,alt,fr,ESCO
SKL_78a032041797,skill,limitations des câbles réseau,limitations des cables reseau,alt,fr,ESCO
SKL_78a032041797,skill,limites des câbles du réseau des TIC,limites des cables du reseau des tic,alt,fr,ESCO
SKL_8c496c476189,skill,trigonométrie,trigonometrie,preferred,fr,ESCO
SKL_a474d184a0a0,skill,fournir des rapports d’analyse coût-bénéfice,fournir des rapports d'analyse cout-benefice,preferred,fr,ESCO
SKL_07a7e2a00de2,skill,gouvernance d’Internet,gouvernance d'internet,preferred,fr,ESCO
SKL_a03ccdacfdcf,skill,principes de leadership,principes de leadership,preferred,fr,ESCO
SKL_a03ccdacfdcf,skill,principes de commandement,principes de commandement,alt,fr,ESCO
SKL_a03ccdacfdcf,skill,principes de direction,principes de direction,alt,fr,ESCO
SKL_15d6003a68bc,skill,gérer les budgets,gerer les budgets,preferred,fr,ESCO
SKL_15d6003a68bc,skill,coûts fixés dans le budget,couts fixes dans le budget,alt,fr,ESCO
SKL_15d6003a68bc,skill,superviser les budgets opérationnels,superviser les budgets operationnels,alt,fr,ESCO
SKL_15d6003a68bc,skill,gérer les budgets opérationnels,gerer les budgets operationnels,alt,fr,ESCO
SKL_15d6003a68bc,skill,gérer les budgets d'exploitation,gerer les budgets d'exploitation,alt,fr,ESCO
SKL_15d6003a68bc,skill,budget fixé des coûts,budget fixe des couts,alt,fr,ESCO
SKL_15d6003a68bc,skill,gérer le budget opérationnel,gerer le budget operationnel,alt,fr,ESCO
SKL_b1d9f1c55a59,skill,mener des recherches interdisciplinaires,mener des recherches interdisciplinaires,preferred,fr,ESCO
SKL_d36c0e2ff2ea,skill,communication et collaboration numériques,communication et collaboration numeriques,preferred,fr,ESCO
SKL_0dcb87ca96d3,skill,vision par ordinateur,vision par ordinateur,preferred,fr,ESCO
SKL_1a3570884e47,skill,langage de requête Cadre de Description des Ressources,langage de requete cadre de description des ressources,preferred,fr,ESCO
SKL_1a3570884e47,skill,langage de requête RDF,langage de requete rdf,alt,fr,ESCO
SKL_1a3570884e47,skill,langage de requête SPARQL,langage de requete sparql,alt,fr,ESCO
SKL_1a3570884e47,skill,OWL,owl,alt,fr,ESCO
SKL_1a3570884e47,skill,SPARQL,sparql,alt,fr,ESCO
SKL_1a3570884e47,skill,langage de requête pour le cadre de description de ressource,langage de requete pour le cadre de description de ressource,alt,fr,ESCO
SKL_1a3570884e47,skill,protocole simple et langage de requête RDF,protocole simple et langage de requete rdf,alt,fr,ESCO
SKL_b66a815da958,skill,exécuter des tests de logiciel,executer des tests de logiciel,preferred,fr,ESCO
SKL_62cb2c333713,skill,définir des normes d’organisation,definir des normes d'organisation,preferred,fr,ESCO
SKL_7688aa622488,skill,Adobe Photoshop,adobe photoshop,preferred,fr,ESCO
SKL_154aa764ece5,skill,contrôle statistique des processus,controle statistique des processus,preferred,fr,ESCO
SKL_67a4d439c738,skill,analyser un système de TIC,analyser un systeme de tic,preferred,fr,ESCO
SKL_9e24266d180e,skill,développement par spirales,developpement par spirales,preferred,fr,ESCO
SKL_f928f432f512,skill,élaborer des plans d'urgence en cas d'urgences,elaborer des plans d'urgence en cas d'urgences,preferred,fr,ESCO
SKL_c88ea684ad79,skill,appliquer la pensée systémique de conception,appliquer la pensee systemique de conception,preferred,fr,ESCO
SKL_36887aac680b,skill,assurer le respect des exigences légales,assurer le respect des exigences legales,preferred,fr,ESCO
SKL_36887aac680b,skill,assurer le respect des prescriptions légales,assurer le respect des prescriptions legales,alt,fr,ESCO
SKL_36887aac680b,skill,assurer le respect des règles légales,assurer le respect des regles legales,alt,fr,ESCO
SKL_36887aac680b,skill,assurer la conformité aux exigences légales,assurer la conformite aux exigences legales,alt,fr,ESCO
SKL_36887aac680b,skill,garantir le respect des exigences légales,garantir le respect des exigences legales,alt,fr,ESCO
SKL_36887aac680b,skill,veiller au respect des exigences légales,veiller au respect des exigences legales,alt,fr,ESCO
SKL_36887aac680b,skill,respecter les exigences légales,respecter les exigences legales,alt,fr,ESCO
SKL_d239ba97bcd3,skill,objectifs de contrôle de l’information et des technologies associées,objectifs de controle de l'information et des technologies associees,preferred,fr,ESCO
SKL_d239ba97bcd3,skill,référentiel CMMI,referentiel cmmi,alt,fr,ESCO
SKL_d239ba97bcd3,skill,référentiel ITIL,referentiel itil,alt,fr,ESCO
SKL_d239ba97bcd3,skill,audit des systèmes d’information,audit des systemes d'information,alt,fr,ESCO
SKL_d239ba97bcd3,skill,référentiel de gouvernance du système d’information,referentiel de gouvernance du systeme d'information,alt,fr,ESCO
SKL_d239ba97bcd3,skill,référentiel CobiT,referentiel cobit,alt,fr,ESCO
SKL_d239ba97bcd3,skill,COBIT,cobit,alt,fr,ESCO
SKL_c0d9b25a3929,skill,ingénierie de sécurité,ingenierie de securite,preferred,fr,ESCO
SKL_c0d9b25a3929,skill,ingénierie de la sécurité des systèmes,ingenierie de la securite des systemes,alt,fr,ESCO
SKL_c0d9b25a3929,skill,gestion de la sécurité,gestion de la securite,alt,fr,ESCO
SKL_c0d9b25a3929,skill,ingénierie de la sécurité des réseaux,ingenierie de la securite des reseaux,alt,fr,ESCO
SKL_c0d9b25a3929,skill,ingénierie de sécurité des réseaux,ingenierie de securite des reseaux,alt,fr,ESCO
SKL_c0d9b25a3929,skill,ingénierie de la sécurité de l'information,ingenierie de la securite de l'information,alt,fr,ESCO
SKL_ac7e62b30b73,skill,identifier les besoins des clients,identifier les besoins des clients,preferred,fr,ESCO
SKL_c5114bc54f61,skill,normes de réseau,normes de reseau,preferred,fr,ESCO
SKL_c5114bc54f61,skill,protocoles réseau,protocoles reseau,alt,fr,ESCO
SKL_c5114bc54f61,skill,directives du réseau,directives du reseau,alt,fr,ESCO
SKL_c5114bc54f61,skill,lignes directrices du réseau,lignes directrices du reseau,alt,fr,ESCO
SKL_c5114bc54f61,skill,codes de réseau,codes de reseau,alt,fr,ESCO
SKL_c5114bc54f61,skill,protocoles de réseau,protocoles de reseau,alt,fr,ESCO
SKL_3e8275119d50,skill,Haskell,haskell,preferred,fr,ESCO
SKL_df4bdc537b33,skill,évaluation des risques et des menaces,evaluation des risques et des menaces,preferred,fr,ESCO
SKL_60dabb7fbd39,skill,analyse des cas d’utilisation de la technologie de la blockchain,analyse des cas d'utilisation de la technologie de la blockchain,preferred,fr,ESCO
SKL_60dabb7fbd39,skill,enquêter sur les cas d’utilisation de la blockchain,enqueter sur les cas d'utilisation de la blockchain,alt,fr,ESCO
SKL_60dabb7fbd39,skill,étudier les cas d'utilisation de la blockchain,etudier les cas d'utilisation de la blockchain,alt,fr,ESCO
SKL_60dabb7fbd39,skill,évaluer les cas d’utilisation de la blockchain,evaluer les cas d'utilisation de la blockchain,alt,fr,ESCO
SKL_e22e3873e2aa,skill,Erlang,erlang,preferred,fr,ESCO
SKL_f14939dc09c4,skill,criminalistique informatique,criminalistique informatique,preferred,fr,ESCO
SKL_e5dfb4a3c635,skill,analyser les systèmes d’information d’une organisation,analyser les systemes d'information d'une organisation,preferred,fr,ESCO
SKL_e5dfb4a3c635,skill,vérifier les systèmes d’information d’une organisation,verifier les systemes d'information d'une organisation,alt,fr,ESCO
SKL_e5dfb4a3c635,skill,analyser les technologies de l’information et de la communication,analyser les technologies de l'information et de la communication,alt,fr,ESCO
SKL_e5dfb4a3c635,skill,analyser les systèmes d’information de l’organisation,analyser les systemes d'information de l'organisation,alt,fr,ESCO
SKL_e5dfb4a3c635,skill,analyser les systèmes d’information des organisations,analyser les systemes d'information des organisations,alt,fr,ESCO
SKL_e5dfb4a3c635,skill,contrôler les systèmes d’information d’une organisation,controler les systemes d'information d'une organisation,alt,fr,ESCO
SKL_e5dfb4a3c635,skill,analyser les TIC d’une organisation,analyser les tic d'une organisation,alt,fr,ESCO
SKL_b145b502032c,skill,effectuer des tests de récupération de logiciel,effectuer des tests de recuperation de logiciel,preferred,fr,ESCO
SKL_b145b502032c,skill,vérifier le fonctionnement de la récupération de logiciel,verifier le fonctionnement de la recuperation de logiciel,alt,fr,ESCO
SKL_b145b502032c,skill,mener des tests de récupération de logiciel,mener des tests de recuperation de logiciel,alt,fr,ESCO
SKL_b145b502032c,skill,exécuter des tests de récupération de logiciel,executer des tests de recuperation de logiciel,alt,fr,ESCO
SKL_b145b502032c,skill,réaliser des tests de récupération de logiciel,realiser des tests de recuperation de logiciel,alt,fr,ESCO
SKL_b145b502032c,skill,contrôler le fonctionnement de la récupération de logiciel,controler le fonctionnement de la recuperation de logiciel,alt,fr,ESCO
SKL_2556f77c4d95,skill,Interaction homme-machine,interaction homme-machine,preferred,fr,ESCO
SKL_2556f77c4d95,skill,IHM,ihm,alt,fr,ESCO
SKL_2556f77c4d95,skill,interaction avec les machines,interaction avec les machines,alt,fr,ESCO
SKL_2556f77c4d95,skill,interfaces homme-machines,interfaces homme-machines,alt,fr,ESCO
SKL_2556f77c4d95,skill,périphériques IHM,peripheriques ihm,alt,fr,ESCO
SKL_2556f77c4d95,skill,Interactions homme-machine,interactions homme-machine,alt,fr,ESCO
SKL_2556f77c4d95,skill,outil de contrôle et de communication,outil de controle et de communication,alt,fr,ESCO
SKL_ebb4510ed841,skill,gérer une équipe,gerer une equipe,preferred,fr,ESCO
SKL_c28e6064ca64,skill,gérer les données,gerer les donnees,preferred,fr,ESCO
SKL_c28e6064ca64,skill,gérer des outils de qualité des données,gerer des outils de qualite des donnees,alt,fr,ESCO
SKL_c28e6064ca64,skill,administrer des données,administrer des donnees,alt,fr,ESCO
SKL_c28e6064ca64,skill,utiliser un logiciel qualité des données,utiliser un logiciel qualite des donnees,alt,fr,ESCO
SKL_c28e6064ca64,skill,évaluer la qualité des données,evaluer la qualite des donnees,alt,fr,ESCO
SKL_c28e6064ca64,skill,gérer des données,gerer des donnees,alt,fr,ESCO
SKL_c28e6064ca64,skill,gérer le cycle de vie des données,gerer le cycle de vie des donnees,alt,fr,ESCO
SKL_6f15480a7a8b,skill,fournir des informations,fournir des informations,preferred,fr,ESCO
SKL_6f15480a7a8b,skill,donner des renseignements,donner des renseignements,alt,fr,ESCO
SKL_b612c882be81,skill,résoudre les problèmes des systèmes d’information,resoudre les problemes des systemes d'information,preferred,fr,ESCO
SKL_b612c882be81,skill,gérer les problèmes des systèmes d’information,gerer les problemes des systemes d'information,alt,fr,ESCO
SKL_b612c882be81,skill,résoudre les problèmes des systèmes des TIC,resoudre les problemes des systemes des tic,alt,fr,ESCO
SKL_b612c882be81,skill,résoudre les problèmes liés aux systèmes de TIC,resoudre les problemes lies aux systemes de tic,alt,fr,ESCO
SKL_b612c882be81,skill,dépanner un système de TIC,depanner un systeme de tic,alt,fr,ESCO
SKL_b612c882be81,skill,diagnostiquer les problèmes des systèmes d’information,diagnostiquer les problemes des systemes d'information,alt,fr,ESCO
SKL_b612c882be81,skill,trouver des solutions aux problèmes des systèmes d’information,trouver des solutions aux problemes des systemes d'information,alt,fr,ESCO
SKL_07fed61b3215,skill,MDX,mdx,preferred,fr,ESCO
SKL_8a9651b100b9,skill,définir les exigences techniques,definir les exigences techniques,preferred,fr,ESCO
SKL_8a9651b100b9,skill,rédiger les spécifications techniques,rediger les specifications techniques,alt,fr,ESCO
SKL_8a9651b100b9,skill,rédiger une liste de spécifications techniques,rediger une liste de specifications techniques,alt,fr,ESCO
SKL_8a9651b100b9,skill,faire une liste d'aspects techniques,faire une liste d'aspects techniques,alt,fr,ESCO
SKL_8a9651b100b9,skill,consigner les spécifications techniques dans une liste,consigner les specifications techniques dans une liste,alt,fr,ESCO
SKL_8a9651b100b9,skill,faire une liste des aspects techniques,faire une liste des aspects techniques,alt,fr,ESCO
SKL_8a9651b100b9,skill,recueillir les exigences techniques,recueillir les exigences techniques,alt,fr,ESCO
SKL_b4830b23bb8d,skill,utiliser un logiciel de contrôle d’accès,utiliser un logiciel de controle d'acces,preferred,fr,ESCO
SKL_b4830b23bb8d,skill,utiliser iLock,utiliser ilock,alt,fr,ESCO
SKL_b4830b23bb8d,skill,utiliser une solution contrôle d’accès,utiliser une solution controle d'acces,alt,fr,ESCO
SKL_b4830b23bb8d,skill,utiliser Avaya Identity Engines,utiliser avaya identity engines,alt,fr,ESCO
SKL_b4830b23bb8d,skill,définir les autorisations d’utilisateur de base de données,definir les autorisations d'utilisateur de base de donnees,alt,fr,ESCO
SKL_b4830b23bb8d,skill,définir les rôles de l’utilisateur,definir les roles de l'utilisateur,alt,fr,ESCO
SKL_b4830b23bb8d,skill,utiliser un logiciel informatique,utiliser un logiciel informatique,alt,fr,ESCO
SKL_a94e84871ee9,skill,systèmes TIC de l’entreprise,systemes tic de l'entreprise,preferred,fr,ESCO
SKL_a94e84871ee9,skill,systèmes TI de l’entreprise,systemes ti de l'entreprise,alt,fr,ESCO
SKL_a94e84871ee9,skill,systèmes TIC d’entreprise,systemes tic d'entreprise,alt,fr,ESCO
SKL_a94e84871ee9,skill,systèmes TIC en entreprise,systemes tic en entreprise,alt,fr,ESCO
SKL_a94e84871ee9,skill,systèmes informatiques de l’entreprise,systemes informatiques de l'entreprise,alt,fr,ESCO
SKL_a94e84871ee9,skill,systèmes TIC pour entreprises,systemes tic pour entreprises,alt,fr,ESCO
SKL_8225f6572e45,skill,systèmes de gestion de base de données,systemes de gestion de base de donnees,preferred,fr,ESCO
SKL_8225f6572e45,skill,moteurs de base de données,moteurs de base de donnees,alt,fr,ESCO
SKL_8225f6572e45,skill,MySQL,mysql,alt,fr,ESCO
SKL_8225f6572e45,skill,Oracle,oracle,alt,fr,ESCO
SKL_8225f6572e45,skill,logiciels de gestion de base de données,logiciels de gestion de base de donnees,alt,fr,ESCO
SKL_8225f6572e45,skill,Microsoft SQL Server,microsoft sql server,alt,fr,ESCO
SKL_8225f6572e45,skill,SGBD,sgbd,alt,fr,ESCO
SKL_8225f6572e45,skill,systèmes de base de données,systemes de base de donnees,alt,fr,ESCO
SKL_8225f6572e45,skill,Objectivity DB,objectivity db,hidden,fr,ESCO
SKL_8225f6572e45,skill,SUPRA,supra,hidden,fr,ESCO
SKL_8225f6572e45,skill,Pervasive.SQL Workgroup,pervasive.sql workgroup,hidden,fr,ESCO
SKL_8225f6572e45,skill,Adabas,adabas,hidden,fr,ESCO
SKL_8225f6572e45,skill,Quadbase SQL Server,quadbase sql server,hidden,fr,ESCO
SKL_8225f6572e45,skill,Jasmine ii,jasmine ii,hidden,fr,ESCO
SKL_8225f6572e45,skill,Informix Extended Parallel Server,informix extended parallel server,hidden,fr,ESCO
SKL_8225f6572e45,skill,Versant,versant,hidden,fr,ESCO
SKL_8225f6572e45,skill,IDMS,idms,hidden,fr,ESCO
SKL_8225f6572e45,skill,NonStop SQL,nonstop sql,hidden,fr,ESCO
SKL_8225f6572e45,skill,Interbase,interbase,hidden,fr,ESCO
SKL_8225f6572e45,skill,PointBase Network Server,pointbase network server,hidden,fr,ESCO
SKL_8225f6572e45,skill,Velocis,velocis,hidden,fr,ESCO
SKL_8225f6572e45,skill,YARD-SQL,yard-sql,hidden,fr,ESCO
SKL_8225f6572e45,skill,Adaptive Server Enterprise,adaptive server enterprise,hidden,fr,ESCO
SKL_8225f6572e45,skill,SQLBase,sqlbase,hidden,fr,ESCO
SKL_8225f6572e45,skill,Ingres ii,ingres ii,hidden,fr,ESCO
SKL_8225f6572e45,skill,Adaptive Server Anywhere,adaptive server anywhere,hidden,fr,ESCO
SKL_8225f6572e45,skill,Oracle Lite,oracle lite,hidden,fr,ESCO
SKL_8225f6572e45,skill,UniSQL,unisql,hidden,fr,ESCO
SKL_8225f6572e45,skill,Pervasive.SQL 2000,pervasive.sql 2000,hidden,fr,ESCO
SKL_8225f6572e45,skill,R:Base,r:base,hidden,fr,ESCO
SKL_8225f6572e45,skill,DB2 Everyplace,db2 everyplace,hidden,fr,ESCO
SKL_8225f6572e45,skill,Datacom,datacom,hidden,fr,ESCO
SKL_8225f6572e45,skill,TimesTen,timesten,hidden,fr,ESCO
SKL_8225f6572e45,skill,Oracle 8I,oracle 8i,hidden,fr,ESCO
SKL_8225f6572e45,skill,Db.star,db.star,hidden,fr,ESCO
SKL_8225f6572e45,skill,Adabas D,adabas d,hidden,fr,ESCO
SKL_8225f6572e45,skill,POET Object Server Suite,poet object server suite,hidden,fr,ESCO
SKL_8225f6572e45,skill,Db.linux,db.linux,hidden,fr,ESCO
SKL_8225f6572e45,skill,Raima Database Manager,raima database manager,hidden,fr,ESCO
SKL_8225f6572e45,skill,Informix Dynamic Server 2000,informix dynamic server 2000,hidden,fr,ESCO
SKL_8225f6572e45,skill,PointBase Embedded,pointbase embedded,hidden,fr,ESCO
SKL_8225f6572e45,skill,PointBase Mobile,pointbase mobile,hidden,fr,ESCO
SKL_8225f6572e45,skill,UniData,unidata,hidden,fr,ESCO
SKL_8225f6572e45,skill,Rdb,rdb,hidden,fr,ESCO
SKL_8225f6572e45,skill,Advantage Database Server,advantage database server,hidden,fr,ESCO
SKL_8225f6572e45,skill,IMS DB,ims db,hidden,fr,ESCO
SKL_8225f6572e45,skill,Cloudscape,cloudscape,hidden,fr,ESCO
SKL_8225f6572e45,skill,Model 204,model 204,hidden,fr,ESCO
SKL_4cd9c82e2b55,skill,computation cognitive,computation cognitive,preferred,fr,ESCO
SKL_4cd9c82e2b55,skill,technologie de l'informatique cognitive,technologie de l'informatique cognitive,alt,fr,ESCO
SKL_4cd9c82e2b55,skill,technologie informatique cognitive,technologie informatique cognitive,alt,fr,ESCO
SKL_f1c997d8743f,skill,former le personnel,former le personnel,preferred,fr,ESCO
SKL_008e59920331,skill,concevoir un réseau informatique,concevoir un reseau informatique,preferred,fr,ESCO
SKL_cd1a8c17e323,skill,données non structurées,donnees non structurees,preferred,fr,ESCO
SKL_cd1a8c17e323,skill,données structurées,donnees structurees,alt,fr,ESCO
SKL_cd1a8c17e323,skill,ensemble de données non structurées,ensemble de donnees non structurees,alt,fr,ESCO
SKL_cd1a8c17e323,skill,analyses de données,analyses de donnees,alt,fr,ESCO
SKL_cd1a8c17e323,skill,données semi-structurées,donnees semi-structurees,alt,fr,ESCO
SKL_cd1a8c17e323,skill,exploration de données,exploration de donnees,alt,fr,ESCO
SKL_cd1a8c17e323,skill,informations non structurées,informations non structurees,alt,fr,ESCO
SKL_241100d02d30,skill,gérer le développement professionnel personnel,gerer le developpement professionnel personnel,preferred,fr,ESCO
SKL_faa48d074cba,skill,Visual Basic,visual basic,preferred,fr,ESCO
SKL_faa48d074cba,skill,Visual Studio .NET,visual studio .net,alt,fr,ESCO
SKL_faa48d074cba,skill,VB,vb,alt,fr,ESCO
SKL_faa48d074cba,skill,VB.NET,vb.net,alt,fr,ESCO
SKL_c98638f8926e,skill,identifier les exigences légales,identifier les exigences legales,preferred,fr,ESCO
SKL_c98638f8926e,skill,définir les exigences légales,definir les exigences legales,alt,fr,ESCO
SKL_c98638f8926e,skill,recenser les exigences légales,recenser les exigences legales,alt,fr,ESCO
SKL_c98638f8926e,skill,identifier les exigences légales et normatives,identifier les exigences legales et normatives,alt,fr,ESCO
SKL_c98638f8926e,skill,identifier les prescriptions légales,identifier les prescriptions legales,alt,fr,ESCO
SKL_c98638f8926e,skill,cibler les exigences légales,cibler les exigences legales,alt,fr,ESCO
SKL_c98638f8926e,skill,cerner les exigences légales,cerner les exigences legales,alt,fr,ESCO
SKL_5b3a519408f1,skill,assurer la gestion de l’identité des TIC,assurer la gestion de l'identite des tic,preferred,fr,ESCO
SKL_5a38e0a81946,skill,publier des recherches universitaires,publier des recherches universitaires,preferred,fr,ESCO
SKL_93ac48a36c81,skill,protocoles de consensus pour les technologies de registres distribués,protocoles de consensus pour les technologies de registres distribues,preferred,fr,ESCO
SKL_93ac48a36c81,skill,protocoles de consensus des technologies de registre distribué,protocoles de consensus des technologies de registre distribue,alt,fr,ESCO
SKL_93ac48a36c81,skill,protocoles consensuels des technologies des registres distribués,protocoles consensuels des technologies des registres distribues,alt,fr,ESCO
SKL_049ae1a3abf1,skill,technologie du jumeau numérique,technologie du jumeau numerique,preferred,fr,ESCO
SKL_049ae1a3abf1,skill,modèle jumeau virtuel,modele jumeau virtuel,alt,fr,ESCO
SKL_049ae1a3abf1,skill,technologie de réplication numérique,technologie de replication numerique,alt,fr,ESCO
SKL_049ae1a3abf1,skill,technologie de modélisation numérique,technologie de modelisation numerique,alt,fr,ESCO
SKL_049ae1a3abf1,skill,modèle de jumeau virtuel,modele de jumeau virtuel,alt,fr,ESCO
SKL_dedf1948afc3,skill,modèles d’architecture logicielle,modeles d'architecture logicielle,preferred,fr,ESCO
SKL_5682de6d321b,skill,respecter les normes d’une entreprise,respecter les normes d'une entreprise,preferred,fr,ESCO
SKL_9c97e63afd1a,skill,exigences légales concernant les produits dans le secteur des TIC,exigences legales concernant les produits dans le secteur des tic,preferred,fr,ESCO
SKL_22320b92666f,skill,analyser des procédures d’entreprise,analyser des procedures d'entreprise,preferred,fr,ESCO
SKL_f404d9dd01d7,skill,définir une stratégie d’intégration,definir une strategie d'integration,preferred,fr,ESCO
SKL_5f8c22d6f0f5,skill,Cisco,cisco,preferred,fr,ESCO
SKL_5f8c22d6f0f5,skill,Cisco Systems,cisco systems,alt,fr,ESCO
SKL_5f8c22d6f0f5,skill,Network Magic,network magic,alt,fr,ESCO
SKL_5f8c22d6f0f5,skill,Cisco 7600,cisco 7600,alt,fr,ESCO
SKL_5f8c22d6f0f5,skill,CISCO,cisco,hidden,fr,ESCO
SKL_2dc98e79752c,skill,mener des recherches qualitatives,mener des recherches qualitatives,preferred,fr,ESCO
SKL_736069c45b6d,skill,élaborer une stratégie pour résoudre les problèmes,elaborer une strategie pour resoudre les problemes,preferred,fr,ESCO
SKL_736069c45b6d,skill,mettre au point une stratégie de résolution de problèmes,mettre au point une strategie de resolution de problemes,alt,fr,ESCO
SKL_891fd5e04d20,skill,développer des idées créatives,developper des idees creatives,preferred,fr,ESCO
SKL_98f3bee600ee,skill,Vyper,vyper,preferred,fr,ESCO
SKL_d3d9af86ef84,skill,base de données,base de donnees,preferred,fr,ESCO
SKL_d3d9af86ef84,skill,entrepôt de données,entrepot de donnees,alt,fr,ESCO
SKL_d3d9af86ef84,skill,outil de stockage,outil de stockage,alt,fr,ESCO
SKL_d3d9af86ef84,skill,types de bases de données,types de bases de donnees,alt,fr,ESCO
SKL_d3d9af86ef84,skill,base de données non relationnelle,base de donnees non relationnelle,alt,fr,ESCO
SKL_d3d9af86ef84,skill,base de données relationnelle,base de donnees relationnelle,alt,fr,ESCO
SKL_d3d9af86ef84,skill,système de gestion de base de données,systeme de gestion de base de donnees,alt,fr,ESCO
SKL_d3d9af86ef84,skill,banque de données,banque de donnees,alt,fr,ESCO
SKL_d3d9af86ef84,skill,bases de données,bases de donnees,alt,fr,ESCO
SKL_d3d9af86ef84,skill,base de données opérationnelles,base de donnees operationnelles,alt,fr,ESCO
SKL_b746f67748e4,skill,donner des conseils sur la gestion de risques de sécurité,donner des conseils sur la gestion de risques de securite,preferred,fr,ESCO
SKL_ffc885172f88,skill,utiliser des systèmes d’appui à la décision,utiliser des systemes d'appui a la decision,preferred,fr,ESCO
SKL_2826cd7b523c,skill,théorie des systèmes,theorie des systemes,preferred,fr,ESCO
SKL_3cbcca60d860,skill,suivre les tendances technologiques,suivre les tendances technologiques,preferred,fr,ESCO
SKL_80db029523ac,skill,mettre en œuvre des constructions cryptographiques,mettre en oeuvre des constructions cryptographiques,preferred,fr,ESCO
SKL_80db029523ac,skill,développer des constructions cryptographiques,developper des constructions cryptographiques,alt,fr,ESCO
SKL_12fcd896a282,skill,numérisation,numerisation,preferred,fr,ESCO
SKL_12fcd896a282,skill,habilitation numérique,habilitation numerique,alt,fr,ESCO
SKL_efc2d1a5ed07,skill,assurer le respect des normes TIC en matière d’organisation,assurer le respect des normes tic en matiere d'organisation,preferred,fr,ESCO
SKL_06efd7af6dfc,skill,gérer un processus informatisé de demande de modifications,gerer un processus informatise de demande de modifications,preferred,fr,ESCO
SKL_00199bcd086f,skill,techniques de modération en ligne,techniques de moderation en ligne,preferred,fr,ESCO
SKL_8a3ed198aa24,skill,maintenir la configuration IP,maintenir la configuration ip,preferred,fr,ESCO
SKL_8a3ed198aa24,skill,appliquer la configuration IP,appliquer la configuration ip,alt,fr,ESCO
SKL_8a3ed198aa24,skill,gérer la configuration IP,gerer la configuration ip,alt,fr,ESCO
SKL_8a3ed198aa24,skill,maintenir la configuration TCP/IP,maintenir la configuration tcp/ip,alt,fr,ESCO
SKL_8a3ed198aa24,skill,maintenir la configuration du protocole internet,maintenir la configuration du protocole internet,alt,fr,ESCO
SKL_8a3ed198aa24,skill,maintenir la configuration TCP,maintenir la configuration tcp,alt,fr,ESCO
SKL_5db78f591cba,skill,lire des plans standard,lire des plans standard,preferred,fr,ESCO
SKL_c74243986bea,skill,intégrer des données TIC,integrer des donnees tic,preferred,fr,ESCO
SKL_d62e22da07a7,skill,modélisation 3D,modelisation 3d,preferred,fr,ESCO
SKL_65a88136df69,skill,déterminer les faiblesses d’un système TIC,determiner les faiblesses d'un systeme tic,preferred,fr,ESCO
SKL_a2aeab830409,skill,catégories de jeux numériques,categories de jeux numeriques,preferred,fr,ESCO
SKL_a2aeab830409,skill,types de gameplay,types de gameplay,alt,fr,ESCO
SKL_a2aeab830409,skill,catégorie de jeux numériques,categorie de jeux numeriques,alt,fr,ESCO
SKL_a2aeab830409,skill,genres de jeu numériques,genres de jeu numeriques,alt,fr,ESCO
SKL_a2aeab830409,skill,catégories de jeux vidéo,categories de jeux video,alt,fr,ESCO
SKL_a2aeab830409,skill,mécanique de jeu vidéo,mecanique de jeu video,alt,fr,ESCO
SKL_a2aeab830409,skill,types de jeu vidéo,types de jeu video,alt,fr,ESCO
SKL_a2aeab830409,skill,typologie des jeux vidéo,typologie des jeux video,alt,fr,ESCO
SKL_21b88a75c61d,skill,THC Hydra,thc hydra,preferred,fr,ESCO
SKL_aa5317f0efb0,skill,Metasploit,metasploit,preferred,fr,ESCO
SKL_666b1c906f94,skill,innover dans les TIC,innover dans les tic,preferred,fr,ESCO
SKL_f9a3c3ad2595,skill,recueillir les commentaires des clients sur des applications,recueillir les commentaires des clients sur des applications,preferred,fr,ESCO
SKL_f9a3c3ad2595,skill,recueillir les réactions des clients sur des applications,recueillir les reactions des clients sur des applications,alt,fr,ESCO
SKL_f9a3c3ad2595,skill,recueillir le feedback des clients sur des applications,recueillir le feedback des clients sur des applications,alt,fr,ESCO
SKL_f9a3c3ad2595,skill,recueillir les remarques des clients sur des applications,recueillir les remarques des clients sur des applications,alt,fr,ESCO
SKL_f9a3c3ad2595,skill,recueillir les retours des clients sur des applications,recueillir les retours des clients sur des applications,alt,fr,ESCO
SKL_f9a3c3ad2595,skill,analyser les intérêts du consommateur,analyser les interets du consommateur,alt,fr,ESCO
SKL_f9a3c3ad2595,skill,recueillir l’opinion des clients sur des applications,recueillir l'opinion des clients sur des applications,alt,fr,ESCO
SKL_f9a3c3ad2595,skill,recueillir les avis des clients sur des applications,recueillir les avis des clients sur des applications,alt,fr,ESCO
SKL_e0406f8bed59,skill,fournir des conseils en TIC,fournir des conseils en tic,preferred,fr,ESCO
SKL_e0406f8bed59,skill,dispenser des conseils en TIC,dispenser des conseils en tic,alt,fr,ESCO
SKL_e0406f8bed59,skill,prodiguer des conseils en TIC,prodiguer des conseils en tic,alt,fr,ESCO
SKL_e0406f8bed59,skill,proposer des services de consultation en TIC,proposer des services de consultation en tic,alt,fr,ESCO
SKL_e0406f8bed59,skill,fournir des services de consultation en TIC,fournir des services de consultation en tic,alt,fr,ESCO
SKL_e3225d92f6fd,skill,utiliser des outils technologiques pour des enquêtes de police scientifique,utiliser des outils technologiques pour des enquetes de police scientifique,preferred,fr,ESCO
SKL_2910ef285ce6,skill,plateformes de chaînes de blocs,plateformes de chaines de blocs,preferred,fr,ESCO
SKL_b9a5a3d980ee,skill,mise en place d’un système de gestion de la sécurité de l’information,mise en place d'un systeme de gestion de la securite de l'information,preferred,fr,ESCO
SKL_b9a5a3d980ee,skill,surveiller un ISMS,surveiller un isms,alt,fr,ESCO
SKL_b9a5a3d980ee,skill,mettre en œuvre un système de gestion de la sécurité de l'information,mettre en oeuvre un systeme de gestion de la securite de l'information,alt,fr,ESCO
SKL_b9a5a3d980ee,skill,mettre en œuvre un SMSI,mettre en oeuvre un smsi,alt,fr,ESCO
SKL_b9a5a3d980ee,skill,appliquer un SMSI,appliquer un smsi,alt,fr,ESCO
SKL_b9a5a3d980ee,skill,surveiller un SMSI,surveiller un smsi,alt,fr,ESCO
SKL_b9a5a3d980ee,skill,définir un SMSI,definir un smsi,alt,fr,ESCO
SKL_b9a5a3d980ee,skill,définir un système de gestion de la sécurité de l'information,definir un systeme de gestion de la securite de l'information,alt,fr,ESCO
SKL_b9a5a3d980ee,skill,appliquer un système de gestion de la sécurité de l'information,appliquer un systeme de gestion de la securite de l'information,alt,fr,ESCO
SKL_b9a5a3d980ee,skill,surveiller un système de gestion de la sécurité de l'information,surveiller un systeme de gestion de la securite de l'information,alt,fr,ESCO
SKL_7942392b4802,skill,utiliser des manuels de réparation,utiliser des manuels de reparation,preferred,fr,ESCO
SKL_7942392b4802,skill,utiliser les manuels de réparation,utiliser les manuels de reparation,alt,fr,ESCO
SKL_7942392b4802,skill,interpréter des manuels de réparation,interpreter des manuels de reparation,alt,fr,ESCO
SKL_7942392b4802,skill,comprendre des manuels la réparation,comprendre des manuels la reparation,alt,fr,ESCO
SKL_7942392b4802,skill,suivre des manuels de réparation,suivre des manuels de reparation,alt,fr,ESCO
SKL_7942392b4802,skill,utiliser un manuel de réparation,utiliser un manuel de reparation,alt,fr,ESCO
SKL_7942392b4802,skill,respecter des manuels de réparation,respecter des manuels de reparation,alt,fr,ESCO
SKL_38d8f380447f,skill,ingénierie des réseaux,ingenierie des reseaux,preferred,fr,ESCO
SKL_38d8f380447f,skill,architecture réseau,architecture reseau,alt,fr,ESCO
SKL_38d8f380447f,skill,architecture de réseau,architecture de reseau,alt,fr,ESCO
SKL_ad5527904d9f,skill,SAS language,sas language,preferred,fr,ESCO
SKL_1e5d6fd05d45,skill,prévoir la charge de travail,prevoir la charge de travail,preferred,fr,ESCO
SKL_36d64273ebbf,skill,algorithmisation des tâches,algorithmisation des taches,preferred,fr,ESCO
SKL_07409ae8fbfd,skill,planifier des stratégies de marketing numérique,planifier des strategies de marketing numerique,preferred,fr,ESCO
SKL_07409ae8fbfd,skill,planifier les stratégies opérationnelles de marketing numérique,planifier les strategies operationnelles de marketing numerique,alt,fr,ESCO
SKL_07409ae8fbfd,skill,programmer les stratégies de marketing numérique,programmer les strategies de marketing numerique,alt,fr,ESCO
SKL_ad19fd262b6d,skill,prendre des décisions commerciales stratégiques,prendre des decisions commerciales strategiques,preferred,fr,ESCO
SKL_431affbbd0fa,skill,modèles de données,modeles de donnees,preferred,fr,ESCO
SKL_69701380f3af,skill,normes de construction écologique,normes de construction ecologique,preferred,fr,ESCO
SKL_69701380f3af,skill,normes de construction durable,normes de construction durable,alt,fr,ESCO
SKL_69701380f3af,skill,directives de construction écologique,directives de construction ecologique,alt,fr,ESCO
SKL_69701380f3af,skill,codes de construction éconergétiques,codes de construction econergetiques,alt,fr,ESCO
SKL_69701380f3af,skill,lignes directrices sur la construction verte,lignes directrices sur la construction verte,alt,fr,ESCO
SKL_69701380f3af,skill,normes de construction durables,normes de construction durables,alt,fr,ESCO
SKL_69701380f3af,skill,codes du bâtiment économes en énergie,codes du batiment economes en energie,alt,fr,ESCO
SKL_416a1accd749,skill,créer des modèles de processus d’entreprise,creer des modeles de processus d'entreprise,preferred,fr,ESCO
SKL_f6160802c9d7,skill,exécuter les procédures de passation de marchés,executer les procedures de passation de marches,preferred,fr,ESCO
SKL_89a64e81ab72,skill,stratégie de marketing de contenu,strategie de marketing de contenu,preferred,fr,ESCO
SKL_f20abbe40df9,skill,sécurité des TIC,securite des tic,preferred,fr,ESCO
SKL_f20abbe40df9,skill,sécurité des technologies de l'information et de la communication,securite des technologies de l'information et de la communication,alt,fr,ESCO
SKL_89abbdc9344e,skill,maintenir la sécurité d’une base de données,maintenir la securite d'une base de donnees,preferred,fr,ESCO
SKL_e0b7c20ad2a2,skill,stocker des données et des systèmes numériques,stocker des donnees et des systemes numeriques,preferred,fr,ESCO
SKL_362baba5cb5a,skill,procédures normalisées de défense,procedures normalisees de defense,preferred,fr,ESCO
SKL_5846d47024c9,skill,COBOL,cobol,preferred,fr,ESCO
SKL_0bdc80704838,skill,développer des architectures innovantes dans le domaine de la technologie de la blockchain,developper des architectures innovantes dans le domaine de la technologie de la blockchain,preferred,fr,ESCO
SKL_0bdc80704838,skill,construire des architectures blockchain innovantes,construire des architectures blockchain innovantes,alt,fr,ESCO
SKL_cf37addf3a96,skill,rédiger des rapports d’incidents,rediger des rapports d'incidents,preferred,fr,ESCO
SKL_5225b3223466,skill,coopérer avec des collègues,cooperer avec des collegues,preferred,fr,ESCO
SKL_b4e0aa885868,skill,Synfig,synfig,preferred,fr,ESCO
SKL_d98dfddbd8e1,skill,collecter des données à des fins médico-légales,collecter des donnees a des fins medico-legales,preferred,fr,ESCO
SKL_7b5a3024eeeb,skill,gérer les métadonnées de contenu,gerer les metadonnees de contenu,preferred,fr,ESCO
SKL_7b5a3024eeeb,skill,gérer les métadonnées,gerer les metadonnees,alt,fr,ESCO
SKL_7b5a3024eeeb,skill,administrer les métadonnées de contenu,administrer les metadonnees de contenu,alt,fr,ESCO
SKL_7b5a3024eeeb,skill,gérer les métadonnées associées aux contenus,gerer les metadonnees associees aux contenus,alt,fr,ESCO
SKL_7b5a3024eeeb,skill,appliquer des méthodes de gestion de contenu,appliquer des methodes de gestion de contenu,alt,fr,ESCO
SKL_7b5a3024eeeb,skill,contrôler les métadonnées de contenu,controler les metadonnees de contenu,alt,fr,ESCO
SKL_f471c50579ee,skill,procédés d'une entreprise,procedes d'une entreprise,preferred,fr,ESCO
SKL_4dd74973e17f,skill,gérer des contrats,gerer des contrats,preferred,fr,ESCO
SKL_f928dfa37ee7,skill,créer un prototype de solution en matière d’expérience utilisateur,creer un prototype de solution en matiere d'experience utilisateur,preferred,fr,ESCO
SKL_f928dfa37ee7,skill,créer un prototype de solution basée sur l’expérience utilisateur,creer un prototype de solution basee sur l'experience utilisateur,alt,fr,ESCO
SKL_f928dfa37ee7,skill,créer un prototype de solution en matière d’UX,creer un prototype de solution en matiere d'ux,alt,fr,ESCO
SKL_f928dfa37ee7,skill,concevoir un prototype de solution en matière d’UX,concevoir un prototype de solution en matiere d'ux,alt,fr,ESCO
SKL_f928dfa37ee7,skill,concevoir un prototype de solution en matière d’expérience utilisateur,concevoir un prototype de solution en matiere d'experience utilisateur,alt,fr,ESCO
SKL_f928dfa37ee7,skill,UX,ux,alt,fr,ESCO
SKL_224770e9399c,skill,Swift (programmation informatique),swift (programmation informatique),preferred,fr,ESCO
SKL_c6ec40ea85b9,skill,méthodes d’analyse de la performance des TIC,methodes d'analyse de la performance des tic,preferred,fr,ESCO
SKL_c6ec40ea85b9,skill,méthodes d’analyse de l’activité des TIC,methodes d'analyse de l'activite des tic,alt,fr,ESCO
SKL_c6ec40ea85b9,skill,méthodes d’évaluation de l’activité des TIC,methodes d'evaluation de l'activite des tic,alt,fr,ESCO
SKL_c6ec40ea85b9,skill,évaluation de la performance,evaluation de la performance,alt,fr,ESCO
SKL_c6ec40ea85b9,skill,techniques d’analyse de la performance,techniques d'analyse de la performance,alt,fr,ESCO
SKL_c6ec40ea85b9,skill,méthodes d’analyse des performances des TIC,methodes d'analyse des performances des tic,alt,fr,ESCO
SKL_c6ec40ea85b9,skill,méthodes d’évaluation des performances des TIC,methodes d'evaluation des performances des tic,alt,fr,ESCO
SKL_91a3e0a560f7,skill,utiliser la programmation automatique,utiliser la programmation automatique,preferred,fr,ESCO
SKL_91a3e0a560f7,skill,utiliser un atelier de génie logiciel,utiliser un atelier de genie logiciel,alt,fr,ESCO
SKL_91a3e0a560f7,skill,utiliser un AGL,utiliser un agl,alt,fr,ESCO
SKL_91a3e0a560f7,skill,utiliser la programmation graphique,utiliser la programmation graphique,alt,fr,ESCO
SKL_91a3e0a560f7,skill,utiliser la programmation visuelle,utiliser la programmation visuelle,alt,fr,ESCO
SKL_91a3e0a560f7,skill,utiliser des outils CASE,utiliser des outils case,alt,fr,ESCO
SKL_f102b758f503,skill,mécanismes de consensus dans la chaîne de blocs,mecanismes de consensus dans la chaine de blocs,preferred,fr,ESCO
SKL_701fcbf5fa2c,skill,effectuer un contrôle de la qualité du contenu,effectuer un controle de la qualite du contenu,preferred,fr,ESCO
SKL_4adb0a2106db,skill,effectuer des tests système,effectuer des tests systeme,preferred,fr,ESCO
SKL_a64f321f488f,skill,fournir une présentation visuelle des données,fournir une presentation visuelle des donnees,preferred,fr,ESCO
SKL_a64f321f488f,skill,élaborer une présentation visuelle des données,elaborer une presentation visuelle des donnees,alt,fr,ESCO
SKL_a64f321f488f,skill,offrir une présentation visuelle des données,offrir une presentation visuelle des donnees,alt,fr,ESCO
SKL_a64f321f488f,skill,créer la visualisation des données,creer la visualisation des donnees,alt,fr,ESCO
SKL_a64f321f488f,skill,créer une présentation visuelle des données,creer une presentation visuelle des donnees,alt,fr,ESCO
SKL_a64f321f488f,skill,réaliser une présentation visuelle des données,realiser une presentation visuelle des donnees,alt,fr,ESCO
SKL_a64f321f488f,skill,composer une présentation visuelle des données,composer une presentation visuelle des donnees,alt,fr,ESCO
SKL_31172f1d0747,skill,tenir des registres de travaux,tenir des registres de travaux,preferred,fr,ESCO
SKL_9530b497844a,skill,développer un prototype de logiciel,developper un prototype de logiciel,preferred,fr,ESCO
SKL_9530b497844a,skill,développer un logiciel prototype,developper un logiciel prototype,alt,fr,ESCO
SKL_9530b497844a,skill,développer des prototypes de logiciels,developper des prototypes de logiciels,alt,fr,ESCO
SKL_9530b497844a,skill,construire un prototype de logiciel,construire un prototype de logiciel,alt,fr,ESCO
SKL_9530b497844a,skill,créer un prototype de logiciel,creer un prototype de logiciel,alt,fr,ESCO
SKL_9530b497844a,skill,concevoir un prototype de logiciel,concevoir un prototype de logiciel,alt,fr,ESCO
SKL_9530b497844a,skill,développer un logiciel de mockup,developper un logiciel de mockup,alt,fr,ESCO
SKL_96bddabc0367,skill,respecter des lignes directrices d’organisation d’une entreprise,respecter des lignes directrices d'organisation d'une entreprise,preferred,fr,ESCO
SKL_be15098358f4,skill,utiliser des outils de sauvegarde et de récupération,utiliser des outils de sauvegarde et de recuperation,preferred,fr,ESCO
SKL_2fd8c5a27951,skill,mobile marketing,mobile marketing,preferred,fr,ESCO
SKL_0af13c576273,skill,BlackBerry,blackberry,preferred,fr,ESCO
SKL_0af13c576273,skill,Research In Motion BlackBerry,research in motion blackberry,alt,fr,ESCO
SKL_0af13c576273,skill,RIM BlackBerry,rim blackberry,alt,fr,ESCO
SKL_0af13c576273,skill,CrackBerry,crackberry,alt,fr,ESCO
SKL_0ae8aa439cc1,skill,modélisation de processus d’entreprise,modelisation de processus d'entreprise,preferred,fr,ESCO
SKL_0ae8aa439cc1,skill,UML,uml,alt,fr,ESCO
SKL_0ae8aa439cc1,skill,optimisation de processus d’entreprise,optimisation de processus d'entreprise,alt,fr,ESCO
SKL_0ae8aa439cc1,skill,processus d’entreprise,processus d'entreprise,alt,fr,ESCO
SKL_0ae8aa439cc1,skill,CPE,cpe,alt,fr,ESCO
SKL_0ae8aa439cc1,skill,modélisation de processus,modelisation de processus,alt,fr,ESCO
SKL_0ae8aa439cc1,skill,BPMN,bpmn,alt,fr,ESCO
SKL_0ae8aa439cc1,skill,BPM,bpm,alt,fr,ESCO
SKL_0cac93234618,skill,coordonner des équipes d’ingénieurs,coordonner des equipes d'ingenieurs,preferred,fr,ESCO
SKL_9934062c5886,skill,utiliser des systèmes d’ingénierie assistés par ordinateur,utiliser des systemes d'ingenierie assistes par ordinateur,preferred,fr,ESCO
SKL_9f1382e6691b,skill,gérer la conformité en matière de sécurité des TIC,gerer la conformite en matiere de securite des tic,preferred,fr,ESCO
SKL_ba3fb6052878,skill,collecter les données,collecter les donnees,preferred,fr,ESCO
SKL_185b1ce4d13f,skill,langages de requête,langages de requete,preferred,fr,ESCO
SKL_185b1ce4d13f,skill,SuprTool,suprtool,hidden,fr,ESCO
SKL_185b1ce4d13f,skill,RDQL,rdql,hidden,fr,ESCO
SKL_185b1ce4d13f,skill,SPL,spl,hidden,fr,ESCO
SKL_185b1ce4d13f,skill,FQL,fql,hidden,fr,ESCO
SKL_185b1ce4d13f,skill,ISBL,isbl,hidden,fr,ESCO
SKL_185b1ce4d13f,skill,Poliqarp,poliqarp,hidden,fr,ESCO
SKL_185b1ce4d13f,skill,Datalog,datalog,hidden,fr,ESCO
SKL_185b1ce4d13f,skill,F-logic,f-logic,hidden,fr,ESCO
SKL_185b1ce4d13f,skill,CQLF,cqlf,hidden,fr,ESCO
SKL_185b1ce4d13f,skill,XSPARQL,xsparql,hidden,fr,ESCO
SKL_185b1ce4d13f,skill,QUEL,quel,hidden,fr,ESCO
SKL_185b1ce4d13f,skill,TMQL,tmql,hidden,fr,ESCO
SKL_185b1ce4d13f,skill,HTSQL,htsql,hidden,fr,ESCO
SKL_185b1ce4d13f,skill,DMX,dmx,hidden,fr,ESCO
SKL_185b1ce4d13f,skill,YQL,yql,hidden,fr,ESCO
SKL_185b1ce4d13f,skill,MQL,mql,hidden,fr,ESCO
SKL_185b1ce4d13f,skill,OCL,ocl,hidden,fr,ESCO
SKL_185b1ce4d13f,skill,OQL,oql,hidden,fr,ESCO
SKL_185b1ce4d13f,skill,XPath,xpath,hidden,fr,ESCO
SKL_185b1ce4d13f,skill,.QL,.ql,hidden,fr,ESCO
SKL_185b1ce4d13f,skill,ReQL,reql,hidden,fr,ESCO
SKL_185b1ce4d13f,skill,Concept-Oriented,concept-oriented,hidden,fr,ESCO
SKL_185b1ce4d13f,skill,"OttoQL,","ottoql,",hidden,fr,ESCO
SKL_185b1ce4d13f,skill,"OPath,","opath,",hidden,fr,ESCO
SKL_185b1ce4d13f,skill,Gellish,gellish,hidden,fr,ESCO
SKL_6a468ac789e8,skill,méthodes d’assurance qualité,methodes d'assurance qualite,preferred,fr,ESCO
SKL_6a468ac789e8,skill,méthodes de contrôle de la qualité,methodes de controle de la qualite,alt,fr,ESCO
SKL_12d7df7cd8f5,skill,installer des répéteurs de signal,installer des repeteurs de signal,preferred,fr,ESCO
SKL_12d7df7cd8f5,skill,installer des amplificateurs de signal,installer des amplificateurs de signal,alt,fr,ESCO
SKL_12d7df7cd8f5,skill,installer des répéteurs sans-fil,installer des repeteurs sans-fil,alt,fr,ESCO
SKL_12d7df7cd8f5,skill,installer un prolongateur de portée,installer un prolongateur de portee,alt,fr,ESCO
SKL_12d7df7cd8f5,skill,installer des amplificateurs et des répéteurs,installer des amplificateurs et des repeteurs,alt,fr,ESCO
SKL_12d7df7cd8f5,skill,installer un répéteur de signal,installer un repeteur de signal,alt,fr,ESCO
SKL_12d7df7cd8f5,skill,installer un répéteur de signal Wi-Fi,installer un repeteur de signal wi-fi,alt,fr,ESCO
SKL_c4334e388dc0,skill,Eclipse (environnement de développement intégré),eclipse (environnement de developpement integre),preferred,fr,ESCO
SKL_5858f8aaf75f,skill,stratégies d’organisation,strategies d'organisation,preferred,fr,ESCO
SKL_f4b0d96998e6,skill,technologies économes en ressources,technologies economes en ressources,preferred,fr,ESCO
SKL_f4b0d96998e6,skill,efficacité des ressources,efficacite des ressources,alt,fr,ESCO
SKL_f4b0d96998e6,skill,utilisation efficace des ressources,utilisation efficace des ressources,alt,fr,ESCO
SKL_a056c33cbcd4,skill,intégrer les composants d’un système,integrer les composants d'un systeme,preferred,fr,ESCO
SKL_e2f90c02665d,skill,élaborer des contenus numériques,elaborer des contenus numeriques,preferred,fr,ESCO
SKL_f5f12231001c,skill,entrepôt de données,entrepot de donnees,preferred,fr,ESCO
SKL_f5f12231001c,skill,data warehouse,data warehouse,alt,fr,ESCO
SKL_5f4ddd24afc2,skill,coordonner des activités technologiques,coordonner des activites technologiques,preferred,fr,ESCO
SKL_5f4ddd24afc2,skill,coordonner les activités technologiques,coordonner les activites technologiques,alt,fr,ESCO
SKL_5f4ddd24afc2,skill,coordonner les activités informatiques,coordonner les activites informatiques,alt,fr,ESCO
SKL_52bb539de37f,skill,science des big data,science des big data,preferred,fr,ESCO
SKL_52bb539de37f,skill,science des données,science des donnees,alt,fr,ESCO
SKL_52bb539de37f,skill,processus de science des données,processus de science des donnees,alt,fr,ESCO
SKL_7b530497dcc8,skill,mettre en place des programmes de formation à la cybersécurité,mettre en place des programmes de formation a la cybersecurite,preferred,fr,ESCO
SKL_7b530497dcc8,skill,développer des formations en cybersécurité,developper des formations en cybersecurite,alt,fr,ESCO
SKL_7b530497dcc8,skill,dispenser des formations en cybersécurité,dispenser des formations en cybersecurite,alt,fr,ESCO
SKL_7b530497dcc8,skill,dispenser une formation en matière de cybersécurité,dispenser une formation en matiere de cybersecurite,alt,fr,ESCO
SKL_7b530497dcc8,skill,concevoir une formation en cybersécurité,concevoir une formation en cybersecurite,alt,fr,ESCO
SKL_7b530497dcc8,skill,développer la formation à la cybersécurité,developper la formation a la cybersecurite,alt,fr,ESCO
SKL_7b530497dcc8,skill,concevoir des formations en cybersécurité,concevoir des formations en cybersecurite,alt,fr,ESCO
SKL_96a1e6b4ee57,skill,médias interactifs,medias interactifs,preferred,fr,ESCO
SKL_96a1e6b4ee57,skill,multimédia interactif,multimedia interactif,alt,fr,ESCO
SKL_dcb2d53be420,skill,Oracle Warehouse Builder,oracle warehouse builder,preferred,fr,ESCO
SKL_da645c224c86,skill,utiliser de la documentation technique,utiliser de la documentation technique,preferred,fr,ESCO
SKL_beee3bf73849,skill,mots-clés dans du contenu numérique,mots-cles dans du contenu numerique,preferred,fr,ESCO
SKL_a2eb07d964f7,skill,ObjectStore,objectstore,preferred,fr,ESCO
SKL_ab0615922027,skill,risques de sécurité des réseaux de TIC,risques de securite des reseaux de tic,preferred,fr,ESCO
SKL_ac3d1669004c,skill,définir la structure physique de la base de données,definir la structure physique de la base de donnees,preferred,fr,ESCO
SKL_ac3d1669004c,skill,constituer la structure physique de la base de données,constituer la structure physique de la base de donnees,alt,fr,ESCO
SKL_ac3d1669004c,skill,construire l’architecture d’une base de données,construire l'architecture d'une base de donnees,alt,fr,ESCO
SKL_ac3d1669004c,skill,définir la structure de stockage physique de la base de données,definir la structure de stockage physique de la base de donnees,alt,fr,ESCO
SKL_ac3d1669004c,skill,bâtir l’architecture d’une base de données,batir l'architecture d'une base de donnees,alt,fr,ESCO
SKL_ac3d1669004c,skill,organiser les données,organiser les donnees,alt,fr,ESCO
SKL_ac3d1669004c,skill,définir la structure logique de la base de données,definir la structure logique de la base de donnees,alt,fr,ESCO
SKL_f24b2d743df5,skill,utiliser des langages de requête,utiliser des langages de requete,preferred,fr,ESCO
SKL_232fd42823e2,skill,modèle en code source ouverte,modele en code source ouverte,preferred,fr,ESCO
SKL_232fd42823e2,skill,modèle «open source»,modele open source,alt,fr,ESCO
SKL_e003d365f569,skill,conservation numérique,conservation numerique,preferred,fr,ESCO
SKL_e003d365f569,skill,conservation de la recherche numérique,conservation de la recherche numerique,alt,fr,ESCO
SKL_e003d365f569,skill,curation de la recherche numérique,curation de la recherche numerique,alt,fr,ESCO
SKL_598b19e5beee,skill,statistiques,statistiques,preferred,fr,ESCO
SKL_39001d5b3aea,skill,proposer des solutions TIC aux problèmes des entreprises,proposer des solutions tic aux problemes des entreprises,preferred,fr,ESCO
SKL_39001d5b3aea,skill,proposer des solutions TIC aux problèmes rencontrés par les entreprises,proposer des solutions tic aux problemes rencontres par les entreprises,alt,fr,ESCO
SKL_39001d5b3aea,skill,offrir des solutions TIC aux problèmes des entreprises,offrir des solutions tic aux problemes des entreprises,alt,fr,ESCO
SKL_39001d5b3aea,skill,proposer des solutions TIC aux problèmes commerciaux,proposer des solutions tic aux problemes commerciaux,alt,fr,ESCO
SKL_39001d5b3aea,skill,apporter des solutions aux problèmes des entreprises,apporter des solutions aux problemes des entreprises,alt,fr,ESCO
SKL_39001d5b3aea,skill,proposer des solutions techniques aux problèmes des entreprises,proposer des solutions techniques aux problemes des entreprises,alt,fr,ESCO
SKL_cdbdc2d82920,skill,créer des traitements de données,creer des traitements de donnees,preferred,fr,ESCO
SKL_cdbdc2d82920,skill,mettre en place des traitements de données,mettre en place des traitements de donnees,alt,fr,ESCO
SKL_cdbdc2d82920,skill,mettre au point des traitements de données,mettre au point des traitements de donnees,alt,fr,ESCO
SKL_cdbdc2d82920,skill,établir des traitements de données,etablir des traitements de donnees,alt,fr,ESCO
SKL_cdbdc2d82920,skill,concevoir des traitements de données,concevoir des traitements de donnees,alt,fr,ESCO
SKL_cdbdc2d82920,skill,développer des traitements de données,developper des traitements de donnees,alt,fr,ESCO
SKL_cdbdc2d82920,skill,gérer des traitements de données,gerer des traitements de donnees,alt,fr,ESCO
SKL_edbffb865bc9,skill,gestion de projets,gestion de projets,preferred,fr,ESCO
SKL_edbffb865bc9,skill,gestion de programmes,gestion de programmes,alt,fr,ESCO
SKL_edbffb865bc9,skill,principes de gestion du programme,principes de gestion du programme,alt,fr,ESCO
SKL_edbffb865bc9,skill,fondamentaux de la gestion des programmes,fondamentaux de la gestion des programmes,alt,fr,ESCO
SKL_edbffb865bc9,skill,principes de gestion de projet,principes de gestion de projet,alt,fr,ESCO
SKL_edbffb865bc9,skill,activités de gestion de projet,activites de gestion de projet,alt,fr,ESCO
SKL_edbffb865bc9,skill,activités de gestion du programme,activites de gestion du programme,alt,fr,ESCO
SKL_edbffb865bc9,skill,gestion du programme,gestion du programme,alt,fr,ESCO
SKL_edbffb865bc9,skill,fondamentaux de la gestion de projet,fondamentaux de la gestion de projet,alt,fr,ESCO
SKL_ea10cec2af3a,skill,fournir du contenu écrit,fournir du contenu ecrit,preferred,fr,ESCO
SKL_ea10cec2af3a,skill,fournir du texte écrit,fournir du texte ecrit,alt,fr,ESCO
SKL_ea10cec2af3a,skill,mettre à disposition du contenu écrit,mettre a disposition du contenu ecrit,alt,fr,ESCO
SKL_ea10cec2af3a,skill,fournir du contenu rédigé professionnellement,fournir du contenu redige professionnellement,alt,fr,ESCO
SKL_ea10cec2af3a,skill,rédiger du contenu écrit,rediger du contenu ecrit,alt,fr,ESCO
SKL_ea10cec2af3a,skill,offrir du contenu écrit,offrir du contenu ecrit,alt,fr,ESCO
SKL_ea10cec2af3a,skill,proposer du contenu écrit,proposer du contenu ecrit,alt,fr,ESCO
SKL_3689a79bb281,skill,fournisseurs de composants matériels,fournisseurs de composants materiels,preferred,fr,ESCO
SKL_53fbbdc90e13,skill,méthode de gestion de projets procédurale,methode de gestion de projets procedurale,preferred,fr,ESCO
SKL_53fbbdc90e13,skill,gestion fondée sur des procédures,gestion fondee sur des procedures,alt,fr,ESCO
SKL_53fbbdc90e13,skill,gestion basée sur les processus,gestion basee sur les processus,alt,fr,ESCO
SKL_26feceb26c81,skill,réaliser une étude de marché,realiser une etude de marche,preferred,fr,ESCO
SKL_2bc91d00f4a3,skill,effectuer des tests de sécurité des TIC,effectuer des tests de securite des tic,preferred,fr,ESCO
SKL_44c7b9983210,skill,communiquer des résultats scientifiques,communiquer des resultats scientifiques,preferred,fr,ESCO
SKL_5bed2e74daf6,skill,techniques de récupération des données,techniques de recuperation des donnees,preferred,fr,ESCO
SKL_4f9e7caf5aed,skill,méthodes de consultation,methodes de consultation,preferred,fr,ESCO
SKL_87e726dfb63f,skill,gérer les conséquences de l’obsolescence des TIC,gerer les consequences de l'obsolescence des tic,preferred,fr,ESCO
SKL_87e726dfb63f,skill,gérer les effets de l’obsolescence des TIC,gerer les effets de l'obsolescence des tic,alt,fr,ESCO
SKL_87e726dfb63f,skill,traiter les conséquences de l’obsolescence des TIC,traiter les consequences de l'obsolescence des tic,alt,fr,ESCO
SKL_87e726dfb63f,skill,gérer l’incidence de l’obsolescence des TIC,gerer l'incidence de l'obsolescence des tic,alt,fr,ESCO
SKL_87e726dfb63f,skill,faire face aux conséquences de l’obsolescence des TIC,faire face aux consequences de l'obsolescence des tic,alt,fr,ESCO
SKL_87e726dfb63f,skill,contrôler les conséquences de l’obsolescence des TIC,controler les consequences de l'obsolescence des tic,alt,fr,ESCO
SKL_87e726dfb63f,skill,aborder les conséquences de l’obsolescence des TIC,aborder les consequences de l'obsolescence des tic,alt,fr,ESCO
SKL_eed64f813250,skill,fournir la documentation utilisateur,fournir la documentation utilisateur,preferred,fr,ESCO
SKL_1e9e1aed4fe4,skill,principes de sécurité des données,principes de securite des donnees,preferred,fr,ESCO
SKL_1e9e1aed4fe4,skill,principes de sécurité de l'information,principes de securite de l'information,alt,fr,ESCO
SKL_1e9e1aed4fe4,skill,méthodes de sécurité des données,methodes de securite des donnees,alt,fr,ESCO
SKL_53715a6035cb,skill,appliquer les politiques d’une entreprise,appliquer les politiques d'une entreprise,preferred,fr,ESCO
SKL_3f8f40bf38e2,skill,gérer un projet d'ingénierie,gerer un projet d'ingenierie,preferred,fr,ESCO
SKL_81f91dce66e4,skill,prendre des décisions fondées sur les données,prendre des decisions fondees sur les donnees,preferred,fr,ESCO
SKL_81f91dce66e4,skill,prendre des décisions basées sur des données,prendre des decisions basees sur des donnees,alt,fr,ESCO
SKL_81f91dce66e4,skill,prendre des décisions sur la base de données,prendre des decisions sur la base de donnees,alt,fr,ESCO
SKL_e4518a5681c9,skill,résoudre des incidents liés à l’informatique en nuage,resoudre des incidents lies a l'informatique en nuage,preferred,fr,ESCO
SKL_e165ed88641f,skill,gérer un plan de continuité des opérations,gerer un plan de continuite des operations,preferred,fr,ESCO
SKL_2bf7432b2d4b,skill,Microsoft Access,microsoft access,preferred,fr,ESCO
SKL_c6719c43f07e,skill,fixer des objectifs d’assurance qualité,fixer des objectifs d'assurance qualite,preferred,fr,ESCO
SKL_c6719c43f07e,skill,fixer des objectifs en matière d’assurance qualité,fixer des objectifs en matiere d'assurance qualite,alt,fr,ESCO
SKL_c6719c43f07e,skill,fixer des objectifs de contrôle de la qualité,fixer des objectifs de controle de la qualite,alt,fr,ESCO
SKL_c6719c43f07e,skill,fixer des objectifs AQ/CQ,fixer des objectifs aq/cq,alt,fr,ESCO
SKL_c6719c43f07e,skill,fixer des objectifs AQ,fixer des objectifs aq,alt,fr,ESCO
SKL_c6719c43f07e,skill,développer un cadre d’assurance qualité,developper un cadre d'assurance qualite,alt,fr,ESCO
SKL_c6719c43f07e,skill,fixer des objectifs d’assurance de la qualité et de contrôle de la qualité,fixer des objectifs d'assurance de la qualite et de controle de la qualite,alt,fr,ESCO
SKL_7e07fb258726,skill,méthodes d’investigation,methodes d'investigation,preferred,fr,ESCO
SKL_1719b2eb4004,skill,promouvoir l’engagement du public dans la recherche,promouvoir l'engagement du public dans la recherche,preferred,fr,ESCO
SKL_1c2989f1ddbd,skill,planifier les capacités TIC,planifier les capacites tic,preferred,fr,ESCO
SKL_379bf96d5682,skill,techniques d’interface,techniques d'interface,preferred,fr,ESCO
SKL_8948f132b19b,skill,intégrer du contenu à des médias de sortie,integrer du contenu a des medias de sortie,preferred,fr,ESCO
SKL_ab670ca70003,skill,évaluation de la sécurité des systèmes et produits informatiques,evaluation de la securite des systemes et produits informatiques,preferred,fr,ESCO
SKL_2116d3bf8e62,skill,gérer le programme de communication des données de vol,gerer le programme de communication des donnees de vol,preferred,fr,ESCO
SKL_a79209ee3045,skill,NoSQL,nosql,preferred,fr,ESCO
SKL_c9f64b378429,skill,installer un équipement de communications électroniques,installer un equipement de communications electroniques,preferred,fr,ESCO
SKL_65da6e3d5632,skill,outils d’extraction de transformation et de chargement,outils d'extraction de transformation et de chargement,preferred,fr,ESCO
SKL_65da6e3d5632,skill,extract  transform  load,extract transform load,alt,fr,ESCO
SKL_65da6e3d5632,skill,processus d’extraction  de transformation et de chargement,processus d'extraction de transformation et de chargement,alt,fr,ESCO
SKL_65da6e3d5632,skill,extracto-chargeur,extracto-chargeur,alt,fr,ESCO
SKL_65da6e3d5632,skill,ETL,etl,alt,fr,ESCO
SKL_65da6e3d5632,skill,outils d’extraction  de transformation et de chargement de données,outils d'extraction de transformation et de chargement de donnees,alt,fr,ESCO
SKL_65da6e3d5632,skill,datapumping,datapumping,alt,fr,ESCO
SKL_65da6e3d5632,skill,outils d’ETL,outils d'etl,alt,fr,ESCO
SKL_65da6e3d5632,skill,Data Migrator,data migrator,hidden,fr,ESCO
SKL_65da6e3d5632,skill,Open Text Integration Center,open text integration center,hidden,fr,ESCO
SKL_65da6e3d5632,skill,Sagent Data Flow,sagent data flow,hidden,fr,ESCO
SKL_65da6e3d5632,skill,Elixir Repertoire for Data ETL,elixir repertoire for data etl,hidden,fr,ESCO
SKL_65da6e3d5632,skill,Talend Studio for Data Integration,talend studio for data integration,hidden,fr,ESCO
SKL_65da6e3d5632,skill,PowerCenter Informatica,powercenter informatica,hidden,fr,ESCO
SKL_65da6e3d5632,skill,Syncsort DMX,syncsort dmx,hidden,fr,ESCO
SKL_65da6e3d5632,skill,Pervasive Data Integrator,pervasive data integrator,hidden,fr,ESCO
SKL_65da6e3d5632,skill,Relational Junction ETL Manager,relational junction etl manager,hidden,fr,ESCO
SKL_65da6e3d5632,skill,Adeptia Integration Server,adeptia integration server,hidden,fr,ESCO
SKL_65da6e3d5632,skill,Centerprise Data Integrator,centerprise data integrator,hidden,fr,ESCO
SKL_65da6e3d5632,skill,IBM Infosphere WarehoEdition,ibm infosphere warehoedition,hidden,fr,ESCO
SKL_65da6e3d5632,skill,CloverETL,cloveretl,hidden,fr,ESCO
SKL_65da6e3d5632,skill,Cognos Data Manager,cognos data manager,hidden,fr,ESCO
SKL_2621a1e8af59,skill,environnement de développement intégré,environnement de developpement integre,preferred,fr,ESCO
SKL_2621a1e8af59,skill,Eclipse,eclipse,alt,fr,ESCO
SKL_2621a1e8af59,skill,environnements de programmation,environnements de programmation,alt,fr,ESCO
SKL_2621a1e8af59,skill,environnements de développement logiciel,environnements de developpement logiciel,alt,fr,ESCO
SKL_2621a1e8af59,skill,EDI,edi,alt,fr,ESCO
SKL_2621a1e8af59,skill,outil de tests unitaires,outil de tests unitaires,alt,fr,ESCO
SKL_2621a1e8af59,skill,Visual Studio,visual studio,alt,fr,ESCO
SKL_2621a1e8af59,skill,développement logiciel,developpement logiciel,alt,fr,ESCO
SKL_2621a1e8af59,skill,Code::Blocks,code::blocks,hidden,fr,ESCO
SKL_2621a1e8af59,skill,Philasmicos Entwickler Studio,philasmicos entwickler studio,hidden,fr,ESCO
SKL_2621a1e8af59,skill,SPE,spe,hidden,fr,ESCO
SKL_2621a1e8af59,skill,Borland C++ Builder,borland c++ builder,hidden,fr,ESCO
SKL_2621a1e8af59,skill,Anjuta,anjuta,hidden,fr,ESCO
SKL_2621a1e8af59,skill,Zeus IDE,zeus ide,hidden,fr,ESCO
SKL_2621a1e8af59,skill,CodeLite,codelite,hidden,fr,ESCO
SKL_2621a1e8af59,skill,MinGW Developer Studio,mingw developer studio,hidden,fr,ESCO
SKL_2621a1e8af59,skill,wxHatch,wxhatch,hidden,fr,ESCO
SKL_2621a1e8af59,skill,VisualWX,visualwx,hidden,fr,ESCO
SKL_2621a1e8af59,skill,Dev-C++,dev-c++,hidden,fr,ESCO
SKL_2621a1e8af59,skill,NetBeans,netbeans,hidden,fr,ESCO
SKL_2621a1e8af59,skill,CodeForge,codeforge,hidden,fr,ESCO
SKL_2621a1e8af59,skill,DialogBlocks,dialogblocks,hidden,fr,ESCO
SKL_00bf18ce904e,skill,mettre en œuvre un système de reprise d’activité,mettre en oeuvre un systeme de reprise d'activite,preferred,fr,ESCO
SKL_00bf18ce904e,skill,gérer un plan de reprise d’activité,gerer un plan de reprise d'activite,alt,fr,ESCO
SKL_00bf18ce904e,skill,mettre en œuvre un plan de reprise d’activité,mettre en oeuvre un plan de reprise d'activite,alt,fr,ESCO
SKL_00bf18ce904e,skill,mettre en œuvre une politique de sécurité informatique,mettre en oeuvre une politique de securite informatique,alt,fr,ESCO
SKL_00bf18ce904e,skill,mettre en œuvre un PRA,mettre en oeuvre un pra,alt,fr,ESCO
SKL_00bf18ce904e,skill,créer un plan de reprise d’activité,creer un plan de reprise d'activite,alt,fr,ESCO
SKL_00bf18ce904e,skill,mettre en œuvre une stratégie des systèmes d’information,mettre en oeuvre une strategie des systemes d'information,alt,fr,ESCO
SKL_e54666219b27,skill,conseiller un client sur les possibilités techniques,conseiller un client sur les possibilites techniques,preferred,fr,ESCO
SKL_9c5bfe58b903,skill,WordPress,wordpress,preferred,fr,ESCO
SKL_7d2e0b1b6b4d,skill,souder de l’électronique,souder de l'electronique,preferred,fr,ESCO
SKL_7d2e0b1b6b4d,skill,utiliser des instruments de soudage,utiliser des instruments de soudage,alt,fr,ESCO
SKL_7d2e0b1b6b4d,skill,utiliser un pistolet de soudure,utiliser un pistolet de soudure,alt,fr,ESCO
SKL_7d2e0b1b6b4d,skill,utiliser un fer à souder,utiliser un fer a souder,alt,fr,ESCO
SKL_7d2e0b1b6b4d,skill,souder du matériel électronique,souder du materiel electronique,alt,fr,ESCO
SKL_7d2e0b1b6b4d,skill,assembler des composants électroniques,assembler des composants electroniques,alt,fr,ESCO
SKL_7d2e0b1b6b4d,skill,souder des composants électroniques,souder des composants electroniques,alt,fr,ESCO
SKL_d9843653b863,skill,évaluer les architectures dans le domaine de la technologie de la chaine de blocs,evaluer les architectures dans le domaine de la technologie de la chaine de blocs,preferred,fr,ESCO
SKL_d9843653b863,skill,évaluer les architectures de la technologie de la blockchain,evaluer les architectures de la technologie de la blockchain,alt,fr,ESCO
SKL_d9843653b863,skill,évaluer l'infrastructure des applications blockchain,evaluer l'infrastructure des applications blockchain,alt,fr,ESCO
SKL_0fefd6cde79a,skill,configurer un système de TIC,configurer un systeme de tic,preferred,fr,ESCO
SKL_e65eaedaf281,skill,services de conseil en matière de durabilité,services de conseil en matiere de durabilite,preferred,fr,ESCO
SKL_e65eaedaf281,skill,services de conseil en développement durable,services de conseil en developpement durable,alt,fr,ESCO
SKL_0497519b9e19,skill,synthétiser des publications de recherche,synthetiser des publications de recherche,preferred,fr,ESCO
SKL_0497519b9e19,skill,écrire des publications de recherche,ecrire des publications de recherche,alt,fr,ESCO
SKL_0497519b9e19,skill,synthétiser les publications de recherche,synthetiser les publications de recherche,alt,fr,ESCO
SKL_0497519b9e19,skill,synthétiser une publication de recherche,synthetiser une publication de recherche,alt,fr,ESCO
SKL_0497519b9e19,skill,rédiger des publications de recherche,rediger des publications de recherche,alt,fr,ESCO
SKL_0497519b9e19,skill,élaborer des publications de recherche,elaborer des publications de recherche,alt,fr,ESCO
SKL_0497519b9e19,skill,résumer des publications de recherche,resumer des publications de recherche,alt,fr,ESCO
SKL_1a9765b43218,skill,mettre en œuvre les politiques de sécurité des TIC,mettre en oeuvre les politiques de securite des tic,preferred,fr,ESCO
SKL_1a9765b43218,skill,lignes directrices en matière de sécurité en ligne,lignes directrices en matiere de securite en ligne,alt,fr,ESCO
SKL_1a9765b43218,skill,directives de sécurité en ligne applicables,directives de securite en ligne applicables,alt,fr,ESCO
SKL_1a9765b43218,skill,la mise en œuvre des politiques de sécurité des réseaux informatiques,la mise en oeuvre des politiques de securite des reseaux informatiques,alt,fr,ESCO
SKL_1a9765b43218,skill,mettre en œuvre des politiques en matière de sécurité des TIC,mettre en oeuvre des politiques en matiere de securite des tic,alt,fr,ESCO
SKL_1a9765b43218,skill,mise en œuvre des politiques en matière de sécurité des TIC,mise en oeuvre des politiques en matiere de securite des tic,alt,fr,ESCO
SKL_1a9765b43218,skill,appliquer les lignes directrices en matière de sécurité en ligne,appliquer les lignes directrices en matiere de securite en ligne,alt,fr,ESCO
SKL_1a9765b43218,skill,lignes directrices de sécurité en ligne,lignes directrices de securite en ligne,alt,fr,ESCO
SKL_1a9765b43218,skill,appliquer les consignes de sécurité en ligne,appliquer les consignes de securite en ligne,alt,fr,ESCO
SKL_1a9765b43218,skill,mettre en œuvre des politiques de sécurité des réseaux informatiques,mettre en oeuvre des politiques de securite des reseaux informatiques,alt,fr,ESCO
SKL_1a9765b43218,skill,la mise en œuvre des politiques en matière de sécurité des TIC,la mise en oeuvre des politiques en matiere de securite des tic,alt,fr,ESCO
SKL_1a9765b43218,skill,mise en œuvre des politiques de sécurité des TIC,mise en oeuvre des politiques de securite des tic,alt,fr,ESCO
SKL_1a9765b43218,skill,mettre en œuvre des politiques de sécurité des TIC,mettre en oeuvre des politiques de securite des tic,alt,fr,ESCO
SKL_35ffdabbb177,skill,Samurai Web Testing Framework,samurai web testing framework,preferred,fr,ESCO
SKL_62bde1fe53e2,skill,évaluer des activités de recherche,evaluer des activites de recherche,preferred,fr,ESCO
SKL_bf0e2870e3ff,skill,techniques de modélisation statistique,techniques de modelisation statistique,preferred,fr,ESCO
SKL_bf0e2870e3ff,skill,modélisation statistique,modelisation statistique,alt,fr,ESCO
SKL_c0af7cdae97f,skill,mettre en œuvre la sécurité et le respect des règles en matière d’informatique en nuage,mettre en oeuvre la securite et le respect des regles en matiere d'informatique en nuage,preferred,fr,ESCO
SKL_1d913cbdf27e,skill,effectuer une analyse de risque,effectuer une analyse de risque,preferred,fr,ESCO
SKL_431af79d6c2d,skill,supporter le stress,supporter le stress,preferred,fr,ESCO
SKL_8167b2084601,skill,création de texture 3D,creation de texture 3d,preferred,fr,ESCO
SKL_789c67df42ab,skill,installer une protection anti-spam,installer une protection anti-spam,preferred,fr,ESCO
SKL_3de0d077508a,skill,utiliser différents moyens de communication,utiliser differents moyens de communication,preferred,fr,ESCO
SKL_3809f98cce9e,skill,développer des logiciels de statistique,developper des logiciels de statistique,preferred,fr,ESCO
SKL_fcdb4c0ba884,skill,développer la technologie de la blockchain,developper la technologie de la blockchain,preferred,fr,ESCO
SKL_fcdb4c0ba884,skill,intégrer la technologie blockchain,integrer la technologie blockchain,alt,fr,ESCO
SKL_bd85b6465f48,skill,gestion de configuration de projet,gestion de configuration de projet,preferred,fr,ESCO
SKL_d1ef15b0a358,skill,assurer la préservation légale des appareils numériques,assurer la preservation legale des appareils numeriques,preferred,fr,ESCO
SKL_5659d789c9de,skill,cryptomonnaie,cryptomonnaie,preferred,fr,ESCO
SKL_5659d789c9de,skill,monnaie électronique (actif numérique),monnaie electronique (actif numerique),alt,fr,ESCO
SKL_5659d789c9de,skill,monnaie numérique,monnaie numerique,alt,fr,ESCO
SKL_5659d789c9de,skill,crypto,crypto,alt,fr,ESCO
SKL_e7f0a7064c6a,skill,Parrot Security OS,parrot security os,preferred,fr,ESCO
SKL_36c8b1712a0f,skill,services web,services web,preferred,fr,ESCO
SKL_36c8b1712a0f,skill,systèmes de services web,systemes de services web,alt,fr,ESCO
SKL_2ed93fb179ee,skill,établir un ordre de priorités de demandes,etablir un ordre de priorites de demandes,preferred,fr,ESCO
SKL_275e26b6cba9,skill,normaliser les données,normaliser les donnees,preferred,fr,ESCO
SKL_275e26b6cba9,skill,préparer les données,preparer les donnees,alt,fr,ESCO
SKL_275e26b6cba9,skill,normaliser des données informatiques,normaliser des donnees informatiques,alt,fr,ESCO
SKL_275e26b6cba9,skill,effectuer un prétraitement des données,effectuer un pretraitement des donnees,alt,fr,ESCO
SKL_275e26b6cba9,skill,limiter la dépendance,limiter la dependance,alt,fr,ESCO
SKL_275e26b6cba9,skill,normaliser des données,normaliser des donnees,alt,fr,ESCO
SKL_275e26b6cba9,skill,assurer la cohérence,assurer la coherence,alt,fr,ESCO
SKL_275e26b6cba9,skill,éliminer les redondances,eliminer les redondances,alt,fr,ESCO
SKL_22632e35d4ab,skill,techniques de marketing numérique,techniques de marketing numerique,preferred,fr,ESCO
SKL_22632e35d4ab,skill,techniques de marketing digital,techniques de marketing digital,alt,fr,ESCO
SKL_22632e35d4ab,skill,méthodes de marketing digital,methodes de marketing digital,alt,fr,ESCO
SKL_22632e35d4ab,skill,technique de marketing en ligne,technique de marketing en ligne,alt,fr,ESCO
SKL_22632e35d4ab,skill,techniques de webmarketing,techniques de webmarketing,alt,fr,ESCO
SKL_22632e35d4ab,skill,techniques de marketing traditionnel,techniques de marketing traditionnel,alt,fr,ESCO
SKL_22632e35d4ab,skill,techniques de marketing offline,techniques de marketing offline,alt,fr,ESCO
SKL_22632e35d4ab,skill,logiciel de publicité en ligne,logiciel de publicite en ligne,alt,fr,ESCO
SKL_344586fe5542,skill,Backbox (outil de test d’intrusion),backbox (outil de test d'intrusion),preferred,fr,ESCO
SKL_b89955b20777,skill,gérer des clés pour la protection des données,gerer des cles pour la protection des donnees,preferred,fr,ESCO
SKL_31e8100afb43,skill,exécuter simultanément plusieurs tâches,executer simultanement plusieurs taches,preferred,fr,ESCO
SKL_31e8100afb43,skill,exécuter en même temps plusieurs tâches,executer en meme temps plusieurs taches,alt,fr,ESCO
SKL_31e8100afb43,skill,effectuer simultanément plusieurs tâches,effectuer simultanement plusieurs taches,alt,fr,ESCO
SKL_31e8100afb43,skill,effectuer en même temps plusieurs tâches,effectuer en meme temps plusieurs taches,alt,fr,ESCO
SKL_5f7aa564dfb2,skill,cadres logiciels,cadres logiciels,preferred,fr,ESCO
SKL_8fdc5cfeed79,skill,analyse des entreprises,analyse des entreprises,preferred,fr,ESCO
SKL_8fdc5cfeed79,skill,analyse des données commerciales,analyse des donnees commerciales,alt,fr,ESCO
SKL_8fdc5cfeed79,skill,analyse de données commerciales,analyse de donnees commerciales,alt,fr,ESCO
SKL_1b02f5547def,skill,langages de programmation de smarts contracts,langages de programmation de smarts contracts,preferred,fr,ESCO
SKL_1b02f5547def,skill,langages de programmation pour les contrats intelligents,langages de programmation pour les contrats intelligents,alt,fr,ESCO
SKL_1b02f5547def,skill,langages de programmation pour smart contract,langages de programmation pour smart contract,alt,fr,ESCO
SKL_523392841f59,skill,informer sur les normes de sécurité sur le lieu de travail,informer sur les normes de securite sur le lieu de travail,preferred,fr,ESCO
SKL_523392841f59,skill,informer sur les normes de sécurité,informer sur les normes de securite,alt,fr,ESCO
SKL_523392841f59,skill,attirer l'attention sur les normes de sécurité,attirer l'attention sur les normes de securite,alt,fr,ESCO
SKL_523392841f59,skill,respecter les normes de sécurité,respecter les normes de securite,alt,fr,ESCO
SKL_523392841f59,skill,informer sur les normes de sécurité par rapport au travail,informer sur les normes de securite par rapport au travail,alt,fr,ESCO
SKL_49903d102cc5,skill,catégorisation de l’information,categorisation de l'information,preferred,fr,ESCO
SKL_30e56678609f,skill,analyse marketing,analyse marketing,preferred,fr,ESCO
SKL_30e56678609f,skill,analyse des données marketing,analyse des donnees marketing,alt,fr,ESCO
SKL_1d9be898b4cf,skill,systèmes embarqués,systemes embarques,preferred,fr,ESCO
SKL_1d9be898b4cf,skill,systèmes informatiques embarqués,systemes informatiques embarques,alt,fr,ESCO
SKL_1d9be898b4cf,skill,systèmes électroniques et informatiques,systemes electroniques et informatiques,alt,fr,ESCO
SKL_1d9be898b4cf,skill,architecture logicielle des systèmes intégrés,architecture logicielle des systemes integres,alt,fr,ESCO
SKL_1d9be898b4cf,skill,système embarqué,systeme embarque,alt,fr,ESCO
SKL_1d9be898b4cf,skill,systèmes électroniques et informatiques autonomes,systemes electroniques et informatiques autonomes,alt,fr,ESCO
SKL_1d9be898b4cf,skill,systèmes intégrés,systemes integres,alt,fr,ESCO
SKL_8c7f2a91dd54,skill,gestion des données produit,gestion des donnees produit,preferred,fr,ESCO
SKL_8c7f2a91dd54,skill,gestion des données de produits,gestion des donnees de produits,alt,fr,ESCO
SKL_8c7f2a91dd54,skill,gestion des données produits,gestion des donnees produits,alt,fr,ESCO
SKL_ca76f7bcf69b,skill,concevoir des interfaces pour les composants,concevoir des interfaces pour les composants,preferred,fr,ESCO
SKL_ca76f7bcf69b,skill,créer des widget interactifs,creer des widget interactifs,alt,fr,ESCO
SKL_ca76f7bcf69b,skill,concevoir une interface pour un composant,concevoir une interface pour un composant,alt,fr,ESCO
SKL_ca76f7bcf69b,skill,concevoir des interfaces de composants,concevoir des interfaces de composants,alt,fr,ESCO
SKL_ca76f7bcf69b,skill,créer des interfaces pour les composants,creer des interfaces pour les composants,alt,fr,ESCO
SKL_ca76f7bcf69b,skill,créer des widget,creer des widget,alt,fr,ESCO
SKL_ca76f7bcf69b,skill,concevoir des interfaces graphiques pour des composants,concevoir des interfaces graphiques pour des composants,alt,fr,ESCO
SKL_20a60ab6f508,skill,recenser les possibilités d’innovation liées à la technologie de la blockchain,recenser les possibilites d'innovation liees a la technologie de la blockchain,preferred,fr,ESCO
SKL_20a60ab6f508,skill,utiliser la blockchain pour stimuler l'innovation,utiliser la blockchain pour stimuler l'innovation,alt,fr,ESCO
SKL_873cfe48c2ce,skill,aborder des problèmes avec un esprit critique,aborder des problemes avec un esprit critique,preferred,fr,ESCO
SKL_a126050b0def,skill,établir la documentation conformément aux exigences légales,etablir la documentation conformement aux exigences legales,preferred,fr,ESCO
SKL_a126050b0def,skill,produire la documentation conformément aux exigences légales,produire la documentation conformement aux exigences legales,alt,fr,ESCO
SKL_a126050b0def,skill,élaborer la documentation conformément aux exigences légales,elaborer la documentation conformement aux exigences legales,alt,fr,ESCO
SKL_a126050b0def,skill,rédiger la documentation conformément aux exigences légales,rediger la documentation conformement aux exigences legales,alt,fr,ESCO
SKL_a126050b0def,skill,établir de la documentation conformément aux exigences légales,etablir de la documentation conformement aux exigences legales,alt,fr,ESCO
SKL_a126050b0def,skill,établir la documentation conformément aux prescriptions juridiques,etablir la documentation conformement aux prescriptions juridiques,alt,fr,ESCO
SKL_a126050b0def,skill,préparer la documentation conformément aux exigences légales,preparer la documentation conformement aux exigences legales,alt,fr,ESCO
SKL_37eb93868d67,skill,gérer des publications ouvertes,gerer des publications ouvertes,preferred,fr,ESCO
SKL_c2f4985aed64,skill,stratégie d’internalisation,strategie d'internalisation,preferred,fr,ESCO
SKL_f76e03586a5e,skill,estimation de l’état interne d'un système  énergétique,estimation de l'etat interne d'un systeme energetique,preferred,fr,ESCO
SKL_f76e03586a5e,skill,estimation de l'état énergétique,estimation de l'etat energetique,alt,fr,ESCO
SKL_f76e03586a5e,skill,estimation et prédiction de l'état,estimation et prediction de l'etat,alt,fr,ESCO
SKL_f76e03586a5e,skill,inférence d'état,inference d'etat,alt,fr,ESCO
SKL_79d7ba26c340,skill,protéger les dispositifs TIC,proteger les dispositifs tic,preferred,fr,ESCO
SKL_79d7ba26c340,skill,Bitdefender Antivirus,bitdefender antivirus,hidden,fr,ESCO
SKL_79d7ba26c340,skill,Kingsoft Antivirus,kingsoft antivirus,hidden,fr,ESCO
SKL_79d7ba26c340,skill,Honeywell Managed Access Control,honeywell managed access control,hidden,fr,ESCO
SKL_79d7ba26c340,skill,AddTech Controls,addtech controls,hidden,fr,ESCO
SKL_79d7ba26c340,skill,Cloudmark DesktopOne Pro,cloudmark desktopone pro,hidden,fr,ESCO
SKL_79d7ba26c340,skill,AVS Firewall,avs firewall,hidden,fr,ESCO
SKL_79d7ba26c340,skill,Matrix Systems Access Control,matrix systems access control,hidden,fr,ESCO
SKL_79d7ba26c340,skill,implement SPAM-ware,implement spam-ware,hidden,fr,ESCO
SKL_79d7ba26c340,skill,CleanMail Home,cleanmail home,hidden,fr,ESCO
SKL_79d7ba26c340,skill,AVG Anti-Virus,avg anti-virus,hidden,fr,ESCO
SKL_79d7ba26c340,skill,ESET NOD32 Antivirus,eset nod32 antivirus,hidden,fr,ESCO
SKL_79d7ba26c340,skill,Norton Security Deluxe,norton security deluxe,hidden,fr,ESCO
SKL_79d7ba26c340,skill,ADT Access Control,adt access control,hidden,fr,ESCO
SKL_79d7ba26c340,skill,Agnitum Outpost Firewall,agnitum outpost firewall,hidden,fr,ESCO
SKL_79d7ba26c340,skill,SPAMfighter,spamfighter,hidden,fr,ESCO
SKL_79d7ba26c340,skill,Tyco Integrated Security Managed Access Control,tyco integrated security managed access control,hidden,fr,ESCO
SKL_79d7ba26c340,skill,IDenticard Systems PremiSys,identicard systems premisys,hidden,fr,ESCO
SKL_79d7ba26c340,skill,MailWasher Pro,mailwasher pro,hidden,fr,ESCO
SKL_79d7ba26c340,skill,Kaspersky Anti-Virus,kaspersky anti-virus,hidden,fr,ESCO
SKL_79d7ba26c340,skill,McAfee AntiVirus,mcafee antivirus,hidden,fr,ESCO
SKL_79d7ba26c340,skill,Zone Alarm Firewall,zone alarm firewall,hidden,fr,ESCO
SKL_ac28289e01c7,skill,IBM InfoSphere DataStage,ibm infosphere datastage,preferred,fr,ESCO
SKL_c969868dd488,skill,techniques de marketing des médias sociaux,techniques de marketing des medias sociaux,preferred,fr,ESCO
SKL_08aae3431f2b,skill,gérer les incidents de cybersécurité,gerer les incidents de cybersecurite,preferred,fr,ESCO
SKL_08aae3431f2b,skill,analyser les incidents de cybersécurité,analyser les incidents de cybersecurite,alt,fr,ESCO
SKL_08aae3431f2b,skill,surveiller la sécurité des systèmes numériques,surveiller la securite des systemes numeriques,alt,fr,ESCO
SKL_08aae3431f2b,skill,surveiller les journaux de sécurité,surveiller les journaux de securite,alt,fr,ESCO
SKL_08aae3431f2b,skill,répondre aux cyberincidents,repondre aux cyberincidents,alt,fr,ESCO
SKL_6a18404d2fae,skill,programmer une commande CNC,programmer une commande cnc,preferred,fr,ESCO
SKL_690d0d9213ea,skill,gérer les droits de propriété intellectuelle,gerer les droits de propriete intellectuelle,preferred,fr,ESCO
SKL_f8cdff52e6ee,skill,législation sur la sécurité des TIC,legislation sur la securite des tic,preferred,fr,ESCO
SKL_f8cdff52e6ee,skill,législation relative à la sécurité des TIC,legislation relative a la securite des tic,alt,fr,ESCO
SKL_f8cdff52e6ee,skill,législation en matière de cybersécurité,legislation en matiere de cybersecurite,alt,fr,ESCO
SKL_f8cdff52e6ee,skill,aspects juridiques de l’informatique,aspects juridiques de l'informatique,alt,fr,ESCO
SKL_f8cdff52e6ee,skill,droit des TIC,droit des tic,alt,fr,ESCO
SKL_f8cdff52e6ee,skill,législation en matière de sécurité des réseaux et de l’information,legislation en matiere de securite des reseaux et de l'information,alt,fr,ESCO
SKL_f8cdff52e6ee,skill,lois relatives à la sécurité des TIC,lois relatives a la securite des tic,alt,fr,ESCO
SKL_9e68f3a8a66f,skill,Cain and Abel (outil de test d’intrusion),cain and abel (outil de test d'intrusion),preferred,fr,ESCO
SKL_3f11287772f2,skill,trouver des solutions aux problèmes,trouver des solutions aux problemes,preferred,fr,ESCO
SKL_4a2d8a931138,skill,physique mathématique,physique mathematique,preferred,fr,ESCO
SKL_4a2d8a931138,skill,fondements de la physique mathématique,fondements de la physique mathematique,alt,fr,ESCO
SKL_de759b6256cc,skill,C++,c++,preferred,fr,ESCO
SKL_ad7a7100bf74,skill,appliquer des outils de développement de contenu,appliquer des outils de developpement de contenu,preferred,fr,ESCO
SKL_f3626780c907,skill,garantir la satisfaction des clients,garantir la satisfaction des clients,preferred,fr,ESCO
SKL_8e9e543761d2,skill,menaces de sécurité,menaces de securite,preferred,fr,ESCO
SKL_8e9e543761d2,skill,risques de sécurité,risques de securite,alt,fr,ESCO
SKL_8e9e543761d2,skill,menaces pour la sécurité cybernétique/numérique/informatique/TIC,menaces pour la securite cybernetique/numerique/informatique/tic,alt,fr,ESCO
SKL_8e9e543761d2,skill,dangers pour la sécurité,dangers pour la securite,alt,fr,ESCO
SKL_8e9e543761d2,skill,dangers liés à la cybersécurité/sécurité numérique/informatique/TIC,dangers lies a la cybersecurite/securite numerique/informatique/tic,alt,fr,ESCO
SKL_8e9e543761d2,skill,cyber/numérique/informatique/menaces pour la sécurité des TIC,cyber/numerique/informatique/menaces pour la securite des tic,alt,fr,ESCO
SKL_8e9e543761d2,skill,menaces pour la sécurité,menaces pour la securite,alt,fr,ESCO
SKL_8e9e543761d2,skill,menace à la sécurité,menace a la securite,alt,fr,ESCO
SKL_8e9e543761d2,skill,risques de sécurité cyber/numérique/IT/TIC,risques de securite cyber/numerique/it/tic,alt,fr,ESCO
SKL_8e9e543761d2,skill,menaces pour la sécurité physique,menaces pour la securite physique,alt,fr,ESCO
SKL_8e9e543761d2,skill,risques de sécurité physique,risques de securite physique,alt,fr,ESCO
SKL_8e9e543761d2,skill,menaces à la sécurité,menaces a la securite,alt,fr,ESCO
SKL_8e9e543761d2,skill,cyber/numérique/informatique/risques liés à la sécurité des TIC,cyber/numerique/informatique/risques lies a la securite des tic,alt,fr,ESCO
SKL_8e9e543761d2,skill,menaces à la cybersécurité/sécurité numérique/informatique/TIC,menaces a la cybersecurite/securite numerique/informatique/tic,alt,fr,ESCO
SKL_8e9e543761d2,skill,menaces à la sécurité cybernétique/numérique/IT/TIC,menaces a la securite cybernetique/numerique/it/tic,alt,fr,ESCO
SKL_8e9e543761d2,skill,cyber/digital/IT/ICT dangers pour la sécurité,cyber/digital/it/ict dangers pour la securite,alt,fr,ESCO
SKL_8e9e543761d2,skill,risques pour la sécurité physique,risques pour la securite physique,alt,fr,ESCO
SKL_8e9e543761d2,skill,dangers pour la sécurité physique,dangers pour la securite physique,alt,fr,ESCO
SKL_8e9e543761d2,skill,risques pour la sécurité,risques pour la securite,alt,fr,ESCO
SKL_8e9e543761d2,skill,menace pour la sécurité,menace pour la securite,alt,fr,ESCO
SKL_8e9e543761d2,skill,menaces à la sécurité physique,menaces a la securite physique,alt,fr,ESCO
SKL_509e2294bb57,skill,rédiger des rapports sur le travail,rediger des rapports sur le travail,preferred,fr,ESCO
SKL_9220927db32b,skill,acquérir des composants système,acquerir des composants systeme,preferred,fr,ESCO
SKL_2320901baa0c,skill,gérer un projet TIC,gerer un projet tic,preferred,fr,ESCO
SKL_a0a82942ef54,skill,évaluation de la qualité de données,evaluation de la qualite de donnees,preferred,fr,ESCO
SKL_5b4b7d94893a,skill,réaliser des audits de conformité contractuelle,realiser des audits de conformite contractuelle,preferred,fr,ESCO
SKL_5b4b7d94893a,skill,effectuer des audits de conformité contractuelle,effectuer des audits de conformite contractuelle,alt,fr,ESCO
SKL_5b4b7d94893a,skill,mener à bien des audits de conformité contractuelle,mener a bien des audits de conformite contractuelle,alt,fr,ESCO
SKL_5b4b7d94893a,skill,vérifier la conformité contractuelle,verifier la conformite contractuelle,alt,fr,ESCO
SKL_5a85416c775f,skill,ML (programmation informatique),ml (programmation informatique),preferred,fr,ESCO
SKL_0e0e749d3446,skill,fournir du contenu multimédia,fournir du contenu multimedia,preferred,fr,ESCO
SKL_bbc55bdf9279,skill,cybersécurité,cybersecurite,preferred,fr,ESCO
SKL_bbc55bdf9279,skill,sécurité des technologies de l'information et de la communication,securite des technologies de l'information et de la communication,alt,fr,ESCO
SKL_bbc55bdf9279,skill,sécurité des TIC,securite des tic,alt,fr,ESCO
SKL_bbc55bdf9279,skill,sécurité numérique,securite numerique,alt,fr,ESCO
SKL_bbc55bdf9279,skill,sécurité informatique,securite informatique,alt,fr,ESCO
SKL_bbc55bdf9279,skill,sécurité des technologies de l'information et des communications,securite des technologies de l'information et des communications,alt,fr,ESCO
SKL_bbc55bdf9279,skill,sécurité de l'information,securite de l'information,alt,fr,ESCO
SKL_1cd624314ce9,skill,Python (programmation informatique),python (programmation informatique),preferred,fr,ESCO
SKL_1cd624314ce9,skill,Python3000,python3000,alt,fr,ESCO
SKL_1cd624314ce9,skill,Py3K,py3k,alt,fr,ESCO
SKL_1cd624314ce9,skill,Python2,python2,alt,fr,ESCO
SKL_1cd624314ce9,skill,Python prog,python prog,alt,fr,ESCO
SKL_1cd624314ce9,skill,Python3,python3,alt,fr,ESCO
SKL_1cd624314ce9,skill,Pyston,pyston,alt,fr,ESCO
SKL_1cd624314ce9,skill,Python 3k,python 3k,alt,fr,ESCO
SKL_1cd624314ce9,skill,Python 3K,python 3k,hidden,fr,ESCO
SKL_8e38f536a298,skill,stratégie d’externalisation,strategie d'externalisation,preferred,fr,ESCO
SKL_aea3e91c5092,skill,besoins des utilisateurs des systèmes d’information et de communication,besoins des utilisateurs des systemes d'information et de communication,preferred,fr,ESCO
SKL_d537dfcccc25,skill,ASP.NET,asp.net,preferred,fr,ESCO
SKL_d537dfcccc25,skill,Aspx,aspx,alt,fr,ESCO
SKL_d537dfcccc25,skill,ASP+,asp+,alt,fr,ESCO
SKL_d537dfcccc25,skill,ASP.NET 3.5,asp.net 3.5,alt,fr,ESCO
SKL_d537dfcccc25,skill,ASP.NET 2.0,asp.net 2.0,alt,fr,ESCO
SKL_d537dfcccc25,skill,ASPX,aspx,hidden,fr,ESCO
SKL_d537dfcccc25,skill,ASP.net,asp.net,hidden,fr,ESCO
SKL_139c1ba8356c,skill,ingénierie des systèmes basée sur des modèles,ingenierie des systemes basee sur des modeles,preferred,fr,ESCO
SKL_35c0fe31d3cc,skill,composants de la blockchain,composants de la blockchain,preferred,fr,ESCO
SKL_35c0fe31d3cc,skill,blockchain,blockchain,alt,fr,ESCO
SKL_35c0fe31d3cc,skill,notions de blockchain,notions de blockchain,alt,fr,ESCO
SKL_35c0fe31d3cc,skill,concepts de blockchain,concepts de blockchain,alt,fr,ESCO
SKL_a973c6971015,skill,structure organisationnelle,structure organisationnelle,preferred,fr,ESCO
SKL_0d4bdda614bd,skill,types de documentation,types de documentation,preferred,fr,ESCO
SKL_993e5a908b00,skill,concevoir une base de données dans le nuage,concevoir une base de donnees dans le nuage,preferred,fr,ESCO
SKL_45b5255faa15,skill,outils d’automatisation de test TIC,outils d'automatisation de test tic,preferred,fr,ESCO
SKL_45b5255faa15,skill,loadRunner,loadrunner,alt,fr,ESCO
SKL_45b5255faa15,skill,outils d’automatisation de test relatifs aux TIC,outils d'automatisation de test relatifs aux tic,alt,fr,ESCO
SKL_45b5255faa15,skill,outils d’automatisation de test en matière de TIC,outils d'automatisation de test en matiere de tic,alt,fr,ESCO
SKL_45b5255faa15,skill,QTP,qtp,alt,fr,ESCO
SKL_45b5255faa15,skill,selenium,selenium,alt,fr,ESCO
SKL_8a815787aa2a,skill,mettre en œuvre un système de gestion,mettre en oeuvre un systeme de gestion,preferred,fr,ESCO
SKL_8a815787aa2a,skill,utiliser un système de gestion,utiliser un systeme de gestion,alt,fr,ESCO
SKL_8a815787aa2a,skill,employer un système de gestion,employer un systeme de gestion,alt,fr,ESCO
SKL_83dfa0298e85,skill,intégration de systèmes de TIC,integration de systemes de tic,preferred,fr,ESCO
SKL_83dfa0298e85,skill,intégration des TIC,integration des tic,alt,fr,ESCO
SKL_83dfa0298e85,skill,combinaison de systèmes de TIC,combinaison de systemes de tic,alt,fr,ESCO
SKL_83dfa0298e85,skill,fusion de systèmes de TIC,fusion de systemes de tic,alt,fr,ESCO
SKL_83dfa0298e85,skill,intégration des systèmes de TIC,integration des systemes de tic,alt,fr,ESCO
SKL_83dfa0298e85,skill,intégration de système informatiques,integration de systeme informatiques,alt,fr,ESCO
SKL_83dfa0298e85,skill,intégration de systèmes,integration de systemes,alt,fr,ESCO
SKL_d4f9396de51d,skill,appliquer des techniques d’analyse statistique,appliquer des techniques d'analyse statistique,preferred,fr,ESCO
SKL_d4f9396de51d,skill,appliquer des méthodes d’analyse statistique,appliquer des methodes d'analyse statistique,alt,fr,ESCO
SKL_d4f9396de51d,skill,appliquer des techniques statistiques,appliquer des techniques statistiques,alt,fr,ESCO
SKL_d4f9396de51d,skill,employer des techniques d’analyse statistique,employer des techniques d'analyse statistique,alt,fr,ESCO
SKL_d4f9396de51d,skill,mettre en pratique des techniques d’analyse statistique,mettre en pratique des techniques d'analyse statistique,alt,fr,ESCO
SKL_d4f9396de51d,skill,appliquer une technique d’analyse statistique,appliquer une technique d'analyse statistique,alt,fr,ESCO
SKL_d4f9396de51d,skill,mettre en œuvre des techniques d’analyse statistique,mettre en oeuvre des techniques d'analyse statistique,alt,fr,ESCO
SKL_6032197b3f3f,skill,travailler au sein d’une équipe de transport aérien,travailler au sein d'une equipe de transport aerien,preferred,fr,ESCO
SKL_3b3c14a06a23,skill,calcul distribué,calcul distribue,preferred,fr,ESCO
SKL_37f4abfcf77d,skill,règles communes de sécurité en matière d'aviation,regles communes de securite en matiere d'aviation,preferred,fr,ESCO
SKL_b56d62566d72,skill,stockage de données,stockage de donnees,preferred,fr,ESCO
SKL_b56d62566d72,skill,service d'hébergement de données,service d'hebergement de donnees,alt,fr,ESCO
SKL_b56d62566d72,skill,stockage des donnnées,stockage des donnnees,alt,fr,ESCO
SKL_b1c3417f0755,skill,ergonomie informatique,ergonomie informatique,preferred,fr,ESCO
SKL_b1c3417f0755,skill,tests d'utilisabilité,tests d'utilisabilite,alt,fr,ESCO
SKL_b1c3417f0755,skill,test d'utilisabilité,test d'utilisabilite,alt,fr,ESCO
SKL_b1c3417f0755,skill,ingénierie de l'utilisabilité,ingenierie de l'utilisabilite,alt,fr,ESCO
SKL_5ad581fa1e0f,skill,conception de l’interaction du logiciel,conception de l'interaction du logiciel,preferred,fr,ESCO
SKL_5ad581fa1e0f,skill,conception d’un logiciel interactif,conception d'un logiciel interactif,alt,fr,ESCO
SKL_5ad581fa1e0f,skill,élaboration de l’interaction du logiciel,elaboration de l'interaction du logiciel,alt,fr,ESCO
SKL_5ad581fa1e0f,skill,mise au point de l’interaction du logiciel,mise au point de l'interaction du logiciel,alt,fr,ESCO
SKL_5ad581fa1e0f,skill,création de l’interaction du logiciel,creation de l'interaction du logiciel,alt,fr,ESCO
SKL_5ad581fa1e0f,skill,création d’un logiciel interactif,creation d'un logiciel interactif,alt,fr,ESCO
SKL_ca93b3f41810,skill,GIMP (logiciel d’édition graphique),gimp (logiciel d'edition graphique),preferred,fr,ESCO
SKL_80e5a9774341,skill,appliquer des compétences de communication technique,appliquer des competences de communication technique,preferred,fr,ESCO
SKL_8dbcd96e6942,skill,créer un réseau professionnel,creer un reseau professionnel,preferred,fr,ESCO
SKL_3b874310b02a,skill,traiter des données,traiter des donnees,preferred,fr,ESCO
SKL_109edeaf36eb,skill,protéger des données à caractère personnel et la vie privée,proteger des donnees a caractere personnel et la vie privee,preferred,fr,ESCO
SKL_b56c95aeb880,skill,écrire la documentation d’une base de données,ecrire la documentation d'une base de donnees,preferred,fr,ESCO
SKL_b56c95aeb880,skill,rédiger la documentation d’une base de données,rediger la documentation d'une base de donnees,alt,fr,ESCO
SKL_b56c95aeb880,skill,préparer la documentation d’une base de données,preparer la documentation d'une base de donnees,alt,fr,ESCO
SKL_b56c95aeb880,skill,créer la documentation d’une base de données,creer la documentation d'une base de donnees,alt,fr,ESCO
SKL_b56c95aeb880,skill,produire la documentation d’une base de données,produire la documentation d'une base de donnees,alt,fr,ESCO
SKL_b56c95aeb880,skill,fournir la documentation d’une base de données,fournir la documentation d'une base de donnees,alt,fr,ESCO
SKL_012943fba34b,skill,utiliser un logiciel de CAO,utiliser un logiciel de cao,preferred,fr,ESCO
SKL_c6d25b351f1c,skill,appliquer des politiques de sécurité de l’information,appliquer des politiques de securite de l'information,preferred,fr,ESCO
SKL_c6d25b351f1c,skill,appliquer des politiques relatives à la sécurité de l’information,appliquer des politiques relatives a la securite de l'information,alt,fr,ESCO
SKL_c6d25b351f1c,skill,mettre en œuvre des politiques de sécurité de l’information,mettre en oeuvre des politiques de securite de l'information,alt,fr,ESCO
SKL_c6d25b351f1c,skill,garantir la confidentialité de l’information,garantir la confidentialite de l'information,alt,fr,ESCO
SKL_c6d25b351f1c,skill,mettre en place des politiques de sécurité de l’information,mettre en place des politiques de securite de l'information,alt,fr,ESCO
SKL_c6d25b351f1c,skill,appliquer des politiques en matière de sécurité de l’information,appliquer des politiques en matiere de securite de l'information,alt,fr,ESCO
SKL_c6d25b351f1c,skill,respecter la réglementation en matière de protection des données,respecter la reglementation en matiere de protection des donnees,alt,fr,ESCO
SKL_9486b1cb5a8f,skill,identifier les exigences des clients,identifier les exigences des clients,preferred,fr,ESCO
SKL_0dd7a481496c,skill,éclairage 3D,eclairage 3d,preferred,fr,ESCO
SKL_09089504794c,skill,algorithmes,algorithmes,preferred,fr,ESCO
SKL_9382981177b9,skill,stratégie de crowdsourcing,strategie de crowdsourcing,preferred,fr,ESCO
SKL_83844c286d76,skill,définir des schémas émotionnels,definir des schemas emotionnels,preferred,fr,ESCO
SKL_46707842607f,skill,traitement automatique du langage naturel,traitement automatique du langage naturel,preferred,fr,ESCO
SKL_46707842607f,skill,linguistique computationnelle,linguistique computationnelle,alt,fr,ESCO
SKL_46707842607f,skill,NLP,nlp,alt,fr,ESCO
SKL_46707842607f,skill,traitement automatique des langages naturels,traitement automatique des langages naturels,alt,fr,ESCO
SKL_46707842607f,skill,TALN,taln,alt,fr,ESCO
SKL_46707842607f,skill,traitement automatique de la langue naturelle,traitement automatique de la langue naturelle,alt,fr,ESCO
SKL_46707842607f,skill,ingénierie des langues,ingenierie des langues,alt,fr,ESCO
SKL_46707842607f,skill,TAL,tal,alt,fr,ESCO
SKL_46707842607f,skill,ingénierie linguistique,ingenierie linguistique,alt,fr,ESCO
SKL_46707842607f,skill,génie linguistique,genie linguistique,alt,fr,ESCO
SKL_197598d2730e,skill,présenter des rapports,presenter des rapports,preferred,fr,ESCO
SKL_197598d2730e,skill,exposer des rapports,exposer des rapports,alt,fr,ESCO
SKL_197598d2730e,skill,fournir des rapports,fournir des rapports,alt,fr,ESCO
SKL_197598d2730e,skill,transmettre des rapports,transmettre des rapports,alt,fr,ESCO
SKL_e2b5df30b4ad,skill,traitement analytique en ligne,traitement analytique en ligne,preferred,fr,ESCO
SKL_e2b5df30b4ad,skill,TAL,tal,alt,fr,ESCO
SKL_e2b5df30b4ad,skill,traitement de transactions en ligne,traitement de transactions en ligne,alt,fr,ESCO
SKL_e2b5df30b4ad,skill,traitement OLAP,traitement olap,alt,fr,ESCO
SKL_e2b5df30b4ad,skill,OLTP,oltp,alt,fr,ESCO
SKL_e2b5df30b4ad,skill,système de traitement analytique en ligne,systeme de traitement analytique en ligne,alt,fr,ESCO
SKL_d4b8526448d7,skill,suivre les évolutions en matière de solutions de systèmes d’information,suivre les evolutions en matiere de solutions de systemes d'information,preferred,fr,ESCO
SKL_d4b8526448d7,skill,suivre les solutions les plus modernes en systèmes d’information,suivre les solutions les plus modernes en systemes d'information,alt,fr,ESCO
SKL_d4b8526448d7,skill,rester au fait des dernières solutions en systèmes d’information,rester au fait des dernieres solutions en systemes d'information,alt,fr,ESCO
SKL_d4b8526448d7,skill,être au courant des dernières solutions en systèmes d’information,etre au courant des dernieres solutions en systemes d'information,alt,fr,ESCO
SKL_d4b8526448d7,skill,s’informer des dernières solutions en systèmes d’information,s'informer des dernieres solutions en systemes d'information,alt,fr,ESCO
SKL_d4b8526448d7,skill,suivre les nouvelles solutions en systèmes d’information,suivre les nouvelles solutions en systemes d'information,alt,fr,ESCO
SKL_5dcc8e458213,skill,mener des exercices de reprise d’activité,mener des exercices de reprise d'activite,preferred,fr,ESCO
SKL_18b153db615d,skill,exploration de données,exploration de donnees,preferred,fr,ESCO
SKL_1c6215f5f465,skill,conception créative,conception creative,preferred,fr,ESCO
SKL_a08ea66fbd95,skill,administrer un système de TIC,administrer un systeme de tic,preferred,fr,ESCO
SKL_a08ea66fbd95,skill,administrer les composants d’un système de TIC,administrer les composants d'un systeme de tic,alt,fr,ESCO
SKL_a08ea66fbd95,skill,gérer un système de TIC,gerer un systeme de tic,alt,fr,ESCO
SKL_a08ea66fbd95,skill,administrer un réseau de TIC,administrer un reseau de tic,alt,fr,ESCO
SKL_a08ea66fbd95,skill,exploiter un système,exploiter un systeme,alt,fr,ESCO
SKL_a08ea66fbd95,skill,faire fonctionner un système informatique,faire fonctionner un systeme informatique,alt,fr,ESCO
SKL_e0876ddb3bd1,skill,stratégies de planification des capacités TIC,strategies de planification des capacites tic,preferred,fr,ESCO
SKL_c09ce7a24a51,skill,appliquer les politiques organisationnelles du système,appliquer les politiques organisationnelles du systeme,preferred,fr,ESCO
SKL_db90b8d9d02a,skill,LESS,less,preferred,fr,ESCO
SKL_d546743b9da1,skill,bonne pratique en matière de sauvegarde de systèmes,bonne pratique en matiere de sauvegarde de systemes,preferred,fr,ESCO
SKL_e2dbc508cb21,skill,mettre en place un réseau privé virtuel,mettre en place un reseau prive virtuel,preferred,fr,ESCO
SKL_e2dbc508cb21,skill,mettre en place un VPN,mettre en place un vpn,alt,fr,ESCO
SKL_b84a9945d501,skill,concevoir des interfaces d’application,concevoir des interfaces d'application,preferred,fr,ESCO
SKL_b84a9945d501,skill,OpenGL,opengl,alt,fr,ESCO
SKL_b84a9945d501,skill,Windows API,windows api,alt,fr,ESCO
SKL_b84a9945d501,skill,concevoir des interfaces de programmation,concevoir des interfaces de programmation,alt,fr,ESCO
SKL_b84a9945d501,skill,concevoir les interfaces d’application,concevoir les interfaces d'application,alt,fr,ESCO
SKL_b84a9945d501,skill,concevoir une API,concevoir une api,alt,fr,ESCO
SKL_b84a9945d501,skill,Google Map API,google map api,alt,fr,ESCO
SKL_b84a9945d501,skill,concevoir l’interface d’applications,concevoir l'interface d'applications,alt,fr,ESCO
SKL_6fafa85b6906,skill,technologie informatique,technologie informatique,preferred,fr,ESCO
SKL_6fafa85b6906,skill,informatique,informatique,alt,fr,ESCO
SKL_048583f9e7a6,skill,avoir des connaissances en informatique,avoir des connaissances en informatique,preferred,fr,ESCO
SKL_7ac1f1abe404,skill,définir les spécifications d’un projet,definir les specifications d'un projet,preferred,fr,ESCO
SKL_24eaac2493a9,skill,communiquer des observations analytiques,communiquer des observations analytiques,preferred,fr,ESCO
SKL_0a2f83248444,skill,préparer des accords de licence,preparer des accords de licence,preferred,fr,ESCO
SKL_0a2f83248444,skill,mettre en place des accords de licence,mettre en place des accords de licence,alt,fr,ESCO
SKL_0a2f83248444,skill,concevoir des licence agreements,concevoir des licence agreements,alt,fr,ESCO
SKL_0a2f83248444,skill,préparer un accord de licence,preparer un accord de licence,alt,fr,ESCO
SKL_0a2f83248444,skill,appliquer des accords de licence,appliquer des accords de licence,alt,fr,ESCO
SKL_0a2f83248444,skill,élaborer des accords de licence,elaborer des accords de licence,alt,fr,ESCO
SKL_0a2f83248444,skill,préparer les accords de licence,preparer les accords de licence,alt,fr,ESCO
SKL_eac191d41595,skill,SPARK,spark,preferred,fr,ESCO
SKL_ad8a6209aa68,skill,logiciel de création,logiciel de creation,preferred,fr,ESCO
SKL_308342e28b73,skill,LDAP,ldap,preferred,fr,ESCO
SKL_93f80f560331,skill,routage de réseau,routage de reseau,preferred,fr,ESCO
SKL_5ee8a7543f31,skill,Objective-C,objective-c,preferred,fr,ESCO
SKL_5ee8a7543f31,skill,Objective-C 2.0,objective-c 2.0,alt,fr,ESCO
SKL_5ee8a7543f31,skill,Obj-C,obj-c,alt,fr,ESCO
SKL_5ee8a7543f31,skill,Objective C++,objective c++,alt,fr,ESCO
SKL_5ee8a7543f31,skill,Smalltalk and C,smalltalk and c,alt,fr,ESCO
SKL_5ee8a7543f31,skill,Object-C,object-c,alt,fr,ESCO
SKL_5ee8a7543f31,skill,Objective-C++,objective-c++,hidden,fr,ESCO
SKL_5ee8a7543f31,skill,Objective-c,objective-c,hidden,fr,ESCO
SKL_5ee8a7543f31,skill,ObjectiveC,objectivec,hidden,fr,ESCO
SKL_5ee8a7543f31,skill,Obj C,obj c,hidden,fr,ESCO
SKL_5ee8a7543f31,skill,Object C,object c,hidden,fr,ESCO
SKL_5ee8a7543f31,skill,Objc,objc,hidden,fr,ESCO
SKL_5ee8a7543f31,skill,Objective c,objective c,hidden,fr,ESCO
SKL_5ee8a7543f31,skill,C and Smalltalk,c and smalltalk,hidden,fr,ESCO
SKL_5ee8a7543f31,skill,Objective C plus plus,objective c plus plus,hidden,fr,ESCO
SKL_5ee8a7543f31,skill,Obj-c,obj-c,hidden,fr,ESCO
SKL_f18769bf13e8,skill,outils de développement de bases de données,outils de developpement de bases de donnees,preferred,fr,ESCO
SKL_f18769bf13e8,skill,microcontrôleurs,microcontroleurs,alt,fr,ESCO
SKL_60b13581782d,skill,tactiques opérationnelles pour les réactions aux situations d’urgence,tactiques operationnelles pour les reactions aux situations d'urgence,preferred,fr,ESCO
SKL_8dad71fe8c3c,skill,iOS,ios,preferred,fr,ESCO
SKL_8dad71fe8c3c,skill,OS X iPhone,os x iphone,alt,fr,ESCO
SKL_8dad71fe8c3c,skill,IPad OS,ipad os,alt,fr,ESCO
SKL_8dad71fe8c3c,skill,IPod Touch OS,ipod touch os,alt,fr,ESCO
SKL_8dad71fe8c3c,skill,AppleiOS,appleios,alt,fr,ESCO
SKL_8dad71fe8c3c,skill,Apple iOS,apple ios,alt,fr,ESCO
SKL_8dad71fe8c3c,skill,Mac OS X,mac os x,alt,fr,ESCO
SKL_8dad71fe8c3c,skill,Iphone os,iphone os,alt,fr,ESCO
SKL_8dad71fe8c3c,skill,IPhone os,iphone os,hidden,fr,ESCO
SKL_8dad71fe8c3c,skill,IPadOS,ipados,hidden,fr,ESCO
SKL_8dad71fe8c3c,skill,IPhoneOS,iphoneos,hidden,fr,ESCO
SKL_8dad71fe8c3c,skill,IOS (operating system),ios (operating system),hidden,fr,ESCO
SKL_09235c607125,skill,mettre en œuvre la gouvernance d’entreprise,mettre en oeuvre la gouvernance d'entreprise,preferred,fr,ESCO
SKL_5d725c59527d,skill,outils de gestion de configuration logicielle,outils de gestion de configuration logicielle,preferred,fr,ESCO
SKL_5d725c59527d,skill,logiciels de gestion de versions,logiciels de gestion de versions,alt,fr,ESCO
SKL_5d725c59527d,skill,outil de gestion de configuration logicielle,outil de gestion de configuration logicielle,alt,fr,ESCO
SKL_5d725c59527d,skill,logiciels de gestion de la configuration logicielle,logiciels de gestion de la configuration logicielle,alt,fr,ESCO
SKL_5d725c59527d,skill,GCL,gcl,alt,fr,ESCO
SKL_5d725c59527d,skill,GIT,git,alt,fr,ESCO
SKL_5d725c59527d,skill,gestion de versions,gestion de versions,alt,fr,ESCO
SKL_5d725c59527d,skill,Open pc server integration,open pc server integration,hidden,fr,ESCO
SKL_5d725c59527d,skill,NOC,noc,hidden,fr,ESCO
SKL_5d725c59527d,skill,Rudder,rudder,hidden,fr,ESCO
SKL_5d725c59527d,skill,PIKT,pikt,hidden,fr,ESCO
SKL_5d725c59527d,skill,Radmind,radmind,hidden,fr,ESCO
SKL_5d725c59527d,skill,cdist,cdist,hidden,fr,ESCO
SKL_5d725c59527d,skill,CFEngine,cfengine,hidden,fr,ESCO
SKL_5d725c59527d,skill,Synctool,synctool,hidden,fr,ESCO
SKL_5d725c59527d,skill,Rundeck,rundeck,hidden,fr,ESCO
SKL_5d725c59527d,skill,SmartFrog,smartfrog,hidden,fr,ESCO
SKL_5d725c59527d,skill,Quattor,quattor,hidden,fr,ESCO
SKL_5d725c59527d,skill,ISconf,isconf,hidden,fr,ESCO
SKL_5d725c59527d,skill,OCS Inventory NG with GLPI,ocs inventory ng with glpi,hidden,fr,ESCO
SKL_5d725c59527d,skill,NixOS,nixos,hidden,fr,ESCO
SKL_5d725c59527d,skill,Bcfg2,bcfg2,hidden,fr,ESCO
SKL_5d725c59527d,skill,Local ConFiGuration system,local configuration system,hidden,fr,ESCO
SKL_5d725c59527d,skill,git,git,hidden,fr,ESCO
SKL_5d765b95544c,skill,Drupal,drupal,preferred,fr,ESCO
SKL_47511c703fca,skill,système de gestion de la batterie,systeme de gestion de la batterie,preferred,fr,ESCO
SKL_47511c703fca,skill,systèmes de surveillance de batterie,systemes de surveillance de batterie,alt,fr,ESCO
SKL_47511c703fca,skill,systèmes de surveillance des batteries,systemes de surveillance des batteries,alt,fr,ESCO
SKL_47511c703fca,skill,systèmes de contrôle de batterie,systemes de controle de batterie,alt,fr,ESCO
SKL_c2d129835e70,skill,définir des règles de pare-feu,definir des regles de pare-feu,preferred,fr,ESCO
SKL_23352a87e7bc,skill,effectuer une évaluation de l’impact des processus de TIC sur une entreprise,effectuer une evaluation de l'impact des processus de tic sur une entreprise,preferred,fr,ESCO
SKL_0b6d0771361b,skill,conception des systèmes,conception des systemes,preferred,fr,ESCO
SKL_0b6d0771361b,skill,conception de l'architecture du système,conception de l'architecture du systeme,alt,fr,ESCO
SKL_ea96d8f39e81,skill,concevoir un schéma de base de données,concevoir un schema de base de donnees,preferred,fr,ESCO
SKL_26b466cb09a0,skill,analyse empirique,analyse empirique,preferred,fr,ESCO
SKL_26b466cb09a0,skill,analyse de données empiriques,analyse de donnees empiriques,alt,fr,ESCO
SKL_26b466cb09a0,skill,analyse empirique des données,analyse empirique des donnees,alt,fr,ESCO
SKL_5b396bf30d7e,skill,composer la description d'éléments web,composer la description d'elements web,preferred,fr,ESCO
SKL_5b396bf30d7e,skill,créer du contenu pour des éléments web,creer du contenu pour des elements web,alt,fr,ESCO
SKL_5b396bf30d7e,skill,écrire la description d’éléments web,ecrire la description d'elements web,alt,fr,ESCO
SKL_5b396bf30d7e,skill,décrire des éléments web,decrire des elements web,alt,fr,ESCO
SKL_5b396bf30d7e,skill,faire la description d’éléments web,faire la description d'elements web,alt,fr,ESCO
SKL_5b396bf30d7e,skill,réaliser la description d’éléments web,realiser la description d'elements web,alt,fr,ESCO
SKL_5b396bf30d7e,skill,rédiger la description d’éléments web,rediger la description d'elements web,alt,fr,ESCO
SKL_17a6cda90b85,skill,Smalltalk (programmation informatique),smalltalk (programmation informatique),preferred,fr,ESCO
SKL_eababd164e1d,skill,systèmes numériques,systemes numeriques,preferred,fr,ESCO
SKL_eababd164e1d,skill,systèmes d'information numériques,systemes d'information numeriques,alt,fr,ESCO
SKL_c18c5f00290e,skill,enseigner dans des contextes universitaires ou professionnels,enseigner dans des contextes universitaires ou professionnels,preferred,fr,ESCO
SKL_7d4032a04a10,skill,appliquer l’apprentissage mixte,appliquer l'apprentissage mixte,preferred,fr,ESCO
SKL_b1c2a4bc445a,skill,effectuer des sauvegardes,effectuer des sauvegardes,preferred,fr,ESCO
SKL_b1c2a4bc445a,skill,effectuer une sauvegarde,effectuer une sauvegarde,alt,fr,ESCO
SKL_b1c2a4bc445a,skill,exécuter des sauvegardes,executer des sauvegardes,alt,fr,ESCO
SKL_b1c2a4bc445a,skill,effectuer des sauvegardes de données,effectuer des sauvegardes de donnees,alt,fr,ESCO
SKL_b1c2a4bc445a,skill,réaliser des sauvegardes,realiser des sauvegardes,alt,fr,ESCO
SKL_b1c2a4bc445a,skill,sauvegarder des données,sauvegarder des donnees,alt,fr,ESCO
SKL_b1c2a4bc445a,skill,sauvegarder,sauvegarder,alt,fr,ESCO
SKL_f3f30c18c6c0,skill,créer des arbres sémantiques,creer des arbres semantiques,preferred,fr,ESCO
SKL_326678bb744d,skill,pièces de machines de tournage,pieces de machines de tournage,preferred,fr,ESCO
SKL_9ce640be2540,skill,déploiement de solutions,deploiement de solutions,preferred,fr,ESCO
SKL_9af593147852,skill,WhiteHat Sentinel,whitehat sentinel,preferred,fr,ESCO
SKL_c7c7c6f07c2b,skill,formation d’images,formation d'images,preferred,fr,ESCO
SKL_87447445d99d,skill,apprentissage profond,apprentissage profond,preferred,fr,ESCO
SKL_071d40f9fd14,skill,mener des recherches universitaires,mener des recherches universitaires,preferred,fr,ESCO
SKL_071d40f9fd14,skill,effectuer des recherches académiques,effectuer des recherches academiques,alt,fr,ESCO
SKL_071d40f9fd14,skill,réaliser des recherches académiques,realiser des recherches academiques,alt,fr,ESCO
SKL_071d40f9fd14,skill,accomplir des recherches académiques,accomplir des recherches academiques,alt,fr,ESCO
SKL_071d40f9fd14,skill,mener des travaux de recherche,mener des travaux de recherche,alt,fr,ESCO
SKL_071d40f9fd14,skill,entreprendre des recherches académiques,entreprendre des recherches academiques,alt,fr,ESCO
SKL_071d40f9fd14,skill,mener des activités de recherche,mener des activites de recherche,alt,fr,ESCO
SKL_a2b051fbd22d,skill,sciences du comportement,sciences du comportement,preferred,fr,ESCO
SKL_f46a3a3c6551,skill,OpenEdge Database,openedge database,preferred,fr,ESCO
SKL_56358ec7d691,skill,créer une architecture en nuage,creer une architecture en nuage,preferred,fr,ESCO
SKL_d0035b994078,skill,SPARQL,sparql,preferred,fr,ESCO
SKL_4fb65747edd3,skill,appliquer la gestion des conflits,appliquer la gestion des conflits,preferred,fr,ESCO
SKL_4aab07be640c,skill,JSSS,jsss,preferred,fr,ESCO
SKL_d49491e2fcc6,skill,traitement du signal,traitement du signal,preferred,fr,ESCO
SKL_d49491e2fcc6,skill,processeurs de traitement numérique du signal,processeurs de traitement numerique du signal,alt,fr,ESCO
SKL_d49491e2fcc6,skill,traitement numérique du signal,traitement numerique du signal,alt,fr,ESCO
SKL_d49491e2fcc6,skill,TNS,tns,alt,fr,ESCO
SKL_d49491e2fcc6,skill,transmission de données,transmission de donnees,alt,fr,ESCO
SKL_d49491e2fcc6,skill,processeurs de signal numérique,processeurs de signal numerique,alt,fr,ESCO
SKL_d49491e2fcc6,skill,DSP,dsp,alt,fr,ESCO
SKL_a8cf2d536f2f,skill,donner des conseils sur l'amélioration de la sécurité,donner des conseils sur l'amelioration de la securite,preferred,fr,ESCO
SKL_c6689c05585a,skill,psychologie cognitive,psychologie cognitive,preferred,fr,ESCO
SKL_87d1bd84a090,skill,utiliser une carte d’expérience,utiliser une carte d'experience,preferred,fr,ESCO
SKL_e83ea15281a7,skill,OpenEdge Advanced Business Language,openedge advanced business language,preferred,fr,ESCO
SKL_0932d09f80bf,skill,améliorer la visibilité d’un site web,ameliorer la visibilite d'un site web,preferred,fr,ESCO
SKL_0932d09f80bf,skill,utiliser les techniques de SEO,utiliser les techniques de seo,alt,fr,ESCO
SKL_0932d09f80bf,skill,accroître la visibilité d’un site web,accroitre la visibilite d'un site web,alt,fr,ESCO
SKL_0932d09f80bf,skill,améliorer le référencement d’un site web,ameliorer le referencement d'un site web,alt,fr,ESCO
SKL_0932d09f80bf,skill,améliorer la visibilité d’un site internet,ameliorer la visibilite d'un site internet,alt,fr,ESCO
SKL_0932d09f80bf,skill,optimiser un site web pour les moteurs de recherche,optimiser un site web pour les moteurs de recherche,alt,fr,ESCO
SKL_0932d09f80bf,skill,améliorer la visibilité et le trafic d’un site web,ameliorer la visibilite et le trafic d'un site web,alt,fr,ESCO
SKL_b973384e0f00,skill,gérer les plans de reprise d’activité,gerer les plans de reprise d'activite,preferred,fr,ESCO
SKL_d14f93296fe7,skill,installer des câbles basse tension,installer des cables basse tension,preferred,fr,ESCO
SKL_d14f93296fe7,skill,placer des câbles basse tension,placer des cables basse tension,alt,fr,ESCO
SKL_d14f93296fe7,skill,installer des câbles Ethernet,installer des cables ethernet,alt,fr,ESCO
SKL_d14f93296fe7,skill,installer des câbles réseau,installer des cables reseau,alt,fr,ESCO
SKL_d14f93296fe7,skill,installer des lignes basses tension,installer des lignes basses tension,alt,fr,ESCO
SKL_d14f93296fe7,skill,installer un câblage basse tension,installer un cablage basse tension,alt,fr,ESCO
SKL_d14f93296fe7,skill,brancher des câbles basse tension,brancher des cables basse tension,alt,fr,ESCO
SKL_7019e9976329,skill,Pascal (programmation informatique),pascal (programmation informatique),preferred,fr,ESCO
SKL_e08d0e304efc,skill,écrire l’histoire d’un jeu numérique,ecrire l'histoire d'un jeu numerique,preferred,fr,ESCO
SKL_e08d0e304efc,skill,raconter l’histoire d’un jeu vidéo,raconter l'histoire d'un jeu video,alt,fr,ESCO
SKL_e08d0e304efc,skill,écrire le récit d’un jeu numérique,ecrire le recit d'un jeu numerique,alt,fr,ESCO
SKL_e08d0e304efc,skill,rédiger l’histoire d’un jeu vidéo,rediger l'histoire d'un jeu video,alt,fr,ESCO
SKL_e08d0e304efc,skill,concevoir l’histoire d’un jeu vidéo,concevoir l'histoire d'un jeu video,alt,fr,ESCO
SKL_e08d0e304efc,skill,créer l’histoire d’un jeu vidéo,creer l'histoire d'un jeu video,alt,fr,ESCO
SKL_e08d0e304efc,skill,écrire l’histoire d’un jeu vidéo,ecrire l'histoire d'un jeu video,alt,fr,ESCO
SKL_d7981c6ceac0,skill,définir des politiques de conception de réseau TIC,definir des politiques de conception de reseau tic,preferred,fr,ESCO
SKL_96ee9eaa399f,skill,effectuer une procédure d'escalade,effectuer une procedure d'escalade,preferred,fr,ESCO
SKL_c89ab40dad70,skill,utiliser des technologies numériques de façon créative,utiliser des technologies numeriques de facon creative,preferred,fr,ESCO
SKL_0460149cc0ff,skill,gérer le système normalisé de planification des ressources d'une entreprise,gerer le systeme normalise de planification des ressources d'une entreprise,preferred,fr,ESCO
SKL_c3477b07a7f4,skill,utiliser des outils de précision,utiliser des outils de precision,preferred,fr,ESCO
SKL_fc36ef6f31c9,skill,Scala,scala,preferred,fr,ESCO
SKL_dc718588b284,skill,gérer les données et le stockage dans l’informatique en nuage,gerer les donnees et le stockage dans l'informatique en nuage,preferred,fr,ESCO
SKL_0639d47eb735,skill,gérer la documentation de manière adéquate,gerer la documentation de maniere adequate,preferred,fr,ESCO
SKL_0639d47eb735,skill,gérer la documentation en bonne et due forme,gerer la documentation en bonne et due forme,alt,fr,ESCO
SKL_0639d47eb735,skill,gérer les registres,gerer les registres,alt,fr,ESCO
SKL_7424fb651369,skill,création de contenus numériques,creation de contenus numeriques,preferred,fr,ESCO
SKL_75fa31fda74f,skill,OWASP ZAP,owasp zap,preferred,fr,ESCO
SKL_c9160ddc7dcd,skill,R,r,preferred,fr,ESCO
SKL_86420149ed27,skill,lecteur d’écran,lecteur d'ecran,preferred,fr,ESCO
SKL_86420149ed27,skill,logiciel de synthèse vocale,logiciel de synthese vocale,alt,fr,ESCO
SKL_86420149ed27,skill,technologie d'assistance à la lecture,technologie d'assistance a la lecture,alt,fr,ESCO
SKL_73124fb4add3,skill,utiliser le langage IDL,utiliser le langage idl,preferred,fr,ESCO
SKL_7fcbb1e10b41,skill,systèmes d’exploitation,systemes d'exploitation,preferred,fr,ESCO
SKL_6f4b7911d26d,skill,processus de création de contenu,processus de creation de contenu,preferred,fr,ESCO
SKL_29a041579e4f,skill,gérer des données juridiques,gerer des donnees juridiques,preferred,fr,ESCO
SKL_a1ccdf3bf43e,skill,collecter des données en matière de cyberdéfense,collecter des donnees en matiere de cyberdefense,preferred,fr,ESCO
SKL_89277e719209,skill,principes de l’intelligence artificielle,principes de l'intelligence artificielle,preferred,fr,ESCO
SKL_89277e719209,skill,principe de l’IdO,principe de l'ido,alt,fr,ESCO
SKL_89277e719209,skill,principe de l’intelligence artificielle,principe de l'intelligence artificielle,alt,fr,ESCO
SKL_89277e719209,skill,principes de l’IA,principes de l'ia,alt,fr,ESCO
SKL_89277e719209,skill,principe de l’Internet des objets,principe de l'internet des objets,alt,fr,ESCO
SKL_89277e719209,skill,théorie de l’intelligence artificielle,theorie de l'intelligence artificielle,alt,fr,ESCO
SKL_89277e719209,skill,bases de l’intelligence artificielle,bases de l'intelligence artificielle,alt,fr,ESCO
SKL_1f0193f209e9,skill,contrat intelligent,contrat intelligent,preferred,fr,ESCO
SKL_8845df37d0d0,skill,utiliser des bases de données,utiliser des bases de donnees,preferred,fr,ESCO
SKL_af1d52e02300,skill,Nexpose,nexpose,preferred,fr,ESCO
SKL_c763014c7d96,skill,planifier une migration vers l’informatique en nuage,planifier une migration vers l'informatique en nuage,preferred,fr,ESCO
SKL_45d570f6033e,skill,caractéristiques des produits,caracteristiques des produits,preferred,fr,ESCO
SKL_27d3d9fa396a,skill,gestion de l’identité numérique,gestion de l'identite numerique,preferred,fr,ESCO
SKL_27d3d9fa396a,skill,méthodes d'identité numérique,methodes d'identite numerique,alt,fr,ESCO
SKL_27d3d9fa396a,skill,IAM,iam,alt,fr,ESCO
SKL_a9effbb722ab,skill,aligner le logiciel sur l’architecture du système,aligner le logiciel sur l'architecture du systeme,preferred,fr,ESCO
SKL_59d4d75d1168,skill,créer un logiciel de test de jeux,creer un logiciel de test de jeux,preferred,fr,ESCO
SKL_f8b458719aec,skill,traduire les exigences en contenu,traduire les exigences en contenu,preferred,fr,ESCO
SKL_789d2af203ff,skill,automatiser les tâches en nuage,automatiser les taches en nuage,preferred,fr,ESCO
SKL_9cdd580294bf,skill,Lisp,lisp,preferred,fr,ESCO
SKL_f8b61597f142,skill,mener des recherches documentaires,mener des recherches documentaires,preferred,fr,ESCO
SKL_4b1e0bbd899c,skill,cadres d’applications décentralisées,cadres d'applications decentralisees,preferred,fr,ESCO
SKL_ba74f5ebe5fa,skill,littérature scientifique,litterature scientifique,preferred,fr,ESCO
SKL_ba74f5ebe5fa,skill,publications scientifiques,publications scientifiques,alt,fr,ESCO
SKL_05d942fe2ec4,skill,JavaScript Framework,javascript framework,preferred,fr,ESCO
SKL_95a37d406831,skill,construire des systèmes de recommandation,construire des systemes de recommandation,preferred,fr,ESCO
SKL_95a37d406831,skill,bâtir des systèmes de recommandation,batir des systemes de recommandation,alt,fr,ESCO
SKL_95a37d406831,skill,construire des plateformes de recommandation,construire des plateformes de recommandation,alt,fr,ESCO
SKL_95a37d406831,skill,créer des systèmes de recommandation,creer des systemes de recommandation,alt,fr,ESCO
SKL_95a37d406831,skill,filtrer l’information,filtrer l'information,alt,fr,ESCO
SKL_95a37d406831,skill,construire des moteurs de recommandation,construire des moteurs de recommandation,alt,fr,ESCO
SKL_95a37d406831,skill,construire des systèmes de filtrage collaboratif,construire des systemes de filtrage collaboratif,alt,fr,ESCO
SKL_165eec91c5d4,skill,identifier les besoins technologiques,identifier les besoins technologiques,preferred,fr,ESCO
SKL_9956fe48da2c,skill,entretenir le matériel d’un réseau d’information,entretenir le materiel d'un reseau d'information,preferred,fr,ESCO
SKL_885950a12687,skill,analyse des réseaux sociaux,analyse des reseaux sociaux,preferred,fr,ESCO
SKL_885950a12687,skill,méthodes d'analyse des réseaux sociaux,methodes d'analyse des reseaux sociaux,alt,fr,ESCO
SKL_1e8fe35aac35,skill,analyser les exigences des entreprises,analyser les exigences des entreprises,preferred,fr,ESCO
SKL_1e8fe35aac35,skill,analyser les risques liés aux produits pour le client,analyser les risques lies aux produits pour le client,alt,fr,ESCO
SKL_1e8fe35aac35,skill,analyser les besoins des entreprises,analyser les besoins des entreprises,alt,fr,ESCO
SKL_1e8fe35aac35,skill,examiner les exigences des entreprises,examiner les exigences des entreprises,alt,fr,ESCO
SKL_1e8fe35aac35,skill,étudier les exigences des entreprises,etudier les exigences des entreprises,alt,fr,ESCO
SKL_1e8fe35aac35,skill,analyser les exigences professionnelles,analyser les exigences professionnelles,alt,fr,ESCO
SKL_1e8fe35aac35,skill,passer en revue les exigences des entreprises,passer en revue les exigences des entreprises,alt,fr,ESCO
SKL_b9899d180c91,skill,fournir la documentation de test logiciel,fournir la documentation de test logiciel,preferred,fr,ESCO
SKL_671240690479,skill,planifier un test logiciel,planifier un test logiciel,preferred,fr,ESCO
SKL_b5cbafabb60c,skill,établir un plan de sécurité des TIC,etablir un plan de securite des tic,preferred,fr,ESCO
SKL_b5cbafabb60c,skill,établir un plan de prévention de la sécurité des TIC,etablir un plan de prevention de la securite des tic,alt,fr,ESCO
SKL_b1aa4a266780,skill,exécuter des calculs mathématiques et analytiques,executer des calculs mathematiques et analytiques,preferred,fr,ESCO
SKL_97b9ea638158,skill,utiliser un logiciel de FAO,utiliser un logiciel de fao,preferred,fr,ESCO
SKL_af0f4e78c7a3,skill,Nessus,nessus,preferred,fr,ESCO
SKL_c7910d3185cd,skill,assurer le respect des réglementations de l’entreprise,assurer le respect des reglementations de l'entreprise,preferred,fr,ESCO
SKL_1ba86fb9f29e,skill,éthique,ethique,preferred,fr,ESCO
SKL_e10148fa338b,skill,renseignements de police technique,renseignements de police technique,preferred,fr,ESCO
SKL_e10148fa338b,skill,analyse criminelle,analyse criminelle,alt,fr,ESCO
SKL_f8e97f763e19,skill,reconnaître les risques liés à la technologie de la blockchain,reconnaitre les risques lies a la technologie de la blockchain,preferred,fr,ESCO
SKL_f8e97f763e19,skill,identifier les risques dans la technologie blockchain,identifier les risques dans la technologie blockchain,alt,fr,ESCO
SKL_f8e97f763e19,skill,prédire les risques liés à la technologie blockchain,predire les risques lies a la technologie blockchain,alt,fr,ESCO
SKL_f8e97f763e19,skill,identifier les risques liés à la technologie blockchain,identifier les risques lies a la technologie blockchain,alt,fr,ESCO
SKL_f8e97f763e19,skill,prédire les risques dans la technologie blockchain,predire les risques dans la technologie blockchain,alt,fr,ESCO
SKL_4e42e5a0b309,skill,caractériser la gestion de l’identité fondée sur la technologie de la blockchain,caracteriser la gestion de l'identite fondee sur la technologie de la blockchain,preferred,fr,ESCO
SKL_4e42e5a0b309,skill,expliquer le système de gestion d'identité basé sur la blockchain,expliquer le systeme de gestion d'identite base sur la blockchain,alt,fr,ESCO
SKL_4e42e5a0b309,skill,expliquer le système de gestion des identités basé sur la blockchain,expliquer le systeme de gestion des identites base sur la blockchain,alt,fr,ESCO
SKL_43bb22c2490d,skill,enregistrement des incidents et des accidents,enregistrement des incidents et des accidents,preferred,fr,ESCO
SKL_20b3a1bd4b37,skill,expliquer les implications de la technologie de la blockchain,expliquer les implications de la technologie de la blockchain,preferred,fr,ESCO
SKL_20b3a1bd4b37,skill,expliquer les implications pratiques de la blockchain,expliquer les implications pratiques de la blockchain,alt,fr,ESCO
SKL_20b3a1bd4b37,skill,analyser les implications de la blockchain pour la gouvernance,analyser les implications de la blockchain pour la gouvernance,alt,fr,ESCO
SKL_e7fb6eaf90b6,skill,marché des TIC,marche des tic,preferred,fr,ESCO
SKL_d6e8c4e590ce,skill,logiciel de système d'analyse statistique,logiciel de systeme d'analyse statistique,preferred,fr,ESCO
SKL_c684401efd06,skill,système temps réel,systeme temps reel,preferred,fr,ESCO
SKL_73331ab8779f,skill,appliquer des opérations pour un environnement ITIL,appliquer des operations pour un environnement itil,preferred,fr,ESCO
SKL_1e17e9badaf4,skill,terminologie de la technologie de la blockchain,terminologie de la technologie de la blockchain,preferred,fr,ESCO
SKL_1e17e9badaf4,skill,termes de la chaîne de blocs,termes de la chaine de blocs,alt,fr,ESCO
SKL_1e17e9badaf4,skill,terminologie de la blockchain,terminologie de la blockchain,alt,fr,ESCO
SKL_1e17e9badaf4,skill,termes de la blockchain,termes de la blockchain,alt,fr,ESCO
SKL_62ddf5eab27d,skill,maintenir un système de TIC,maintenir un systeme de tic,preferred,fr,ESCO
SKL_36cc2d6edd1a,skill,systèmes d’exploitation mobiles,systemes d'exploitation mobiles,preferred,fr,ESCO
SKL_36cc2d6edd1a,skill,Ubuntu Touch OS,ubuntu touch os,hidden,fr,ESCO
SKL_36cc2d6edd1a,skill,Sailfish OS,sailfish os,hidden,fr,ESCO
SKL_36cc2d6edd1a,skill,Firefox OS,firefox os,hidden,fr,ESCO
SKL_36cc2d6edd1a,skill,Tizen,tizen,hidden,fr,ESCO
SKL_1058cd52f3ac,skill,IBM Informix,ibm informix,preferred,fr,ESCO
SKL_2638b6cbc5c4,skill,fournisseurs de composants logiciels,fournisseurs de composants logiciels,preferred,fr,ESCO
SKL_28d134745ea4,skill,concevoir des réseaux en nuage,concevoir des reseaux en nuage,preferred,fr,ESCO
SKL_74b00626b81c,skill,surveiller la saisie de données,surveiller la saisie de donnees,preferred,fr,ESCO
SKL_6bb3cc07b2cc,skill,histoire de la technologie de la blockchain,histoire de la technologie de la blockchain,preferred,fr,ESCO
SKL_6bb3cc07b2cc,skill,histoire de la blockchain,histoire de la blockchain,alt,fr,ESCO
SKL_6bb3cc07b2cc,skill,histoire de la technologie blockchain,histoire de la technologie blockchain,alt,fr,ESCO
SKL_a913b683ebd9,skill,Assembly (programmation informatique),assembly (programmation informatique),preferred,fr,ESCO
SKL_a06b16646953,skill,Hadoop,hadoop,preferred,fr,ESCO
SKL_07a57310c827,skill,déployer des ressources en nuage,deployer des ressources en nuage,preferred,fr,ESCO
SKL_c7f3dda43bfb,skill,améliorer les processus d’entreprise,ameliorer les processus d'entreprise,preferred,fr,ESCO
SKL_c7f3dda43bfb,skill,perfectionner les processus d’entreprise,perfectionner les processus d'entreprise,alt,fr,ESCO
SKL_c7f3dda43bfb,skill,renforcer les processus d’entreprise,renforcer les processus d'entreprise,alt,fr,ESCO
SKL_c7f3dda43bfb,skill,optimiser les processus d’entreprise,optimiser les processus d'entreprise,alt,fr,ESCO
SKL_c7f3dda43bfb,skill,améliorer une processus d’entreprise,ameliorer une processus d'entreprise,alt,fr,ESCO
SKL_c7f3dda43bfb,skill,optimaliser les processus d’entreprise,optimaliser les processus d'entreprise,alt,fr,ESCO
SKL_c7f3dda43bfb,skill,améliorer des processus d’entreprise,ameliorer des processus d'entreprise,alt,fr,ESCO
SKL_66664fb959be,skill,protocoles de communication dans le domaine des TIC,protocoles de communication dans le domaine des tic,preferred,fr,ESCO
SKL_66664fb959be,skill,protocoles de communication dans le domaine des TI,protocoles de communication dans le domaine des ti,alt,fr,ESCO
SKL_66664fb959be,skill,protocoles réseau,protocoles reseau,alt,fr,ESCO
SKL_66664fb959be,skill,suite TCP/IP,suite tcp/ip,alt,fr,ESCO
SKL_66664fb959be,skill,HTTP,http,alt,fr,ESCO
SKL_66664fb959be,skill,protocoles de communication dédiés aux TIC,protocoles de communication dedies aux tic,alt,fr,ESCO
SKL_66664fb959be,skill,protocoles de communication des TIC,protocoles de communication des tic,alt,fr,ESCO
SKL_96926ab90fab,skill,informatique décisionnelle,informatique decisionnelle,preferred,fr,ESCO
SKL_2246c5ebfabc,skill,interpréter des données actuelles,interpreter des donnees actuelles,preferred,fr,ESCO
SKL_42c8f4b09db4,skill,principes d’ingénierie,principes d'ingenierie,preferred,fr,ESCO
SKL_1548ab6bfafd,skill,réglementation des services fondés sur la technologie de la chaine de blocs,reglementation des services fondes sur la technologie de la chaine de blocs,preferred,fr,ESCO
SKL_1548ab6bfafd,skill,réglementation des services fondés sur la technologie de la blockchain,reglementation des services fondes sur la technologie de la blockchain,alt,fr,ESCO
SKL_1548ab6bfafd,skill,cadre réglementaire de la blockchain,cadre reglementaire de la blockchain,alt,fr,ESCO
SKL_1548ab6bfafd,skill,réglementations juridiques pour la blockchain,reglementations juridiques pour la blockchain,alt,fr,ESCO
SKL_1548ab6bfafd,skill,orientations juridiques pour la chaîne de blocs,orientations juridiques pour la chaine de blocs,alt,fr,ESCO
SKL_1548ab6bfafd,skill,cadre réglementaire pour la chaîne de blocs,cadre reglementaire pour la chaine de blocs,alt,fr,ESCO
SKL_1548ab6bfafd,skill,réglementations légales pour la blockchain,reglementations legales pour la blockchain,alt,fr,ESCO
SKL_1548ab6bfafd,skill,conseils juridiques pour la blockchain,conseils juridiques pour la blockchain,alt,fr,ESCO
SKL_2160823e5269,skill,stratégie de sécurité de l’information,strategie de securite de l'information,preferred,fr,ESCO
SKL_0c20c36ec856,skill,analyser les données de la base de données sur les canalisations de transport,analyser les donnees de la base de donnees sur les canalisations de transport,preferred,fr,ESCO
SKL_0c20c36ec856,skill,analyser les données de la base de données sur les pipelines,analyser les donnees de la base de donnees sur les pipelines,alt,fr,ESCO
SKL_0b061adb652d,skill,compréhension des produits,comprehension des produits,preferred,fr,ESCO
SKL_df8fb6fe7b07,skill,menaces de sécurité des applications web,menaces de securite des applications web,preferred,fr,ESCO
SKL_df8fb6fe7b07,skill,menaces de sécurité des réseaux et de l’information,menaces de securite des reseaux et de l'information,alt,fr,ESCO
SKL_df8fb6fe7b07,skill,menaces de sécurité d’une application web,menaces de securite d'une application web,alt,fr,ESCO
SKL_df8fb6fe7b07,skill,menaces de sécurité des sites web,menaces de securite des sites web,alt,fr,ESCO
SKL_df8fb6fe7b07,skill,OWASP,owasp,alt,fr,ESCO
SKL_df8fb6fe7b07,skill,problèmes de sécurité des applications web,problemes de securite des applications web,alt,fr,ESCO
SKL_df8fb6fe7b07,skill,dangers de sécurité des applications web,dangers de securite des applications web,alt,fr,ESCO
SKL_5adb63770fc7,skill,SAP Data Services,sap data services,preferred,fr,ESCO
SKL_9047686e98fd,skill,John The Ripper (outil de test d’intrusion),john the ripper (outil de test d'intrusion),preferred,fr,ESCO
SKL_5f8845f1d5e0,skill,réfléchir de manière abstraite,reflechir de maniere abstraite,preferred,fr,ESCO
SKL_0247ba633d54,skill,utiliser un logiciel de gestion de la relation avec le client,utiliser un logiciel de gestion de la relation avec le client,preferred,fr,ESCO
SKL_2a5b118ca0e3,skill,optimiser le choix d’une solution TIC,optimiser le choix d'une solution tic,preferred,fr,ESCO
SKL_030cdb77fd91,skill,serveurs mandataires,serveurs mandataires,preferred,fr,ESCO
SKL_030cdb77fd91,skill,serveurs proxy,serveurs proxy,alt,fr,ESCO
SKL_030cdb77fd91,skill,serveur web Nginx,serveur web nginx,alt,fr,ESCO
SKL_370980230f11,skill,utiliser une interface spécifique à une application,utiliser une interface specifique a une application,preferred,fr,ESCO
SKL_de442b1bdbd6,skill,aider des clients,aider des clients,preferred,fr,ESCO
SKL_bd3dc9b1b19e,skill,entretenir des relations avec des clients,entretenir des relations avec des clients,preferred,fr,ESCO
SKL_ba0548301caf,skill,normes de qualité,normes de qualite,preferred,fr,ESCO
SKL_d00c0cbdf6af,skill,évaluer les connaissances en TIC,evaluer les connaissances en tic,preferred,fr,ESCO
SKL_d00c0cbdf6af,skill,acquérir des connaissances en TIC,acquerir des connaissances en tic,alt,fr,ESCO
SKL_d00c0cbdf6af,skill,capturer des connaissances en TI,capturer des connaissances en ti,alt,fr,ESCO
SKL_d00c0cbdf6af,skill,capturer des connaissances en TIC,capturer des connaissances en tic,alt,fr,ESCO
SKL_d00c0cbdf6af,skill,évaluer les connaissances relatives aux TIC,evaluer les connaissances relatives aux tic,alt,fr,ESCO
SKL_d00c0cbdf6af,skill,évaluer les connaissances en informatique,evaluer les connaissances en informatique,alt,fr,ESCO
SKL_d00c0cbdf6af,skill,évaluer les connaissances informatiques,evaluer les connaissances informatiques,alt,fr,ESCO
SKL_f4563277b108,skill,définir des normes de qualité,definir des normes de qualite,preferred,fr,ESCO
SKL_ab58f79b14a7,skill,réseau de portes programmables,reseau de portes programmables,preferred,fr,ESCO
SKL_0e0ddaf5873f,skill,normes de sécurité des TIC,normes de securite des tic,preferred,fr,ESCO
SKL_0e0ddaf5873f,skill,standards de sécurité des TIC,standards de securite des tic,alt,fr,ESCO
SKL_0e0ddaf5873f,skill,conformité en matière de sécurité des TIC,conformite en matiere de securite des tic,alt,fr,ESCO
SKL_0e0ddaf5873f,skill,cadres de cybersécurité,cadres de cybersecurite,alt,fr,ESCO
SKL_0e0ddaf5873f,skill,normes de cybersécurité,normes de cybersecurite,alt,fr,ESCO
SKL_0e0ddaf5873f,skill,normes en matière de sécurité des TIC,normes en matiere de securite des tic,alt,fr,ESCO
SKL_0e0ddaf5873f,skill,normes ISO,normes iso,alt,fr,ESCO
SKL_0e0ddaf5873f,skill,conformité en matière de cybersécurité,conformite en matiere de cybersecurite,alt,fr,ESCO
SKL_0e0ddaf5873f,skill,conformité en matière de sécurité de l'information,conformite en matiere de securite de l'information,alt,fr,ESCO
SKL_0e0ddaf5873f,skill,normes de sécurité informatique,normes de securite informatique,alt,fr,ESCO
SKL_0e0ddaf5873f,skill,cadres de sécurité informatique,cadres de securite informatique,alt,fr,ESCO
SKL_0e0ddaf5873f,skill,cadres de sécurité de l'information,cadres de securite de l'information,alt,fr,ESCO
SKL_0e0ddaf5873f,skill,conformités en matière de cybersécurité,conformites en matiere de cybersecurite,alt,fr,ESCO
SKL_0e0ddaf5873f,skill,conformités en matière de sécurité de l'information,conformites en matiere de securite de l'information,alt,fr,ESCO
SKL_0e0ddaf5873f,skill,conformité à la sécurité des TIC,conformite a la securite des tic,alt,fr,ESCO
SKL_0e0ddaf5873f,skill,normes relatives à la sécurité des TIC,normes relatives a la securite des tic,alt,fr,ESCO
SKL_0e0ddaf5873f,skill,normes de sécurité de l'information,normes de securite de l'information,alt,fr,ESCO
SKL_0e0ddaf5873f,skill,cadres de sécurité des TIC,cadres de securite des tic,alt,fr,ESCO
SKL_0e0ddaf5873f,skill,règles de sécurité informatique,regles de securite informatique,alt,fr,ESCO
SKL_6b32ff1ba138,skill,méthodes de développement de logiciels,methodes de developpement de logiciels,preferred,fr,ESCO
SKL_962ed8d38c4e,skill,Common Lisp,common lisp,preferred,fr,ESCO
SKL_6924454c4c1e,skill,préparer des rapports d’audit financier,preparer des rapports d'audit financier,preferred,fr,ESCO
SKL_845971a3c198,skill,évaluer les commentaires des clients,evaluer les commentaires des clients,preferred,fr,ESCO
SKL_845971a3c198,skill,analyser les commentaires des clients,analyser les commentaires des clients,alt,fr,ESCO
SKL_845971a3c198,skill,évaluer les retours des clients,evaluer les retours des clients,alt,fr,ESCO
SKL_845971a3c198,skill,mesurer les commentaires des clients,mesurer les commentaires des clients,alt,fr,ESCO
SKL_48a7dd78245f,skill,stratégies de vente,strategies de vente,preferred,fr,ESCO
SKL_48a7dd78245f,skill,stratégies commerciales,strategies commerciales,alt,fr,ESCO
SKL_f388889ccd53,skill,faire une présentation en direct,faire une presentation en direct,preferred,fr,ESCO
SKL_0cec36746a78,skill,faire preuve d’une expertise disciplinaire,faire preuve d'une expertise disciplinaire,preferred,fr,ESCO
SKL_f32027a81e9b,skill,gérer des données de recherche,gerer des donnees de recherche,preferred,fr,ESCO
SKL_7fafd50b81a5,skill,ouverture de la chaîne de blocs,ouverture de la chaine de blocs,preferred,fr,ESCO
SKL_1124817a720e,skill,JavaScript,javascript,preferred,fr,ESCO
SKL_1124817a720e,skill,Escript,escript,alt,fr,ESCO
SKL_1124817a720e,skill,JavaScript 1.7,javascript 1.7,alt,fr,ESCO
SKL_1124817a720e,skill,Client-side JavaScript,client-side javascript,alt,fr,ESCO
SKL_1124817a720e,skill,JavaScripts,javascripts,alt,fr,ESCO
SKL_1124817a720e,skill,Mocha,mocha,alt,fr,ESCO
SKL_1124817a720e,skill,Server-side JavaScript,server-side javascript,alt,fr,ESCO
SKL_1124817a720e,skill,Live script,live script,alt,fr,ESCO
SKL_1124817a720e,skill,CSJS,csjs,alt,fr,ESCO
SKL_1124817a720e,skill,JavaScript 1.6,javascript 1.6,alt,fr,ESCO
SKL_1124817a720e,skill,JavaScript,javascript,hidden,fr,ESCO
SKL_1124817a720e,skill,Live-Script,live-script,hidden,fr,ESCO
SKL_1124817a720e,skill,Java script,java script,hidden,fr,ESCO
SKL_ee642b56a8f9,skill,modèle d’externalisation,modele d'externalisation,preferred,fr,ESCO
SKL_81167559edfd,skill,MATLAB,matlab,preferred,fr,ESCO
SKL_8d1f7cbb3377,skill,normes d’accessibilité TIC,normes d'accessibilite tic,preferred,fr,ESCO
SKL_8d1f7cbb3377,skill,Web Content Accessibility Guidelines,web content accessibility guidelines,alt,fr,ESCO
SKL_8d1f7cbb3377,skill,guide d’accès au contenu web,guide d'acces au contenu web,alt,fr,ESCO
SKL_8d1f7cbb3377,skill,WCAG,wcag,alt,fr,ESCO
SKL_8d1f7cbb3377,skill,normes d’accessibilité des TIC,normes d'accessibilite des tic,alt,fr,ESCO
SKL_8d1f7cbb3377,skill,normes d’accessibilité et directives,normes d'accessibilite et directives,alt,fr,ESCO
SKL_d4b77317c825,skill,utiliser un logiciel de présentation,utiliser un logiciel de presentation,preferred,fr,ESCO
SKL_d4b77317c825,skill,GoAnimate,goanimate,hidden,fr,ESCO
SKL_d4b77317c825,skill,CustomShow,customshow,hidden,fr,ESCO
SKL_d4b77317c825,skill,Slide Bureau,slide bureau,hidden,fr,ESCO
SKL_d4b77317c825,skill,LibreOffice Impress,libreoffice impress,hidden,fr,ESCO
SKL_d4b77317c825,skill,Slideshark,slideshark,hidden,fr,ESCO
SKL_d4b77317c825,skill,Preseria,preseria,hidden,fr,ESCO
SKL_d4b77317c825,skill,MediaShout,mediashout,hidden,fr,ESCO
SKL_d4b77317c825,skill,Google Slides,google slides,hidden,fr,ESCO
SKL_d4b77317c825,skill,Articulate Presenter,articulate presenter,hidden,fr,ESCO
SKL_d4b77317c825,skill,SnagIt,snagit,hidden,fr,ESCO
SKL_d4b77317c825,skill,KnowledgeVision,knowledgevision,hidden,fr,ESCO
SKL_d4b77317c825,skill,Emaze,emaze,hidden,fr,ESCO
SKL_d4b77317c825,skill,Haiku Deck,haiku deck,hidden,fr,ESCO
SKL_d4b77317c825,skill,Corel Presentations,corel presentations,hidden,fr,ESCO
SKL_d4b77317c825,skill,Kingsoft Office Presentation,kingsoft office presentation,hidden,fr,ESCO
SKL_d4b77317c825,skill,Powtoon,powtoon,hidden,fr,ESCO
SKL_d4b77317c825,skill,SlideDog,slidedog,hidden,fr,ESCO
SKL_d4b77317c825,skill,Kineticast,kineticast,hidden,fr,ESCO
SKL_d4b77317c825,skill,Adobe Persuation,adobe persuation,hidden,fr,ESCO
SKL_d4b77317c825,skill,ClearSlide,clearslide,hidden,fr,ESCO
SKL_d4b77317c825,skill,Evernote Presentations,evernote presentations,hidden,fr,ESCO
SKL_d4b77317c825,skill,Microsoft Office PowerPoint,microsoft office powerpoint,hidden,fr,ESCO
SKL_d4b77317c825,skill,Prezi,prezi,hidden,fr,ESCO
SKL_d4b77317c825,skill,VisualBee,visualbee,hidden,fr,ESCO
SKL_d4b77317c825,skill,SlideShare,slideshare,hidden,fr,ESCO
SKL_d4b77317c825,skill,Adobe Ovation,adobe ovation,hidden,fr,ESCO
SKL_1769646821a8,skill,feuille de route pour la mise en œuvre de la technologie de la chaine de blocs,feuille de route pour la mise en oeuvre de la technologie de la chaine de blocs,preferred,fr,ESCO
SKL_1769646821a8,skill,créer une feuille de route blockchain dans les applications,creer une feuille de route blockchain dans les applications,alt,fr,ESCO
SKL_b7ce18b01c97,skill,Microsoft Visio,microsoft visio,preferred,fr,ESCO
SKL_b52f6b21f082,skill,SAP R3,sap r3,preferred,fr,ESCO
SKL_9a283c5620fd,skill,gérer les connaissances du marché,gerer les connaissances du marche,preferred,fr,ESCO
SKL_9a283c5620fd,skill,prendre en charge la gestion des connaissances de l’entreprise,prendre en charge la gestion des connaissances de l'entreprise,alt,fr,ESCO
SKL_9a283c5620fd,skill,administrer les connaissances de l’entreprise,administrer les connaissances de l'entreprise,alt,fr,ESCO
SKL_9a283c5620fd,skill,développer les connaissances de l’entreprise,developper les connaissances de l'entreprise,alt,fr,ESCO
SKL_9a283c5620fd,skill,gérer les connaissances dans l’entreprise,gerer les connaissances dans l'entreprise,alt,fr,ESCO
SKL_9a283c5620fd,skill,gérer le savoir de l’entreprise,gerer le savoir de l'entreprise,alt,fr,ESCO
SKL_6d0bdba7a8b1,skill,politique de gestion interne des risques,politique de gestion interne des risques,preferred,fr,ESCO
SKL_6d0bdba7a8b1,skill,système de gestion interne des risques,systeme de gestion interne des risques,alt,fr,ESCO
SKL_6d0bdba7a8b1,skill,mesure de gestion interne des risques,mesure de gestion interne des risques,alt,fr,ESCO
SKL_6d0bdba7a8b1,skill,procédure de gestion interne des risques,procedure de gestion interne des risques,alt,fr,ESCO
SKL_6d0bdba7a8b1,skill,politique de gestion des risques,politique de gestion des risques,alt,fr,ESCO
SKL_6d0bdba7a8b1,skill,politique de contrôle interne des risques,politique de controle interne des risques,alt,fr,ESCO
SKL_6d0bdba7a8b1,skill,processus de gestion interne des risques,processus de gestion interne des risques,alt,fr,ESCO
SKL_caa92afcdf36,skill,utiliser des langages de balisage,utiliser des langages de balisage,preferred,fr,ESCO
SKL_caa92afcdf36,skill,utiliser SVG,utiliser svg,alt,fr,ESCO
SKL_caa92afcdf36,skill,utiliser XHTML,utiliser xhtml,alt,fr,ESCO
SKL_caa92afcdf36,skill,utiliser RSS,utiliser rss,alt,fr,ESCO
SKL_caa92afcdf36,skill,utiliser des langages de description de page,utiliser des langages de description de page,alt,fr,ESCO
SKL_caa92afcdf36,skill,utiliser XML,utiliser xml,alt,fr,ESCO
SKL_caa92afcdf36,skill,utiliser des langages de description,utiliser des langages de description,alt,fr,ESCO
SKL_caa92afcdf36,skill,utiliser HTML,utiliser html,alt,fr,ESCO
SKL_9d13f5ec1fdf,skill,mener une étude de faisabilité,mener une etude de faisabilite,preferred,fr,ESCO
SKL_35f33383eda7,skill,protection des données,protection des donnees,preferred,fr,ESCO
SKL_70a487b401b1,skill,gérer la localisation,gerer la localisation,preferred,fr,ESCO
SKL_70a487b401b1,skill,administrer la localisation,administrer la localisation,alt,fr,ESCO
SKL_70a487b401b1,skill,assurer la gestion de la localisation,assurer la gestion de la localisation,alt,fr,ESCO
SKL_70a487b401b1,skill,gérer la traduction et la localisation,gerer la traduction et la localisation,alt,fr,ESCO
SKL_70a487b401b1,skill,gérer la localisation de logiciels,gerer la localisation de logiciels,alt,fr,ESCO
SKL_70a487b401b1,skill,contrôler la localisation,controler la localisation,alt,fr,ESCO
SKL_70a487b401b1,skill,superviser la localisation,superviser la localisation,alt,fr,ESCO
SKL_c70564109e85,skill,gestion des risques,gestion des risques,preferred,fr,ESCO
SKL_fa3ca530b552,skill,développer une suite de tests TIC,developper une suite de tests tic,preferred,fr,ESCO
SKL_fa3ca530b552,skill,concevoir une batterie de tests,concevoir une batterie de tests,alt,fr,ESCO
SKL_fa3ca530b552,skill,élaborer une suite de tests TIC,elaborer une suite de tests tic,alt,fr,ESCO
SKL_fa3ca530b552,skill,concevoir une séquence de tests,concevoir une sequence de tests,alt,fr,ESCO
SKL_fa3ca530b552,skill,concevoir une suite de tests TIC,concevoir une suite de tests tic,alt,fr,ESCO
SKL_fa3ca530b552,skill,développer une suite de tests informatiques,developper une suite de tests informatiques,alt,fr,ESCO
SKL_fa3ca530b552,skill,concevoir des tests logiciels,concevoir des tests logiciels,alt,fr,ESCO
SKL_3f9f22b21c7f,skill,rédiger des documents scientifiques ou articles universitaires et des documents techniques,rediger des documents scientifiques ou articles universitaires et des documents techniques,preferred,fr,ESCO
SKL_a7c157e96f4c,skill,Teradata Database,teradata database,preferred,fr,ESCO
SKL_b5bcb2fa8e6d,skill,plateformes matérielles,plateformes materielles,preferred,fr,ESCO
SKL_4fdff2983c01,skill,prévoir les besoins futurs d’un réseau TIC,prevoir les besoins futurs d'un reseau tic,preferred,fr,ESCO
SKL_9cd6fbd61736,skill,site web de dépannage,site web de depannage,preferred,fr,ESCO
SKL_9cd6fbd61736,skill,site web de résolution de problèmes,site web de resolution de problemes,alt,fr,ESCO
SKL_9cd6fbd61736,skill,site internet de dépannage,site internet de depannage,alt,fr,ESCO
SKL_9cd6fbd61736,skill,assistant de résolution des problèmes,assistant de resolution des problemes,alt,fr,ESCO
SKL_9cd6fbd61736,skill,dépannage en ligne,depannage en ligne,alt,fr,ESCO
SKL_9cd6fbd61736,skill,plateforme web de dépannage,plateforme web de depannage,alt,fr,ESCO
SKL_9cd6fbd61736,skill,assistant de dépannage,assistant de depannage,alt,fr,ESCO
SKL_16afd0438ee4,skill,gérer la sécurité du système,gerer la securite du systeme,preferred,fr,ESCO
SKL_16afd0438ee4,skill,gérer un système de détection d’intrusion,gerer un systeme de detection d'intrusion,alt,fr,ESCO
SKL_16afd0438ee4,skill,gérer la sécurité de l’information,gerer la securite de l'information,alt,fr,ESCO
SKL_16afd0438ee4,skill,appliquer des techniques de gestion de la sécurité,appliquer des techniques de gestion de la securite,alt,fr,ESCO
SKL_16afd0438ee4,skill,assurer la sécurité du système,assurer la securite du systeme,alt,fr,ESCO
SKL_16afd0438ee4,skill,protéger un système,proteger un systeme,alt,fr,ESCO
SKL_16afd0438ee4,skill,gérer la sécurité du système informatique,gerer la securite du systeme informatique,alt,fr,ESCO
SKL_16afd0438ee4,skill,garantir la sécurité du système,garantir la securite du systeme,alt,fr,ESCO
SKL_dc34bf5c3028,skill,législation sur les droits d'auteur,legislation sur les droits d'auteur,preferred,fr,ESCO
SKL_dc34bf5c3028,skill,loi sur le copyright,loi sur le copyright,alt,fr,ESCO
SKL_d109a693537c,skill,DevOps,devops,preferred,fr,ESCO
SKL_1cf5e7517e2b,skill,gérer des données quantitatives,gerer des donnees quantitatives,preferred,fr,ESCO
SKL_f64c2563ef6a,skill,suivre les avancées dans un domaine d’expertise,suivre les avancees dans un domaine d'expertise,preferred,fr,ESCO
SKL_f6deffac4dbf,skill,maintenir les performances d’une base de données,maintenir les performances d'une base de donnees,preferred,fr,ESCO
SKL_02da79fc2058,skill,réseaux neuronaux artificiels,reseaux neuronaux artificiels,preferred,fr,ESCO
SKL_e2444ee1c7e2,skill,QlikView Expressor,qlikview expressor,preferred,fr,ESCO
SKL_d8365db0bf51,skill,processus de conception,processus de conception,preferred,fr,ESCO
SKL_d8365db0bf51,skill,processus de création,processus de creation,alt,fr,ESCO
SKL_d8365db0bf51,skill,procédé de conception,procede de conception,alt,fr,ESCO
SKL_d8365db0bf51,skill,démarche de conception,demarche de conception,alt,fr,ESCO
SKL_d8365db0bf51,skill,phase de conception,phase de conception,alt,fr,ESCO
SKL_d8365db0bf51,skill,conception du processus,conception du processus,alt,fr,ESCO
SKL_1cf292a8c0ee,skill,suivre la recherche dans le domaine des TIC,suivre la recherche dans le domaine des tic,preferred,fr,ESCO
SKL_4687c1d5b8d4,skill,Salt (outils de gestion de configuration logicielle),salt (outils de gestion de configuration logicielle),preferred,fr,ESCO
SKL_64d0f91234b1,skill,planifier le processus de recherche,planifier le processus de recherche,preferred,fr,ESCO
SKL_88e58a1e2200,skill,procéder à la reprogrammation de l’informatique en nuage,proceder a la reprogrammation de l'informatique en nuage,preferred,fr,ESCO
SKL_e3432fd32735,skill,gouvernance durable des entreprises,gouvernance durable des entreprises,preferred,fr,ESCO
SKL_e3432fd32735,skill,stratégies de développement durable des entreprises,strategies de developpement durable des entreprises,alt,fr,ESCO
SKL_d59826d05417,skill,tester des requêtes TIC,tester des requetes tic,preferred,fr,ESCO
SKL_abed322709f3,skill,BlackArch,blackarch,preferred,fr,ESCO
SKL_a85869292402,skill,data ingineering,data ingineering,preferred,fr,ESCO
SKL_a85869292402,skill,ingénierie de données,ingenierie de donnees,alt,fr,ESCO
SKL_a85869292402,skill,méthodes d'ingénierie des données,methodes d'ingenierie des donnees,alt,fr,ESCO
SKL_22a187393619,skill,Angular,angular,preferred,fr,ESCO
SKL_fac53db94872,skill,tester l’accessibilité d’un système pour des utilisateurs ayant des besoins spécifiques,tester l'accessibilite d'un systeme pour des utilisateurs ayant des besoins specifiques,preferred,fr,ESCO
SKL_7efcdffab3b3,skill,effectuer des audits de la qualité,effectuer des audits de la qualite,preferred,fr,ESCO
SKL_4dd5e118bd42,skill,traiter des échantillons de données,traiter des echantillons de donnees,preferred,fr,ESCO
SKL_929f2bc40d7c,skill,gérer une base de données,gerer une base de donnees,preferred,fr,ESCO
SKL_929f2bc40d7c,skill,constituer une base de données,constituer une base de donnees,alt,fr,ESCO
SKL_929f2bc40d7c,skill,administrer une base de données,administrer une base de donnees,alt,fr,ESCO
SKL_929f2bc40d7c,skill,gérer des bases de données,gerer des bases de donnees,alt,fr,ESCO
SKL_929f2bc40d7c,skill,administrer le système de gestion de la base de données,administrer le systeme de gestion de la base de donnees,alt,fr,ESCO
SKL_929f2bc40d7c,skill,gérer la base de données,gerer la base de donnees,alt,fr,ESCO
SKL_929f2bc40d7c,skill,développer une base de données,developper une base de donnees,alt,fr,ESCO
SKL_0f00ad51113a,skill,mettre au point un logiciel d’élaboration de rapports,mettre au point un logiciel d'elaboration de rapports,preferred,fr,ESCO
SKL_acb7132e14ad,skill,maintenir un serveur,maintenir un serveur,preferred,fr,ESCO
SKL_138d3c16c190,skill,utiliser des outils de génie logiciel assisté par ordinateur,utiliser des outils de genie logiciel assiste par ordinateur,preferred,fr,ESCO
SKL_24975ae05372,skill,surveiller le contrôle de la qualité,surveiller le controle de la qualite,preferred,fr,ESCO
SKL_fa86dc413a7c,skill,diffuser des résultats à la communauté scientifique,diffuser des resultats a la communaute scientifique,preferred,fr,ESCO
SKL_3daf970c81e6,skill,gérer des projets de création de contenu,gerer des projets de creation de contenu,preferred,fr,ESCO
SKL_3daf970c81e6,skill,contrôler des projets de création de contenu,controler des projets de creation de contenu,alt,fr,ESCO
SKL_3daf970c81e6,skill,mettre en œuvre une stratégie de contenu,mettre en oeuvre une strategie de contenu,alt,fr,ESCO
SKL_3daf970c81e6,skill,gérer des projets de développement de contenu,gerer des projets de developpement de contenu,alt,fr,ESCO
SKL_3daf970c81e6,skill,gérer des projets de création de contenus,gerer des projets de creation de contenus,alt,fr,ESCO
SKL_3daf970c81e6,skill,administrer des projets de création de contenu,administrer des projets de creation de contenu,alt,fr,ESCO
SKL_063550b14c8c,skill,gérer la classification des données sur les TIC,gerer la classification des donnees sur les tic,preferred,fr,ESCO
SKL_9d372184f770,skill,méthodes d’essai de matériel informatique,methodes d'essai de materiel informatique,preferred,fr,ESCO
SKL_9d372184f770,skill,méthodes d’essai de hardware,methodes d'essai de hardware,alt,fr,ESCO
SKL_40ecf692a0cf,skill,présenter des preuves,presenter des preuves,preferred,fr,ESCO
SKL_dc7da142d8bb,skill,analyse des soins de santé,analyse des soins de sante,preferred,fr,ESCO
SKL_dc7da142d8bb,skill,analyse des données sur les soins de santé,analyse des donnees sur les soins de sante,alt,fr,ESCO
SKL_dc7da142d8bb,skill,analyse des données de santé,analyse des donnees de sante,alt,fr,ESCO
SKL_e4e2ec90812e,skill,législation sociale,legislation sociale,preferred,fr,ESCO
SKL_e4e2ec90812e,skill,législation du travail,legislation du travail,alt,fr,ESCO
SKL_cbd97a2e6290,skill,appliquer la gestion du changement,appliquer la gestion du changement,preferred,fr,ESCO
SKL_2c4e150b3816,skill,SQL,sql,preferred,fr,ESCO
SKL_2c4e150b3816,skill,Subquery,subquery,alt,fr,ESCO
SKL_2c4e150b3816,skill,Informix 4GL/SQL,informix 4gl/sql,alt,fr,ESCO
SKL_2c4e150b3816,skill,SEQUEL,sequel,alt,fr,ESCO
SKL_e611a343e4e9,skill,concevoir l’arrangement du matériel TIC,concevoir l'arrangement du materiel tic,preferred,fr,ESCO
SKL_327b78a43765,skill,STAF,staf,preferred,fr,ESCO
SKL_6c3ae14bc83c,skill,promouvoir la sensibilisation à l'environnement,promouvoir la sensibilisation a l'environnement,preferred,fr,ESCO
SKL_3f39269f8a92,skill,système interorganisationnel de logiciels médiateurs,systeme interorganisationnel de logiciels mediateurs,preferred,fr,ESCO
SKL_3f39269f8a92,skill,IOMS,ioms,alt,fr,ESCO
SKL_16961efeb0ab,skill,développement rapide d’applications,developpement rapide d'applications,preferred,fr,ESCO
SKL_77f91ccfa0fc,skill,mesure de l’audience d’un site internet,mesure de l'audience d'un site internet,preferred,fr,ESCO
SKL_2f6bd9df1a40,skill,analyse des risques d’utilisation d’un produit,analyse des risques d'utilisation d'un produit,preferred,fr,ESCO
SKL_2f6bd9df1a40,skill,évaluation des risques d’un produit,evaluation des risques d'un produit,alt,fr,ESCO
SKL_2f6bd9df1a40,skill,gestion des risques d’un produit,gestion des risques d'un produit,alt,fr,ESCO
SKL_2f6bd9df1a40,skill,évaluation des risques d’un produit d’un client,evaluation des risques d'un produit d'un client,alt,fr,ESCO
SKL_2f6bd9df1a40,skill,gestion des risques d’utilisation d’un produit,gestion des risques d'utilisation d'un produit,alt,fr,ESCO
SKL_2f6bd9df1a40,skill,analyse des risques liés à l’utilisation d’un produit,analyse des risques lies a l'utilisation d'un produit,alt,fr,ESCO
SKL_2f6bd9df1a40,skill,analyse des risques d’un produit,analyse des risques d'un produit,alt,fr,ESCO
SKL_3887cab28790,skill,utiliser la programmation logique,utiliser la programmation logique,preferred,fr,ESCO
SKL_1d12e8aaef7d,skill,mettre à profit les médias sociaux à des fins de marketing,mettre a profit les medias sociaux a des fins de marketing,preferred,fr,ESCO
SKL_8dd0d4b0a0f0,skill,développement en cascade,developpement en cascade,preferred,fr,ESCO
SKL_7316456072df,skill,recherche opérationnelle,recherche operationnelle,preferred,fr,ESCO
SKL_7316456072df,skill,analyse des opérations,analyse des operations,alt,fr,ESCO
SKL_53c3c74ab3d8,skill,domaines d’application de la technologie de la blockchain,domaines d'application de la technologie de la blockchain,preferred,fr,ESCO
SKL_53c3c74ab3d8,skill,domaines d'application de la blockchain,domaines d'application de la blockchain,alt,fr,ESCO
SKL_53c3c74ab3d8,skill,champs d’application de la blockchain,champs d'application de la blockchain,alt,fr,ESCO
SKL_53c3c74ab3d8,skill,champs d’application de la chaîne de blocs,champs d'application de la chaine de blocs,alt,fr,ESCO
SKL_275cb7c82576,skill,recherche pluridisciplinaire,recherche pluridisciplinaire,preferred,fr,ESCO
SKL_275cb7c82576,skill,méthodes de recherche multidisciplinaires,methodes de recherche multidisciplinaires,alt,fr,ESCO
SKL_9fc5ffd462ae,skill,Java (programmation informatique),java (programmation informatique),preferred,fr,ESCO
SKL_9fc5ffd462ae,skill,Java Posse,java posse,alt,fr,ESCO
SKL_9fc5ffd462ae,skill,Javax,javax,alt,fr,ESCO
SKL_2b386dc088dc,skill,Scratch (programmation informatique),scratch (programmation informatique),preferred,fr,ESCO
SKL_373c6aa909f7,skill,caractéristiques des services,caracteristiques des services,preferred,fr,ESCO
SKL_1911edef9778,skill,assurer la gestion de projets,assurer la gestion de projets,preferred,fr,ESCO
SKL_40d131c16648,skill,suivre des indicateurs clés de performance,suivre des indicateurs cles de performance,preferred,fr,ESCO
SKL_1c64576763e5,skill,transférer des données existantes,transferer des donnees existantes,preferred,fr,ESCO
SKL_4f28193013fe,skill,utiliser des techniques de traitement des données,utiliser des techniques de traitement des donnees,preferred,fr,ESCO
SKL_19a46cabd4d8,skill,appliquer les politiques relatives à l’utilisation des systèmes TIC,appliquer les politiques relatives a l'utilisation des systemes tic,preferred,fr,ESCO
SKL_a06ae49b7664,skill,traduire les exigences en conception visuelle,traduire les exigences en conception visuelle,preferred,fr,ESCO
SKL_31eb2c110ee8,skill,architectures matérielles,architectures materielles,preferred,fr,ESCO
SKL_005ef90287cd,skill,TripleStore,triplestore,preferred,fr,ESCO
SKL_0dd7f35929a5,skill,utiliser un logiciel de tableur,utiliser un logiciel de tableur,preferred,fr,ESCO
SKL_0dd7f35929a5,skill,Ability Office Spreadsheet,ability office spreadsheet,hidden,fr,ESCO
SKL_0dd7f35929a5,skill,CellPro,cellpro,hidden,fr,ESCO
SKL_0dd7f35929a5,skill,Kingsoft Spreadsheet,kingsoft spreadsheet,hidden,fr,ESCO
SKL_0dd7f35929a5,skill,DhtmlxSpreadsheet,dhtmlxspreadsheet,hidden,fr,ESCO
SKL_0dd7f35929a5,skill,QT Calc Express,qt calc express,hidden,fr,ESCO
SKL_0dd7f35929a5,skill,Household Budget Worksheet,household budget worksheet,hidden,fr,ESCO
SKL_0dd7f35929a5,skill,Sphygmic Software Spreadsheet,sphygmic software spreadsheet,hidden,fr,ESCO
SKL_0dd7f35929a5,skill,Dolphinity Planner,dolphinity planner,hidden,fr,ESCO
SKL_0dd7f35929a5,skill,LibreOffice Calc,libreoffice calc,hidden,fr,ESCO
SKL_0dd7f35929a5,skill,Calligra Sheets,calligra sheets,hidden,fr,ESCO
SKL_0dd7f35929a5,skill,Microsoft Office Excel,microsoft office excel,hidden,fr,ESCO
SKL_0dd7f35929a5,skill,IBM Lotus Symphony Spreadsheets,ibm lotus symphony spreadsheets,hidden,fr,ESCO
SKL_0dd7f35929a5,skill,Quantrix Modeler,quantrix modeler,hidden,fr,ESCO
SKL_0dd7f35929a5,skill,Lotus Improv,lotus improv,hidden,fr,ESCO
SKL_0dd7f35929a5,skill,Myrtle,myrtle,hidden,fr,ESCO
SKL_0dd7f35929a5,skill,Zoho Sheet,zoho sheet,hidden,fr,ESCO
SKL_0dd7f35929a5,skill,PlanMaker,planmaker,hidden,fr,ESCO
SKL_0dd7f35929a5,skill,ResolverOne,resolverone,hidden,fr,ESCO
SKL_0dd7f35929a5,skill,Google Sheets,google sheets,hidden,fr,ESCO
SKL_0dd7f35929a5,skill,wikiCalc,wikicalc,hidden,fr,ESCO
SKL_0dd7f35929a5,skill,Simple Spreadsheet,simple spreadsheet,hidden,fr,ESCO
SKL_0dd7f35929a5,skill,Accel Spreadsheet,accel spreadsheet,hidden,fr,ESCO
SKL_0dd7f35929a5,skill,Corel Calculate,corel calculate,hidden,fr,ESCO
SKL_0dd7f35929a5,skill,Lotus 1-2-3,lotus 1-2-3,hidden,fr,ESCO
SKL_0dd7f35929a5,skill,Gnumeric,gnumeric,hidden,fr,ESCO
SKL_0dd7f35929a5,skill,Sheetster,sheetster,hidden,fr,ESCO
SKL_0dd7f35929a5,skill,ThinkFree Office Calc,thinkfree office calc,hidden,fr,ESCO
SKL_0dd7f35929a5,skill,OxygenOffice Professional Calc,oxygenoffice professional calc,hidden,fr,ESCO
SKL_0dd7f35929a5,skill,OOo4Kids Calc,ooo4kids calc,hidden,fr,ESCO
SKL_6e06692ca9dc,skill,IBM WebSphere,ibm websphere,preferred,fr,ESCO
SKL_d5ad7b48e431,skill,appliquer des techniques d’imagerie 3D,appliquer des techniques d'imagerie 3d,preferred,fr,ESCO
SKL_0d11c1c4ba27,skill,analyser les besoins en bande passante réseau,analyser les besoins en bande passante reseau,preferred,fr,ESCO
SKL_0d11c1c4ba27,skill,contrôler les besoins en bande passante réseau,controler les besoins en bande passante reseau,alt,fr,ESCO
SKL_0d11c1c4ba27,skill,mesurer les besoins en bande passante réseau,mesurer les besoins en bande passante reseau,alt,fr,ESCO
SKL_0d11c1c4ba27,skill,analyser les besoins en bande passante,analyser les besoins en bande passante,alt,fr,ESCO
SKL_0d11c1c4ba27,skill,gérer et optimiser l’utilisation de la bande passante,gerer et optimiser l'utilisation de la bande passante,alt,fr,ESCO
SKL_0d11c1c4ba27,skill,analyser les besoins en bande passante du réseau,analyser les besoins en bande passante du reseau,alt,fr,ESCO
SKL_0d11c1c4ba27,skill,superviser les besoins en bande passante réseau,superviser les besoins en bande passante reseau,alt,fr,ESCO
SKL_179834b0ac6e,skill,Aircrack (outil de test d’intrusion),aircrack (outil de test d'intrusion),preferred,fr,ESCO
SKL_c9ce5d8cbc63,skill,utiliser la programmation de scripts,utiliser la programmation de scripts,preferred,fr,ESCO
SKL_252e8dfa3dbf,skill,communiquer dans les services de la circulation aérienne,communiquer dans les services de la circulation aerienne,preferred,fr,ESCO
SKL_fe3854279608,skill,créer un concept de jeu numérique,creer un concept de jeu numerique,preferred,fr,ESCO
SKL_a56b1ef6f421,skill,consommation électrique des TIC,consommation electrique des tic,preferred,fr,ESCO
SKL_c1394cfd59bd,skill,politique de qualité des TIC,politique de qualite des tic,preferred,fr,ESCO
SKL_62237838ecde,skill,reproduire les problèmes du logiciel client,reproduire les problemes du logiciel client,preferred,fr,ESCO
SKL_027b4b2aa1a9,skill,convivialité de l’application,convivialite de l'application,preferred,fr,ESCO
SKL_027b4b2aa1a9,skill,pratiques d’ingénierie du logiciel,pratiques d'ingenierie du logiciel,alt,fr,ESCO
SKL_027b4b2aa1a9,skill,utilisabilité de l’application,utilisabilite de l'application,alt,fr,ESCO
SKL_027b4b2aa1a9,skill,ergonomie informatique,ergonomie informatique,alt,fr,ESCO
SKL_027b4b2aa1a9,skill,convivialité du logiciel,convivialite du logiciel,alt,fr,ESCO
SKL_027b4b2aa1a9,skill,usabilité de l’application,usabilite de l'application,alt,fr,ESCO
SKL_027b4b2aa1a9,skill,ergonomie de l’application,ergonomie de l'application,alt,fr,ESCO
SKL_1f6b52c0fcf7,skill,concevoir un système d’information,concevoir un systeme d'information,preferred,fr,ESCO
SKL_1f6b52c0fcf7,skill,concevoir un système de TIC,concevoir un systeme de tic,alt,fr,ESCO
SKL_1f6b52c0fcf7,skill,mettre en place un système d’information,mettre en place un systeme d'information,alt,fr,ESCO
SKL_1f6b52c0fcf7,skill,créer un système d’information,creer un systeme d'information,alt,fr,ESCO
SKL_1f6b52c0fcf7,skill,concevoir un système informatique,concevoir un systeme informatique,alt,fr,ESCO
SKL_1f6b52c0fcf7,skill,concevoir un système informatisé,concevoir un systeme informatise,alt,fr,ESCO
SKL_1f6b52c0fcf7,skill,concevoir un SI,concevoir un si,alt,fr,ESCO
SKL_e681e8b852a4,skill,méthodes de gestion de projets TIC,methodes de gestion de projets tic,preferred,fr,ESCO
SKL_e681e8b852a4,skill,méthodes de gestion des projets TIC,methodes de gestion des projets tic,alt,fr,ESCO
SKL_e681e8b852a4,skill,méthode de développement logiciel  méthode structurée,methode de developpement logiciel methode structuree,alt,fr,ESCO
SKL_e681e8b852a4,skill,prince2,prince2,alt,fr,ESCO
SKL_e681e8b852a4,skill,méthodes de gestion de projet TIC,methodes de gestion de projet tic,alt,fr,ESCO
SKL_e681e8b852a4,skill,logiciel de gestion de projet,logiciel de gestion de projet,alt,fr,ESCO
SKL_e681e8b852a4,skill,méthodes de gestion de projets consacrés aux TIC,methodes de gestion de projets consacres aux tic,alt,fr,ESCO
SKL_e681e8b852a4,skill,scrum,scrum,alt,fr,ESCO
SKL_e681e8b852a4,skill,Critical chain project management,critical chain project management,hidden,fr,ESCO
SKL_e681e8b852a4,skill,Code and fix development,code and fix development,hidden,fr,ESCO
SKL_e681e8b852a4,skill,Kanban,kanban,hidden,fr,ESCO
SKL_e681e8b852a4,skill,Benefits realization management,benefits realization management,hidden,fr,ESCO
SKL_e681e8b852a4,skill,Extreme project management,extreme project management,hidden,fr,ESCO
SKL_a4917fa3f867,skill,vecteurs d’attaque,vecteurs d'attaque,preferred,fr,ESCO
SKL_a4917fa3f867,skill,menaces pour la cybersécurité,menaces pour la cybersecurite,alt,fr,ESCO
SKL_a4917fa3f867,skill,menaces à la cybersécurité,menaces a la cybersecurite,alt,fr,ESCO
SKL_a4917fa3f867,skill,menaces à la sécurité des TIC,menaces a la securite des tic,alt,fr,ESCO
SKL_a4917fa3f867,skill,menaces pour la sécurité de l'information,menaces pour la securite de l'information,alt,fr,ESCO
SKL_056d3e37266e,skill,administrer un système de gestion de bases de données relationnelles,administrer un systeme de gestion de bases de donnees relationnelles,preferred,fr,ESCO
SKL_57820393d1d6,skill,utiliser un logiciel de traitement de texte,utiliser un logiciel de traitement de texte,preferred,fr,ESCO
SKL_57820393d1d6,skill,Kingsoft Office Writer,kingsoft office writer,hidden,fr,ESCO
SKL_57820393d1d6,skill,Calligra Words,calligra words,hidden,fr,ESCO
SKL_57820393d1d6,skill,IntelliTalk,intellitalk,hidden,fr,ESCO
SKL_57820393d1d6,skill,LibreOffice Writer,libreoffice writer,hidden,fr,ESCO
SKL_57820393d1d6,skill,Apple Pages,apple pages,hidden,fr,ESCO
SKL_57820393d1d6,skill,Textilus,textilus,hidden,fr,ESCO
SKL_57820393d1d6,skill,TextEdit,textedit,hidden,fr,ESCO
SKL_57820393d1d6,skill,ThinkFree Office,thinkfree office,hidden,fr,ESCO
SKL_57820393d1d6,skill,WordGraph,wordgraph,hidden,fr,ESCO
SKL_57820393d1d6,skill,LaTeX,latex,hidden,fr,ESCO
SKL_57820393d1d6,skill,Microsoft Office Word,microsoft office word,hidden,fr,ESCO
SKL_57820393d1d6,skill,WordPad,wordpad,hidden,fr,ESCO
SKL_57820393d1d6,skill,IBM Lotus Word Pro,ibm lotus word pro,hidden,fr,ESCO
SKL_57820393d1d6,skill,AbiWord,abiword,hidden,fr,ESCO
SKL_57820393d1d6,skill,GNU TeXmacs,gnu texmacs,hidden,fr,ESCO
SKL_57820393d1d6,skill,Google Docs,google docs,hidden,fr,ESCO
SKL_57820393d1d6,skill,Atlantis Word Processor,atlantis word processor,hidden,fr,ESCO
SKL_57820393d1d6,skill,Polaris Office,polaris office,hidden,fr,ESCO
SKL_57820393d1d6,skill,Zoho Writer,zoho writer,hidden,fr,ESCO
SKL_57820393d1d6,skill,QuickOffice,quickoffice,hidden,fr,ESCO
SKL_b58c863e0dfe,skill,analyser le processus de développement d’une organisation,analyser le processus de developpement d'une organisation,preferred,fr,ESCO
SKL_61058691b0ef,skill,VBScript,vbscript,preferred,fr,ESCO
SKL_b6cffaebb42f,skill,développer des exploits,developper des exploits,preferred,fr,ESCO
SKL_de055ba807c1,skill,LINQ,linq,preferred,fr,ESCO
SKL_92c7bf31c854,skill,consulter les clients d'une entreprise,consulter les clients d'une entreprise,preferred,fr,ESCO
SKL_26e38c8d0849,skill,SQL Server,sql server,preferred,fr,ESCO
SKL_99c6f04ac23c,skill,Apache Maven,apache maven,preferred,fr,ESCO
SKL_f61b0071c4b6,skill,mathématiques,mathematiques,preferred,fr,ESCO
SKL_f61b0071c4b6,skill,l'étude des mathématiques,l'etude des mathematiques,alt,fr,ESCO
SKL_f61b0071c4b6,skill,matières mathématiques,matieres mathematiques,alt,fr,ESCO
SKL_f61b0071c4b6,skill,modélisation solide,modelisation solide,alt,fr,ESCO
SKL_f61b0071c4b6,skill,domaine des mathématiques,domaine des mathematiques,alt,fr,ESCO
SKL_f61b0071c4b6,skill,étude des mathématiques,etude des mathematiques,alt,fr,ESCO
SKL_7c9445cdf809,skill,Chef (outils de gestion de configuration logicielle),chef (outils de gestion de configuration logicielle),preferred,fr,ESCO
SKL_a07847cd27d5,skill,analyse quantitative,analyse quantitative,preferred,fr,ESCO
SKL_a07847cd27d5,skill,analyse de données quantitatives,analyse de donnees quantitatives,alt,fr,ESCO
SKL_a07847cd27d5,skill,analyse quantitative des données,analyse quantitative des donnees,alt,fr,ESCO
SKL_2dbc3a7582b5,skill,réglementation en matière de télécommunications,reglementation en matiere de telecommunications,preferred,fr,ESCO
SKL_2dbc3a7582b5,skill,code des communications électroniques,code des communications electroniques,alt,fr,ESCO
SKL_e6562948de6a,skill,communiquer avec des cadres,communiquer avec des cadres,preferred,fr,ESCO
SKL_3a770021928a,skill,gestion des appareils mobiles,gestion des appareils mobiles,preferred,fr,ESCO
SKL_3a770021928a,skill,PAP,pap,alt,fr,ESCO
SKL_3a770021928a,skill,AVEC,avec,alt,fr,ESCO
SKL_3a770021928a,skill,MDM,mdm,alt,fr,ESCO
SKL_3a770021928a,skill,utilisation des appareils mobiles,utilisation des appareils mobiles,alt,fr,ESCO
SKL_3a770021928a,skill,terminaux mobiles,terminaux mobiles,alt,fr,ESCO
SKL_3a770021928a,skill,prenez vos appareils personnels,prenez vos appareils personnels,alt,fr,ESCO
SKL_3a770021928a,skill,gestion de terminaux mobiles,gestion de terminaux mobiles,alt,fr,ESCO
SKL_3a770021928a,skill,apportez votre équipement personnel de communication,apportez votre equipement personnel de communication,alt,fr,ESCO
SKL_3bd4dede8a96,skill,mesurer l’ergonomie d’un logiciel,mesurer l'ergonomie d'un logiciel,preferred,fr,ESCO
SKL_3bd4dede8a96,skill,mesurer l’utilisabilité d’un logiciel,mesurer l'utilisabilite d'un logiciel,alt,fr,ESCO
SKL_3bd4dede8a96,skill,évaluer l’ergonomie d’un logiciel,evaluer l'ergonomie d'un logiciel,alt,fr,ESCO
SKL_3bd4dede8a96,skill,mesurer l’ergonomie d’une application,mesurer l'ergonomie d'une application,alt,fr,ESCO
SKL_3bd4dede8a96,skill,mesurer l’usabilité d’un logiciel,mesurer l'usabilite d'un logiciel,alt,fr,ESCO
SKL_3bd4dede8a96,skill,mesurer l’ergonomie d’un site web,mesurer l'ergonomie d'un site web,alt,fr,ESCO
SKL_3bd4dede8a96,skill,effectuer un test d’ergonomie,effectuer un test d'ergonomie,alt,fr,ESCO
SKL_4ffa5c387846,skill,processus d'ingénierie,processus d'ingenierie,preferred,fr,ESCO
SKL_096204475b7f,skill,installer un logiciel antivirus,installer un logiciel antivirus,preferred,fr,ESCO
SKL_096204475b7f,skill,installer un programme anti-virus,installer un programme anti-virus,alt,fr,ESCO
SKL_096204475b7f,skill,installer un anti-virus,installer un anti-virus,alt,fr,ESCO
SKL_aba6d3815562,skill,assurer une formation sur les TIC,assurer une formation sur les tic,preferred,fr,ESCO
SKL_90b10ab7ce01,skill,réaliser des images avec effet 3D,realiser des images avec effet 3d,preferred,fr,ESCO
SKL_a43bcca2465e,skill,PHP,php,preferred,fr,ESCO
SKL_a43bcca2465e,skill,Php 5.1,php 5.1,alt,fr,ESCO
SKL_a43bcca2465e,skill,Php3,php3,alt,fr,ESCO
SKL_a43bcca2465e,skill,Php5,php5,alt,fr,ESCO
SKL_a43bcca2465e,skill,Php 6.0,php 6.0,alt,fr,ESCO
SKL_a43bcca2465e,skill,Php 5.3,php 5.3,alt,fr,ESCO
SKL_a43bcca2465e,skill,Php 5.2,php 5.2,alt,fr,ESCO
SKL_a43bcca2465e,skill,Php2,php2,alt,fr,ESCO
SKL_a43bcca2465e,skill,PHP-FPM,php-fpm,alt,fr,ESCO
SKL_a43bcca2465e,skill,Phtml,phtml,alt,fr,ESCO
SKL_a43bcca2465e,skill,ElePHPant,elephpant,alt,fr,ESCO
SKL_a43bcca2465e,skill,Php 5.4,php 5.4,alt,fr,ESCO
SKL_a43bcca2465e,skill,Php1,php1,alt,fr,ESCO
SKL_a43bcca2465e,skill,Php6,php6,alt,fr,ESCO
SKL_a43bcca2465e,skill,PHP5-FPM,php5-fpm,alt,fr,ESCO
SKL_a43bcca2465e,skill,PHP7,php7,alt,fr,ESCO
SKL_a43bcca2465e,skill,Php 4,php 4,alt,fr,ESCO
SKL_a43bcca2465e,skill,Php 5.0,php 5.0,alt,fr,ESCO
SKL_a43bcca2465e,skill,php,php,hidden,fr,ESCO
SKL_a43bcca2465e,skill,PHTML,phtml,hidden,fr,ESCO
SKL_72d077beb76d,skill,technologies durables,technologies durables,preferred,fr,ESCO
SKL_72d077beb76d,skill,énergies alternatives,energies alternatives,alt,fr,ESCO
SKL_72d077beb76d,skill,technologies vertes,technologies vertes,alt,fr,ESCO
SKL_72d077beb76d,skill,énergie alternative,energie alternative,alt,fr,ESCO
SKL_72d077beb76d,skill,énergie propre,energie propre,alt,fr,ESCO
SKL_4d8fe5bd3afb,skill,interagir avec les utilisateurs pour définir leurs exigences,interagir avec les utilisateurs pour definir leurs exigences,preferred,fr,ESCO
SKL_ecda4ba6345b,skill,intervenir en tant que coach auprès des employés,intervenir en tant que coach aupres des employes,preferred,fr,ESCO
SKL_03a1d7f894e8,skill,infographie,infographie,preferred,fr,ESCO
SKL_03a1d7f894e8,skill,infographie interactive,infographie interactive,alt,fr,ESCO
SKL_03a1d7f894e8,skill,graphiques vectoriels,graphiques vectoriels,alt,fr,ESCO
SKL_ae19bc58bf36,skill,technologies de dématérialisation,technologies de dematerialisation,preferred,fr,ESCO
SKL_ae19bc58bf36,skill,informatique de pointe,informatique de pointe,alt,fr,ESCO
SKL_ae19bc58bf36,skill,Edge Computing (informatique de périphérie),edge computing (informatique de peripherie),alt,fr,ESCO
SKL_ae19bc58bf36,skill,technologies en nuage,technologies en nuage,alt,fr,ESCO
SKL_ae19bc58bf36,skill,technologie de dématérialisation,technologie de dematerialisation,alt,fr,ESCO
SKL_ae19bc58bf36,skill,informatique en nuage,informatique en nuage,alt,fr,ESCO
SKL_ae19bc58bf36,skill,informatique dématérialisée,informatique dematerialisee,alt,fr,ESCO
SKL_ae19bc58bf36,skill,dématérialisation,dematerialisation,alt,fr,ESCO
SKL_ae19bc58bf36,skill,technologie cloud,technologie cloud,alt,fr,ESCO
SKL_3b734a41feb7,skill,fonctionnement des appareils électroniques,fonctionnement des appareils electroniques,preferred,fr,ESCO
SKL_3b734a41feb7,skill,fonctionnement des dispositifs électroniques,fonctionnement des dispositifs electroniques,alt,fr,ESCO
SKL_3b734a41feb7,skill,principes d’utilisation des appareils électroniques,principes d'utilisation des appareils electroniques,alt,fr,ESCO
SKL_3b734a41feb7,skill,théorie des appareils électroniques,theorie des appareils electroniques,alt,fr,ESCO
SKL_3b734a41feb7,skill,fonctionnement des équipements électroniques,fonctionnement des equipements electroniques,alt,fr,ESCO
SKL_3b734a41feb7,skill,caractéristiques des appareils électroniques,caracteristiques des appareils electroniques,alt,fr,ESCO
SKL_3b734a41feb7,skill,principes des appareils électroniques,principes des appareils electroniques,alt,fr,ESCO
SKL_b4bbfe5755b9,skill,définir une stratégie technologique,definir une strategie technologique,preferred,fr,ESCO
SKL_e3c6c843b14b,skill,effectuer un dépannage,effectuer un depannage,preferred,fr,ESCO
SKL_66c6102cf4f7,skill,utiliser du matériel TIC,utiliser du materiel tic,preferred,fr,ESCO
SKL_afb184550fe8,skill,avoir le sens des affaires,avoir le sens des affaires,preferred,fr,ESCO
SKL_26d8f2754836,skill,Oracle Relational Database,oracle relational database,preferred,fr,ESCO
SKL_57622453b101,skill,réaliser des ébauches,realiser des ebauches,preferred,fr,ESCO
SKL_53ceaa2295af,skill,gérer des environnements TIC de virtualisation,gerer des environnements tic de virtualisation,preferred,fr,ESCO
SKL_d3d208a9be71,skill,PostgreSQL,postgresql,preferred,fr,ESCO
SKL_014598d4e683,skill,utiliser des bibliothèques logicielles,utiliser des bibliotheques logicielles,preferred,fr,ESCO
SKL_014598d4e683,skill,gérer des bibliothèques logicielles,gerer des bibliotheques logicielles,alt,fr,ESCO
SKL_014598d4e683,skill,faire usage des bibliothèques logicielles,faire usage des bibliotheques logicielles,alt,fr,ESCO
SKL_014598d4e683,skill,utiliser des bibliothèques,utiliser des bibliotheques,alt,fr,ESCO
SKL_014598d4e683,skill,utiliser une bibliothèque logicielle,utiliser une bibliotheque logicielle,alt,fr,ESCO
SKL_014598d4e683,skill,accéder à des bibliothèques logicielles,acceder a des bibliotheques logicielles,alt,fr,ESCO
SKL_014598d4e683,skill,employer des bibliothèques logicielles,employer des bibliotheques logicielles,alt,fr,ESCO
SKL_140b9672ae2f,skill,reconnaissance d’images,reconnaissance d'images,preferred,fr,ESCO
SKL_140b9672ae2f,skill,reconnaissance visuelle,reconnaissance visuelle,alt,fr,ESCO
SKL_140b9672ae2f,skill,détection d'images,detection d'images,alt,fr,ESCO
SKL_140b9672ae2f,skill,interprétation d'images,interpretation d'images,alt,fr,ESCO
SKL_140b9672ae2f,skill,détection visuelle,detection visuelle,alt,fr,ESCO
SKL_140b9672ae2f,skill,détection d'image,detection d'image,alt,fr,ESCO
SKL_74a301540229,skill,Octopus Deploy,octopus deploy,preferred,fr,ESCO
SKL_fddfe276744e,skill,CoffeeScript,coffeescript,preferred,fr,ESCO
SKL_e70d9ea221e7,skill,définir l’architecture logicielle,definir l'architecture logicielle,preferred,fr,ESCO
SKL_e70d9ea221e7,skill,construire l’architecture logicielle,construire l'architecture logicielle,alt,fr,ESCO
SKL_e70d9ea221e7,skill,construire l’architecture du programme,construire l'architecture du programme,alt,fr,ESCO
SKL_e70d9ea221e7,skill,construire l’architecture de l’application,construire l'architecture de l'application,alt,fr,ESCO
SKL_e70d9ea221e7,skill,définir l’architecture du programme,definir l'architecture du programme,alt,fr,ESCO
SKL_e70d9ea221e7,skill,définir l’architecture du logiciel,definir l'architecture du logiciel,alt,fr,ESCO
SKL_e70d9ea221e7,skill,bâtir l’architecture logicielle,batir l'architecture logicielle,alt,fr,ESCO
SKL_e70d9ea221e7,skill,définir l’architecture de l’application,definir l'architecture de l'application,alt,fr,ESCO
SKL_fba4f836c64f,skill,utiliser des méthodes de conception centrée sur l’utilisateur,utiliser des methodes de conception centree sur l'utilisateur,preferred,fr,ESCO
SKL_fba4f836c64f,skill,employer des méthodes de conception centrée sur l’utilisateur,employer des methodes de conception centree sur l'utilisateur,alt,fr,ESCO
SKL_fba4f836c64f,skill,préparer la démarche de conception centrée sur l’utilisateur,preparer la demarche de conception centree sur l'utilisateur,alt,fr,ESCO
SKL_fba4f836c64f,skill,utiliser des méthodes de conception orientée utilisateur,utiliser des methodes de conception orientee utilisateur,alt,fr,ESCO
SKL_fba4f836c64f,skill,avoir recours à la conception centrée sur l’utilisateur,avoir recours a la conception centree sur l'utilisateur,alt,fr,ESCO
SKL_fba4f836c64f,skill,utiliser des techniques de conception centrée sur l’utilisateur,utiliser des techniques de conception centree sur l'utilisateur,alt,fr,ESCO
SKL_fba4f836c64f,skill,utiliser la méthodologie de conception centrée sur l’utilisateur,utiliser la methodologie de conception centree sur l'utilisateur,alt,fr,ESCO
SKL_ce7987c9b48d,skill,interpréter les spécifications de conception électronique,interpreter les specifications de conception electronique,preferred,fr,ESCO
SKL_d67dfc4ee39e,skill,Internet des objets,internet des objets,preferred,fr,ESCO
SKL_d67dfc4ee39e,skill,dispositifs intelligents,dispositifs intelligents,alt,fr,ESCO
SKL_d67dfc4ee39e,skill,l’Internet des objets,l'internet des objets,alt,fr,ESCO
SKL_d67dfc4ee39e,skill,environnement pervasif,environnement pervasif,alt,fr,ESCO
SKL_d67dfc4ee39e,skill,IdO,ido,alt,fr,ESCO
SKL_d67dfc4ee39e,skill,web des objets,web des objets,alt,fr,ESCO
SKL_d67dfc4ee39e,skill,informatique ubiquitaire,informatique ubiquitaire,alt,fr,ESCO
SKL_d453c9ea1d9c,skill,communiquer les résultats d’analyse,communiquer les resultats d'analyse,preferred,fr,ESCO
SKL_d453c9ea1d9c,skill,rapporter les résultats d’analyse,rapporter les resultats d'analyse,alt,fr,ESCO
SKL_d453c9ea1d9c,skill,exposer les résultats d’analyse,exposer les resultats d'analyse,alt,fr,ESCO
SKL_d453c9ea1d9c,skill,communiquer les résultats de l’analyse,communiquer les resultats de l'analyse,alt,fr,ESCO
SKL_d453c9ea1d9c,skill,communiquer le résultat d’analyse,communiquer le resultat d'analyse,alt,fr,ESCO
SKL_d453c9ea1d9c,skill,faire un rapport des résultats d’analyse,faire un rapport des resultats d'analyse,alt,fr,ESCO
SKL_d453c9ea1d9c,skill,produire les résultats d’analyse,produire les resultats d'analyse,alt,fr,ESCO
SKL_35a99b3ae22c,skill,mécatronique,mecatronique,preferred,fr,ESCO
SKL_18f51ab73315,skill,réparer des appareils TIC,reparer des appareils tic,preferred,fr,ESCO
SKL_18f51ab73315,skill,réparer du matériel informatique,reparer du materiel informatique,alt,fr,ESCO
SKL_18f51ab73315,skill,réparer des appareils issus des TIC,reparer des appareils issus des tic,alt,fr,ESCO
SKL_18f51ab73315,skill,réparer un appareil TIC,reparer un appareil tic,alt,fr,ESCO
SKL_18f51ab73315,skill,réparer des dispositifs TIC,reparer des dispositifs tic,alt,fr,ESCO
SKL_18f51ab73315,skill,remettre des appareils TIC en état,remettre des appareils tic en etat,alt,fr,ESCO
SKL_18f51ab73315,skill,réparer un équipement TIC,reparer un equipement tic,alt,fr,ESCO
SKL_18f51ab73315,skill,réparer des systèmes TIC,reparer des systemes tic,alt,fr,ESCO
SKL_4f2bd02de76a,skill,composants matériels,composants materiels,preferred,fr,ESCO
SKL_4f2bd02de76a,skill,composants hardware,composants hardware,alt,fr,ESCO
SKL_8dde31f76b27,skill,utiliser des expressions valides,utiliser des expressions valides,preferred,fr,ESCO
SKL_ad3b003ca96e,skill,proposer une formation sur les avancées technologiques pour les entreprises,proposer une formation sur les avancees technologiques pour les entreprises,preferred,fr,ESCO
SKL_6062e63b2ca0,skill,logiciel de visualisation des données,logiciel de visualisation des donnees,preferred,fr,ESCO
SKL_6062e63b2ca0,skill,logiciel de présentation de données,logiciel de presentation de donnees,alt,fr,ESCO
SKL_9de0f5461144,skill,créer un réseau professionnel avec des chercheurs et des scientifiques,creer un reseau professionnel avec des chercheurs et des scientifiques,preferred,fr,ESCO
SKL_32ea606ef54c,skill,mettre en œuvre une planification stratégique,mettre en oeuvre une planification strategique,preferred,fr,ESCO
SKL_faa7a56e6d5d,skill,mettre en œuvre les techniques de stockage des données,mettre en oeuvre les techniques de stockage des donnees,preferred,fr,ESCO
SKL_f538b5a71a6c,skill,utiliser l’apprentissage automatique,utiliser l'apprentissage automatique,preferred,fr,ESCO
SKL_a186ecb91e42,skill,processus d’innovation,processus d'innovation,preferred,fr,ESCO
SKL_cebd7936a54b,skill,réalité augmentée,realite augmentee,preferred,fr,ESCO
SKL_b952b2bee8dd,skill,méthodologie de recherche scientifique,methodologie de recherche scientifique,preferred,fr,ESCO
SKL_3942868ffc76,skill,élaborer des normes d’information,elaborer des normes d'information,preferred,fr,ESCO
SKL_9b5584008e66,skill,Ruby (programmation informatique),ruby (programmation informatique),preferred,fr,ESCO
SKL_9b5584008e66,skill,Ruby-gnome2,ruby-gnome2,alt,fr,ESCO
SKL_9b5584008e66,skill,Ruby prog,ruby prog,alt,fr,ESCO
SKL_9b5584008e66,skill,Ruby lang,ruby lang,alt,fr,ESCO
SKL_d9040f1b085b,skill,synthétiser des informations,synthetiser des informations,preferred,fr,ESCO
SKL_bb505f670fed,skill,utiliser un logiciel de système de gestion de contenu,utiliser un logiciel de systeme de gestion de contenu,preferred,fr,ESCO
SKL_a5dbeab6c38b,skill,RGPD,rgpd,preferred,fr,ESCO
SKL_b7a8a0c55d12,skill,Ajax Framework,ajax framework,preferred,fr,ESCO
SKL_27d19457db14,skill,créer des schémas de base de données,creer des schemas de base de donnees,preferred,fr,ESCO
SKL_27d19457db14,skill,créer un schéma de base de données,creer un schema de base de donnees,alt,fr,ESCO
SKL_27d19457db14,skill,créer des projets de base de données,creer des projets de base de donnees,alt,fr,ESCO
SKL_27d19457db14,skill,créer des diagrammes de base de données,creer des diagrammes de base de donnees,alt,fr,ESCO
SKL_27d19457db14,skill,créer le schéma de la base de données,creer le schema de la base de donnees,alt,fr,ESCO
SKL_27d19457db14,skill,créer des modèles de base de données,creer des modeles de base de donnees,alt,fr,ESCO
SKL_67de2545bb79,skill,concevoir une interface utilisateur,concevoir une interface utilisateur,preferred,fr,ESCO
OCC_adedccbcd07e,occupation,Professions intellectuelles et scientifiques,professions intellectuelles et scientifiques,preferred,fr,ISCO
OCC_d6d07c8d8ce0,occupation,Ingénieurs et professionnels des technologies de l’information et des communications,ingenieurs et professionnels des technologies de l'information et des communications,preferred,fr,ISCO
OCC_0343b7108f76,occupation,Analystes et concepteurs de logiciels et d'outils multimédias,analystes et concepteurs de logiciels et d'outils multimedias,preferred,fr,ISCO
OCC_f7d6c0b45919,occupation,Analystes de systèmes,analystes de systemes,preferred,fr,ISCO
OCC_e7f39b2bf662,occupation,Concepteurs de logiciels,concepteurs de logiciels,preferred,fr,ISCO
OCC_46eb90a6f0f3,occupation,Concepteurs de sites internet et d'outils multimédias,concepteurs de sites internet et d'outils multimedias,preferred,fr,ISCO
OCC_ba356122f8a5,occupation,Programmeurs d'applications,programmeurs d'applications,preferred,fr,ISCO
OCC_b1fcf8e1ad43,occupation,"Concepteurs et analystes de logiciels, et concepteurs de multimédia non classés ailleurs","concepteurs et analystes de logiciels, et concepteurs de multimedia non classes ailleurs",preferred,fr,ISCO
OCC_9714e20ff583,occupation,Ingénieurs et spécialistes des bases de données et des réseaux informatiques,ingenieurs et specialistes des bases de donnees et des reseaux informatiques,preferred,fr,ISCO
OCC_438689ba7681,occupation,Concepteurs et administrateurs de bases de données,concepteurs et administrateurs de bases de donnees,preferred,fr,ISCO
OCC_b53bbd7b9fd5,occupation,Administrateurs de systèmes,administrateurs de systemes,preferred,fr,ISCO
OCC_2fd5072bedbe,occupation,Ingénieurs et spécialistes des réseaux informatiques,ingenieurs et specialistes des reseaux informatiques,preferred,fr,ISCO
OCC_a8c29a3b5a18,occupation,Ingénieurs et spécialistes des bases de données et des réseaux informatiques non classés ailleurs,ingenieurs et specialistes des bases de donnees et des reseaux informatiques non classes ailleurs,preferred,fr,ISCO
OCC_02c88af4366c,occupation,Professions intermédiaires,professions intermediaires,preferred,fr,ISCO
OCC_4149bd1bbf1b,occupation,Techniciens de l'information et des communications,techniciens de l'information et des communications,preferred,fr,ISCO
OCC_94fe8f91f6a8,occupation,"Techniciens, maintenance et assistance aux utilisateurs des technologies de l'information et des communications","techniciens, maintenance et assistance aux utilisateurs des technologies de l'information et des communications",preferred,fr,ISCO
OCC_2de9a6c386bc,occupation,"Techniciens des technologies de l'information et des communications, maintenance","techniciens des technologies de l'information et des communications, maintenance",preferred,fr,ISCO
OCC_77edcdb23a49,occupation,"Techniciens des technologies de l'information et des communications, assistance aux utilisateurs","techniciens des technologies de l'information et des communications, assistance aux utilisateurs",preferred,fr,ISCO
OCC_5bdaba98cc31,occupation,"Techniciens, réseaux et systèmes informatiques","techniciens, reseaux et systemes informatiques",preferred,fr,ISCO
OCC_7f0cc11c2a49,occupation,Techniciens de l'internet,techniciens de l'internet,preferred,fr,ISCO
OCC_98d19aeea9a4,occupation,Administrateur / Administratrice de systèmes d'information (SI),administrateur / administratrice de systemes d'information (si),preferred,fr,ROME
OCC_98d19aeea9a4,occupation,Administrateur / Administratrice réseau informatique,administrateur / administratrice reseau informatique,alt,fr,ROME
OCC_98d19aeea9a4,occupation,Administrateur / Administratrice système informatique,administrateur / administratrice systeme informatique,alt,fr,ROME
OCC_98d19aeea9a4,occupation,Responsable de gestion de configuration,responsable de gestion de configuration,alt,fr,ROME
OCC_98d19aeea9a4,occupation,Administrateur / Administratrice système et réseaux d'information et de communication,administrateur / administratrice systeme et reseaux d'information et de communication,alt,fr,ROME
OCC_98d19aeea9a4,occupation,Administrateur / Administratrice de plateforme de service,administrateur / administratrice de plateforme de service,alt,fr,ROME
OCC_98d19aeea9a4,occupation,Administrateur / Administratrice informatique,administrateur / administratrice informatique,alt,fr,ROME
OCC_98d19aeea9a4,occupation,Administrateur / Administratrice systèmes et réseaux,administrateur / administratrice systemes et reseaux,alt,fr,ROME
OCC_98d19aeea9a4,occupation,Administrateur / Administratrice de système d'information,administrateur / administratrice de systeme d'information,alt,fr,ROME
OCC_98d19aeea9a4,occupation,Administrateur / Administratrice d'infrastructure,administrateur / administratrice d'infrastructure,alt,fr,ROME
OCC_98d19aeea9a4,occupation,Gestionnaire de système informatique,gestionnaire de systeme informatique,alt,fr,ROME
OCC_c44a9eaae6e7,occupation,Expert / Experte systèmes et réseaux informatiques,expert / experte systemes et reseaux informatiques,preferred,fr,ROME
OCC_c44a9eaae6e7,occupation,Consultant / Consultante informatique,consultant / consultante informatique,alt,fr,ROME
OCC_c44a9eaae6e7,occupation,Consultant / Consultante réseaux informatiques,consultant / consultante reseaux informatiques,alt,fr,ROME
OCC_c44a9eaae6e7,occupation,Expert / Experte réseaux et télécoms,expert / experte reseaux et telecoms,alt,fr,ROME
OCC_c44a9eaae6e7,occupation,Expert / Experte système d'exploitation,expert / experte systeme d'exploitation,alt,fr,ROME
OCC_c44a9eaae6e7,occupation,Expert / Experte système et réseaux,expert / experte systeme et reseaux,alt,fr,ROME
OCC_c44a9eaae6e7,occupation,Ingénieur / Ingénieure méthodes informatiques,ingenieur / ingenieure methodes informatiques,alt,fr,ROME
OCC_c44a9eaae6e7,occupation,Ingénieur / Ingénieure réseau informatique,ingenieur / ingenieure reseau informatique,alt,fr,ROME
OCC_c44a9eaae6e7,occupation,Ingénieur / Ingénieure sécurité informatique,ingenieur / ingenieure securite informatique,alt,fr,ROME
OCC_c44a9eaae6e7,occupation,Ingénieur / Ingénieure système informatique,ingenieur / ingenieure systeme informatique,alt,fr,ROME
OCC_c44a9eaae6e7,occupation,Ingénieur / Ingénieure système réseau informatique,ingenieur / ingenieure systeme reseau informatique,alt,fr,ROME
OCC_c44a9eaae6e7,occupation,Ingénieur / Ingénieure systèmes & réseaux Datacenter,ingenieur / ingenieure systemes & reseaux datacenter,alt,fr,ROME
OCC_c44a9eaae6e7,occupation,Ingénieur / Ingénieure des systèmes d'information et de communication,ingenieur / ingenieure des systemes d'information et de communication,alt,fr,ROME
OCC_c44a9eaae6e7,occupation,Ingénieur / Ingénieure intégration de système,ingenieur / ingenieure integration de systeme,alt,fr,ROME
OCC_c44a9eaae6e7,occupation,Analyste réseau,analyste reseau,alt,fr,ROME
OCC_c44a9eaae6e7,occupation,Analyste informatique,analyste informatique,alt,fr,ROME
OCC_c44a9eaae6e7,occupation,Expert / Experte réseau informatique,expert / experte reseau informatique,alt,fr,ROME
OCC_c44a9eaae6e7,occupation,Expert / Experte sharepoint,expert / experte sharepoint,alt,fr,ROME
OCC_c44a9eaae6e7,occupation,Expert infrastructure de données / Experte infrastructure de données,expert infrastructure de donnees / experte infrastructure de donnees,alt,fr,ROME
OCC_4a2781037768,occupation,Directeur / Directrice des systèmes d'information (DSI),directeur / directrice des systemes d'information (dsi),preferred,fr,ROME
OCC_4a2781037768,occupation,Directeur / Directrice de l'Organisation et des Systèmes d'Information (DOSI),directeur / directrice de l'organisation et des systemes d'information (dosi),alt,fr,ROME
OCC_4a2781037768,occupation,Directeur / Directrice des systèmes d'information,directeur / directrice des systemes d'information,alt,fr,ROME
OCC_4a2781037768,occupation,Directeur / Directrice des systèmes d'information et télécoms,directeur / directrice des systemes d'information et telecoms,alt,fr,ROME
OCC_4a2781037768,occupation,Responsable des systèmes d'information,responsable des systemes d'information,alt,fr,ROME
OCC_4a2781037768,occupation,Responsable du management de la DSI,responsable du management de la dsi,alt,fr,ROME
OCC_4a2781037768,occupation,Responsable production informatique,responsable production informatique,alt,fr,ROME
OCC_4a2781037768,occupation,Chief Technical Officer - CTO,chief technical officer - cto,alt,fr,ROME
OCC_4a2781037768,occupation,"Directeur / Directrice des systèmes d'information (DSI, 50 salariés ou plus)","directeur / directrice des systemes d'information (dsi, 50 salaries ou plus)",alt,fr,ROME
OCC_4a2781037768,occupation,Directeur / Directrice technique en informatique (50 salariés ou plus),directeur / directrice technique en informatique (50 salaries ou plus),alt,fr,ROME
OCC_4a2781037768,occupation,Directeur / Directrice technique en informatique,directeur / directrice technique en informatique,alt,fr,ROME
OCC_4a2781037768,occupation,Directeur / Directrice de l'innovation numérique,directeur / directrice de l'innovation numerique,alt,fr,ROME
OCC_4a2781037768,occupation,Chief information officer,chief information officer,alt,fr,ROME
OCC_4a2781037768,occupation,Chief information security officer,chief information security officer,alt,fr,ROME
OCC_4a2781037768,occupation,Chef / Cheffe de projet Systèmes d'Information,chef / cheffe de projet systemes d'information,alt,fr,ROME
OCC_234e9bc0e4be,occupation,Ingénieur / Ingénieure télécoms et environnement,ingenieur / ingenieure telecoms et environnement,preferred,fr,ROME
OCC_234e9bc0e4be,occupation,Ingénieur / Ingénieure déploiement télécoms,ingenieur / ingenieure deploiement telecoms,alt,fr,ROME
OCC_234e9bc0e4be,occupation,Ingénieur / Ingénieure en architecture télécoms,ingenieur / ingenieure en architecture telecoms,alt,fr,ROME
OCC_234e9bc0e4be,occupation,Ingénieur / Ingénieure études et support télécoms,ingenieur / ingenieure etudes et support telecoms,alt,fr,ROME
OCC_234e9bc0e4be,occupation,Ingénieur / Ingénieure radio,ingenieur / ingenieure radio,alt,fr,ROME
OCC_234e9bc0e4be,occupation,Ingénieur / Ingénieure réseaux télécoms,ingenieur / ingenieure reseaux telecoms,alt,fr,ROME
OCC_234e9bc0e4be,occupation,Ingénieur / Ingénieure télécommunication,ingenieur / ingenieure telecommunication,alt,fr,ROME
OCC_234e9bc0e4be,occupation,Ingénieur / Ingénieure télécoms,ingenieur / ingenieure telecoms,alt,fr,ROME
OCC_234e9bc0e4be,occupation,Ingénieur / Ingénieure validation réseaux de télécoms,ingenieur / ingenieure validation reseaux de telecoms,alt,fr,ROME
OCC_234e9bc0e4be,occupation,Network planner,network planner,alt,fr,ROME
OCC_4243894cf004,occupation,Développeur / Développeuse informatique,developpeur / developpeuse informatique,preferred,fr,ROME
OCC_4243894cf004,occupation,Analyste développeur / Analyste développeuse,analyste developpeur / analyste developpeuse,alt,fr,ROME
OCC_4243894cf004,occupation,Analyste-programmeur / Analyste-programmeuse gestion informatique,analyste-programmeur / analyste-programmeuse gestion informatique,alt,fr,ROME
OCC_4243894cf004,occupation,Analyste-programmeur / Analyste-programmeuse informatique,analyste-programmeur / analyste-programmeuse informatique,alt,fr,ROME
OCC_4243894cf004,occupation,Analyste-programmeur / Analyste-programmeuse scientifique informatique,analyste-programmeur / analyste-programmeuse scientifique informatique,alt,fr,ROME
OCC_4243894cf004,occupation,Informaticien / Informaticienne de développement,informaticien / informaticienne de developpement,alt,fr,ROME
OCC_4243894cf004,occupation,Programmeur / Programmeuse de maintenance informatique,programmeur / programmeuse de maintenance informatique,alt,fr,ROME
OCC_4243894cf004,occupation,Programmeur / Programmeuse d'études,programmeur / programmeuse d'etudes,alt,fr,ROME
OCC_4243894cf004,occupation,Programmeur industriel / Programmeuse industrielle,programmeur industriel / programmeuse industrielle,alt,fr,ROME
OCC_4243894cf004,occupation,Programmeur / Programmeuse informatique,programmeur / programmeuse informatique,alt,fr,ROME
OCC_4243894cf004,occupation,Programmeur / Programmeuse logiciel de base informatique,programmeur / programmeuse logiciel de base informatique,alt,fr,ROME
OCC_4243894cf004,occupation,Développeur / Développeuse de sécurité des systèmes d'information,developpeur / developpeuse de securite des systemes d'information,alt,fr,ROME
OCC_4243894cf004,occupation,Informaticien / Informaticienne,informaticien / informaticienne,alt,fr,ROME
OCC_4243894cf004,occupation,Développeur / Développeuse IOT,developpeur / developpeuse iot,alt,fr,ROME
OCC_4243894cf004,occupation,Développeur / Développeuse systèmes embarqués,developpeur / developpeuse systemes embarques,alt,fr,ROME
OCC_2088e2ac84a9,occupation,Consultant fonctionnel / Consultante fonctionnelle des systèmes d'information,consultant fonctionnel / consultante fonctionnelle des systemes d'information,preferred,fr,ROME
OCC_2088e2ac84a9,occupation,Architecte fonctionnel / Architecte fonctionnelle de système d'information,architecte fonctionnel / architecte fonctionnelle de systeme d'information,alt,fr,ROME
OCC_2088e2ac84a9,occupation,Assistant fonctionnel / Assistante fonctionnelle des systèmes d'information,assistant fonctionnel / assistante fonctionnelle des systemes d'information,alt,fr,ROME
OCC_2088e2ac84a9,occupation,Consultant / Consultante ERP (Enterprise Resource Planning),consultant / consultante erp (enterprise resource planning),alt,fr,ROME
OCC_2088e2ac84a9,occupation,Consultant fonctionnel / Consultante fonctionnelle de progiciel,consultant fonctionnel / consultante fonctionnelle de progiciel,alt,fr,ROME
OCC_2088e2ac84a9,occupation,Expert / Experte métier système d'information,expert / experte metier systeme d'information,alt,fr,ROME
OCC_2088e2ac84a9,occupation,Intégrateur / Intégratrice en informatique industrielle,integrateur / integratrice en informatique industrielle,alt,fr,ROME
OCC_2088e2ac84a9,occupation,Consultant / Consultante SIRH ressources humaines,consultant / consultante sirh ressources humaines,alt,fr,ROME
OCC_2088e2ac84a9,occupation,Consultant / Consultante SI finance comptabilité,consultant / consultante si finance comptabilite,alt,fr,ROME
OCC_2088e2ac84a9,occupation,Consultant / Consultante SI Gestion de la Relation Client,consultant / consultante si gestion de la relation client,alt,fr,ROME
OCC_2088e2ac84a9,occupation,Consultant / Consultante en accessibilité numérique,consultant / consultante en accessibilite numerique,alt,fr,ROME
OCC_2088e2ac84a9,occupation,Consultant / Consultante SaaS - Software as a Service,consultant / consultante saas - software as a service,alt,fr,ROME
OCC_2088e2ac84a9,occupation,Consultant / Consultante IT,consultant / consultante it,alt,fr,ROME
OCC_2088e2ac84a9,occupation,Business analyst,business analyst,alt,fr,ROME
OCC_c7ee9cba34be,occupation,"Spécialiste outils, systèmes d'exploitation, réseaux et télécoms","specialiste outils, systemes d'exploitation, reseaux et telecoms",preferred,fr,ROME
OCC_c7ee9cba34be,occupation,Adjoint / Adjointe chef de centre de télétraitement mobile aux armées,adjoint / adjointe chef de centre de teletraitement mobile aux armees,alt,fr,ROME
OCC_c7ee9cba34be,occupation,Agent / Agente d'exploitation des systèmes d'information et de communication aux armées,agent / agente d'exploitation des systemes d'information et de communication aux armees,alt,fr,ROME
OCC_c7ee9cba34be,occupation,Analyste de signaux électromagnétiques,analyste de signaux electromagnetiques,alt,fr,ROME
OCC_c7ee9cba34be,occupation,Analyste des services techniques du renseignement,analyste des services techniques du renseignement,alt,fr,ROME
OCC_c7ee9cba34be,occupation,Chargé / Chargée de planification réseaux de télécoms,charge / chargee de planification reseaux de telecoms,alt,fr,ROME
OCC_c7ee9cba34be,occupation,Chargé / Chargée d'opération réseaux de télécoms,charge / chargee d'operation reseaux de telecoms,alt,fr,ROME
OCC_c7ee9cba34be,occupation,Concepteur réalisateur / Conceptrice réalisatrice de réseau télécoms,concepteur realisateur / conceptrice realisatrice de reseau telecoms,alt,fr,ROME
OCC_c7ee9cba34be,occupation,Technicien détecteur / Technicienne détectrice spécialiste des opérations des forces navales et sous-marines,technicien detecteur / technicienne detectrice specialiste des operations des forces navales et sous-marines,alt,fr,ROME
OCC_c7ee9cba34be,occupation,Technicien détecteur / Technicienne détectrice anti-sous-marins spécialiste des opérations des forces navales et sous-marines,technicien detecteur / technicienne detectrice anti-sous-marins specialiste des operations des forces navales et sous-marines,alt,fr,ROME
OCC_c7ee9cba34be,occupation,Exploitant / Exploitante des supports hertziens radio satellitaire,exploitant / exploitante des supports hertziens radio satellitaire,alt,fr,ROME
OCC_c7ee9cba34be,occupation,Exploitant / Exploitante des systèmes de guerre électronique,exploitant / exploitante des systemes de guerre electronique,alt,fr,ROME
OCC_c7ee9cba34be,occupation,Exploitant / Exploitante des télécommunications,exploitant / exploitante des telecommunications,alt,fr,ROME
OCC_c7ee9cba34be,occupation,Exploitant / Exploitante faisceaux hertziens,exploitant / exploitante faisceaux hertziens,alt,fr,ROME
OCC_c7ee9cba34be,occupation,Exploitant / Exploitante système d'information et de communication aux armées,exploitant / exploitante systeme d'information et de communication aux armees,alt,fr,ROME
OCC_c7ee9cba34be,occupation,Exploitant / Exploitante système composante projetable,exploitant / exploitante systeme composante projetable,alt,fr,ROME
OCC_c7ee9cba34be,occupation,Exploitant / Exploitante transmissions,exploitant / exploitante transmissions,alt,fr,ROME
OCC_c7ee9cba34be,occupation,Guetteur / Guetteuse de la flotte,guetteur / guetteuse de la flotte,alt,fr,ROME
OCC_c7ee9cba34be,occupation,Intercepteur / Interceptrice graphie aux armées,intercepteur / interceptrice graphie aux armees,alt,fr,ROME
OCC_c7ee9cba34be,occupation,Intercepteur / Interceptrice technique aux armées,intercepteur / interceptrice technique aux armees,alt,fr,ROME
OCC_c7ee9cba34be,occupation,Intercepteur traducteur / Interceptrice traductrice de langues aux armées,intercepteur traducteur / interceptrice traductrice de langues aux armees,alt,fr,ROME
OCC_c7ee9cba34be,occupation,Linguiste d'écoute aux armées,linguiste d'ecoute aux armees,alt,fr,ROME
OCC_c7ee9cba34be,occupation,Marketeur / Marketeuse réseaux de télécoms,marketeur / marketeuse reseaux de telecoms,alt,fr,ROME
OCC_c7ee9cba34be,occupation,Opérateur / Opératrice écoute,operateur / operatrice ecoute,alt,fr,ROME
OCC_c7ee9cba34be,occupation,Opérateur navigateur / Opératrice navigatrice terrestre aux armées,operateur navigateur / operatrice navigatrice terrestre aux armees,alt,fr,ROME
OCC_c7ee9cba34be,occupation,Opérateur / Opératrice radio,operateur / operatrice radio,alt,fr,ROME
OCC_c7ee9cba34be,occupation,Opérateur / Opératrice radiographiste,operateur / operatrice radiographiste,alt,fr,ROME
OCC_c7ee9cba34be,occupation,Opérateur / Opératrice système qualifié aux armées,operateur / operatrice systeme qualifie aux armees,alt,fr,ROME
OCC_c7ee9cba34be,occupation,Planificateur / Planificatrice réseaux de télécoms,planificateur / planificatrice reseaux de telecoms,alt,fr,ROME
OCC_c7ee9cba34be,occupation,Radiotélégraphiste,radiotelegraphiste,alt,fr,ROME
OCC_c7ee9cba34be,occupation,Technicien / Technicienne des systèmes d'information et de télécommunications,technicien / technicienne des systemes d'information et de telecommunications,alt,fr,ROME
OCC_c7ee9cba34be,occupation,Technicien / Technicienne communication aux armées,technicien / technicienne communication aux armees,alt,fr,ROME
OCC_c7ee9cba34be,occupation,Technicien / Technicienne détection et analyse des signaux électromagnétiques,technicien / technicienne detection et analyse des signaux electromagnetiques,alt,fr,ROME
OCC_c7ee9cba34be,occupation,Technicien / Technicienne d'exploitation télécommunication,technicien / technicienne d'exploitation telecommunication,alt,fr,ROME
OCC_c7ee9cba34be,occupation,Technicien / Technicienne en communication,technicien / technicienne en communication,alt,fr,ROME
OCC_c7ee9cba34be,occupation,Technicien exploitant / Technicienne exploitante de systèmes de guerre électronique,technicien exploitant / technicienne exploitante de systemes de guerre electronique,alt,fr,ROME
OCC_c7ee9cba34be,occupation,Technicien / Technicienne exploitation systèmes acoustiques,technicien / technicienne exploitation systemes acoustiques,alt,fr,ROME
OCC_c7ee9cba34be,occupation,Technicien / Technicienne réseau de transmission de données aux armées,technicien / technicienne reseau de transmission de donnees aux armees,alt,fr,ROME
OCC_c7ee9cba34be,occupation,Technicien / Technicienne sécurité des communications aux armées,technicien / technicienne securite des communications aux armees,alt,fr,ROME
OCC_c7ee9cba34be,occupation,Technicien supérieur / Technicienne supérieure détection électromagnétique sol-air aux armées,technicien superieur / technicienne superieure detection electromagnetique sol-air aux armees,alt,fr,ROME
OCC_c7ee9cba34be,occupation,Transfiliste aux armées,transfiliste aux armees,alt,fr,ROME
OCC_c7ee9cba34be,occupation,Transmetteur / Transmettrice aux armées,transmetteur / transmettrice aux armees,alt,fr,ROME
OCC_c7ee9cba34be,occupation,Opérateur / Opératrice de surveillance de la circulation maritime,operateur / operatrice de surveillance de la circulation maritime,alt,fr,ROME
OCC_c7ee9cba34be,occupation,Opérateur / Opératrice des systèmes de combat en opérations navales,operateur / operatrice des systemes de combat en operations navales,alt,fr,ROME
OCC_c7ee9cba34be,occupation,Opérateur / Opératrice systèmes de télécommunication des armées,operateur / operatrice systemes de telecommunication des armees,alt,fr,ROME
OCC_c7ee9cba34be,occupation,Spécialiste du domaine systèmes d'information et de communication aux armées,specialiste du domaine systemes d'information et de communication aux armees,alt,fr,ROME
OCC_c7ee9cba34be,occupation,Spécialiste administration des réseaux IP,specialiste administration des reseaux ip,alt,fr,ROME
OCC_c7ee9cba34be,occupation,Spécialiste réseaux et systèmes de télécommunications des armées,specialiste reseaux et systemes de telecommunications des armees,alt,fr,ROME
OCC_c7ee9cba34be,occupation,Technicien / Technicienne appui technique spatial,technicien / technicienne appui technique spatial,alt,fr,ROME
OCC_13ad0dec06f6,occupation,Cartographe,cartographe,preferred,fr,ROME
OCC_13ad0dec06f6,occupation,Assembleur / Assembleuse photogrammètre cartographe,assembleur / assembleuse photogrammetre cartographe,alt,fr,ROME
OCC_13ad0dec06f6,occupation,Chef / Cheffe exploitation images drones,chef / cheffe exploitation images drones,alt,fr,ROME
OCC_13ad0dec06f6,occupation,Dessinateur / Dessinatrice cartographe,dessinateur / dessinatrice cartographe,alt,fr,ROME
OCC_13ad0dec06f6,occupation,Hydrographe,hydrographe,alt,fr,ROME
OCC_13ad0dec06f6,occupation,Ingénieur / Ingénieure hydrographe,ingenieur / ingenieure hydrographe,alt,fr,ROME
OCC_13ad0dec06f6,occupation,Officier / Officière cartographe,officier / officiere cartographe,alt,fr,ROME
OCC_13ad0dec06f6,occupation,Officier marinier / Officière marinière hydrographe,officier marinier / officiere mariniere hydrographe,alt,fr,ROME
OCC_13ad0dec06f6,occupation,Spécialiste en géodésie et satellites,specialiste en geodesie et satellites,alt,fr,ROME
OCC_13ad0dec06f6,occupation,Cartographe du BTP,cartographe du btp,alt,fr,ROME
OCC_1de7cfbf9d19,occupation,Météorologue,meteorologue,preferred,fr,ROME
OCC_1de7cfbf9d19,occupation,Météorologiste,meteorologiste,alt,fr,ROME
OCC_1de7cfbf9d19,occupation,Météorologiste océanographe,meteorologiste oceanographe,alt,fr,ROME
OCC_1de7cfbf9d19,occupation,Météorologiste prévisionniste,meteorologiste previsionniste,alt,fr,ROME
OCC_1de7cfbf9d19,occupation,Prévisionniste crue,previsionniste crue,alt,fr,ROME
OCC_1de7cfbf9d19,occupation,Spécialiste de l'information météorologique,specialiste de l'information meteorologique,alt,fr,ROME
OCC_1de7cfbf9d19,occupation,Spécialiste METOC Météorologie Océanographie,specialiste metoc meteorologie oceanographie,alt,fr,ROME
OCC_1de7cfbf9d19,occupation,Hydrométéorologue,hydrometeorologue,alt,fr,ROME
OCC_1de7cfbf9d19,occupation,Analyste de données météorologiques,analyste de donnees meteorologiques,alt,fr,ROME
OCC_1de7cfbf9d19,occupation,Expert / Experte en gestion des risques météorologiques,expert / experte en gestion des risques meteorologiques,alt,fr,ROME
OCC_1de7cfbf9d19,occupation,Météorologiste aéronautique,meteorologiste aeronautique,alt,fr,ROME
OCC_1ce0e8031f25,occupation,Technicien / Technicienne d'exploitation informatique,technicien / technicienne d'exploitation informatique,preferred,fr,ROME
OCC_1ce0e8031f25,occupation,Adjoint / Adjointe d'exploitation informatique,adjoint / adjointe d'exploitation informatique,alt,fr,ROME
OCC_1ce0e8031f25,occupation,Adjoint technicien / Adjointe technicienne d'exploitation informatique,adjoint technicien / adjointe technicienne d'exploitation informatique,alt,fr,ROME
OCC_1ce0e8031f25,occupation,Agent / Agente de planning informatique,agent / agente de planning informatique,alt,fr,ROME
OCC_1ce0e8031f25,occupation,Agent / Agente d'exploitation informatique,agent / agente d'exploitation informatique,alt,fr,ROME
OCC_1ce0e8031f25,occupation,Analyste d'exploitation,analyste d'exploitation,alt,fr,ROME
OCC_1ce0e8031f25,occupation,Assistant / Assistante d'exploitation informatique,assistant / assistante d'exploitation informatique,alt,fr,ROME
OCC_1ce0e8031f25,occupation,Chef / Cheffe d'équipe de production informatique,chef / cheffe d'equipe de production informatique,alt,fr,ROME
OCC_1ce0e8031f25,occupation,Exploitant / Exploitante informatique,exploitant / exploitante informatique,alt,fr,ROME
OCC_1ce0e8031f25,occupation,Gestionnaire du parc informatique,gestionnaire du parc informatique,alt,fr,ROME
OCC_1ce0e8031f25,occupation,Informaticien automaticien / Informaticienne automaticienne,informaticien automaticien / informaticienne automaticienne,alt,fr,ROME
OCC_1ce0e8031f25,occupation,Intégrateur / Intégratrice d'exploitation informatique,integrateur / integratrice d'exploitation informatique,alt,fr,ROME
OCC_1ce0e8031f25,occupation,Opérateur / Opératrice informatique,operateur / operatrice informatique,alt,fr,ROME
OCC_1ce0e8031f25,occupation,Opérateur pupitreur / Opératrice pupitreuse informatique,operateur pupitreur / operatrice pupitreuse informatique,alt,fr,ROME
OCC_1ce0e8031f25,occupation,Pupitreur / Pupitreuse d'exploitation informatique,pupitreur / pupitreuse d'exploitation informatique,alt,fr,ROME
OCC_1ce0e8031f25,occupation,Pupitreur / Pupitreuse réseau informatique,pupitreur / pupitreuse reseau informatique,alt,fr,ROME
OCC_1ce0e8031f25,occupation,Technicien / Technicienne en informatique industrielle,technicien / technicienne en informatique industrielle,alt,fr,ROME
OCC_1ce0e8031f25,occupation,Technicien / Technicienne informatique,technicien / technicienne informatique,alt,fr,ROME
OCC_1ce0e8031f25,occupation,Technicien / Technicienne programmation,technicien / technicienne programmation,alt,fr,ROME
OCC_1ce0e8031f25,occupation,Technicien supérieur / Technicienne supérieure en automatique,technicien superieur / technicienne superieure en automatique,alt,fr,ROME
OCC_1ce0e8031f25,occupation,Technicien / Technicienne système informatique,technicien / technicienne systeme informatique,alt,fr,ROME
OCC_1ce0e8031f25,occupation,Technicien / Technicienne de développement informatique,technicien / technicienne de developpement informatique,alt,fr,ROME
OCC_1ce0e8031f25,occupation,Technicien / Technicienne développement logiciel,technicien / technicienne developpement logiciel,alt,fr,ROME
OCC_903f27875082,occupation,Data engineer,data engineer,preferred,fr,ROME
OCC_903f27875082,occupation,Architecte de données informatiques,architecte de donnees informatiques,alt,fr,ROME
OCC_903f27875082,occupation,Data manager,data manager,alt,fr,ROME
OCC_903f27875082,occupation,Développeur / Développeuse Big Data,developpeur / developpeuse big data,alt,fr,ROME
OCC_903f27875082,occupation,Analyste qualité des données,analyste qualite des donnees,alt,fr,ROME
OCC_903f27875082,occupation,Architecte big data,architecte big data,alt,fr,ROME
OCC_903f27875082,occupation,Big data engineer,big data engineer,alt,fr,ROME
OCC_903f27875082,occupation,Docteur big data,docteur big data,alt,fr,ROME
OCC_903f27875082,occupation,Expert / Experte big data,expert / experte big data,alt,fr,ROME
OCC_903f27875082,occupation,Expert / Experte technique big data,expert / experte technique big data,alt,fr,ROME
OCC_903f27875082,occupation,Ingénieur / Ingénieure big data,ingenieur / ingenieure big data,alt,fr,ROME
OCC_903f27875082,occupation,Ingénieur / Ingénieure dataviz,ingenieur / ingenieure dataviz,alt,fr,ROME
OCC_903f27875082,occupation,Ingénieur / Ingénieure données,ingenieur / ingenieure donnees,alt,fr,ROME
OCC_903f27875082,occupation,Ingénieur / Ingénieure en développement big data,ingenieur / ingenieure en developpement big data,alt,fr,ROME
OCC_903f27875082,occupation,Responsable architecture conception data,responsable architecture conception data,alt,fr,ROME
OCC_903f27875082,occupation,Responsable big data,responsable big data,alt,fr,ROME
OCC_903f27875082,occupation,Développeur / Développeuse data,developpeur / developpeuse data,alt,fr,ROME
OCC_903f27875082,occupation,Analyste scientifique des données,analyste scientifique des donnees,alt,fr,ROME
OCC_903f27875082,occupation,Ingénieur / Ingénieure Data Visualisation,ingenieur / ingenieure data visualisation,alt,fr,ROME
OCC_563c9ee7ae68,occupation,Responsable de la Sécurité des Systèmes d'Information (RSSI),responsable de la securite des systemes d'information (rssi),preferred,fr,ROME
OCC_563c9ee7ae68,occupation,Responsable sécurité des systèmes d'information,responsable securite des systemes d'information,alt,fr,ROME
OCC_563c9ee7ae68,occupation,Responsable sécurité informatique,responsable securite informatique,alt,fr,ROME
OCC_563c9ee7ae68,occupation,Chief Information Security Officer (CISO),chief information security officer (ciso),alt,fr,ROME
OCC_563c9ee7ae68,occupation,Data Protection Officer,data protection officer,alt,fr,ROME
OCC_563c9ee7ae68,occupation,Directeur / Directrice de la sécurité informatique,directeur / directrice de la securite informatique,alt,fr,ROME
OCC_563c9ee7ae68,occupation,Directeur / Directrice de la sécurité tic,directeur / directrice de la securite tic,alt,fr,ROME
OCC_563c9ee7ae68,occupation,Manager de la Sécurité et des Risques de l'Information (MSRI),manager de la securite et des risques de l'information (msri),alt,fr,ROME
OCC_563c9ee7ae68,occupation,Responsable Sécurité de l'information,responsable securite de l'information,alt,fr,ROME
OCC_563c9ee7ae68,occupation,Responsable de la sécurité informatique,responsable de la securite informatique,alt,fr,ROME
OCC_563c9ee7ae68,occupation,Responsable des risques de la sécurité des systèmes informatiques (RRSSI),responsable des risques de la securite des systemes informatiques (rrssi),alt,fr,ROME
OCC_563c9ee7ae68,occupation,Responsable ou directeur de la sécurité des systèmes d'information (RSSI ou DSSI),responsable ou directeur de la securite des systemes d'information (rssi ou dssi),alt,fr,ROME
OCC_563c9ee7ae68,occupation,Responsable risque sécurité réseaux informatiques,responsable risque securite reseaux informatiques,alt,fr,ROME
OCC_563c9ee7ae68,occupation,Responsable sécurité des réseaux informatiques,responsable securite des reseaux informatiques,alt,fr,ROME
OCC_22a265df20e2,occupation,Intégrateur / Intégratrice logiciels métiers,integrateur / integratrice logiciels metiers,preferred,fr,ROME
OCC_22a265df20e2,occupation,Ingénieur / Ingénieure d'intégration applicative,ingenieur / ingenieure d'integration applicative,alt,fr,ROME
OCC_22a265df20e2,occupation,Intégrateur / Intégratrice d'application informatique,integrateur / integratrice d'application informatique,alt,fr,ROME
OCC_22a265df20e2,occupation,Paramétreur / Paramétreuse logiciel ERP,parametreur / parametreuse logiciel erp,alt,fr,ROME
OCC_22a265df20e2,occupation,ERP Consultant,erp consultant,alt,fr,ROME
OCC_22a265df20e2,occupation,ERP integrator,erp integrator,alt,fr,ROME
OCC_22a265df20e2,occupation,Consultant / Consultante ERP,consultant / consultante erp,alt,fr,ROME
OCC_22a265df20e2,occupation,Consultant / Consultante produit,consultant / consultante produit,alt,fr,ROME
OCC_22a265df20e2,occupation,Ingénieur / Ingénieure intégration,ingenieur / ingenieure integration,alt,fr,ROME
OCC_22a265df20e2,occupation,Ingénieur / Ingénieure progiciel,ingenieur / ingenieure progiciel,alt,fr,ROME
OCC_22a265df20e2,occupation,Paramétreur / Paramétreuse de logiciels,parametreur / parametreuse de logiciels,alt,fr,ROME
OCC_22a265df20e2,occupation,Chef / Cheffe de projet erp,chef / cheffe de projet erp,alt,fr,ROME
OCC_df34a0f9f6c0,occupation,Scrum Master,scrum master,preferred,fr,ROME
OCC_df34a0f9f6c0,occupation,Assistant / Assistante chef de projet informatique,assistant / assistante chef de projet informatique,alt,fr,ROME
OCC_df34a0f9f6c0,occupation,Scrum master informatique,scrum master informatique,alt,fr,ROME
OCC_df34a0f9f6c0,occupation,Chef / Cheffe de projet agile,chef / cheffe de projet agile,alt,fr,ROME
OCC_2523d083789d,occupation,Spécialiste test et validation logiciel ou application,specialiste test et validation logiciel ou application,preferred,fr,ROME
OCC_940b6385dcd1,occupation,Technicien / Technicienne réseaux informatiques et télécoms,technicien / technicienne reseaux informatiques et telecoms,preferred,fr,ROME
OCC_940b6385dcd1,occupation,Contrôleur / Contrôleuse de réseau informatique,controleur / controleuse de reseau informatique,alt,fr,ROME
OCC_940b6385dcd1,occupation,Technicien / Technicienne d'essais et de contrôle en télécommunications,technicien / technicienne d'essais et de controle en telecommunications,alt,fr,ROME
OCC_940b6385dcd1,occupation,Technicien / Technicienne en télécommunications,technicien / technicienne en telecommunications,alt,fr,ROME
OCC_940b6385dcd1,occupation,Technicien / Technicienne en télécommunications et réseaux d'entreprise,technicien / technicienne en telecommunications et reseaux d'entreprise,alt,fr,ROME
OCC_940b6385dcd1,occupation,Technicien expert / Technicienne experte en installation intégration en télécommunications et réseaux d'entreprise,technicien expert / technicienne experte en installation integration en telecommunications et reseaux d'entreprise,alt,fr,ROME
OCC_940b6385dcd1,occupation,Technicien / Technicienne ingénierie réseaux de télécoms,technicien / technicienne ingenierie reseaux de telecoms,alt,fr,ROME
OCC_940b6385dcd1,occupation,Technicien / Technicienne installation intégration en télécommunications et réseaux d'entreprise,technicien / technicienne installation integration en telecommunications et reseaux d'entreprise,alt,fr,ROME
OCC_940b6385dcd1,occupation,Technicien / Technicienne réseau informatique,technicien / technicienne reseau informatique,alt,fr,ROME
OCC_940b6385dcd1,occupation,Technicien / Technicienne réseaux et télécommunications d'entreprise,technicien / technicienne reseaux et telecommunications d'entreprise,alt,fr,ROME
OCC_940b6385dcd1,occupation,Technicien spécialisé / Technicienne spécialisée en installation et intégration en télécommunications et réseaux d'entreprise,technicien specialise / technicienne specialisee en installation et integration en telecommunications et reseaux d'entreprise,alt,fr,ROME
OCC_940b6385dcd1,occupation,Technicien spécialisé / Technicienne spécialisée en télécommunications et réseaux d'entreprise,technicien specialise / technicienne specialisee en telecommunications et reseaux d'entreprise,alt,fr,ROME
OCC_940b6385dcd1,occupation,Technicien / Technicienne télécoms et réseaux,technicien / technicienne telecoms et reseaux,alt,fr,ROME
OCC_940b6385dcd1,occupation,Technicien / Technicienne réseau Datacenter,technicien / technicienne reseau datacenter,alt,fr,ROME
OCC_940b6385dcd1,occupation,Technicien / Technicienne réseau et maintenance,technicien / technicienne reseau et maintenance,alt,fr,ROME
OCC_6d24adb3285c,occupation,Administrateur / Administratrice sécurité informatique,administrateur / administratrice securite informatique,preferred,fr,ROME
OCC_050f179f19d8,occupation,Ingénieur / Ingénieure d'étude informatique,ingenieur / ingenieure d'etude informatique,preferred,fr,ROME
OCC_050f179f19d8,occupation,Informaticien chargé / Informaticienne chargée d'étude,informaticien charge / informaticienne chargee d'etude,alt,fr,ROME
OCC_050f179f19d8,occupation,Ingénieur / Ingénieure analyste en système d'information,ingenieur / ingenieure analyste en systeme d'information,alt,fr,ROME
OCC_050f179f19d8,occupation,Ingénieur / Ingénieure d'étude en informatique de gestion,ingenieur / ingenieure d'etude en informatique de gestion,alt,fr,ROME
OCC_050f179f19d8,occupation,Ingénieur / Ingénieure d'étude et développement informatique,ingenieur / ingenieure d'etude et developpement informatique,alt,fr,ROME
OCC_050f179f19d8,occupation,Ingénieur / Ingénieure d'étude logiciel informatique,ingenieur / ingenieure d'etude logiciel informatique,alt,fr,ROME
OCC_050f179f19d8,occupation,Ingénieur / Ingénieure logiciel informatique,ingenieur / ingenieure logiciel informatique,alt,fr,ROME
OCC_050f179f19d8,occupation,Informaticien / Informaticienne d'études,informaticien / informaticienne d'etudes,alt,fr,ROME
OCC_050f179f19d8,occupation,Chargé / Chargée d'étude informatique,charge / chargee d'etude informatique,alt,fr,ROME
OCC_050f179f19d8,occupation,Ingénieur / Ingénieure logiciel,ingenieur / ingenieure logiciel,alt,fr,ROME
OCC_050f179f19d8,occupation,Architecte logiciel,architecte logiciel,alt,fr,ROME
OCC_050f179f19d8,occupation,Expert / Experte logiciel,expert / experte logiciel,alt,fr,ROME
OCC_050f179f19d8,occupation,Ingénieur / Ingénieure logiciel en robotique,ingenieur / ingenieure logiciel en robotique,alt,fr,ROME
OCC_7f18f2f19e2a,occupation,Technicien / Technicienne en cybersécurité,technicien / technicienne en cybersecurite,preferred,fr,ROME
OCC_7f18f2f19e2a,occupation,Opérateur / Opératrice en cybersécurité,operateur / operatrice en cybersecurite,alt,fr,ROME
OCC_336e0a8cfc0b,occupation,Expert / Experte méthodes et qualité informatique,expert / experte methodes et qualite informatique,preferred,fr,ROME
OCC_336e0a8cfc0b,occupation,Expert / Experte méthodes et outils en informatique,expert / experte methodes et outils en informatique,alt,fr,ROME
OCC_336e0a8cfc0b,occupation,Expert / Experte qualité informatique,expert / experte qualite informatique,alt,fr,ROME
OCC_336e0a8cfc0b,occupation,"Expert / Experte sécurité, méthode et qualité informatique","expert / experte securite, methode et qualite informatique",alt,fr,ROME
OCC_085a2958b6aa,occupation,Analyste d'application informatique,analyste d'application informatique,preferred,fr,ROME
OCC_085a2958b6aa,occupation,Analyste d'application,analyste d'application,alt,fr,ROME
OCC_085a2958b6aa,occupation,Analyste responsable d'application informatique,analyste responsable d'application informatique,alt,fr,ROME
OCC_88068199c10c,occupation,Spécialiste Jumeau Numérique,specialiste jumeau numerique,preferred,fr,ROME
OCC_88068199c10c,occupation,Développeur / Développeuse de logiciel de simulation optique et réalité virtuelle (VR),developpeur / developpeuse de logiciel de simulation optique et realite virtuelle (vr),alt,fr,ROME
OCC_88068199c10c,occupation,Développeur / Développeuse logiciel de réalité augmentée,developpeur / developpeuse logiciel de realite augmentee,alt,fr,ROME
OCC_88068199c10c,occupation,Expert / Experte virtualisation,expert / experte virtualisation,alt,fr,ROME
OCC_3dd25c7bc53e,occupation,Consultant / Consultante avant-vente,consultant / consultante avant-vente,preferred,fr,ROME
OCC_3dd25c7bc53e,occupation,Ingénieur / Ingénieure technico-commercial(e) IT,ingenieur / ingenieure technico-commercial(e) it,alt,fr,ROME
OCC_3dd25c7bc53e,occupation,Ingénieur / Ingénieure informatique avant-vente,ingenieur / ingenieure informatique avant-vente,alt,fr,ROME
OCC_2e83dfac986c,occupation,Développeur / Développeuse décisionnel - Business Intelligence,developpeur / developpeuse decisionnel - business intelligence,preferred,fr,ROME
OCC_8febad416722,occupation,Coordinateur / Coordinatrice de production web,coordinateur / coordinatrice de production web,preferred,fr,ROME
OCC_8febad416722,occupation,Coordinateur / Coordinatrice de projet digital,coordinateur / coordinatrice de projet digital,alt,fr,ROME
OCC_8febad416722,occupation,Directeur / Directrice de projets digitaux,directeur / directrice de projets digitaux,alt,fr,ROME
OCC_07c3258d7642,occupation,Ingénieur / Ingénieure supervision IT Datacenter,ingenieur / ingenieure supervision it datacenter,preferred,fr,ROME
OCC_07c3258d7642,occupation,Responsable des systèmes informatiques,responsable des systemes informatiques,alt,fr,ROME
OCC_07c3258d7642,occupation,Ingénieur / Ingénieure support informatique,ingenieur / ingenieure support informatique,alt,fr,ROME
OCC_07c3258d7642,occupation,Ingénieur / Ingénieure support réseaux,ingenieur / ingenieure support reseaux,alt,fr,ROME
OCC_eab9b08d024c,occupation,Ingénieur / Ingénieure DevOps,ingenieur / ingenieure devops,preferred,fr,ROME
OCC_eab9b08d024c,occupation,Chef / Cheffe de groupe logicien informaticien,chef / cheffe de groupe logicien informaticien,alt,fr,ROME
OCC_eab9b08d024c,occupation,Ingénieur / Ingénieure de développement informatique,ingenieur / ingenieure de developpement informatique,alt,fr,ROME
OCC_eab9b08d024c,occupation,Ingénieur / Ingénieure développement logiciel informatique,ingenieur / ingenieure developpement logiciel informatique,alt,fr,ROME
OCC_eab9b08d024c,occupation,Ingénieur / Ingénieure en développement d'applications,ingenieur / ingenieure en developpement d'applications,alt,fr,ROME
OCC_eab9b08d024c,occupation,Ingénieur / Ingénieure informatique développement en temps réel,ingenieur / ingenieure informatique developpement en temps reel,alt,fr,ROME
OCC_eab9b08d024c,occupation,Ingénieur / Ingénieure programme informatique,ingenieur / ingenieure programme informatique,alt,fr,ROME
OCC_eab9b08d024c,occupation,Ingénieur / Ingénieure développement logiciel,ingenieur / ingenieure developpement logiciel,alt,fr,ROME
OCC_eab9b08d024c,occupation,Devops,devops,alt,fr,ROME
OCC_eab9b08d024c,occupation,Architecte DevOps,architecte devops,alt,fr,ROME
OCC_eab9b08d024c,occupation,Spécialiste DevOps,specialiste devops,alt,fr,ROME
OCC_21efe6cdd8d9,occupation,Chef de projet / Cheffe de projet (Project Management Officer),chef de projet / cheffe de projet (project management officer),preferred,fr,ROME
OCC_21efe6cdd8d9,occupation,Chef / Cheffe de projet utilisateurs des systèmes d'information,chef / cheffe de projet utilisateurs des systemes d'information,alt,fr,ROME
OCC_21efe6cdd8d9,occupation,Coordinateur / Coordinatrice de la Maîtrise d'ouvrage des systèmes d'information,coordinateur / coordinatrice de la maitrise d'ouvrage des systemes d'information,alt,fr,ROME
OCC_21efe6cdd8d9,occupation,Responsable de projets « métiers » système d'information,responsable de projets metiers systeme d'information,alt,fr,ROME
OCC_21efe6cdd8d9,occupation,Project Manager,project manager,alt,fr,ROME
OCC_21efe6cdd8d9,occupation,Project Management Officer - PMO,project management officer - pmo,alt,fr,ROME
OCC_21efe6cdd8d9,occupation,Chef / Cheffe de projet client,chef / cheffe de projet client,alt,fr,ROME
OCC_21efe6cdd8d9,occupation,Chef / Cheffe de projet SI,chef / cheffe de projet si,alt,fr,ROME
OCC_33ca0a6e17b8,occupation,Ingénieur / Ingénieure systèmes et réseaux des territoires connectés,ingenieur / ingenieure systemes et reseaux des territoires connectes,preferred,fr,ROME
OCC_8a0009547b60,occupation,Administrateur / Administratrice réseaux - télécoms,administrateur / administratrice reseaux - telecoms,preferred,fr,ROME
OCC_8a0009547b60,occupation,Architecte réseaux de télécoms,architecte reseaux de telecoms,alt,fr,ROME
OCC_8a0009547b60,occupation,Administrateur / Administratrice réseau de télécommunications,administrateur / administratrice reseau de telecommunications,alt,fr,ROME
OCC_8a0009547b60,occupation,Administrateur / Administratrice réseaux des territoires connectés,administrateur / administratrice reseaux des territoires connectes,alt,fr,ROME
OCC_2f27eb2177cc,occupation,Développeur / Développeuse - jeux vidéo,developpeur / developpeuse - jeux video,preferred,fr,ROME
OCC_2f27eb2177cc,occupation,Lead programmeur / Lead programmeuse - jeux vidéo,lead programmeur / lead programmeuse - jeux video,alt,fr,ROME
OCC_2f27eb2177cc,occupation,Programmeur / Programmeuse - jeux vidéo,programmeur / programmeuse - jeux video,alt,fr,ROME
OCC_2f27eb2177cc,occupation,Développeur / Développeuse gameplay,developpeur / developpeuse gameplay,alt,fr,ROME
OCC_2f27eb2177cc,occupation,Programmeur / Programmeuse gameplay,programmeur / programmeuse gameplay,alt,fr,ROME
OCC_21c50bd3a35a,occupation,Homologateur / Homologatrice fonctionnel de logiciel,homologateur / homologatrice fonctionnel de logiciel,preferred,fr,ROME
OCC_21c50bd3a35a,occupation,Homologateur / Homologatrice logiciel,homologateur / homologatrice logiciel,alt,fr,ROME
OCC_54194a8e4af5,occupation,Ingénieur / Ingénieure sécurité web,ingenieur / ingenieure securite web,preferred,fr,ROME
OCC_53745b14cb87,occupation,Administrateur / Administratrice de site internet,administrateur / administratrice de site internet,preferred,fr,ROME
OCC_53745b14cb87,occupation,Administrateur / Administratrice de site Web,administrateur / administratrice de site web,alt,fr,ROME
OCC_53745b14cb87,occupation,Infographiste web master,infographiste web master,alt,fr,ROME
OCC_53745b14cb87,occupation,Webmaster concepteur / Webmaster conceptrice de site web,webmaster concepteur / webmaster conceptrice de site web,alt,fr,ROME
OCC_53745b14cb87,occupation,Webmaster éditorialiste,webmaster editorialiste,alt,fr,ROME
OCC_53745b14cb87,occupation,Webmaster chargé / Webmaster chargée de communication,webmaster charge / webmaster chargee de communication,alt,fr,ROME
OCC_53745b14cb87,occupation,Responsable qualité web,responsable qualite web,alt,fr,ROME
OCC_53745b14cb87,occupation,Responsable éditorial / Responsable éditoriale web,responsable editorial / responsable editoriale web,alt,fr,ROME
OCC_53745b14cb87,occupation,Webmaster,webmaster,alt,fr,ROME
OCC_b6f0c15f7803,occupation,Architecte systèmes et réseaux des territoires connectés,architecte systemes et reseaux des territoires connectes,preferred,fr,ROME
OCC_b6f0c15f7803,occupation,Architecte des systèmes d'information des territoires connectés,architecte des systemes d'information des territoires connectes,alt,fr,ROME
OCC_b6f0c15f7803,occupation,Architecte SOA des territoires connectés,architecte soa des territoires connectes,alt,fr,ROME
OCC_286d9da07b4d,occupation,Ingénieur concepteur / Ingénieure conceptrice informatique,ingenieur concepteur / ingenieure conceptrice informatique,preferred,fr,ROME
OCC_286d9da07b4d,occupation,Analyste-programmeur / Analyste-programmeuse en informatique industrielle,analyste-programmeur / analyste-programmeuse en informatique industrielle,alt,fr,ROME
OCC_286d9da07b4d,occupation,Concepteur / Conceptrice informatique,concepteur / conceptrice informatique,alt,fr,ROME
OCC_286d9da07b4d,occupation,Ingénieur analyste-programmeur / Ingénieure analyste-programmeuse,ingenieur analyste-programmeur / ingenieure analyste-programmeuse,alt,fr,ROME
OCC_286d9da07b4d,occupation,Ingénieur / Ingénieure de conception informatique,ingenieur / ingenieure de conception informatique,alt,fr,ROME
OCC_286d9da07b4d,occupation,Chercheur Concepteur / Chercheuse Conceptrice informatique,chercheur concepteur / chercheuse conceptrice informatique,alt,fr,ROME
OCC_286d9da07b4d,occupation,Ingénieur / Ingénieure recherche et développement (R&D) en informatique,ingenieur / ingenieure recherche et developpement (r&d) en informatique,alt,fr,ROME
OCC_073f57ae50f2,occupation,Développeur / Développeuse multimédia,developpeur / developpeuse multimedia,preferred,fr,ROME
OCC_bf56177836a1,occupation,Urbaniste des systèmes d'information,urbaniste des systemes d'information,preferred,fr,ROME
OCC_bf56177836a1,occupation,Consultant / Consultante en système d'information,consultant / consultante en systeme d'information,alt,fr,ROME
OCC_bf56177836a1,occupation,Expert / Experte en système d'information,expert / experte en systeme d'information,alt,fr,ROME
OCC_21715cbb5d2f,occupation,Architecte systèmes et réseaux,architecte systemes et reseaux,preferred,fr,ROME
OCC_21715cbb5d2f,occupation,Architecte réseaux informatiques,architecte reseaux informatiques,alt,fr,ROME
OCC_21715cbb5d2f,occupation,Architecte système d'information,architecte systeme d'information,alt,fr,ROME
OCC_21715cbb5d2f,occupation,Architecte système informatique,architecte systeme informatique,alt,fr,ROME
OCC_21715cbb5d2f,occupation,Architecte technique informatique,architecte technique informatique,alt,fr,ROME
OCC_21715cbb5d2f,occupation,Consultant / Consultante architecte technique,consultant / consultante architecte technique,alt,fr,ROME
OCC_21715cbb5d2f,occupation,Architecte solutions,architecte solutions,alt,fr,ROME
OCC_45f8e3b56a4a,occupation,Directeur / Directrice de projets des territoires connectés,directeur / directrice de projets des territoires connectes,preferred,fr,ROME
OCC_45f8e3b56a4a,occupation,Directeur / Directrice de programme de territoire connecté,directeur / directrice de programme de territoire connecte,alt,fr,ROME
OCC_e02a62ee28e8,occupation,Ingénieur informaticien / Ingénieure informaticienne,ingenieur informaticien / ingenieure informaticienne,preferred,fr,ROME
OCC_e02a62ee28e8,occupation,Ingénieur / Ingénieure analyste informatique,ingenieur / ingenieure analyste informatique,alt,fr,ROME
OCC_e02a62ee28e8,occupation,Ingénieur / Ingénieure d'analyse et de programmation en informatique de gestion,ingenieur / ingenieure d'analyse et de programmation en informatique de gestion,alt,fr,ROME
OCC_e02a62ee28e8,occupation,Ingénieur / Ingénieure d'application informatique,ingenieur / ingenieure d'application informatique,alt,fr,ROME
OCC_e02a62ee28e8,occupation,Ingénieur / Ingénieure de réalisation informatique,ingenieur / ingenieure de realisation informatique,alt,fr,ROME
OCC_e02a62ee28e8,occupation,Expert / Experte en application informatique,expert / experte en application informatique,alt,fr,ROME
OCC_e02a62ee28e8,occupation,Ingénieur / Ingénieure informatique,ingenieur / ingenieure informatique,alt,fr,ROME
OCC_e02a62ee28e8,occupation,Ingénieur-conseil / Ingénieure-conseil informatique,ingenieur-conseil / ingenieure-conseil informatique,alt,fr,ROME
OCC_da40f63e4373,occupation,Qualiticien / Qualiticienne logiciel en informatique,qualiticien / qualiticienne logiciel en informatique,preferred,fr,ROME
OCC_da40f63e4373,occupation,Analyste cogniticien / Analyste cogniticienne informatique,analyste cogniticien / analyste cogniticienne informatique,alt,fr,ROME
OCC_da40f63e4373,occupation,Didacticien / Didacticienne informatique,didacticien / didacticienne informatique,alt,fr,ROME
OCC_da40f63e4373,occupation,Responsable d'atelier de génie logiciel,responsable d'atelier de genie logiciel,alt,fr,ROME
OCC_0dfd1568b513,occupation,Administrateur / Administratrice de serveurs,administrateur / administratrice de serveurs,preferred,fr,ROME
OCC_e16c45181fb8,occupation,Responsable des études et applications informatiques,responsable des etudes et applications informatiques,preferred,fr,ROME
OCC_e16c45181fb8,occupation,Ingénieur / Ingénieure d'étude en applications scientifiques informatiques,ingenieur / ingenieure d'etude en applications scientifiques informatiques,alt,fr,ROME
OCC_e16c45181fb8,occupation,Responsable d'application informatique,responsable d'application informatique,alt,fr,ROME
OCC_e16c45181fb8,occupation,Responsable de projet informatique,responsable de projet informatique,alt,fr,ROME
OCC_e16c45181fb8,occupation,Responsable des développements informatiques,responsable des developpements informatiques,alt,fr,ROME
OCC_e16c45181fb8,occupation,Responsable d'étude informatique,responsable d'etude informatique,alt,fr,ROME
OCC_afe0af7ee789,occupation,Architecte IoT - Internet des Objets,architecte iot - internet des objets,preferred,fr,ROME
OCC_0194b59e1846,occupation,Ingénieur / Ingénieure Cybersécurité Datacenter,ingenieur / ingenieure cybersecurite datacenter,preferred,fr,ROME
OCC_b7befaa6cd86,occupation,Expert / Experte en communication et réseaux,expert / experte en communication et reseaux,preferred,fr,ROME
OCC_b7befaa6cd86,occupation,Expert / Experte en technologie de l'information et des communications (TIC),expert / experte en technologie de l'information et des communications (tic),alt,fr,ROME
OCC_6208e1876753,occupation,Analyste Concepteur / Conceptrice informatique,analyste concepteur / conceptrice informatique,preferred,fr,ROME
OCC_7d00df02eb9d,occupation,Administrateur / Administratrice de messagerie,administrateur / administratrice de messagerie,preferred,fr,ROME
OCC_7d00df02eb9d,occupation,Administrateur / Administratrice de la messagerie,administrateur / administratrice de la messagerie,alt,fr,ROME
OCC_9f8d6a13ded5,occupation,Architecte multimédias interactifs,architecte multimedias interactifs,preferred,fr,ROME
OCC_9f8d6a13ded5,occupation,Architecte multimédia,architecte multimedia,alt,fr,ROME
OCC_9f8d6a13ded5,occupation,Expert / Experte en technologie Internet et multimédia,expert / experte en technologie internet et multimedia,alt,fr,ROME
OCC_4fedfaca20de,occupation,Analyste décisionnel - Business Intelligence,analyste decisionnel - business intelligence,preferred,fr,ROME
OCC_5fafb471f4aa,occupation,Analyste d'étude informatique,analyste d'etude informatique,preferred,fr,ROME
OCC_5fafb471f4aa,occupation,Analyste de gestion informatique,analyste de gestion informatique,alt,fr,ROME
OCC_5fafb471f4aa,occupation,Analyste fonctionnel / Analyste fonctionnelle informatique,analyste fonctionnel / analyste fonctionnelle informatique,alt,fr,ROME
OCC_5fafb471f4aa,occupation,Analyste organique informatique,analyste organique informatique,alt,fr,ROME
OCC_5fafb471f4aa,occupation,Analyste réseau informatique,analyste reseau informatique,alt,fr,ROME
OCC_5fafb471f4aa,occupation,Analyste télématique,analyste telematique,alt,fr,ROME
OCC_5fafb471f4aa,occupation,Analyste-programmeur / Analyste-programmeuse de micro-informatique,analyste-programmeur / analyste-programmeuse de micro-informatique,alt,fr,ROME
OCC_5fafb471f4aa,occupation,Analyste-programmeur / Analyste-programmeuse d'étude informatique,analyste-programmeur / analyste-programmeuse d'etude informatique,alt,fr,ROME
OCC_5fafb471f4aa,occupation,Informaticien / Informaticienne analyste,informaticien / informaticienne analyste,alt,fr,ROME
OCC_09b65ca00490,occupation,Chef / Cheffe de projet étude et développement informatique,chef / cheffe de projet etude et developpement informatique,preferred,fr,ROME
OCC_09b65ca00490,occupation,Chef / Cheffe de projet développement logiciel,chef / cheffe de projet developpement logiciel,alt,fr,ROME
OCC_09b65ca00490,occupation,Chef / Cheffe de projet en linguistique informatique,chef / cheffe de projet en linguistique informatique,alt,fr,ROME
OCC_09b65ca00490,occupation,Chef / Cheffe de projet informatique,chef / cheffe de projet informatique,alt,fr,ROME
OCC_09b65ca00490,occupation,Chargé / Chargée de projet Data,charge / chargee de projet data,alt,fr,ROME
OCC_734c5ae6a3df,occupation,Chef / Cheffe de projet réseau fixe et mobile,chef / cheffe de projet reseau fixe et mobile,preferred,fr,ROME
OCC_734c5ae6a3df,occupation,Chef / Cheffe de projet Réseau,chef / cheffe de projet reseau,alt,fr,ROME
OCC_734c5ae6a3df,occupation,Chef / Cheffe de projet Réseaux mobiles,chef / cheffe de projet reseaux mobiles,alt,fr,ROME
OCC_734c5ae6a3df,occupation,Chef / Cheffe de projet Datacenter,chef / cheffe de projet datacenter,alt,fr,ROME
OCC_734c5ae6a3df,occupation,Chef / Cheffe de projet équipements connectés,chef / cheffe de projet equipements connectes,alt,fr,ROME
OCC_734c5ae6a3df,occupation,Directeur / Directrice de projets,directeur / directrice de projets,alt,fr,ROME
OCC_c506a18083b7,occupation,Développeur / Développeuse web,developpeur / developpeuse web,preferred,fr,ROME
OCC_c506a18083b7,occupation,Webmaster développeur / Webmaster développeuse,webmaster developpeur / webmaster developpeuse,alt,fr,ROME
OCC_c506a18083b7,occupation,Développeur / Développeuse web mobile,developpeur / developpeuse web mobile,alt,fr,ROME
OCC_c506a18083b7,occupation,Développeur / Développeuse full-stack,developpeur / developpeuse full-stack,alt,fr,ROME
OCC_c506a18083b7,occupation,Développeur / Développeuse front-end,developpeur / developpeuse front-end,alt,fr,ROME
OCC_c506a18083b7,occupation,Développeur / Développeuse back-end,developpeur / developpeuse back-end,alt,fr,ROME
OCC_c506a18083b7,occupation,Développeur / Développeuse no code,developpeur / developpeuse no code,alt,fr,ROME
OCC_c506a18083b7,occupation,Intégrateur / Intégratrice web,integrateur / integratrice web,alt,fr,ROME
OCC_4def1bedc140,occupation,Expert / Experte en cybersécurité,expert / experte en cybersecurite,preferred,fr,ROME
OCC_4def1bedc140,occupation,Expert / Experte en sécurité des systèmes d'exploitation,expert / experte en securite des systemes d'exploitation,alt,fr,ROME
OCC_4def1bedc140,occupation,Expert / Experte sécurité informatique,expert / experte securite informatique,alt,fr,ROME
OCC_4def1bedc140,occupation,Expert / Experte en sécurité des systèmes d'information,expert / experte en securite des systemes d'information,alt,fr,ROME
OCC_4def1bedc140,occupation,Analyste en cybersécurité,analyste en cybersecurite,alt,fr,ROME
OCC_4def1bedc140,occupation,Spécialiste en gestion de crise cyber,specialiste en gestion de crise cyber,alt,fr,ROME
OCC_4def1bedc140,occupation,Expert / Experte en sécurité informatique (SSI),expert / experte en securite informatique (ssi),alt,fr,ROME
OCC_4def1bedc140,occupation,Expert / Experte en sécurité des systèmes d'information (SSI),expert / experte en securite des systemes d'information (ssi),alt,fr,ROME
OCC_4def1bedc140,occupation,Analyste de la menace,analyste de la menace,alt,fr,ROME
OCC_4def1bedc140,occupation,Expert / Experte sécurité IT,expert / experte securite it,alt,fr,ROME
OCC_c86e2d385aa5,occupation,Urbaniste Datacenter,urbaniste datacenter,preferred,fr,ROME
OCC_202da271cabe,occupation,Chef / Cheffe de projet TMA - Tierce Maintenance Applicative,chef / cheffe de projet tma - tierce maintenance applicative,preferred,fr,ROME
OCC_fc361ed0ca3c,occupation,Chef / Cheffe de projet maîtrise d'œuvre informatique,chef / cheffe de projet maitrise d'oeuvre informatique,preferred,fr,ROME
OCC_8545ea52f78d,occupation,Architecte cloud,architecte cloud,preferred,fr,ROME
OCC_d6a2ea4adc66,occupation,Développeur / Développeuse logiciel ou d'application,developpeur / developpeuse logiciel ou d'application,preferred,fr,ROME
OCC_d6a2ea4adc66,occupation,Concepteur / Conceptrice d'application informatique,concepteur / conceptrice d'application informatique,alt,fr,ROME
OCC_d6a2ea4adc66,occupation,Concepteur / Conceptrice logiciel informatique,concepteur / conceptrice logiciel informatique,alt,fr,ROME
OCC_d6a2ea4adc66,occupation,Développeur / Développeuse d'application,developpeur / developpeuse d'application,alt,fr,ROME
OCC_d6a2ea4adc66,occupation,Informaticien / Informaticienne d'application,informaticien / informaticienne d'application,alt,fr,ROME
OCC_d6a2ea4adc66,occupation,Programmeur / Programmeuse d'applications,programmeur / programmeuse d'applications,alt,fr,ROME
OCC_6c87c4d3e182,occupation,Responsable d'exploitation fibre optique,responsable d'exploitation fibre optique,preferred,fr,ROME
OCC_6c87c4d3e182,occupation,Consultant / Consultante télécoms,consultant / consultante telecoms,alt,fr,ROME
OCC_6c87c4d3e182,occupation,Négociateur / Négociatrice de sites télécoms en téléphonie mobile,negociateur / negociatrice de sites telecoms en telephonie mobile,alt,fr,ROME
OCC_6c87c4d3e182,occupation,Négociateur / Négociatrice de sites télécoms en fibre optique,negociateur / negociatrice de sites telecoms en fibre optique,alt,fr,ROME
OCC_9f440c1548b6,occupation,Evaluateur / Evaluatrice sécurité des systèmes et produits informatiques,evaluateur / evaluatrice securite des systemes et produits informatiques,preferred,fr,ROME
OCC_9f440c1548b6,occupation,Auditeur / Auditrice en système d'information,auditeur / auditrice en systeme d'information,alt,fr,ROME
OCC_9f440c1548b6,occupation,Auditeur informaticien / Auditrice informaticienne,auditeur informaticien / auditrice informaticienne,alt,fr,ROME
OCC_9f440c1548b6,occupation,Testeur / Testeuse informatique,testeur / testeuse informatique,alt,fr,ROME
OCC_9f440c1548b6,occupation,Analyste en vulnérabilité de code logiciel,analyste en vulnerabilite de code logiciel,alt,fr,ROME
OCC_9f440c1548b6,occupation,Auditeur / Auditrice en sécurité des systèmes d'information,auditeur / auditrice en securite des systemes d'information,alt,fr,ROME
OCC_9f440c1548b6,occupation,Post auditeur / Post auditrice en sécurité des systèmes d'information,post auditeur / post auditrice en securite des systemes d'information,alt,fr,ROME
OCC_9f440c1548b6,occupation,Recetteur / Recetteuse,recetteur / recetteuse,alt,fr,ROME
OCC_9f440c1548b6,occupation,Auditeur / Auditrice Sécurité des systèmes d'information (SSI),auditeur / auditrice securite des systemes d'information (ssi),alt,fr,ROME
OCC_3946835718f5,occupation,Product Owner,product owner,preferred,fr,ROME
OCC_58f6f0c81c5b,occupation,Ingénieur / Ingénieure blockchain,ingenieur / ingenieure blockchain,preferred,fr,ROME
OCC_58f6f0c81c5b,occupation,Chef / Cheffe de projet blockchain,chef / cheffe de projet blockchain,alt,fr,ROME
OCC_b0651e781d64,occupation,Pentesteur / Pentesteuse,pentesteur / pentesteuse,preferred,fr,ROME
OCC_b0651e781d64,occupation,Expert / Experte en tests d'intrusion - sécurité des systèmes d'information,expert / experte en tests d'intrusion - securite des systemes d'information,alt,fr,ROME
OCC_48e7a1feb2bb,occupation,Responsable des systèmes d'information (SI),responsable des systemes d'information (si),preferred,fr,ROME
OCC_48e7a1feb2bb,occupation,Responsable de département informatique,responsable de departement informatique,alt,fr,ROME
OCC_48e7a1feb2bb,occupation,Responsable de division informatique,responsable de division informatique,alt,fr,ROME
OCC_48e7a1feb2bb,occupation,Directeur / Directrice de département informatique,directeur / directrice de departement informatique,alt,fr,ROME
OCC_48e7a1feb2bb,occupation,Directeur / Directrice informatique,directeur / directrice informatique,alt,fr,ROME
OCC_48e7a1feb2bb,occupation,Responsable de domaine en informatique,responsable de domaine en informatique,alt,fr,ROME
OCC_48e7a1feb2bb,occupation,Responsable du réseau informatique,responsable du reseau informatique,alt,fr,ROME
OCC_48e7a1feb2bb,occupation,Responsable d'un service informatique,responsable d'un service informatique,alt,fr,ROME
OCC_48e7a1feb2bb,occupation,Responsable micro-informatique,responsable micro-informatique,alt,fr,ROME
OCC_48e7a1feb2bb,occupation,Chef / Cheffe de service de maintenance informatique,chef / cheffe de service de maintenance informatique,alt,fr,ROME
OCC_48e7a1feb2bb,occupation,Directeur / Directrice de service informatique (50 salariés ou plus),directeur / directrice de service informatique (50 salaries ou plus),alt,fr,ROME
OCC_48e7a1feb2bb,occupation,Directeur / Directrice de service informatique,directeur / directrice de service informatique,alt,fr,ROME
OCC_48e7a1feb2bb,occupation,Directeur / Directrice de division informatique,directeur / directrice de division informatique,alt,fr,ROME
OCC_48e7a1feb2bb,occupation,Chef / Cheffe de service informatique,chef / cheffe de service informatique,alt,fr,ROME
OCC_48e7a1feb2bb,occupation,Responsable analyse programmation,responsable analyse programmation,alt,fr,ROME
OCC_48e7a1feb2bb,occupation,Responsable maintenance informatique,responsable maintenance informatique,alt,fr,ROME
OCC_9e721c3b1a5c,occupation,Architecte base de données,architecte base de donnees,preferred,fr,ROME
OCC_9e721c3b1a5c,occupation,Architecte de bases de données,architecte de bases de donnees,alt,fr,ROME
OCC_9e721c3b1a5c,occupation,Data architect,data architect,alt,fr,ROME
OCC_9e721c3b1a5c,occupation,Spécialiste bases de données,specialiste bases de donnees,alt,fr,ROME
OCC_9e721c3b1a5c,occupation,Concepteur / Conceptrice de bases de données,concepteur / conceptrice de bases de donnees,alt,fr,ROME
OCC_b847e63cc092,occupation,Gestionnaire de parc informatique,gestionnaire de parc informatique,preferred,fr,ROME
OCC_b847e63cc092,occupation,Gestionnaire de ressources matérielles informatiques,gestionnaire de ressources materielles informatiques,alt,fr,ROME
OCC_b847e63cc092,occupation,Gestionnaire de parc micro-informatique,gestionnaire de parc micro-informatique,alt,fr,ROME
OCC_5dccaa0f70e3,occupation,Directeur / Directrice de projet en informatique,directeur / directrice de projet en informatique,preferred,fr,ROME
OCC_5dccaa0f70e3,occupation,Responsable de projet architecture et intégration grands systèmes,responsable de projet architecture et integration grands systemes,alt,fr,ROME
OCC_5dccaa0f70e3,occupation,Responsable de projet architecture informatique,responsable de projet architecture informatique,alt,fr,ROME
OCC_5dccaa0f70e3,occupation,Directeur / Directrice de laboratoire de recherche informatique,directeur / directrice de laboratoire de recherche informatique,alt,fr,ROME
OCC_5575a38586ce,occupation,Gestionnaire d'applications système d'information,gestionnaire d'applications systeme d'information,preferred,fr,ROME
OCC_c9809e8b4e1d,occupation,Consultant décisionnel / Consultante décisionnelle - Business Intelligence,consultant decisionnel / consultante decisionnelle - business intelligence,preferred,fr,ROME
OCC_c9809e8b4e1d,occupation,Consultant / Consultante décisionnel - Business Intelligence,consultant / consultante decisionnel - business intelligence,alt,fr,ROME
OCC_4ccd24ba172d,occupation,Spécialiste IA embarquée,specialiste ia embarquee,preferred,fr,ROME
OCC_4ccd24ba172d,occupation,Ingénieur / Ingénieure IA embarquée,ingenieur / ingenieure ia embarquee,alt,fr,ROME
OCC_129225e67499,occupation,Spécialiste support,specialiste support,preferred,fr,ROME
OCC_129225e67499,occupation,Superviseur / Superviseuse Hotline,superviseur / superviseuse hotline,alt,fr,ROME
OCC_069c1da7cb17,occupation,Coordinateur / Coordinatrice Maitrise d'Ouvrage Système d'Information (MOA SI),coordinateur / coordinatrice maitrise d'ouvrage systeme d'information (moa si),preferred,fr,ROME
OCC_069c1da7cb17,occupation,Assistant / Assistante maîtrise d'ouvrage des systèmes d'information,assistant / assistante maitrise d'ouvrage des systemes d'information,alt,fr,ROME
OCC_069c1da7cb17,occupation,Responsable utilisateurs des systèmes d'information,responsable utilisateurs des systemes d'information,alt,fr,ROME
OCC_069c1da7cb17,occupation,Coordonnateur / Coordonnatrice du système d'information,coordonnateur / coordonnatrice du systeme d'information,alt,fr,ROME
OCC_4cb0c0a25225,occupation,Technicien / Technicienne Cloud,technicien / technicienne cloud,preferred,fr,ROME
OCC_f98f0e96ecac,occupation,Développeur / Développeuse blockchain,developpeur / developpeuse blockchain,preferred,fr,ROME
OCC_91c7799dadef,occupation,Responsable de la production informatique,responsable de la production informatique,preferred,fr,ROME
OCC_91c7799dadef,occupation,Responsable d'exploitation informatique,responsable d'exploitation informatique,alt,fr,ROME
OCC_91c7799dadef,occupation,Directeur / Directrice des risques informatiques,directeur / directrice des risques informatiques,alt,fr,ROME
OCC_5a5307f6b57c,occupation,Ingénieur / Ingénieure Cloud computing,ingenieur / ingenieure cloud computing,preferred,fr,ROME
OCC_7606d49145d3,occupation,Spécialiste e-santé,specialiste e-sante,preferred,fr,ROME
OCC_7606d49145d3,occupation,Consultant / Consultante e-santé,consultant / consultante e-sante,alt,fr,ROME
OCC_7606d49145d3,occupation,Chef / Cheffe de projet e-santé,chef / cheffe de projet e-sante,alt,fr,ROME
OCC_7606d49145d3,occupation,Ingénieur / Ingénieure e-santé,ingenieur / ingenieure e-sante,alt,fr,ROME
OCC_7139e09be76c,occupation,Chef / Cheffe de projet Maîtrise d'Ouvrage des Systèmes d'Information (MOA),chef / cheffe de projet maitrise d'ouvrage des systemes d'information (moa),preferred,fr,ROME
OCC_7139e09be76c,occupation,Chef / Cheffe de projet maîtrise d'ouvrage des systèmes d'information,chef / cheffe de projet maitrise d'ouvrage des systemes d'information,alt,fr,ROME
OCC_7139e09be76c,occupation,Coordinateur / Coordinatrice projet en Maîtrise d'Ouvrage (MOA),coordinateur / coordinatrice projet en maitrise d'ouvrage (moa),alt,fr,ROME
OCC_8d1f9f4c93ee,occupation,Architecte sécurité informatique,architecte securite informatique,preferred,fr,ROME
OCC_8d1f9f4c93ee,occupation,Security architect,security architect,alt,fr,ROME
OCC_8d1f9f4c93ee,occupation,Architecte cybersécurité,architecte cybersecurite,alt,fr,ROME
OCC_7342748ca544,occupation,Analyste SOC (Security Operations Center),analyste soc (security operations center),preferred,fr,ROME
OCC_6ccbe5fe0132,occupation,"Ingénieur / Ingénieure systèmes, réseaux et sécurité informatique","ingenieur / ingenieure systemes, reseaux et securite informatique",preferred,fr,ROME
OCC_6ccbe5fe0132,occupation,Chargé / Chargée de mise en exploitation informatique,charge / chargee de mise en exploitation informatique,alt,fr,ROME
OCC_6ccbe5fe0132,occupation,Chef / Cheffe d'exploitation informatique,chef / cheffe d'exploitation informatique,alt,fr,ROME
OCC_6ccbe5fe0132,occupation,Gestionnaire de production informatique,gestionnaire de production informatique,alt,fr,ROME
OCC_6ccbe5fe0132,occupation,Gestionnaire de ressources informatiques,gestionnaire de ressources informatiques,alt,fr,ROME
OCC_6ccbe5fe0132,occupation,Ingénieur / Ingénieure de production informatique,ingenieur / ingenieure de production informatique,alt,fr,ROME
OCC_6ccbe5fe0132,occupation,Ingénieur / Ingénieure d'exploitation informatique,ingenieur / ingenieure d'exploitation informatique,alt,fr,ROME
OCC_6ccbe5fe0132,occupation,Pilote de ressources informatiques,pilote de ressources informatiques,alt,fr,ROME
OCC_6ccbe5fe0132,occupation,Pilote multiserveur informatique,pilote multiserveur informatique,alt,fr,ROME
OCC_6ccbe5fe0132,occupation,Architecte de sécurité des systèmes d'information,architecte de securite des systemes d'information,alt,fr,ROME
OCC_6ccbe5fe0132,occupation,"Ingénieur / Ingénieure systèmes, réseaux et sécurité","ingenieur / ingenieure systemes, reseaux et securite",alt,fr,ROME
OCC_a4044d9bc8b4,occupation,Responsable télécoms,responsable telecoms,preferred,fr,ROME
OCC_a4044d9bc8b4,occupation,Responsable de département télécoms,responsable de departement telecoms,alt,fr,ROME
OCC_a4044d9bc8b4,occupation,Responsable de division télécoms,responsable de division telecoms,alt,fr,ROME
OCC_a4044d9bc8b4,occupation,Chef / Cheffe de projet télécoms,chef / cheffe de projet telecoms,alt,fr,ROME
OCC_a4044d9bc8b4,occupation,Directeur / Directrice de département télécoms,directeur / directrice de departement telecoms,alt,fr,ROME
OCC_a4044d9bc8b4,occupation,Directeur / Directrice de projet télécoms,directeur / directrice de projet telecoms,alt,fr,ROME
OCC_a4044d9bc8b4,occupation,Directeur / Directrice de service télécoms,directeur / directrice de service telecoms,alt,fr,ROME
OCC_a4044d9bc8b4,occupation,Directeur / Directrice télécoms,directeur / directrice telecoms,alt,fr,ROME
OCC_a4044d9bc8b4,occupation,Programmeur / Programmeuse réseaux de télécoms,programmeur / programmeuse reseaux de telecoms,alt,fr,ROME
OCC_a4044d9bc8b4,occupation,Responsable de domaine télécoms,responsable de domaine telecoms,alt,fr,ROME
OCC_a4044d9bc8b4,occupation,Responsable de programmes réseaux de télécoms,responsable de programmes reseaux de telecoms,alt,fr,ROME
OCC_a4044d9bc8b4,occupation,Responsable de projet architecture télécoms,responsable de projet architecture telecoms,alt,fr,ROME
OCC_a4044d9bc8b4,occupation,Responsable de réseaux télécoms,responsable de reseaux telecoms,alt,fr,ROME
OCC_a4044d9bc8b4,occupation,Responsable d'un service télécoms,responsable d'un service telecoms,alt,fr,ROME
OCC_a4044d9bc8b4,occupation,Responsable de programmes télécoms,responsable de programmes telecoms,alt,fr,ROME
OCC_a4044d9bc8b4,occupation,Responsable service télécom,responsable service telecom,alt,fr,ROME
OCC_8afef792d150,occupation,Chef / Cheffe de projet Web,chef / cheffe de projet web,preferred,fr,ROME
OCC_8afef792d150,occupation,Chef / Cheffe de projet internet,chef / cheffe de projet internet,alt,fr,ROME
OCC_8afef792d150,occupation,Chef / Cheffe de projet multimédia,chef / cheffe de projet multimedia,alt,fr,ROME
OCC_8afef792d150,occupation,Digital project manager,digital project manager,alt,fr,ROME
OCC_8afef792d150,occupation,Chef / Cheffe de projet digital,chef / cheffe de projet digital,alt,fr,ROME
OCC_8afef792d150,occupation,Chef / Cheffe de projet technique digital,chef / cheffe de projet technique digital,alt,fr,ROME
OCC_c5a485d17612,occupation,Product builder no code,product builder no code,preferred,fr,ROME
OCC_c5a485d17612,occupation,Ingénieur / Ingénieure no code,ingenieur / ingenieure no code,alt,fr,ROME
OCC_dd349ebfe1fb,occupation,Spécialiste en modélisation climatique,specialiste en modelisation climatique,preferred,fr,ROME
OCC_ec6735d1a243,occupation,Ingénieur / Ingénieure en Intelligence Artificielle (IA),ingenieur / ingenieure en intelligence artificielle (ia),preferred,fr,ROME
OCC_ec6735d1a243,occupation,Développeur / Développeuse IA,developpeur / developpeuse ia,alt,fr,ROME
OCC_ec6735d1a243,occupation,Développeur / Développeuse Machine Learning,developpeur / developpeuse machine learning,alt,fr,ROME
OCC_ec6735d1a243,occupation,Expert / Experte en Intelligence Artificielle,expert / experte en intelligence artificielle,alt,fr,ROME
OCC_ec6735d1a243,occupation,Ingénieur / Ingénieure machine learning,ingenieur / ingenieure machine learning,alt,fr,ROME
OCC_ec6735d1a243,occupation,IA Product Manager,ia product manager,alt,fr,ROME
OCC_ec6735d1a243,occupation,Ingénieur / Ingénieure en apprentissage automatique,ingenieur / ingenieure en apprentissage automatique,alt,fr,ROME
OCC_ec6735d1a243,occupation,Prompt engineer,prompt engineer,alt,fr,ROME
OCC_85f87698fcbe,occupation,Responsable d'opérations en station météorologique,responsable d'operations en station meteorologique,preferred,fr,ROME
OCC_85f87698fcbe,occupation,Chef / Cheffe d'équipe station de sondage météorologique,chef / cheffe d'equipe station de sondage meteorologique,alt,fr,ROME
OCC_85f87698fcbe,occupation,Responsable cellule météorologique,responsable cellule meteorologique,alt,fr,ROME
OCC_a6f0cca029c4,occupation,Ingénieur / Ingénieure prévisionniste météorologue,ingenieur / ingenieure previsionniste meteorologue,preferred,fr,ROME
OCC_a6f0cca029c4,occupation,Ingénieur / Ingénieure des travaux de la météorologie,ingenieur / ingenieure des travaux de la meteorologie,alt,fr,ROME
OCC_a6f0cca029c4,occupation,Prévisionniste météorologue des armées,previsionniste meteorologue des armees,alt,fr,ROME
OCC_a6f0cca029c4,occupation,Sous-officier / Sous-officière météorologue,sous-officier / sous-officiere meteorologue,alt,fr,ROME
OCC_a6f0cca029c4,occupation,Prévisionniste météo,previsionniste meteo,alt,fr,ROME
OCC_a6f0cca029c4,occupation,Ingénieur / Ingénieure de la météorologie,ingenieur / ingenieure de la meteorologie,alt,fr,ROME
OCC_a6f0cca029c4,occupation,Ingénieur / Ingénieure prévisionniste en météorologie,ingenieur / ingenieure previsionniste en meteorologie,alt,fr,ROME
OCC_3b2885fc44e3,occupation,Ingénieur / Ingénieure en informatique embarquée,ingenieur / ingenieure en informatique embarquee,preferred,fr,ROME
OCC_3b2885fc44e3,occupation,Architecte systèmes embarqués,architecte systemes embarques,alt,fr,ROME
OCC_5142d7362315,occupation,Technicien / Technicienne de la météorologie,technicien / technicienne de la meteorologie,preferred,fr,ROME
OCC_5142d7362315,occupation,Observateur / Observatrice météo,observateur / observatrice meteo,alt,fr,ROME
OCC_5142d7362315,occupation,Observateur / Observatrice nivo-météorologiste,observateur / observatrice nivo-meteorologiste,alt,fr,ROME
OCC_5142d7362315,occupation,Opérateur / Opératrice sondage météorologique,operateur / operatrice sondage meteorologique,alt,fr,ROME
OCC_5142d7362315,occupation,Technicien / Technicienne d'exploitation de la météorologie,technicien / technicienne d'exploitation de la meteorologie,alt,fr,ROME
OCC_5142d7362315,occupation,Technicien / Technicienne météorologiste-océanographe,technicien / technicienne meteorologiste-oceanographe,alt,fr,ROME
OCC_164e408e096f,occupation,Gestionnaire de base de données,gestionnaire de base de donnees,preferred,fr,ROME
OCC_164e408e096f,occupation,Administrateur / Administratrice de bases de données,administrateur / administratrice de bases de donnees,alt,fr,ROME
OCC_164e408e096f,occupation,Database administrator,database administrator,alt,fr,ROME
OCC_164e408e096f,occupation,Administrateur général donnée / Administratrice générale données des,administrateur general donnee / administratrice generale donnees des,alt,fr,ROME
OCC_164e408e096f,occupation,Ingénieur / Ingénieure bases de données,ingenieur / ingenieure bases de donnees,alt,fr,ROME
OCC_164e408e096f,occupation,Responsable des bases de données,responsable des bases de donnees,alt,fr,ROME
OCC_164e408e096f,occupation,Responsable de la production de bases de données,responsable de la production de bases de donnees,alt,fr,ROME
OCC_164e408e096f,occupation,Technicien / Technicienne base de données,technicien / technicienne base de donnees,alt,fr,ROME
OCC_9edd2f7b19ab,occupation,Géomaticien / Géomaticienne,geomaticien / geomaticienne,preferred,fr,ROME
OCC_9edd2f7b19ab,occupation,Administrateur / Administratrice Systèmes d'Information Géographique (SIG),administrateur / administratrice systemes d'information geographique (sig),alt,fr,ROME
OCC_9edd2f7b19ab,occupation,Analyste en géomatique,analyste en geomatique,alt,fr,ROME
OCC_9edd2f7b19ab,occupation,Cartographe géomaticien / Cartographe géomaticienne,cartographe geomaticien / cartographe geomaticienne,alt,fr,ROME
OCC_9edd2f7b19ab,occupation,Chargé / Chargée d'études Systèmes d'Information Géographique (SIG),charge / chargee d'etudes systemes d'information geographique (sig),alt,fr,ROME
OCC_9edd2f7b19ab,occupation,Chef / Cheffe de projet en géomatique,chef / cheffe de projet en geomatique,alt,fr,ROME
OCC_9edd2f7b19ab,occupation,Concepteur-analyste / Conceptrice-analyste en systèmes d'information géographique (SIG),concepteur-analyste / conceptrice-analyste en systemes d'information geographique (sig),alt,fr,ROME
OCC_9edd2f7b19ab,occupation,Conseiller / Conseillère en géomatique,conseiller / conseillere en geomatique,alt,fr,ROME
OCC_9edd2f7b19ab,occupation,Géographe-géomaticien / Géographe-géomaticienne,geographe-geomaticien / geographe-geomaticienne,alt,fr,ROME
OCC_9edd2f7b19ab,occupation,Gestionnaire Systèmes d'Information Géographique -SIG-,gestionnaire systemes d'information geographique -sig-,alt,fr,ROME
OCC_9edd2f7b19ab,occupation,Ingénieur / Ingénieure Systèmes d'Information Géographique (SIG),ingenieur / ingenieure systemes d'information geographique (sig),alt,fr,ROME
OCC_9edd2f7b19ab,occupation,Interprétateur / Interprétatrice d'images géographiques,interpretateur / interpretatrice d'images geographiques,alt,fr,ROME
OCC_9edd2f7b19ab,occupation,Interprétateur / Interprétatrice d'images photographiques,interpretateur / interpretatrice d'images photographiques,alt,fr,ROME
OCC_9edd2f7b19ab,occupation,Responsable Système d'Information Géographique -SIG-,responsable systeme d'information geographique -sig-,alt,fr,ROME
OCC_9edd2f7b19ab,occupation,Spécialiste de l'information géographique,specialiste de l'information geographique,alt,fr,ROME
OCC_9edd2f7b19ab,occupation,Technicien géomaticien / Technicienne géomaticienne,technicien geomaticien / technicienne geomaticienne,alt,fr,ROME
OCC_9edd2f7b19ab,occupation,Technicien / Technicienne Systèmes d'Information Géographique -SIG-,technicien / technicienne systemes d'information geographique -sig-,alt,fr,ROME
OCC_9edd2f7b19ab,occupation,Chef / Cheffe de projet SIG,chef / cheffe de projet sig,alt,fr,ROME
OCC_9edd2f7b19ab,occupation,Responsable SIG,responsable sig,alt,fr,ROME
OCC_9edd2f7b19ab,occupation,Ingénieur / Ingénieure SIG,ingenieur / ingenieure sig,alt,fr,ROME
OCC_9edd2f7b19ab,occupation,Architecte SIG,architecte sig,alt,fr,ROME
OCC_9edd2f7b19ab,occupation,Chargé / Chargée de SIG,charge / chargee de sig,alt,fr,ROME
OCC_9edd2f7b19ab,occupation,Ingénieur Géomaticien / Ingénieure géomaticienne,ingenieur geomaticien / ingenieure geomaticienne,alt,fr,ROME
OCC_f0026eafdf53,occupation,Analyste cycle de vie dans les télécoms,analyste cycle de vie dans les telecoms,preferred,fr,ROME
OCC_f0026eafdf53,occupation,Ingénieur / Ingénieure ACV,ingenieur / ingenieure acv,alt,fr,ROME
OCC_f0026eafdf53,occupation,Ingénieur / Ingénieure analyste télécoms,ingenieur / ingenieure analyste telecoms,alt,fr,ROME
OCC_f0026eafdf53,occupation,LCA Engineer,lca engineer,alt,fr,ROME
SKL_ec61f586f66c,skill,Réaliser des études d'organisation et d'évolution de systèmes d'information,realiser des etudes d'organisation et d'evolution de systemes d'information,preferred,fr,ROME
SKL_b9103602fe4a,skill,"Sélectionner, assembler et intégrer des composants informatiques (progiciels, bases de données, développements spécifiques, ...)","selectionner, assembler et integrer des composants informatiques (progiciels, bases de donnees, developpements specifiques, ...)",preferred,fr,ROME
SKL_6bc463f07761,skill,Gérer les droits d'accès des utilisateurs,gerer les droits d'acces des utilisateurs,preferred,fr,ROME
SKL_dd922a178dae,skill,Sélectionner les équipements informatiques,selectionner les equipements informatiques,preferred,fr,ROME
SKL_fdc924f15b23,skill,Installer un équipement informatique,installer un equipement informatique,preferred,fr,ROME
SKL_b3fd7d7f4ff0,skill,Déterminer les causes de dysfonctionnements,determiner les causes de dysfonctionnements,preferred,fr,ROME
SKL_e64feec358ab,skill,Développer des automatisations de procédure,developper des automatisations de procedure,preferred,fr,ROME
SKL_40d630182996,skill,Attribuer des ressources logistiques et matérielles de réseaux,attribuer des ressources logistiques et materielles de reseaux,preferred,fr,ROME
SKL_b6bf9819daed,skill,Planifier et suivre les échéances de projet,planifier et suivre les echeances de projet,preferred,fr,ROME
SKL_73d6afdae280,skill,Coder des données,coder des donnees,preferred,fr,ROME
SKL_761c31315cf3,skill,"Analyser, exploiter, structurer des données","analyser, exploiter, structurer des donnees",preferred,fr,ROME
SKL_37cc81342e7f,skill,"Evaluer, prévenir, et gérer les risques et la sécurité","evaluer, prevenir, et gerer les risques et la securite",preferred,fr,ROME
SKL_a64d184f3ba7,skill,"Rédiger un cahier des charges, des spécifications techniques","rediger un cahier des charges, des specifications techniques",preferred,fr,ROME
SKL_53042609a1f8,skill,"Concevoir l'architecture d'un système, d'un réseau","concevoir l'architecture d'un systeme, d'un reseau",preferred,fr,ROME
SKL_09bd09e57833,skill,Administrer un système d'informations,administrer un systeme d'informations,preferred,fr,ROME
SKL_5a8c6d60f021,skill,"Identifier et sélectionner des fournisseurs, sous-traitants, prestataires","identifier et selectionner des fournisseurs, sous-traitants, prestataires",preferred,fr,ROME
SKL_f9cfc9661bcc,skill,"Promouvoir une proposition, un projet","promouvoir une proposition, un projet",preferred,fr,ROME
SKL_e4f0b9447c27,skill,"Préparer et animer une réunion, un groupe de travail, un atelier","preparer et animer une reunion, un groupe de travail, un atelier",preferred,fr,ROME
SKL_14cecf804912,skill,Actualiser régulièrement ses connaissances,actualiser regulierement ses connaissances,preferred,fr,ROME
SKL_4e63511e8a21,skill,Allouer et organiser les ressources d'un projet selon les besoins et contraintes,allouer et organiser les ressources d'un projet selon les besoins et contraintes,preferred,fr,ROME
SKL_5e0c2527f531,skill,Concevoir un équipement selon ses usages et contraintes,concevoir un equipement selon ses usages et contraintes,preferred,fr,ROME
SKL_8620389e9432,skill,Gérer les risques de cybersécurité,gerer les risques de cybersecurite,preferred,fr,ROME
SKL_5e08637b46b6,skill,"Tester un logiciel, un système d'informations, une application","tester un logiciel, un systeme d'informations, une application",preferred,fr,ROME
SKL_e4abb00d383b,skill,Concevoir la cartographie fonctionnelle du SI,concevoir la cartographie fonctionnelle du si,preferred,fr,ROME
SKL_f3626b4714ee,skill,Elaborer et mettre en oeuvre un plan de tests,elaborer et mettre en oeuvre un plan de tests,preferred,fr,ROME
SKL_a311c324edf6,skill,Coordonner l'intervention d'équipes de spécialistes,coordonner l'intervention d'equipes de specialistes,preferred,fr,ROME
SKL_bbc99ca3debf,skill,Gérer et maitriser des bases de données (SQL/NoSQL),gerer et maitriser des bases de donnees (sql/nosql),preferred,fr,ROME
SKL_5ba031420f0d,skill,Documenter les procédures techniques pour les utilisateurs,documenter les procedures techniques pour les utilisateurs,preferred,fr,ROME
SKL_ad505071f851,skill,Assurer la maintenance des systèmes,assurer la maintenance des systemes,preferred,fr,ROME
SKL_3643ff82d8ac,skill,Configurer des réseaux privés virtuels (VPN),configurer des reseaux prives virtuels (vpn),preferred,fr,ROME
SKL_81bb4a5f5a7f,skill,Assurer la conformité des systèmes avec les réglementations,assurer la conformite des systemes avec les reglementations,preferred,fr,ROME
SKL_fd5eb1b0f3c4,skill,Développer des scripts pour automatiser les opérations,developper des scripts pour automatiser les operations,preferred,fr,ROME
SKL_5f3c320134cd,skill,Analyser l'impact des mises à jour sur les systèmes,analyser l'impact des mises a jour sur les systemes,preferred,fr,ROME
SKL_44958cb90580,skill,Proposer des solutions pour optimiser les coûts d'exploitation,proposer des solutions pour optimiser les couts d'exploitation,preferred,fr,ROME
SKL_b38886c22dd4,skill,Evaluer les risques liés aux nouvelles applications,evaluer les risques lies aux nouvelles applications,preferred,fr,ROME
SKL_6b68c45d4990,skill,Evaluer les nouvelles technologies pour intégration,evaluer les nouvelles technologies pour integration,preferred,fr,ROME
SKL_a8f1c337b1c0,skill,Automatiser des tâches à l'aide d'un agent IA,automatiser des taches a l'aide d'un agent ia,preferred,fr,ROME
SKL_b60fbe08741e,skill,Mettre en oeuvre des pipelines CI ou CD,mettre en oeuvre des pipelines ci ou cd,preferred,fr,ROME
SKL_6bea00eb94e4,skill,Sécuriser l'usage de l'IA dans l'entreprise,securiser l'usage de l'ia dans l'entreprise,preferred,fr,ROME
SKL_8489cbbd6839,skill,Faire preuve d'autonomie,faire preuve d'autonomie,preferred,fr,ROME
SKL_2d14e124a1b7,skill,Organiser son travail selon les priorités et les objectifs,organiser son travail selon les priorites et les objectifs,preferred,fr,ROME
SKL_adade4b3e3d6,skill,Faire preuve de rigueur et de précision,faire preuve de rigueur et de precision,preferred,fr,ROME
SKL_78f888455887,skill,Langages de programmation informatique,langages de programmation informatique,preferred,fr,ROME
SKL_155d39365593,skill,Informatique industrielle,informatique industrielle,preferred,fr,ROME
SKL_d58a1e032bc8,skill,Langage C++,langage c++,preferred,fr,ROME
SKL_62802234cf51,skill,Règles de sécurité Informatique et Télécoms,regles de securite informatique et telecoms,preferred,fr,ROME
SKL_4ce8622dfdf0,skill,Modélisation informatique,modelisation informatique,preferred,fr,ROME
SKL_e107f0887218,skill,Systèmes d'exploitation informatique,systemes d'exploitation informatique,preferred,fr,ROME
SKL_1687a5949d82,skill,Anglais technique,anglais technique,preferred,fr,ROME
SKL_54c63d59e868,skill,Apache,apache,preferred,fr,ROME
SKL_d1830663b181,skill,Méthode AGILE,methode agile,preferred,fr,ROME
SKL_f2df62143382,skill,Script Shell,script shell,preferred,fr,ROME
SKL_ba4cc7b350b0,skill,Programmation en Python,programmation en python,preferred,fr,ROME
SKL_a16de7bfb993,skill,Systèmes d'information,systemes d'information,preferred,fr,ROME
SKL_9db0cec53422,skill,Maintenance de matériel informatique,maintenance de materiel informatique,preferred,fr,ROME
SKL_82e686c2bcd6,skill,Méthodologie Scrum,methodologie scrum,preferred,fr,ROME
SKL_169552eac5bb,skill,Règles d'installations informatiques,regles d'installations informatiques,preferred,fr,ROME
SKL_05cbcd50c933,skill,Urbanisation des systèmes d'information,urbanisation des systemes d'information,preferred,fr,ROME
SKL_8165e1083b5c,skill,Administration de serveurs de messagerie,administration de serveurs de messagerie,preferred,fr,ROME
SKL_a1e064c00319,skill,"Système réseau (LAN, MAN, WAN)","systeme reseau (lan, man, wan)",preferred,fr,ROME
SKL_1cb38987318b,skill,Système de Gestion de Bases de Données (SGBD),systeme de gestion de bases de donnees (sgbd),preferred,fr,ROME
SKL_10dcfa7ee3e0,skill,"Surveillance des systèmes de sécurité (pare-feu, VPN, systèmes de détection d'intrusion)","surveillance des systemes de securite (pare-feu, vpn, systemes de detection d'intrusion)",preferred,fr,ROME
SKL_a2438099251f,skill,Protection des données numériques,protection des donnees numeriques,preferred,fr,ROME
SKL_362ea73d7cc4,skill,Sécurité des systèmes d'information,securite des systemes d'information,preferred,fr,ROME
SKL_3401155ddb2d,skill,Planification de la continuité des affaires,planification de la continuite des affaires,preferred,fr,ROME
SKL_7f08492d1556,skill,Rédaction technique informatique,redaction technique informatique,preferred,fr,ROME
SKL_0051a2fb97c5,skill,Expert en infrastructures de réseaux et en services associés (MS),expert en infrastructures de reseaux et en services associes (ms),preferred,fr,ROME
SKL_91f68ff240f5,skill,Licence pro mention métiers de l'informatique : administration et sécurité des systèmes et des réseaux,licence pro mention metiers de l'informatique : administration et securite des systemes et des reseaux,preferred,fr,ROME
SKL_d31be6207e3c,skill,Expert en ingénierie des systèmes (MS),expert en ingenierie des systemes (ms),preferred,fr,ROME
SKL_44616716fd11,skill,Master mention informatique,master mention informatique,preferred,fr,ROME
SKL_8083f572f0eb,skill,Administrateur de systèmes d'information sécurisés,administrateur de systemes d'information securises,preferred,fr,ROME
SKL_2cfc4a971049,skill,"Administrateur systèmes, réseaux et sécurité","administrateur systemes, reseaux et securite",preferred,fr,ROME
SKL_41bc5edfb717,skill,Certificat de compétence administrateur de bases de données,certificat de competence administrateur de bases de donnees,preferred,fr,ROME
SKL_23cc6294f14a,skill,Titre professionnel administrateur d'infrastructures sécurisées,titre professionnel administrateur d'infrastructures securisees,preferred,fr,ROME
SKL_1f22c93a5a9f,skill,Titre professionnel administrateur système DevOps,titre professionnel administrateur systeme devops,preferred,fr,ROME
SKL_e05f19deeaff,skill,Langage C#,langage c#,preferred,fr,ROME
SKL_3fe532a436b0,skill,Former aux technologies de l'information et de la communication,former aux technologies de l'information et de la communication,preferred,fr,ROME
SKL_e84c26020815,skill,Procéder aux phases de tests et de recettes des applications développées,proceder aux phases de tests et de recettes des applications developpees,preferred,fr,ROME
SKL_302a60e5ae6d,skill,Négocier avec les prestataires externes,negocier avec les prestataires externes,preferred,fr,ROME
SKL_7e2b668c4b8a,skill,Contrôler la conformité des installations,controler la conformite des installations,preferred,fr,ROME
SKL_7196b5882ab9,skill,Suivre les évolutions réglementaires,suivre les evolutions reglementaires,preferred,fr,ROME
SKL_764cce2189ab,skill,Réaliser une veille technique ou technologique pour anticiper les évolutions,realiser une veille technique ou technologique pour anticiper les evolutions,preferred,fr,ROME
SKL_321a1413d585,skill,Apporter une assistance technique aux équipes,apporter une assistance technique aux equipes,preferred,fr,ROME
SKL_7d0e02aa065c,skill,"Concevoir un logiciel, un système d'informations, une application","concevoir un logiciel, un systeme d'informations, une application",preferred,fr,ROME
SKL_49e54b32492a,skill,"Déployer, intégrer un logiciel, un système d'informations, une application","deployer, integrer un logiciel, un systeme d'informations, une application",preferred,fr,ROME
SKL_fa0883537dae,skill,Recueillir et analyser les besoins client,recueillir et analyser les besoins client,preferred,fr,ROME
SKL_1f5f96f36baa,skill,"Structurer, synthétiser des informations","structurer, synthetiser des informations",preferred,fr,ROME
SKL_14b662aa3846,skill,Concevoir et gérer un projet,concevoir et gerer un projet,preferred,fr,ROME
SKL_20af2a60c7e5,skill,Evaluer le résultat de ses actions,evaluer le resultat de ses actions,preferred,fr,ROME
SKL_43ecea6ae4a7,skill,Gérer des données massives,gerer des donnees massives,preferred,fr,ROME
SKL_9df64df194a4,skill,Mener un processus de test en cybersécurité,mener un processus de test en cybersecurite,preferred,fr,ROME
SKL_a4798fa9d602,skill,Paramétrer un logiciel métier et l'interfacer à d'autres applicatifs,parametrer un logiciel metier et l'interfacer a d'autres applicatifs,preferred,fr,ROME
SKL_dcb0dfaee567,skill,Intégrer des outils IA/Data Science,integrer des outils ia/data science,preferred,fr,ROME
SKL_86439790f603,skill,Développer des stratégies de gestion des risques,developper des strategies de gestion des risques,preferred,fr,ROME
SKL_7b85ab00da01,skill,Optimiser les flux de données,optimiser les flux de donnees,preferred,fr,ROME
SKL_e41f7c041652,skill,Surveiller la sécurité des systèmes et réseaux,surveiller la securite des systemes et reseaux,preferred,fr,ROME
SKL_014ed2883b10,skill,Conseiller sur les meilleures pratiques IT,conseiller sur les meilleures pratiques it,preferred,fr,ROME
SKL_81aaafaf8870,skill,Documenter les procédures techniques,documenter les procedures techniques,preferred,fr,ROME
SKL_4804893ebf5d,skill,Evaluer les nouvelles technologies réseau,evaluer les nouvelles technologies reseau,preferred,fr,ROME
SKL_da5d1eb07910,skill,Résoudre les problèmes de connectivité,resoudre les problemes de connectivite,preferred,fr,ROME
SKL_ddca9a57187a,skill,Assurer la liaison avec les fournisseurs de services,assurer la liaison avec les fournisseurs de services,preferred,fr,ROME
SKL_65fb8e9ef24b,skill,Etablir des rapports de performance,etablir des rapports de performance,preferred,fr,ROME
SKL_d3a77e579b98,skill,Elaborer des stratégies de récupération après sinistre,elaborer des strategies de recuperation apres sinistre,preferred,fr,ROME
SKL_b921c331456e,skill,Gérer les projets d'infrastructure IT,gerer les projets d'infrastructure it,preferred,fr,ROME
SKL_98951f1b9ef9,skill,Diagnostiquer des dysfonctionnements sur des installations de réseau,diagnostiquer des dysfonctionnements sur des installations de reseau,preferred,fr,ROME
SKL_e74e8caaee28,skill,Mettre en place des solutions de virtualisation,mettre en place des solutions de virtualisation,preferred,fr,ROME
SKL_5d6cac5d84e0,skill,Analyser les performances d'un système d'information,analyser les performances d'un systeme d'information,preferred,fr,ROME
SKL_14e599e49273,skill,Etre force de proposition,etre force de proposition,preferred,fr,ROME
SKL_aa1a6fc0800a,skill,Faire preuve de leadership,faire preuve de leadership,preferred,fr,ROME
SKL_d1418a8b6ed2,skill,"Méthodes d'analyse (systémique, fonctionnelle, de risques, ...)","methodes d'analyse (systemique, fonctionnelle, de risques, ...)",preferred,fr,ROME
SKL_1efe42fff58a,skill,Intelligence artificielle,intelligence artificielle,preferred,fr,ROME
SKL_f123c639216f,skill,Procédures de tests,procedures de tests,preferred,fr,ROME
SKL_757a5bf2b9cb,skill,Réseaux informatiques et télécoms,reseaux informatiques et telecoms,preferred,fr,ROME
SKL_32bd51cce541,skill,Normes et standards d'exploitation,normes et standards d'exploitation,preferred,fr,ROME
SKL_21a640d971a5,skill,Règlement Général européen sur la Protection des Données (RGPD),reglement general europeen sur la protection des donnees (rgpd),preferred,fr,ROME
SKL_920b060feb8e,skill,Droit du numérique,droit du numerique,preferred,fr,ROME
SKL_90f6209a5818,skill,Architecture réseau,architecture reseau,preferred,fr,ROME
SKL_d284432b0703,skill,Gestion des accès réseau,gestion des acces reseau,preferred,fr,ROME
SKL_cdfe378abfec,skill,Gestion de la capacité réseau,gestion de la capacite reseau,preferred,fr,ROME
SKL_e744fd16b195,skill,Administration de pare-feu,administration de pare-feu,preferred,fr,ROME
SKL_3d1eec205faa,skill,Détection des intrusions réseau,detection des intrusions reseau,preferred,fr,ROME
SKL_f57b94002246,skill,Expert en cybersécurité (MS),expert en cybersecurite (ms),preferred,fr,ROME
SKL_7eb062775f24,skill,Expert en gouvernance de la sécurité des réseaux et des systèmes (MS),expert en gouvernance de la securite des reseaux et des systemes (ms),preferred,fr,ROME
SKL_f479ce1e503d,skill,Titre d'ingénieur diplômé par l'Etat spécialité informatique,titre d'ingenieur diplome par l'etat specialite informatique,preferred,fr,ROME
SKL_7c58c5cafa2b,skill,Ingénieur diplômé de l'école nationale supérieure d'informatique pour l'industrie et l'entreprise spécialité informatique,ingenieur diplome de l'ecole nationale superieure d'informatique pour l'industrie et l'entreprise specialite informatique,preferred,fr,ROME
SKL_c44fd75d5d30,skill,"Ingénieur diplômé de l'école supérieure d'informatique, électronique, automatique","ingenieur diplome de l'ecole superieure d'informatique, electronique, automatique",preferred,fr,ROME
SKL_ce3279d845e7,skill,Ingénieur diplômé de l'école supérieure d'ingénieurs de Paris-Est (ESIPE) Gustave Eiffel spécialité informatique,ingenieur diplome de l'ecole superieure d'ingenieurs de paris-est (esipe) gustave eiffel specialite informatique,preferred,fr,ROME
SKL_fe2310cca7d1,skill,Ingénieur diplômé de l'institut d'ingénierie informatique de Limoges,ingenieur diplome de l'institut d'ingenierie informatique de limoges,preferred,fr,ROME
SKL_6519b6a9befa,skill,Spécialiste en cybersécurité (MS),specialiste en cybersecurite (ms),preferred,fr,ROME
SKL_85c699e883d6,skill,Définir la stratégie des systèmes d'informations,definir la strategie des systemes d'informations,preferred,fr,ROME
SKL_cf2ab4f3b863,skill,Proposer des améliorations techniques continues,proposer des ameliorations techniques continues,preferred,fr,ROME
SKL_d9ea4eb81a2b,skill,Elaborer une stratégie de résolution de problèmes,elaborer une strategie de resolution de problemes,preferred,fr,ROME
SKL_1d7f04d36f6f,skill,Concevoir et mettre en oeuvre une stratégie digitale,concevoir et mettre en oeuvre une strategie digitale,preferred,fr,ROME
SKL_bc4dcbf59fa3,skill,"Diriger et gérer un ensemble, une structure, une organisation","diriger et gerer un ensemble, une structure, une organisation",preferred,fr,ROME
SKL_e9c31251dcea,skill,Evaluer et développer les compétences de ses collaborateurs,evaluer et developper les competences de ses collaborateurs,preferred,fr,ROME
SKL_f0deb814a4ee,skill,Communiquer auprès de ses interlocuteurs internes et externes,communiquer aupres de ses interlocuteurs internes et externes,preferred,fr,ROME
SKL_18d47798203c,skill,Coordonner les équipes projet pour atteindre les objectifs,coordonner les equipes projet pour atteindre les objectifs,preferred,fr,ROME
SKL_0daf5006c292,skill,Faciliter les projets et transformations,faciliter les projets et transformations,preferred,fr,ROME
SKL_5e73ef3d4c97,skill,Mobiliser une vision stratégique et d'anticipation,mobiliser une vision strategique et d'anticipation,preferred,fr,ROME
SKL_e2e8a8dbc6ca,skill,Assurer une veille technologique continue,assurer une veille technologique continue,preferred,fr,ROME
SKL_531f4a31f390,skill,Faciliter l'intégration de solutions d'intelligence artificielle dans les projets existants,faciliter l'integration de solutions d'intelligence artificielle dans les projets existants,preferred,fr,ROME
SKL_72e8c37e0975,skill,Renforcer la collaboration interdépartementale,renforcer la collaboration interdepartementale,preferred,fr,ROME
SKL_b2f806676fa6,skill,Assurer la formation du personnel sur la protection des données,assurer la formation du personnel sur la protection des donnees,preferred,fr,ROME
SKL_123e2160f95e,skill,Développer ses compétences en gestion de projet,developper ses competences en gestion de projet,preferred,fr,ROME
SKL_3774a8084cbb,skill,Implémenter des mesures de sécurité informatique,implementer des mesures de securite informatique,preferred,fr,ROME
SKL_45f7f96fc936,skill,Optimiser l'utilisation des ressources informatiques,optimiser l'utilisation des ressources informatiques,preferred,fr,ROME
SKL_f5b009efaaed,skill,Surveiller les évolutions technologiques des systèmes d'information et de télécommunications et proposer des solutions techniques,surveiller les evolutions technologiques des systemes d'information et de telecommunications et proposer des solutions techniques,preferred,fr,ROME
SKL_3e4c5d28db66,skill,Savoir reconnaître les données sensibles pour la cybersécurité,savoir reconnaitre les donnees sensibles pour la cybersecurite,preferred,fr,ROME
SKL_17a9a0de1286,skill,Etre en capacité de travailler en mode projets,etre en capacite de travailler en mode projets,preferred,fr,ROME
SKL_2f509ea8b0d4,skill,Contrôler la conformité des pratiques IT avec les normes légales,controler la conformite des pratiques it avec les normes legales,preferred,fr,ROME
SKL_4c765d3ed457,skill,Evaluer les nouveaux outils et technologies pour l'entreprise,evaluer les nouveaux outils et technologies pour l'entreprise,preferred,fr,ROME
SKL_a61265c9193e,skill,Faciliter la communication entre les départements IT et autres,faciliter la communication entre les departements it et autres,preferred,fr,ROME
SKL_967c42adfdd8,skill,Promouvoir l'innovation dans les pratiques IT,promouvoir l'innovation dans les pratiques it,preferred,fr,ROME
SKL_d87b1ab3992f,skill,Mettre en place des indicateurs de performance IT,mettre en place des indicateurs de performance it,preferred,fr,ROME
SKL_f4f7849bfba9,skill,Gérer le budget IT de l'entreprise,gerer le budget it de l'entreprise,preferred,fr,ROME
SKL_62ace3e61fd6,skill,Soutenir l'adoption de pratiques IT durables,soutenir l'adoption de pratiques it durables,preferred,fr,ROME
SKL_7e08d4663b38,skill,Développer des stratégies d'amélioration continue,developper des strategies d'amelioration continue,preferred,fr,ROME
SKL_9a4aef238530,skill,Implémenter les innovations technologiques dans les process et pratiques,implementer les innovations technologiques dans les process et pratiques,preferred,fr,ROME
SKL_1620bbe6328d,skill,Management d'équipe,management d'equipe,preferred,fr,ROME
SKL_422d7852fa31,skill,Procédures qualité et sécurité des systèmes d'information et de télécoms,procedures qualite et securite des systemes d'information et de telecoms,preferred,fr,ROME
SKL_85dd7cb09298,skill,Gestion de crise,gestion de crise,preferred,fr,ROME
SKL_c46acddd165c,skill,Cartographie des risques,cartographie des risques,preferred,fr,ROME
SKL_61783fecb8de,skill,Adaptabilité et flexibilité,adaptabilite et flexibilite,preferred,fr,ROME
SKL_6795e002eee5,skill,Gestion des risques informatiques,gestion des risques informatiques,preferred,fr,ROME
SKL_5db1feb0047c,skill,Capacité à travailler en équipe,capacite a travailler en equipe,preferred,fr,ROME
SKL_ff45868b5c68,skill,Manager de projets informatiques,manager de projets informatiques,preferred,fr,ROME
SKL_e38ae2d74b3e,skill,Analyse de tendances,analyse de tendances,preferred,fr,ROME
SKL_9777517ac11a,skill,Analyse de tendances multimédia,analyse de tendances multimedia,preferred,fr,ROME
SKL_7c372610925d,skill,Gestion des changements technologiques,gestion des changements technologiques,preferred,fr,ROME
SKL_7091dcd58e67,skill,Gestion des services informatiques,gestion des services informatiques,preferred,fr,ROME
SKL_c44fd44578a4,skill,Planification stratégique des systèmes d'information,planification strategique des systemes d'information,preferred,fr,ROME
SKL_036337d3422b,skill,Ingénieur diplômé du CESI spécialité informatique,ingenieur diplome du cesi specialite informatique,preferred,fr,ROME
SKL_554e9554879f,skill,Diagnostiquer les dysfonctionnements techniques,diagnostiquer les dysfonctionnements techniques,preferred,fr,ROME
SKL_959d9309ed95,skill,"Concevoir le design, les spécifications ou configurations d'un réseau télécoms","concevoir le design, les specifications ou configurations d'un reseau telecoms",preferred,fr,ROME
SKL_3ac8e33a913f,skill,"Suivre et négocier l'implantation d'infrastructures de réseaux télécoms (pylônes, antennes, câbles, ...)","suivre et negocier l'implantation d'infrastructures de reseaux telecoms (pylones, antennes, cables, ...)",preferred,fr,ROME
SKL_a6b913b0704d,skill,Etudier des terrains potentiels,etudier des terrains potentiels,preferred,fr,ROME
SKL_d4aa1a6fd095,skill,"Procéder à des tests, expérimentations","proceder a des tests, experimentations",preferred,fr,ROME
SKL_7bb0507c58f4,skill,"Animer, coordonner une équipe","animer, coordonner une equipe",preferred,fr,ROME
SKL_834e8e75d3b6,skill,Concevoir et maintenir un système de cybersécurité,concevoir et maintenir un systeme de cybersecurite,preferred,fr,ROME
SKL_bc4873cffebf,skill,Construire un plan de développement réseau,construire un plan de developpement reseau,preferred,fr,ROME
SKL_a6147fe9528e,skill,Etablir le plan d'implémentation,etablir le plan d'implementation,preferred,fr,ROME
SKL_80696fb79b6b,skill,Modéliser et anticiper les usages réseaux,modeliser et anticiper les usages reseaux,preferred,fr,ROME
SKL_b1a0d5789a71,skill,Rédiger des documents d'ingénierie (rédaction des spécifications fonctionnelles et livrables techniques des solutions),rediger des documents d'ingenierie (redaction des specifications fonctionnelles et livrables techniques des solutions),preferred,fr,ROME
SKL_e98a2bb27267,skill,Travailler en réseau et coopérer avec des profils métiers diversifiés,travailler en reseau et cooperer avec des profils metiers diversifies,preferred,fr,ROME
SKL_994479ef4ca2,skill,"Garantir le bon fonctionnement, la disponibilité et la performance des éléments de réseaux ou logiciels placés sous sa responsabilité","garantir le bon fonctionnement, la disponibilite et la performance des elements de reseaux ou logiciels places sous sa responsabilite",preferred,fr,ROME
SKL_54b8c1fd25a6,skill,Accéder directement en écriture sur des machines et serveurs pour configurer,acceder directement en ecriture sur des machines et serveurs pour configurer,preferred,fr,ROME
SKL_7bcc35ce033f,skill,Documenter les procédures techniques et les configurations,documenter les procedures techniques et les configurations,preferred,fr,ROME
SKL_963341d187f8,skill,Assurer une veille en continu dans les technologies émergentes,assurer une veille en continu dans les technologies emergentes,preferred,fr,ROME
SKL_1516aed123e7,skill,Appliquer les normes et réglementations environnementales,appliquer les normes et reglementations environnementales,preferred,fr,ROME
SKL_f109db62d384,skill,Assurer la qualité et la mise à jour des bases de données techniques,assurer la qualite et la mise a jour des bases de donnees techniques,preferred,fr,ROME
SKL_fb08b4910c83,skill,Concevoir et décliner la stratégie technique et environnementale de l'opérateur télécoms,concevoir et decliner la strategie technique et environnementale de l'operateur telecoms,preferred,fr,ROME
SKL_e9aa32418c13,skill,"Déterminer les implantations de relais, pylônes et câbles en tenant compte de l'impact environnemental","determiner les implantations de relais, pylones et cables en tenant compte de l'impact environnemental",preferred,fr,ROME
SKL_552204530735,skill,Evaluer et réduire l'empreinte environnementale des infrastructures et équipements,evaluer et reduire l'empreinte environnementale des infrastructures et equipements,preferred,fr,ROME
SKL_3a21829f7493,skill,Intégrer les pratiques d'éco-conception et d'optimisation énergétique dans les projets télécoms,integrer les pratiques d'eco-conception et d'optimisation energetique dans les projets telecoms,preferred,fr,ROME
SKL_c70070a17abf,skill,Avoir l'esprit d'équipe,avoir l'esprit d'equipe,preferred,fr,ROME
SKL_5e0824c72bb2,skill,Etre ouvert aux changements,etre ouvert aux changements,preferred,fr,ROME
SKL_2c1ac8237aaa,skill,Modélisation et simulation,modelisation et simulation,preferred,fr,ROME
SKL_d270d1c7fdfc,skill,Technologie des fibres optiques,technologie des fibres optiques,preferred,fr,ROME
SKL_6543f3ba75f4,skill,Protocoles et normes télécoms,protocoles et normes telecoms,preferred,fr,ROME
SKL_757f2b95a521,skill,Protocoles de communication (TCP/IP),protocoles de communication (tcp/ip),preferred,fr,ROME
SKL_b8d53af8d6e8,skill,Technologies analogiques,technologies analogiques,preferred,fr,ROME
SKL_3450205b6747,skill,Technologies radiofréquences,technologies radiofrequences,preferred,fr,ROME
SKL_6fb041b77932,skill,Protocoles de communication réseau,protocoles de communication reseau,preferred,fr,ROME
SKL_57ae6d778907,skill,Cybersécurité,cybersecurite,preferred,fr,ROME
SKL_10ea159d4728,skill,Master mention réseaux et télécommunication,master mention reseaux et telecommunication,preferred,fr,ROME
SKL_9922a3239b91,skill,Titre d'ingénieur diplômé par l'Etat spécialité télécommunications et réseaux,titre d'ingenieur diplome par l'etat specialite telecommunications et reseaux,preferred,fr,ROME
SKL_f2392db25408,skill,Eco-conception des réseaux,eco-conception des reseaux,preferred,fr,ROME
SKL_59443e2d492b,skill,Concevoir une application web,concevoir une application web,preferred,fr,ROME
SKL_b894f8a8204d,skill,Développer une application en lien avec une base de données,developper une application en lien avec une base de donnees,preferred,fr,ROME
SKL_c601e2d143b1,skill,"Superviser, coordonner les réalisations ou développements informatiques (collaborateurs, sous-traitants)","superviser, coordonner les realisations ou developpements informatiques (collaborateurs, sous-traitants)",preferred,fr,ROME
SKL_e34f4b40399b,skill,Vérifier la conformité d'une réalisation avec un cahier des charges,verifier la conformite d'une realisation avec un cahier des charges,preferred,fr,ROME
SKL_37629b5544de,skill,Réaliser des études et développements informatiques,realiser des etudes et developpements informatiques,preferred,fr,ROME
SKL_ae64f7376cbd,skill,Piloter les fonctionnalités des équipements et systèmes de sécurité informatique,piloter les fonctionnalites des equipements et systemes de securite informatique,preferred,fr,ROME
SKL_d608366b8e39,skill,Optimiser les processus de qualité pour assurer la fiabilité des logiciels,optimiser les processus de qualite pour assurer la fiabilite des logiciels,preferred,fr,ROME
SKL_f71130ad61f1,skill,Analyser les besoins informatiques,analyser les besoins informatiques,preferred,fr,ROME
SKL_3b1a9a6f34ba,skill,Surveiller les tendances du marché digital,surveiller les tendances du marche digital,preferred,fr,ROME
SKL_68c84c518bc7,skill,Promouvoir la collaboration entre les développeurs et les opérateurs pour une meilleure intégration,promouvoir la collaboration entre les developpeurs et les operateurs pour une meilleure integration,preferred,fr,ROME
SKL_33f6ec7bb9ff,skill,Gérer les versions de logiciels et leurs mises à jour,gerer les versions de logiciels et leurs mises a jour,preferred,fr,ROME
SKL_972e832d342f,skill,Traiter les retours utilisateurs pour améliorer les systèmes,traiter les retours utilisateurs pour ameliorer les systemes,preferred,fr,ROME
SKL_9fce8f383c32,skill,Collaborer avec les développeurs pour améliorer la qualité du logiciel,collaborer avec les developpeurs pour ameliorer la qualite du logiciel,preferred,fr,ROME
SKL_3da20e97db5d,skill,Maintenir à jour la documentation technique et les manuels d'utilisation,maintenir a jour la documentation technique et les manuels d'utilisation,preferred,fr,ROME
SKL_5e459b85bd57,skill,Respecter les normes de sécurité informatique dans le développement,respecter les normes de securite informatique dans le developpement,preferred,fr,ROME
SKL_aa81abe23431,skill,Argumenter les choix technologiques auprès des parties prenantes,argumenter les choix technologiques aupres des parties prenantes,preferred,fr,ROME
SKL_245350b8c5c7,skill,Déployer le code de façon conteneurisée,deployer le code de facon conteneurisee,preferred,fr,ROME
SKL_197cd57d1403,skill,"Faire preuve de créativité, d'inventivité","faire preuve de creativite, d'inventivite",preferred,fr,ROME
SKL_1d3c49419692,skill,HTML,html,preferred,fr,ROME
SKL_92a131a5ebd7,skill,Architecture web,architecture web,preferred,fr,ROME
SKL_1f4045309a48,skill,AutoItScript,autoitscript,preferred,fr,ROME
SKL_59ef7def4ddc,skill,Outils multimédias,outils multimedias,preferred,fr,ROME
SKL_cb1d13388a5f,skill,Développement d'applications mobiles,developpement d'applications mobiles,preferred,fr,ROME
SKL_12a828ad9117,skill,Conception d'interfaces utilisateur (UI),conception d'interfaces utilisateur (ui),preferred,fr,ROME
SKL_fcabb1b8098e,skill,Programmation logicielle,programmation logicielle,preferred,fr,ROME
SKL_65ab0f777966,skill,Gestion de versions de logiciels de jeux,gestion de versions de logiciels de jeux,preferred,fr,ROME
SKL_5be39f76c1a1,skill,Application web,application web,preferred,fr,ROME
SKL_7a956496d417,skill,BTS services informatiques aux organisations option B : solutions logicielles et applications métiers,bts services informatiques aux organisations option b : solutions logicielles et applications metiers,preferred,fr,ROME
SKL_21d8879533a9,skill,"Licence pro mention métiers de l'informatique : conception, développement et test de logiciels","licence pro mention metiers de l'informatique : conception, developpement et test de logiciels",preferred,fr,ROME
SKL_b907d5a57062,skill,Sécurité des applications web,securite des applications web,preferred,fr,ROME
SKL_246869161dcd,skill,Développement de logiciels embarqués,developpement de logiciels embarques,preferred,fr,ROME
SKL_1dfb8e83139e,skill,Optimisation des performances des applications,optimisation des performances des applications,preferred,fr,ROME
SKL_2ebbd7ffcc8a,skill,Intégration continue et déploiement continu (CI/CD),integration continue et deploiement continu (ci/cd),preferred,fr,ROME
SKL_06c4c68b972b,skill,Gestion de projet informatique,gestion de projet informatique,preferred,fr,ROME
SKL_e6a3b314d38b,skill,"BTS services informatiques aux organisations option A : solutions d'infrastructure, systèmes et réseaux","bts services informatiques aux organisations option a : solutions d'infrastructure, systemes et reseaux",preferred,fr,ROME
SKL_afb9c8fbd62e,skill,DUT informatique,dut informatique,preferred,fr,ROME
SKL_a68e831b6e5d,skill,Licence pro mention métiers de l'informatique : conduite de projets,licence pro mention metiers de l'informatique : conduite de projets,preferred,fr,ROME
SKL_70c4e0652594,skill,Licence pro mention métiers de l'informatique : applications web,licence pro mention metiers de l'informatique : applications web,preferred,fr,ROME
SKL_7b3e23508e2f,skill,Sécurité des données et conformité RGPD,securite des donnees et conformite rgpd,preferred,fr,ROME
SKL_efa186288487,skill,Réaliser des études d'urbanisme des systèmes d'information de l'entreprise,realiser des etudes d'urbanisme des systemes d'information de l'entreprise,preferred,fr,ROME
SKL_b5184d1798e7,skill,Vérifier la conformité de fonctionnement et d'utilisation des systèmes d'information,verifier la conformite de fonctionnement et d'utilisation des systemes d'information,preferred,fr,ROME
SKL_c16452c57e03,skill,Mettre en oeuvre les actions de transformation nécessaires aux changements,mettre en oeuvre les actions de transformation necessaires aux changements,preferred,fr,ROME
SKL_c7b158fa8e85,skill,Optimiser la performance de l'organisation,optimiser la performance de l'organisation,preferred,fr,ROME
SKL_1faa6147b74e,skill,Analyser des données pour prendre des décisions stratégiques,analyser des donnees pour prendre des decisions strategiques,preferred,fr,ROME
SKL_39cd19ed1641,skill,Evaluer les risques SIC (système information et communication),evaluer les risques sic (systeme information et communication),preferred,fr,ROME
SKL_696d8b9f3770,skill,Communiquer efficacement avec l'équipe et les clients,communiquer efficacement avec l'equipe et les clients,preferred,fr,ROME
SKL_3110bf9b70af,skill,Elaborer et suivre des tableaux de bord des incidents sécurité,elaborer et suivre des tableaux de bord des incidents securite,preferred,fr,ROME
SKL_7a519017a2b9,skill,Accompagner et former un client sur l'applicatif métier ou l'interface utilisateur,accompagner et former un client sur l'applicatif metier ou l'interface utilisateur,preferred,fr,ROME
SKL_aac56a427796,skill,Assurer une communication claire et efficace avec l'équipe,assurer une communication claire et efficace avec l'equipe,preferred,fr,ROME
SKL_a2ac7e9dde84,skill,Planifier et superviser les mises à jour système,planifier et superviser les mises a jour systeme,preferred,fr,ROME
SKL_4c4b5b64d7ff,skill,Assurer la formation des utilisateurs sur les nouveaux outils ou systèmes,assurer la formation des utilisateurs sur les nouveaux outils ou systemes,preferred,fr,ROME
SKL_b208f3f3ee92,skill,Implémenter des solutions de sécurité informatique,implementer des solutions de securite informatique,preferred,fr,ROME
SKL_b20fc570af10,skill,Analyser les besoins fonctionnels des utilisateurs,analyser les besoins fonctionnels des utilisateurs,preferred,fr,ROME
SKL_9a17c18ec173,skill,Assurer la conformité des systèmes avec les normes en vigueur,assurer la conformite des systemes avec les normes en vigueur,preferred,fr,ROME
SKL_748addb26566,skill,Proposer des améliorations pour les systèmes existants,proposer des ameliorations pour les systemes existants,preferred,fr,ROME
SKL_f78a4bb83267,skill,Assurer le support technique de niveau avancé,assurer le support technique de niveau avance,preferred,fr,ROME
SKL_098f11f4e2f0,skill,Développer des stratégies pour l'intégration des systèmes,developper des strategies pour l'integration des systemes,preferred,fr,ROME
SKL_802ba7015236,skill,Identifier les opportunités d'automatisation des processus,identifier les opportunites d'automatisation des processus,preferred,fr,ROME
SKL_5874a50302dc,skill,Sensibiliser à l'importance de la transition écologique,sensibiliser a l'importance de la transition ecologique,preferred,fr,ROME
SKL_33f311e99183,skill,Analyser les besoins des utilisateurs pour la conception de systèmes,analyser les besoins des utilisateurs pour la conception de systemes,preferred,fr,ROME
SKL_02b55c277b01,skill,Assurer la liaison entre les différents départements techniques,assurer la liaison entre les differents departements techniques,preferred,fr,ROME
SKL_f7068e699c10,skill,Intégration de systèmes,integration de systemes,preferred,fr,ROME
SKL_b96e021955fd,skill,Progiciels de gestion intégrée d'entreprise (ERP),progiciels de gestion integree d'entreprise (erp),preferred,fr,ROME
SKL_e52398254a08,skill,Ingénieur diplômé de l'université de technologie de Troyes spécialité réseaux et télécommunications,ingenieur diplome de l'universite de technologie de troyes specialite reseaux et telecommunications,preferred,fr,ROME
SKL_5f21aa338ce4,skill,Ingénieur diplômé d'Eurecom,ingenieur diplome d'eurecom,preferred,fr,ROME
SKL_a27ecceb523b,skill,Développement de solutions informatiques,developpement de solutions informatiques,preferred,fr,ROME
SKL_3a77cd5e5bae,skill,Documentation technique,documentation technique,preferred,fr,ROME
SKL_9eaf6fe424ff,skill,Gestion de bases de données,gestion de bases de donnees,preferred,fr,ROME
SKL_8d3571a81b57,skill,Optimisation des processus métier,optimisation des processus metier,preferred,fr,ROME
SKL_80eb36b7a151,skill,Maîtriser les procédures de sécurité et de gestion des risques liés aux opérations militaires,maitriser les procedures de securite et de gestion des risques lies aux operations militaires,preferred,fr,ROME
SKL_facab6bcecb0,skill,Etre responsable de la définition de la stratégie de déploiement de nouvelles technologies en accord avec les besoins de l'administration,etre responsable de la definition de la strategie de deploiement de nouvelles technologies en accord avec les besoins de l'administration,preferred,fr,ROME
SKL_fe55e19ddaea,skill,Fournir un point de vue expert pour guider l'équipe dirigeante vers des décisions stratégiques,fournir un point de vue expert pour guider l'equipe dirigeante vers des decisions strategiques,preferred,fr,ROME
SKL_da21dcbb1268,skill,Définir les objectifs et la stratégie d'un développement durable des SI,definir les objectifs et la strategie d'un developpement durable des si,preferred,fr,ROME
SKL_2acc75262a20,skill,Mobiliser une large gamme d'expertises pour mettre en œuvre l'ensemble du processus d'une campagne de test,mobiliser une large gamme d'expertises pour mettre en oeuvre l'ensemble du processus d'une campagne de test,preferred,fr,ROME
SKL_215de86850fe,skill,Diriger et être responsable de l'ensemble du processus de gestion des problèmes,diriger et etre responsable de l'ensemble du processus de gestion des problemes,preferred,fr,ROME
SKL_0b8661e93ccd,skill,"Mettre en avant la sensibilisation, la formation et l'engagement pour la mise en place d'un développement durable","mettre en avant la sensibilisation, la formation et l'engagement pour la mise en place d'un developpement durable",preferred,fr,ROME
SKL_b68dcbf7d56f,skill,Respecter les normes et les procédures appropriées de contrôle des changements pour maintenir l'intégrité du système,respecter les normes et les procedures appropriees de controle des changements pour maintenir l'integrite du systeme,preferred,fr,ROME
SKL_476573bd4e94,skill,"Mobiliser des expertises pour influencer, par leurs conseils et assistance, le développement de solutions","mobiliser des expertises pour influencer, par leurs conseils et assistance, le developpement de solutions",preferred,fr,ROME
SKL_aa2ea196fb76,skill,Adapter le niveau de détail à l'objectif de la documentation et au public ciblé,adapter le niveau de detail a l'objectif de la documentation et au public cible,preferred,fr,ROME
SKL_2d8302928172,skill,Evaluer les mesures et indicateurs de gestion de la sécurité,evaluer les mesures et indicateurs de gestion de la securite,preferred,fr,ROME
SKL_4c3418010a12,skill,Rechercher des solutions informatiques permettant de limiter les risques identifiés,rechercher des solutions informatiques permettant de limiter les risques identifies,preferred,fr,ROME
SKL_c006b7eba887,skill,Déploiement de solutions informatiques,deploiement de solutions informatiques,preferred,fr,ROME
SKL_c2f880600b68,skill,Gestion des risques (Risk Management),gestion des risques (risk management),preferred,fr,ROME
SKL_9a34b178d331,skill,Gestion des innovations,gestion des innovations,preferred,fr,ROME
SKL_5fe7c35ccf32,skill,Documentation technique des systèmes,documentation technique des systemes,preferred,fr,ROME
SKL_2d9f668550a7,skill,Suivi des innovations technologiques,suivi des innovations technologiques,preferred,fr,ROME
SKL_e8de7b94d8e6,skill,Normes de sécurité de l'information,normes de securite de l'information,preferred,fr,ROME
SKL_79af1b4e7153,skill,Gestion de projets de développement durable,gestion de projets de developpement durable,preferred,fr,ROME
SKL_67771986f7d0,skill,Qualité informatique : stratégie et gestion,qualite informatique : strategie et gestion,preferred,fr,ROME
SKL_96859f94ef70,skill,Conception de l'architecture,conception de l'architecture,preferred,fr,ROME
SKL_c925fa7ffe60,skill,Réaliser les relevés terrain et collecter des données alphanumériques et graphiques,realiser les releves terrain et collecter des donnees alphanumeriques et graphiques,preferred,fr,ROME
SKL_39c1752847f6,skill,"Sélectionner, traiter et réaliser l'analyse spatiale de données géographiques","selectionner, traiter et realiser l'analyse spatiale de donnees geographiques",preferred,fr,ROME
SKL_48a7a5342d6a,skill,Identifier et interpréter les données et caractéristiques géographiques et analyser les résultats,identifier et interpreter les donnees et caracteristiques geographiques et analyser les resultats,preferred,fr,ROME
SKL_24f735964151,skill,Restituer et mettre en forme les données géographiques pour l'édition cartographique,restituer et mettre en forme les donnees geographiques pour l'edition cartographique,preferred,fr,ROME
SKL_d26fbbe5e66d,skill,Sélectionner une gamme de données géoréférencées ciblées,selectionner une gamme de donnees georeferencees ciblees,preferred,fr,ROME
SKL_8f306fb9dacc,skill,Formaliser des données cartographiques et les diffuser sur des réseaux d'information,formaliser des donnees cartographiques et les diffuser sur des reseaux d'information,preferred,fr,ROME
SKL_557126d50f6b,skill,Numériser des données de terrain pour un système d'information géographique,numeriser des donnees de terrain pour un systeme d'information geographique,preferred,fr,ROME
SKL_148797b1e1d8,skill,"Développer et administrer une base de données géographiques (catalogues de données, de métadonnées)","developper et administrer une base de donnees geographiques (catalogues de donnees, de metadonnees)",preferred,fr,ROME
SKL_a3d5b262e452,skill,Utiliser les outils numériques,utiliser les outils numeriques,preferred,fr,ROME
SKL_d900051621dd,skill,Identifier les opérations à réaliser à partir des diagnostics et des données fournies par un drone,identifier les operations a realiser a partir des diagnostics et des donnees fournies par un drone,preferred,fr,ROME
SKL_2fc62b7a8242,skill,"Utiliser et gérer le parc topographique (outils matériels et logiciels) , améliorer les procédures et les méthodes","utiliser et gerer le parc topographique (outils materiels et logiciels) , ameliorer les procedures et les methodes",preferred,fr,ROME
SKL_c558199098da,skill,"Analyser les données des relevés, les retranscrire sur ordinateur, exploiter les images satellites pour les compléter et les affiner","analyser les donnees des releves, les retranscrire sur ordinateur, exploiter les images satellites pour les completer et les affiner",preferred,fr,ROME
SKL_716151213263,skill,Collaborer avec des équipes multidisciplinaires,collaborer avec des equipes multidisciplinaires,preferred,fr,ROME
SKL_36ca3b28eabd,skill,Analyser des cartes et des données géographiques,analyser des cartes et des donnees geographiques,preferred,fr,ROME
SKL_ae30927d80e6,skill,Evaluer la précision des données cartographiques,evaluer la precision des donnees cartographiques,preferred,fr,ROME
SKL_80a4b29ccc46,skill,Développer des outils personnalisés pour la cartographie,developper des outils personnalises pour la cartographie,preferred,fr,ROME
SKL_5ca5ce96f911,skill,Mettre en œuvre des projets de cartographie numérique,mettre en oeuvre des projets de cartographie numerique,preferred,fr,ROME
SKL_7bd7065e8992,skill,Former des équipes à l'utilisation de logiciels de cartographie,former des equipes a l'utilisation de logiciels de cartographie,preferred,fr,ROME
SKL_3ed898cdf7d0,skill,Adapter des cartes pour différents utilisateurs et besoins,adapter des cartes pour differents utilisateurs et besoins,preferred,fr,ROME
SKL_ec82d88a2c76,skill,Gérer les mises à jour des cartes pour des projets continus,gerer les mises a jour des cartes pour des projets continus,preferred,fr,ROME
SKL_6a46caf507be,skill,Assurer la maintenance des équipements de cartographie,assurer la maintenance des equipements de cartographie,preferred,fr,ROME
SKL_66bac1fb26da,skill,Analyser les besoins en aménagement du territoire,analyser les besoins en amenagement du territoire,preferred,fr,ROME
SKL_5dda06121380,skill,Jouer un rôle d'interface entre différents partenaires,jouer un role d'interface entre differents partenaires,preferred,fr,ROME
SKL_f136a5393fd1,skill,Faire preuve de persévérance,faire preuve de perseverance,preferred,fr,ROME
SKL_b5803989f90c,skill,Topographie,topographie,preferred,fr,ROME
SKL_ded32195d7c6,skill,GPS et cartes topographiques,gps et cartes topographiques,preferred,fr,ROME
SKL_0e8848a321e2,skill,Géodésie,geodesie,preferred,fr,ROME
SKL_c004219cd67e,skill,Utilisation de logiciels de cartographie,utilisation de logiciels de cartographie,preferred,fr,ROME
SKL_130d20b543eb,skill,Système d'Information Géographique (SIG),systeme d'information geographique (sig),preferred,fr,ROME
SKL_1e48682150d5,skill,Photogrammétrie,photogrammetrie,preferred,fr,ROME
SKL_538055cabf4c,skill,Données géoréférencées,donnees georeferencees,preferred,fr,ROME
SKL_c22af4b15a95,skill,Optimisation des processus,optimisation des processus,preferred,fr,ROME
SKL_0ce597df14f5,skill,Licence pro mention métiers de l'aménagement du territoire et de l'urbanisme,licence pro mention metiers de l'amenagement du territoire et de l'urbanisme,preferred,fr,ROME
SKL_adcb20c4ec2a,skill,Assurance qualité des données cartographiques,assurance qualite des donnees cartographiques,preferred,fr,ROME
SKL_642a00210214,skill,Développement de normes cartographiques,developpement de normes cartographiques,preferred,fr,ROME
SKL_8a7a5ba73a01,skill,Evaluation environnementale par cartographie,evaluation environnementale par cartographie,preferred,fr,ROME
SKL_43b123111866,skill,Intégration de données environnementales dans les cartes,integration de donnees environnementales dans les cartes,preferred,fr,ROME
SKL_05fb42fd3559,skill,Modélisation de données géographiques,modelisation de donnees geographiques,preferred,fr,ROME
SKL_a4b96b2972dc,skill,Planification urbaine et régionale par cartographie,planification urbaine et regionale par cartographie,preferred,fr,ROME
SKL_f01c7482eb54,skill,Ingénieur diplômé de l'école nationale des sciences géographiques,ingenieur diplome de l'ecole nationale des sciences geographiques,preferred,fr,ROME
SKL_0dc2f7806a23,skill,Ingénieur diplômé de l'école polytechnique universitaire de l'université de Lille spécialité géomatique et génie urbain,ingenieur diplome de l'ecole polytechnique universitaire de l'universite de lille specialite geomatique et genie urbain,preferred,fr,ROME
SKL_ff2de5024829,skill,"Ingénieur diplômé de l'école spéciale des travaux publics, du bâtiment et de l'industrie spécialité topographie","ingenieur diplome de l'ecole speciale des travaux publics, du batiment et de l'industrie specialite topographie",preferred,fr,ROME
SKL_4130677fe662,skill,Ingénieur diplômé de l'institut national des sciences appliquées de Strasbourg spécialité topographie,ingenieur diplome de l'institut national des sciences appliquees de strasbourg specialite topographie,preferred,fr,ROME
SKL_65883283a648,skill,Ingénieur diplômé de l'institut polytechnique UniLaSalle spécialité géosciences et environnement,ingenieur diplome de l'institut polytechnique unilasalle specialite geosciences et environnement,preferred,fr,ROME
SKL_52844bf8080b,skill,Licence mention géographie et aménagement,licence mention geographie et amenagement,preferred,fr,ROME
SKL_d7bcef13741b,skill,"Licence pro mention cartographie, topographie et systèmes d'information géographique","licence pro mention cartographie, topographie et systemes d'information geographique",preferred,fr,ROME
SKL_bce72e8992bc,skill,Master mention géomatique,master mention geomatique,preferred,fr,ROME
SKL_8f7623191b96,skill,Titre professionnel technicien en géomatique,titre professionnel technicien en geomatique,preferred,fr,ROME
SKL_25fcea9eba4e,skill,Ingénieur diplômé du conservatoire national des arts et métiers spécialité topographie et génie de l'aménagement,ingenieur diplome du conservatoire national des arts et metiers specialite topographie et genie de l'amenagement,preferred,fr,ROME
SKL_8e07e788ecd2,skill,Licence mention histoire/géographie,licence mention histoire/geographie,preferred,fr,ROME
SKL_293469aea86e,skill,Relever des mesures de précipitations et de vents,relever des mesures de precipitations et de vents,preferred,fr,ROME
SKL_fa6292d3b6ff,skill,Effectuer un relevé d'observations météorologiques,effectuer un releve d'observations meteorologiques,preferred,fr,ROME
SKL_04a3dadfbd23,skill,Etablir des prévisions marines et analyser des conditions de propagation en milieu marin,etablir des previsions marines et analyser des conditions de propagation en milieu marin,preferred,fr,ROME
SKL_06bfdb5946b8,skill,Réaliser des documents techniques de météorologie,realiser des documents techniques de meteorologie,preferred,fr,ROME
SKL_b68d902b4055,skill,Communiquer des données météorologiques ou océanographiques à un utilisateur,communiquer des donnees meteorologiques ou oceanographiques a un utilisateur,preferred,fr,ROME
SKL_5bf6530dd221,skill,Effectuer le lancement d'un ballon atmosphérique,effectuer le lancement d'un ballon atmospherique,preferred,fr,ROME
SKL_38edac6f9e43,skill,Réaliser le suivi d'un ballon atmosphérique,realiser le suivi d'un ballon atmospherique,preferred,fr,ROME
SKL_aef88b187651,skill,Elaborer et analyser des prévisions météorologiques,elaborer et analyser des previsions meteorologiques,preferred,fr,ROME
SKL_e8e96f47f645,skill,Consulter et analyser les données météorologiques,consulter et analyser les donnees meteorologiques,preferred,fr,ROME
SKL_2635e72a9244,skill,Argumenter sur les impacts du changement climatique sur les glaciers,argumenter sur les impacts du changement climatique sur les glaciers,preferred,fr,ROME
SKL_e9133e70f8e8,skill,Informer et sensibiliser le public aux impacts du changement climatique,informer et sensibiliser le public aux impacts du changement climatique,preferred,fr,ROME
SKL_2d581dbbb440,skill,Collaborer avec des équipes internationales pour des études climatiques,collaborer avec des equipes internationales pour des etudes climatiques,preferred,fr,ROME
SKL_cb491f11ef84,skill,Optimiser les procédures de collecte de données météorologiques,optimiser les procedures de collecte de donnees meteorologiques,preferred,fr,ROME
SKL_a73dbf9cda6a,skill,Argumenter sur les impacts climatiques lors de conférences,argumenter sur les impacts climatiques lors de conferences,preferred,fr,ROME
SKL_e466b9da07da,skill,Gérer les alertes météorologiques en cas de catastrophes,gerer les alertes meteorologiques en cas de catastrophes,preferred,fr,ROME
SKL_418245a0853c,skill,Evaluer l'impact des activités humaines sur le climat,evaluer l'impact des activites humaines sur le climat,preferred,fr,ROME
SKL_db0a28728fb4,skill,Respecter les normes de sécurité lors des expéditions météorologiques,respecter les normes de securite lors des expeditions meteorologiques,preferred,fr,ROME
SKL_cf1cb9c10e17,skill,Communiquer les risques météorologiques au public,communiquer les risques meteorologiques au public,preferred,fr,ROME
SKL_0fa02276418e,skill,Climatologie,climatologie,preferred,fr,ROME
SKL_bff4f018fb8f,skill,Utilisation d'appareils de mesures météorologiques,utilisation d'appareils de mesures meteorologiques,preferred,fr,ROME
SKL_44e33e410cf1,skill,Logiciel d'imagerie météorologique,logiciel d'imagerie meteorologique,preferred,fr,ROME
SKL_ad067524c0c4,skill,Météorologie aéronautique,meteorologie aeronautique,preferred,fr,ROME
SKL_91f0e8b016b1,skill,Météorologie tropicale,meteorologie tropicale,preferred,fr,ROME
SKL_dbf941c90387,skill,Météorologie maritime,meteorologie maritime,preferred,fr,ROME
SKL_ae2f96253f5b,skill,Hydrologie,hydrologie,preferred,fr,ROME
SKL_0ef1e1b41be9,skill,Analyse des impacts climatiques sur l'environnement,analyse des impacts climatiques sur l'environnement,preferred,fr,ROME
SKL_7ac5b742a70f,skill,Analyse des impacts environnementaux,analyse des impacts environnementaux,preferred,fr,ROME
SKL_de8f0764c5bd,skill,Communication des alertes météo,communication des alertes meteo,preferred,fr,ROME
SKL_bebc38665732,skill,Développement de logiciels de prévision,developpement de logiciels de prevision,preferred,fr,ROME
SKL_223af5304e4e,skill,Education sur les changements climatiques,education sur les changements climatiques,preferred,fr,ROME
SKL_3a84c3728c9d,skill,Elaboration de politiques climatiques,elaboration de politiques climatiques,preferred,fr,ROME
SKL_fdd36ced1f0d,skill,Evaluation des risques météorologiques,evaluation des risques meteorologiques,preferred,fr,ROME
SKL_fda857cdd6f2,skill,Formation en météorologie,formation en meteorologie,preferred,fr,ROME
SKL_fa1d5f6f010d,skill,Gestion de données météorologiques,gestion de donnees meteorologiques,preferred,fr,ROME
SKL_db119b62e62e,skill,Prévision météorologique,prevision meteorologique,preferred,fr,ROME
SKL_7e07697a6671,skill,Recherche en météorologie appliquée,recherche en meteorologie appliquee,preferred,fr,ROME
SKL_ff33d322b5de,skill,Rédaction de bulletins météo,redaction de bulletins meteo,preferred,fr,ROME
SKL_5e0f0152acdb,skill,Ingénieur diplômé de l'école nationale de la météorologie,ingenieur diplome de l'ecole nationale de la meteorologie,preferred,fr,ROME
SKL_5bfe0155ce57,skill,"Master mention sciences de l'océan, de l'atmosphère et du climat","master mention sciences de l'ocean, de l'atmosphere et du climat",preferred,fr,ROME
SKL_902d8adffa6e,skill,Diagnostiquer la nature et l'origine des incidents et mettre en oeuvre les mesures correctives,diagnostiquer la nature et l'origine des incidents et mettre en oeuvre les mesures correctives,preferred,fr,ROME
SKL_e1728129f092,skill,"Installer et intégrer le matériel (station, équipement réseau, périphériques, ...) dans l'environnement de production et configurer les ressources logistiques et physiques","installer et integrer le materiel (station, equipement reseau, peripheriques, ...) dans l'environnement de production et configurer les ressources logistiques et physiques",preferred,fr,ROME
SKL_8e05ab57238a,skill,Surveiller le fonctionnement d'applicatifs et logiciels,surveiller le fonctionnement d'applicatifs et logiciels,preferred,fr,ROME
SKL_9a012c911885,skill,Surveiller les systèmes de réseau pour garantir leur fonctionnement optimal,surveiller les systemes de reseau pour garantir leur fonctionnement optimal,preferred,fr,ROME
SKL_08de6b2c999c,skill,Superviser et organiser les travaux d'exploitation ou de production informatique,superviser et organiser les travaux d'exploitation ou de production informatique,preferred,fr,ROME
SKL_e6524ba06d14,skill,Gérer un parc informatique,gerer un parc informatique,preferred,fr,ROME
SKL_753a30affd0b,skill,Assurer la conformité des opérations de maintenance,assurer la conformite des operations de maintenance,preferred,fr,ROME
SKL_e2c2f6b41356,skill,Gérer une base de données numériques,gerer une base de donnees numeriques,preferred,fr,ROME
SKL_f789a8e72885,skill,Gérer et déployer des logiciels à distance,gerer et deployer des logiciels a distance,preferred,fr,ROME
SKL_d71eb9eefca0,skill,Agir rapidement en cas de panne pour minimiser les interruptions,agir rapidement en cas de panne pour minimiser les interruptions,preferred,fr,ROME
SKL_3dbe04c72193,skill,Former les utilisateurs aux nouvelles technologies,former les utilisateurs aux nouvelles technologies,preferred,fr,ROME
SKL_48b0d8a86bfd,skill,Développer des scripts pour automatiser les tâches,developper des scripts pour automatiser les taches,preferred,fr,ROME
SKL_2cc713428fad,skill,Optimiser les performances des réseaux informatiques,optimiser les performances des reseaux informatiques,preferred,fr,ROME
SKL_b2c2465f84aa,skill,Assurer la sécurité des réseaux informatiques,assurer la securite des reseaux informatiques,preferred,fr,ROME
SKL_f2e99e91a74d,skill,Analyser les besoins des utilisateurs pour le système informatique,analyser les besoins des utilisateurs pour le systeme informatique,preferred,fr,ROME
SKL_f662c12e0cf4,skill,Mettre en place des solutions de sauvegarde et de récupération des données,mettre en place des solutions de sauvegarde et de recuperation des donnees,preferred,fr,ROME
SKL_b705e96107f6,skill,Résoudre les problèmes techniques de niveau avancé,resoudre les problemes techniques de niveau avance,preferred,fr,ROME
SKL_99f2983fa0e2,skill,Assurer la veille technologique pour rester à jour sur les innovations,assurer la veille technologique pour rester a jour sur les innovations,preferred,fr,ROME
SKL_54845878fd36,skill,Planifier les mises à jour systèmes sans interruption de service,planifier les mises a jour systemes sans interruption de service,preferred,fr,ROME
SKL_debe0ba8877c,skill,Exploiter l'IA,exploiter l'ia,preferred,fr,ROME
SKL_e7d4c720f941,skill,Audit de sécurité informatique,audit de securite informatique,preferred,fr,ROME
SKL_514c12341540,skill,Diagnostic de pannes,diagnostic de pannes,preferred,fr,ROME
SKL_965f805c0ce8,skill,Optimisation des performances des serveurs,optimisation des performances des serveurs,preferred,fr,ROME
SKL_d034a8c093fb,skill,Gestion des comptes utilisateurs,gestion des comptes utilisateurs,preferred,fr,ROME
SKL_7eba2585660a,skill,Surveillance de la performance des systèmes,surveillance de la performance des systemes,preferred,fr,ROME
SKL_cbfe3f2e10bd,skill,Analyse de logs système,analyse de logs systeme,preferred,fr,ROME
SKL_c26ca2f4b2ff,skill,Licence pro mention métiers de l'informatique : systèmes d'information et gestion de données,licence pro mention metiers de l'informatique : systemes d'information et gestion de donnees,preferred,fr,ROME
SKL_dd353de82ab8,skill,Configuration de logiciels de réseau,configuration de logiciels de reseau,preferred,fr,ROME
SKL_7e551d89e948,skill,Gestion des sauvegardes et des restaurations,gestion des sauvegardes et des restaurations,preferred,fr,ROME
SKL_223743bb77c7,skill,Installation de composants matériels,installation de composants materiels,preferred,fr,ROME
SKL_f451dfdcc570,skill,Mise en place de politiques de sécurité informatique,mise en place de politiques de securite informatique,preferred,fr,ROME
SKL_f6d0daff45f8,skill,Master mention technologies de l'information,master mention technologies de l'information,preferred,fr,ROME
SKL_187cbb834639,skill,Définir les solutions de stockage et de structuration des données,definir les solutions de stockage et de structuration des donnees,preferred,fr,ROME
SKL_f743eef1b4cb,skill,Modéliser une base de données,modeliser une base de donnees,preferred,fr,ROME
SKL_2b22132279f3,skill,Rédiger le contenu d'un support de communication,rediger le contenu d'un support de communication,preferred,fr,ROME
SKL_b7f0fc1c0325,skill,Accompagner l'appropriation d'un outil par ses utilisateurs,accompagner l'appropriation d'un outil par ses utilisateurs,preferred,fr,ROME
SKL_d3e977433a8a,skill,"Créer, élaborer et identifier des concepts innovants","creer, elaborer et identifier des concepts innovants",preferred,fr,ROME
SKL_d8fa3e25fcdb,skill,Déterminer des mesures correctives,determiner des mesures correctives,preferred,fr,ROME
SKL_fe6677c86a13,skill,Mettre en place des solutions d'amélioration de la performance,mettre en place des solutions d'amelioration de la performance,preferred,fr,ROME
SKL_807dcdac4830,skill,Expliquer et faire respecter les règles et procédures,expliquer et faire respecter les regles et procedures,preferred,fr,ROME
SKL_2557d5d57e79,skill,Rendre compte de son activité,rendre compte de son activite,preferred,fr,ROME
SKL_fe095c27adc6,skill,Identifier ses axes de progrès,identifier ses axes de progres,preferred,fr,ROME
SKL_8498314ec7b0,skill,Concevoir et développer une solution digitale,concevoir et developper une solution digitale,preferred,fr,ROME
SKL_bb5a3d924f38,skill,Proposer des pistes d'amélioration des solutions,proposer des pistes d'amelioration des solutions,preferred,fr,ROME
SKL_96e7f3bad498,skill,Piloter le déploiement et l'intégration d'outils d'optimisation au sein des processus métiers,piloter le deploiement et l'integration d'outils d'optimisation au sein des processus metiers,preferred,fr,ROME
SKL_adb4c9249dfb,skill,Animer une démarche agile et innovante,animer une demarche agile et innovante,preferred,fr,ROME
SKL_2ed964273894,skill,Anticiper les risques de cybersécurité,anticiper les risques de cybersecurite,preferred,fr,ROME
SKL_95e78cb36beb,skill,Collaborer dans un groupe pour réaliser un projet,collaborer dans un groupe pour realiser un projet,preferred,fr,ROME
SKL_dd94c4a25e02,skill,Convaincre en argumentant avec un ou plusieurs interlocuteurs,convaincre en argumentant avec un ou plusieurs interlocuteurs,preferred,fr,ROME
SKL_63e278b3570c,skill,Assurer la maintenance préventive et les améliorations des infrastructures numériques,assurer la maintenance preventive et les ameliorations des infrastructures numeriques,preferred,fr,ROME
SKL_bbfdab85a3cb,skill,Anticiper des coûts,anticiper des couts,preferred,fr,ROME
SKL_e5fc1028f24f,skill,Piloter des opérations de tests informatiques,piloter des operations de tests informatiques,preferred,fr,ROME
SKL_29bc8c8045ee,skill,Adapter les méthodes de travail à la réglementation locale,adapter les methodes de travail a la reglementation locale,preferred,fr,ROME
SKL_95224ab0d86a,skill,Piloter le déploiement de solutions innovantes,piloter le deploiement de solutions innovantes,preferred,fr,ROME
SKL_62b20c1114ca,skill,Utiliser l'anglais dans un contexte professionnel,utiliser l'anglais dans un contexte professionnel,preferred,fr,ROME
SKL_b4f5767b3c2d,skill,Système d'exploitation Linux,systeme d'exploitation linux,preferred,fr,ROME
SKL_3caadf804527,skill,Java,java,preferred,fr,ROME
SKL_0d242cd13f2f,skill,Utilisation d'outils Business Intelligence (BI) - Informatique décisionnelle,utilisation d'outils business intelligence (bi) - informatique decisionnelle,preferred,fr,ROME
SKL_5d3dab31f2f5,skill,Déploiement de services cloud (cloud computing),deploiement de services cloud (cloud computing),preferred,fr,ROME
SKL_c291ff76d232,skill,Technologies HADOOP,technologies hadoop,preferred,fr,ROME
SKL_8270c752a0eb,skill,Modèle informatique client-serveur,modele informatique client-serveur,preferred,fr,ROME
SKL_620351cb0f5e,skill,Cryptologie,cryptologie,preferred,fr,ROME
SKL_7e47b0091c05,skill,"Maîtrise d'un outil de gestion de flux (Kafka, Flink...)","maitrise d'un outil de gestion de flux (kafka, flink...)",preferred,fr,ROME
SKL_d4424b0b0c29,skill,Data engineer,data engineer,preferred,fr,ROME
SKL_047540ebfdf5,skill,Master mention méthodes informatiques appliquées à la gestion des entreprises (MIAGE),master mention methodes informatiques appliquees a la gestion des entreprises (miage),preferred,fr,ROME
SKL_1d8f39f9d7b6,skill,Mastère spécialisé expert big data engineer,mastere specialise expert big data engineer,preferred,fr,ROME
SKL_6dedbe6b3a65,skill,Gérer la sécurité informatique,gerer la securite informatique,preferred,fr,ROME
SKL_f0447871feee,skill,Sensibiliser un public,sensibiliser un public,preferred,fr,ROME
SKL_4c61c172ba2a,skill,Concevoir et animer une démarche d'innovation,concevoir et animer une demarche d'innovation,preferred,fr,ROME
SKL_5010ca9a9806,skill,Conduire des travaux d'études et de recherche,conduire des travaux d'etudes et de recherche,preferred,fr,ROME
SKL_2c77d41543fd,skill,Réaliser un audit technique,realiser un audit technique,preferred,fr,ROME
SKL_fee5650b61b9,skill,Communiquer à l'écrit de façon appropriée,communiquer a l'ecrit de facon appropriee,preferred,fr,ROME
SKL_dfb97e076fc4,skill,Faire preuve de pédagogie pour faciliter la compréhension,faire preuve de pedagogie pour faciliter la comprehension,preferred,fr,ROME
SKL_ba9c19552b0b,skill,Proposer des solutions innovantes pour résoudre des problèmes techniques,proposer des solutions innovantes pour resoudre des problemes techniques,preferred,fr,ROME
SKL_8696d65a8ae5,skill,Réagir face à l'imprévu et être force de proposition en cas de dysfonctionnement,reagir face a l'imprevu et etre force de proposition en cas de dysfonctionnement,preferred,fr,ROME
SKL_340b0a59fae1,skill,"Conseiller des produits, outils ou services aux clients en fonction de leurs besoins","conseiller des produits, outils ou services aux clients en fonction de leurs besoins",preferred,fr,ROME
SKL_959245df750e,skill,"Analyser les risques et les dysfonctionnements, les marges d'amélioration des systèmes de sécurité","analyser les risques et les dysfonctionnements, les marges d'amelioration des systemes de securite",preferred,fr,ROME
SKL_327c2c9cab44,skill,Analyser les besoins d'architecture fonctionnelle du SI et leurs impacts,analyser les besoins d'architecture fonctionnelle du si et leurs impacts,preferred,fr,ROME
SKL_8df19caa567d,skill,"Rédiger l'ensemble des documents d'un référentiel (politiques, procédures, normes...)","rediger l'ensemble des documents d'un referentiel (politiques, procedures, normes...)",preferred,fr,ROME
SKL_7e457a79bc4e,skill,"Inspirer, donner du sens","inspirer, donner du sens",preferred,fr,ROME
SKL_e4de52cd91a7,skill,Technologies informatiques,technologies informatiques,preferred,fr,ROME
SKL_55fe1e7e7aa9,skill,Administrateur de réseaux informatiques et sécurité des systèmes d'information et de communication,administrateur de reseaux informatiques et securite des systemes d'information et de communication,preferred,fr,ROME
SKL_430774c44ed5,skill,Expert en architectures systèmes-réseaux et en sécurité informatique,expert en architectures systemes-reseaux et en securite informatique,preferred,fr,ROME
SKL_b8d0c0440503,skill,"Ingénieur spécialisé en sécurité pour les systèmes informatiques et les communications, diplômé d'Eurecom","ingenieur specialise en securite pour les systemes informatiques et les communications, diplome d'eurecom",preferred,fr,ROME
SKL_aa5d7dfedd1a,skill,Responsable de la sécurité des systèmes d'information de santé (DU),responsable de la securite des systemes d'information de sante (du),preferred,fr,ROME
SKL_187fa2f342c2,skill,"Réaliser un prototype de la solution technique pour validation par le donneur d'ordres (configuration type, ...)","realiser un prototype de la solution technique pour validation par le donneur d'ordres (configuration type, ...)",preferred,fr,ROME
SKL_e62ff87ec434,skill,Réaliser la mise en production de solutions logicielles dans un environnement d'exploitation,realiser la mise en production de solutions logicielles dans un environnement d'exploitation,preferred,fr,ROME
SKL_41792681c988,skill,Conduire un projet de développement,conduire un projet de developpement,preferred,fr,ROME
SKL_fb5c2ee217d6,skill,"Paramétrer un logiciel, un outil, un système numérique","parametrer un logiciel, un outil, un systeme numerique",preferred,fr,ROME
SKL_0051f945c83d,skill,"Développer un logiciel, un système d'informations, une application","developper un logiciel, un systeme d'informations, une application",preferred,fr,ROME
SKL_806567b831c9,skill,Piloter la performance et la rentabilité d'une activité ou d'un projet,piloter la performance et la rentabilite d'une activite ou d'un projet,preferred,fr,ROME
SKL_b02389a26725,skill,Contrôler la réalisation et les coûts d'une prestation,controler la realisation et les couts d'une prestation,preferred,fr,ROME
SKL_a37e2fd19bba,skill,Faciliter et créer les conditions de la coopération,faciliter et creer les conditions de la cooperation,preferred,fr,ROME
SKL_d0a219729763,skill,Respecter la confidentialité des informations,respecter la confidentialite des informations,preferred,fr,ROME
SKL_027061890c7b,skill,"Anticiper des dangers, problèmes ou besoins matériels et techniques","anticiper des dangers, problemes ou besoins materiels et techniques",preferred,fr,ROME
SKL_8409b11ea437,skill,Définir et hiérarchiser les priorités en fonction des objectifs fixés,definir et hierarchiser les priorites en fonction des objectifs fixes,preferred,fr,ROME
SKL_f653d47edba5,skill,Piloter des évolutions ou des paramétrages à apporter aux composants,piloter des evolutions ou des parametrages a apporter aux composants,preferred,fr,ROME
SKL_7c40aef5fad5,skill,"Lire et interpréter des données et documents techniques, au besoin en anglais","lire et interpreter des donnees et documents techniques, au besoin en anglais",preferred,fr,ROME
SKL_0fced13c98ed,skill,Organiser l'activité de son secteur sur un horizon court terme,organiser l'activite de son secteur sur un horizon court terme,preferred,fr,ROME
SKL_0cd0d83fdf41,skill,Gérer la production de livrables,gerer la production de livrables,preferred,fr,ROME
SKL_65069e49e28b,skill,Faciliter l'accès aux technologies numériques,faciliter l'acces aux technologies numeriques,preferred,fr,ROME
SKL_72f630e49c3f,skill,Finance,finance,preferred,fr,ROME
SKL_a0fe378fd33f,skill,Architecture propriétaire,architecture proprietaire,preferred,fr,ROME
SKL_86eb59035a2d,skill,Cobol,cobol,preferred,fr,ROME
SKL_f045c03af786,skill,Fortran,fortran,preferred,fr,ROME
SKL_302f82589e90,skill,Visual Basic,visual basic,preferred,fr,ROME
SKL_62add866b915,skill,XML,xml,preferred,fr,ROME
SKL_478e03aa0ede,skill,Delphi,delphi,preferred,fr,ROME
SKL_4caa02e6ad70,skill,Gestion de la relation client (CRM),gestion de la relation client (crm),preferred,fr,ROME
SKL_6a54097ac4e9,skill,Echange de Données Informatisées (EDI),echange de donnees informatisees (edi),preferred,fr,ROME
SKL_425d4f4431d5,skill,Ruby,ruby,preferred,fr,ROME
SKL_6142502a4165,skill,"Anglais technique avancé, parlé, écrit","anglais technique avance, parle, ecrit",preferred,fr,ROME
SKL_5a6289a3798a,skill,Bachelor en sciences et ingénierie - Concepteur développeur programmation globale,bachelor en sciences et ingenierie - concepteur developpeur programmation globale,preferred,fr,ROME
SKL_d4df85bffdc7,skill,Maintenir une documentation précise et à jour,maintenir une documentation precise et a jour,preferred,fr,ROME
SKL_bf16e4a4c6bc,skill,"Transmettre une technique, un savoir-faire","transmettre une technique, un savoir-faire",preferred,fr,ROME
SKL_fa24ddbbb18f,skill,"Enseigner, développer des compétences","enseigner, developper des competences",preferred,fr,ROME
SKL_76864b50a4b0,skill,Assister les équipes lors de la réalisation de tâches complexes ou en cas de problèmes majeurs,assister les equipes lors de la realisation de taches complexes ou en cas de problemes majeurs,preferred,fr,ROME
SKL_cbf2fab6c4a0,skill,Faciliter la communication entre les membres de l'équipe,faciliter la communication entre les membres de l'equipe,preferred,fr,ROME
SKL_84ec68838042,skill,Optimiser les processus de développement logiciel,optimiser les processus de developpement logiciel,preferred,fr,ROME
SKL_cfe058a132af,skill,Encourager l'innovation au sein des équipes,encourager l'innovation au sein des equipes,preferred,fr,ROME
SKL_d439a2c6fa0f,skill,Assurer le suivi des sprints et des livrables,assurer le suivi des sprints et des livrables,preferred,fr,ROME
SKL_630e3751f220,skill,Promouvoir les bonnes pratiques de développement,promouvoir les bonnes pratiques de developpement,preferred,fr,ROME
SKL_5a13d4bd89dc,skill,Incorporer des retours d'expérience dans les processus,incorporer des retours d'experience dans les processus,preferred,fr,ROME
SKL_fab89c980563,skill,Conduire des réunions d'équipe pour motiver et informer,conduire des reunions d'equipe pour motiver et informer,preferred,fr,ROME
SKL_b41ed090d64e,skill,Système KANBAN,systeme kanban,preferred,fr,ROME
SKL_e442aae87d2c,skill,Gestion de projet,gestion de projet,preferred,fr,ROME
SKL_7b4001a98050,skill,Gestion des risques projet,gestion des risques projet,preferred,fr,ROME
SKL_3a5484afe878,skill,Analyse des besoins des clients,analyse des besoins des clients,preferred,fr,ROME
SKL_a9e7485dbcb1,skill,"Animation d'instances agiles (mêlée, démonstration, rétrospective, ...)","animation d'instances agiles (melee, demonstration, retrospective, ...)",preferred,fr,ROME
SKL_4922707f0c15,skill,Gestion du temps,gestion du temps,preferred,fr,ROME
SKL_570507029b95,skill,Communication interne,communication interne,preferred,fr,ROME
SKL_3d22123a1741,skill,Gestion d'équipe,gestion d'equipe,preferred,fr,ROME
SKL_99be5f152709,skill,Développement de logiciels,developpement de logiciels,preferred,fr,ROME
SKL_446bc4dae99e,skill,Gestion de la performance,gestion de la performance,preferred,fr,ROME
SKL_9e952d552211,skill,Planification de projet,planification de projet,preferred,fr,ROME
SKL_a6ea3a90f3af,skill,Rapport d'avancement,rapport d'avancement,preferred,fr,ROME
SKL_c8100e79de32,skill,Evaluation de projet,evaluation de projet,preferred,fr,ROME
SKL_cc69e9e24df6,skill,Gestion des stakeholders,gestion des stakeholders,preferred,fr,ROME
SKL_a9d9d4d373fe,skill,Créer une documentation technique,creer une documentation technique,preferred,fr,ROME
SKL_87cfeec65c32,skill,Analyser des résultats de tests et essais,analyser des resultats de tests et essais,preferred,fr,ROME
SKL_825e43ab7c2b,skill,Documenter les anomalies rencontrées lors des tests,documenter les anomalies rencontrees lors des tests,preferred,fr,ROME
SKL_81ccd0e7e9a5,skill,Collaborer avec les développeurs pour la correction des bugs,collaborer avec les developpeurs pour la correction des bugs,preferred,fr,ROME
SKL_55abdf50c8ca,skill,Evaluer les risques potentiels liés à une nouvelle version du logiciel,evaluer les risques potentiels lies a une nouvelle version du logiciel,preferred,fr,ROME
SKL_ab08ee4f41e4,skill,Mettre en place des outils de suivi de la qualité des tests,mettre en place des outils de suivi de la qualite des tests,preferred,fr,ROME
SKL_611988289e1a,skill,Former les utilisateurs aux nouvelles fonctionnalités testées,former les utilisateurs aux nouvelles fonctionnalites testees,preferred,fr,ROME
SKL_b4a5be4afaa1,skill,Optimiser les procédures de tests pour améliorer l'efficacité,optimiser les procedures de tests pour ameliorer l'efficacite,preferred,fr,ROME
SKL_eb9ce513e00d,skill,Rédiger des documents techniques en respectant les normes en vigueur,rediger des documents techniques en respectant les normes en vigueur,preferred,fr,ROME
SKL_aaeda41223eb,skill,Publication Assistée par Ordinateur (PAO),publication assistee par ordinateur (pao),preferred,fr,ROME
SKL_1a8fbc8e22ec,skill,Matériel de contrôle embarqué,materiel de controle embarque,preferred,fr,ROME
SKL_631e071a1452,skill,Développement de tests de sécurité automatisés,developpement de tests de securite automatises,preferred,fr,ROME
SKL_a8dff3527916,skill,Gestion de tests de performance,gestion de tests de performance,preferred,fr,ROME
SKL_87cd81fd6c06,skill,Optimisation de tests pour applications mobiles,optimisation de tests pour applications mobiles,preferred,fr,ROME
SKL_b07bbebf3f61,skill,Tests de compatibilité interplateforme,tests de compatibilite interplateforme,preferred,fr,ROME
SKL_df1be14e7445,skill,Analyse de couverture de code,analyse de couverture de code,preferred,fr,ROME
SKL_d0be7cf04435,skill,Tests de conformité aux standards,tests de conformite aux standards,preferred,fr,ROME
SKL_e97436c57905,skill,Gestion des cycles de vie des applications,gestion des cycles de vie des applications,preferred,fr,ROME
SKL_36000de3f747,skill,Tests de l'interface utilisateur,tests de l'interface utilisateur,preferred,fr,ROME
SKL_8a6b3f56c08c,skill,"Localiser la panne ou la défaillance par des contrôles, des tests et des mesures","localiser la panne ou la defaillance par des controles, des tests et des mesures",preferred,fr,ROME
SKL_40c19574fd53,skill,"Déployer et mettre en place les mesures palliatives en cas de situation perturbée (information voyageurs, transport de remplacement, sécurité du personnel, etc.)","deployer et mettre en place les mesures palliatives en cas de situation perturbee (information voyageurs, transport de remplacement, securite du personnel, etc.)",preferred,fr,ROME
SKL_683d4b0aa37c,skill,"Suivre l'évolution des matériels, analyser les incidents d'exploitation et instruire les actions correctives et préventives","suivre l'evolution des materiels, analyser les incidents d'exploitation et instruire les actions correctives et preventives",preferred,fr,ROME
SKL_891e15c465e5,skill,Configurer et paramétrer un équipement ou un système électronique,configurer et parametrer un equipement ou un systeme electronique,preferred,fr,ROME
SKL_76b841a0036d,skill,"Installer et mettre en service les matériels et les logiciels, en conformité avec les normes d'utilisation et les règles de sécurité électrique","installer et mettre en service les materiels et les logiciels, en conformite avec les normes d'utilisation et les regles de securite electrique",preferred,fr,ROME
SKL_2a8e4ba31c46,skill,Gérer les incidents et les problèmes techniques,gerer les incidents et les problemes techniques,preferred,fr,ROME
SKL_731536a1bbe4,skill,Respecter des protocoles de traitement informatique de données,respecter des protocoles de traitement informatique de donnees,preferred,fr,ROME
SKL_72177191b482,skill,Réaliser les essais de fonctionnement,realiser les essais de fonctionnement,preferred,fr,ROME
SKL_e3e66ef30fdd,skill,Etablir un rapport d'accident et d'incident,etablir un rapport d'accident et d'incident,preferred,fr,ROME
SKL_3bc36a170308,skill,Vérifier la qualité et la propreté d'équipements ou de matériels,verifier la qualite et la proprete d'equipements ou de materiels,preferred,fr,ROME
SKL_ce03df2f7888,skill,Mener un diagnostic ou un test/essai technique,mener un diagnostic ou un test/essai technique,preferred,fr,ROME
SKL_faaa8f4f46cd,skill,"Renseigner et tenir à jour des outils de suivi de l'activité (tableaux de bord de production, relevés d'incidents, qualité...)","renseigner et tenir a jour des outils de suivi de l'activite (tableaux de bord de production, releves d'incidents, qualite...)",preferred,fr,ROME
SKL_abea55410a0a,skill,Définir et mettre en oeuvre des solutions techniques de mesure pour remonter à la cause racine d'un dysfonctionnement,definir et mettre en oeuvre des solutions techniques de mesure pour remonter a la cause racine d'un dysfonctionnement,preferred,fr,ROME
SKL_8f47ed101338,skill,Etablir des rapports d'intervention,etablir des rapports d'intervention,preferred,fr,ROME
SKL_8cd1627c9e28,skill,Communiquer efficacement les résultats obtenus,communiquer efficacement les resultats obtenus,preferred,fr,ROME
SKL_a1f34d955cda,skill,"Ouvrir, suivre et clôturer un ticket (rapport d'intervention)","ouvrir, suivre et cloturer un ticket (rapport d'intervention)",preferred,fr,ROME
SKL_d2b74271eef0,skill,Surveiller le fonctionnement de réseaux informatiques et télécom,surveiller le fonctionnement de reseaux informatiques et telecom,preferred,fr,ROME
SKL_cc5438ca3b1b,skill,Respecter une politique de sécurité de l'information,respecter une politique de securite de l'information,preferred,fr,ROME
SKL_64cf9f8bf38f,skill,Respecter les règles de sécurité,respecter les regles de securite,preferred,fr,ROME
SKL_961ac940b005,skill,Déployer des réseaux informatiques,deployer des reseaux informatiques,preferred,fr,ROME
SKL_ddc1a44203f9,skill,"Identifier les risques de pannes, d'incidents ou d'accidents","identifier les risques de pannes, d'incidents ou d'accidents",preferred,fr,ROME
SKL_4aedce1ad2f3,skill,Diagnostiquer à distance un dysfonctionnement informatique matériel ou logiciel,diagnostiquer a distance un dysfonctionnement informatique materiel ou logiciel,preferred,fr,ROME
SKL_187b635a345f,skill,Installer ou configurer un serveur réseau,installer ou configurer un serveur reseau,preferred,fr,ROME
SKL_6934f723c339,skill,Mettre le réseau informatique en service et contrôler l'installation,mettre le reseau informatique en service et controler l'installation,preferred,fr,ROME
SKL_a727303cb297,skill,Rédiger des rapports de test,rediger des rapports de test,preferred,fr,ROME
SKL_394323d3ab3a,skill,Techniques de tirage de câble,techniques de tirage de cable,preferred,fr,ROME
SKL_85a894cb6640,skill,"Architecture de réseaux (OSI, TCP/IP...)","architecture de reseaux (osi, tcp/ip...)",preferred,fr,ROME
SKL_9b50ed023c49,skill,Informatique répartie (distributed computing),informatique repartie (distributed computing),preferred,fr,ROME
SKL_df204adf500a,skill,Principes d'intégration de matériels et de logiciels,principes d'integration de materiels et de logiciels,preferred,fr,ROME
SKL_5d438c97ce8d,skill,Technologies et protocoles réseaux,technologies et protocoles reseaux,preferred,fr,ROME
SKL_489e3c255fc9,skill,Systèmes de stockage SAN/NAS,systemes de stockage san/nas,preferred,fr,ROME
SKL_49c0daf85a95,skill,Maintenance préventive des équipements réseau,maintenance preventive des equipements reseau,preferred,fr,ROME
SKL_d9114c1416d1,skill,Utilisation de logiciels de gestion réseau,utilisation de logiciels de gestion reseau,preferred,fr,ROME
SKL_c0b604bc90f6,skill,Connaissance des normes ISO/IEC en réseau,connaissance des normes iso/iec en reseau,preferred,fr,ROME
SKL_b7df63cba176,skill,Application des procédures de sauvegarde,application des procedures de sauvegarde,preferred,fr,ROME
SKL_5b6d2e1ae709,skill,Systèmes de refroidissement des Datacenter,systemes de refroidissement des datacenter,preferred,fr,ROME
SKL_eed02e9d9593,skill,Protocoles IP,protocoles ip,preferred,fr,ROME
SKL_00fe7a40ad23,skill,BUT spécialité réseaux & télécommunications parcours réseaux opérateurs et multimédia,but specialite reseaux & telecommunications parcours reseaux operateurs et multimedia,preferred,fr,ROME
SKL_cbd30171634c,skill,DUT réseaux et télécommunications,dut reseaux et telecommunications,preferred,fr,ROME
SKL_3de5e7aca9e4,skill,Mastère spécialisé management des systèmes d'information en réseaux,mastere specialise management des systemes d'information en reseaux,preferred,fr,ROME
SKL_8ef490fa2469,skill,Mastère spécialisé réseaux et services,mastere specialise reseaux et services,preferred,fr,ROME
SKL_65dd4161da47,skill,Licence pro mention métiers des réseaux informatiques et télécommunications,licence pro mention metiers des reseaux informatiques et telecommunications,preferred,fr,ROME
SKL_b523fb9f3ac3,skill,Mastère spécialisé architecte réseaux et cybersécurité,mastere specialise architecte reseaux et cybersecurite,preferred,fr,ROME
SKL_b7e130e10392,skill,"Mastère spécialisé conception, architecture de réseaux et cybersécurité","mastere specialise conception, architecture de reseaux et cybersecurite",preferred,fr,ROME
SKL_446dc6811594,skill,"Mastère spécialisé informatique : systèmes d'information, télécommunications et réseaux","mastere specialise informatique : systemes d'information, telecommunications et reseaux",preferred,fr,ROME
SKL_399c1fd9e7f9,skill,Mastère spécialisé ingénierie des systèmes informatiques communicants,mastere specialise ingenierie des systemes informatiques communicants,preferred,fr,ROME
SKL_d97a4e479b45,skill,Définir des procédures de traitement et de sécurisation,definir des procedures de traitement et de securisation,preferred,fr,ROME
SKL_d635613f68a3,skill,Piloter la gestion des risques,piloter la gestion des risques,preferred,fr,ROME
SKL_3ff481839903,skill,Veiller au respect des normes de sécurité,veiller au respect des normes de securite,preferred,fr,ROME
SKL_939c8b26da61,skill,Configurer des pare-feu et des systèmes de détection d'intrusions,configurer des pare-feu et des systemes de detection d'intrusions,preferred,fr,ROME
SKL_d55681297133,skill,Surveiller les tentatives d'accès non autorisées et les alertes de sécurité,surveiller les tentatives d'acces non autorisees et les alertes de securite,preferred,fr,ROME
SKL_15add22b3bfb,skill,Former les utilisateurs aux bonnes pratiques de sécurité informatique,former les utilisateurs aux bonnes pratiques de securite informatique,preferred,fr,ROME
SKL_0b20845040be,skill,"Documenter les procédures de sécurité, ainsi que les incidents","documenter les procedures de securite, ainsi que les incidents",preferred,fr,ROME
SKL_aae34b8642d7,skill,Collaborer avec les équipes techniques pour améliorer la sécurité,collaborer avec les equipes techniques pour ameliorer la securite,preferred,fr,ROME
SKL_12a6c18ff2d1,skill,Communiquer efficacement les mises à jour de sécurité aux équipes concernées,communiquer efficacement les mises a jour de securite aux equipes concernees,preferred,fr,ROME
SKL_995e81b46ae3,skill,Argumenter en faveur de l'adoption de nouvelles technologies de sécurité,argumenter en faveur de l'adoption de nouvelles technologies de securite,preferred,fr,ROME
SKL_68c28f2d8989,skill,Construire un plan de récupération après sinistre pour les serveurs,construire un plan de recuperation apres sinistre pour les serveurs,preferred,fr,ROME
SKL_e71b07dddb8d,skill,Normes de sécurité,normes de securite,preferred,fr,ROME
SKL_4548a780c7aa,skill,Logiciels d'interface (middleware),logiciels d'interface (middleware),preferred,fr,ROME
SKL_0cc2e1d691c5,skill,Système d'exploitation Unix,systeme d'exploitation unix,preferred,fr,ROME
SKL_00e84e920c27,skill,Système d'exploitation Solaris,systeme d'exploitation solaris,preferred,fr,ROME
SKL_14f6f5645aef,skill,Système d'exploitation Windows,systeme d'exploitation windows,preferred,fr,ROME
SKL_418613577f40,skill,Système d'exploitation MacOS,systeme d'exploitation macos,preferred,fr,ROME
SKL_c557393b6950,skill,Infogérance / télémaintenance,infogerance / telemaintenance,preferred,fr,ROME
SKL_e3a888001dd7,skill,Normes qualité,normes qualite,preferred,fr,ROME
SKL_708b3052e69f,skill,Système d'exploitation informatique VMWare (virtualisation d'architecture),systeme d'exploitation informatique vmware (virtualisation d'architecture),preferred,fr,ROME
SKL_6edbe118d445,skill,Système d'exploitation informatique Android,systeme d'exploitation informatique android,preferred,fr,ROME
SKL_8c6f6c24537d,skill,Règles de traitement des opérations bancaires,regles de traitement des operations bancaires,preferred,fr,ROME
SKL_974cd19abf42,skill,Sécurité des systèmes embarqués,securite des systemes embarques,preferred,fr,ROME
SKL_980084a22d28,skill,Analyse de risque,analyse de risque,preferred,fr,ROME
SKL_c8a4e44cfa72,skill,Systèmes de gestion de base de données,systemes de gestion de base de donnees,preferred,fr,ROME
SKL_3266d6306950,skill,Cryptographie,cryptographie,preferred,fr,ROME
SKL_5285dbd60dfb,skill,Sécurité des réseaux,securite des reseaux,preferred,fr,ROME
SKL_992046e84443,skill,Développement sécurisé de logiciels,developpement securise de logiciels,preferred,fr,ROME
SKL_24b147973cec,skill,Formation en sécurité informatique,formation en securite informatique,preferred,fr,ROME
SKL_294bd65d4f75,skill,Sécurité des applications et des communications mobiles,securite des applications et des communications mobiles,preferred,fr,ROME
SKL_3301094f1e7f,skill,Certificat de compétence analyste en cybersécurité,certificat de competence analyste en cybersecurite,preferred,fr,ROME
SKL_5e55a26ad700,skill,Certificat professionnel technicien de maintenance micro réseaux et internet spécialisation cybersécurité des PME,certificat professionnel technicien de maintenance micro reseaux et internet specialisation cybersecurite des pme,preferred,fr,ROME
SKL_b7255e45b639,skill,Mastère spécialisé cybersécurité,mastere specialise cybersecurite,preferred,fr,ROME
SKL_076566a33c6b,skill,Mastère spécialisé cybersécurité et cyberdéfense,mastere specialise cybersecurite et cyberdefense,preferred,fr,ROME
SKL_5bb2b6482d7f,skill,Mastère spécialisé sécurité informatique,mastere specialise securite informatique,preferred,fr,ROME
SKL_1ed790bfb269,skill,Assembler des composants logiciels,assembler des composants logiciels,preferred,fr,ROME
SKL_d36131e09b6b,skill,Promouvoir une culture d'amélioration continue au sein de l'équipe,promouvoir une culture d'amelioration continue au sein de l'equipe,preferred,fr,ROME
SKL_fd69698b8a9e,skill,Intégrer les normes réglementaires et standards internationaux,integrer les normes reglementaires et standards internationaux,preferred,fr,ROME
SKL_14eb800d98bc,skill,Analyser les besoins des utilisateurs pour la création de logiciels,analyser les besoins des utilisateurs pour la creation de logiciels,preferred,fr,ROME
SKL_bd4138930922,skill,Gérer les versions de logiciels et leur compatibilité,gerer les versions de logiciels et leur compatibilite,preferred,fr,ROME
SKL_5b5510c4960e,skill,Documenter les procédures de développement et d'exploitation,documenter les procedures de developpement et d'exploitation,preferred,fr,ROME
SKL_28059a524dde,skill,Evaluer les risques liés à la sécurité des systèmes d'information,evaluer les risques lies a la securite des systemes d'information,preferred,fr,ROME
SKL_25ef7b218e38,skill,Améliorer l'efficacité des équipes de développement par des outils adaptés,ameliorer l'efficacite des equipes de developpement par des outils adaptes,preferred,fr,ROME
SKL_eeb48786123f,skill,Faciliter la collaboration interdisciplinaire dans les projets de développement,faciliter la collaboration interdisciplinaire dans les projets de developpement,preferred,fr,ROME
SKL_8965ed2badce,skill,Tester et valider les fonctionnalités du logiciel,tester et valider les fonctionnalites du logiciel,preferred,fr,ROME
SKL_35d6e6bf582e,skill,Faciliter la communication entre les équipes,faciliter la communication entre les equipes,preferred,fr,ROME
SKL_d3e1c4712d0b,skill,Faciliter l'adoption de nouvelles technologies,faciliter l'adoption de nouvelles technologies,preferred,fr,ROME
SKL_65adea83accf,skill,Formalisation de processus de gestion,formalisation de processus de gestion,preferred,fr,ROME
SKL_5091435f5672,skill,Assurance Qualité Logicielle (AQL),assurance qualite logicielle (aql),preferred,fr,ROME
SKL_de3253ef7b8f,skill,Conception de bases de données,conception de bases de donnees,preferred,fr,ROME
SKL_3b8bf0f38532,skill,Optimisation de code pour systèmes embarqués,optimisation de code pour systemes embarques,preferred,fr,ROME
SKL_f9bd999af7bc,skill,Développement front-end et back-end,developpement front-end et back-end,preferred,fr,ROME
SKL_92c1ca01d72a,skill,Réaliser des audits de sécurité périodiques,realiser des audits de securite periodiques,preferred,fr,ROME
SKL_626d6f9f79bc,skill,Rédiger des rapports de sécurité,rediger des rapports de securite,preferred,fr,ROME
SKL_2e8f1205560d,skill,S'assurer du respect des règles de cybersécurité,s'assurer du respect des regles de cybersecurite,preferred,fr,ROME
SKL_46dac2e7588c,skill,"Définir ou faire évoluer les mesures et les normes de sécurité (charte), en cohérence avec la nature de l'activité de l'entreprise et son exposition aux risques informatiques","definir ou faire evoluer les mesures et les normes de securite (charte), en coherence avec la nature de l'activite de l'entreprise et son exposition aux risques informatiques",preferred,fr,ROME
SKL_213717a7367d,skill,Respecter les normes de sécurité et de confidentialité des données,respecter les normes de securite et de confidentialite des donnees,preferred,fr,ROME
SKL_6d2d4a476435,skill,Analyser les besoins de sécurité pour les sites web,analyser les besoins de securite pour les sites web,preferred,fr,ROME
SKL_6855663c939b,skill,Surveiller la sécurité des systèmes de messagerie pour prévenir les intrusions,surveiller la securite des systemes de messagerie pour prevenir les intrusions,preferred,fr,ROME
SKL_f06801f91492,skill,Réaliser des audits de sécurité des infrastructures cloud,realiser des audits de securite des infrastructures cloud,preferred,fr,ROME
SKL_c1cc91d24b17,skill,Assurer la mise à jour des logiciels de systèmes de sécurité,assurer la mise a jour des logiciels de systemes de securite,preferred,fr,ROME
SKL_ecf2ac45fae7,skill,Identifier les besoins en logiciel de sécurité,identifier les besoins en logiciel de securite,preferred,fr,ROME
SKL_5fe31a22717f,skill,Sensibiliser à la sécurité informatique,sensibiliser a la securite informatique,preferred,fr,ROME
SKL_aa6974aef860,skill,Implémenter des solutions de cybersécurité adaptées,implementer des solutions de cybersecurite adaptees,preferred,fr,ROME
SKL_f1dfae690c45,skill,Faire preuve de sens des responsabilités,faire preuve de sens des responsabilites,preferred,fr,ROME
SKL_e82299eb3241,skill,Faire preuve de réactivité,faire preuve de reactivite,preferred,fr,ROME
SKL_20a55c356a2d,skill,Veille technologique en sécurité informatique,veille technologique en securite informatique,preferred,fr,ROME
SKL_2a3eea5b4789,skill,Analyse de risques en sécurité informatique,analyse de risques en securite informatique,preferred,fr,ROME
SKL_46dd50ba3a2c,skill,Sécurité des systèmes d'exploitation,securite des systemes d'exploitation,preferred,fr,ROME
SKL_ebe032744cc4,skill,Mise à jour des systèmes de sécurité réseau,mise a jour des systemes de securite reseau,preferred,fr,ROME
SKL_7f88dcf2dce8,skill,Sécurité des applications,securite des applications,preferred,fr,ROME
SKL_030579ae0fb1,skill,Evaluation de risques sécurité Informatique et Télécoms,evaluation de risques securite informatique et telecoms,preferred,fr,ROME
SKL_2cc908b9b233,skill,Techniques de cybersécurité,techniques de cybersecurite,preferred,fr,ROME
SKL_6ff43f7f7296,skill,Règles de cybersécurité,regles de cybersecurite,preferred,fr,ROME
SKL_ad992e9e382d,skill,BUT spécialité réseaux & télécommunications parcours cybersécurité,but specialite reseaux & telecommunications parcours cybersecurite,preferred,fr,ROME
SKL_93f5b2ed9e1f,skill,Technicien veilleur de cybersécurité,technicien veilleur de cybersecurite,preferred,fr,ROME
SKL_75e1ccbaabc5,skill,Technicien systèmes réseaux et sécurité,technicien systemes reseaux et securite,preferred,fr,ROME
SKL_0f63390b7494,skill,Opérateur en cybersécurité,operateur en cybersecurite,preferred,fr,ROME
SKL_f31f32b08abb,skill,Assurer le suivi technique et commercial après-vente,assurer le suivi technique et commercial apres-vente,preferred,fr,ROME
SKL_bbf17c94fa00,skill,"Conseiller une organisation, une structure","conseiller une organisation, une structure",preferred,fr,ROME
SKL_709aa19dcfeb,skill,Elaborer des actions ou des règles de prévention,elaborer des actions ou des regles de prevention,preferred,fr,ROME
SKL_552960467971,skill,Contrôler la conformité des données,controler la conformite des donnees,preferred,fr,ROME
SKL_beb20553336d,skill,Présenter et valoriser un produit ou un service,presenter et valoriser un produit ou un service,preferred,fr,ROME
SKL_78892952f102,skill,Ecrire une ou plusieurs langues étrangères,ecrire une ou plusieurs langues etrangeres,preferred,fr,ROME
SKL_26685168fe70,skill,Parler une ou plusieurs langues étrangères,parler une ou plusieurs langues etrangeres,preferred,fr,ROME
SKL_5f73c752fc6b,skill,Proposer des solutions pour optimiser la sécurité des systèmes,proposer des solutions pour optimiser la securite des systemes,preferred,fr,ROME
SKL_711526199d10,skill,Assurer la conformité des pratiques de développement,assurer la conformite des pratiques de developpement,preferred,fr,ROME
SKL_6f67ebe69e97,skill,Documenter les procédures de qualité et de sécurité,documenter les procedures de qualite et de securite,preferred,fr,ROME
SKL_28b4bb8010e0,skill,Respecter les normes de qualité dans le développement de logiciels,respecter les normes de qualite dans le developpement de logiciels,preferred,fr,ROME
SKL_87f4b37e82b5,skill,Mettre en place des indicateurs de performance pour le suivi qualité,mettre en place des indicateurs de performance pour le suivi qualite,preferred,fr,ROME
SKL_299964d3e87d,skill,Micro-informatique,micro-informatique,preferred,fr,ROME
SKL_8142a0b9cf2a,skill,Gestion de la maintenance,gestion de la maintenance,preferred,fr,ROME
SKL_f66038d41171,skill,Génie logiciel,genie logiciel,preferred,fr,ROME
SKL_67231f4560ec,skill,Utilisation de frameworks de test,utilisation de frameworks de test,preferred,fr,ROME
SKL_a257c47acf15,skill,Maîtrise des processus d'intégration continue,maitrise des processus d'integration continue,preferred,fr,ROME
SKL_259857ffc6d6,skill,Connaissance approfondie des API,connaissance approfondie des api,preferred,fr,ROME
SKL_90c60484e58d,skill,Tests unitaires et d'intégration,tests unitaires et d'integration,preferred,fr,ROME
SKL_02fc7db2489f,skill,Connaissance des principes DevOps,connaissance des principes devops,preferred,fr,ROME
SKL_3550790ab3e8,skill,Connaissance des systèmes de versioning,connaissance des systemes de versioning,preferred,fr,ROME
SKL_693fe116fbb2,skill,Analyse et résolution de bugs,analyse et resolution de bugs,preferred,fr,ROME
SKL_48be108b977a,skill,Maîtriser la qualité d'un développement logiciel,maitriser la qualite d'un developpement logiciel,preferred,fr,ROME
SKL_b185344fa059,skill,Réaliser un diagnostic technique,realiser un diagnostic technique,preferred,fr,ROME
SKL_887c14547452,skill,Evaluer une situation à risques,evaluer une situation a risques,preferred,fr,ROME
SKL_1a22a92e3226,skill,"Mettre en place une blockchain (protocoles, consensus etc.)","mettre en place une blockchain (protocoles, consensus etc.)",preferred,fr,ROME
SKL_e7aff90b0220,skill,Analyser les indicateurs pertinents sur les tendances et les usages des clients,analyser les indicateurs pertinents sur les tendances et les usages des clients,preferred,fr,ROME
SKL_b72599497697,skill,Vérifier la compatibilité des développements produits avec les spécifications,verifier la compatibilite des developpements produits avec les specifications,preferred,fr,ROME
SKL_d449dd863e2e,skill,Documenter les procédures d'installation et de configuration,documenter les procedures d'installation et de configuration,preferred,fr,ROME
SKL_ac251a5dda5c,skill,Algorithmique,algorithmique,preferred,fr,ROME
SKL_1e57a251254b,skill,Optimisation de performances,optimisation de performances,preferred,fr,ROME
SKL_be7c08708c89,skill,Gestion de versions de logiciels,gestion de versions de logiciels,preferred,fr,ROME
SKL_5a3e68d4a5e5,skill,Réaliser une analyse ou modélisation statistique de données,realiser une analyse ou modelisation statistique de donnees,preferred,fr,ROME
SKL_38c526e24c6f,skill,"Concevoir et faire évoluer un modèle, un prototype","concevoir et faire evoluer un modele, un prototype",preferred,fr,ROME
SKL_eaaced0ab14b,skill,Définir et mettre en oeuvre des protocoles de sécurité,definir et mettre en oeuvre des protocoles de securite,preferred,fr,ROME
SKL_c124909bc76c,skill,Exploiter des solutions de Data Science ou d'Intelligence Artificielle,exploiter des solutions de data science ou d'intelligence artificielle,preferred,fr,ROME
SKL_e63993a7e996,skill,Intégrer la maquette numérique,integrer la maquette numerique,preferred,fr,ROME
SKL_d7e9995d9387,skill,Intégrer le jumeau numérique aux processus industriels,integrer le jumeau numerique aux processus industriels,preferred,fr,ROME
SKL_9cdc3c6bcc7b,skill,Concevoir des architectures réseau pour l'IoT,concevoir des architectures reseau pour l'iot,preferred,fr,ROME
SKL_e52e2c1086fc,skill,Réaliser ou superviser les interventions de maintenance préventive et corrective,realiser ou superviser les interventions de maintenance preventive et corrective,preferred,fr,ROME
SKL_3518e03d7d80,skill,Implémenter des technologies de réalité augmentée,implementer des technologies de realite augmentee,preferred,fr,ROME
SKL_1ef3a1e53886,skill,Optimiser les processus de collaboration,optimiser les processus de collaboration,preferred,fr,ROME
SKL_b859911c2df4,skill,Scénariser un impact environnemental,scenariser un impact environnemental,preferred,fr,ROME
SKL_ecde7a426c59,skill,Analyser les besoins pour la création d'un jumeau numérique,analyser les besoins pour la creation d'un jumeau numerique,preferred,fr,ROME
SKL_80227c0e5820,skill,Collaborer avec des équipes interdisciplinaires pour des projets numériques,collaborer avec des equipes interdisciplinaires pour des projets numeriques,preferred,fr,ROME
SKL_3d38baaaa1ef,skill,Construire des stratégies de déploiement pour jumeaux numériques,construire des strategies de deploiement pour jumeaux numeriques,preferred,fr,ROME
SKL_a44f7041fbe8,skill,Modélisation 3D,modelisation 3d,preferred,fr,ROME
SKL_1b3116521066,skill,Programme de recherche et développement,programme de recherche et developpement,preferred,fr,ROME
SKL_845fe247d4a5,skill,Utilisation de logiciels spécialisés,utilisation de logiciels specialises,preferred,fr,ROME
SKL_535e3a11b904,skill,Evaluation des impacts environnementaux,evaluation des impacts environnementaux,preferred,fr,ROME
SKL_e294df1cb51c,skill,Sécurité des données,securite des donnees,preferred,fr,ROME
SKL_1284530b6787,skill,Pratiques de maintenance préventive,pratiques de maintenance preventive,preferred,fr,ROME
SKL_8fe370b04509,skill,Visualisation de données,visualisation de donnees,preferred,fr,ROME
SKL_48150301fdf9,skill,Analyse des coûts,analyse des couts,preferred,fr,ROME
SKL_464d5394f025,skill,Construire des relations professionnelles durables avec les clients et les fournisseurs,construire des relations professionnelles durables avec les clients et les fournisseurs,preferred,fr,ROME
SKL_fa3a74adf949,skill,Communiquer efficacement les spécifications techniques,communiquer efficacement les specifications techniques,preferred,fr,ROME
SKL_35fc3727f08e,skill,Optimiser une activité commerciale,optimiser une activite commerciale,preferred,fr,ROME
SKL_96955a8372cb,skill,Conseiller dans le cadre d'une relation commerciale,conseiller dans le cadre d'une relation commerciale,preferred,fr,ROME
SKL_76d40b05b990,skill,Analyser les besoins des clients pour proposer des services adaptés,analyser les besoins des clients pour proposer des services adaptes,preferred,fr,ROME
SKL_7011b11daa27,skill,Négocier les termes des contrats avec les clients,negocier les termes des contrats avec les clients,preferred,fr,ROME
SKL_640cee18eb99,skill,Présenter les avantages techniques et commerciaux des produits,presenter les avantages techniques et commerciaux des produits,preferred,fr,ROME
SKL_b336a0218179,skill,Collaborer avec les équipes de développement pour ajuster les offres,collaborer avec les equipes de developpement pour ajuster les offres,preferred,fr,ROME
SKL_ffd2419c6e73,skill,Agir proactivement face aux objections des clients,agir proactivement face aux objections des clients,preferred,fr,ROME
SKL_adcbe0d0302a,skill,Développer des stratégies de vente innovantes,developper des strategies de vente innovantes,preferred,fr,ROME
SKL_6534aa39517a,skill,Evaluer régulièrement les performances des produits vendus,evaluer regulierement les performances des produits vendus,preferred,fr,ROME
SKL_266751dd8cf2,skill,Techniques de résolution de problèmes,techniques de resolution de problemes,preferred,fr,ROME
SKL_52fea5d9228e,skill,Adaptabilité aux nouvelles technologies,adaptabilite aux nouvelles technologies,preferred,fr,ROME
SKL_0019b963eb25,skill,Techniques de persuasion,techniques de persuasion,preferred,fr,ROME
SKL_33010a74b590,skill,Connaissance des solutions IT,connaissance des solutions it,preferred,fr,ROME
SKL_1669a3910bcd,skill,Compréhension des besoins clients,comprehension des besoins clients,preferred,fr,ROME
SKL_1bd07a7838d6,skill,Capacité à présenter des produits techniques,capacite a presenter des produits techniques,preferred,fr,ROME
SKL_da14d894b368,skill,Aptitude à la négociation commerciale,aptitude a la negociation commerciale,preferred,fr,ROME
SKL_2d9625e580f7,skill,Connaissance des logiciels CRM,connaissance des logiciels crm,preferred,fr,ROME
SKL_7b2c3e31d343,skill,Planification stratégique des ventes,planification strategique des ventes,preferred,fr,ROME
SKL_da2fd50c59f6,skill,Connaissance des tendances du marché IT,connaissance des tendances du marche it,preferred,fr,ROME
SKL_a72b6470c47f,skill,Utilisation d'outils d'analyse de marché,utilisation d'outils d'analyse de marche,preferred,fr,ROME
SKL_6a7ab4cbdd43,skill,Formation continue sur les nouvelles technologies,formation continue sur les nouvelles technologies,preferred,fr,ROME
SKL_98c6fb860b46,skill,Master mention management et commerce international,master mention management et commerce international,preferred,fr,ROME
SKL_3eb1fa014dc3,skill,Master mention langues et commerce international,master mention langues et commerce international,preferred,fr,ROME
SKL_6302dacf0d75,skill,Magistère informatique,magistere informatique,preferred,fr,ROME
SKL_e93d5c72d23d,skill,Manager en ingénierie informatique,manager en ingenierie informatique,preferred,fr,ROME
SKL_f9ba4278314c,skill,Mastère spécialisé management de projet et ingénierie système,mastere specialise management de projet et ingenierie systeme,preferred,fr,ROME
SKL_69c1d3d6dc1b,skill,Techniques de vente,techniques de vente,preferred,fr,ROME
SKL_3551a67e9b82,skill,Respecter les délais de livraison des projets informatiques,respecter les delais de livraison des projets informatiques,preferred,fr,ROME
SKL_b63e86e36d9e,skill,Former les utilisateurs aux outils de Business Intelligence,former les utilisateurs aux outils de business intelligence,preferred,fr,ROME
SKL_661d6efca0df,skill,Gérer la sécurité des données dans les projets BI,gerer la securite des donnees dans les projets bi,preferred,fr,ROME
SKL_a88c2415dadd,skill,Analyse de données expérimentales,analyse de donnees experimentales,preferred,fr,ROME
SKL_85fae402b01b,skill,Systèmes automatisés,systemes automatises,preferred,fr,ROME
SKL_6152d3964932,skill,Application des méthodes de machine learning dans BI,application des methodes de machine learning dans bi,preferred,fr,ROME
SKL_ac053b07fd83,skill,Techniques d'exploration de données (data mining),techniques d'exploration de donnees (data mining),preferred,fr,ROME
SKL_2200ceeb1aad,skill,Documentation technique des équipements,documentation technique des equipements,preferred,fr,ROME
SKL_6483b2b94aaa,skill,Intégration de données provenant de diverses sources,integration de donnees provenant de diverses sources,preferred,fr,ROME
SKL_abab59427b62,skill,Développement de scripts pour l'automatisation des processus,developpement de scripts pour l'automatisation des processus,preferred,fr,ROME
SKL_920c484dd151,skill,Optimisation de la performance des systèmes BI,optimisation de la performance des systemes bi,preferred,fr,ROME
SKL_a07762af9748,skill,Maintenance et mise à jour des solutions BI existantes,maintenance et mise a jour des solutions bi existantes,preferred,fr,ROME
SKL_89abf35204f9,skill,Analyse des besoins des utilisateurs pour les solutions BI,analyse des besoins des utilisateurs pour les solutions bi,preferred,fr,ROME
SKL_c1fb11c6a4b5,skill,Licence mention informatique,licence mention informatique,preferred,fr,ROME
SKL_8ac245c608a5,skill,"Licence mention informatique, mathématiques","licence mention informatique, mathematiques",preferred,fr,ROME
SKL_66473c44d2cc,skill,Elaborer des solutions techniques et fonctionnelles,elaborer des solutions techniques et fonctionnelles,preferred,fr,ROME
SKL_898a33c1f268,skill,Assurer le suivi des projets en cours,assurer le suivi des projets en cours,preferred,fr,ROME
SKL_b7f026f2b45a,skill,Assurer le respect des normes de qualité,assurer le respect des normes de qualite,preferred,fr,ROME
SKL_7e8ccf9cfd22,skill,Promouvoir les pratiques de développement durable dans la production,promouvoir les pratiques de developpement durable dans la production,preferred,fr,ROME
SKL_2a510895dde4,skill,Assurer la formation technique des équipes,assurer la formation technique des equipes,preferred,fr,ROME
SKL_ec1207b4b926,skill,Gérer les conflits internes,gerer les conflits internes,preferred,fr,ROME
SKL_c8cf7943e219,skill,Analyser les retours d'expérience pour améliorer les processus,analyser les retours d'experience pour ameliorer les processus,preferred,fr,ROME
SKL_d27ff0b6641b,skill,Optimiser les processus de travail pour améliorer l'efficacité,optimiser les processus de travail pour ameliorer l'efficacite,preferred,fr,ROME
SKL_d1e108fc0aa0,skill,Gérer les ressources matérielles et logicielles nécessaires,gerer les ressources materielles et logicielles necessaires,preferred,fr,ROME
SKL_49cf4d6a8518,skill,Communiquer clairement les objectifs de production,communiquer clairement les objectifs de production,preferred,fr,ROME
SKL_e4986171917d,skill,Assurer la conformité des projets avec les spécifications initiales,assurer la conformite des projets avec les specifications initiales,preferred,fr,ROME
SKL_93d25ec7d4e1,skill,Maintenir une documentation détaillée sur les projets,maintenir une documentation detaillee sur les projets,preferred,fr,ROME
SKL_ed5087711c1e,skill,Evaluer les performances des équipes de production,evaluer les performances des equipes de production,preferred,fr,ROME
SKL_34d81d7ac96a,skill,Veiller à la sécurité des données lors des échanges,veiller a la securite des donnees lors des echanges,preferred,fr,ROME
SKL_54b1fec5c39f,skill,Promouvoir l'utilisation de technologies émergentes,promouvoir l'utilisation de technologies emergentes,preferred,fr,ROME
SKL_d8a77f14e5a1,skill,Faciliter la communication interdépartementale,faciliter la communication interdepartementale,preferred,fr,ROME
SKL_bde4e39dfe81,skill,Optimiser l'utilisation des ressources numériques,optimiser l'utilisation des ressources numeriques,preferred,fr,ROME
SKL_e46f9769f157,skill,Développer des stratégies de marketing digital,developper des strategies de marketing digital,preferred,fr,ROME
SKL_61fd68177589,skill,Assurer la coordination entre les équipes techniques et créatives,assurer la coordination entre les equipes techniques et creatives,preferred,fr,ROME
SKL_d1492a9790a1,skill,Evaluer les risques liés aux nouveaux projets d'innovation,evaluer les risques lies aux nouveaux projets d'innovation,preferred,fr,ROME
SKL_51fe25b35ea1,skill,Veille technologique,veille technologique,preferred,fr,ROME
SKL_144344f9b8ac,skill,Gestion de projets web,gestion de projets web,preferred,fr,ROME
SKL_2f522b2c73bf,skill,Maintenance de sites web,maintenance de sites web,preferred,fr,ROME
SKL_f2027785bd2f,skill,Utilisation d'outils analytiques,utilisation d'outils analytiques,preferred,fr,ROME
SKL_2ed1cf37273e,skill,Accessibilité web,accessibilite web,preferred,fr,ROME
SKL_e9c3df065fcf,skill,Planification de la production numérique,planification de la production numerique,preferred,fr,ROME
SKL_09b08c71c423,skill,Formation aux outils web,formation aux outils web,preferred,fr,ROME
SKL_13d89ddf0edd,skill,Mastère spécialisé management digital,mastere specialise management digital,preferred,fr,ROME
SKL_ba5175dbd5c8,skill,Mastère spécialisé manager marketing et communication,mastere specialise manager marketing et communication,preferred,fr,ROME
SKL_89650b14501b,skill,Mastère spécialisé marketing digital et data,mastere specialise marketing digital et data,preferred,fr,ROME
SKL_0a69ee358247,skill,Mastère spécialisé marketing et communication,mastere specialise marketing et communication,preferred,fr,ROME
SKL_db004c803543,skill,Mastère spécialisé marketing management et digital,mastere specialise marketing management et digital,preferred,fr,ROME
SKL_e70d934ef7bd,skill,Mastère spécialisé stratégies digitales & data marketing,mastere specialise strategies digitales & data marketing,preferred,fr,ROME
SKL_20668b169d82,skill,"Licence droit, économie, gestion mention informatique, management","licence droit, economie, gestion mention informatique, management",preferred,fr,ROME
SKL_842424f29e66,skill,BUT spécialité métiers du multimédia et de l'internet parcours création numérique,but specialite metiers du multimedia et de l'internet parcours creation numerique,preferred,fr,ROME
SKL_958b8a19049f,skill,BUT spécialité métiers du multimédia et de l'internet parcours développement web et dispositifs interactifs,but specialite metiers du multimedia et de l'internet parcours developpement web et dispositifs interactifs,preferred,fr,ROME
SKL_5454c53b866e,skill,BUT spécialité métiers du multimédia et de l'internet parcours stratégie de communication numérique et design d'expérience,but specialite metiers du multimedia et de l'internet parcours strategie de communication numerique et design d'experience,preferred,fr,ROME
SKL_bdd4ba186d34,skill,DUT métiers du multimédia et de l'internet,dut metiers du multimedia et de l'internet,preferred,fr,ROME
SKL_96b4e912259d,skill,Informer et conseiller les clients et les utilisateurs sur l'utilisation et l'entretien des équipements,informer et conseiller les clients et les utilisateurs sur l'utilisation et l'entretien des equipements,preferred,fr,ROME
SKL_ebe61665b084,skill,"Procéder au choix de réalisation, de traitement en interne ou par sous-traitance et en contrôler la conformité","proceder au choix de realisation, de traitement en interne ou par sous-traitance et en controler la conformite",preferred,fr,ROME
SKL_b9e80fe7145d,skill,"Etudier et identifier des évolutions (fonctionnalité, rentabilité, qualité, ...) de composants, produits, équipements","etudier et identifier des evolutions (fonctionnalite, rentabilite, qualite, ...) de composants, produits, equipements",preferred,fr,ROME
SKL_df5a168f047b,skill,Etablir un diagnostic stratégique,etablir un diagnostic strategique,preferred,fr,ROME
SKL_2980ac8bfde5,skill,Concevoir un indicateur et organiser sa production,concevoir un indicateur et organiser sa production,preferred,fr,ROME
SKL_0995fd725d23,skill,Vérifier la qualité et la fiabilité de l'installation,verifier la qualite et la fiabilite de l'installation,preferred,fr,ROME
SKL_5016425d28fd,skill,"Réaliser des opérations de maintenance à caractère préventif, systématique ou conditionnel","realiser des operations de maintenance a caractere preventif, systematique ou conditionnel",preferred,fr,ROME
SKL_80544315a984,skill,Etablir des rapports détaillés sur les performances qualité,etablir des rapports detailles sur les performances qualite,preferred,fr,ROME
SKL_31edea4894f6,skill,Former les équipes de techniciens aux opérations de maintenance de premier niveau des équipements connectés,former les equipes de techniciens aux operations de maintenance de premier niveau des equipements connectes,preferred,fr,ROME
SKL_ec6da1693948,skill,Réaliser un audit interne de performance des équipements informatiques,realiser un audit interne de performance des equipements informatiques,preferred,fr,ROME
SKL_909ba41ca82f,skill,"Garantir le bon fonctionnement, la disponibilité et la performance d'une solution logicielle","garantir le bon fonctionnement, la disponibilite et la performance d'une solution logicielle",preferred,fr,ROME
SKL_dd025e5e2450,skill,Communiquer efficacement avec les équipes et les clients,communiquer efficacement avec les equipes et les clients,preferred,fr,ROME
SKL_19219921ea7d,skill,Négocier avec les fournisseurs de solutions IT et de sécurité,negocier avec les fournisseurs de solutions it et de securite,preferred,fr,ROME
SKL_f73ccadd80bf,skill,Gérer les bases de données et assurer leur intégrité,gerer les bases de donnees et assurer leur integrite,preferred,fr,ROME
SKL_61e5e6df20cb,skill,Etablir des plans de reprise après sinistre,etablir des plans de reprise apres sinistre,preferred,fr,ROME
SKL_20f398765590,skill,Analyser les besoins des clients,analyser les besoins des clients,preferred,fr,ROME
SKL_d769aa3116af,skill,Rédiger des rapports d'intervention détaillés,rediger des rapports d'intervention detailles,preferred,fr,ROME
SKL_768283c98955,skill,Réseaux de fibre optique Fiber To The Home (FTTH),reseaux de fibre optique fiber to the home (ftth),preferred,fr,ROME
SKL_7a1029074115,skill,Gestion de Maintenance Assistée par Ordinateur (GMAO),gestion de maintenance assistee par ordinateur (gmao),preferred,fr,ROME
SKL_8c475071709c,skill,Analyse d'incidents informatiques,analyse d'incidents informatiques,preferred,fr,ROME
SKL_0931c28280f5,skill,Collaborer avec une équipe projet,collaborer avec une equipe projet,preferred,fr,ROME
SKL_cae91eec2469,skill,Gérer une situation d'urgence,gerer une situation d'urgence,preferred,fr,ROME
SKL_3a00f7585b57,skill,Surveiller le bon fonctionnement des machines,surveiller le bon fonctionnement des machines,preferred,fr,ROME
SKL_2baf353f8ed9,skill,Configurer et optimiser des systèmes DevOps,configurer et optimiser des systemes devops,preferred,fr,ROME
SKL_616c15b247eb,skill,Assurer la sécurité des pipelines de CI/CD,assurer la securite des pipelines de ci/cd,preferred,fr,ROME
SKL_0762a0d8da2d,skill,Améliorer la qualité du code par des revues systématiques,ameliorer la qualite du code par des revues systematiques,preferred,fr,ROME
SKL_d619e2593f8d,skill,Optimiser l'utilisation des ressources cloud,optimiser l'utilisation des ressources cloud,preferred,fr,ROME
SKL_20681f089822,skill,Assurer la formation des équipes sur les nouveaux outils ou équipements,assurer la formation des equipes sur les nouveaux outils ou equipements,preferred,fr,ROME
SKL_80106082ad21,skill,Logiciel de supervision,logiciel de supervision,preferred,fr,ROME
SKL_854d8cb3db21,skill,Optimisation des processus DevOps,optimisation des processus devops,preferred,fr,ROME
SKL_bc82fcb28a16,skill,Optimisation de la performance des systèmes,optimisation de la performance des systemes,preferred,fr,ROME
SKL_3522dc7881f8,skill,Présenter les évolutions du système d'information au commanditaire,presenter les evolutions du systeme d'information au commanditaire,preferred,fr,ROME
SKL_d30c687658df,skill,Recenser les besoins du commanditaire,recenser les besoins du commanditaire,preferred,fr,ROME
SKL_0075d189d80c,skill,Analyser des données techniques pour optimiser les processus,analyser des donnees techniques pour optimiser les processus,preferred,fr,ROME
SKL_3f29d548843f,skill,Evaluer l'impact financier des décisions stratégiques,evaluer l'impact financier des decisions strategiques,preferred,fr,ROME
SKL_c0a666584c12,skill,Mettre en oeuvre des préconisations fonctionnelles et techniques,mettre en oeuvre des preconisations fonctionnelles et techniques,preferred,fr,ROME
SKL_e05ab384bc3b,skill,Concevoir des supports de communication et d'image,concevoir des supports de communication et d'image,preferred,fr,ROME
SKL_74e56d5f799f,skill,Assurer la gestion administrative et financière d'une activité,assurer la gestion administrative et financiere d'une activite,preferred,fr,ROME
SKL_1f3cd36b2e11,skill,Estimer les coûts et les délais d'une activité ou d'une prestation,estimer les couts et les delais d'une activite ou d'une prestation,preferred,fr,ROME
SKL_d0906bcc54c7,skill,"Elaborer, adapter une proposition commerciale","elaborer, adapter une proposition commerciale",preferred,fr,ROME
SKL_9d169b48b640,skill,"Rédiger un rapport, un compte rendu d'activité","rediger un rapport, un compte rendu d'activite",preferred,fr,ROME
SKL_731acc4d5712,skill,"Convaincre, négocier","convaincre, negocier",preferred,fr,ROME
SKL_8af969ab49d4,skill,"Mettre à jour un dossier, une base de données","mettre a jour un dossier, une base de donnees",preferred,fr,ROME
SKL_21f7d353caff,skill,Déterminer l'opportunité de l'intégration d'outils d'intelligence artificielle et de data science dans le modèle d'affaires,determiner l'opportunite de l'integration d'outils d'intelligence artificielle et de data science dans le modele d'affaires,preferred,fr,ROME
SKL_748acfe7bb26,skill,Gérer les ressources humaines,gerer les ressources humaines,preferred,fr,ROME
SKL_9011b66b86cf,skill,Répondre à un appel d'offres,repondre a un appel d'offres,preferred,fr,ROME
SKL_c30a611df2c1,skill,Optimiser les processus de gestion de projet,optimiser les processus de gestion de projet,preferred,fr,ROME
SKL_7e0598c65ad9,skill,Assurer la conformité des livrables de projet,assurer la conformite des livrables de projet,preferred,fr,ROME
SKL_99e7e023ea98,skill,Innover dans les méthodes de gestion de projet,innover dans les methodes de gestion de projet,preferred,fr,ROME
SKL_2c3a58aff822,skill,Gestion budgétaire,gestion budgetaire,preferred,fr,ROME
SKL_d910884b7244,skill,Démarche qualité,demarche qualite,preferred,fr,ROME
SKL_e6821cef4f29,skill,Outils de planification des ressources humaines,outils de planification des ressources humaines,preferred,fr,ROME
SKL_66cf538dd1dc,skill,Procédures d'appels d'offres,procedures d'appels d'offres,preferred,fr,ROME
SKL_daccefdbdc4b,skill,Gestion du changement,gestion du changement,preferred,fr,ROME
SKL_b009309b92a4,skill,Planification stratégique de projets,planification strategique de projets,preferred,fr,ROME
SKL_4a4c9c97d1f1,skill,Développement de cahiers des charges,developpement de cahiers des charges,preferred,fr,ROME
SKL_8857323abce3,skill,Suivi et contrôle de l'avancement des projets,suivi et controle de l'avancement des projets,preferred,fr,ROME
SKL_7ce86e8a1e5a,skill,Optimisation des processus de travail,optimisation des processus de travail,preferred,fr,ROME
SKL_5c8750d6de44,skill,Gestion d'équipe multidisciplinaire,gestion d'equipe multidisciplinaire,preferred,fr,ROME
SKL_6fe7211bfc4d,skill,Rédaction de rapports de projet,redaction de rapports de projet,preferred,fr,ROME
SKL_ec0cfff5c5a6,skill,Planification des ressources projet,planification des ressources projet,preferred,fr,ROME
SKL_bf1312dd7f0b,skill,Mastère spécialisé management de projets industriels et logistiques,mastere specialise management de projets industriels et logistiques,preferred,fr,ROME
SKL_159411525de6,skill,Certificat de compétence management de projet et de travaux,certificat de competence management de projet et de travaux,preferred,fr,ROME
SKL_bd1bdeb79032,skill,Mastère spécialisé architecte des systèmes d'information,mastere specialise architecte des systemes d'information,preferred,fr,ROME
SKL_9e7b8b138a74,skill,Mastère spécialisé conseil et management en systèmes d'information,mastere specialise conseil et management en systemes d'information,preferred,fr,ROME
SKL_fad261bfbeae,skill,Mastère spécialisé management des systèmes d'information,mastere specialise management des systemes d'information,preferred,fr,ROME
SKL_d7f254a8f873,skill,Manager un projet (Certificat de Compétences en Entreprise-CCE),manager un projet (certificat de competences en entreprise-cce),preferred,fr,ROME
SKL_f18b7d06d76e,skill,Mastère spécialisé management de projets de construction,mastere specialise management de projets de construction,preferred,fr,ROME
SKL_e39335528103,skill,Mastère spécialisé management de projets innovants & entrepreneuriat,mastere specialise management de projets innovants & entrepreneuriat,preferred,fr,ROME
SKL_7e298f85b514,skill,Mastère spécialisé management et direction de projets,mastere specialise management et direction de projets,preferred,fr,ROME
SKL_5ee63306288e,skill,Mastère spécialisé management par projets,mastere specialise management par projets,preferred,fr,ROME
SKL_b8da14e6e795,skill,Mastère spécialisé manager de la sécurité des systèmes d'information,mastere specialise manager de la securite des systemes d'information,preferred,fr,ROME
SKL_ef377ede9383,skill,Mastère spécialisé manager de projets de construction,mastere specialise manager de projets de construction,preferred,fr,ROME
SKL_69a23921fad9,skill,Mastère spécialisé manager des projets et programmes,mastere specialise manager des projets et programmes,preferred,fr,ROME
SKL_d49eec4f969e,skill,Mastère spécialisé sécurité de l'information et des systèmes,mastere specialise securite de l'information et des systemes,preferred,fr,ROME
SKL_24dc1ab3bd89,skill,"Déterminer des choix techniques d'architecture logicielle et matérielle et sélectionner des technologies, matériels, logiciels, configurations","determiner des choix techniques d'architecture logicielle et materielle et selectionner des technologies, materiels, logiciels, configurations",preferred,fr,ROME
SKL_2151b4def36a,skill,"Prescrire des solutions techniques pour l'exploitation de nouveaux sites, l'amélioration de l'équipement ou des réseaux","prescrire des solutions techniques pour l'exploitation de nouveaux sites, l'amelioration de l'equipement ou des reseaux",preferred,fr,ROME
SKL_a2b6e151ea07,skill,Segmenter et router dans les réseaux locaux,segmenter et router dans les reseaux locaux,preferred,fr,ROME
SKL_9696bd831b4b,skill,Déployer des solutions de réseau sans fil,deployer des solutions de reseau sans fil,preferred,fr,ROME
SKL_55563692bf59,skill,Concevoir des réseaux informatiques,concevoir des reseaux informatiques,preferred,fr,ROME
SKL_09bb752dd49d,skill,Concevoir un plan de maintenance,concevoir un plan de maintenance,preferred,fr,ROME
SKL_20b8d7ecf87a,skill,Agir rapidement en cas d'accident ou d'imprévu,agir rapidement en cas d'accident ou d'imprevu,preferred,fr,ROME
SKL_1abe8af68047,skill,Actualiser et faire évoluer les équipements de télécommunication ou de courants faibles,actualiser et faire evoluer les equipements de telecommunication ou de courants faibles,preferred,fr,ROME
SKL_26fe92b358af,skill,"Conseiller des équipes de développement, de production et des utilisateurs","conseiller des equipes de developpement, de production et des utilisateurs",preferred,fr,ROME
SKL_2c2bf51cee31,skill,Evaluer la performance d'un équipement,evaluer la performance d'un equipement,preferred,fr,ROME
SKL_9fa3d76025c9,skill,"Réaliser une veille de marché, une veille concurrentielle","realiser une veille de marche, une veille concurrentielle",preferred,fr,ROME
SKL_2a6cfe49b2ef,skill,Gérer et maintenir la conformité d'un processus ou d'une solution,gerer et maintenir la conformite d'un processus ou d'une solution,preferred,fr,ROME
SKL_9e10680b5771,skill,Gérer le budget de son unité,gerer le budget de son unite,preferred,fr,ROME
SKL_e34bb351ae10,skill,Expliquer les choix techniques aux clients,expliquer les choix techniques aux clients,preferred,fr,ROME
SKL_52430cc96e77,skill,Identifier des solutions et des pistes d'actions au regard du diagnostic établi,identifier des solutions et des pistes d'actions au regard du diagnostic etabli,preferred,fr,ROME
SKL_a66a05f74803,skill,Organiser et gérer la prévention et le traitement des incidents et dysfonctionnements,organiser et gerer la prevention et le traitement des incidents et dysfonctionnements,preferred,fr,ROME
SKL_1040969b0c1a,skill,Coordonner collaborateurs et partenaires extérieurs,coordonner collaborateurs et partenaires exterieurs,preferred,fr,ROME
SKL_60214fb9a36e,skill,Maîtriser les interfaces informatiques et la compréhension des signaux d'alerte,maitriser les interfaces informatiques et la comprehension des signaux d'alerte,preferred,fr,ROME
SKL_a834d591c6d5,skill,Sélectionner les équipements connectés,selectionner les equipements connectes,preferred,fr,ROME
SKL_f0281b53b86d,skill,Dimensionner et suivre la capacité du réseau local et de ses interconnexions,dimensionner et suivre la capacite du reseau local et de ses interconnexions,preferred,fr,ROME
SKL_4429b193927c,skill,Modéliser un système d'équipements connectés dans son environnement,modeliser un systeme d'equipements connectes dans son environnement,preferred,fr,ROME
SKL_93d712c60ed1,skill,Définir et faire évoluer les mesures de protection et d'utilisation des données collectées au regard des évolutions réglementaires,definir et faire evoluer les mesures de protection et d'utilisation des donnees collectees au regard des evolutions reglementaires,preferred,fr,ROME
SKL_6582635983c7,skill,"Recueillir et définir les besoins de l'entreprise, des clients, des utilisateurs en matière d'équipements connectés, de systèmes d'information (capacité, fiabilité, sécurité, ...)","recueillir et definir les besoins de l'entreprise, des clients, des utilisateurs en matiere d'equipements connectes, de systemes d'information (capacite, fiabilite, securite, ...)",preferred,fr,ROME
SKL_dd43bc5cb0b2,skill,Communiquer efficacement avec les parties prenantes internes et externes,communiquer efficacement avec les parties prenantes internes et externes,preferred,fr,ROME
SKL_9b857a84cb9c,skill,"Développer ses compétences en continu, notamment dans les technologies émergentes","developper ses competences en continu, notamment dans les technologies emergentes",preferred,fr,ROME
SKL_9947c55fcf44,skill,Optimiser la performance des réseaux existants,optimiser la performance des reseaux existants,preferred,fr,ROME
SKL_d8a1e77b9b2f,skill,"Concevoir et faire évoluer des prestations, des procédures techniques et opérationnelles d'intervention","concevoir et faire evoluer des prestations, des procedures techniques et operationnelles d'intervention",preferred,fr,ROME
SKL_c362d3c3f11f,skill,Améliorer un système d'information,ameliorer un systeme d'information,preferred,fr,ROME
SKL_a00fef22106c,skill,"Exploiter une veille technologique (matériaux, nouvelles normes, contraintes réglementaires)","exploiter une veille technologique (materiaux, nouvelles normes, contraintes reglementaires)",preferred,fr,ROME
SKL_81c47744f066,skill,Utiliser des logiciels de conception,utiliser des logiciels de conception,preferred,fr,ROME
SKL_184a3c4d7efc,skill,"Garantir le bon fonctionnement, la disponibilité et la performance des équipements connectés placés sous sa responsabilité","garantir le bon fonctionnement, la disponibilite et la performance des equipements connectes places sous sa responsabilite",preferred,fr,ROME
SKL_5d2d7c70f288,skill,Normes rédactionnelles,normes redactionnelles,preferred,fr,ROME
SKL_a0bdd83bc3ec,skill,Informatique des systèmes embarqués,informatique des systemes embarques,preferred,fr,ROME
SKL_49dededf2ba3,skill,Système interactif d'aide à la Décision (SIAD),systeme interactif d'aide a la decision (siad),preferred,fr,ROME
SKL_b3d5282d83d7,skill,Paramétrage de logiciels,parametrage de logiciels,preferred,fr,ROME
SKL_5c59a3934e0f,skill,"Chaine d'équipements d'un réseau IoT (capteur, antenne, routeur, serveur, software...)","chaine d'equipements d'un reseau iot (capteur, antenne, routeur, serveur, software...)",preferred,fr,ROME
SKL_7bb3c0185b52,skill,Gestion des incidents réseau,gestion des incidents reseau,preferred,fr,ROME
SKL_d4888d6095b9,skill,Technologies sans fil,technologies sans fil,preferred,fr,ROME
SKL_a70880d429d6,skill,Gestion des performances réseau,gestion des performances reseau,preferred,fr,ROME
SKL_b803b2e065ca,skill,Analyse de trafic réseau,analyse de trafic reseau,preferred,fr,ROME
SKL_433f58b320b9,skill,"Protocoles de communication (Zigbee, Sigfox, LoRaWan, Wifi, Bluetooth, NFC...)","protocoles de communication (zigbee, sigfox, lorawan, wifi, bluetooth, nfc...)",preferred,fr,ROME
SKL_643cc4b771f1,skill,Ingénieur diplômé de l'école nationale supérieure en systèmes avancés et réseaux (Université Grenoble Alpes) en partenariat avec l'ITII Dauphiné-Vivarais,ingenieur diplome de l'ecole nationale superieure en systemes avances et reseaux (universite grenoble alpes) en partenariat avec l'itii dauphine-vivarais,preferred,fr,ROME
SKL_b89b1d150878,skill,Ingénieur diplômé de l'école supérieure d'ingénieurs de recherche en matériaux de l'université de Dijon spécialité informatique et réseaux,ingenieur diplome de l'ecole superieure d'ingenieurs de recherche en materiaux de l'universite de dijon specialite informatique et reseaux,preferred,fr,ROME
SKL_fb114cf5ec4a,skill,Ingénieur diplômé de l'école supérieure d'ingénieurs de Rennes de l'université de Rennes spécialité systèmes numériques et réseaux,ingenieur diplome de l'ecole superieure d'ingenieurs de rennes de l'universite de rennes specialite systemes numeriques et reseaux,preferred,fr,ROME
SKL_cd0362768987,skill,Ingénieur diplômé de l'institut national des sciences appliquées de Toulouse spécialité informatique et réseaux,ingenieur diplome de l'institut national des sciences appliquees de toulouse specialite informatique et reseaux,preferred,fr,ROME
SKL_d3c78650d46f,skill,Réaliser les interventions de télémaintenance,realiser les interventions de telemaintenance,preferred,fr,ROME
SKL_bbf8b0ce076c,skill,Administrer des ressources informatiques,administrer des ressources informatiques,preferred,fr,ROME
SKL_2b2ffcf0b1c7,skill,Intégrer un script,integrer un script,preferred,fr,ROME
SKL_6ab5e3909e22,skill,Réceptionner les équipements en vue d'organiser le déploiement,receptionner les equipements en vue d'organiser le deploiement,preferred,fr,ROME
SKL_30953ab6441d,skill,Vérifier la compatibilité des équipements / des logiciels avec l'existant,verifier la compatibilite des equipements / des logiciels avec l'existant,preferred,fr,ROME
SKL_65082ac6491c,skill,Configurer des équipements réseaux et télécoms,configurer des equipements reseaux et telecoms,preferred,fr,ROME
SKL_5cdb89291f16,skill,Optimiser le fonctionnement d'un réseau télécom,optimiser le fonctionnement d'un reseau telecom,preferred,fr,ROME
SKL_74e79f6b262d,skill,Communiquer clairement les procédures techniques aux équipes,communiquer clairement les procedures techniques aux equipes,preferred,fr,ROME
SKL_cbc7def1d875,skill,Argumenter pour l'adoption de nouvelles technologies réseau,argumenter pour l'adoption de nouvelles technologies reseau,preferred,fr,ROME
SKL_4c42a2792e7f,skill,Respecter les normes de sécurité dans la gestion des réseaux,respecter les normes de securite dans la gestion des reseaux,preferred,fr,ROME
SKL_6926fe685621,skill,Traiter les alertes réseau avec précision et efficacité,traiter les alertes reseau avec precision et efficacite,preferred,fr,ROME
SKL_3910533d5a12,skill,Concevoir des architectures réseaux optimisées et écoresponsables,concevoir des architectures reseaux optimisees et ecoresponsables,preferred,fr,ROME
SKL_41a8bb387337,skill,Système d'exploitation IBM Aix,systeme d'exploitation ibm aix,preferred,fr,ROME
SKL_4b198050bfef,skill,Système d'exploitation HP-UX,systeme d'exploitation hp-ux,preferred,fr,ROME
SKL_2ebc88ac43e1,skill,Système d'exploitation Irix,systeme d'exploitation irix,preferred,fr,ROME
SKL_a7e63fc5bf50,skill,Système d'exploitation Gcos,systeme d'exploitation gcos,preferred,fr,ROME
SKL_4106e2429288,skill,Système d'exploitation MVS,systeme d'exploitation mvs,preferred,fr,ROME
SKL_2889af08e573,skill,Ingénierie d'exploitation,ingenierie d'exploitation,preferred,fr,ROME
SKL_38a71318d7c5,skill,Normes de métrologie,normes de metrologie,preferred,fr,ROME
SKL_40f4755b5b32,skill,Système d'exploitation AS 400,systeme d'exploitation as 400,preferred,fr,ROME
SKL_8f55beae1907,skill,"Ingénieur diplômé de l'école nationale supérieure d'électronique, informatique, télécommunications, mathématique et mécanique de Bordeaux de l'institut polytechnique de Bordeaux spécialité télécommunications","ingenieur diplome de l'ecole nationale superieure d'electronique, informatique, telecommunications, mathematique et mecanique de bordeaux de l'institut polytechnique de bordeaux specialite telecommunications",preferred,fr,ROME
SKL_22bebee25541,skill,Ingénieur diplômé de l'école nationale supérieure Mines-Télécom Lille Douai spécialité télécommunication et informatique,ingenieur diplome de l'ecole nationale superieure mines-telecom lille douai specialite telecommunication et informatique,preferred,fr,ROME
SKL_accbc26de41f,skill,Ingénieur diplômé de l'institut national des sciences appliquées de Lyon spécialité télécommunications,ingenieur diplome de l'institut national des sciences appliquees de lyon specialite telecommunications,preferred,fr,ROME
SKL_5951286b3b2a,skill,Ingénieur diplômé de l'institut national des sciences appliquées de Rennes spécialité électronique et télécommunications (Université de Rennes),ingenieur diplome de l'institut national des sciences appliquees de rennes specialite electronique et telecommunications (universite de rennes),preferred,fr,ROME
SKL_cc6fb54fd53a,skill,Analyser les besoins spécifiques pour le développement de jeux vidéo,analyser les besoins specifiques pour le developpement de jeux video,preferred,fr,ROME
SKL_a57f6622b2d3,skill,Optimiser le rendu graphique des jeux vidéo,optimiser le rendu graphique des jeux video,preferred,fr,ROME
SKL_e570a00a9237,skill,Gérer les ressources de développement de jeux,gerer les ressources de developpement de jeux,preferred,fr,ROME
SKL_f8ef2fc6568b,skill,Réalité virtuelle et augmentée,realite virtuelle et augmentee,preferred,fr,ROME
SKL_a00e4736e42d,skill,Concepteur de jeux vidéo - Lead Game Designer,concepteur de jeux video - lead game designer,preferred,fr,ROME
SKL_a867d48cd260,skill,Gestion de la mémoire dans les jeux vidéo,gestion de la memoire dans les jeux video,preferred,fr,ROME
SKL_cea7a864b6d1,skill,Développement de systèmes d'IA pour jeux,developpement de systemes d'ia pour jeux,preferred,fr,ROME
SKL_6065a25611b6,skill,Intégration de systèmes de paiement en jeu,integration de systemes de paiement en jeu,preferred,fr,ROME
SKL_1369a8f93b21,skill,Sécurité des applications de jeux,securite des applications de jeux,preferred,fr,ROME
SKL_0217a14bf28d,skill,Tests de performance des jeux,tests de performance des jeux,preferred,fr,ROME
SKL_72c3ff86e85e,skill,Analyse de données de gameplay,analyse de donnees de gameplay,preferred,fr,ROME
SKL_11afb5015d1f,skill,Développement de plugins pour jeux,developpement de plugins pour jeux,preferred,fr,ROME
SKL_6bff1857ce38,skill,Gestion de ressources multimédia dans les jeux,gestion de ressources multimedia dans les jeux,preferred,fr,ROME
SKL_a182ee1679b5,skill,Développement de jeux en réalité augmentée,developpement de jeux en realite augmentee,preferred,fr,ROME
SKL_cf60884525ed,skill,Optimisation de code pour différentes plateformes,optimisation de code pour differentes plateformes,preferred,fr,ROME
SKL_fb2e0f9e8d16,skill,Utilisation de frameworks de développement,utilisation de frameworks de developpement,preferred,fr,ROME
SKL_df262a3e679c,skill,Concepteur de jeux vidéo - Game designer,concepteur de jeux video - game designer,preferred,fr,ROME
SKL_63cb57c65600,skill,Licence pro mention métiers du jeu vidéo,licence pro mention metiers du jeu video,preferred,fr,ROME
SKL_7e45791adae4,skill,Diplôme de réalisateur de jeu vidéo,diplome de realisateur de jeu video,preferred,fr,ROME
SKL_4a90364e34a1,skill,"Master mention audiovisuel, médias interactifs numériques, jeux","master mention audiovisuel, medias interactifs numeriques, jeux",preferred,fr,ROME
SKL_25a80c864743,skill,Concepteur de jeux vidéo,concepteur de jeux video,preferred,fr,ROME
SKL_6d59aa06a4df,skill,Expert en création et développement de jeu vidéo,expert en creation et developpement de jeu video,preferred,fr,ROME
SKL_768f187585a6,skill,Détecter les causes d'anomalies de produits et transmettre au service maintenance,detecter les causes d'anomalies de produits et transmettre au service maintenance,preferred,fr,ROME
SKL_f2df736267ca,skill,"Contrôler la conformité d'un équipement, d'une machine, d'une installation","controler la conformite d'un equipement, d'une machine, d'une installation",preferred,fr,ROME
SKL_acfc04cd34e6,skill,Contrôler la qualité et la conformité d'un livrable,controler la qualite et la conformite d'un livrable,preferred,fr,ROME
SKL_288838bb67c8,skill,Contrôler et faire appliquer le respect de dispositions légales et réglementaires,controler et faire appliquer le respect de dispositions legales et reglementaires,preferred,fr,ROME
SKL_8619fee04da1,skill,Analyser les exigences fonctionnelles d'un logiciel,analyser les exigences fonctionnelles d'un logiciel,preferred,fr,ROME
SKL_3b060fed593b,skill,Tester la conformité d'une application selon les critères établis,tester la conformite d'une application selon les criteres etablis,preferred,fr,ROME
SKL_387e37ff88e4,skill,Documenter les résultats des tests pour les équipes de développement,documenter les resultats des tests pour les equipes de developpement,preferred,fr,ROME
SKL_1a794aeae878,skill,Optimiser les processus de tests pour réduire les délais,optimiser les processus de tests pour reduire les delais,preferred,fr,ROME
SKL_f9d5e2e1da4a,skill,Former les utilisateurs aux nouvelles fonctionnalités des logiciels,former les utilisateurs aux nouvelles fonctionnalites des logiciels,preferred,fr,ROME
SKL_1383a8550524,skill,Assurer une veille technologique sur les méthodes de test,assurer une veille technologique sur les methodes de test,preferred,fr,ROME
SKL_5fc219a19629,skill,Gestion des configurations,gestion des configurations,preferred,fr,ROME
SKL_693429bb3a51,skill,IDE (Integrated Development Environment) Uniface,ide (integrated development environment) uniface,preferred,fr,ROME
SKL_4cc480838aeb,skill,Tests fonctionnels,tests fonctionnels,preferred,fr,ROME
SKL_16d5d0f8f5d6,skill,Maîtrise des outils de suivi de bugs,maitrise des outils de suivi de bugs,preferred,fr,ROME
SKL_e6d3ca4e3510,skill,Capacité à interpréter des résultats de tests,capacite a interpreter des resultats de tests,preferred,fr,ROME
SKL_980cd739de2a,skill,Capacité à communiquer avec les développeurs,capacite a communiquer avec les developpeurs,preferred,fr,ROME
SKL_9c74f0ee3b73,skill,Connaissance des méthodes de test automatisé,connaissance des methodes de test automatise,preferred,fr,ROME
SKL_70064b4f99cd,skill,Capacité à suivre les tendances technologiques,capacite a suivre les tendances technologiques,preferred,fr,ROME
SKL_f00b1d6b7f56,skill,Documenter les procédures de sécurité pour les utilisateurs,documenter les procedures de securite pour les utilisateurs,preferred,fr,ROME
SKL_0a25acf25f46,skill,Assurer la conformité des systèmes avec les normes de sécurité,assurer la conformite des systemes avec les normes de securite,preferred,fr,ROME
SKL_9e7805a69863,skill,Réaliser des audits de sécurité réseau,realiser des audits de securite reseau,preferred,fr,ROME
SKL_82723cf3091f,skill,Technologie de l'internet,technologie de l'internet,preferred,fr,ROME
SKL_abdb5997f146,skill,Gestion des incidents,gestion des incidents,preferred,fr,ROME
SKL_55729896bbb5,skill,Réaliser la mise à jour d'un site web,realiser la mise a jour d'un site web,preferred,fr,ROME
SKL_d7a67e4f9397,skill,Proposer des améliorations pour augmenter l'efficacité des systèmes,proposer des ameliorations pour augmenter l'efficacite des systemes,preferred,fr,ROME
SKL_4279198212f8,skill,Optimiser les performances d'un site web,optimiser les performances d'un site web,preferred,fr,ROME
SKL_9fe12188a1da,skill,Assurer la maintenance technique d'un site web,assurer la maintenance technique d'un site web,preferred,fr,ROME
SKL_c3bbfd0bd3e7,skill,Savoir gérer plusieurs projets ou activités simultanément,savoir gerer plusieurs projets ou activites simultanement,preferred,fr,ROME
SKL_c82c33bfd30f,skill,Framework AngularJS,framework angularjs,preferred,fr,ROME
SKL_c3f4994d0321,skill,Bachelor en sciences et ingénierie - informatique,bachelor en sciences et ingenierie - informatique,preferred,fr,ROME
SKL_ed4a5b055293,skill,Gestion de contenu web,gestion de contenu web,preferred,fr,ROME
SKL_2b0ffcff5972,skill,Analyse de trafic web,analyse de trafic web,preferred,fr,ROME
SKL_b5c81e663f63,skill,Administration de serveurs web,administration de serveurs web,preferred,fr,ROME
SKL_9d28db902787,skill,Optimisation de la performance des sites web,optimisation de la performance des sites web,preferred,fr,ROME
SKL_fd0961cf975b,skill,Expert en ingénierie informatique,expert en ingenierie informatique,preferred,fr,ROME
SKL_aa8c13496d07,skill,Manager de projet web digital,manager de projet web digital,preferred,fr,ROME
SKL_a862b0f8197d,skill,"Proposer des évolutions et des modifications (techniques, économiques) de systèmes","proposer des evolutions et des modifications (techniques, economiques) de systemes",preferred,fr,ROME
SKL_194ab6de4898,skill,Analyser une réponse à un appel d'offres,analyser une reponse a un appel d'offres,preferred,fr,ROME
SKL_711dcf0404e5,skill,Valider le choix d'une architecture matérielle ou logicielle,valider le choix d'une architecture materielle ou logicielle,preferred,fr,ROME
SKL_5527fc2806e3,skill,Modéliser un système dans son environnement,modeliser un systeme dans son environnement,preferred,fr,ROME
SKL_4211806eb093,skill,Assister la maîtrise d'ouvrage,assister la maitrise d'ouvrage,preferred,fr,ROME
SKL_7828715c009e,skill,Superviser les installations et apporter les actions correctives nécessaires en cas de dysfonctionnement,superviser les installations et apporter les actions correctives necessaires en cas de dysfonctionnement,preferred,fr,ROME
SKL_e5f62d6fa1fa,skill,Concevoir une installation domotique et connectée,concevoir une installation domotique et connectee,preferred,fr,ROME
SKL_0b13a69b8dd2,skill,Identifier les solutions techniques d'amélioration des équipements et installations,identifier les solutions techniques d'amelioration des equipements et installations,preferred,fr,ROME
SKL_026c97fb033a,skill,Effectuer un reporting régulier à la hiérarchie,effectuer un reporting regulier a la hierarchie,preferred,fr,ROME
SKL_eb5657f448bb,skill,"Suivre l'ensemble des travaux, veiller au respect de la qualité, des délais et contrôler les budgets préétablis","suivre l'ensemble des travaux, veiller au respect de la qualite, des delais et controler les budgets preetablis",preferred,fr,ROME
SKL_19cf59a00201,skill,"Etablir les préconisations et les recommandations d'utilisation, de mise en service des équipements connectés","etablir les preconisations et les recommandations d'utilisation, de mise en service des equipements connectes",preferred,fr,ROME
SKL_1404ef080ae5,skill,Superviser les équipes de développeurs et intégrateurs,superviser les equipes de developpeurs et integrateurs,preferred,fr,ROME
SKL_fc34c902bb3f,skill,Sécuriser les équipements et prévoir les procédures assurant la sécurité des données,securiser les equipements et prevoir les procedures assurant la securite des donnees,preferred,fr,ROME
SKL_97784116e5f7,skill,Optimiser les systèmes pour une meilleure performance,optimiser les systemes pour une meilleure performance,preferred,fr,ROME
SKL_689670dd836f,skill,Elaborer des architectures réseau et systèmes complexes,elaborer des architectures reseau et systemes complexes,preferred,fr,ROME
SKL_7e050b8a1273,skill,Planifier l'intégration de nouvelles technologies et solutions,planifier l'integration de nouvelles technologies et solutions,preferred,fr,ROME
SKL_2e8cf6a41082,skill,Définir les standards et les protocoles de communication,definir les standards et les protocoles de communication,preferred,fr,ROME
SKL_1e137dfee7d8,skill,Développer des stratégies à long terme pour l'évolution des infrastructures numériques,developper des strategies a long terme pour l'evolution des infrastructures numeriques,preferred,fr,ROME
SKL_d94344597da7,skill,Superviser les projets de déploiement de réseaux et systèmes,superviser les projets de deploiement de reseaux et systemes,preferred,fr,ROME
SKL_d508c53fab05,skill,Proposer des innovations pour améliorer les infrastructures existantes,proposer des innovations pour ameliorer les infrastructures existantes,preferred,fr,ROME
SKL_a43d831262a1,skill,Participer à des conférences et des groupes de travail spécialisés,participer a des conferences et des groupes de travail specialises,preferred,fr,ROME
SKL_09d4633ee20a,skill,Domotique,domotique,preferred,fr,ROME
SKL_8aea59775694,skill,Informatique,informatique,preferred,fr,ROME
SKL_cf541c5c4bbd,skill,Utilisation d'outils de supervision,utilisation d'outils de supervision,preferred,fr,ROME
SKL_4a617c20b938,skill,Technologie des équipements électroniques,technologie des equipements electroniques,preferred,fr,ROME
SKL_82c6eac23192,skill,Système numérique,systeme numerique,preferred,fr,ROME
SKL_51e2f3f2ee8e,skill,Equipement informatique,equipement informatique,preferred,fr,ROME
SKL_9a5d216249b5,skill,Gestion des incidents de sécurité,gestion des incidents de securite,preferred,fr,ROME
SKL_d98e3f639d02,skill,Mastère spécialisé ingénierie des systèmes informatiques ouverts,mastere specialise ingenierie des systemes informatiques ouverts,preferred,fr,ROME
SKL_f80275074728,skill,"Optimiser des algorithmes, une application informatique et mettre en oeuvre leur développement","optimiser des algorithmes, une application informatique et mettre en oeuvre leur developpement",preferred,fr,ROME
SKL_4ebb9e54063b,skill,Adapter les solutions aux contraintes de l'environnement de production,adapter les solutions aux contraintes de l'environnement de production,preferred,fr,ROME
SKL_77c5e3d29fdb,skill,Maintenance de systèmes informatiques,maintenance de systemes informatiques,preferred,fr,ROME
SKL_495b0a233015,skill,Optimiser l'expérience utilisateur sur des interfaces web,optimiser l'experience utilisateur sur des interfaces web,preferred,fr,ROME
SKL_aba1cf3914da,skill,Rédiger et élaborer des notices et fiches techniques,rediger et elaborer des notices et fiches techniques,preferred,fr,ROME
SKL_dc2bc03d0622,skill,Analyser les besoins des utilisateurs pour la création de contenus multimédias,analyser les besoins des utilisateurs pour la creation de contenus multimedias,preferred,fr,ROME
SKL_411c8a66e7a2,skill,Optimiser le rendu visuel d'une application,optimiser le rendu visuel d'une application,preferred,fr,ROME
SKL_0941edfac5cb,skill,Assurer la compatibilité des applications sur différents dispositifs,assurer la compatibilite des applications sur differents dispositifs,preferred,fr,ROME
SKL_0bd806d802e5,skill,Agir rapidement pour corriger les bugs signalés par les utilisateurs,agir rapidement pour corriger les bugs signales par les utilisateurs,preferred,fr,ROME
SKL_780d3c560420,skill,Argumenter les choix de conception lors de réunions,argumenter les choix de conception lors de reunions,preferred,fr,ROME
SKL_a0f67ffdaf51,skill,Analyser les retours des utilisateurs pour améliorer les produits,analyser les retours des utilisateurs pour ameliorer les produits,preferred,fr,ROME
SKL_8a8a181f9c52,skill,Gestion de projet multimédia,gestion de projet multimedia,preferred,fr,ROME
SKL_5b83f8127097,skill,Conception de sites web,conception de sites web,preferred,fr,ROME
SKL_55cd679dc1fe,skill,Titre professionnel concepteur développeur d'applications,titre professionnel concepteur developpeur d'applications,preferred,fr,ROME
SKL_12a39876cbe5,skill,Développement de jeux vidéo,developpement de jeux video,preferred,fr,ROME
SKL_7ad90d4444b9,skill,Optimisation de la performance web,optimisation de la performance web,preferred,fr,ROME
SKL_b75b596aa482,skill,Création de contenu numérique,creation de contenu numerique,preferred,fr,ROME
SKL_63949fda2e80,skill,Analyse de données pour le multimédia,analyse de donnees pour le multimedia,preferred,fr,ROME
SKL_11a59d31c66e,skill,Gestion des droits numériques,gestion des droits numeriques,preferred,fr,ROME
SKL_9f47d1a81dd1,skill,Conformité aux normes du web,conformite aux normes du web,preferred,fr,ROME
SKL_7f48f8a72704,skill,Optimisation de bases de données,optimisation de bases de donnees,preferred,fr,ROME
SKL_9e85ec3cf5bb,skill,"BUT spécialité informatique parcours réalisation d'applications : conception, développement, validation","but specialite informatique parcours realisation d'applications : conception, developpement, validation",preferred,fr,ROME
SKL_64189fdca90d,skill,Concepteur de solutions digitales,concepteur de solutions digitales,preferred,fr,ROME
SKL_fe6df1142bdd,skill,Développeur multimédia,developpeur multimedia,preferred,fr,ROME
SKL_50266ef038d7,skill,Contrôler le fonctionnement d'un dispositif de sécurité,controler le fonctionnement d'un dispositif de securite,preferred,fr,ROME
SKL_1c1caf846bdb,skill,"Collecter et analyser des données, des informations","collecter et analyser des donnees, des informations",preferred,fr,ROME
SKL_80d0b5f406d4,skill,Assurer la confidentialité des données,assurer la confidentialite des donnees,preferred,fr,ROME
SKL_c0a7abc8de45,skill,Veiller à la conformité réglementaire des systèmes,veiller a la conformite reglementaire des systemes,preferred,fr,ROME
SKL_cbdc371e06b8,skill,Tester les nouvelles applications avant déploiement,tester les nouvelles applications avant deploiement,preferred,fr,ROME
SKL_7015a23fa9bb,skill,Superviser l'installation de nouveaux équipements,superviser l'installation de nouveaux equipements,preferred,fr,ROME
SKL_aa4cd14e3c0e,skill,Suivre les tendances du marché des technologies,suivre les tendances du marche des technologies,preferred,fr,ROME
SKL_7b0e66e3cdfa,skill,Analyser l'impact des mises à jour sur les opérations,analyser l'impact des mises a jour sur les operations,preferred,fr,ROME
SKL_e6f0d2c20473,skill,Evaluer les performances du réseau,evaluer les performances du reseau,preferred,fr,ROME
SKL_f07881ad4e95,skill,Assurer la compatibilité des systèmes avec les normes actuelles,assurer la compatibilite des systemes avec les normes actuelles,preferred,fr,ROME
SKL_92f21d40f8e2,skill,Proposer des solutions pour améliorer l'efficacité des systèmes,proposer des solutions pour ameliorer l'efficacite des systemes,preferred,fr,ROME
SKL_e216633fefc0,skill,Améliorer la performance des systèmes d'information,ameliorer la performance des systemes d'information,preferred,fr,ROME
SKL_4b82b94d8571,skill,Définir des stratégies de développement des compétences,definir des strategies de developpement des competences,preferred,fr,ROME
SKL_85f05d699f7a,skill,Optimisation des processus IT,optimisation des processus it,preferred,fr,ROME
SKL_18fdf1c5440d,skill,Gouvernance des systèmes d'information,gouvernance des systemes d'information,preferred,fr,ROME
SKL_7e77b95b5718,skill,Gestion des services IT,gestion des services it,preferred,fr,ROME
SKL_21377bdb4d99,skill,Configurer les équipements réseau et serveurs,configurer les equipements reseau et serveurs,preferred,fr,ROME
SKL_46cf45cf5616,skill,Respecter les délais de mise en œuvre des projets,respecter les delais de mise en oeuvre des projets,preferred,fr,ROME
SKL_eb275f1f3b93,skill,Concevoir des architectures réseau optimisées,concevoir des architectures reseau optimisees,preferred,fr,ROME
SKL_d0480d125555,skill,Analyser les besoins de sécurité réseau,analyser les besoins de securite reseau,preferred,fr,ROME
SKL_35d3d0ca9124,skill,Tester les nouvelles technologies avant déploiement,tester les nouvelles technologies avant deploiement,preferred,fr,ROME
SKL_b977bddf3f32,skill,Audit des systèmes d'information,audit des systemes d'information,preferred,fr,ROME
SKL_814cebe567e5,skill,Planification de la capacité des systèmes,planification de la capacite des systemes,preferred,fr,ROME
SKL_93a94dfcb34e,skill,Optimisation de la performance réseau,optimisation de la performance reseau,preferred,fr,ROME
SKL_19fbaeb5bed9,skill,Conception de systèmes informatiques,conception de systemes informatiques,preferred,fr,ROME
SKL_2a4a8527c064,skill,Architecture de solutions cloud,architecture de solutions cloud,preferred,fr,ROME
SKL_169887b3853a,skill,Analyse de la charge réseau,analyse de la charge reseau,preferred,fr,ROME
SKL_594d7b5adc7e,skill,Gestion des politiques de sécurité,gestion des politiques de securite,preferred,fr,ROME
SKL_ce8557ca8ec7,skill,Surveillance et diagnostic réseau,surveillance et diagnostic reseau,preferred,fr,ROME
SKL_65805ceb3a37,skill,BUT spécialité réseaux et télécommunications parcours pilotage de projets de réseaux,but specialite reseaux et telecommunications parcours pilotage de projets de reseaux,preferred,fr,ROME
SKL_4359f874501a,skill,Assurer l'interconnexion des systèmes de communication professionnels d'entreprise aux réseaux publics,assurer l'interconnexion des systemes de communication professionnels d'entreprise aux reseaux publics,preferred,fr,ROME
SKL_9156c11697eb,skill,Analyser et prévenir les risques,analyser et prevenir les risques,preferred,fr,ROME
SKL_d663d08e5a12,skill,Réaliser le suivi d'une équipe d'intervention,realiser le suivi d'une equipe d'intervention,preferred,fr,ROME
SKL_443d580469a6,skill,Effectuer le suivi technique des produits et leur évolution auprès des clients,effectuer le suivi technique des produits et leur evolution aupres des clients,preferred,fr,ROME
SKL_3b653e41fdb5,skill,Concevoir et promouvoir une offre commerciale,concevoir et promouvoir une offre commerciale,preferred,fr,ROME
SKL_6853340492e5,skill,Assurer le suivi de la satisfaction clients,assurer le suivi de la satisfaction clients,preferred,fr,ROME
SKL_f86833c6520e,skill,Enregistrer et traiter les réclamations des clients et bénéficiaires,enregistrer et traiter les reclamations des clients et beneficiaires,preferred,fr,ROME
SKL_29ab2248a2c9,skill,Favoriser des relations d'échanges et un climat de coopération,favoriser des relations d'echanges et un climat de cooperation,preferred,fr,ROME
SKL_c0c12386edd9,skill,Etablir le planning et fixer les méthodes d'exécution du chantier,etablir le planning et fixer les methodes d'execution du chantier,preferred,fr,ROME
SKL_7a9899240edc,skill,Organiser les opérations à réaliser en vue de respecter les délais et les contraintes des chantiers,organiser les operations a realiser en vue de respecter les delais et les contraintes des chantiers,preferred,fr,ROME
SKL_cefa94a37a1f,skill,Analyser les informations relatives au déroulement de l'intervention en tenant compte des plans d'exécution et des schémas d'installation,analyser les informations relatives au deroulement de l'intervention en tenant compte des plans d'execution et des schemas d'installation,preferred,fr,ROME
SKL_ab459776205b,skill,Identifier les besoins en équipements et en matériels,identifier les besoins en equipements et en materiels,preferred,fr,ROME
SKL_15267cd36d66,skill,"Planifier et adapter si nécessaire, l'activité de l'équipe, assigner les tâches","planifier et adapter si necessaire, l'activite de l'equipe, assigner les taches",preferred,fr,ROME
SKL_f8fac2b22e2e,skill,"Organiser les postes de travail et définir les process sur le chantier conformément aux normes de sécurité, de qualité et de budget prévues au cahier des charges","organiser les postes de travail et definir les process sur le chantier conformement aux normes de securite, de qualite et de budget prevues au cahier des charges",preferred,fr,ROME
SKL_f47e114e0c3a,skill,"Réévaluer l'étude technique, le budget prévisionnel et élaborer le budget détaillé du chantier (volume de matériaux, ressources nécessaires humaines et matérielles...)","reevaluer l'etude technique, le budget previsionnel et elaborer le budget detaille du chantier (volume de materiaux, ressources necessaires humaines et materielles...)",preferred,fr,ROME
SKL_323c13bd307e,skill,"Effectuer le suivi des travaux (animation des réunions de suivi hebdomadaires, rédaction des comptes rendus, gestion qualité, coût, délai, planification, gestion des aléas, constat contradictoire)","effectuer le suivi des travaux (animation des reunions de suivi hebdomadaires, redaction des comptes rendus, gestion qualite, cout, delai, planification, gestion des aleas, constat contradictoire)",preferred,fr,ROME
SKL_ca170e79697f,skill,Contrôler les calendriers d'avancement des travaux et effectuer les ajustements nécessaires au respect des délais et du budget engagé,controler les calendriers d'avancement des travaux et effectuer les ajustements necessaires au respect des delais et du budget engage,preferred,fr,ROME
SKL_a5d6c5d9b70c,skill,"Superviser et gérer les moyens organisationnels, techniques, humains, financiers, logistiques et de communication pour réaliser les objectifs","superviser et gerer les moyens organisationnels, techniques, humains, financiers, logistiques et de communication pour realiser les objectifs",preferred,fr,ROME
SKL_ef4a44f21c20,skill,"Suivre et valider les partenaires, fournisseurs, prestataires participants au projet","suivre et valider les partenaires, fournisseurs, prestataires participants au projet",preferred,fr,ROME
SKL_4d48c45a352e,skill,"Assurer les relations et le suivi avec les différentes parties prenantes du projet (sous-traitants, fournisseurs, clients finaux, collectivités, opérateurs)","assurer les relations et le suivi avec les differentes parties prenantes du projet (sous-traitants, fournisseurs, clients finaux, collectivites, operateurs)",preferred,fr,ROME
SKL_c807ee2310f6,skill,Définir des stratégies de développement numérique,definir des strategies de developpement numerique,preferred,fr,ROME
SKL_81ffecb1ddce,skill,Superviser l'implémentation de solutions numériques,superviser l'implementation de solutions numeriques,preferred,fr,ROME
SKL_b62779daf950,skill,Promouvoir des initiatives de connectivité,promouvoir des initiatives de connectivite,preferred,fr,ROME
SKL_d97e56bf7086,skill,Gérer les crises et imprévus dans des projets connectés,gerer les crises et imprevus dans des projets connectes,preferred,fr,ROME
SKL_45cccdf8fbbd,skill,Négocier avec les fournisseurs et sous-traitants,negocier avec les fournisseurs et sous-traitants,preferred,fr,ROME
SKL_cd9d24561d03,skill,"Organiser le personnel de chantier en assurant l'accueil, la relation avec les représentants du personnel, les interventions en cas d'incidents ou d'accidents","organiser le personnel de chantier en assurant l'accueil, la relation avec les representants du personnel, les interventions en cas d'incidents ou d'accidents",preferred,fr,ROME
SKL_71be8f76a2a7,skill,Coordonner la sécurité d'un chantier,coordonner la securite d'un chantier,preferred,fr,ROME
SKL_8ada5937505a,skill,"Recueillir et définir les besoins de l'entreprise, des clients, des utilisateurs en matière de smart systems (capacité, fiabilité, sécurité, ..)","recueillir et definir les besoins de l'entreprise, des clients, des utilisateurs en matiere de smart systems (capacite, fiabilite, securite, ..)",preferred,fr,ROME
SKL_feb6e6db6cdd,skill,Evaluer les performances de l'équipe à travers des indicateurs clés,evaluer les performances de l'equipe a travers des indicateurs cles,preferred,fr,ROME
SKL_cdc713c0ede2,skill,Assurer la conformité des pratiques avec les réglementations en vigueur,assurer la conformite des pratiques avec les reglementations en vigueur,preferred,fr,ROME
SKL_88b98ad58d93,skill,Normes d'hygiène et de sécurité,normes d'hygiene et de securite,preferred,fr,ROME
SKL_ff0b1cdc4fea,skill,Lecture de plans et de schémas,lecture de plans et de schemas,preferred,fr,ROME
SKL_1a9bce2a49fd,skill,Technologies télécoms,technologies telecoms,preferred,fr,ROME
SKL_a5c89f4a40b1,skill,Management stratégique,management strategique,preferred,fr,ROME
SKL_eed5b6deaaf0,skill,Management opérationnel,management operationnel,preferred,fr,ROME
SKL_53bb7be7ebe8,skill,Gestion de projets territoriaux,gestion de projets territoriaux,preferred,fr,ROME
SKL_d6f8e9132b15,skill,Planification stratégique urbaine,planification strategique urbaine,preferred,fr,ROME
SKL_d04c2d129577,skill,Infrastructures numériques,infrastructures numeriques,preferred,fr,ROME
SKL_10f498341b11,skill,Techniques de médiation communautaire,techniques de mediation communautaire,preferred,fr,ROME
SKL_b2de069acb29,skill,Mastère spécialisé manager de projet d'innovation,mastere specialise manager de projet d'innovation,preferred,fr,ROME
SKL_97c315fa4d5a,skill,Mastère spécialisé manager les projets et la transformation,mastere specialise manager les projets et la transformation,preferred,fr,ROME
SKL_ca77cf3f8f42,skill,Analyser les besoins des utilisateurs pour orienter le développement,analyser les besoins des utilisateurs pour orienter le developpement,preferred,fr,ROME
SKL_ae1576e3571e,skill,Optimisation de performances informatiques,optimisation de performances informatiques,preferred,fr,ROME
SKL_ee46f504ef0b,skill,Développer des stratégies de tests adaptatives,developper des strategies de tests adaptatives,preferred,fr,ROME
SKL_d24560893c8e,skill,Documenter les processus qualité pour le développement logiciel,documenter les processus qualite pour le developpement logiciel,preferred,fr,ROME
SKL_6e0ca241672f,skill,Optimiser les processus de tests pour garantir la qualité,optimiser les processus de tests pour garantir la qualite,preferred,fr,ROME
SKL_d9b4d15a6162,skill,Assurer la conformité des logiciels aux normes de qualité,assurer la conformite des logiciels aux normes de qualite,preferred,fr,ROME
SKL_761c65e4427c,skill,Auditer régulièrement les pratiques de développement,auditer regulierement les pratiques de developpement,preferred,fr,ROME
SKL_8d56efb2bdc9,skill,Evaluer et sélectionner des outils de gestion de qualité,evaluer et selectionner des outils de gestion de qualite,preferred,fr,ROME
SKL_89a132cc914a,skill,Basic,basic,preferred,fr,ROME
SKL_71e9092c19ab,skill,Audit de sécurité,audit de securite,preferred,fr,ROME
SKL_3554553bafae,skill,Capacité d'analyse de code,capacite d'analyse de code,preferred,fr,ROME
SKL_badd974e44de,skill,Connaissance des principes de l'intégration continue,connaissance des principes de l'integration continue,preferred,fr,ROME
SKL_704e8a689692,skill,Gérer les sauvegardes de données et les plans de récupération,gerer les sauvegardes de donnees et les plans de recuperation,preferred,fr,ROME
SKL_4403c7aec485,skill,Réaliser la maintenance des serveurs et de la base de données,realiser la maintenance des serveurs et de la base de donnees,preferred,fr,ROME
SKL_86f3df526eb1,skill,Analyser et contrôler une consommation d'énergie,analyser et controler une consommation d'energie,preferred,fr,ROME
SKL_5687324a90ac,skill,Analyser les journaux de serveurs pour détecter des anomalies,analyser les journaux de serveurs pour detecter des anomalies,preferred,fr,ROME
SKL_d2e84bf833b2,skill,Communiquer efficacement avec les fournisseurs,communiquer efficacement avec les fournisseurs,preferred,fr,ROME
SKL_6fc0b8425763,skill,Appliquer des mises à jour de sécurité sur les serveurs,appliquer des mises a jour de securite sur les serveurs,preferred,fr,ROME
SKL_e2d0350bbc54,skill,Implémenter des solutions pour améliorer la redondance des données,implementer des solutions pour ameliorer la redondance des donnees,preferred,fr,ROME
SKL_59302fb0ec70,skill,Argumenter pour l'adoption de nouvelles technologies,argumenter pour l'adoption de nouvelles technologies,preferred,fr,ROME
SKL_d9f1710d9ccb,skill,Maintenance de serveurs,maintenance de serveurs,preferred,fr,ROME
SKL_0e9a6b1cde93,skill,Gestion de la sécurité des réseaux,gestion de la securite des reseaux,preferred,fr,ROME
SKL_0e14ea3b2d4e,skill,Analyse de la capacité des systèmes informatiques,analyse de la capacite des systemes informatiques,preferred,fr,ROME
SKL_8a7ae63e0d5e,skill,Déploiement de mises à jour de sécurité,deploiement de mises a jour de securite,preferred,fr,ROME
SKL_bcad08cdb51f,skill,Gestion des accès utilisateurs et des droits,gestion des acces utilisateurs et des droits,preferred,fr,ROME
SKL_1cb3284f37b2,skill,Conception de systèmes de détection d'intrusions,conception de systemes de detection d'intrusions,preferred,fr,ROME
SKL_4ececb5f07f6,skill,Formation des utilisateurs sur les pratiques de sécurité,formation des utilisateurs sur les pratiques de securite,preferred,fr,ROME
SKL_50e9efe6391e,skill,Bash,bash,preferred,fr,ROME
SKL_8dc27dc6772c,skill,"Licence pro mention systèmes automatisés, réseaux et informatique industrielle","licence pro mention systemes automatises, reseaux et informatique industrielle",preferred,fr,ROME
SKL_ec151b1b7c6f,skill,Certificat complémentaire de spécialisation administrer les serveurs Linux,certificat complementaire de specialisation administrer les serveurs linux,preferred,fr,ROME
SKL_67a56b8c68ae,skill,"Concevoir des consignes, procédures, cahiers des charges, rapports d'études à partir des résultats de tests et d'essais","concevoir des consignes, procedures, cahiers des charges, rapports d'etudes a partir des resultats de tests et d'essais",preferred,fr,ROME
SKL_a5dbd790628f,skill,Superviser un projet d'étude et développement,superviser un projet d'etude et developpement,preferred,fr,ROME
SKL_22689ec463aa,skill,"Analyser, résoudre un problème courant ou complexe","analyser, resoudre un probleme courant ou complexe",preferred,fr,ROME
SKL_3b4f484e6314,skill,Réaliser une opération de maintenance,realiser une operation de maintenance,preferred,fr,ROME
SKL_b2eb7d70381d,skill,"Réaliser une étude d'ergonomie, analyser les usages","realiser une etude d'ergonomie, analyser les usages",preferred,fr,ROME
SKL_f1ed5f3c4c17,skill,"Contrôler des indicateurs de performance, analyser et corriger des écarts","controler des indicateurs de performance, analyser et corriger des ecarts",preferred,fr,ROME
SKL_d7e810970a48,skill,Coordonner l'intervention d'équipes pluridisciplinaires,coordonner l'intervention d'equipes pluridisciplinaires,preferred,fr,ROME
SKL_4467934b65fe,skill,Superviser des responsables de projets ou d'activités,superviser des responsables de projets ou d'activites,preferred,fr,ROME
SKL_f47a758e85db,skill,Conduire des études pour l'amélioration continue,conduire des etudes pour l'amelioration continue,preferred,fr,ROME
SKL_0d3f1810954e,skill,Participer aux études de faisabilité technique et financière,participer aux etudes de faisabilite technique et financiere,preferred,fr,ROME
SKL_68acd60bf5a0,skill,Programmation en JavaScript,programmation en javascript,preferred,fr,ROME
SKL_a3a89d84a30e,skill,Blockchain,blockchain,preferred,fr,ROME
SKL_997547ad763d,skill,Virtualisation des serveurs,virtualisation des serveurs,preferred,fr,ROME
SKL_47fa7e4c50c5,skill,Planification stratégique des SI,planification strategique des si,preferred,fr,ROME
SKL_4bc4b9025095,skill,Machine Learning,machine learning,preferred,fr,ROME
SKL_8142993ad2b7,skill,Architecture des systèmes d'information,architecture des systemes d'information,preferred,fr,ROME
SKL_523a106bc5a0,skill,Gestion des risques et planification stratégique IT,gestion des risques et planification strategique it,preferred,fr,ROME
SKL_57c2c802a394,skill,"Réaliser les rapports de contrôles et de diagnostics d'anomalie ou de risque et les transmettre aux services production, maintenance, sécurité..","realiser les rapports de controles et de diagnostics d'anomalie ou de risque et les transmettre aux services production, maintenance, securite..",preferred,fr,ROME
SKL_29a89af2ed12,skill,"Recueillir et définir les besoins de l'entreprise, des clients, des utilisateurs en matière de systèmes télécoms (capacité, fiabilité, sécurité, ...)","recueillir et definir les besoins de l'entreprise, des clients, des utilisateurs en matiere de systemes telecoms (capacite, fiabilite, securite, ...)",preferred,fr,ROME
SKL_7193041269e9,skill,Régler et contrôler les installations,regler et controler les installations,preferred,fr,ROME
SKL_aa51cd68efd7,skill,Gérer le cycle de vie de la donnée conformément aux directives inscrites dans le RGPD,gerer le cycle de vie de la donnee conformement aux directives inscrites dans le rgpd,preferred,fr,ROME
SKL_7c3a41e91f6a,skill,Analyser les besoins client pour un projet IoT,analyser les besoins client pour un projet iot,preferred,fr,ROME
SKL_9ba04c2f4b13,skill,Intégrer des solutions de sécurité pour les dispositifs IoT,integrer des solutions de securite pour les dispositifs iot,preferred,fr,ROME
SKL_0914352aac4b,skill,Développer des interfaces de communication entre dispositifs,developper des interfaces de communication entre dispositifs,preferred,fr,ROME
SKL_ab07f55a390f,skill,Optimiser la consommation énergétique des systèmes IoT,optimiser la consommation energetique des systemes iot,preferred,fr,ROME
SKL_17afd4ed507a,skill,Organiser les opérations de maintenance,organiser les operations de maintenance,preferred,fr,ROME
SKL_5fa48277602e,skill,"Faire preuve de curiosité, d'ouverture d'esprit","faire preuve de curiosite, d'ouverture d'esprit",preferred,fr,ROME
SKL_ef1abe6c8238,skill,Traitement du signal numérique,traitement du signal numerique,preferred,fr,ROME
SKL_8bf4efca25e1,skill,Connectique,connectique,preferred,fr,ROME
SKL_146ce1417760,skill,Optimisation énergétique des processus électriques,optimisation energetique des processus electriques,preferred,fr,ROME
SKL_232412a899cd,skill,Système temps réel,systeme temps reel,preferred,fr,ROME
SKL_c61cd5691187,skill,Déploiement de réseau,deploiement de reseau,preferred,fr,ROME
SKL_0a55e1606c8c,skill,Cryptographie appliquée,cryptographie appliquee,preferred,fr,ROME
SKL_50f22b6512bb,skill,Protocoles de communication IoT,protocoles de communication iot,preferred,fr,ROME
SKL_2ae7c9b77472,skill,Sécurité des réseaux IoT,securite des reseaux iot,preferred,fr,ROME
SKL_65b975c06be4,skill,Design de l'expérience utilisateur pour IoT,design de l'experience utilisateur pour iot,preferred,fr,ROME
SKL_975610b613fd,skill,Gestion de projets IoT,gestion de projets iot,preferred,fr,ROME
SKL_2b75adb1196c,skill,Maintenance de systèmes IoT,maintenance de systemes iot,preferred,fr,ROME
SKL_2d28730e2d35,skill,Connaissance des standards IoT,connaissance des standards iot,preferred,fr,ROME
SKL_38c8454e1d1e,skill,Plateformes IoT,plateformes iot,preferred,fr,ROME
SKL_b35cdb6c820a,skill,Architecte internet des objets (IoT),architecte internet des objets (iot),preferred,fr,ROME
SKL_2219100f573b,skill,Expert des systèmes connectés (IoT),expert des systemes connectes (iot),preferred,fr,ROME
SKL_2c8e2dbd59b4,skill,Mastère spécialisé innovative and secure IoT systems,mastere specialise innovative and secure iot systems,preferred,fr,ROME
SKL_a45950aa004f,skill,Mastère spécialisé smart systems and IoT,mastere specialise smart systems and iot,preferred,fr,ROME
SKL_81216127ec4b,skill,Architecture de systèmes informatiques,architecture de systemes informatiques,preferred,fr,ROME
SKL_dfccf9bb2bb6,skill,"Conseiller en matière de prévention, de sécurité et de facteurs de risque","conseiller en matiere de prevention, de securite et de facteurs de risque",preferred,fr,ROME
SKL_02d6ee2dac47,skill,"Réaliser ou participer à la réalisation d'études de risques (identification, recensement, évaluation, ...)","realiser ou participer a la realisation d'etudes de risques (identification, recensement, evaluation, ...)",preferred,fr,ROME
SKL_7b3b98a961c1,skill,Définir des mesures de prévention des risques,definir des mesures de prevention des risques,preferred,fr,ROME
SKL_edb7113f7c93,skill,Déterminer des axes d'évolution technologiques,determiner des axes d'evolution technologiques,preferred,fr,ROME
SKL_a68eb7bbc2aa,skill,Mettre en place des mesures de sécurité,mettre en place des mesures de securite,preferred,fr,ROME
SKL_bc8a0efa4c01,skill,Former et informer les salariés pour les sensibiliser à la prévention des risques,former et informer les salaries pour les sensibiliser a la prevention des risques,preferred,fr,ROME
SKL_ccfb8b017b35,skill,Piloter un audit interne de sécurité réalisé par un prestataire externe,piloter un audit interne de securite realise par un prestataire externe,preferred,fr,ROME
SKL_f8192c8113be,skill,Déployer des modes de fonctionnement dégradés (solution d'attente) d'un équipement informatique ou bureautique,deployer des modes de fonctionnement degrades (solution d'attente) d'un equipement informatique ou bureautique,preferred,fr,ROME
SKL_f04e902859f1,skill,Assister la mise en place d'actions de prévention des risques,assister la mise en place d'actions de prevention des risques,preferred,fr,ROME
SKL_9602df0ed6af,skill,Garder son sang-froid dans une gestion de crise,garder son sang-froid dans une gestion de crise,preferred,fr,ROME
SKL_16e2748c151f,skill,Concevoir des architectures de sécurité,concevoir des architectures de securite,preferred,fr,ROME
SKL_5a25c9935a2f,skill,Analyseur de protocole de télécommunication,analyseur de protocole de telecommunication,preferred,fr,ROME
SKL_1f78dc1d161b,skill,Sécurité physique des datacenters,securite physique des datacenters,preferred,fr,ROME
SKL_2e5c794779dc,skill,Norme ISO/IEC 27001,norme iso/iec 27001,preferred,fr,ROME
SKL_1c770d6260f6,skill,Informations chiffrées ou codées,informations chiffrees ou codees,preferred,fr,ROME
SKL_741e99425276,skill,Firewalls et systèmes de détection d'intrusions,firewalls et systemes de detection d'intrusions,preferred,fr,ROME
SKL_de87253f16e3,skill,Test de pénétration et évaluation de la sécurité,test de penetration et evaluation de la securite,preferred,fr,ROME
SKL_505b297b5598,skill,Logiciels anti-virus et anti-malware,logiciels anti-virus et anti-malware,preferred,fr,ROME
SKL_1f45b60c22f4,skill,"EDR, NDR, XDR, scanner de vulnérabilité","edr, ndr, xdr, scanner de vulnerabilite",preferred,fr,ROME
SKL_771aa834a258,skill,Mastère spécialisé cybersécurité du numérique,mastere specialise cybersecurite du numerique,preferred,fr,ROME
SKL_50b1957918f5,skill,Traiter les demandes de support technique,traiter les demandes de support technique,preferred,fr,ROME
SKL_b1c904cce042,skill,Piloter une activité,piloter une activite,preferred,fr,ROME
SKL_4b43f19e097e,skill,Concevoir et déployer des outils de communication,concevoir et deployer des outils de communication,preferred,fr,ROME
SKL_83621319d546,skill,Assurer la maintenance préventive des réseaux,assurer la maintenance preventive des reseaux,preferred,fr,ROME
SKL_0f3a2ab24e17,skill,Surveiller la performance des systèmes de communication,surveiller la performance des systemes de communication,preferred,fr,ROME
SKL_d59ad6204aa4,skill,Collaborer avec les équipes pour intégrer de nouvelles solutions,collaborer avec les equipes pour integrer de nouvelles solutions,preferred,fr,ROME
SKL_3fbd996e9974,skill,Communiquer efficacement les mises à jour techniques,communiquer efficacement les mises a jour techniques,preferred,fr,ROME
SKL_1e6b347be5d5,skill,Respecter les normes de sécurité des données,respecter les normes de securite des donnees,preferred,fr,ROME
SKL_ed8cd6b18087,skill,Master mention culture et communication,master mention culture et communication,preferred,fr,ROME
SKL_2b251bc15749,skill,Actualiser des bases de données,actualiser des bases de donnees,preferred,fr,ROME
SKL_8f45c81705b3,skill,Documenter les procédures d'installation et de maintenance des logiciels,documenter les procedures d'installation et de maintenance des logiciels,preferred,fr,ROME
SKL_83da318d6221,skill,Développer des interfaces utilisateur ergonomiques,developper des interfaces utilisateur ergonomiques,preferred,fr,ROME
SKL_231b3354d1f3,skill,Configurer les serveurs pour améliorer la capacité de traitement,configurer les serveurs pour ameliorer la capacite de traitement,preferred,fr,ROME
SKL_e981404045e8,skill,Big Data,big data,preferred,fr,ROME
SKL_41a98b6132ca,skill,Mettre à jour les systèmes de messagerie pour assurer la compatibilité avec les nouveaux logiciels,mettre a jour les systemes de messagerie pour assurer la compatibilite avec les nouveaux logiciels,preferred,fr,ROME
SKL_7172672d02b4,skill,Former les utilisateurs à l'utilisation efficace des outils de messagerie,former les utilisateurs a l'utilisation efficace des outils de messagerie,preferred,fr,ROME
SKL_309b8ac21eb1,skill,Diagnostiquer et résoudre les problèmes techniques liés à la messagerie,diagnostiquer et resoudre les problemes techniques lies a la messagerie,preferred,fr,ROME
SKL_913edfa990c6,skill,Assurer la maintenance préventive des systèmes de messagerie pour éviter les pannes,assurer la maintenance preventive des systemes de messagerie pour eviter les pannes,preferred,fr,ROME
SKL_153b695e5c25,skill,Analyser les tendances d'utilisation de la messagerie pour prévoir les besoins futurs,analyser les tendances d'utilisation de la messagerie pour prevoir les besoins futurs,preferred,fr,ROME
SKL_7b512ed45f16,skill,Mise à jour de logiciels de sécurité,mise a jour de logiciels de securite,preferred,fr,ROME
SKL_574e0fac5782,skill,Planification de sauvegardes régulières,planification de sauvegardes regulieres,preferred,fr,ROME
SKL_a3ecb69cb5ec,skill,Configuration de filtres anti-spam,configuration de filtres anti-spam,preferred,fr,ROME
SKL_da367235313e,skill,Optimisation de la délivrabilité des emails,optimisation de la delivrabilite des emails,preferred,fr,ROME
SKL_78a080861647,skill,Formation des utilisateurs sur les bonnes pratiques,formation des utilisateurs sur les bonnes pratiques,preferred,fr,ROME
SKL_952586814d5a,skill,Surveillance du respect des politiques de sécurité,surveillance du respect des politiques de securite,preferred,fr,ROME
SKL_43d3f8f12a9b,skill,Licence pro mention logistique et systèmes d'information,licence pro mention logistique et systemes d'information,preferred,fr,ROME
SKL_78480d13fc24,skill,Réaliser des prototypes,realiser des prototypes,preferred,fr,ROME
SKL_6d02e3109e1c,skill,Réaliser un maquettage d'applications interactives,realiser un maquettage d'applications interactives,preferred,fr,ROME
SKL_a6a99e55c3c5,skill,Tester l'accessibilité et la fonctionnalité de produits multimédias,tester l'accessibilite et la fonctionnalite de produits multimedias,preferred,fr,ROME
SKL_409fa5ed8dcd,skill,Communiquer efficacement les concepts de design aux clients,communiquer efficacement les concepts de design aux clients,preferred,fr,ROME
SKL_fac2d2886418,skill,Respecter les délais et les spécifications des projets multimédias,respecter les delais et les specifications des projets multimedias,preferred,fr,ROME
SKL_480cfab84d60,skill,Construire son réseau professionnel dans le secteur multimédia,construire son reseau professionnel dans le secteur multimedia,preferred,fr,ROME
SKL_1658fde163c8,skill,Médias,medias,preferred,fr,ROME
SKL_75f9f8bcbe97,skill,Développement de logiciels personnalisés,developpement de logiciels personnalises,preferred,fr,ROME
SKL_7683a1d99f3c,skill,Optimisation SEO pour le multimédia,optimisation seo pour le multimedia,preferred,fr,ROME
SKL_dd84701bb36f,skill,Expert en sciences des données,expert en sciences des donnees,preferred,fr,ROME
SKL_2d10ee0c00e5,skill,Design d'expérience utilisateur,design d'experience utilisateur,preferred,fr,ROME
SKL_24e4ce2e13bd,skill,Bachelor en sciences et ingénierie - multimédia et technologie de l'information,bachelor en sciences et ingenierie - multimedia et technologie de l'information,preferred,fr,ROME
SKL_69ff6eac3662,skill,Mastère spécialisé concepteur de projet digital - création et production multimédia,mastere specialise concepteur de projet digital - creation et production multimedia,preferred,fr,ROME
SKL_3a072eac3910,skill,Techniques de l'animation 2D et 3D,techniques de l'animation 2d et 3d,preferred,fr,ROME
SKL_7bcfd9ad8f8c,skill,Traiter des données,traiter des donnees,preferred,fr,ROME
SKL_c08349c6d4b5,skill,Réaliser un audit,realiser un audit,preferred,fr,ROME
SKL_249c8a2ca92c,skill,Améliorer les processus de reporting financier,ameliorer les processus de reporting financier,preferred,fr,ROME
SKL_89d4abaee144,skill,Mettre en place des outils d'aide à la décision,mettre en place des outils d'aide a la decision,preferred,fr,ROME
SKL_9e9ae04cf0f7,skill,Analyser les tendances du marché pour anticiper les besoins,analyser les tendances du marche pour anticiper les besoins,preferred,fr,ROME
SKL_5ef64aa62a4e,skill,Assurer le suivi des chiffres de vente et réaliser le reporting associé,assurer le suivi des chiffres de vente et realiser le reporting associe,preferred,fr,ROME
SKL_b68a0853ece1,skill,Garantir la confidentialité des informations,garantir la confidentialite des informations,preferred,fr,ROME
SKL_580ba2e85232,skill,Concevoir des systèmes de reporting pour le suivi des performances,concevoir des systemes de reporting pour le suivi des performances,preferred,fr,ROME
SKL_28f1c6e2eb90,skill,Evaluer l'efficacité des outils analytiques,evaluer l'efficacite des outils analytiques,preferred,fr,ROME
SKL_b13ec543c94e,skill,Collaborer avec les équipes pour comprendre les besoins en données,collaborer avec les equipes pour comprendre les besoins en donnees,preferred,fr,ROME
SKL_39e35dda964b,skill,Evaluer l'impact des changements stratégiques sur les indicateurs de performance (KPI),evaluer l'impact des changements strategiques sur les indicateurs de performance (kpi),preferred,fr,ROME
SKL_999a1dc7bf76,skill,Intégrer des considérations éthiques dans l'analyse de données,integrer des considerations ethiques dans l'analyse de donnees,preferred,fr,ROME
SKL_0d5ae217b89e,skill,Améliorer continuellement les méthodes d'analyse,ameliorer continuellement les methodes d'analyse,preferred,fr,ROME
SKL_be3c309105a5,skill,Documenter les procédures d'analyse pour assurer la continuité,documenter les procedures d'analyse pour assurer la continuite,preferred,fr,ROME
SKL_851149191a1f,skill,Planifier des sessions de brainstorming pour l'innovation en données,planifier des sessions de brainstorming pour l'innovation en donnees,preferred,fr,ROME
SKL_2827a2e90814,skill,Principes d'optimisation des coûts,principes d'optimisation des couts,preferred,fr,ROME
SKL_a527931fe1ea,skill,Conformité réglementaire,conformite reglementaire,preferred,fr,ROME
SKL_91e5d7967e72,skill,"Master mention mathématiques appliquées, statistique","master mention mathematiques appliquees, statistique",preferred,fr,ROME
SKL_f5a73590f9b2,skill,Planification stratégique,planification strategique,preferred,fr,ROME
SKL_d2abf04e6107,skill,Développement de tableaux de bord,developpement de tableaux de bord,preferred,fr,ROME
SKL_d804024e2dff,skill,Analyse prédictive,analyse predictive,preferred,fr,ROME
SKL_233cfb908117,skill,Gestion de la performance d'entreprise,gestion de la performance d'entreprise,preferred,fr,ROME
SKL_e42e3bdac36d,skill,"Master droit, économie, gestion mention économie politique et institutions","master droit, economie, gestion mention economie politique et institutions",preferred,fr,ROME
SKL_1607250f0f04,skill,Master mention économie appliquée,master mention economie appliquee,preferred,fr,ROME
SKL_d3ef66a272d3,skill,Optimiser les processus de traitement de données,optimiser les processus de traitement de donnees,preferred,fr,ROME
SKL_b09d44b22bea,skill,Faciliter la migration des systèmes vers de nouvelles plateformes,faciliter la migration des systemes vers de nouvelles plateformes,preferred,fr,ROME
SKL_7f5d7c2ae7c9,skill,Faciliter la communication interne et externe,faciliter la communication interne et externe,preferred,fr,ROME
SKL_4a045bc7c93f,skill,Superviser l'intégration continue des projets logiciels,superviser l'integration continue des projets logiciels,preferred,fr,ROME
SKL_312d74d8f63e,skill,Evaluer les risques liés aux nouveaux projets informatiques,evaluer les risques lies aux nouveaux projets informatiques,preferred,fr,ROME
SKL_c4257d5a2ddb,skill,Gérer la documentation technique et les archives de projets,gerer la documentation technique et les archives de projets,preferred,fr,ROME
SKL_a6b7c229c21f,skill,J2ME,j2me,preferred,fr,ROME
SKL_f04379a5e1c0,skill,Conception d'architectures logicielles,conception d'architectures logicielles,preferred,fr,ROME
SKL_d0e52ed4435e,skill,Planification de projets IT,planification de projets it,preferred,fr,ROME
SKL_3a8a4274846e,skill,"Déterminer les implantations de relais, pylônes et câbles","determiner les implantations de relais, pylones et cables",preferred,fr,ROME
SKL_8d0e2ae0b6e3,skill,Maitriser les éléments du Business Plan et de l'analyse de la valeur,maitriser les elements du business plan et de l'analyse de la valeur,preferred,fr,ROME
SKL_97bba8171626,skill,Techniques de multiplexage,techniques de multiplexage,preferred,fr,ROME
SKL_fa5535399df2,skill,"Réseaux de localisation (GPS, Galileo)","reseaux de localisation (gps, galileo)",preferred,fr,ROME
SKL_128e865acb15,skill,Plateformes de service,plateformes de service,preferred,fr,ROME
SKL_76e9a2f247bd,skill,Techniques de gestion de projet,techniques de gestion de projet,preferred,fr,ROME
SKL_f5ac080cfb3e,skill,Réseaux de télécommunication,reseaux de telecommunication,preferred,fr,ROME
SKL_44d9f5af1d4c,skill,Cloud computing et architectures distribuées,cloud computing et architectures distribuees,preferred,fr,ROME
SKL_0f686555b9a2,skill,Optimiser le référencement naturel (SEO) des sites web,optimiser le referencement naturel (seo) des sites web,preferred,fr,ROME
SKL_39f0a959ded1,skill,Assurer la compatibilité des applications sur différents navigateurs,assurer la compatibilite des applications sur differents navigateurs,preferred,fr,ROME
SKL_07100f4133c0,skill,Intégrer des éléments graphiques et visuels en respectant les standards web,integrer des elements graphiques et visuels en respectant les standards web,preferred,fr,ROME
SKL_71bba1911cee,skill,Configurer des serveurs web et gérer le déploiement,configurer des serveurs web et gerer le deploiement,preferred,fr,ROME
SKL_88e793cc636e,skill,Créer des animations et des effets visuels dynamiques,creer des animations et des effets visuels dynamiques,preferred,fr,ROME
SKL_c5f8a8495994,skill,Résoudre les problèmes techniques et bugs des sites,resoudre les problemes techniques et bugs des sites,preferred,fr,ROME
SKL_cf7a4323e160,skill,Assurer la formation des clients sur la gestion du site web,assurer la formation des clients sur la gestion du site web,preferred,fr,ROME
SKL_f66f819f6380,skill,Développer des outils de monitoring pour les performances web,developper des outils de monitoring pour les performances web,preferred,fr,ROME
SKL_c4bd6975ec1a,skill,CMS (Système de gestion de contenu),cms (systeme de gestion de contenu),preferred,fr,ROME
SKL_4405c3426ef4,skill,Optimisation des performances web,optimisation des performances web,preferred,fr,ROME
SKL_67aee5d26583,skill,Utilisation de frameworks JavaScript,utilisation de frameworks javascript,preferred,fr,ROME
SKL_86f1d960e253,skill,"Licence sciences, technologies, santé mention informatique et applications","licence sciences, technologies, sante mention informatique et applications",preferred,fr,ROME
SKL_a0cc7e17d869,skill,"Veiller au respect de la loi Informatique et Libertés, gérer la liste des traitements de données à caractère personnel, faire l'interface avec la CNIL","veiller au respect de la loi informatique et libertes, gerer la liste des traitements de donnees a caractere personnel, faire l'interface avec la cnil",preferred,fr,ROME
SKL_38c4bd87aa93,skill,Analyser les risques de sécurité informatique,analyser les risques de securite informatique,preferred,fr,ROME
SKL_2776e0194014,skill,Communiquer efficacement sur les risques de sécurité,communiquer efficacement sur les risques de securite,preferred,fr,ROME
SKL_e334c6d1f9da,skill,Agir rapidement en cas de détection d'intrusion,agir rapidement en cas de detection d'intrusion,preferred,fr,ROME
SKL_23b3857d2087,skill,Gérer les incidents de sécurité et les réponses aux incidents,gerer les incidents de securite et les reponses aux incidents,preferred,fr,ROME
SKL_dfbf1bd1b942,skill,Respecter les politiques de confidentialité des données,respecter les politiques de confidentialite des donnees,preferred,fr,ROME
SKL_e5448aeeb3d5,skill,Développer des stratégies pour améliorer la sécurité continue,developper des strategies pour ameliorer la securite continue,preferred,fr,ROME
SKL_7f1796d8ab05,skill,Procédures de vérification d'identité,procedures de verification d'identite,preferred,fr,ROME
SKL_d7039dec49fc,skill,Informatique scientifique,informatique scientifique,preferred,fr,ROME
SKL_621ae4da4d3c,skill,Protection contre les malwares,protection contre les malwares,preferred,fr,ROME
SKL_27e5802d2e89,skill,Gestion des menaces et des vulnérabilités,gestion des menaces et des vulnerabilites,preferred,fr,ROME
SKL_7bce9e34b95f,skill,Formation à la sécurité informatique,formation a la securite informatique,preferred,fr,ROME
SKL_77d8235918c8,skill,Expert en cybersécurité,expert en cybersecurite,preferred,fr,ROME
SKL_b2ae56c4c0ba,skill,"Ingénieur systèmes, réseaux et cybersécurité","ingenieur systemes, reseaux et cybersecurite",preferred,fr,ROME
SKL_304190489074,skill,"Dimensionner, planifier et suivre la capacité du réseau télécom et de ses interconnexions","dimensionner, planifier et suivre la capacite du reseau telecom et de ses interconnexions",preferred,fr,ROME
SKL_3ea0df39edcd,skill,"Analyser les conditions de fonctionnement et d'utilisation et mettre en place des solutions d'ajustement, d'évolution ou de migration de réseaux et de ressources","analyser les conditions de fonctionnement et d'utilisation et mettre en place des solutions d'ajustement, d'evolution ou de migration de reseaux et de ressources",preferred,fr,ROME
SKL_5f02f6c14c5a,skill,"Calculer un dimensionnement thermique, hydraulique ou aéraulique","calculer un dimensionnement thermique, hydraulique ou aeraulique",preferred,fr,ROME
SKL_84009bd63a88,skill,Identifier et mettre en oeuvre les procédures garantissant la sécurité de locaux,identifier et mettre en oeuvre les procedures garantissant la securite de locaux,preferred,fr,ROME
SKL_d257fbf1a1d9,skill,"Assurer la réalisation des activités dans le respect des objectifs de qualité, de coût et de délais","assurer la realisation des activites dans le respect des objectifs de qualite, de cout et de delais",preferred,fr,ROME
SKL_bfbd81225cf0,skill,Mesurer des caractéristiques électriques,mesurer des caracteristiques electriques,preferred,fr,ROME
SKL_847279ce09c9,skill,"Adapter son activité à l'utilisation de robots, cobots, outils et interfaces numériques","adapter son activite a l'utilisation de robots, cobots, outils et interfaces numeriques",preferred,fr,ROME
SKL_3bdb77b16c28,skill,"Planifier la production, estimer les besoins en matériel, matériaux et main-d'œuvre, afin de respecter les contraintes de coûts et les délais de réalisation","planifier la production, estimer les besoins en materiel, materiaux et main-d'oeuvre, afin de respecter les contraintes de couts et les delais de realisation",preferred,fr,ROME
SKL_0b8697ef5470,skill,Faire preuve de sens commercial et d'aisance relationnelle,faire preuve de sens commercial et d'aisance relationnelle,preferred,fr,ROME
SKL_dd70b99472ef,skill,"Dimensionner une installation électrique, frigorifique ou connectique","dimensionner une installation electrique, frigorifique ou connectique",preferred,fr,ROME
SKL_376a57cb5a9b,skill,Etablir et mettre à jour les plans d'urbanisation des salles informatiques,etablir et mettre a jour les plans d'urbanisation des salles informatiques,preferred,fr,ROME
SKL_cafbe15c6348,skill,Réaliser des études d'organisation et d'évolution des architectures et configurations du datacenter,realiser des etudes d'organisation et d'evolution des architectures et configurations du datacenter,preferred,fr,ROME
SKL_822b843cd870,skill,Proposer et valider les choix d'urbanisation des clients,proposer et valider les choix d'urbanisation des clients,preferred,fr,ROME
SKL_c0a5bddffac6,skill,Implémenter des solutions pour améliorer l'efficacité énergétique des réseaux,implementer des solutions pour ameliorer l'efficacite energetique des reseaux,preferred,fr,ROME
SKL_4e2b55526088,skill,Etablir et tenir à jour un guide de procédures d'intervention sur les équipements du Datacenter,etablir et tenir a jour un guide de procedures d'intervention sur les equipements du datacenter,preferred,fr,ROME
SKL_987a0f14bf62,skill,Maîtriser la réglementation en vigueur en lien avec son secteur d'activité,maitriser la reglementation en vigueur en lien avec son secteur d'activite,preferred,fr,ROME
SKL_ccea1e515de9,skill,Respecter les contraintes de coûts et de délais de réalisation,respecter les contraintes de couts et de delais de realisation,preferred,fr,ROME
SKL_1fe2c0146a64,skill,Analyser les besoins des clients par la définition des projets et la proposition de choix techniques,analyser les besoins des clients par la definition des projets et la proposition de choix techniques,preferred,fr,ROME
SKL_7a220ac73bd7,skill,Elaborer des plans détaillés pour la disposition des équipements et des infrastructures,elaborer des plans detailles pour la disposition des equipements et des infrastructures,preferred,fr,ROME
SKL_41aa3970ded4,skill,Concevoir des solutions d'optimisation de l'espace et de l'efficacité énergétique,concevoir des solutions d'optimisation de l'espace et de l'efficacite energetique,preferred,fr,ROME
SKL_a7de506bc772,skill,Intégrer des technologies innovantes pour améliorer les performances des datacenters,integrer des technologies innovantes pour ameliorer les performances des datacenters,preferred,fr,ROME
SKL_f8333c732db8,skill,"Superviser l'alimentation électrique, le refroidissement, et la connectivité réseau","superviser l'alimentation electrique, le refroidissement, et la connectivite reseau",preferred,fr,ROME
SKL_95cfdefc3cd4,skill,Gérer efficacement des ressources pour minimiser les coûts et maximiser l'efficacité,gerer efficacement des ressources pour minimiser les couts et maximiser l'efficacite,preferred,fr,ROME
SKL_90ebc8f7272b,skill,Gérer les projets de construction et de rénovation des datacenters,gerer les projets de construction et de renovation des datacenters,preferred,fr,ROME
SKL_d380c0a3ff21,skill,Règles et consignes de sécurité,regles et consignes de securite,preferred,fr,ROME
SKL_3c55f414df96,skill,Electricité,electricite,preferred,fr,ROME
SKL_39a3fb05270d,skill,Utilisation de matériel de contrôle et mesure,utilisation de materiel de controle et mesure,preferred,fr,ROME
SKL_b91c6acaad45,skill,Thermique,thermique,preferred,fr,ROME
SKL_d0ea9dd07926,skill,Procédés de traitement thermique,procedes de traitement thermique,preferred,fr,ROME
SKL_627e35579511,skill,Travaux électriques basse tension,travaux electriques basse tension,preferred,fr,ROME
SKL_e4ff62a15b42,skill,Principes de fonctionnement d'un système de climatisation,principes de fonctionnement d'un systeme de climatisation,preferred,fr,ROME
SKL_91571fc29668,skill,Procédures d'entretien d'équipements,procedures d'entretien d'equipements,preferred,fr,ROME
SKL_94c80b17f7cd,skill,Données de maintenance,donnees de maintenance,preferred,fr,ROME
SKL_3959be9f4a59,skill,Génie énergétique,genie energetique,preferred,fr,ROME
SKL_a7a50a19066a,skill,Spécificités des fluides frigorigènes,specificites des fluides frigorigenes,preferred,fr,ROME
SKL_2718a66d077a,skill,Pratique de l'anglais,pratique de l'anglais,preferred,fr,ROME
SKL_023f8597506c,skill,H0B0 Habilitation électrique,h0b0 habilitation electrique,preferred,fr,ROME
SKL_b455203748a2,skill,Electronique,electronique,preferred,fr,ROME
SKL_5f10c85ca498,skill,Normes de qualité (ISO 7001...),normes de qualite (iso 7001...),preferred,fr,ROME
SKL_f8b97d1a40e8,skill,Types d'isolation thermique,types d'isolation thermique,preferred,fr,ROME
SKL_260088c5a4e9,skill,Titre professionnel administrateur réseau NetOps,titre professionnel administrateur reseau netops,preferred,fr,ROME
SKL_f88175b323fb,skill,Effectuer la mise à jour de logiciels,effectuer la mise a jour de logiciels,preferred,fr,ROME
SKL_d598764c80c3,skill,Assurer la mise à jour des normes de sécurité applicables,assurer la mise a jour des normes de securite applicables,preferred,fr,ROME
SKL_d6c9d1975e49,skill,Optimiser les processus de maintenance logicielle,optimiser les processus de maintenance logicielle,preferred,fr,ROME
SKL_d50596244f0f,skill,Coordonner les mises à jour logicielles,coordonner les mises a jour logicielles,preferred,fr,ROME
SKL_85e638fe98d6,skill,Superviser les opérations de maintenance,superviser les operations de maintenance,preferred,fr,ROME
SKL_09f2f928b0f8,skill,Contrôle qualité,controle qualite,preferred,fr,ROME
SKL_3ea509d79b87,skill,Méthodes et outils de résolution de problèmes,methodes et outils de resolution de problemes,preferred,fr,ROME
SKL_cb94438054ad,skill,Coordination d'équipe,coordination d'equipe,preferred,fr,ROME
SKL_697503bc0649,skill,Coordonner les équipes de développement ou de production pour respecter les délais,coordonner les equipes de developpement ou de production pour respecter les delais,preferred,fr,ROME
SKL_0192fcf7d4c6,skill,Rédaction de cahier des charges,redaction de cahier des charges,preferred,fr,ROME
SKL_e20c70cbab82,skill,Reporting et communication,reporting et communication,preferred,fr,ROME
SKL_9a94e1dc58fc,skill,Gestion des ressources,gestion des ressources,preferred,fr,ROME
SKL_ee555525ec84,skill,Analyser les besoins de stockage de données,analyser les besoins de stockage de donnees,preferred,fr,ROME
SKL_b982bdc383e1,skill,Optimiser les performances des systèmes cloud,optimiser les performances des systemes cloud,preferred,fr,ROME
SKL_44b81337ce95,skill,Assurer la maintenance préventive des solutions cloud,assurer la maintenance preventive des solutions cloud,preferred,fr,ROME
SKL_6688590750a6,skill,Implémenter des solutions de récupération après sinistre,implementer des solutions de recuperation apres sinistre,preferred,fr,ROME
SKL_c2d120d9c966,skill,Conseiller sur les meilleures pratiques de cloud computing,conseiller sur les meilleures pratiques de cloud computing,preferred,fr,ROME
SKL_ba70f4573cac,skill,Former les utilisateurs aux outils cloud,former les utilisateurs aux outils cloud,preferred,fr,ROME
SKL_e5951109da58,skill,Tester la résilience des systèmes face aux pannes,tester la resilience des systemes face aux pannes,preferred,fr,ROME
SKL_2bda6d3992d4,skill,Assurer la conformité réglementaire des solutions cloud,assurer la conformite reglementaire des solutions cloud,preferred,fr,ROME
SKL_086aef092d5f,skill,Intégrer des solutions écologiques dans les infrastructures cloud,integrer des solutions ecologiques dans les infrastructures cloud,preferred,fr,ROME
SKL_4f0dbc66ae10,skill,Promouvoir l'utilisation de technologies vertes dans le cloud,promouvoir l'utilisation de technologies vertes dans le cloud,preferred,fr,ROME
SKL_dc57947c87ee,skill,Elaborer des stratégies de sauvegarde des données,elaborer des strategies de sauvegarde des donnees,preferred,fr,ROME
SKL_08cf0f912d5c,skill,Conduire des réunions de projet cloud,conduire des reunions de projet cloud,preferred,fr,ROME
SKL_46a77b7e0124,skill,Assurer la liaison entre les équipes techniques et non techniques,assurer la liaison entre les equipes techniques et non techniques,preferred,fr,ROME
SKL_c4b9054be135,skill,Evaluer l'impact environnemental des solutions cloud,evaluer l'impact environnemental des solutions cloud,preferred,fr,ROME
SKL_ab2bba24bef4,skill,Surveiller les tendances du marché du cloud,surveiller les tendances du marche du cloud,preferred,fr,ROME
SKL_445040a58ee7,skill,Adapter les solutions cloud aux besoins spécifiques des clients,adapter les solutions cloud aux besoins specifiques des clients,preferred,fr,ROME
SKL_30b9ef76d25d,skill,Résoudre les problèmes techniques,resoudre les problemes techniques,preferred,fr,ROME
SKL_2f344f5980b0,skill,Sécurité des applications cloud,securite des applications cloud,preferred,fr,ROME
SKL_33204119e223,skill,Monitoring et performance du cloud,monitoring et performance du cloud,preferred,fr,ROME
SKL_7bceeef918c6,skill,Intégration de services tiers dans le cloud,integration de services tiers dans le cloud,preferred,fr,ROME
SKL_ff46f67bf0ea,skill,Analyse des besoins clients pour le cloud,analyse des besoins clients pour le cloud,preferred,fr,ROME
SKL_d021e87fb75d,skill,Conformité et réglementations du cloud,conformite et reglementations du cloud,preferred,fr,ROME
SKL_2e9e7cc210c6,skill,Stratégies de backup et de récupération cloud,strategies de backup et de recuperation cloud,preferred,fr,ROME
SKL_91fd405143c4,skill,Evaluation des risques liés au cloud,evaluation des risques lies au cloud,preferred,fr,ROME
SKL_7f6fa7ff4cb5,skill,Développement de politiques de gouvernance cloud,developpement de politiques de gouvernance cloud,preferred,fr,ROME
SKL_5070a842190d,skill,Communiquer les résultats aux parties prenantes,communiquer les resultats aux parties prenantes,preferred,fr,ROME
SKL_f266873d7184,skill,Contrôler la qualité et la conformité des process,controler la qualite et la conformite des process,preferred,fr,ROME
SKL_0eb96549bbaa,skill,Respecter les délais de production pour répondre aux demandes des clients,respecter les delais de production pour repondre aux demandes des clients,preferred,fr,ROME
SKL_0e1d17eb13c2,skill,Documenter les solutions techniques pour les développeurs,documenter les solutions techniques pour les developpeurs,preferred,fr,ROME
SKL_f3c431d10ce0,skill,Gestion de version de code,gestion de version de code,preferred,fr,ROME
SKL_85c14ea1f745,skill,Renseigner les supports de suivi d'intervention,renseigner les supports de suivi d'intervention,preferred,fr,ROME
SKL_563fe2ea6dee,skill,"Détecter les dysfonctionnements des installations, déterminer les causes de panne et établir les demandes d'intervention de maintenance","detecter les dysfonctionnements des installations, determiner les causes de panne et etablir les demandes d'intervention de maintenance",preferred,fr,ROME
SKL_08ad610f183d,skill,Rédiger un rapport d'évaluation,rediger un rapport d'evaluation,preferred,fr,ROME
SKL_a0b487804872,skill,Réaliser un diagnostic à partir de dysfonctionnements constatés,realiser un diagnostic a partir de dysfonctionnements constates,preferred,fr,ROME
SKL_b98d13b7a7f4,skill,Rédiger un compte rendu de réunion,rediger un compte rendu de reunion,preferred,fr,ROME
SKL_b2a7790f3bcb,skill,Planifier des interventions de maintenance,planifier des interventions de maintenance,preferred,fr,ROME
SKL_316c19190469,skill,Contrôler le déroulement de travaux,controler le deroulement de travaux,preferred,fr,ROME
SKL_eeecf557e67b,skill,Contrôler l'état d'avancement des travaux,controler l'etat d'avancement des travaux,preferred,fr,ROME
SKL_9a4a245244c4,skill,Sensibiliser à l'environnement et promouvoir le développement durable,sensibiliser a l'environnement et promouvoir le developpement durable,preferred,fr,ROME
SKL_66dcf15ec98b,skill,Mettre en place des indicateurs de performance technique,mettre en place des indicateurs de performance technique,preferred,fr,ROME
SKL_46158ca41829,skill,Assurer la maintenance préventive de base des équipements,assurer la maintenance preventive de base des equipements,preferred,fr,ROME
SKL_c46c1f02d161,skill,Intégrer l'écoresponsabilité dans toutes les dimensions de son activité,integrer l'ecoresponsabilite dans toutes les dimensions de son activite,preferred,fr,ROME
SKL_2f0fb52ae9a2,skill,Respecter les règles de sécurité dont le port des EPI et la tenue vestimentaire adaptée,respecter les regles de securite dont le port des epi et la tenue vestimentaire adaptee,preferred,fr,ROME
SKL_952740d1e5d4,skill,Coordonner les activités de l'équipe sur le terrain,coordonner les activites de l'equipe sur le terrain,preferred,fr,ROME
SKL_3ec76b821ac0,skill,Analyser les données d'exploitation pour améliorer le service,analyser les donnees d'exploitation pour ameliorer le service,preferred,fr,ROME
SKL_b64c22b6496e,skill,Développer des stratégies d'expansion du réseau,developper des strategies d'expansion du reseau,preferred,fr,ROME
SKL_c5f044ea160e,skill,Collaborer avec d'autres services pour l'efficacité,collaborer avec d'autres services pour l'efficacite,preferred,fr,ROME
SKL_33ef63f6315b,skill,Animer des réunions de suivi de travaux,animer des reunions de suivi de travaux,preferred,fr,ROME
SKL_4c69bd316252,skill,Contrôler une opération de maintenance,controler une operation de maintenance,preferred,fr,ROME
SKL_8f479a44e368,skill,Evaluer les risques liés aux projets de fibre,evaluer les risques lies aux projets de fibre,preferred,fr,ROME
SKL_b08a8338dbd9,skill,Négocier avec les fournisseurs pour l'achat de matériel et de services,negocier avec les fournisseurs pour l'achat de materiel et de services,preferred,fr,ROME
SKL_5fbe21bc728f,skill,"Utilisation d'appareils de mesure optique (réflectomètre, wattmètre optique, photomètre, stylo optique ...)","utilisation d'appareils de mesure optique (reflectometre, wattmetre optique, photometre, stylo optique ...)",preferred,fr,ROME
SKL_b8e7217dd8a0,skill,Génie civil,genie civil,preferred,fr,ROME
SKL_b0a646f90e0a,skill,Voirie Réseaux Divers (VRD),voirie reseaux divers (vrd),preferred,fr,ROME
SKL_82d72768b9eb,skill,Autorisation d'intervention à proximité des réseaux (AIPR),autorisation d'intervention a proximite des reseaux (aipr),preferred,fr,ROME
SKL_bb27fd2e39da,skill,Maîtrise des logiciels de cartographie et SIG,maitrise des logiciels de cartographie et sig,preferred,fr,ROME
SKL_185757dfc8c3,skill,Techniques de raccordement de câbles optiques,techniques de raccordement de cables optiques,preferred,fr,ROME
SKL_33792e102650,skill,Analyse de la qualité du signal optique,analyse de la qualite du signal optique,preferred,fr,ROME
SKL_772a651c0431,skill,Evolution des règles de l'ARCEP / Mission THD,evolution des regles de l'arcep / mission thd,preferred,fr,ROME
SKL_ad5ea1dbf409,skill,Outils de reporting,outils de reporting,preferred,fr,ROME
SKL_149224c4d661,skill,"Progiciels de ""Workflow""","progiciels de ""workflow""",preferred,fr,ROME
SKL_53d753115d7a,skill,Logiciel d'exploitation qui attribue et gère les bras optiques,logiciel d'exploitation qui attribue et gere les bras optiques,preferred,fr,ROME
SKL_d4ea197fa4a8,skill,"Ingénieur diplômé de l'école nationale supérieure d'électrotechnique, d'électronique, d'informatique, d'hydraulique et des télécommunications de l'institut national polytechnique de Toulouse spécialité informatique et télécommunications","ingenieur diplome de l'ecole nationale superieure d'electrotechnique, d'electronique, d'informatique, d'hydraulique et des telecommunications de l'institut national polytechnique de toulouse specialite informatique et telecommunications",preferred,fr,ROME
SKL_8b07effede98,skill,Documenter les interventions et les anomalies rencontrées,documenter les interventions et les anomalies rencontrees,preferred,fr,ROME
SKL_1f016dd70007,skill,Sensibiliser et former les personnels aux consignes de sécurité et de prévention,sensibiliser et former les personnels aux consignes de securite et de prevention,preferred,fr,ROME
SKL_c369b2be8e3d,skill,Analyser les risques de sécurité pour les systèmes informatiques,analyser les risques de securite pour les systemes informatiques,preferred,fr,ROME
SKL_c3bd1f6ef3a5,skill,Tester la résilience des systèmes face aux attaques simulées,tester la resilience des systemes face aux attaques simulees,preferred,fr,ROME
SKL_f124284db20e,skill,Documenter les procédures de sécurité pour le personnel technique,documenter les procedures de securite pour le personnel technique,preferred,fr,ROME
SKL_829f0920c49d,skill,Participer à des conférences sur la sécurité pour rester informé des dernières menaces,participer a des conferences sur la securite pour rester informe des dernieres menaces,preferred,fr,ROME
SKL_095ea598d479,skill,Utiliser des outils de cryptographie pour sécuriser les données,utiliser des outils de cryptographie pour securiser les donnees,preferred,fr,ROME
SKL_7bd8d79270c8,skill,Analyser les logs pour identifier les tentatives d'intrusion,analyser les logs pour identifier les tentatives d'intrusion,preferred,fr,ROME
SKL_d9030c74bea1,skill,Superviser les équipes de sécurité lors des audits externes,superviser les equipes de securite lors des audits externes,preferred,fr,ROME
SKL_1bc4fb07f5b5,skill,Gestion des accès et des identités,gestion des acces et des identites,preferred,fr,ROME
SKL_0c58b165d57e,skill,Sécurité des réseaux sans fil,securite des reseaux sans fil,preferred,fr,ROME
SKL_291c13aa8b7d,skill,Sécurité physique des systèmes informatiques,securite physique des systemes informatiques,preferred,fr,ROME
SKL_c03acc97253b,skill,Protection des données personnelles,protection des donnees personnelles,preferred,fr,ROME
SKL_d678036380ac,skill,Sécurité des transactions électroniques,securite des transactions electroniques,preferred,fr,ROME
SKL_d50b181ebb2c,skill,Sécurité des paiements en ligne,securite des paiements en ligne,preferred,fr,ROME
SKL_f5fa620c6da9,skill,Sécurité des serveurs web,securite des serveurs web,preferred,fr,ROME
SKL_4fffa72df87b,skill,Sécurité des communications unifiées,securite des communications unifiees,preferred,fr,ROME
SKL_70cf136836d5,skill,Sécurité des infrastructures critiques,securite des infrastructures critiques,preferred,fr,ROME
SKL_9781e6918789,skill,Expert en cybersécurité des systèmes d'information,expert en cybersecurite des systemes d'information,preferred,fr,ROME
SKL_2a0ab2a27860,skill,Expert en sécurité des systèmes d'information,expert en securite des systemes d'information,preferred,fr,ROME
SKL_935f71d87b71,skill,Ingénieur diplômé de l'institut national des sciences appliquées Centre Val de Loire spécialité sécurité informatique,ingenieur diplome de l'institut national des sciences appliquees centre val de loire specialite securite informatique,preferred,fr,ROME
SKL_afef320ab94a,skill,Ingénieur diplômé de l'institut national des sciences appliquées Hauts-de-France spécialité informatique et cybersécurité (Université polytechnique Hauts-de-France),ingenieur diplome de l'institut national des sciences appliquees hauts-de-france specialite informatique et cybersecurite (universite polytechnique hauts-de-france),preferred,fr,ROME
SKL_d21e4d772b7f,skill,Spécialiste en cybersécurité,specialiste en cybersecurite,preferred,fr,ROME
SKL_7ade5d93eec5,skill,"Comprendre, interpréter des données et documents techniques","comprendre, interpreter des donnees et documents techniques",preferred,fr,ROME
SKL_13587901294b,skill,"Mettre en oeuvre une stratégie, un plan d'actions","mettre en oeuvre une strategie, un plan d'actions",preferred,fr,ROME
SKL_4dbc7ed9ae9c,skill,"Déterminer des objectifs de performance, suivre les réalisations et identifier les actions correctives","determiner des objectifs de performance, suivre les realisations et identifier les actions correctives",preferred,fr,ROME
SKL_bf1508a103d1,skill,Développer des stratégies pour améliorer l'expérience client,developper des strategies pour ameliorer l'experience client,preferred,fr,ROME
SKL_e8df387805d4,skill,Utiliser des logiciels de gestion de projet,utiliser des logiciels de gestion de projet,preferred,fr,ROME
SKL_8b1e8d9d1ad1,skill,Négocier avec les fournisseurs,negocier avec les fournisseurs,preferred,fr,ROME
SKL_610fae5fc6e8,skill,Répondre aux besoins spécifiques des utilisateurs,repondre aux besoins specifiques des utilisateurs,preferred,fr,ROME
SKL_6eebb9c67534,skill,Etablir des objectifs clairs et mesurables pour l'équipe,etablir des objectifs clairs et mesurables pour l'equipe,preferred,fr,ROME
SKL_263bf4b59356,skill,Gérer les relations avec les parties prenantes clés,gerer les relations avec les parties prenantes cles,preferred,fr,ROME
SKL_d14859690359,skill,Implémenter des outils de gestion de projet pour suivre les progrès,implementer des outils de gestion de projet pour suivre les progres,preferred,fr,ROME
SKL_68ede8dd1c7a,skill,Analyser les besoins des utilisateurs pour guider le développement de produits,analyser les besoins des utilisateurs pour guider le developpement de produits,preferred,fr,ROME
SKL_0719a6450dd0,skill,Prioriser les fonctionnalités du produit en fonction des objectifs stratégiques,prioriser les fonctionnalites du produit en fonction des objectifs strategiques,preferred,fr,ROME
SKL_f31f95d52dd2,skill,Assurer la liaison entre les parties prenantes et les équipes de développement,assurer la liaison entre les parties prenantes et les equipes de developpement,preferred,fr,ROME
SKL_56d0f88104c9,skill,Optimiser les processus de développement pour améliorer l'efficacité,optimiser les processus de developpement pour ameliorer l'efficacite,preferred,fr,ROME
SKL_e1b2a965fbd5,skill,Planifier les itérations de développement et les sprints,planifier les iterations de developpement et les sprints,preferred,fr,ROME
SKL_9720f2ba7872,skill,Gérer les attentes des parties prenantes concernant les délais de livraison,gerer les attentes des parties prenantes concernant les delais de livraison,preferred,fr,ROME
SKL_f355bf2c2cf1,skill,Assurer la qualité des livrables en conformité avec les spécifications,assurer la qualite des livrables en conformite avec les specifications,preferred,fr,ROME
SKL_42874ee370af,skill,Incorporer les principes de l'agilité dans la gestion de projet,incorporer les principes de l'agilite dans la gestion de projet,preferred,fr,ROME
SKL_83378ba5a15b,skill,Promouvoir une culture de feedback continu au sein des équipes,promouvoir une culture de feedback continu au sein des equipes,preferred,fr,ROME
SKL_337b2170373b,skill,Former les équipes aux méthodologies agiles et aux meilleures pratiques,former les equipes aux methodologies agiles et aux meilleures pratiques,preferred,fr,ROME
SKL_597402e6c014,skill,Développer des tableaux de bord pour suivre les performances du produit,developper des tableaux de bord pour suivre les performances du produit,preferred,fr,ROME
SKL_a2c89788b1b2,skill,Analyser les tendances du marché pour anticiper les évolutions des produits,analyser les tendances du marche pour anticiper les evolutions des produits,preferred,fr,ROME
SKL_78ce2a8b74f2,skill,Conduire des revues de produit pour évaluer l'alignement avec les objectifs,conduire des revues de produit pour evaluer l'alignement avec les objectifs,preferred,fr,ROME
SKL_e6f876f16272,skill,Evaluer l'impact des modifications de produit sur les utilisateurs,evaluer l'impact des modifications de produit sur les utilisateurs,preferred,fr,ROME
SKL_7f1497daa426,skill,Faciliter la communication entre les équipes techniques et métier,faciliter la communication entre les equipes techniques et metier,preferred,fr,ROME
SKL_3785b106d6dc,skill,"Rédiger, prioriser et maintenir le backlog produit","rediger, prioriser et maintenir le backlog produit",preferred,fr,ROME
SKL_a51b1200d650,skill,Collabore avec les utilisateurs et l'équipe de développement sur les attentes et exigences,collabore avec les utilisateurs et l'equipe de developpement sur les attentes et exigences,preferred,fr,ROME
SKL_a45a82a39bb8,skill,Planification de tests,planification de tests,preferred,fr,ROME
SKL_36cdd4d314fd,skill,Conception de cahiers des charges,conception de cahiers des charges,preferred,fr,ROME
SKL_9f4d3e4c7fe0,skill,Contrôle qualité des livrables,controle qualite des livrables,preferred,fr,ROME
SKL_cafe0b47d388,skill,Evaluation de la performance des systèmes d'information,evaluation de la performance des systemes d'information,preferred,fr,ROME
SKL_f1dc9bb4b344,skill,Suivi de projet,suivi de projet,preferred,fr,ROME
SKL_9f64fcb235ca,skill,Gestion des équipes de développement,gestion des equipes de developpement,preferred,fr,ROME
SKL_9ba4bc4d5d64,skill,Evaluation de la conformité aux normes,evaluation de la conformite aux normes,preferred,fr,ROME
SKL_1ef80b2868fe,skill,Master mention management des systèmes d'information,master mention management des systemes d'information,preferred,fr,ROME
SKL_6ea3aeaa39cd,skill,Concevoir et organiser une solution blockchain,concevoir et organiser une solution blockchain,preferred,fr,ROME
SKL_ad55a35c4179,skill,Exploiter la blockchain dans le développement d'applications,exploiter la blockchain dans le developpement d'applications,preferred,fr,ROME
SKL_13e1cadbe622,skill,Analyser les besoins en sécurité pour les systèmes blockchain,analyser les besoins en securite pour les systemes blockchain,preferred,fr,ROME
SKL_cf8d765bd624,skill,Développer des smart contracts pour des applications blockchain,developper des smart contracts pour des applications blockchain,preferred,fr,ROME
SKL_d79cbb864083,skill,Former les équipes aux technologies blockchain,former les equipes aux technologies blockchain,preferred,fr,ROME
SKL_e00ae1d8832f,skill,Evaluer les risques liés à l'implémentation de la blockchain,evaluer les risques lies a l'implementation de la blockchain,preferred,fr,ROME
SKL_556f3a274125,skill,Promouvoir l'adoption de la blockchain au sein de l'entreprise,promouvoir l'adoption de la blockchain au sein de l'entreprise,preferred,fr,ROME
SKL_e5a267e900a0,skill,Analyser les besoins client pour le développement blockchain,analyser les besoins client pour le developpement blockchain,preferred,fr,ROME
SKL_7c5c3ed752a0,skill,Concevoir des architectures de solutions blockchain,concevoir des architectures de solutions blockchain,preferred,fr,ROME
SKL_fb3e6f8008e1,skill,Optimiser les performances des applications blockchain,optimiser les performances des applications blockchain,preferred,fr,ROME
SKL_ff4e1c040e59,skill,Collaborer avec des équipes multidisciplinaires pour des projets blockchain,collaborer avec des equipes multidisciplinaires pour des projets blockchain,preferred,fr,ROME
SKL_44678ba55744,skill,Effectuer des tâches multiples et s'adapter aux changements rapides,effectuer des taches multiples et s'adapter aux changements rapides,preferred,fr,ROME
SKL_5df836b2cc9e,skill,Analyse des besoins des clients en solutions blockchain,analyse des besoins des clients en solutions blockchain,preferred,fr,ROME
SKL_b86ec1b1b2a5,skill,Architecture de réseaux distribués,architecture de reseaux distribues,preferred,fr,ROME
SKL_baaf3cca9fe9,skill,Communication et présentation de projets blockchain,communication et presentation de projets blockchain,preferred,fr,ROME
SKL_5bb41a88f2fd,skill,Conception de systèmes de blockchain,conception de systemes de blockchain,preferred,fr,ROME
SKL_9af055716b80,skill,Conformité réglementaire des solutions blockchain,conformite reglementaire des solutions blockchain,preferred,fr,ROME
SKL_c187b27e6fcc,skill,Développement d'applications décentralisées (DApps),developpement d'applications decentralisees (dapps),preferred,fr,ROME
SKL_14820d7d0b27,skill,Evaluation des risques liés à la blockchain,evaluation des risques lies a la blockchain,preferred,fr,ROME
SKL_586313d8e1e6,skill,"Communiquer, lire et rédiger des documents techniques, des rapports, des notes en anglais","communiquer, lire et rediger des documents techniques, des rapports, des notes en anglais",preferred,fr,ROME
SKL_bafe3ad04142,skill,Identifier les anomalies dans les résultats des tests,identifier les anomalies dans les resultats des tests,preferred,fr,ROME
SKL_5b2db1ff093b,skill,Evaluer les besoins en formation sécurité du personnel,evaluer les besoins en formation securite du personnel,preferred,fr,ROME
SKL_d3ad04f04db3,skill,Concevoir des scénarios de test d'intrusion adaptés,concevoir des scenarios de test d'intrusion adaptes,preferred,fr,ROME
SKL_01d04e23f1ef,skill,Evaluer l'efficacité des mesures de sécurité en place,evaluer l'efficacite des mesures de securite en place,preferred,fr,ROME
SKL_ab96e6cd4d67,skill,Collaborer avec des équipes de développement pour intégrer la sécurité,collaborer avec des equipes de developpement pour integrer la securite,preferred,fr,ROME
SKL_6d0fa240aa8c,skill,Communiquer clairement les risques de sécurité aux parties prenantes,communiquer clairement les risques de securite aux parties prenantes,preferred,fr,ROME
SKL_8904fe4852ef,skill,Développer ses compétences en cybersécurité,developper ses competences en cybersecurite,preferred,fr,ROME
SKL_c28ceefdc29d,skill,Gestion des accès sécurisés,gestion des acces securises,preferred,fr,ROME
SKL_f9c3c54784a4,skill,Techniques de reporting,techniques de reporting,preferred,fr,ROME
SKL_ed18c9817449,skill,Expert en sécurité des développements informatiques,expert en securite des developpements informatiques,preferred,fr,ROME
SKL_fb81519be48f,skill,Analyse forensique numérique,analyse forensique numerique,preferred,fr,ROME
SKL_6d865c26e434,skill,Conseil en sécurité informatique,conseil en securite informatique,preferred,fr,ROME
SKL_66d49811c0c7,skill,Evaluation de la sécurité des réseaux,evaluation de la securite des reseaux,preferred,fr,ROME
SKL_3e0ef8023197,skill,Surveillance de la sécurité des systèmes,surveillance de la securite des systemes,preferred,fr,ROME
SKL_6281c69c3189,skill,"Expert de la sécurité des données, des réseaux et des systèmes","expert de la securite des donnees, des reseaux et des systemes",preferred,fr,ROME
SKL_3fb39fbb525d,skill,Expert en cybersécurité et sécurité informatique,expert en cybersecurite et securite informatique,preferred,fr,ROME
SKL_8561c70a86f1,skill,Expert en développement de solutions de cybersécurité,expert en developpement de solutions de cybersecurite,preferred,fr,ROME
SKL_dd1efbd56698,skill,Expert en sécurité digitale,expert en securite digitale,preferred,fr,ROME
SKL_e35d26eabc27,skill,Superviser un secteur/projet de maintenance,superviser un secteur/projet de maintenance,preferred,fr,ROME
SKL_22f44be204bc,skill,Mettre en oeuvre des actions de communication,mettre en oeuvre des actions de communication,preferred,fr,ROME
SKL_ebcee36e4a0e,skill,Favoriser et mesurer la performance d'une équipe,favoriser et mesurer la performance d'une equipe,preferred,fr,ROME
SKL_53de12641e65,skill,Manager les équipes d'intervention et diriger les travaux d'entretien et de dépannage,manager les equipes d'intervention et diriger les travaux d'entretien et de depannage,preferred,fr,ROME
SKL_f6e403addcfa,skill,Maîtriser les échanges entre différents logiciels métiers,maitriser les echanges entre differents logiciels metiers,preferred,fr,ROME
SKL_620e0ec70aa6,skill,Etablir un plan de prévention des risques informatiques et un plan de continuité d'activité (PCA) (ou plan de maintien en conditions opérationnelles du S.I.),etablir un plan de prevention des risques informatiques et un plan de continuite d'activite (pca) (ou plan de maintien en conditions operationnelles du s.i.),preferred,fr,ROME
SKL_cdd8ae8ad33b,skill,Evaluer les risques liés à l'implémentation de nouvelles technologies,evaluer les risques lies a l'implementation de nouvelles technologies,preferred,fr,ROME
SKL_b8451b0f1197,skill,Sensibiliser aux enjeux de la protection des données,sensibiliser aux enjeux de la protection des donnees,preferred,fr,ROME
SKL_9923779d5533,skill,Utiliser des logiciels de gestion de maintenance,utiliser des logiciels de gestion de maintenance,preferred,fr,ROME
SKL_144671af9dcd,skill,Superviser la maintenance régulière des équipements,superviser la maintenance reguliere des equipements,preferred,fr,ROME
SKL_9de1e318724a,skill,Respecter les normes de sécurité et réglementations en vigueur,respecter les normes de securite et reglementations en vigueur,preferred,fr,ROME
SKL_a7d2b4c6cea4,skill,Promouvoir les pratiques durables,promouvoir les pratiques durables,preferred,fr,ROME
SKL_cc0e50c45508,skill,Veiller à la durabilité et au recyclage des matériaux utilisés,veiller a la durabilite et au recyclage des materiaux utilises,preferred,fr,ROME
SKL_2ed2e645a0c1,skill,Négocier avec les fournisseurs de services et équipements,negocier avec les fournisseurs de services et equipements,preferred,fr,ROME
SKL_f83d5f666294,skill,Superviser et encadrer l'équipe de techniciens,superviser et encadrer l'equipe de techniciens,preferred,fr,ROME
SKL_fd18c023c2b4,skill,Optimiser les processus informatiques,optimiser les processus informatiques,preferred,fr,ROME
SKL_1628b3dcaa4d,skill,Mettre en place des indicateurs de performance du système informatique,mettre en place des indicateurs de performance du systeme informatique,preferred,fr,ROME
SKL_ef0d5ecabfac,skill,Planifier et superviser les tests de performance des systèmes,planifier et superviser les tests de performance des systemes,preferred,fr,ROME
SKL_a96b41258189,skill,Administration de bases de données,administration de bases de donnees,preferred,fr,ROME
SKL_9f334b085bfd,skill,Analyse des besoins des utilisateurs,analyse des besoins des utilisateurs,preferred,fr,ROME
SKL_b066f4956415,skill,Audit informatique,audit informatique,preferred,fr,ROME
SKL_a5aab5a250d8,skill,Gestion de la relation fournisseur,gestion de la relation fournisseur,preferred,fr,ROME
SKL_33fbbfe2df87,skill,Gestion des licences logicielles,gestion des licences logicielles,preferred,fr,ROME
SKL_75a75701be8a,skill,Optimisation des processus informatiques,optimisation des processus informatiques,preferred,fr,ROME
SKL_4abc8bd11a66,skill,Consultant en systèmes d'information (MS),consultant en systemes d'information (ms),preferred,fr,ROME
SKL_f68dd9fe3d39,skill,"Concevoir, réaliser et mettre en place une procédure d'automatisation","concevoir, realiser et mettre en place une procedure d'automatisation",preferred,fr,ROME
SKL_4247a1fcb579,skill,Concevoir un Système de Gestion de Base de Données - SGBD,concevoir un systeme de gestion de base de donnees - sgbd,preferred,fr,ROME
SKL_b814a9b33fe5,skill,Concevoir les paramètres et l'architecture de la base de données,concevoir les parametres et l'architecture de la base de donnees,preferred,fr,ROME
SKL_ea46acb840e9,skill,Optimiser les processus de sauvegarde des données,optimiser les processus de sauvegarde des donnees,preferred,fr,ROME
SKL_c3f892a84e47,skill,Collaborer avec des équipes pour résoudre les problèmes techniques,collaborer avec des equipes pour resoudre les problemes techniques,preferred,fr,ROME
SKL_934b4b6a9245,skill,Optimiser les processus de gestion des données,optimiser les processus de gestion des donnees,preferred,fr,ROME
SKL_c0b84c6c678f,skill,Assurer la sécurité des données,assurer la securite des donnees,preferred,fr,ROME
SKL_73bd6c1b1d24,skill,Surveiller l'intégrité des données,surveiller l'integrite des donnees,preferred,fr,ROME
SKL_3a14da62fbb4,skill,Analyser les besoins des utilisateurs pour la gestion des données,analyser les besoins des utilisateurs pour la gestion des donnees,preferred,fr,ROME
SKL_994ebe8413e4,skill,Assurer la conformité des bases de données avec les réglementations,assurer la conformite des bases de donnees avec les reglementations,preferred,fr,ROME
SKL_5870dae26c03,skill,Documenter les procédures de gestion des bases de données,documenter les procedures de gestion des bases de donnees,preferred,fr,ROME
SKL_11146e12efea,skill,Fournir un soutien technique aux équipes de terrain,fournir un soutien technique aux equipes de terrain,preferred,fr,ROME
SKL_22d9abaab7cc,skill,Former les utilisateurs sur les procédures d'accès et d'utilisation des bases de données,former les utilisateurs sur les procedures d'acces et d'utilisation des bases de donnees,preferred,fr,ROME
SKL_a14773602c68,skill,Technologies SPARK (Framework),technologies spark (framework),preferred,fr,ROME
SKL_e9bd94791b5d,skill,Administration de bases de données MySQL,administration de bases de donnees mysql,preferred,fr,ROME
SKL_e0b04b4b1a58,skill,Conception de politiques de rétention des données,conception de politiques de retention des donnees,preferred,fr,ROME
SKL_4475d44cd549,skill,Intégration de bases de données avec des applications tierces,integration de bases de donnees avec des applications tierces,preferred,fr,ROME
SKL_bfb98d81de4a,skill,Mise en œuvre de bases de données distribuées,mise en oeuvre de bases de donnees distribuees,preferred,fr,ROME
SKL_a180c397599c,skill,Surveillance de la performance des bases de données,surveillance de la performance des bases de donnees,preferred,fr,ROME
SKL_677e98da4988,skill,Assister les collaborateurs au niveau commercial ou technique,assister les collaborateurs au niveau commercial ou technique,preferred,fr,ROME
SKL_c1b993decf36,skill,Ordonnancer le déroulement des travaux et mettre en oeuvre les traitements d'exploitation/production des ressources informatiques,ordonnancer le deroulement des travaux et mettre en oeuvre les traitements d'exploitation/production des ressources informatiques,preferred,fr,ROME
SKL_376629ec88e8,skill,"Renseigner, mettre à jour une documentation technique","renseigner, mettre a jour une documentation technique",preferred,fr,ROME
SKL_ad784bec6e16,skill,"Planifier, contrôler et rédiger le rapport des activités et des moyens","planifier, controler et rediger le rapport des activites et des moyens",preferred,fr,ROME
SKL_1565f01d0be7,skill,Assurer une veille technologique pour améliorer les processus de maintenance,assurer une veille technologique pour ameliorer les processus de maintenance,preferred,fr,ROME
SKL_190ee712bb7d,skill,Respecter les normes de sécurité informatique,respecter les normes de securite informatique,preferred,fr,ROME
SKL_d38827a04004,skill,Superviser les opérations de migration de données,superviser les operations de migration de donnees,preferred,fr,ROME
SKL_1f3ea3896df7,skill,Négocier avec les fournisseurs pour l'acquisition de nouveau matériel,negocier avec les fournisseurs pour l'acquisition de nouveau materiel,preferred,fr,ROME
SKL_a49da7714208,skill,Analyser les besoins en matériel des utilisateurs,analyser les besoins en materiel des utilisateurs,preferred,fr,ROME
SKL_5469c13b0779,skill,Planifier les cycles de renouvellement du matériel,planifier les cycles de renouvellement du materiel,preferred,fr,ROME
SKL_afc6aa522551,skill,Assurer la liaison avec les équipes de développement,assurer la liaison avec les equipes de developpement,preferred,fr,ROME
SKL_a80de8cad0da,skill,Optimiser les processus de support technique,optimiser les processus de support technique,preferred,fr,ROME
SKL_70ce4bd39ba8,skill,Planification stratégique de support technique,planification strategique de support technique,preferred,fr,ROME
SKL_962796234c00,skill,Mise à jour de sécurité informatique,mise a jour de securite informatique,preferred,fr,ROME
SKL_10de72b19382,skill,Suivi des inventaires de matériel,suivi des inventaires de materiel,preferred,fr,ROME
SKL_b0fcad789ad8,skill,Analyse de l'impact des nouvelles technologies,analyse de l'impact des nouvelles technologies,preferred,fr,ROME
SKL_a2c5bb4dc212,skill,Déploiement de nouvelles applications,deploiement de nouvelles applications,preferred,fr,ROME
SKL_3b6999029587,skill,Evaluation des besoins en équipement,evaluation des besoins en equipement,preferred,fr,ROME
SKL_45fb4fdfde5c,skill,Restauration de données après incident,restauration de donnees apres incident,preferred,fr,ROME
SKL_36cd308a2f1f,skill,Superviser un secteur ou un projet de déploiement,superviser un secteur ou un projet de deploiement,preferred,fr,ROME
SKL_62132e00d303,skill,Définir une politique de sous-traitance,definir une politique de sous-traitance,preferred,fr,ROME
SKL_9b2bd21c7476,skill,Concevoir et piloter une politique de gestion des ressources humaines,concevoir et piloter une politique de gestion des ressources humaines,preferred,fr,ROME
SKL_9ed2b60a94d1,skill,Lancer et gérer un appel d'offres,lancer et gerer un appel d'offres,preferred,fr,ROME
SKL_4175ff0a6186,skill,"Elaborer, suivre et piloter un budget","elaborer, suivre et piloter un budget",preferred,fr,ROME
SKL_65b766ba1243,skill,"Superviser des opérations, des actions","superviser des operations, des actions",preferred,fr,ROME
SKL_fed5c0511fd8,skill,"Participer à la définition du planning, du budget global et des délais","participer a la definition du planning, du budget global et des delais",preferred,fr,ROME
SKL_fb3b17450a0a,skill,Collaborer avec d'autres départements pour aligner les objectifs,collaborer avec d'autres departements pour aligner les objectifs,preferred,fr,ROME
SKL_33449d2835e0,skill,Mettre en place des systèmes de reporting efficaces,mettre en place des systemes de reporting efficaces,preferred,fr,ROME
SKL_e7c4a1c9a271,skill,Coordonner les activités entre différents départements,coordonner les activites entre differents departements,preferred,fr,ROME
SKL_81b55cb450a5,skill,Diriger des équipes de développement informatique,diriger des equipes de developpement informatique,preferred,fr,ROME
SKL_f2ccc138c144,skill,Gérer les communications internes sur l'avancement des projets,gerer les communications internes sur l'avancement des projets,preferred,fr,ROME
SKL_96a2a052d933,skill,Diriger des projets de transformation numérique,diriger des projets de transformation numerique,preferred,fr,ROME
SKL_d2dc735a9cdf,skill,Code des marchés publics,code des marches publics,preferred,fr,ROME
SKL_fcf1d82d2fda,skill,Techniques de planification,techniques de planification,preferred,fr,ROME
SKL_a282253eee2d,skill,Gestion des équipes de projet,gestion des equipes de projet,preferred,fr,ROME
SKL_e34d4351c55c,skill,Sécurité des systèmes informatiques,securite des systemes informatiques,preferred,fr,ROME
SKL_b621cb6ec543,skill,Former les utilisateurs aux nouvelles applications et matériels,former les utilisateurs aux nouvelles applications et materiels,preferred,fr,ROME
SKL_cf144fb34adf,skill,Surveiller la sécurité des systèmes d'information,surveiller la securite des systemes d'information,preferred,fr,ROME
SKL_5d1b628fd258,skill,Documenter les procédures d'utilisation des applications,documenter les procedures d'utilisation des applications,preferred,fr,ROME
SKL_086f16f59897,skill,Se coordonner avec les équipes de développement pour les mises à jour,se coordonner avec les equipes de developpement pour les mises a jour,preferred,fr,ROME
SKL_19e03e5f0c21,skill,Favoriser la communication entre les différents intervenants,favoriser la communication entre les differents intervenants,preferred,fr,ROME
SKL_4f99857f5f37,skill,Externalisation des systèmes d'information,externalisation des systemes d'information,preferred,fr,ROME
SKL_91089a49f9c8,skill,Récupération de données après incident,recuperation de donnees apres incident,preferred,fr,ROME
SKL_1f2ed1b53cc9,skill,Contrôler la qualité d'une base de données,controler la qualite d'une base de donnees,preferred,fr,ROME
SKL_f7fba1471ea5,skill,Participer à la mise en place d'un Progiciel de Gestion Intégré (PGI),participer a la mise en place d'un progiciel de gestion integre (pgi),preferred,fr,ROME
SKL_dd066626377d,skill,Optimiser les performances d'une base de données,optimiser les performances d'une base de donnees,preferred,fr,ROME
SKL_7060ec7d7a45,skill,Optimiser les processus décisionnels via des outils BI,optimiser les processus decisionnels via des outils bi,preferred,fr,ROME
SKL_c0a035bc0ade,skill,Développer des scripts pour l'automatisation des rapports,developper des scripts pour l'automatisation des rapports,preferred,fr,ROME
SKL_f0afb35f256b,skill,Evaluer l'impact des solutions BI sur les performances de l'entreprise,evaluer l'impact des solutions bi sur les performances de l'entreprise,preferred,fr,ROME
SKL_bb885922a3bc,skill,Conduire des réunions de projet pour aligner les équipes sur les objectifs,conduire des reunions de projet pour aligner les equipes sur les objectifs,preferred,fr,ROME
SKL_90c7adc74868,skill,Optimiser l'utilisation des ressources dans les projets BI,optimiser l'utilisation des ressources dans les projets bi,preferred,fr,ROME
SKL_caffc2675e93,skill,Planifier les phases de déploiement des solutions BI,planifier les phases de deploiement des solutions bi,preferred,fr,ROME
SKL_1daf6af70bfd,skill,Analyser l'impact environnemental des solutions BI,analyser l'impact environnemental des solutions bi,preferred,fr,ROME
SKL_f19c463900c0,skill,Promouvoir les pratiques de développement durable dans les projets BI,promouvoir les pratiques de developpement durable dans les projets bi,preferred,fr,ROME
SKL_e94eec1ec69c,skill,Faciliter la collaboration interdépartementale sur les projets BI,faciliter la collaboration interdepartementale sur les projets bi,preferred,fr,ROME
SKL_cecbdad0c4a0,skill,Encourager l'innovation dans l'approche des solutions BI,encourager l'innovation dans l'approche des solutions bi,preferred,fr,ROME
SKL_e5563e741c6b,skill,Etablir des protocoles de test pour les nouvelles fonctionnalités BI,etablir des protocoles de test pour les nouvelles fonctionnalites bi,preferred,fr,ROME
SKL_4520f3d2cc5e,skill,Intégrer les bases de données avec d'autres systèmes d'information,integrer les bases de donnees avec d'autres systemes d'information,preferred,fr,ROME
SKL_1c4c9778a6d9,skill,Logiciels de gestion de base de données,logiciels de gestion de base de donnees,preferred,fr,ROME
SKL_6009a35c85f7,skill,Méthodologie SAFe,methodologie safe,preferred,fr,ROME
SKL_99e1b0d19eb6,skill,Documentation technique pour les systèmes BI,documentation technique pour les systemes bi,preferred,fr,ROME
SKL_b9698c127a6a,skill,Evaluation des besoins des utilisateurs,evaluation des besoins des utilisateurs,preferred,fr,ROME
SKL_c061ef69a384,skill,Gestion de projets décisionnels,gestion de projets decisionnels,preferred,fr,ROME
SKL_e4b6bbc4005b,skill,Intégration de données,integration de donnees,preferred,fr,ROME
SKL_a3c51e304f71,skill,Leadership en gestion de projet,leadership en gestion de projet,preferred,fr,ROME
SKL_9125f1e1292e,skill,Optimisation des processus décisionnels,optimisation des processus decisionnels,preferred,fr,ROME
SKL_7e040bf84421,skill,Support technique aux utilisateurs de BI,support technique aux utilisateurs de bi,preferred,fr,ROME
SKL_adc0daae9d55,skill,Veille technologique en BI,veille technologique en bi,preferred,fr,ROME
SKL_75e0982b75d0,skill,Assurer une veille technologique et réglementaire,assurer une veille technologique et reglementaire,preferred,fr,ROME
SKL_408beb46b612,skill,Communiquer efficacement par écrit les résultats des tests,communiquer efficacement par ecrit les resultats des tests,preferred,fr,ROME
SKL_6c0089a70abd,skill,Agir rapidement en cas de défaillance critique,agir rapidement en cas de defaillance critique,preferred,fr,ROME
SKL_c8382adb4628,skill,Installer et configurer des systèmes électroniques embarqués,installer et configurer des systemes electroniques embarques,preferred,fr,ROME
SKL_a172e7ec2e26,skill,Concevoir des architectures de systèmes embarqués pour l'IA,concevoir des architectures de systemes embarques pour l'ia,preferred,fr,ROME
SKL_067118f1593f,skill,Développer des algorithmes d'apprentissage automatique pour des applications embarquées,developper des algorithmes d'apprentissage automatique pour des applications embarquees,preferred,fr,ROME
SKL_464352713f82,skill,Optimiser les performances des systèmes IA embarqués,optimiser les performances des systemes ia embarques,preferred,fr,ROME
SKL_4ec9b4ebf299,skill,Assurer la compatibilité des systèmes IA avec les normes de sécurité,assurer la compatibilite des systemes ia avec les normes de securite,preferred,fr,ROME
SKL_b192db1b92e8,skill,Tester et valider les fonctionnalités des systèmes IA embarqués,tester et valider les fonctionnalites des systemes ia embarques,preferred,fr,ROME
SKL_570a4c1b7dc6,skill,Surveiller les performances des systèmes IA en temps réel,surveiller les performances des systemes ia en temps reel,preferred,fr,ROME
SKL_ad2d9fe762d8,skill,Documenter les spécifications techniques des projets IA embarqués,documenter les specifications techniques des projets ia embarques,preferred,fr,ROME
SKL_eb5e96ab7eb7,skill,Respecter les normes éthiques dans le développement de l'IA,respecter les normes ethiques dans le developpement de l'ia,preferred,fr,ROME
SKL_e90b9ebba3b0,skill,Contrôler la conformité de fonctionnement des dispositifs embarqués,controler la conformite de fonctionnement des dispositifs embarques,preferred,fr,ROME
SKL_aa7f773108b9,skill,Collaboration avec des ingénieurs en conception,collaboration avec des ingenieurs en conception,preferred,fr,ROME
SKL_daf957cd9e2a,skill,Analyse de données en temps réel pour IA embarquée,analyse de donnees en temps reel pour ia embarquee,preferred,fr,ROME
SKL_5b671d774ede,skill,Documentation technique pour systèmes IA,documentation technique pour systemes ia,preferred,fr,ROME
SKL_5e7e5f6e8521,skill,Gestion de projets IA,gestion de projets ia,preferred,fr,ROME
SKL_f512337ab6c9,skill,Intégration de l'IA dans des dispositifs mobiles,integration de l'ia dans des dispositifs mobiles,preferred,fr,ROME
SKL_0c2bf5608a68,skill,Techniques de réduction de la latence dans les systèmes embarqués,techniques de reduction de la latence dans les systemes embarques,preferred,fr,ROME
SKL_9dbaf2132c0c,skill,Chef de projet expert en intelligence artificielle,chef de projet expert en intelligence artificielle,preferred,fr,ROME
SKL_c1c75fb99fcf,skill,Expert en ingénierie de l'intelligence artificielle,expert en ingenierie de l'intelligence artificielle,preferred,fr,ROME
SKL_2dd75938d71e,skill,"Suivre une opération de maintenance, de support technique","suivre une operation de maintenance, de support technique",preferred,fr,ROME
SKL_466b8012baa5,skill,Analyser les incidents techniques et proposer des améliorations,analyser les incidents techniques et proposer des ameliorations,preferred,fr,ROME
SKL_46fb31bb4d38,skill,"Maîtriser les techniques d'elearning, d'assistance et support technique client","maitriser les techniques d'elearning, d'assistance et support technique client",preferred,fr,ROME
SKL_860825646f7f,skill,"Surveiller les données de performance du réseau, identifier les anomalies et proposer les mesures correctives","surveiller les donnees de performance du reseau, identifier les anomalies et proposer les mesures correctives",preferred,fr,ROME
SKL_dbc5067db574,skill,Surveiller et évaluer la performance de l'équipe,surveiller et evaluer la performance de l'equipe,preferred,fr,ROME
SKL_6a4eb4168e80,skill,Construire un plan de formation continue pour le personnel technique,construire un plan de formation continue pour le personnel technique,preferred,fr,ROME
SKL_5b9d29021f16,skill,Faciliter la collaboration interdépartementale pour le support technique,faciliter la collaboration interdepartementale pour le support technique,preferred,fr,ROME
SKL_22708ca8906f,skill,Elaborer des stratégies de résolution de problèmes techniques,elaborer des strategies de resolution de problemes techniques,preferred,fr,ROME
SKL_c45744bfcac0,skill,Former les utilisateurs aux nouveaux outils et procédures,former les utilisateurs aux nouveaux outils et procedures,preferred,fr,ROME
SKL_982057863011,skill,Utiliser des équipements spécialisés,utiliser des equipements specialises,preferred,fr,ROME
SKL_4a3c27c668b3,skill,Gérer les mises à jour des logiciels et du matériel,gerer les mises a jour des logiciels et du materiel,preferred,fr,ROME
SKL_bda7278f06dd,skill,Assurer la maintenance préventive des systèmes informatiques,assurer la maintenance preventive des systemes informatiques,preferred,fr,ROME
SKL_54c1f9db76f1,skill,Surveiller les performances des systèmes informatiques,surveiller les performances des systemes informatiques,preferred,fr,ROME
SKL_2c10d6d05999,skill,Evaluer les besoins en équipements informatiques,evaluer les besoins en equipements informatiques,preferred,fr,ROME
SKL_120b7b9cf149,skill,Développer des stratégies pour améliorer l'expérience utilisateur,developper des strategies pour ameliorer l'experience utilisateur,preferred,fr,ROME
SKL_5d66c9248e94,skill,Innover dans les solutions de support technique,innover dans les solutions de support technique,preferred,fr,ROME
SKL_31f1b92380e8,skill,Mettre en place des indicateurs de performance pour le support,mettre en place des indicateurs de performance pour le support,preferred,fr,ROME
SKL_499e9ea78ad7,skill,Proposer des améliorations pour les infrastructures IT,proposer des ameliorations pour les infrastructures it,preferred,fr,ROME
SKL_4e46506497c0,skill,Assurer la veille technologique dans le domaine IT,assurer la veille technologique dans le domaine it,preferred,fr,ROME
SKL_03337a11ca6d,skill,Planifier et superviser les projets IT,planifier et superviser les projets it,preferred,fr,ROME
SKL_f6f484d2ffce,skill,Fournir un support technique et fonctionnel aux utilisateurs,fournir un support technique et fonctionnel aux utilisateurs,preferred,fr,ROME
SKL_d942834df706,skill,Expliquer de manière claire des aspects techniques aux non-techniciens,expliquer de maniere claire des aspects techniques aux non-techniciens,preferred,fr,ROME
SKL_a8221afc7b92,skill,Planification de la continuité des activités,planification de la continuite des activites,preferred,fr,ROME
SKL_2494fb25a092,skill,Analyse de performance des systèmes,analyse de performance des systemes,preferred,fr,ROME
SKL_e63116740e8a,skill,Mise à jour de logiciels,mise a jour de logiciels,preferred,fr,ROME
SKL_a39dd02b6bb9,skill,Conseil en amélioration de systèmes informatiques,conseil en amelioration de systemes informatiques,preferred,fr,ROME
SKL_4fd566463acd,skill,Evaluation des besoins en matériel informatique,evaluation des besoins en materiel informatique,preferred,fr,ROME
SKL_6a339f24abdc,skill,Installation de systèmes d'exploitation,installation de systemes d'exploitation,preferred,fr,ROME
SKL_1ed2fc4514fe,skill,Optimisation de l'infrastructure IT,optimisation de l'infrastructure it,preferred,fr,ROME
SKL_ea3a72471dc1,skill,Techniques de support à distance,techniques de support a distance,preferred,fr,ROME
SKL_ce831bf60b69,skill,Utilisation de logiciels de gestion de tickets,utilisation de logiciels de gestion de tickets,preferred,fr,ROME
SKL_8faabd1be7ed,skill,Organiser et piloter un programme de formation,organiser et piloter un programme de formation,preferred,fr,ROME
SKL_11c50ef3805c,skill,"Concevoir des outils de pilotage, indicateurs, tableaux de bord","concevoir des outils de pilotage, indicateurs, tableaux de bord",preferred,fr,ROME
SKL_ae5e48864cf2,skill,Concevoir des présentations pour des réunions stratégiques,concevoir des presentations pour des reunions strategiques,preferred,fr,ROME
SKL_fedcfa6016f4,skill,Organiser des ateliers pour recueillir les exigences des utilisateurs,organiser des ateliers pour recueillir les exigences des utilisateurs,preferred,fr,ROME
SKL_2f46248edfe8,skill,Optimiser l'ergonomie des interfaces utilisateurs,optimiser l'ergonomie des interfaces utilisateurs,preferred,fr,ROME
SKL_bc5aa48ec422,skill,Planifier et coordonner les projets de développement système,planifier et coordonner les projets de developpement systeme,preferred,fr,ROME
SKL_4360a7ced5af,skill,Assurer la veille technologique pour les systèmes d'information,assurer la veille technologique pour les systemes d'information,preferred,fr,ROME
SKL_7ab9f833301d,skill,"Maîtrise des outils gestion de projets (MS Project, etc.) et de BIM","maitrise des outils gestion de projets (ms project, etc.) et de bim",preferred,fr,ROME
SKL_55c3a0b61c1c,skill,Coordination d'équipes informatiques,coordination d'equipes informatiques,preferred,fr,ROME
SKL_65aeca9c785a,skill,Mettre à jour les informations client dans le système informatique,mettre a jour les informations client dans le systeme informatique,preferred,fr,ROME
SKL_8d73fc849cd4,skill,Encourager l'adoption de solutions cloud par les utilisateurs,encourager l'adoption de solutions cloud par les utilisateurs,preferred,fr,ROME
SKL_26c997a591a4,skill,Configurer des serveurs pour des applications Cloud,configurer des serveurs pour des applications cloud,preferred,fr,ROME
SKL_63779544b6e9,skill,Gérer les accès utilisateurs aux services Cloud,gerer les acces utilisateurs aux services cloud,preferred,fr,ROME
SKL_2efa8c85dc0f,skill,Diagnostiquer et résoudre les problèmes techniques du Cloud,diagnostiquer et resoudre les problemes techniques du cloud,preferred,fr,ROME
SKL_909e6f49bd88,skill,Documenter les configurations et les changements apportés aux systèmes Cloud,documenter les configurations et les changements apportes aux systemes cloud,preferred,fr,ROME
SKL_47fb8f968a54,skill,Assurer la sécurité des données dans le cloud,assurer la securite des donnees dans le cloud,preferred,fr,ROME
SKL_6556d0c2e025,skill,Techniques de cryptage des données,techniques de cryptage des donnees,preferred,fr,ROME
SKL_09992469630d,skill,Automatisation des tâches cloud,automatisation des taches cloud,preferred,fr,ROME
SKL_29d7c0ac746b,skill,Résolution de problèmes de connectivité cloud,resolution de problemes de connectivite cloud,preferred,fr,ROME
SKL_9dcf57b53210,skill,Proposer des innovations pour améliorer la qualité de service,proposer des innovations pour ameliorer la qualite de service,preferred,fr,ROME
SKL_d657e714f51c,skill,Maintenir une veille réglementaire et technique,maintenir une veille reglementaire et technique,preferred,fr,ROME
SKL_0bfd4b41ff99,skill,Gérer des projets de développement blockchain,gerer des projets de developpement blockchain,preferred,fr,ROME
SKL_aef8a6aa15b6,skill,Argumenter les choix techniques lors de réunions,argumenter les choix techniques lors de reunions,preferred,fr,ROME
SKL_f8ad94cefc77,skill,Développer des smart contracts sécurisés,developper des smart contracts securises,preferred,fr,ROME
SKL_d1de094d8403,skill,Implémenter des protocoles de consensus blockchain,implementer des protocoles de consensus blockchain,preferred,fr,ROME
SKL_484d8bb00b25,skill,"Logiciels d'analyse des langages de programmation, de modélisation","logiciels d'analyse des langages de programmation, de modelisation",preferred,fr,ROME
SKL_a61d9850a482,skill,Compréhension des régulations en cryptomonnaie,comprehension des regulations en cryptomonnaie,preferred,fr,ROME
SKL_4e59943089bb,skill,Développement front-end pour application blockchain,developpement front-end pour application blockchain,preferred,fr,ROME
SKL_592c87b21fd5,skill,Gestion de projets blockchain,gestion de projets blockchain,preferred,fr,ROME
SKL_5edc8ad68612,skill,Intégration de systèmes de paiement en cryptomonnaie,integration de systemes de paiement en cryptomonnaie,preferred,fr,ROME
SKL_abdafd177d2c,skill,Superviser un projet de pilotage en ressources logiques et physiques,superviser un projet de pilotage en ressources logiques et physiques,preferred,fr,ROME
SKL_a752e8abc803,skill,Communiquer efficacement avec l'équipe sur les protocoles de sécurité,communiquer efficacement avec l'equipe sur les protocoles de securite,preferred,fr,ROME
SKL_4c3552164020,skill,Former les équipes aux nouvelles technologies,former les equipes aux nouvelles technologies,preferred,fr,ROME
SKL_aa7232d08fb0,skill,Optimiser les processus de production informatique,optimiser les processus de production informatique,preferred,fr,ROME
SKL_6fcb15e65734,skill,Assurer la liaison avec les fournisseurs de technologie,assurer la liaison avec les fournisseurs de technologie,preferred,fr,ROME
SKL_482e24d6ebf5,skill,Développer des stratégies pour augmenter l'efficacité,developper des strategies pour augmenter l'efficacite,preferred,fr,ROME
SKL_7c4b952cb2ee,skill,Gérer les budgets alloués aux projets informatiques,gerer les budgets alloues aux projets informatiques,preferred,fr,ROME
SKL_c44c692e34b6,skill,Promouvoir l'innovation dans les solutions informatiques,promouvoir l'innovation dans les solutions informatiques,preferred,fr,ROME
SKL_7b57f6c8389c,skill,Adaptation aux évolutions technologiques,adaptation aux evolutions technologiques,preferred,fr,ROME
SKL_f9f33c37fbcf,skill,Planification de la capacité des systèmes informatiques,planification de la capacite des systemes informatiques,preferred,fr,ROME
SKL_b06d0e28dd2a,skill,Concevoir des architectures de solutions cloud,concevoir des architectures de solutions cloud,preferred,fr,ROME
SKL_17c32db542ff,skill,Optimiser les coûts des services cloud,optimiser les couts des services cloud,preferred,fr,ROME
SKL_6659a1411404,skill,Connaissance des plateformes cloud majeures,connaissance des plateformes cloud majeures,preferred,fr,ROME
SKL_68b9ae393434,skill,Gestion des performances des applications distribuées,gestion des performances des applications distribuees,preferred,fr,ROME
SKL_5023eb367bf8,skill,"Mise en œuvre de solutions de réseau cloud (VPC, VPN)","mise en oeuvre de solutions de reseau cloud (vpc, vpn)",preferred,fr,ROME
SKL_18535f714b41,skill,Techniques de sauvegarde des données cloud,techniques de sauvegarde des donnees cloud,preferred,fr,ROME
SKL_d33702820212,skill,Concevoir un projet de santé,concevoir un projet de sante,preferred,fr,ROME
SKL_65e2ba3f7354,skill,Participer à des projets de recherche et développement,participer a des projets de recherche et developpement,preferred,fr,ROME
SKL_f06e62c8f05d,skill,Suivre les avancées technologiques en santé,suivre les avancees technologiques en sante,preferred,fr,ROME
SKL_5aab36457978,skill,Intégrer des solutions numériques pour la gestion des dossiers,integrer des solutions numeriques pour la gestion des dossiers,preferred,fr,ROME
SKL_d2ea3f294888,skill,Promouvoir les programmes de santé publique,promouvoir les programmes de sante publique,preferred,fr,ROME
SKL_267eb13308ec,skill,Collaborer avec les professionnels de santé pour optimiser les soins,collaborer avec les professionnels de sante pour optimiser les soins,preferred,fr,ROME
SKL_9c13ea31bb77,skill,Communiquer avec les professionnels de santé pour collecter des informations,communiquer avec les professionnels de sante pour collecter des informations,preferred,fr,ROME
SKL_565e511ea821,skill,Proposer des solutions adaptées aux problématiques de santé,proposer des solutions adaptees aux problematiques de sante,preferred,fr,ROME
SKL_bc406b7fa801,skill,Respecter les normes éthiques et de confidentialité,respecter les normes ethiques et de confidentialite,preferred,fr,ROME
SKL_a54df5b9c6f6,skill,Analyser les besoins de santé des patients,analyser les besoins de sante des patients,preferred,fr,ROME
SKL_55b75275ea6d,skill,Analyser les données de santé,analyser les donnees de sante,preferred,fr,ROME
SKL_2434a8238640,skill,Veiller à l'appropriation des technologies numériques de santé,veiller a l'appropriation des technologies numeriques de sante,preferred,fr,ROME
SKL_9584f51b1673,skill,Intégrer des solutions de santé mobile,integrer des solutions de sante mobile,preferred,fr,ROME
SKL_b548bbe35fc8,skill,Appréhender les lois et les réglementations relatives à l'utilisation du numérique en santé et de l'utilisation des données,apprehender les lois et les reglementations relatives a l'utilisation du numerique en sante et de l'utilisation des donnees,preferred,fr,ROME
SKL_8684ccc12d78,skill,"Interagir avec les organismes externes tels que l'Inspection du Travail, la Sécurité Sociale et les services de santé publique","interagir avec les organismes externes tels que l'inspection du travail, la securite sociale et les services de sante publique",preferred,fr,ROME
SKL_6521e0a47b11,skill,Analyser les besoins des utilisateurs en matière de santé numérique,analyser les besoins des utilisateurs en matiere de sante numerique,preferred,fr,ROME
SKL_9d7e8cda8157,skill,Concevoir des solutions numériques adaptées au secteur de la santé,concevoir des solutions numeriques adaptees au secteur de la sante,preferred,fr,ROME
SKL_dc2fe964f3b4,skill,Gérer des projets de développement de systèmes e-santé,gerer des projets de developpement de systemes e-sante,preferred,fr,ROME
SKL_de380b73b93b,skill,Surveiller l'évolution des technologies de santé numérique,surveiller l'evolution des technologies de sante numerique,preferred,fr,ROME
SKL_12571e4d014b,skill,Evaluer l'impact des solutions e-santé sur les pratiques médicales,evaluer l'impact des solutions e-sante sur les pratiques medicales,preferred,fr,ROME
SKL_13f9a6f86d18,skill,Faciliter la communication entre professionnels de santé via des plateformes numériques,faciliter la communication entre professionnels de sante via des plateformes numeriques,preferred,fr,ROME
SKL_7d3afeeae7e3,skill,"Etre à l'écoute, faire preuve d'empathie","etre a l'ecoute, faire preuve d'empathie",preferred,fr,ROME
SKL_2cb975b88d19,skill,Evaluation des programmes et des technologies de santé,evaluation des programmes et des technologies de sante,preferred,fr,ROME
SKL_8ddbddd316f0,skill,Outils de télésanté,outils de telesante,preferred,fr,ROME
SKL_42c48cd27bd7,skill,Analyse des besoins en santé numérique des établissements,analyse des besoins en sante numerique des etablissements,preferred,fr,ROME
SKL_18c4fa0aabbc,skill,Normes de sécurité des données en santé,normes de securite des donnees en sante,preferred,fr,ROME
SKL_d74fef3cad8d,skill,Connaissance des standards internationaux de santé numérique,connaissance des standards internationaux de sante numerique,preferred,fr,ROME
SKL_03902b6b2223,skill,Développement de partenariats technologiques en santé,developpement de partenariats technologiques en sante,preferred,fr,ROME
SKL_bbb4f95ae74f,skill,Formation aux outils de santé numérique,formation aux outils de sante numerique,preferred,fr,ROME
SKL_ccb29b8e8db7,skill,Suivi des innovations en santé numérique,suivi des innovations en sante numerique,preferred,fr,ROME
SKL_8871e2c8182f,skill,Utilisation de plateformes de télésanté,utilisation de plateformes de telesante,preferred,fr,ROME
SKL_03f95a94eede,skill,Ingénieur diplômé de l'école polytechnique universitaire de l'institut polytechnique de Grenoble spécialité technologies de l'information pour la santé (Université Grenoble Alpes),ingenieur diplome de l'ecole polytechnique universitaire de l'institut polytechnique de grenoble specialite technologies de l'information pour la sante (universite grenoble alpes),preferred,fr,ROME
SKL_b231b8359e86,skill,Ingénieur diplômé de l'école publique d'ingénieurs de la santé et du numérique (EPISEN) de l'université Paris 12 spécialité informatique et santé,ingenieur diplome de l'ecole publique d'ingenieurs de la sante et du numerique (episen) de l'universite paris 12 specialite informatique et sante,preferred,fr,ROME
SKL_6d71d9e01645,skill,Ingénieur diplômé de l'école supérieure d'ingénieurs de Rennes de l'université de Rennes spécialité technologies de l'information pour la santé,ingenieur diplome de l'ecole superieure d'ingenieurs de rennes de l'universite de rennes specialite technologies de l'information pour la sante,preferred,fr,ROME
SKL_ab0b35c14eb9,skill,Ingénieur diplômé de l'institut national universitaire Jean-François Champollion spécialité informatique pour la santé,ingenieur diplome de l'institut national universitaire jean-francois champollion specialite informatique pour la sante,preferred,fr,ROME
SKL_2b1784c077b1,skill,Ingénieur diplômé de Télécom physique Strasbourg de l'université de Strasbourg spécialité technologies de l'information pour la santé,ingenieur diplome de telecom physique strasbourg de l'universite de strasbourg specialite technologies de l'information pour la sante,preferred,fr,ROME
SKL_693ca2b45e01,skill,Master mention sciences et numérique pour la santé,master mention sciences et numerique pour la sante,preferred,fr,ROME
SKL_ed85994b97d8,skill,Organiser des réunions de coordination avec les clients et les équipes,organiser des reunions de coordination avec les clients et les equipes,preferred,fr,ROME
SKL_7871fabe91fc,skill,Assurer la conformité des projets aux exigences légales,assurer la conformite des projets aux exigences legales,preferred,fr,ROME
SKL_913c96749db3,skill,Optimiser les processus de développement et de maintenance pour réduire les coûts,optimiser les processus de developpement et de maintenance pour reduire les couts,preferred,fr,ROME
SKL_f984ad745c89,skill,Gérer les communications entre les parties prenantes du projet,gerer les communications entre les parties prenantes du projet,preferred,fr,ROME
SKL_646d15b96b7c,skill,Surveiller l'avancement des projets et ajuster les plans si nécessaire,surveiller l'avancement des projets et ajuster les plans si necessaire,preferred,fr,ROME
SKL_6486353bb1ba,skill,Négocier avec les fournisseurs pour les aspects techniques du projet,negocier avec les fournisseurs pour les aspects techniques du projet,preferred,fr,ROME
SKL_12f09db1248c,skill,Evaluer l'impact des nouveaux systèmes sur les opérations courantes,evaluer l'impact des nouveaux systemes sur les operations courantes,preferred,fr,ROME
SKL_951ca8afd87c,skill,Assurance qualité des systèmes d'information,assurance qualite des systemes d'information,preferred,fr,ROME
SKL_af2edf61253b,skill,Conception de tableaux de bord de gestion,conception de tableaux de bord de gestion,preferred,fr,ROME
SKL_5763ca8f1fd4,skill,Elaboration de stratégies de migration de données,elaboration de strategies de migration de donnees,preferred,fr,ROME
SKL_ba8a0508ff8c,skill,Optimisation des processus d'affaires,optimisation des processus d'affaires,preferred,fr,ROME
SKL_6de28b379128,skill,Suivre les évolutions juridiques du marché en termes de sécurité informatique afin de garantir la conformité du SI au droit individuel et collectif,suivre les evolutions juridiques du marche en termes de securite informatique afin de garantir la conformite du si au droit individuel et collectif,preferred,fr,ROME
SKL_3254a3c79001,skill,Respecter les normes de sécurité informatique dans l'assistance,respecter les normes de securite informatique dans l'assistance,preferred,fr,ROME
SKL_67266bd4efc2,skill,Documenter les procédures de sécurité,documenter les procedures de securite,preferred,fr,ROME
SKL_4826228f5d79,skill,Optimiser les processus de sécurité pour réduire les coûts,optimiser les processus de securite pour reduire les couts,preferred,fr,ROME
SKL_facbfed128a9,skill,Evaluer l'impact des nouvelles technologies sur la sécurité,evaluer l'impact des nouvelles technologies sur la securite,preferred,fr,ROME
SKL_4ddde3ea08cc,skill,Assurer la conformité réglementaire en matière de sécurité,assurer la conformite reglementaire en matiere de securite,preferred,fr,ROME
SKL_45cd078c6237,skill,Mener des recherches sur les menaces émergentes,mener des recherches sur les menaces emergentes,preferred,fr,ROME
SKL_21d09eef60b2,skill,Analyse de la vulnérabilité des systèmes informatiques,analyse de la vulnerabilite des systemes informatiques,preferred,fr,ROME
SKL_972ffb830900,skill,Intégration de systèmes de détection d'intrusions,integration de systemes de detection d'intrusions,preferred,fr,ROME
SKL_83cddf66ac47,skill,Optimisation des processus de sécurité informatique,optimisation des processus de securite informatique,preferred,fr,ROME
SKL_33b42416cc81,skill,Utilisation de logiciels de gestion de la sécurité,utilisation de logiciels de gestion de la securite,preferred,fr,ROME
SKL_684661665c2d,skill,"Expert en architectures systèmes, réseaux et sécurité informatique","expert en architectures systemes, reseaux et securite informatique",preferred,fr,ROME
SKL_409b8f161084,skill,Master mention cybersécurité,master mention cybersecurite,preferred,fr,ROME
SKL_63cf68126803,skill,Rapporter les incidents et anomalies rencontrés,rapporter les incidents et anomalies rencontres,preferred,fr,ROME
SKL_6d4db5a31b15,skill,Maintenir les registres de sécurité à jour,maintenir les registres de securite a jour,preferred,fr,ROME
SKL_c76e60c4ec3f,skill,Coordonner les activités avec d'autres équipes techniques,coordonner les activites avec d'autres equipes techniques,preferred,fr,ROME
SKL_38bb0e50d7f0,skill,Participer à des réunions de sécurité,participer a des reunions de securite,preferred,fr,ROME
SKL_f1d36c390967,skill,Gérer les situations d'urgence et appliquer les procédures adéquates,gerer les situations d'urgence et appliquer les procedures adequates,preferred,fr,ROME
SKL_261370e36a68,skill,Mettre en place des procédures de sécurité pour la protection des données,mettre en place des procedures de securite pour la protection des donnees,preferred,fr,ROME
SKL_47c484e93821,skill,Analyser les alertes de sécurité informatique,analyser les alertes de securite informatique,preferred,fr,ROME
SKL_e93e27e787aa,skill,Analyser les tendances de menaces informatiques,analyser les tendances de menaces informatiques,preferred,fr,ROME
SKL_756a1edcdcc1,skill,Développer des tableaux de bord de sécurité,developper des tableaux de bord de securite,preferred,fr,ROME
SKL_e1219c5f9f80,skill,Mener des simulations d'attaque pour tester la sécurité,mener des simulations d'attaque pour tester la securite,preferred,fr,ROME
SKL_631c89c3a4c4,skill,Réaliser des veilles technologiques en sécurité,realiser des veilles technologiques en securite,preferred,fr,ROME
SKL_ef3bee11b659,skill,Analyser les besoins de sécurité informatique,analyser les besoins de securite informatique,preferred,fr,ROME
SKL_e21f296a060c,skill,Maintenir les systèmes de surveillance,maintenir les systemes de surveillance,preferred,fr,ROME
SKL_9511612ceb45,skill,Evaluation des risques de sécurité,evaluation des risques de securite,preferred,fr,ROME
SKL_912d834ccfad,skill,Gestion des menaces persistantes avancées (APT),gestion des menaces persistantes avancees (apt),preferred,fr,ROME
SKL_4ae841baba1b,skill,Mise en place de solutions de sécurité informatique,mise en place de solutions de securite informatique,preferred,fr,ROME
SKL_f0a7e378fb2d,skill,Développer des outils de validation des architectures réseaux et télécoms,developper des outils de validation des architectures reseaux et telecoms,preferred,fr,ROME
SKL_4866314dc4b2,skill,Assurer la sécurité des systèmes d'information,assurer la securite des systemes d'information,preferred,fr,ROME
SKL_e4f3a60079f7,skill,Surveillance de systèmes informatiques,surveillance de systemes informatiques,preferred,fr,ROME
SKL_c4e3b41b828c,skill,Gestion des droits d'accès,gestion des droits d'acces,preferred,fr,ROME
SKL_987be5bfeacd,skill,Menaces cybernétiques,menaces cybernetiques,preferred,fr,ROME
SKL_23bf51d3ad95,skill,Détection des intrusions informatiques,detection des intrusions informatiques,preferred,fr,ROME
SKL_c87b34071da6,skill,"Superviser un secteur/projet de sécurité, qualité","superviser un secteur/projet de securite, qualite",preferred,fr,ROME
SKL_ed762a6a10d0,skill,Concevoir et décliner la mise en oeuvre de la stratégie technique de l'opérateur télécoms,concevoir et decliner la mise en oeuvre de la strategie technique de l'operateur telecoms,preferred,fr,ROME
SKL_e4fa9eda8b31,skill,Rédiger des dossiers d'architecture réseau,rediger des dossiers d'architecture reseau,preferred,fr,ROME
SKL_4031f0efb766,skill,"Rédiger le document d'ingénierie générale pour chaque élément de réseau à implémenter (fonctionnalités, protocoles utilisés, règles de dimensionnement et de mise en oeuvre)","rediger le document d'ingenierie generale pour chaque element de reseau a implementer (fonctionnalites, protocoles utilises, regles de dimensionnement et de mise en oeuvre)",preferred,fr,ROME
SKL_91fa1c3a7e72,skill,Superviser l'installation de réseaux télécoms,superviser l'installation de reseaux telecoms,preferred,fr,ROME
SKL_95e424754574,skill,Optimiser les flux de données en réseau,optimiser les flux de donnees en reseau,preferred,fr,ROME
SKL_4114c2f9899c,skill,Assurer la maintenance préventive des systèmes de télécommunication,assurer la maintenance preventive des systemes de telecommunication,preferred,fr,ROME
SKL_b86353167a77,skill,Coordonner les équipes techniques pour des interventions,coordonner les equipes techniques pour des interventions,preferred,fr,ROME
SKL_978309ba1553,skill,Implémenter des solutions de sécurité réseau,implementer des solutions de securite reseau,preferred,fr,ROME
SKL_8056775c086e,skill,Former les utilisateurs aux nouveaux outils télécoms,former les utilisateurs aux nouveaux outils telecoms,preferred,fr,ROME
SKL_16c03ba311e6,skill,Contrôler la conformité des installations télécoms,controler la conformite des installations telecoms,preferred,fr,ROME
SKL_05f40dbbffc5,skill,Elaborer des plans de continuité d'activité,elaborer des plans de continuite d'activite,preferred,fr,ROME
SKL_6e1b0e0c729b,skill,Superviser la formation continue des équipes techniques,superviser la formation continue des equipes techniques,preferred,fr,ROME
SKL_e1e6bf02ddeb,skill,Audit de réseaux télécoms,audit de reseaux telecoms,preferred,fr,ROME
SKL_ef6e7edd23e3,skill,Conformité réglementaire télécoms,conformite reglementaire telecoms,preferred,fr,ROME
SKL_18db850a8368,skill,Elaboration de politiques de télécommunication,elaboration de politiques de telecommunication,preferred,fr,ROME
SKL_c0645e6e0500,skill,Formation sur les équipements télécoms,formation sur les equipements telecoms,preferred,fr,ROME
SKL_0b77ef736492,skill,Gestion de projets télécoms,gestion de projets telecoms,preferred,fr,ROME
SKL_0e06f26ba645,skill,Gestion des configurations réseau,gestion des configurations reseau,preferred,fr,ROME
SKL_38e81f08b366,skill,Gestion des fournisseurs de services télécoms,gestion des fournisseurs de services telecoms,preferred,fr,ROME
SKL_e0ac3e833933,skill,Négociation de contrats télécoms,negociation de contrats telecoms,preferred,fr,ROME
SKL_3112b4acd0a4,skill,Planification de réseaux télécoms,planification de reseaux telecoms,preferred,fr,ROME
SKL_e5adafed472b,skill,Contrôler la réalisation de pages Web,controler la realisation de pages web,preferred,fr,ROME
SKL_4fd81acd6d54,skill,Définir l'identité visuelle d'un site web,definir l'identite visuelle d'un site web,preferred,fr,ROME
SKL_0b43f7ede699,skill,Rédiger du contenu web,rediger du contenu web,preferred,fr,ROME
SKL_03425efae6bd,skill,Evaluer l'e-réputation d'un site web,evaluer l'e-reputation d'un site web,preferred,fr,ROME
SKL_1ebd42115005,skill,Analyser le trafic d'un site web,analyser le trafic d'un site web,preferred,fr,ROME
SKL_eef998eee153,skill,"Veiller à la cohérence de l'image de l'entreprise sur l'ensemble des déclinaisons de la communication et des supports (éditorial, Web, Intranet, événements, médias, réseaux sociaux)","veiller a la coherence de l'image de l'entreprise sur l'ensemble des declinaisons de la communication et des supports (editorial, web, intranet, evenements, medias, reseaux sociaux)",preferred,fr,ROME
SKL_5e9aa409d5f3,skill,"Rendre compte et valoriser ses travaux (avec des logiciels de traitement de texte, de présentation, de création de page web, de carte conceptuelle, ...)","rendre compte et valoriser ses travaux (avec des logiciels de traitement de texte, de presentation, de creation de page web, de carte conceptuelle, ...)",preferred,fr,ROME
SKL_2f5f806083e6,skill,Implémenter des outils d'analyse web,implementer des outils d'analyse web,preferred,fr,ROME
SKL_e27b24506af3,skill,Optimiser l'expérience utilisateur sur les plateformes digitales,optimiser l'experience utilisateur sur les plateformes digitales,preferred,fr,ROME
SKL_103176e710d7,skill,Optimiser le référencement naturel (SEO) des articles en ligne,optimiser le referencement naturel (seo) des articles en ligne,preferred,fr,ROME
SKL_9bc07ac9b739,skill,Analyser les besoins du client pour la création de sites web,analyser les besoins du client pour la creation de sites web,preferred,fr,ROME
SKL_02d84b7ccc32,skill,Planifier les étapes de réalisation du projet,planifier les etapes de realisation du projet,preferred,fr,ROME
SKL_b62997356689,skill,Contrôler la qualité et la conformité des livrables web,controler la qualite et la conformite des livrables web,preferred,fr,ROME
SKL_cafac8c9190d,skill,Optimiser les processus de développement web,optimiser les processus de developpement web,preferred,fr,ROME
SKL_93823640b720,skill,Réaliser des tests utilisateurs pour améliorer l'expérience,realiser des tests utilisateurs pour ameliorer l'experience,preferred,fr,ROME
SKL_39bd60c00030,skill,Faciliter la communication interne pour les projets web,faciliter la communication interne pour les projets web,preferred,fr,ROME
SKL_4a77399ac494,skill,Evaluer l'impact des modifications sur les performances du site,evaluer l'impact des modifications sur les performances du site,preferred,fr,ROME
SKL_de5e3711deea,skill,Assurer la formation continue de l'équipe web,assurer la formation continue de l'equipe web,preferred,fr,ROME
SKL_11cc9ef26ca8,skill,Maintenir une veille technologique active,maintenir une veille technologique active,preferred,fr,ROME
SKL_7275b530925c,skill,Optimiser la navigation sur un site web,optimiser la navigation sur un site web,preferred,fr,ROME
SKL_4d43cbc08b0b,skill,Améliorer l'accessibilité web pour les utilisateurs à mobilité réduite,ameliorer l'accessibilite web pour les utilisateurs a mobilite reduite,preferred,fr,ROME
SKL_a9cbf932e648,skill,Analyser les tendances du design web pour rester à jour,analyser les tendances du design web pour rester a jour,preferred,fr,ROME
SKL_ed425caf63b6,skill,Ergonomie d'un site web,ergonomie d'un site web,preferred,fr,ROME
SKL_8faf1bc610e1,skill,Webmarketing,webmarketing,preferred,fr,ROME
SKL_992a36c5b5f3,skill,Responsive design,responsive design,preferred,fr,ROME
SKL_70f28a44d12c,skill,Arborescence d'un site web,arborescence d'un site web,preferred,fr,ROME
SKL_0beb84d41525,skill,Licence pro mention e-commerce et marketing numérique,licence pro mention e-commerce et marketing numerique,preferred,fr,ROME
SKL_1bee8bc992a4,skill,Licence pro mention communication et valorisation de la création artistique,licence pro mention communication et valorisation de la creation artistique,preferred,fr,ROME
SKL_4bdc9e2a56c1,skill,"Licence pro mention métiers du numérique : conception, rédaction et réalisation web","licence pro mention metiers du numerique : conception, redaction et realisation web",preferred,fr,ROME
SKL_023c6244d168,skill,Analyse de données web,analyse de donnees web,preferred,fr,ROME
SKL_bfeb5a8b5f39,skill,Planification stratégique de contenu web,planification strategique de contenu web,preferred,fr,ROME
SKL_066fbab13e0a,skill,Stratégies de contenu pour le web,strategies de contenu pour le web,preferred,fr,ROME
SKL_d027c582b3fa,skill,Techniques de rédaction web,techniques de redaction web,preferred,fr,ROME
SKL_debe6afe6379,skill,Tests utilisateurs,tests utilisateurs,preferred,fr,ROME
SKL_f18b5ed6d2d5,skill,Utilisation des outils d'analyse de trafic web,utilisation des outils d'analyse de trafic web,preferred,fr,ROME
SKL_b70c18151212,skill,Web designer,web designer,preferred,fr,ROME
SKL_1197f99dde40,skill,Licence pro mention métiers de l'information : veille et gestion des ressources documentaires,licence pro mention metiers de l'information : veille et gestion des ressources documentaires,preferred,fr,ROME
SKL_e369a43aabad,skill,Manager de projets en stratégies digitales et data marketing (MS),manager de projets en strategies digitales et data marketing (ms),preferred,fr,ROME
SKL_e1726712f932,skill,Former aux évolutions techniques et règlementaires en matière de sécurité,former aux evolutions techniques et reglementaires en matiere de securite,preferred,fr,ROME
SKL_3e4774cf440a,skill,Concevoir la maquette d'un site web,concevoir la maquette d'un site web,preferred,fr,ROME
SKL_c867be59314a,skill,Concevoir un site web,concevoir un site web,preferred,fr,ROME
SKL_721c384d7171,skill,Utiliser des logiciels de gestion de contenu,utiliser des logiciels de gestion de contenu,preferred,fr,ROME
SKL_3773d4973e72,skill,Respecter les délais de livraison des projets,respecter les delais de livraison des projets,preferred,fr,ROME
SKL_e74296377796,skill,Concevoir des solutions digitales sans code,concevoir des solutions digitales sans code,preferred,fr,ROME
SKL_35da4d379188,skill,Optimiser les processus de développement de produit,optimiser les processus de developpement de produit,preferred,fr,ROME
SKL_9cfdd0e069fa,skill,Faciliter la collaboration inter-équipes pour le développement de produits,faciliter la collaboration inter-equipes pour le developpement de produits,preferred,fr,ROME
SKL_715970941717,skill,Communiquer clairement les objectifs de projet,communiquer clairement les objectifs de projet,preferred,fr,ROME
SKL_7b0464300db4,skill,Développer ses compétences en gestion de produits numériques,developper ses competences en gestion de produits numeriques,preferred,fr,ROME
SKL_73eff5a68308,skill,Concevoir l'architecture d'un site web,concevoir l'architecture d'un site web,preferred,fr,ROME
SKL_92969cd9485a,skill,Collaboration inter-équipes pour projets no code,collaboration inter-equipes pour projets no code,preferred,fr,ROME
SKL_1375b5d67783,skill,Conception de solutions no code,conception de solutions no code,preferred,fr,ROME
SKL_6383181974ad,skill,Gestion de la performance des solutions no code,gestion de la performance des solutions no code,preferred,fr,ROME
SKL_bc6e45a2484e,skill,Intégration de systèmes no code,integration de systemes no code,preferred,fr,ROME
SKL_5c5d108015eb,skill,Respect des normes de qualité no code,respect des normes de qualite no code,preferred,fr,ROME
SKL_79143ad1b971,skill,Tests et validation de solutions no code,tests et validation de solutions no code,preferred,fr,ROME
SKL_dc5b446c6642,skill,Concepteur développeur d'applications no code,concepteur developpeur d'applications no code,preferred,fr,ROME
SKL_e91e1f804e05,skill,Expert en transformation digitale et technologique no-code,expert en transformation digitale et technologique no-code,preferred,fr,ROME
SKL_9189f3327d34,skill,Identifier et évaluer les risques potentiels liés à l'environnement (variation des conditions climatiques),identifier et evaluer les risques potentiels lies a l'environnement (variation des conditions climatiques),preferred,fr,ROME
SKL_72cad7e4033a,skill,Collaborer avec des équipes internationales,collaborer avec des equipes internationales,preferred,fr,ROME
SKL_57d0100037fb,skill,Traiter des informations complexes,traiter des informations complexes,preferred,fr,ROME
SKL_45443f4db2d3,skill,Analyser les données climatiques,analyser les donnees climatiques,preferred,fr,ROME
SKL_cab09033de50,skill,Proposer des stratégies d'adaptation au changement climatique,proposer des strategies d'adaptation au changement climatique,preferred,fr,ROME
SKL_ca705bfeeed9,skill,Développer des outils de simulation climatique,developper des outils de simulation climatique,preferred,fr,ROME
SKL_24e150a85dba,skill,Construire des scénarios de changement climatique,construire des scenarios de changement climatique,preferred,fr,ROME
SKL_6350cf4eacff,skill,Optimiser les méthodes de collecte de données climatiques,optimiser les methodes de collecte de donnees climatiques,preferred,fr,ROME
SKL_d23ec7472447,skill,Contribuer à des publications scientifiques sur le climat,contribuer a des publications scientifiques sur le climat,preferred,fr,ROME
SKL_becbe1379b76,skill,Former les nouveaux membres de l'équipe,former les nouveaux membres de l'equipe,preferred,fr,ROME
SKL_3abbe73352f6,skill,Evaluer les risques liés aux changements climatiques sur les ressources en eau,evaluer les risques lies aux changements climatiques sur les ressources en eau,preferred,fr,ROME
SKL_8c5fbe75b802,skill,Modéliser des scénarios climatiques,modeliser des scenarios climatiques,preferred,fr,ROME
SKL_f712273301c8,skill,Interpréter des modèles de prévision climatique,interpreter des modeles de prevision climatique,preferred,fr,ROME
SKL_299bc27b6ba8,skill,Communiquer les résultats de modélisation à des non-spécialistes,communiquer les resultats de modelisation a des non-specialistes,preferred,fr,ROME
SKL_e5764a5ee531,skill,Développer des algorithmes de simulation,developper des algorithmes de simulation,preferred,fr,ROME
SKL_0a68500bdada,skill,Construire des projets de recherche en climatologie,construire des projets de recherche en climatologie,preferred,fr,ROME
SKL_ddfe73a54a81,skill,Gérer des bases de données climatiques,gerer des bases de donnees climatiques,preferred,fr,ROME
SKL_d132a60301e5,skill,Préparer des rapports détaillés pour des organismes de financement,preparer des rapports detailles pour des organismes de financement,preferred,fr,ROME
SKL_b5577991985c,skill,Surveiller les avancées technologiques en modélisation,surveiller les avancees technologiques en modelisation,preferred,fr,ROME
SKL_5b6a3d3936ac,skill,Utiliser des logiciels spécialisés en climatologie,utiliser des logiciels specialises en climatologie,preferred,fr,ROME
SKL_351d964f2530,skill,Documenter les procédures de modélisation,documenter les procedures de modelisation,preferred,fr,ROME
SKL_a97bb4132347,skill,Etablir des collaborations interdisciplinaires,etablir des collaborations interdisciplinaires,preferred,fr,ROME
SKL_afe4d574dc8e,skill,Analyse de données climatiques,analyse de donnees climatiques,preferred,fr,ROME
SKL_487cd3caea0d,skill,Analyse statistique en climatologie,analyse statistique en climatologie,preferred,fr,ROME
SKL_01a3962238c6,skill,Communication scientifique en climatologie,communication scientifique en climatologie,preferred,fr,ROME
SKL_dc1f21dea397,skill,Développement de partenariats scientifiques,developpement de partenariats scientifiques,preferred,fr,ROME
SKL_8fd77ee9aa53,skill,Evaluation des impacts climatiques,evaluation des impacts climatiques,preferred,fr,ROME
SKL_83e44dd66681,skill,Formation en modélisation climatique,formation en modelisation climatique,preferred,fr,ROME
SKL_895a541f5848,skill,Gestion de crise en cas d'événements climatiques,gestion de crise en cas d'evenements climatiques,preferred,fr,ROME
SKL_eb1bb4a79e3a,skill,Gestion de projets de recherche climatique,gestion de projets de recherche climatique,preferred,fr,ROME
SKL_d24ac4a328e4,skill,Gestion des risques climatiques,gestion des risques climatiques,preferred,fr,ROME
SKL_9915454f5de4,skill,Présentation de résultats à des conférences,presentation de resultats a des conferences,preferred,fr,ROME
SKL_0b9ba316c897,skill,Rédaction de rapports d'étude climatique,redaction de rapports d'etude climatique,preferred,fr,ROME
SKL_b8863c06e2a7,skill,Utilisation de bases de données environnementales,utilisation de bases de donnees environnementales,preferred,fr,ROME
SKL_7e1d73917a68,skill,Développer des algorithmes pour l'analyse de données,developper des algorithmes pour l'analyse de donnees,preferred,fr,ROME
SKL_aebf45449f8c,skill,Utiliser des logiciels spécifiques aux sciences humaines pour l'analyse de données,utiliser des logiciels specifiques aux sciences humaines pour l'analyse de donnees,preferred,fr,ROME
SKL_8b8ccb2b733b,skill,Concevoir des algorithmes d'apprentissage automatique,concevoir des algorithmes d'apprentissage automatique,preferred,fr,ROME
SKL_f7c39262bf4b,skill,Optimiser les performances des systèmes d'IA,optimiser les performances des systemes d'ia,preferred,fr,ROME
SKL_fd38c05d0b6f,skill,Développer des modèles prédictifs pour l'analyse de données,developper des modeles predictifs pour l'analyse de donnees,preferred,fr,ROME
SKL_355d38d782e2,skill,Implémenter des solutions d'IA dans des environnements de production,implementer des solutions d'ia dans des environnements de production,preferred,fr,ROME
SKL_709f6e6f599d,skill,Analyser les besoins des clients pour proposer des solutions d'IA adaptées,analyser les besoins des clients pour proposer des solutions d'ia adaptees,preferred,fr,ROME
SKL_11e368dba0c7,skill,Communiquer clairement les concepts d'IA aux parties prenantes non techniques,communiquer clairement les concepts d'ia aux parties prenantes non techniques,preferred,fr,ROME
SKL_a82f8cf1e8cb,skill,Traiter les données de manière sécurisée et conforme,traiter les donnees de maniere securisee et conforme,preferred,fr,ROME
SKL_7fcdd40698eb,skill,Tester rigoureusement les modèles d'IA avant déploiement,tester rigoureusement les modeles d'ia avant deploiement,preferred,fr,ROME
SKL_c5db559db16b,skill,Adapter les modèles d'IA aux changements de données ou de contexte,adapter les modeles d'ia aux changements de donnees ou de contexte,preferred,fr,ROME
SKL_08e818c0e476,skill,Evaluer l'impact environnemental des projets d'IA,evaluer l'impact environnemental des projets d'ia,preferred,fr,ROME
SKL_41c753b2f053,skill,Documenter les processus et les architectures d'IA,documenter les processus et les architectures d'ia,preferred,fr,ROME
SKL_7de122fc32b3,skill,Assurer la maintenance et l'actualisation des systèmes d'IA,assurer la maintenance et l'actualisation des systemes d'ia,preferred,fr,ROME
SKL_2cdf7390cbb1,skill,Analyser les tendances du marché pour anticiper les évolutions de l'IA,analyser les tendances du marche pour anticiper les evolutions de l'ia,preferred,fr,ROME
SKL_070f769124a6,skill,Collaborer avec des experts en éthique pour évaluer les projets d'IA,collaborer avec des experts en ethique pour evaluer les projets d'ia,preferred,fr,ROME
SKL_07b9a7b4fb02,skill,Gérer les risques associés aux technologies d'IA,gerer les risques associes aux technologies d'ia,preferred,fr,ROME
SKL_3d37cfe82673,skill,Conduire des revues de code pour assurer la qualité des développements d'IA,conduire des revues de code pour assurer la qualite des developpements d'ia,preferred,fr,ROME
SKL_003960be3951,skill,Planifier des projets d'IA en tenant compte des contraintes de temps et de budget,planifier des projets d'ia en tenant compte des contraintes de temps et de budget,preferred,fr,ROME
SKL_32df9d305ee8,skill,Collaboration interdisciplinaire,collaboration interdisciplinaire,preferred,fr,ROME
SKL_7808189367b8,skill,Adaptation des IA aux besoins spécifiques,adaptation des ia aux besoins specifiques,preferred,fr,ROME
SKL_c2826d2e7cb5,skill,Connaissance approfondie en mathématiques,connaissance approfondie en mathematiques,preferred,fr,ROME
SKL_05b8ebb551a1,skill,Développement de produits basés sur l'IA,developpement de produits bases sur l'ia,preferred,fr,ROME
SKL_fd70006af3ce,skill,Evaluation de modèles d'IA,evaluation de modeles d'ia,preferred,fr,ROME
SKL_ca788982d5a2,skill,Intégration de systèmes d'intelligence artificielle,integration de systemes d'intelligence artificielle,preferred,fr,ROME
SKL_9f4931ca1f0e,skill,Techniques d'optimisation pour IA,techniques d'optimisation pour ia,preferred,fr,ROME
SKL_050065d1e5ae,skill,Utilisation de TensorFlow et PyTorch,utilisation de tensorflow et pytorch,preferred,fr,ROME
SKL_fe1990fa1217,skill,Veille technologique en intelligence artificielle,veille technologique en intelligence artificielle,preferred,fr,ROME
SKL_c874dabd8386,skill,Réaliser des cartes météorologiques à partir de relevés et données d'observation météo transmises,realiser des cartes meteorologiques a partir de releves et donnees d'observation meteo transmises,preferred,fr,ROME
SKL_f03f0490f343,skill,Réaliser une étude d'impact environnemental,realiser une etude d'impact environnemental,preferred,fr,ROME
SKL_458263bafe26,skill,Coordonner l'activité d'une équipe,coordonner l'activite d'une equipe,preferred,fr,ROME
SKL_44817ef954e8,skill,Planifier et suivre des opérations de maintenance,planifier et suivre des operations de maintenance,preferred,fr,ROME
SKL_9b10adb9a7aa,skill,Optimiser les processus de diffusion d'information,optimiser les processus de diffusion d'information,preferred,fr,ROME
SKL_7e832ef1fbdf,skill,Organiser des formations continues pour le personnel,organiser des formations continues pour le personnel,preferred,fr,ROME
SKL_9d86c681810e,skill,Calibrer des instruments d'observation spatiale,calibrer des instruments d'observation spatiale,preferred,fr,ROME
SKL_0cc7a96fb8f8,skill,"Faire appliquer les règles de Qualité, Hygiène, Sécurité, Santé et Environnement (QHSSE)","faire appliquer les regles de qualite, hygiene, securite, sante et environnement (qhsse)",preferred,fr,ROME
SKL_9d9be4096f4d,skill,Evaluer les compétences et les performances du personnel,evaluer les competences et les performances du personnel,preferred,fr,ROME
SKL_e00f42e3f56b,skill,Valider la fiabilité des données recueillies,valider la fiabilite des donnees recueillies,preferred,fr,ROME
SKL_44d104a18344,skill,Rédiger des rapports d'analyse détaillés,rediger des rapports d'analyse detailles,preferred,fr,ROME
SKL_04886a1350bc,skill,Coordonner les opérations journalières de la station,coordonner les operations journalieres de la station,preferred,fr,ROME
SKL_246a5ca0bc97,skill,Développer des stratégies pour améliorer l'efficacité des opérations,developper des strategies pour ameliorer l'efficacite des operations,preferred,fr,ROME
SKL_f6f798444b45,skill,Evaluer les performances des équipements météorologiques,evaluer les performances des equipements meteorologiques,preferred,fr,ROME
SKL_e1cbecaa9c68,skill,Collaborer avec des chercheurs pour des études météorologiques,collaborer avec des chercheurs pour des etudes meteorologiques,preferred,fr,ROME
SKL_ec89ab92fadd,skill,Construire des partenariats avec des institutions météorologiques,construire des partenariats avec des institutions meteorologiques,preferred,fr,ROME
SKL_fdc1570ff252,skill,Argumenter pour obtenir des financements pour des projets de recherche,argumenter pour obtenir des financements pour des projets de recherche,preferred,fr,ROME
SKL_58ffb4b5752e,skill,Assurer la maintenance préventive des instruments météo,assurer la maintenance preventive des instruments meteo,preferred,fr,ROME
SKL_f570b5c9607b,skill,Techniques de modélisation,techniques de modelisation,preferred,fr,ROME
SKL_f246f0f82461,skill,Calibration des instruments météorologiques,calibration des instruments meteorologiques,preferred,fr,ROME
SKL_b9be1b142603,skill,Collaboration avec des organismes de recherche climatique,collaboration avec des organismes de recherche climatique,preferred,fr,ROME
SKL_aac0ee8d9047,skill,Développement de modèles prédictifs météo,developpement de modeles predictifs meteo,preferred,fr,ROME
SKL_47ad11305fa9,skill,Formation sur les outils météorologiques,formation sur les outils meteorologiques,preferred,fr,ROME
SKL_51d74367c21a,skill,Interprétation des cartes météo,interpretation des cartes meteo,preferred,fr,ROME
SKL_0920de99e06c,skill,Maintenance des équipements de station météorologique,maintenance des equipements de station meteorologique,preferred,fr,ROME
SKL_1fe79c0ac9cb,skill,Planification opérationnelle en météorologie,planification operationnelle en meteorologie,preferred,fr,ROME
SKL_69be15f55a70,skill,Rédaction de rapports météorologiques,redaction de rapports meteorologiques,preferred,fr,ROME
SKL_979882c8d5f8,skill,Surveillance des phénomènes météorologiques extrêmes,surveillance des phenomenes meteorologiques extremes,preferred,fr,ROME
SKL_bca1f18a258a,skill,Observer un phénomène météorologique,observer un phenomene meteorologique,preferred,fr,ROME
SKL_7b6a1b69dcf3,skill,Traiter une information météorologique recueillie,traiter une information meteorologique recueillie,preferred,fr,ROME
SKL_a9177184ee00,skill,Interpréter les modèles de prévision météorologique,interpreter les modeles de prevision meteorologique,preferred,fr,ROME
SKL_c9100588785c,skill,Respecter les normes de sécurité dans la collecte de données,respecter les normes de securite dans la collecte de donnees,preferred,fr,ROME
SKL_eaaea1c57af9,skill,Participer à des conférences internationales sur le climat,participer a des conferences internationales sur le climat,preferred,fr,ROME
SKL_b5d0a50046c3,skill,Collaborer avec des équipes internationales pour des études conjointes,collaborer avec des equipes internationales pour des etudes conjointes,preferred,fr,ROME
SKL_78aa49808f83,skill,Traiter les informations liées aux conditions météorologiques,traiter les informations liees aux conditions meteorologiques,preferred,fr,ROME
SKL_126406caee36,skill,Se coordonner avec des équipes pour des alertes météo urgentes,se coordonner avec des equipes pour des alertes meteo urgentes,preferred,fr,ROME
SKL_d8294b5cc24c,skill,Gérer les communications avec les agences météorologiques nationales,gerer les communications avec les agences meteorologiques nationales,preferred,fr,ROME
SKL_1b33cc5d35d1,skill,Préparer des rapports détaillés sur les conditions météorologiques,preparer des rapports detailles sur les conditions meteorologiques,preferred,fr,ROME
SKL_ce442c764854,skill,Concevoir des outils d'analyse et de visualisation météorologique,concevoir des outils d'analyse et de visualisation meteorologique,preferred,fr,ROME
SKL_1b06df381b6e,skill,Gérer des projets de recherche en météorologie,gerer des projets de recherche en meteorologie,preferred,fr,ROME
SKL_e3aa97826f30,skill,Gérer les équipements de mesure météorologique,gerer les equipements de mesure meteorologique,preferred,fr,ROME
SKL_78359168015b,skill,Aérologie,aerologie,preferred,fr,ROME
SKL_3c5a20f9caed,skill,Modélisation spatiale,modelisation spatiale,preferred,fr,ROME
SKL_f41b6c54a6e9,skill,Interprétation des données météorologiques,interpretation des donnees meteorologiques,preferred,fr,ROME
SKL_752aa32803dd,skill,Consultation météorologique pour les médias,consultation meteorologique pour les medias,preferred,fr,ROME
SKL_3fc078421a65,skill,Gestion de bases de données météorologiques,gestion de bases de donnees meteorologiques,preferred,fr,ROME
SKL_17cfe27818e4,skill,Interprétation des images satellite,interpretation des images satellite,preferred,fr,ROME
SKL_4dd5ac165dc5,skill,Utilisation de logiciels de prévision météo,utilisation de logiciels de prevision meteo,preferred,fr,ROME
SKL_8d485b6308bc,skill,Utilisation de satellites météorologiques,utilisation de satellites meteorologiques,preferred,fr,ROME
SKL_45eacd86858a,skill,"Déterminer des composants d'architecture, des technologies, des équipements, des outils supports et les intégrer selon les spécifications","determiner des composants d'architecture, des technologies, des equipements, des outils supports et les integrer selon les specifications",preferred,fr,ROME
SKL_288719191800,skill,Mettre à jour les logiciels des systèmes embarqués,mettre a jour les logiciels des systemes embarques,preferred,fr,ROME
SKL_6f17930fd176,skill,Optimiser l'interface utilisateur des systèmes,optimiser l'interface utilisateur des systemes,preferred,fr,ROME
SKL_a00bc7747ded,skill,Concevoir des architectures de systèmes embarqués,concevoir des architectures de systemes embarques,preferred,fr,ROME
SKL_7b36d51a198f,skill,Développer des logiciels pour systèmes embarqués,developper des logiciels pour systemes embarques,preferred,fr,ROME
SKL_e24a00d4d3ad,skill,Tester et valider des systèmes embarqués,tester et valider des systemes embarques,preferred,fr,ROME
SKL_86dce881f832,skill,Assurer la compatibilité des systèmes embarqués avec différents matériels,assurer la compatibilite des systemes embarques avec differents materiels,preferred,fr,ROME
SKL_5a05f6fbf8d3,skill,Analyser les besoins clients pour des solutions embarquées,analyser les besoins clients pour des solutions embarquees,preferred,fr,ROME
SKL_8c9460d23dc2,skill,Superviser des équipes de développement de systèmes embarqués,superviser des equipes de developpement de systemes embarques,preferred,fr,ROME
SKL_abec039aa555,skill,Mettre en place des protocoles de sécurité pour systèmes embarqués,mettre en place des protocoles de securite pour systemes embarques,preferred,fr,ROME
SKL_d84111bb4296,skill,Réaliser des études de faisabilité pour nouveaux projets embarqués,realiser des etudes de faisabilite pour nouveaux projets embarques,preferred,fr,ROME
SKL_d9dbda86a704,skill,Collaborer avec des fournisseurs pour des composants de systèmes,collaborer avec des fournisseurs pour des composants de systemes,preferred,fr,ROME
SKL_857d92ae2920,skill,Respecter les normes industrielles dans la conception embarquée,respecter les normes industrielles dans la conception embarquee,preferred,fr,ROME
SKL_652525001d1d,skill,Logiciels de conception ou dessin assisté par ordinateur (CAO/DAO),logiciels de conception ou dessin assiste par ordinateur (cao/dao),preferred,fr,ROME
SKL_f4ffc6da9766,skill,Analyse des besoins clients pour systèmes embarqués,analyse des besoins clients pour systemes embarques,preferred,fr,ROME
SKL_0ee12f5cdbed,skill,"Connaissance des bus de communication (CAN, SPI, I2C)","connaissance des bus de communication (can, spi, i2c)",preferred,fr,ROME
SKL_13157c58c174,skill,Connaissance des microcontrôleurs,connaissance des microcontroleurs,preferred,fr,ROME
SKL_2fb21a0cafe3,skill,Débogage de systèmes embarqués,debogage de systemes embarques,preferred,fr,ROME
SKL_19dc6559576b,skill,Documentation technique pour systèmes embarqués,documentation technique pour systemes embarques,preferred,fr,ROME
SKL_8c2a49ac61b8,skill,Gestion des versions de logiciels embarqués,gestion des versions de logiciels embarques,preferred,fr,ROME
SKL_4392d34c7fdc,skill,Respect des normes de qualité et de sécurité,respect des normes de qualite et de securite,preferred,fr,ROME
SKL_c12e0fd69710,skill,Ingénieur diplômé de l'école d'ingénieurs Denis-Diderot de l'université Paris Cité spécialité systèmes informatiques embarqués,ingenieur diplome de l'ecole d'ingenieurs denis-diderot de l'universite paris cite specialite systemes informatiques embarques,preferred,fr,ROME
SKL_2835760f8f31,skill,Ingénieur diplômé de l'école nationale supérieure de techniques avancées Bretagne spécialité systèmes embarqués,ingenieur diplome de l'ecole nationale superieure de techniques avancees bretagne specialite systemes embarques,preferred,fr,ROME
SKL_4a60742861e0,skill,"Ingénieur diplômé de l'école nationale supérieure d'électronique, informatique, télécommunications, mathématique et mécanique de Bordeaux de l'institut polytechnique de Bordeaux spécialité systèmes électroniques embarqués","ingenieur diplome de l'ecole nationale superieure d'electronique, informatique, telecommunications, mathematique et mecanique de bordeaux de l'institut polytechnique de bordeaux specialite systemes electroniques embarques",preferred,fr,ROME
SKL_0048bd2d55e2,skill,Ingénieur diplômé de l'école nationale supérieure des mines de Saint-Etienne de l'institut Mines-Télécom spécialité systèmes électroniques embarqués,ingenieur diplome de l'ecole nationale superieure des mines de saint-etienne de l'institut mines-telecom specialite systemes electroniques embarques,preferred,fr,ROME
SKL_139b283ba52f,skill,Ingénieur diplômé de l'école polytechnique universitaire de l'université Côte d'Azur spécialité électronique et systèmes embarqués,ingenieur diplome de l'ecole polytechnique universitaire de l'universite cote d'azur specialite electronique et systemes embarques,preferred,fr,ROME
SKL_79810306bc02,skill,Ingénieur diplômé de l'école polytechnique universitaire de l'université de Lille spécialité systèmes embarqués et génie électrique,ingenieur diplome de l'ecole polytechnique universitaire de l'universite de lille specialite systemes embarques et genie electrique,preferred,fr,ROME
SKL_ee453d684112,skill,Ingénieur diplômé de l'institut des sciences et techniques des Yvelines de l'université de Versailles-Saint-Quentin en Yvelines spécialité systèmes électroniques embarqués,ingenieur diplome de l'institut des sciences et techniques des yvelines de l'universite de versailles-saint-quentin en yvelines specialite systemes electroniques embarques,preferred,fr,ROME
SKL_c954c4c5d040,skill,Ingénieur diplômé du CESI spécialité systèmes électriques et électroniques embarqués,ingenieur diplome du cesi specialite systemes electriques et electroniques embarques,preferred,fr,ROME
SKL_908256750a57,skill,Etudier des caractéristiques de neiges et de manteaux neigeux et évaluer des risques d'avalanches,etudier des caracteristiques de neiges et de manteaux neigeux et evaluer des risques d'avalanches,preferred,fr,ROME
SKL_bb55ca3276d1,skill,Mettre en œuvre des initiatives écologiques pour réduire l'impact environnemental,mettre en oeuvre des initiatives ecologiques pour reduire l'impact environnemental,preferred,fr,ROME
SKL_47edf859bfd8,skill,Optimiser l'utilisation des équipements de surveillance météorologique,optimiser l'utilisation des equipements de surveillance meteorologique,preferred,fr,ROME
SKL_96638cc11cff,skill,Optimiser les méthodes de collecte de données météo,optimiser les methodes de collecte de donnees meteo,preferred,fr,ROME
SKL_bfe3a178bf3c,skill,Océanographie,oceanographie,preferred,fr,ROME
SKL_e479fac3fb3c,skill,Perturbations tropicales,perturbations tropicales,preferred,fr,ROME
SKL_e11c4511388d,skill,Analyse de données spatiales,analyse de donnees spatiales,preferred,fr,ROME
SKL_00a71d466d87,skill,Gestion de projets météorologiques,gestion de projets meteorologiques,preferred,fr,ROME
SKL_09128a6b279e,skill,Préparation de bulletins météorologiques,preparation de bulletins meteorologiques,preferred,fr,ROME
SKL_12b5d49148b6,skill,Surveillance des conditions climatiques,surveillance des conditions climatiques,preferred,fr,ROME
SKL_b37ead5ddfdb,skill,Intégrer un Système de Gestion de Base de Données - SGBD -,integrer un systeme de gestion de base de donnees - sgbd -,preferred,fr,ROME
SKL_ab84c79473b9,skill,Installer des éléments de contrôle d'accès,installer des elements de controle d'acces,preferred,fr,ROME
SKL_293ddf85454e,skill,"Stocker et organiser des données (gestionnaire de fichiers, espace de stockage en ligne, bases de données...)","stocker et organiser des donnees (gestionnaire de fichiers, espace de stockage en ligne, bases de donnees...)",preferred,fr,ROME
SKL_37fa045a1614,skill,Saisir ou faire saisir les données recueillies dans la base de données,saisir ou faire saisir les donnees recueillies dans la base de donnees,preferred,fr,ROME
SKL_fdd179509be3,skill,Utiliser de manière pertinente et efficace des logiciels de base de données et la suite Office,utiliser de maniere pertinente et efficace des logiciels de base de donnees et la suite office,preferred,fr,ROME
SKL_51e2805c1f0e,skill,Collaborer avec des équipes de développement,collaborer avec des equipes de developpement,preferred,fr,ROME
SKL_baf6e1218771,skill,Assurer la formation continue de l'équipe sur les nouvelles technologies,assurer la formation continue de l'equipe sur les nouvelles technologies,preferred,fr,ROME
SKL_0027696732a5,skill,Mettre en place des politiques de sécurité pour protéger les données,mettre en place des politiques de securite pour proteger les donnees,preferred,fr,ROME
SKL_96818f5e5642,skill,Surveiller les performances du système de gestion de bases de données,surveiller les performances du systeme de gestion de bases de donnees,preferred,fr,ROME
SKL_3f1089c21986,skill,Diagnostiquer et résoudre les problèmes liés aux bases de données,diagnostiquer et resoudre les problemes lies aux bases de donnees,preferred,fr,ROME
SKL_c3aad42af879,skill,Evaluer l'utilisation des données pour recommander des améliorations,evaluer l'utilisation des donnees pour recommander des ameliorations,preferred,fr,ROME
SKL_f59987812bb9,skill,Configurer des réplications de données pour assurer la disponibilité,configurer des replications de donnees pour assurer la disponibilite,preferred,fr,ROME
SKL_a31f3c0af092,skill,Analyser les tendances des données pour anticiper les besoins futurs,analyser les tendances des donnees pour anticiper les besoins futurs,preferred,fr,ROME
SKL_9f34c7ad56c0,skill,Elaborer des stratégies de partitionnement des données pour optimiser les performances,elaborer des strategies de partitionnement des donnees pour optimiser les performances,preferred,fr,ROME
SKL_e84beaac7943,skill,Planifier les capacités de stockage pour répondre aux exigences futures,planifier les capacites de stockage pour repondre aux exigences futures,preferred,fr,ROME
SKL_50e912cb03d4,skill,Surveiller les évolutions technologiques pour maintenir les systèmes à jour,surveiller les evolutions technologiques pour maintenir les systemes a jour,preferred,fr,ROME
SKL_06645f12844c,skill,Connaissance des solutions de manipulation des données ETL/LET,connaissance des solutions de manipulation des donnees etl/let,preferred,fr,ROME
SKL_3790bb19ef9c,skill,Optimisation de l'espace et des ressources,optimisation de l'espace et des ressources,preferred,fr,ROME
SKL_e1d3a4a6b21f,skill,Gestion des systèmes de contrôle d'accès,gestion des systemes de controle d'acces,preferred,fr,ROME
SKL_7b6c168d1bc5,skill,Audit de sécurité des bases de données,audit de securite des bases de donnees,preferred,fr,ROME
SKL_724891367f29,skill,Formation des utilisateurs sur les bases de données,formation des utilisateurs sur les bases de donnees,preferred,fr,ROME
SKL_5dc2de3b5850,skill,Gestion de la migration des données,gestion de la migration des donnees,preferred,fr,ROME
SKL_1494e7be4cee,skill,Gestion des utilisateurs et des permissions,gestion des utilisateurs et des permissions,preferred,fr,ROME
SKL_f468ab12dfe8,skill,Maintenance préventive des bases de données,maintenance preventive des bases de donnees,preferred,fr,ROME
SKL_e62c15788369,skill,Mise en place de réplications de données,mise en place de replications de donnees,preferred,fr,ROME
SKL_9e20d0d08408,skill,Optimisation des requêtes SQL,optimisation des requetes sql,preferred,fr,ROME
SKL_7af0ad010a88,skill,"Recueillir et qualifier les données, signaux, mesures, images, transmis ou émis","recueillir et qualifier les donnees, signaux, mesures, images, transmis ou emis",preferred,fr,ROME
SKL_f04ec01eff0e,skill,Cartographier des données,cartographier des donnees,preferred,fr,ROME
SKL_2e9c008c6bfd,skill,Développer des systèmes d'aide à la décision,developper des systemes d'aide a la decision,preferred,fr,ROME
SKL_9567d0651c69,skill,Collecter sur le terrain des données de l'implantation existante ou du site à aménager,collecter sur le terrain des donnees de l'implantation existante ou du site a amenager,preferred,fr,ROME
SKL_94b27ea16e77,skill,"Identifier les lieux, se repérer dans l'espace","identifier les lieux, se reperer dans l'espace",preferred,fr,ROME
SKL_a0f090bb0123,skill,Gérer et alimenter des bases de données réglementaires internes et externes,gerer et alimenter des bases de donnees reglementaires internes et externes,preferred,fr,ROME
SKL_8e6612de9bab,skill,"Gérer et traiter des données (recherche, recueil, analyse, priorisation, diffusion, classement, suivi)","gerer et traiter des donnees (recherche, recueil, analyse, priorisation, diffusion, classement, suivi)",preferred,fr,ROME
SKL_04b167b548e3,skill,Valider les méthodes de collecte de données,valider les methodes de collecte de donnees,preferred,fr,ROME
SKL_c0aa059f7077,skill,Développer des stratégies de collecte d'informations,developper des strategies de collecte d'informations,preferred,fr,ROME
SKL_595d0bd5cffa,skill,Veiller à la protection des données et des informations sensibles,veiller a la protection des donnees et des informations sensibles,preferred,fr,ROME
SKL_74c2b5faa586,skill,Synthétiser des informations complexes,synthetiser des informations complexes,preferred,fr,ROME
SKL_effa6c300e57,skill,Optimiser les flux d'informations pour la prise de décision,optimiser les flux d'informations pour la prise de decision,preferred,fr,ROME
SKL_4cc34e8e3627,skill,Recueillir des informations de terrain,recueillir des informations de terrain,preferred,fr,ROME
SKL_1c2af660d630,skill,Utiliser des logiciels spécialisés pour l'analyse des données,utiliser des logiciels specialises pour l'analyse des donnees,preferred,fr,ROME
SKL_6e090adfa50f,skill,Organiser des sessions de collecte de données,organiser des sessions de collecte de donnees,preferred,fr,ROME
SKL_bbba9a2c6283,skill,Former les équipes à l'utilisation des outils de données,former les equipes a l'utilisation des outils de donnees,preferred,fr,ROME
SKL_99e571d695e1,skill,Savoir analyser le terrain,savoir analyser le terrain,preferred,fr,ROME
SKL_ce4efd8eb062,skill,Analyser les besoins des utilisateurs pour la création de systèmes d'information géographique,analyser les besoins des utilisateurs pour la creation de systemes d'information geographique,preferred,fr,ROME
SKL_a36e576977d4,skill,Optimiser les processus de collecte de données géographiques,optimiser les processus de collecte de donnees geographiques,preferred,fr,ROME
SKL_c767b3c54305,skill,Assurer la maintenance et la mise à jour des systèmes d'information géographique,assurer la maintenance et la mise a jour des systemes d'information geographique,preferred,fr,ROME
SKL_6796dead11ec,skill,Intégrer des solutions de géolocalisation dans des applications mobiles,integrer des solutions de geolocalisation dans des applications mobiles,preferred,fr,ROME
SKL_553d3f27bbff,skill,Développer des interfaces utilisateur pour des applications de cartographie,developper des interfaces utilisateur pour des applications de cartographie,preferred,fr,ROME
SKL_b84285018d3e,skill,Créer des visualisations de données géographiques complexes,creer des visualisations de donnees geographiques complexes,preferred,fr,ROME
SKL_f2436909ec92,skill,Implémenter des protocoles de sécurité pour les données géospatiales,implementer des protocoles de securite pour les donnees geospatiales,preferred,fr,ROME
SKL_e502d984a408,skill,Réaliser des analyses spatiales pour des études environnementales,realiser des analyses spatiales pour des etudes environnementales,preferred,fr,ROME
SKL_d51d65660ffd,skill,Conduire des études de terrain pour valider des données géographiques,conduire des etudes de terrain pour valider des donnees geographiques,preferred,fr,ROME
SKL_f07813b19a3b,skill,Publier et diffuser des jeux de données sur des plateformes d'open data,publier et diffuser des jeux de donnees sur des plateformes d'open data,preferred,fr,ROME
SKL_d3d2515446f2,skill,Interprétation de données géospatiales,interpretation de donnees geospatiales,preferred,fr,ROME
SKL_24b86e045988,skill,Gestion de bases de données spatiales,gestion de bases de donnees spatiales,preferred,fr,ROME
SKL_bab89aa8367c,skill,Cartographie numérique,cartographie numerique,preferred,fr,ROME
SKL_972375271d00,skill,Programmation Python pour l'analyse spatiale,programmation python pour l'analyse spatiale,preferred,fr,ROME
SKL_a8c6e477ce2e,skill,Conception de systèmes d'information géographique,conception de systemes d'information geographique,preferred,fr,ROME
SKL_6a12186a618f,skill,Gestion de projets SIG,gestion de projets sig,preferred,fr,ROME
SKL_3f15fa398345,skill,Analyse de réseau géospatial,analyse de reseau geospatial,preferred,fr,ROME
SKL_e1bd5196b001,skill,Surveillance environnementale par SIG,surveillance environnementale par sig,preferred,fr,ROME
SKL_0b4daa0901c6,skill,Détection de changements par images satellites,detection de changements par images satellites,preferred,fr,ROME
SKL_5337703a3e33,skill,Analyse de terrain par SIG,analyse de terrain par sig,preferred,fr,ROME
SKL_63d9054b6350,skill,Gestion des ressources naturelles par SIG,gestion des ressources naturelles par sig,preferred,fr,ROME
SKL_7042dcdd827a,skill,Suivi de la couverture terrestre,suivi de la couverture terrestre,preferred,fr,ROME
SKL_5a32ee8fff66,skill,Analyse démographique par SIG,analyse demographique par sig,preferred,fr,ROME
SKL_6b4d6869466a,skill,Planification des transports par SIG,planification des transports par sig,preferred,fr,ROME
SKL_632b80cb606c,skill,Gestion des catastrophes naturelles par SIG,gestion des catastrophes naturelles par sig,preferred,fr,ROME
SKL_9704ac9eb04a,skill,"Réaliser les mesures et les analyses, identifier des non-conformités et réaliser des ajustements techniques","realiser les mesures et les analyses, identifier des non-conformites et realiser des ajustements techniques",preferred,fr,ROME
SKL_5661cad69643,skill,"Planifier et interpréter la réalisation des mesures, analyses et des résultats","planifier et interpreter la realisation des mesures, analyses et des resultats",preferred,fr,ROME
SKL_493ff1add620,skill,Valider les résultats de mesures et d'analyses,valider les resultats de mesures et d'analyses,preferred,fr,ROME
SKL_0539a865bca4,skill,Communiquer un diagnostic sur des risques environnementaux ou sanitaires,communiquer un diagnostic sur des risques environnementaux ou sanitaires,preferred,fr,ROME
SKL_ffe5f083a9e7,skill,Concevoir des protocoles d'analyses,concevoir des protocoles d'analyses,preferred,fr,ROME
SKL_53f17fd36a4a,skill,Préconiser des mesures environnementales,preconiser des mesures environnementales,preferred,fr,ROME
SKL_4e6718c1f4dc,skill,Mettre en oeuvre les processus et les modes opératoires techniques,mettre en oeuvre les processus et les modes operatoires techniques,preferred,fr,ROME
SKL_4fe85e524cca,skill,Appliquer un cadre juridique ou réglementaire,appliquer un cadre juridique ou reglementaire,preferred,fr,ROME
SKL_b8445ba3d4f5,skill,Analyser une situation et produire un diagnostic,analyser une situation et produire un diagnostic,preferred,fr,ROME
SKL_2148f74be83f,skill,Réduire l'empreinte environnementale de son activité,reduire l'empreinte environnementale de son activite,preferred,fr,ROME
SKL_1c9ba050aef8,skill,Assurer la traçabilité et la conformité des données environnementales,assurer la tracabilite et la conformite des donnees environnementales,preferred,fr,ROME
SKL_8b1ca2d2ee1f,skill,"Assurer une veille réglementaire et normative spécifique au secteur télécoms (green it, directives européennes, rgpdetc.) et des standards sectoriels","assurer une veille reglementaire et normative specifique au secteur telecoms (green it, directives europeennes, rgpdetc.) et des standards sectoriels",preferred,fr,ROME
SKL_dc34303f0fbb,skill,"Collecter, structurer et analyser des données environnementales complexes","collecter, structurer et analyser des donnees environnementales complexes",preferred,fr,ROME
SKL_f9b2d79b3cd5,skill,"Contribuer à l'écoconception ou à l'amélioration environnementale des produits et services télécoms, concevoir de nouveaux produits ou des améliorations produits","contribuer a l'ecoconception ou a l'amelioration environnementale des produits et services telecoms, concevoir de nouveaux produits ou des ameliorations produits",preferred,fr,ROME
SKL_4d174a92f32f,skill,Contrôler l'état et l'étalonnage des outils et instruments de mesure environnementale utilisés dans les télécoms,controler l'etat et l'etalonnage des outils et instruments de mesure environnementale utilises dans les telecoms,preferred,fr,ROME
SKL_ebdbad36bbb1,skill,Présenter et argumenter les évolutions de protocoles d'analyse environnementale et de procédures qualité,presenter et argumenter les evolutions de protocoles d'analyse environnementale et de procedures qualite,preferred,fr,ROME
SKL_a6e9f275a910,skill,"Respecter les règles de qualité, sécurité et environnement (qse)","respecter les regles de qualite, securite et environnement (qse)",preferred,fr,ROME
SKL_0e3ba256cf51,skill,"Utiliser des logiciels spécialisés (simapro, openlca, gabi...) appliquer les normes iso 14040/44 pour modéliser et interpréter les impacts environnementaux spécifiques aux équipements et services télécoms","utiliser des logiciels specialises (simapro, openlca, gabi...) appliquer les normes iso 14040/44 pour modeliser et interpreter les impacts environnementaux specifiques aux equipements et services telecoms",preferred,fr,ROME
SKL_b48e2dd6e971,skill,Interprétation de mesures physiques,interpretation de mesures physiques,preferred,fr,ROME
SKL_b2007ae8cdd0,skill,Analyse de cycle de vie,analyse de cycle de vie,preferred,fr,ROME
SKL_f3f8c0a886d5,skill,Eco-conception,eco-conception,preferred,fr,ROME
SKL_12bf8b44f0ee,skill,Etude d'impact environnemental,etude d'impact environnemental,preferred,fr,ROME
SKL_6fab9725356c,skill,Master mention droit de l'environnement,master mention droit de l'environnement,preferred,fr,ROME
SKL_a350788ca001,skill,"Architectures et équipements télécoms (réseaux mobiles, fibre, data centers, terminaux)","architectures et equipements telecoms (reseaux mobiles, fibre, data centers, terminaux)",preferred,fr,ROME
SKL_04f8b5429932,skill,"Cadre réglementaire environnemental (ex : CSRD, SBTi, GHG Protocol)","cadre reglementaire environnemental (ex : csrd, sbti, ghg protocol)",preferred,fr,ROME
SKL_5036b452b1ab,skill,Chimie des matériaux,chimie des materiaux,preferred,fr,ROME
SKL_1709ad1d218e,skill,"Outils et méthodes d'Analyse de Cycle de Vie (ACV) et d'éco-conception (ex : SimaPro, OpenLCA, GaBi, méthodes ISO 14040/44)","outils et methodes d'analyse de cycle de vie (acv) et d'eco-conception (ex : simapro, openlca, gabi, methodes iso 14040/44)",preferred,fr,ROME
SKL_8bae44e725ef,skill,Déchets électroniques,dechets electroniques,preferred,fr,ROME
SKL_53d27896f8d5,skill,Ingénieur diplômé de l'université Paris 13 spécialité télécommunications et réseaux,ingenieur diplome de l'universite paris 13 specialite telecommunications et reseaux,preferred,fr,ROME
OCC_e2079fd4cbf9,occupation,Agent de saisie de données débutant - Télétravail intégral,agent de saisie de donnees debutant - teletravail integral,preferred,fr,REMOTEOK
OCC_e2079fd4cbf9,occupation,Entry Level Data Entry Clerk Fully,entry level data entry clerk fully,alt,en,REMOTEOK
OCC_a196178f2449,occupation,Spécialiste en saisie de données,specialiste en saisie de donnees,preferred,fr,REMOTEOK
OCC_a196178f2449,occupation,Data Entry Specialist,data entry specialist,alt,en,REMOTEOK
OCC_a55aa629a66b,occupation,Analyste senior - Support de projet,analyste senior - support de projet,preferred,fr,REMOTEOK
OCC_a55aa629a66b,occupation,Senior Analyst Project Support,senior analyst project support,alt,en,REMOTEOK
OCC_d8d5f3a4878b,occupation,Agent de saisie de données / Spécialiste en saisie de données,agent de saisie de donnees / specialiste en saisie de donnees,preferred,fr,REMOTEOK
OCC_d8d5f3a4878b,occupation,Data Entry Clerk Data Entry Specialist,data entry clerk data entry specialist,alt,en,REMOTEOK
OCC_8df0f1dba04b,occupation,Analyste des systèmes de la chaîne d'approvisionnement,analyste des systemes de la chaine d'approvisionnement,preferred,fr,REMOTEOK
OCC_8df0f1dba04b,occupation,Supply Chain Systems Analyst,supply chain systems analyst,alt,en,REMOTEOK
OCC_1d71758bab20,occupation,Technicien / Technicienne de piscine,technicien / technicienne de piscine,preferred,fr,REMOTEOK
OCC_1d71758bab20,occupation,Pool Technician,pool technician,alt,en,REMOTEOK
OCC_2e0e260cb4d7,occupation,Chef de produit - IA,chef de produit - ia,preferred,fr,REMOTEOK
OCC_2e0e260cb4d7,occupation,Product Manager AI,product manager ai,alt,en,REMOTEOK
OCC_4000ceec52ad,occupation,Analyste de données - Excel,analyste de donnees - excel,preferred,fr,REMOTEOK
OCC_4000ceec52ad,occupation,Data Analyst Excel,data analyst excel,alt,en,REMOTEOK
OCC_c2f30bbdb638,occupation,Analyste de données - Secteur de la santé,analyste de donnees - secteur de la sante,preferred,fr,REMOTEOK
OCC_c2f30bbdb638,occupation,Data Analyst Healthcare,data analyst healthcare,alt,en,REMOTEOK
OCC_b9e95ef30857,occupation,Agent administratif de saisie de données et de classement,agent administratif de saisie de donnees et de classement,preferred,fr,REMOTEOK
OCC_b9e95ef30857,occupation,Administrative Data Entry File Clerk,administrative data entry file clerk,alt,en,REMOTEOK
OCC_c69fa61c1cf6,occupation,Spécialiste en saisie de données - Assistant(e) administratif(ve),specialiste en saisie de donnees - assistant(e) administratif(ve),preferred,fr,REMOTEOK
OCC_c69fa61c1cf6,occupation,Data Entry Specialist Assistant Administrator,data entry specialist assistant administrator,alt,en,REMOTEOK
OCC_3756041ae6ec,occupation,Agent de saisie de données,agent de saisie de donnees,preferred,fr,REMOTEOK
OCC_3756041ae6ec,occupation,Data Entry Clerk,data entry clerk,alt,en,REMOTEOK
OCC_d9115408ab56,occupation,Analyste d'affaires,analyste d'affaires,preferred,fr,REMOTEOK
OCC_d9115408ab56,occupation,Business Analyst,business analyst,alt,en,REMOTEOK
OCC_b98e457eb404,occupation,Dactylographe - Saisie de données,dactylographe - saisie de donnees,preferred,fr,REMOTEOK
OCC_b98e457eb404,occupation,Data Entry Typist,data entry typist,alt,en,REMOTEOK
OCC_20f53a6b090c,occupation,Concepteur / Conceptrice en architecture,concepteur / conceptrice en architecture,preferred,fr,REMOTEOK
OCC_20f53a6b090c,occupation,Architectural Designer,architectural designer,alt,en,REMOTEOK
OCC_e77bc5408895,occupation,Concepteur / Conceptrice d'interfaces,concepteur / conceptrice d'interfaces,preferred,fr,REMOTEOK
OCC_e77bc5408895,occupation,Interface Designer,interface designer,alt,en,REMOTEOK
OCC_b415cabf36c7,occupation,Concepteur / Conceptrice UX/UI,concepteur / conceptrice ux/ui,preferred,fr,REMOTEOK
OCC_b415cabf36c7,occupation,UX UI Designer,ux ui designer,alt,en,REMOTEOK
OCC_d3df557742ce,occupation,Concepteur / Conceptrice web junior,concepteur / conceptrice web junior,preferred,fr,REMOTEOK
OCC_d3df557742ce,occupation,Junior Web Designer,junior web designer,alt,en,REMOTEOK
OCC_7781415f8e03,occupation,Jeune diplômé(e) - Data Scientist,jeune diplome(e) - data scientist,preferred,fr,REMOTEOK
OCC_7781415f8e03,occupation,Graduate Data Scientist,graduate data scientist,alt,en,REMOTEOK
SKL_b112fb9ebdb1,skill,Analyste,analyste,preferred,fr,REMOTEOK
SKL_b112fb9ebdb1,skill,analyst,analyst,alt,en,REMOTEOK
SKL_7e50efb567c8,skill,Design,design,preferred,fr,REMOTEOK
SKL_7e50efb567c8,skill,design,design,alt,en,REMOTEOK
SKL_ed7e4b1c32ba,skill,Architecture,architecture,preferred,fr,REMOTEOK
SKL_ed7e4b1c32ba,skill,architecture,architecture,alt,en,REMOTEOK
SKL_e13dc4494db1,skill,Finance,finance,preferred,fr,REMOTEOK
SKL_e13dc4494db1,skill,finance,finance,alt,en,REMOTEOK
SKL_e0e7d59ee005,skill,Direction,direction,preferred,fr,REMOTEOK
SKL_e0e7d59ee005,skill,exec,exec,alt,en,REMOTEOK
SKL_6ee8666ca5d9,skill,Opérations,operations,preferred,fr,REMOTEOK
SKL_6ee8666ca5d9,skill,ops,ops,alt,en,REMOTEOK
SKL_b1d2e416f4ce,skill,Saisie de données,saisie de donnees,preferred,fr,REMOTEOK
SKL_b1d2e416f4ce,skill,data entry,data entry,alt,en,REMOTEOK
SKL_bb0642a0801c,skill,Développement,developpement,preferred,fr,REMOTEOK
SKL_bb0642a0801c,skill,dev,dev,alt,en,REMOTEOK
SKL_1404972f7341,skill,Marketing,marketing,preferred,fr,REMOTEOK
SKL_1404972f7341,skill,marketing,marketing,alt,en,REMOTEOK
SKL_fe96e3f37fe3,skill,Microsoft,microsoft,preferred,fr,REMOTEOK
SKL_fe96e3f37fe3,skill,microsoft,microsoft,alt,en,REMOTEOK
SKL_f38bef9250a4,skill,Médical,medical,preferred,fr,REMOTEOK
SKL_f38bef9250a4,skill,medical,medical,alt,en,REMOTEOK
SKL_c6fcaacc43af,skill,Comptabilité,comptabilite,preferred,fr,REMOTEOK
SKL_c6fcaacc43af,skill,accounting,accounting,alt,en,REMOTEOK
SKL_e71610d5e32e,skill,Excel,excel,preferred,fr,REMOTEOK
SKL_e71610d5e32e,skill,excel,excel,alt,en,REMOTEOK
SKL_8c9a63652154,skill,Assembleur,assembleur,preferred,fr,REMOTEOK
SKL_8c9a63652154,skill,assembly,assembly,alt,en,REMOTEOK
SKL_ab8be6509b6e,skill,Mobile,mobile,preferred,fr,REMOTEOK
SKL_ab8be6509b6e,skill,mobile,mobile,alt,en,REMOTEOK
SKL_e086b66b31f9,skill,Coordinateur / Coordinatrice,coordinateur / coordinatrice,preferred,fr,REMOTEOK
SKL_e086b66b31f9,skill,coordinator,coordinator,alt,en,REMOTEOK
SKL_0c49b0ae26a5,skill,Réseaux sociaux,reseaux sociaux,preferred,fr,REMOTEOK
SKL_0c49b0ae26a5,skill,social media,social media,alt,en,REMOTEOK
SKL_c3e6c3cb78ff,skill,Science des données,science des donnees,preferred,fr,REMOTEOK
SKL_c3e6c3cb78ff,skill,data science,data science,alt,en,REMOTEOK
SKL_460c04dcc0af,skill,Front-end,front-end,preferred,fr,REMOTEOK
SKL_460c04dcc0af,skill,front end,front end,alt,en,REMOTEOK
SKL_77719d253c0f,skill,Designer,designer,preferred,fr,REMOTEOK
SKL_77719d253c0f,skill,designer,designer,alt,en,REMOTEOK
SKL_1294736fa718,skill,Développement web,developpement web,preferred,fr,REMOTEOK
SKL_1294736fa718,skill,web dev,web dev,alt,en,REMOTEOK
SKL_e5edcdb998db,skill,CSS,css,preferred,fr,REMOTEOK
SKL_e5edcdb998db,skill,css,css,alt,en,REMOTEOK
SKL_a26645af99c4,skill,HTML,html,preferred,fr,REMOTEOK
SKL_a26645af99c4,skill,html,html,alt,en,REMOTEOK
SKL_95c22dc3a485,skill,Contrôleur / Contrôleuse,controleur / controleuse,preferred,fr,REMOTEOK
SKL_95c22dc3a485,skill,controller,controller,alt,en,REMOTEOK
SKL_e873316e9d07,skill,Sécurité informatique,securite informatique,preferred,fr,REMOTEOK
SKL_e873316e9d07,skill,infosec,infosec,alt,en,REMOTEOK
SKL_3add25dbe1f5,skill,Cloud,cloud,preferred,fr,REMOTEOK
SKL_3add25dbe1f5,skill,cloud,cloud,alt,en,REMOTEOK
SKL_b9981c33f01a,skill,Statistiques,statistiques,preferred,fr,REMOTEOK
SKL_b9981c33f01a,skill,stats,stats,alt,en,REMOTEOK
SKL_2d221cdc9478,skill,E-commerce,e-commerce,preferred,fr,REMOTEOK
SKL_2d221cdc9478,skill,ecommerce,ecommerce,alt,en,REMOTEOK
SKL_4f8d92e210a1,skill,Rédaction de contenu,redaction de contenu,preferred,fr,REMOTEOK
SKL_4f8d92e210a1,skill,content writing,content writing,alt,en,REMOTEOK
SKL_a0415d24d75d,skill,Jira,jira,preferred,fr,REMOTEOK
SKL_a0415d24d75d,skill,jira,jira,alt,en,REMOTEOK
SKL_39b720afc8ef,skill,Mathématiques,mathematiques,preferred,fr,REMOTEOK
SKL_39b720afc8ef,skill,math,math,alt,en,REMOTEOK
SKL_86c8421224d8,skill,Linguistique,linguistique,preferred,fr,REMOTEOK
SKL_86c8421224d8,skill,linguistics,linguistics,alt,en,REMOTEOK
SKL_3c5062886f58,skill,Assurance qualité,assurance qualite,preferred,fr,REMOTEOK
SKL_3c5062886f58,skill,quality assurance,quality assurance,alt,en,REMOTEOK
SKL_4999785538a5,skill,Stratégie,strategie,preferred,fr,REMOTEOK
SKL_4999785538a5,skill,strategy,strategy,alt,en,REMOTEOK
SKL_d1f98460281a,skill,Photoshop,photoshop,preferred,fr,REMOTEOK
SKL_d1f98460281a,skill,photoshop,photoshop,alt,en,REMOTEOK
SKL_89a6131b45c1,skill,Python,python,preferred,fr,REMOTEOK
SKL_89a6131b45c1,skill,python,python,alt,en,REMOTEOK
SKL_9557509c578d,skill,Développement de jeux vidéo,developpement de jeux video,preferred,fr,REMOTEOK
SKL_9557509c578d,skill,game dev,game dev,alt,en,REMOTEOK
SKL_4ee450fb1956,skill,C,c,preferred,fr,REMOTEOK
SKL_4ee450fb1956,skill,c,c,alt,en,REMOTEOK
SKL_70ded94e0524,skill,C++,c++,preferred,fr,REMOTEOK
SKL_70ded94e0524,skill,c plus plus,c plus plus,alt,en,REMOTEOK
SKL_0ba42fd4778d,skill,Robotique,robotique,preferred,fr,REMOTEOK
SKL_0ba42fd4778d,skill,robotics,robotics,alt,en,REMOTEOK
SKL_671db98b469f,skill,Musique,musique,preferred,fr,REMOTEOK
SKL_671db98b469f,skill,music,music,alt,en,REMOTEOK
SKL_dd349b83dd94,skill,Conseil,conseil,preferred,fr,REMOTEOK
SKL_dd349b83dd94,skill,consulting,consulting,alt,en,REMOTEOK
SKL_e6786424a536,skill,Salesforce,salesforce,preferred,fr,REMOTEOK
SKL_e6786424a536,skill,salesforce,salesforce,alt,en,REMOTEOK
SKL_014899ec0243,skill,Golang,golang,preferred,fr,REMOTEOK
SKL_014899ec0243,skill,golang,golang,alt,en,REMOTEOK
OCC_3b84fd707ab1,occupation,Game Designer senior - Solitaire TriPeaks (Systèmes et économie) - Télétravail intégral,game designer senior - solitaire tripeaks (systemes et economie) - teletravail integral,preferred,fr,ARBEITNOW
OCC_3b84fd707ab1,occupation,Senior Game Designer - Solitaire TriPeaks (Systems & Economy) - Fully Remote,senior game designer - solitaire tripeaks (systems & economy) - fully remote,alt,en,ARBEITNOW
OCC_dcfbee0bf2e2,occupation,Administrateur / Administratrice Microsoft 365 (H/F/D),administrateur / administratrice microsoft 365 (h/f/d),preferred,fr,ARBEITNOW
OCC_dcfbee0bf2e2,occupation,Microsoft 365 Administrator (m/w/d),microsoft 365 administrator (m/w/d),alt,en,ARBEITNOW
OCC_941dbc8e121c,occupation,Gestionnaire de compte Google Ads | Spécialisation e-commerce (H/F/D) | Frankfurt am Main,gestionnaire de compte google ads | specialisation e-commerce (h/f/d) | frankfurt am main,preferred,fr,ARBEITNOW
OCC_941dbc8e121c,occupation,Google-Ads Account Manager,google-ads account manager,alt,en,ARBEITNOW
OCC_941dbc8e121c,occupation,Fokus E-Commerce (m/w/d),fokus e-commerce (m/w/d),alt,en,ARBEITNOW
OCC_941dbc8e121c,occupation,Frankfurt am Main,frankfurt am main,alt,en,ARBEITNOW
OCC_9fb404d4f622,occupation,Gestionnaire de compte SEA/Google Ads junior | Spécialisation e-commerce (H/F/D) | Frankfurt am Main,gestionnaire de compte sea/google ads junior | specialisation e-commerce (h/f/d) | frankfurt am main,preferred,fr,ARBEITNOW
OCC_9fb404d4f622,occupation,Junior SEA/Google Ads-Account Manager,junior sea/google ads-account manager,alt,en,ARBEITNOW
OCC_9fb404d4f622,occupation,E-Commerce Fokus (m/w/d),e-commerce fokus (m/w/d),alt,en,ARBEITNOW
OCC_9fb404d4f622,occupation,Frankfurt am Main,frankfurt am main,alt,en,ARBEITNOW
OCC_f75ad6da5f30,occupation,Ingénieur(e) Frontend (H/F/D),ingenieur(e) frontend (h/f/d),preferred,fr,ARBEITNOW
OCC_f75ad6da5f30,occupation,Frontend Engineer (m/w/d),frontend engineer (m/w/d),alt,en,ARBEITNOW
OCC_3568bf427685,occupation,"Ingénieur(e) logiciel - Automatisation et opérations (H/F/D, temps plein)","ingenieur(e) logiciel - automatisation et operations (h/f/d, temps plein)",preferred,fr,ARBEITNOW
OCC_3568bf427685,occupation,"Software Engineer - Automation & Operations (m/w/d, FT)","software engineer - automation & operations (m/w/d, ft)",alt,en,ARBEITNOW
OCC_61cc9ca73474,occupation,Ingénieur(e) support applicatif (H/F/D),ingenieur(e) support applicatif (h/f/d),preferred,fr,ARBEITNOW
OCC_61cc9ca73474,occupation,Application Support Engineer (f/m/d),application support engineer (f/m/d),alt,en,ARBEITNOW
OCC_97f1b74ad13e,occupation,Ingénieur(e) calcul de structures (H/F/D),ingenieur(e) calcul de structures (h/f/d),preferred,fr,ARBEITNOW
OCC_97f1b74ad13e,occupation,Stress Engineer (m/f/d),stress engineer (m/f/d),alt,en,ARBEITNOW
OCC_4ea592580d67,occupation,Ingénieur(e) support technique - Roumanie,ingenieur(e) support technique - roumanie,preferred,fr,ARBEITNOW
OCC_4ea592580d67,occupation,Technical Support Engineer - Romania,technical support engineer - romania,alt,en,ARBEITNOW
OCC_41c17d1e8957,occupation,Architecte de solutions IA (H/F/D),architecte de solutions ia (h/f/d),preferred,fr,ARBEITNOW
OCC_41c17d1e8957,occupation,AI Solution Architect (m/w/d),ai solution architect (m/w/d),alt,en,ARBEITNOW
OCC_88496659bc48,occupation,Ingénieur(e) logiciel senior / Ingénieur(e) ML (H/F/X) - Secteur de l'éducation / Télétravail,ingenieur(e) logiciel senior / ingenieur(e) ml (h/f/x) - secteur de l'education / teletravail,preferred,fr,ARBEITNOW
OCC_88496659bc48,occupation,Senior Software Engineer / ML Engineer (m/w/x) im Bildungsumfeld / Remote,senior software engineer / ml engineer (m/w/x) im bildungsumfeld / remote,alt,en,ARBEITNOW
OCC_e88927698e41,occupation,Ingénieur(e) de développement (H/F/D) - Biocapteurs à Mannheim (1701),ingenieur(e) de developpement (h/f/d) - biocapteurs a mannheim (1701),preferred,fr,ARBEITNOW
OCC_e88927698e41,occupation,Entwicklungsingenieur (m/w/d) Biosensoren in Mannheim (1701),entwicklungsingenieur (m/w/d) biosensoren in mannheim (1701),alt,en,ARBEITNOW
OCC_7f69d3fb1a62,occupation,Consultant(e) BI / Spécialiste Power BI et Microsoft Fabric (H/F/D),consultant(e) bi / specialiste power bi et microsoft fabric (h/f/d),preferred,fr,ARBEITNOW
OCC_7f69d3fb1a62,occupation,BI Consultant / Power BI & Microsoft Fabric Spezialist (m/w/d),bi consultant / power bi & microsoft fabric spezialist (m/w/d),alt,en,ARBEITNOW
OCC_77117619e46e,occupation,Consultant(e) SOC (Centre des opérations de sécurité) (H/F/D),consultant(e) soc (centre des operations de securite) (h/f/d),preferred,fr,ARBEITNOW
OCC_77117619e46e,occupation,SOC Consultant (Security Operations Center) (m/w/d),soc consultant (security operations center) (m/w/d),alt,en,ARBEITNOW
OCC_5d343c03bfac,occupation,Product Owner - Agent Assist et User Platforms (H/F/D),product owner - agent assist et user platforms (h/f/d),preferred,fr,ARBEITNOW
OCC_5d343c03bfac,occupation,Product Owner Agent Assist & User Platforms (m/w/d),product owner agent assist & user platforms (m/w/d),alt,en,ARBEITNOW
OCC_b47b635dd3a8,occupation,Ingénieur(e) logiciel (H/F/D) - Vienne | Hambourg | Francfort,ingenieur(e) logiciel (h/f/d) - vienne | hambourg | francfort,preferred,fr,ARBEITNOW
OCC_b47b635dd3a8,occupation,Software Engineer (w/m/d) - Wien,software engineer (w/m/d) - wien,alt,en,ARBEITNOW
OCC_b47b635dd3a8,occupation,Hamburg,hamburg,alt,en,ARBEITNOW
OCC_b47b635dd3a8,occupation,Frankfurt,frankfurt,alt,en,ARBEITNOW
OCC_d13dc12649ed,occupation,Co-responsable d'équipe et développeur(euse) senior (H/F/D) - Hambourg | Francfort | Vienne,co-responsable d'equipe et developpeur(euse) senior (h/f/d) - hambourg | francfort | vienne,preferred,fr,ARBEITNOW
OCC_d13dc12649ed,occupation,Co-Team-Lead & Senior Developer (w/m/d) - Hamburg,co-team-lead & senior developer (w/m/d) - hamburg,alt,en,ARBEITNOW
OCC_d13dc12649ed,occupation,Frankfurt,frankfurt,alt,en,ARBEITNOW
OCC_d13dc12649ed,occupation,Wien,wien,alt,en,ARBEITNOW
OCC_1bb89a04e3bf,occupation,Ingénieur(e) en robotique / logiciel embarqué (H/F/D),ingenieur(e) en robotique / logiciel embarque (h/f/d),preferred,fr,ARBEITNOW
OCC_1bb89a04e3bf,occupation,Robotics / Embedded Software Engineer (m/f/d),robotics / embedded software engineer (m/f/d),alt,en,ARBEITNOW
OCC_9dfb8a8e4b63,occupation,Ingénieur(e) plateforme Full Stack (H/F/D),ingenieur(e) plateforme full stack (h/f/d),preferred,fr,ARBEITNOW
OCC_9dfb8a8e4b63,occupation,Full Stack Platform Engineer (m/f/d),full stack platform engineer (m/f/d),alt,en,ARBEITNOW
OCC_cf9385ee6570,occupation,"Ingénieur(e) logiciel confirmé(e) - Plateforme de données IA et Snowflake (H/F/D, Berlin)","ingenieur(e) logiciel confirme(e) - plateforme de donnees ia et snowflake (h/f/d, berlin)",preferred,fr,ARBEITNOW
OCC_cf9385ee6570,occupation,"Staff Software Engineer - AI Data Platform & Snowflake (d/f/m, Berlin)","staff software engineer - ai data platform & snowflake (d/f/m, berlin)",alt,en,ARBEITNOW
OCC_27e8294e0a68,occupation,"Architecte principal(e) Gouvernance, Risque et Conformité (GRC)","architecte principal(e) gouvernance, risque et conformite (grc)",preferred,fr,ARBEITNOW
OCC_27e8294e0a68,occupation,"Principal Governance, Risk and Compliance (GRC) Architect","principal governance, risk and compliance (grc) architect",alt,en,ARBEITNOW
OCC_ea877a4a9a11,occupation,Ingénieur(e) infrastructure / DevOps (H/F/D),ingenieur(e) infrastructure / devops (h/f/d),preferred,fr,ARBEITNOW
OCC_ea877a4a9a11,occupation,Infrastructure Engineer / DevOps (m/w/d),infrastructure engineer / devops (m/w/d),alt,en,ARBEITNOW
OCC_356ac99cca16,occupation,Ingénieur(e) coûts senior (H/F/D),ingenieur(e) couts senior (h/f/d),preferred,fr,ARBEITNOW
OCC_356ac99cca16,occupation,Senior Cost Engineer (gn),senior cost engineer (gn),alt,en,ARBEITNOW
OCC_ef12d6a864e0,occupation,Conseiller / Conseillère en services de sécurité managés (H/F/D),conseiller / conseillere en services de securite manages (h/f/d),preferred,fr,ARBEITNOW
OCC_ef12d6a864e0,occupation,Managed Security Services Advisor (m/w/d),managed security services advisor (m/w/d),alt,en,ARBEITNOW
OCC_45b81edc9b79,occupation,Programmeur/euse / Technicien(ne) en automatisation (H/F/D),programmeur/euse / technicien(ne) en automatisation (h/f/d),preferred,fr,ARBEITNOW
OCC_45b81edc9b79,occupation,Programmierer / Automatisierungstechniker (w/m/d),programmierer / automatisierungstechniker (w/m/d),alt,en,ARBEITNOW
OCC_498759db14be,occupation,Ingénieur(e) assurance qualité (H/F/D),ingenieur(e) assurance qualite (h/f/d),preferred,fr,ARBEITNOW
OCC_498759db14be,occupation,Quality Assurance Engineer (m/f/d),quality assurance engineer (m/f/d),alt,en,ARBEITNOW
OCC_e52569128fe5,occupation,Ingénieur(e) produit senior (H/F/D),ingenieur(e) produit senior (h/f/d),preferred,fr,ARBEITNOW
OCC_e52569128fe5,occupation,Senior Product Engineer (m/w/d),senior product engineer (m/w/d),alt,en,ARBEITNOW
OCC_4cf9a4c09f8b,occupation,Assistant(e) Ressources Humaines (H/F/D) - Temps partiel 20-25 heures par semaine,assistant(e) ressources humaines (h/f/d) - temps partiel 20-25 heures par semaine,preferred,fr,ARBEITNOW
OCC_4cf9a4c09f8b,occupation,Human Resources Assistant (m/w/d) - Teilzeit 20-25 Wochenstunden,human resources assistant (m/w/d) - teilzeit 20-25 wochenstunden,alt,en,ARBEITNOW
OCC_c81768051e3f,occupation,Coordinateur / Coordinatrice de projets logiciels (H/F/D) | Berlin-Mitte | Temps partiel/Temps plein,coordinateur / coordinatrice de projets logiciels (h/f/d) | berlin-mitte | temps partiel/temps plein,preferred,fr,ARBEITNOW
OCC_c81768051e3f,occupation,Projektkoordination Softwareprojekte (m/w/d),projektkoordination softwareprojekte (m/w/d),alt,en,ARBEITNOW
OCC_c81768051e3f,occupation,Berlin-Mitte,berlin-mitte,alt,en,ARBEITNOW
OCC_c81768051e3f,occupation,Teilzeit/Vollzeit,teilzeit/vollzeit,alt,en,ARBEITNOW
OCC_6622b2e6404b,occupation,Directeur / Directrice Produit et Ingénierie (H/F/D),directeur / directrice produit et ingenierie (h/f/d),preferred,fr,ARBEITNOW
OCC_6622b2e6404b,occupation,Head of Product & Engineering (m/w/d),head of product & engineering (m/w/d),alt,en,ARBEITNOW
OCC_ee0ddbbdc92c,occupation,Développeur / Développeuse Frontend E-Commerce (H/F/D),developpeur / developpeuse frontend e-commerce (h/f/d),preferred,fr,ARBEITNOW
OCC_ee0ddbbdc92c,occupation,Frontend Developer E-Commerce (w/m/d),frontend developer e-commerce (w/m/d),alt,en,ARBEITNOW
OCC_8bf3aa81e931,occupation,Ingénieur(e) (senior) IT Operations (H/F/D),ingenieur(e) (senior) it operations (h/f/d),preferred,fr,ARBEITNOW
OCC_8bf3aa81e931,occupation,(Senior) IT Operations Engineer (gn),(senior) it operations engineer (gn),alt,en,ARBEITNOW
OCC_eb475bc6322d,occupation,Responsable Ingénieur(e) IT Operations (H/F/D),responsable ingenieur(e) it operations (h/f/d),preferred,fr,ARBEITNOW
OCC_eb475bc6322d,occupation,Lead IT Operations Engineer (gn),lead it operations engineer (gn),alt,en,ARBEITNOW
OCC_d6208f2780c6,occupation,Ingénieur(e) IT Operations (H/F/D),ingenieur(e) it operations (h/f/d),preferred,fr,ARBEITNOW
OCC_d6208f2780c6,occupation,IT Operations Engineer (gn),it operations engineer (gn),alt,en,ARBEITNOW
OCC_fe42133b7839,occupation,Ingénieur(e) senior en apprentissage automatique (H/F/*),ingenieur(e) senior en apprentissage automatique (h/f/*),preferred,fr,ARBEITNOW
OCC_fe42133b7839,occupation,Senior Machine Learning Engineer (m/f/*),senior machine learning engineer (m/f/*),alt,en,ARBEITNOW
OCC_e2001adaaee2,occupation,"Responsable d'ingénierie senior, Domaine Supply (tous genres)","responsable d'ingenierie senior, domaine supply (tous genres)",preferred,fr,ARBEITNOW
OCC_e2001adaaee2,occupation,"Senior Engineering Manager, Supply Domain (all genders)","senior engineering manager, supply domain (all genders)",alt,en,ARBEITNOW
OCC_14a3530bfb4b,occupation,"Responsable d'ingénierie, Moteur de recherche (tous genres)","responsable d'ingenierie, moteur de recherche (tous genres)",preferred,fr,ARBEITNOW
OCC_14a3530bfb4b,occupation,"Engineering Manager, Search Engine (all genders)","engineering manager, search engine (all genders)",alt,en,ARBEITNOW
OCC_8d76388f9989,occupation,Chef de produit technique (Lead/Senior) - Ingénierie plateforme (H/F/D),chef de produit technique (lead/senior) - ingenierie plateforme (h/f/d),preferred,fr,ARBEITNOW
OCC_8d76388f9989,occupation,(Lead/Senior) Technical Product Manager - Platform Engineering (m/f/d),(lead/senior) technical product manager - platform engineering (m/f/d),alt,en,ARBEITNOW
OCC_9608b318f986,occupation,Ingénieur(e) logiciel (H/F/X) - TypeScript (NestJS ou React),ingenieur(e) logiciel (h/f/x) - typescript (nestjs ou react),preferred,fr,ARBEITNOW
OCC_9608b318f986,occupation,Software Engineer (f/m/x) - TypeScript (NestJS or React),software engineer (f/m/x) - typescript (nestjs or react),alt,en,ARBEITNOW
OCC_311501439fae,occupation,Architecte logiciel C++ (H/F/D) - Calcul de trajectoires d'outils,architecte logiciel c++ (h/f/d) - calcul de trajectoires d'outils,preferred,fr,ARBEITNOW
OCC_311501439fae,occupation,C++ Software Architect (m/f/d) Tool Path Calculation,c++ software architect (m/f/d) tool path calculation,alt,en,ARBEITNOW
OCC_3cacf2bb2b93,occupation,Informaticien(ne) spécialisé(e) en intégration de systèmes (H/F/D),informaticien(ne) specialise(e) en integration de systemes (h/f/d),preferred,fr,ARBEITNOW
OCC_3cacf2bb2b93,occupation,Fachinformatiker für Systemintegration (m/w/d),fachinformatiker fur systemintegration (m/w/d),alt,en,ARBEITNOW
OCC_e8eadf46f8fb,occupation,Direction Infrastructure IT (H/F/D),direction infrastructure it (h/f/d),preferred,fr,ARBEITNOW
OCC_e8eadf46f8fb,occupation,Leitung IT-Infrastruktur (m/w/d),leitung it-infrastruktur (m/w/d),alt,en,ARBEITNOW
OCC_e4a8a5aa915e,occupation,Assistant(e) fiscal(e) ou gestionnaire de paie (H/F/D) avec possibilité de télétravail,assistant(e) fiscal(e) ou gestionnaire de paie (h/f/d) avec possibilite de teletravail,preferred,fr,ARBEITNOW
OCC_e4a8a5aa915e,occupation,Steuerfachangestellte o. Entgeltabrechnerin (w/m/d) mit Homeoffice-Anteil,steuerfachangestellte o. entgeltabrechnerin (w/m/d) mit homeoffice-anteil,alt,en,ARBEITNOW
OCC_10dc41f6953f,occupation,Ingénieur(e) plateforme / DevOps (H/F/D) | Startup GovTech IA | Munich,ingenieur(e) plateforme / devops (h/f/d) | startup govtech ia | munich,preferred,fr,ARBEITNOW
OCC_10dc41f6953f,occupation,Platform Engineer / DevOps (m/f/d),platform engineer / devops (m/f/d),alt,en,ARBEITNOW
OCC_10dc41f6953f,occupation,AI GovTech Startup,ai govtech startup,alt,en,ARBEITNOW
OCC_10dc41f6953f,occupation,Munich,munich,alt,en,ARBEITNOW
OCC_9c4c117df5f8,occupation,Chef d'équipe (H/F/D) Finance à temps plein ou partiel,chef d'equipe (h/f/d) finance a temps plein ou partiel,preferred,fr,ARBEITNOW
OCC_9c4c117df5f8,occupation,Teamleiter (m/w/d) Finance in Voll- oder Teilzeit,teamleiter (m/w/d) finance in voll- oder teilzeit,alt,en,ARBEITNOW
OCC_ab046c951cca,occupation,Ingénieur(e) Backend fondateur (Go),ingenieur(e) backend fondateur (go),preferred,fr,ARBEITNOW
OCC_ab046c951cca,occupation,Founding Backend Engineer(Go),founding backend engineer(go),alt,en,ARBEITNOW
OCC_4a7e79aa5d4f,occupation,Ingénieur(e) logiciel (H/F/D),ingenieur(e) logiciel (h/f/d),preferred,fr,ARBEITNOW
OCC_4a7e79aa5d4f,occupation,Software Engineer (m/f/d),software engineer (m/f/d),alt,en,ARBEITNOW
OCC_43958fcde9b9,occupation,Consultant(e) senior en ingénierie IA (H/F/D),consultant(e) senior en ingenierie ia (h/f/d),preferred,fr,ARBEITNOW
OCC_43958fcde9b9,occupation,Senior AI Engineering Consultant (w/m/d),senior ai engineering consultant (w/m/d),alt,en,ARBEITNOW
OCC_341bd728b0ae,occupation,"Ingénieur(e) IA (H/F/D) - Full Stack, TypeScript / Nuxt / Next / Vue / React","ingenieur(e) ia (h/f/d) - full stack, typescript / nuxt / next / vue / react",preferred,fr,ARBEITNOW
OCC_341bd728b0ae,occupation,"AI Engineer (m/f/d) - Full Stack, TypeScript / Nuxt / Next / Vue / React","ai engineer (m/f/d) - full stack, typescript / nuxt / next / vue / react",alt,en,ARBEITNOW
OCC_c8e3c9cb6c38,occupation,Administrateur / Administratrice IT senior (H/F/D),administrateur / administratrice it senior (h/f/d),preferred,fr,ARBEITNOW
OCC_c8e3c9cb6c38,occupation,Senior IT Administrator (m/w/d),senior it administrator (m/w/d),alt,en,ARBEITNOW
OCC_ccb65c46f869,occupation,Ingénieur(e) systèmes IT (H/F/D),ingenieur(e) systemes it (h/f/d),preferred,fr,ARBEITNOW
OCC_ccb65c46f869,occupation,IT-System Engineer (m/w/d),it-system engineer (m/w/d),alt,en,ARBEITNOW
OCC_bd8b9e27b797,occupation,Analyste quantitatif / Modélisateur financier (H/F/X),analyste quantitatif / modelisateur financier (h/f/x),preferred,fr,ARBEITNOW
OCC_bd8b9e27b797,occupation,Quantitative Analyst & Financial Modeller (x/w/m),quantitative analyst & financial modeller (x/w/m),alt,en,ARBEITNOW
OCC_5ba0f9300746,occupation,Chef d'équipe (H/F/D) Recherche et Développement - Outils et Infrastructure,chef d'equipe (h/f/d) recherche et developpement - outils et infrastructure,preferred,fr,ARBEITNOW
OCC_5ba0f9300746,occupation,Teamleiter (m/w/d) Forschung und Entwicklung Tools & Infrastruktur,teamleiter (m/w/d) forschung und entwicklung tools & infrastruktur,alt,en,ARBEITNOW
OCC_aca1a4cafa57,occupation,Ingénieur(e) de développement (H/F/D) FPGA,ingenieur(e) de developpement (h/f/d) fpga,preferred,fr,ARBEITNOW
OCC_aca1a4cafa57,occupation,Entwicklungsingenieur (m/w/d) FPGA,entwicklungsingenieur (m/w/d) fpga,alt,en,ARBEITNOW
OCC_4d34f0a4a62c,occupation,"Chef d'équipe - Planification réseau, déploiement fibre optique subventionné (H/F/D)","chef d'equipe - planification reseau, deploiement fibre optique subventionne (h/f/d)",preferred,fr,ARBEITNOW
OCC_4d34f0a4a62c,occupation,Teamleitung Netzplanung geförderter Glasfaserausbau (m/w/d),teamleitung netzplanung geforderter glasfaserausbau (m/w/d),alt,en,ARBEITNOW
OCC_c49207ccbbab,occupation,"Développeur / Développeuse logiciel Fullstack Java, Angular (H/F/D)","developpeur / developpeuse logiciel fullstack java, angular (h/f/d)",preferred,fr,ARBEITNOW
OCC_c49207ccbbab,occupation,"Fullstack Software Entwickler Java, Angular (m/w/d)","fullstack software entwickler java, angular (m/w/d)",alt,en,ARBEITNOW
OCC_6065b7acaf02,occupation,Développeur / Développeuse logiciel (H/F/D) - Spécialisation Angular,developpeur / developpeuse logiciel (h/f/d) - specialisation angular,preferred,fr,ARBEITNOW
OCC_6065b7acaf02,occupation,Software Developer (m/w/d)- Schwerpunkt Angular,software developer (m/w/d)- schwerpunkt angular,alt,en,ARBEITNOW
OCC_cbba626eede9,occupation,Développeur / Développeuse logiciel senior (H/F/D),developpeur / developpeuse logiciel senior (h/f/d),preferred,fr,ARBEITNOW
OCC_cbba626eede9,occupation,Senior Software Developer (m/w/d),senior software developer (m/w/d),alt,en,ARBEITNOW
SKL_11d82775ca45,skill,Marketing et Communication,marketing et communication,preferred,fr,ARBEITNOW
SKL_11d82775ca45,skill,Marketing and Communication,marketing and communication,alt,en,ARBEITNOW
SKL_0c6f4404fd8e,skill,Certification,certification,preferred,fr,ARBEITNOW
SKL_0c6f4404fd8e,skill,certification,certification,alt,en,ARBEITNOW
SKL_f99f5b3cde55,skill,Directeurs / Directrices,directeurs / directrices,preferred,fr,ARBEITNOW
SKL_f99f5b3cde55,skill,Directors,directors,alt,en,ARBEITNOW
SKL_5c999ebc6a2e,skill,Cadres dirigeants,cadres dirigeants,preferred,fr,ARBEITNOW
SKL_5c999ebc6a2e,skill,Chief Executives,chief executives,alt,en,ARBEITNOW
SKL_1d29d48b0c0b,skill,Développement logiciel,developpement logiciel,preferred,fr,ARBEITNOW
SKL_1d29d48b0c0b,skill,Software Development,software development,alt,en,ARBEITNOW
SKL_9648059e8a60,skill,Conseil,conseil,preferred,fr,ARBEITNOW
SKL_9648059e8a60,skill,Consulting,consulting,alt,en,ARBEITNOW
SKL_58dc550e46de,skill,Management,management,preferred,fr,ARBEITNOW
SKL_58dc550e46de,skill,Management,management,alt,en,ARBEITNOW
SKL_65a0566e51c4,skill,Systèmes embarqués,systemes embarques,preferred,fr,ARBEITNOW
SKL_65a0566e51c4,skill,Embedded Systems,embedded systems,alt,en,ARBEITNOW
SKL_6011cd95bd17,skill,Développement de firmware,developpement de firmware,preferred,fr,ARBEITNOW
SKL_6011cd95bd17,skill,Firmware Development,firmware development,alt,en,ARBEITNOW
SKL_eaf4cc5da533,skill,Gestion des processus,gestion des processus,preferred,fr,ARBEITNOW
SKL_eaf4cc5da533,skill,Process Management,process management,alt,en,ARBEITNOW
SKL_066785341766,skill,Sécurité informatique,securite informatique,preferred,fr,ARBEITNOW
SKL_066785341766,skill,IT Security,it security,alt,en,ARBEITNOW
SKL_c44215649ff6,skill,Ingénierie de l'automatisation,ingenierie de l'automatisation,preferred,fr,ARBEITNOW
SKL_c44215649ff6,skill,Automation Engineering,automation engineering,alt,en,ARBEITNOW
SKL_7411bc5936ad,skill,Internet et logiciels,internet et logiciels,preferred,fr,ARBEITNOW
SKL_7411bc5936ad,skill,Internet and software,internet and software,alt,en,ARBEITNOW
SKL_e6b7d5f0a846,skill,Gestion de projet,gestion de projet,preferred,fr,ARBEITNOW
SKL_e6b7d5f0a846,skill,Project Management,project management,alt,en,ARBEITNOW
SKL_27f0215b16be,skill,Gestion de la qualité,gestion de la qualite,preferred,fr,ARBEITNOW
SKL_27f0215b16be,skill,Quality Management,quality management,alt,en,ARBEITNOW
SKL_13378ce5fdcb,skill,Développement web,developpement web,preferred,fr,ARBEITNOW
SKL_13378ce5fdcb,skill,Web Development,web development,alt,en,ARBEITNOW
SKL_ee8988321013,skill,Marketing et relations publiques,marketing et relations publiques,preferred,fr,ARBEITNOW
SKL_ee8988321013,skill,Marketing and pr,marketing and pr,alt,en,ARBEITNOW
SKL_7af7f9372ca2,skill,Licence,licence,preferred,fr,ARBEITNOW
SKL_7af7f9372ca2,skill,bachelor's degree,bachelor's degree,alt,en,ARBEITNOW
SKL_6a1980b9b3cc,skill,Administration systèmes et réseaux,administration systemes et reseaux,preferred,fr,ARBEITNOW
SKL_6a1980b9b3cc,skill,System and Network Administration,system and network administration,alt,en,ARBEITNOW
SKL_515c47693b95,skill,Finance,finance,preferred,fr,ARBEITNOW
SKL_515c47693b95,skill,Finance,finance,alt,en,ARBEITNOW
SKL_9594c8621b16,skill,Approvisionnement,approvisionnement,preferred,fr,ARBEITNOW
SKL_9594c8621b16,skill,Supply,supply,alt,en,ARBEITNOW
SKL_f5834c0b1b23,skill,Ingénierie des services de sécurité,ingenierie des services de securite,preferred,fr,ARBEITNOW
SKL_f5834c0b1b23,skill,Safety Services Engineering,safety services engineering,alt,en,ARBEITNOW
SKL_102f88d3b170,skill,Développement,developpement,preferred,fr,ARBEITNOW
SKL_102f88d3b170,skill,Development,development,alt,en,ARBEITNOW
SKL_aedbf5bf44e3,skill,Service client,service client,preferred,fr,ARBEITNOW
SKL_aedbf5bf44e3,skill,Customer Service,customer service,alt,en,ARBEITNOW
SKL_3af717e2d59e,skill,Business Intelligence,business intelligence,preferred,fr,ARBEITNOW
SKL_3af717e2d59e,skill,Business Intelligence,business intelligence,alt,en,ARBEITNOW
SKL_08f7e84127d9,skill,Baccalauréat ou équivalent,baccalaureat ou equivalent,preferred,fr,ARBEITNOW
SKL_08f7e84127d9,skill,high school or equivalent,high school or equivalent,alt,en,ARBEITNOW
SKL_4e2d30bd7ac3,skill,Biotechnologie,biotechnologie,preferred,fr,ARBEITNOW
SKL_4e2d30bd7ac3,skill,Biotech,biotech,alt,en,ARBEITNOW
SKL_c5b7853910ad,skill,Assurance qualité,assurance qualite,preferred,fr,ARBEITNOW
SKL_c5b7853910ad,skill,Quality Assurance,quality assurance,alt,en,ARBEITNOW
SKL_182f1752e622,skill,Inspection,inspection,preferred,fr,ARBEITNOW
SKL_182f1752e622,skill,Inspection,inspection,alt,en,ARBEITNOW
SKL_4cf7fdaebb9c,skill,Administration,administration,preferred,fr,ARBEITNOW
SKL_4cf7fdaebb9c,skill,Administration,administration,alt,en,ARBEITNOW
OCC_d70f56db8654,occupation,Chimiométricien / Chimiométricienne,chimiometricien / chimiometricienne,preferred,fr,WIKIDATA
OCC_d70f56db8654,occupation,chemometrician,chemometrician,alt,en,WIKIDATA
SKL_5dc382df1438,skill,faire preuve d’initiative,faire preuve d'initiative,preferred,fr,ESCO
SKL_19aeb7cb73b2,skill,adopter des stratégies de promotion de la biodiversité et du bien-être animal,adopter des strategies de promotion de la biodiversite et du bien-etre animal,preferred,fr,ESCO
SKL_46f9b42c75bd,skill,conseiller d’autres personnes,conseiller d'autres personnes,preferred,fr,ESCO
SKL_46f9b42c75bd,skill,guider les autres | donner des conseils,guider les autres | donner des conseils,alt,fr,ESCO
SKL_cc2e6ec387e6,skill,accepter les critiques et les directives,accepter les critiques et les directives,preferred,fr,ESCO
SKL_dbaca5910e03,skill,"mettre en application des connaissances dans les domaines de la philosophie, de l’éthique et de la religion","mettre en application des connaissances dans les domaines de la philosophie, de l'ethique et de la religion",preferred,fr,ESCO
SKL_0382fb7b6808,skill,adopter des stratégies de réduction de la pollution,adopter des strategies de reduction de la pollution,preferred,fr,ESCO
SKL_249ccf2ac00c,skill,respecter ses engagements,respecter ses engagements,preferred,fr,ESCO
SKL_249ccf2ac00c,skill,tenir ses promesses,tenir ses promesses,alt,fr,ESCO
SKL_ef5d231e6260,skill,s’adapter aux exigences physiques,s'adapter aux exigences physiques,preferred,fr,ESCO
SKL_5fca413b3927,skill,assumer des responsabilités,assumer des responsabilites,preferred,fr,ESCO
SKL_244c1cdeefce,skill,faire preuve de détermination,faire preuve de determination,preferred,fr,ESCO
SKL_64d0c3730751,skill,effectuer des calculs,effectuer des calculs,preferred,fr,ESCO
SKL_64d0c3730751,skill,effectuer des calculs liés au travail,effectuer des calculs lies au travail,alt,fr,ESCO
SKL_d166671fe4b5,skill,gérer la frustration,gerer la frustration,preferred,fr,ESCO
SKL_49cd87c36526,skill,calculer des probabilités,calculer des probabilites,preferred,fr,ESCO
SKL_c3fb7706013d,skill,gérer des ressources financières et matérielles,gerer des ressources financieres et materielles,preferred,fr,ESCO
SKL_e16588481cd9,skill,faire preuve d’engagement,faire preuve d'engagement,preferred,fr,ESCO
SKL_481bbe53b9b3,skill,réfléchir rapidement,reflechir rapidement,preferred,fr,ESCO
SKL_4abb95a7d8eb,skill,évaluer l’incidence environnementale du comportement personnel,evaluer l'incidence environnementale du comportement personnel,preferred,fr,ESCO
SKL_416b8573cd5d,skill,gérer la qualité,gerer la qualite,preferred,fr,ESCO
SKL_9a72439bbbfc,skill,pratiquer l’autoréflexion,pratiquer l'autoreflexion,preferred,fr,ESCO
SKL_21b146ea089f,skill,faire preuve de curiosité,faire preuve de curiosite,preferred,fr,ESCO
SKL_21b146ea089f,skill,montrer de l'intérêt | se montrer curieux,montrer de l'interet | se montrer curieux,alt,fr,ESCO
SKL_1f267c14eff9,skill,gérer la progression personnelle,gerer la progression personnelle,preferred,fr,ESCO
SKL_9601b9bb5665,skill,aborder les défis de manière positive,aborder les defis de maniere positive,preferred,fr,ESCO
SKL_d80a5842fd95,skill,réfléchir de manière analytique,reflechir de maniere analytique,preferred,fr,ESCO
SKL_d80a5842fd95,skill,adopter un mode de pensée raisonné | poser un regard raisonné | avoir un cheminement de pensée raisonnée,adopter un mode de pensee raisonne | poser un regard raisonne | avoir un cheminement de pensee raisonnee,alt,fr,ESCO
SKL_0348dd5625d1,skill,s'adapter au changement,s'adapter au changement,preferred,fr,ESCO
SKL_0348dd5625d1,skill,s'adapter aux changements,s'adapter aux changements,alt,fr,ESCO
SKL_5c1cafdcd539,skill,adopter des stratégies de réduction de l’incidence négative de sa consommation,adopter des strategies de reduction de l'incidence negative de sa consommation,preferred,fr,ESCO
SKL_5c1cafdcd539,skill,éviter le plastique | partager des ressources physiques | réduire la consommation d'eau ou d'énergie | réduire au minimum la production de déchets dans les ménages | pratiquez un style de vie minimaliste | réduire la consommation d'énergie | minimiser la production de déchets dans les ménages | suivre des pratiques de travail respectueuses de l'environnement | réutiliser les matériaux | éviter les articles à usage unique | réutilisation des matériaux | pratiquer un style de vie minimaliste | suivre les calendriers de collecte du recyclage | partager les ressources physiques | réutilisation des produits | réutiliser les produits,eviter le plastique | partager des ressources physiques | reduire la consommation d'eau ou d'energie | reduire au minimum la production de dechets dans les menages | pratiquez un style de vie minimaliste | reduire la consommation d'energie | minimiser la production de dechets dans les menages | suivre des pratiques de travail respectueuses de l'environnement | reutiliser les materiaux | eviter les articles a usage unique | reutilisation des materiaux | pratiquer un style de vie minimaliste | suivre les calendriers de collecte du recyclage | partager les ressources physiques | reutilisation des produits | reutiliser les produits,alt,fr,ESCO
SKL_1ba5b7de1077,skill,préserver son bien-être psychologique,preserver son bien-etre psychologique,preferred,fr,ESCO
SKL_ba4b591cdd44,skill,protéger la santé d’autres personnes,proteger la sante d'autres personnes,preferred,fr,ESCO
SKL_52b55f5a19f4,skill,modérer des discussions,moderer des discussions,preferred,fr,ESCO
SKL_dd733976fe12,skill,"mettre en application des connaissances dans les domaines de la science, de la technologie et de l’ingénierie","mettre en application des connaissances dans les domaines de la science, de la technologie et de l'ingenierie",preferred,fr,ESCO
SKL_a341429e6402,skill,traiter des informations spatiales,traiter des informations spatiales,preferred,fr,ESCO
SKL_4018c6dd5f4f,skill,respecter la diversité des valeurs et des normes culturelles,respecter la diversite des valeurs et des normes culturelles,preferred,fr,ESCO
SKL_3bd897deb869,skill,faire face à l’incertitude,faire face a l'incertitude,preferred,fr,ESCO
SKL_3bd897deb869,skill,faire face à l'incertitude,faire face a l'incertitude,alt,fr,ESCO
SKL_b21cf1a5d4b7,skill,s’adresser à un auditoire,s'adresser a un auditoire,preferred,fr,ESCO
SKL_b21cf1a5d4b7,skill,s'exprimer en public,s'exprimer en public,alt,fr,ESCO
SKL_afda1dab404c,skill,travailler en équipe,travailler en equipe,preferred,fr,ESCO
SKL_74413dbf0c1d,skill,faire preuve de confiance,faire preuve de confiance,preferred,fr,ESCO
SKL_cff6a6e08edc,skill,instruire autrui,instruire autrui,preferred,fr,ESCO
SKL_cff6a6e08edc,skill,apprendre à autrui,apprendre a autrui,alt,fr,ESCO
SKL_3553a9690c87,skill,utiliser des équipements numériques,utiliser des equipements numeriques,preferred,fr,ESCO
SKL_8f434db53f66,skill,"organiser les informations, objets et ressources","organiser les informations, objets et ressources",preferred,fr,ESCO
SKL_df7bd352b749,skill,interpréter des informations mathématiques,interpreter des informations mathematiques,preferred,fr,ESCO
SKL_84f1843c952b,skill,faire preuve de loyauté,faire preuve de loyaute,preferred,fr,ESCO
SKL_790fe3c6937a,skill,diriger les autres,diriger les autres,preferred,fr,ESCO
SKL_a03e3e9e052f,skill,faire preuve d’empathie,faire preuve d'empathie,preferred,fr,ESCO
SKL_10d562320667,skill,négocier des compromis,negocier des compromis,preferred,fr,ESCO
SKL_10d562320667,skill,parvenir à un consensus,parvenir a un consensus,alt,fr,ESCO
SKL_abe2c7df8fba,skill,gérer le stress,gerer le stress,preferred,fr,ESCO
SKL_abe2c7df8fba,skill,faire face à la pression | résister à la pression,faire face a la pression | resister a la pression,alt,fr,ESCO
SKL_e821afde5430,skill,travailler de manière efficace,travailler de maniere efficace,preferred,fr,ESCO
SKL_614950908b5b,skill,participer activement à la vie civique,participer activement a la vie civique,preferred,fr,ESCO
SKL_0c7f1dd9abf3,skill,penser de manière critique,penser de maniere critique,preferred,fr,ESCO
SKL_38a7b22f4dbe,skill,inciter d’autres personnes à adopter des comportements respectueux de l’environnement,inciter d'autres personnes a adopter des comportements respectueux de l'environnement,preferred,fr,ESCO
SKL_7b9281bcde1f,skill,veiller aux détails,veiller aux details,preferred,fr,ESCO
SKL_7b9281bcde1f,skill,s'attacher aux détails,s'attacher aux details,alt,fr,ESCO
SKL_20d234eddd45,skill,utiliser le système de soins de santé en connaissance de cause,utiliser le systeme de soins de sante en connaissance de cause,preferred,fr,ESCO
SKL_9ceba7edd185,skill,promouvoir les principes de démocratie et d’état de droit,promouvoir les principes de democratie et d'etat de droit,preferred,fr,ESCO
SKL_0433197adf10,skill,s’exprimer de manière créative,s'exprimer de maniere creative,preferred,fr,ESCO
SKL_71c5bfd3aab5,skill,résoudre les conflits,resoudre les conflits,preferred,fr,ESCO
SKL_0f59cbd01984,skill,apprécier la diversité des expressions culturelles et artistiques,apprecier la diversite des expressions culturelles et artistiques,preferred,fr,ESCO
SKL_2e8814e0c022,skill,démontrer une volonté d’apprendre,demontrer une volonte d'apprendre,preferred,fr,ESCO
SKL_2e8814e0c022,skill,manifester sa volonté d'apprendre,manifester sa volonte d'apprendre,alt,fr,ESCO
SKL_ba0949a519d4,skill,"utiliser avec précision des équipements, des outils ou des technologies","utiliser avec precision des equipements, des outils ou des technologies",preferred,fr,ESCO
SKL_7aa460ac3f36,skill,rester concentré pendant de longues périodes,rester concentre pendant de longues periodes,preferred,fr,ESCO
SKL_99fe55e00127,skill,détecter les problèmes,detecter les problemes,preferred,fr,ESCO
SKL_8cb18b8c928c,skill,se maintenir en bonne forme physique,se maintenir en bonne forme physique,preferred,fr,ESCO
SKL_7674a3b6283b,skill,résoudre les problèmes,resoudre les problemes,preferred,fr,ESCO
SKL_95add2a3d691,skill,déléguer des responsabilités,deleguer des responsabilites,preferred,fr,ESCO
SKL_2967c56cf4f1,skill,utiliser des logiciels de communication et de collaboration,utiliser des logiciels de communication et de collaboration,preferred,fr,ESCO
SKL_edf4141c1769,skill,construire un esprit d’équipe,construire un esprit d'equipe,preferred,fr,ESCO
SKL_73b7c046080c,skill,improviser,improviser,preferred,fr,ESCO
SKL_ea8aac6d5be1,skill,se conformer aux réglementations,se conformer aux reglementations,preferred,fr,ESCO
SKL_b9455465e130,skill,déplacer des objets,deplacer des objets,preferred,fr,ESCO
SKL_6d9516d0a330,skill,effectuer des recherches sur l’internet,effectuer des recherches sur l'internet,preferred,fr,ESCO
SKL_03db30fda874,skill,être fiable,etre fiable,preferred,fr,ESCO
SKL_266605af5b2b,skill,faire preuve d’esprit d’entreprise,faire preuve d'esprit d'entreprise,preferred,fr,ESCO
SKL_f666d0082580,skill,rapporter des faits,rapporter des faits,preferred,fr,ESCO
SKL_1853e9b32b6b,skill,mettre en application des compétences de base en matière de programmation,mettre en application des competences de base en matiere de programmation,preferred,fr,ESCO
SKL_df70abc2e857,skill,construire des réseaux,construire des reseaux,preferred,fr,ESCO
SKL_c4e529c9f31f,skill,faire preuve de compétences interculturelles,faire preuve de competences interculturelles,preferred,fr,ESCO
SKL_c4e529c9f31f,skill,démontrer des compétences interculturelles,demontrer des competences interculturelles,alt,fr,ESCO
SKL_322c73cb66e8,skill,travailler de manière autonome,travailler de maniere autonome,preferred,fr,ESCO
SKL_536912e60310,skill,penser de manière innovante,penser de maniere innovante,preferred,fr,ESCO
SKL_aa64964a668e,skill,être conscient des risques pour la santé,etre conscient des risques pour la sante,preferred,fr,ESCO
SKL_7d91794b64e6,skill,avoir un esprit créatif,avoir un esprit creatif,preferred,fr,ESCO
SKL_7d91794b64e6,skill,réfléchir de manière créative | faire preuve de créativité,reflechir de maniere creative | faire preuve de creativite,alt,fr,ESCO
SKL_9e7b6e284f35,skill,penser de manière globale,penser de maniere globale,preferred,fr,ESCO
SKL_0a5f047090fe,skill,prendre des décisions,prendre des decisions,preferred,fr,ESCO
SKL_0a5f047090fe,skill,décider | faire des choix,decider | faire des choix,alt,fr,ESCO
SKL_cd8ba7413876,skill,créer du contenu numérique,creer du contenu numerique,preferred,fr,ESCO
SKL_bb75147adbcb,skill,gérer le temps,gerer le temps,preferred,fr,ESCO
SKL_b90b0e526a8b,skill,mettre en application des normes d’hygiène,mettre en application des normes d'hygiene,preferred,fr,ESCO
SKL_abe63d2a4aae,skill,évaluer de manière critique les informations et leurs sources,evaluer de maniere critique les informations et leurs sources,preferred,fr,ESCO
SKL_4b44e9b302c7,skill,gérer les maladies chroniques,gerer les maladies chroniques,preferred,fr,ESCO
SKL_ac849d14848f,skill,mettre en application des connaissances en sciences humaines et sociales,mettre en application des connaissances en sciences humaines et sociales,preferred,fr,ESCO
SKL_60e996ac75cf,skill,"promouvoir des idées, des produits ou des services","promouvoir des idees, des produits ou des services",preferred,fr,ESCO
SKL_acefb6869f54,skill,motiver d'autres personnes,motiver d'autres personnes,preferred,fr,ESCO
SKL_5967172f87ff,skill,respecter les obligations de confidentialité,respecter les obligations de confidentialite,preferred,fr,ESCO
SKL_b825d30d64b1,skill,planifier,planifier,preferred,fr,ESCO
SKL_123761be71d3,skill,réagir aux changements physiques ou aux dangers,reagir aux changements physiques ou aux dangers,preferred,fr,ESCO
SKL_337ea3ff9625,skill,appliquer des mesures de sécurité numérique,appliquer des mesures de securite numerique,preferred,fr,ESCO
SKL_4a53b7862886,skill,exercer des droits et des responsabilités,exercer des droits et des responsabilites,preferred,fr,ESCO
SKL_66409b87c3c6,skill,mémoriser des informations,memoriser des informations,preferred,fr,ESCO
SKL_66409b87c3c6,skill,mémoriser les procédures | principes mnémoniques | principes mnémotechniques | confier des informations à la mémoire | apprendre des informations par cœur | apprendre par coeur | apprendre l'information par cœur | mémoriser les faits | mémoriser des faits,memoriser les procedures | principes mnemoniques | principes mnemotechniques | confier des informations a la memoire | apprendre des informations par coeur | apprendre par coeur | apprendre l'information par coeur | memoriser les faits | memoriser des faits,alt,fr,ESCO
SKL_587bf6d883a3,skill,garder un esprit ouvert,garder un esprit ouvert,preferred,fr,ESCO
SKL_95cef25b821f,skill,software and applications development and analysis,software and applications development and analysis,preferred,fr,ESCO
SKL_cdee588f84aa,skill,taking a proactive approach,taking a proactive approach,preferred,fr,ESCO
SKL_1453ea0b57fd,skill,technical or academic writing,technical or academic writing,preferred,fr,ESCO
SKL_a3c4676f849b,skill,providing general assistance to people,providing general assistance to people,preferred,fr,ESCO
SKL_c2370a8d0ae1,skill,database and network design and administration,database and network design and administration,preferred,fr,ESCO
SKL_c3874fe564df,skill,applying environmental skills and competences,applying environmental skills and competences,preferred,fr,ESCO
SKL_848713e2923c,skill,designing ict systems or applications,designing ict systems or applications,preferred,fr,ESCO
SKL_8f951812d27f,skill,monitoring developments in area of expertise,monitoring developments in area of expertise,preferred,fr,ESCO
SKL_d8f0765c1c31,skill,electronics and automation,electronics and automation,preferred,fr,ESCO
SKL_20b19108d741,skill,"managing, gathering and storing digital data","managing, gathering and storing digital data",preferred,fr,ESCO
SKL_309165ba639e,skill,developing solutions,developing solutions,preferred,fr,ESCO
SKL_b9e3c5128719,skill,supporting others,supporting others,preferred,fr,ESCO
SKL_cf7c3c765da5,skill,working with computers,working with computers,preferred,fr,ESCO
SKL_77f2ba894546,skill,protecting ict devices,protecting ict devices,preferred,fr,ESCO
SKL_40adba60c444,skill,demonstrating willingness to learn,demonstrating willingness to learn,preferred,fr,ESCO
SKL_e88666ea091c,skill,computer use,computer use,preferred,fr,ESCO
SKL_10fe969e1261,skill,mathematics and statistics,mathematics and statistics,preferred,fr,ESCO
SKL_b2aff16de2fe,skill,managing information,managing information,preferred,fr,ESCO
SKL_e3fbc0d4c1db,skill,complying with operational procedures,complying with operational procedures,preferred,fr,ESCO
SKL_ef3949b7f79f,skill,working in teams,working in teams,preferred,fr,ESCO
SKL_4347c571ba42,skill,setting up computer systems,setting up computer systems,preferred,fr,ESCO
SKL_6f8335c78a9b,skill,complying with environmental protection laws and standards,complying with environmental protection laws and standards,preferred,fr,ESCO
SKL_a4e98ddb73ee,skill,monitoring safety or security,monitoring safety or security,preferred,fr,ESCO
SKL_1f009c8f6a48,skill,law,law,preferred,fr,ESCO
SKL_b5469bbf712d,skill,directing operational activities,directing operational activities,preferred,fr,ESCO
SKL_7cb0b95d8ecb,skill,programming computer systems,programming computer systems,preferred,fr,ESCO
SKL_8a4017e488ab,skill,management and administration,management and administration,preferred,fr,ESCO
SKL_23085972a5e1,skill,developing operational policies and procedures,developing operational policies and procedures,preferred,fr,ESCO
SKL_f3ca1938b8f6,skill,"organising, planning and scheduling work and activities","organising, planning and scheduling work and activities",preferred,fr,ESCO
SKL_c331349631ea,skill,applying general knowledge,applying general knowledge,preferred,fr,ESCO
SKL_7119eb664ab9,skill,gathering information from physical or electronic sources,gathering information from physical or electronic sources,preferred,fr,ESCO
SKL_1e594f8c6e15,skill,statistics,statistics,preferred,fr,ESCO
SKL_fd713cc9d423,skill,coaching and mentoring,coaching and mentoring,preferred,fr,ESCO
SKL_aaabf934fad2,skill,conducting academic or market research,conducting academic or market research,preferred,fr,ESCO
SKL_508c5b0a1d5c,skill,negotiating and managing contracts and agreements,negotiating and managing contracts and agreements,preferred,fr,ESCO
SKL_2071d45dc6aa,skill,developing professional relationships or networks,developing professional relationships or networks,preferred,fr,ESCO
SKL_10267c3c1eff,skill,monitoring and evaluating the performance of individuals,monitoring and evaluating the performance of individuals,preferred,fr,ESCO
SKL_cb1978958417,skill,using digital tools for collaboration and productivity,using digital tools for collaboration and productivity,preferred,fr,ESCO
SKL_05763a8559a5,skill,"conducting studies, investigations and examinations","conducting studies, investigations and examinations",preferred,fr,ESCO
SKL_4dc55d1c0758,skill,planning events and programmes,planning events and programmes,preferred,fr,ESCO
SKL_f37682de4b11,skill,audio-visual techniques and media production,audio-visual techniques and media production,preferred,fr,ESCO
SKL_7f78d2ca0672,skill,mediating and resolving disputes,mediating and resolving disputes,preferred,fr,ESCO
SKL_5c624c745d04,skill,environmental protection technology,environmental protection technology,preferred,fr,ESCO
SKL_2ce7334bb9c5,skill,working efficiently,working efficiently,preferred,fr,ESCO
SKL_b0431e61371b,skill,developing contingency and emergency response plans,developing contingency and emergency response plans,preferred,fr,ESCO
SKL_9cdb860e33fb,skill,identifying opportunities,identifying opportunities,preferred,fr,ESCO
SKL_0a8cc966ac29,skill,marketing and advertising,marketing and advertising,preferred,fr,ESCO
SKL_90aa7853e0d6,skill,responding to physical circumstances,responding to physical circumstances,preferred,fr,ESCO
SKL_445b3ba921d0,skill,communicating with colleagues and clients,communicating with colleagues and clients,preferred,fr,ESCO
SKL_69b44233a92b,skill,"materials (glass, paper, plastic and wood)","materials (glass, paper, plastic and wood)",preferred,fr,ESCO
SKL_d04bef74edf7,skill,military and defence,military and defence,preferred,fr,ESCO
SKL_ca776a7a3b8c,skill,analysing business operations,analysing business operations,preferred,fr,ESCO
SKL_3cd7a0007015,skill,using digital tools for processing sound and images,using digital tools for processing sound and images,preferred,fr,ESCO
SKL_6cccbc832323,skill,"installing and repairing electrical, electronic and precision equipment","installing and repairing electrical, electronic and precision equipment",preferred,fr,ESCO
SKL_87acac1fd513,skill,working with numbers and measures,working with numbers and measures,preferred,fr,ESCO
SKL_8c16ca127c1f,skill,resolving computer problems,resolving computer problems,preferred,fr,ESCO
SKL_4c7541ae401a,skill,performing risk analysis and management,performing risk analysis and management,preferred,fr,ESCO
SKL_6dfcac495c53,skill,electricity and energy,electricity and energy,preferred,fr,ESCO
SKL_99b6dfb907e9,skill,maintaining a positive attitude,maintaining a positive attitude,preferred,fr,ESCO
SKL_f1dfc37ab4a2,skill,ensuring compliance with legislation,ensuring compliance with legislation,preferred,fr,ESCO
SKL_6877a7df8f96,skill,applying entrepreneurial and financial skills and competences,applying entrepreneurial and financial skills and competences,preferred,fr,ESCO
SKL_bd6a2a4505fb,skill,psychology,psychology,preferred,fr,ESCO
SKL_ee04c5da3db2,skill,"processing information, ideas and concepts","processing information, ideas and concepts",preferred,fr,ESCO
SKL_ba7115f1ce76,skill,artistic and creative writing,artistic and creative writing,preferred,fr,ESCO
SKL_9a32440af0e8,skill,engineering and engineering trades not further defined,engineering and engineering trades not further defined,preferred,fr,ESCO
SKL_80cef42d9473,skill,working with others,working with others,preferred,fr,ESCO
SKL_78d33c554ba5,skill,"finance, banking and insurance","finance, banking and insurance",preferred,fr,ESCO
SKL_918d00fba481,skill,managing budgets or finances,managing budgets or finances,preferred,fr,ESCO
SKL_66180baac6e4,skill,developing objectives and strategies,developing objectives and strategies,preferred,fr,ESCO
SKL_ef3bd7544220,skill,"using word processing, publishing and presentation software","using word processing, publishing and presentation software",preferred,fr,ESCO
SKL_b547ed0b582e,skill,reporting incidents and defects,reporting incidents and defects,preferred,fr,ESCO
SKL_e21d2bf7fe36,skill,"developing financial, business or marketing plans","developing financial, business or marketing plans",preferred,fr,ESCO
SKL_0571f21b7421,skill,"joining parts using soldering, welding or brazing techniques","joining parts using soldering, welding or brazing techniques",preferred,fr,ESCO
SKL_54e90d682c81,skill,advising on design or use of technologies,advising on design or use of technologies,preferred,fr,ESCO
SKL_b809851ed24c,skill,designing systems and products,designing systems and products,preferred,fr,ESCO
SKL_0c69b2e7a542,skill,creating artistic designs or performances,creating artistic designs or performances,preferred,fr,ESCO
SKL_2f5807f15ef8,skill,using foreign languages,using foreign languages,preferred,fr,ESCO
SKL_8f18beedf000,skill,performing calculations,performing calculations,preferred,fr,ESCO
SKL_6af08a2b7dc0,skill,presenting information in legal proceedings,presenting information in legal proceedings,preferred,fr,ESCO
SKL_bb5f053ffdd4,skill,"library, information and archival studies","library, information and archival studies",preferred,fr,ESCO
SKL_fae7568e2548,skill,supervising a team or group,supervising a team or group,preferred,fr,ESCO
SKL_d5ac46835686,skill,protecting privacy and personal data,protecting privacy and personal data,preferred,fr,ESCO
SKL_603d1211df1e,skill,"inter-disciplinary programmes and qualifications involving social sciences, journalism and information","inter-disciplinary programmes and qualifications involving social sciences, journalism and information",preferred,fr,ESCO
SKL_1b7c49c52b86,skill,"promoting, selling and purchasing","promoting, selling and purchasing",preferred,fr,ESCO
SKL_33d659a6f832,skill,advising on workplace health and safety issues,advising on workplace health and safety issues,preferred,fr,ESCO
SKL_cea699b59583,skill,analysing and evaluating information and data,analysing and evaluating information and data,preferred,fr,ESCO
SKL_ce75baef5e81,skill,calculating and estimating,calculating and estimating,preferred,fr,ESCO
SKL_e28559fdec63,skill,inter-disciplinary programmes and qualifications involving information and communication technologies (icts),inter-disciplinary programmes and qualifications involving information and communication technologies (icts),preferred,fr,ESCO
SKL_3cfcc3122f53,skill,giving feedback,giving feedback,preferred,fr,ESCO
SKL_96639e06d16b,skill,information skills,information skills,preferred,fr,ESCO
SKL_ead5f66c983d,skill,information and communication technologies not elsewhere classified,information and communication technologies not elsewhere classified,preferred,fr,ESCO
SKL_8d8d08b40444,skill,mechanics and metal trades,mechanics and metal trades,preferred,fr,ESCO
SKL_4d93430ba96d,skill,management skills,management skills,preferred,fr,ESCO
SKL_161913019900,skill,using computer aided design and drawing tools,using computer aided design and drawing tools,preferred,fr,ESCO
SKL_20f8b4f7eb09,skill,"directing, supervising and coordinating projects","directing, supervising and coordinating projects",preferred,fr,ESCO
SKL_53c43cbebf0e,skill,diagnosing health conditions,diagnosing health conditions,preferred,fr,ESCO
SKL_59eaf4005231,skill,"preparing financial documents, records, reports, or budgets","preparing financial documents, records, reports, or budgets",preferred,fr,ESCO
SKL_adbf3ba9a54c,skill,training on operational procedures,training on operational procedures,preferred,fr,ESCO
SKL_d879ef43f1a4,skill,engineering and engineering trades not elsewhere classified,engineering and engineering trades not elsewhere classified,preferred,fr,ESCO
SKL_cf1feade88cc,skill,mathematics,mathematics,preferred,fr,ESCO
SKL_f2a64246d4c8,skill,maintaining operational records,maintaining operational records,preferred,fr,ESCO
SKL_f2688ac2f7fa,skill,operating scientific and laboratory equipment,operating scientific and laboratory equipment,preferred,fr,ESCO
SKL_9493d2030667,skill,collaborating and liaising,collaborating and liaising,preferred,fr,ESCO
SKL_49eac973733e,skill,protection of persons and property,protection of persons and property,preferred,fr,ESCO
SKL_2e71f23c8a32,skill,applying health-related skills and competences,applying health-related skills and competences,preferred,fr,ESCO
SKL_c368aad02f31,skill,teaching academic or vocational subjects,teaching academic or vocational subjects,preferred,fr,ESCO
SKL_e09b44ffaaaa,skill,advising and consulting,advising and consulting,preferred,fr,ESCO
SKL_bad628a57dfc,skill,presenting general information,presenting general information,preferred,fr,ESCO
SKL_1cf92dd330b8,skill,medical diagnostic and treatment technology,medical diagnostic and treatment technology,preferred,fr,ESCO
SKL_89a78a18c275,skill,developing instructive or promotional materials,developing instructive or promotional materials,preferred,fr,ESCO
SKL_710de4eb86e0,skill,accessing and analysing digital data,accessing and analysing digital data,preferred,fr,ESCO
SKL_1cb698728502,skill,"documenting technical designs, procedures, problems or activities","documenting technical designs, procedures, problems or activities",preferred,fr,ESCO
SKL_85d6f18cb7bf,skill,building and civil engineering,building and civil engineering,preferred,fr,ESCO
SKL_7508e0721f5a,skill,providing information to the public and clients,providing information to the public and clients,preferred,fr,ESCO
SKL_80f9df514fb8,skill,communicating,communicating,preferred,fr,ESCO
SKL_c7dd11508888,skill,analysing financial and economic data,analysing financial and economic data,preferred,fr,ESCO
SKL_17ef27cb65de,skill,applying civic skills and competences,applying civic skills and competences,preferred,fr,ESCO
SKL_d98f0a4cabf5,skill,planning production processes,planning production processes,preferred,fr,ESCO
SKL_69ad940802e2,skill,"preparing documentation for contracts, applications, or permits","preparing documentation for contracts, applications, or permits",preferred,fr,ESCO
SKL_d00bac4126fd,skill,collaborating in teams and networks,collaborating in teams and networks,preferred,fr,ESCO
SKL_53a40bab45a5,skill,providing information and support to the public and clients,providing information and support to the public and clients,preferred,fr,ESCO
SKL_6fe9ced9f5e4,skill,"promoting products, services, or programs","promoting products, services, or programs",preferred,fr,ESCO
SKL_73e01dacd683,skill,interpreting technical documentation and diagrams,interpreting technical documentation and diagrams,preferred,fr,ESCO
SKL_4bc16417eb61,skill,engaging with others to identify needs,engaging with others to identify needs,preferred,fr,ESCO
SKL_95c40cdd51f6,skill,allocating and controlling physical resources,allocating and controlling physical resources,preferred,fr,ESCO
SKL_d96d6aaf8b87,skill,accounting and taxation,accounting and taxation,preferred,fr,ESCO
SKL_78338510ffd2,skill,working with digital devices and applications,working with digital devices and applications,preferred,fr,ESCO
SKL_b40b66e0c4de,skill,planning and organising,planning and organising,preferred,fr,ESCO
SKL_ee5d8033ce34,skill,engineering and engineering trades,engineering and engineering trades,preferred,fr,ESCO
SKL_2f5cc21ba740,skill,personal skills and development,personal skills and development,preferred,fr,ESCO
SKL_09329479dcd3,skill,business and administration,business and administration,preferred,fr,ESCO
SKL_26ca5e65420b,skill,following ethical code of conduct,following ethical code of conduct,preferred,fr,ESCO
SKL_f67716abe1af,skill,"designing industrial materials, systems or products","designing industrial materials, systems or products",preferred,fr,ESCO
SKL_c33821ba45d6,skill,leading others,leading others,preferred,fr,ESCO
SKL_7519c0fec7d2,skill,chemical engineering and processes,chemical engineering and processes,preferred,fr,ESCO
SKL_92dcce70f015,skill,using digital tools to control machinery,using digital tools to control machinery,preferred,fr,ESCO
SKL_817862310f04,skill,monitoring health conditions of humans and animals,monitoring health conditions of humans and animals,preferred,fr,ESCO
SKL_a41501d93d27,skill,operating communications equipment,operating communications equipment,preferred,fr,ESCO
SKL_564b6752d60e,skill,inter-disciplinary programmes and qualifications involving information and communication technologies (icts),inter-disciplinary programmes and qualifications involving information and communication technologies (icts),preferred,fr,ESCO
SKL_d6c0b4c0fb5a,skill,"evaluating systems, programmes, equipment and products","evaluating systems, programmes, equipment and products",preferred,fr,ESCO
SKL_bc5b4ac739bc,skill,"inter-disciplinary programmes and qualifications involving natural sciences, mathematics and statistics","inter-disciplinary programmes and qualifications involving natural sciences, mathematics and statistics",preferred,fr,ESCO
SKL_d36a87241b3e,skill,"communication, collaboration and creativity","communication, collaboration and creativity",preferred,fr,ESCO
SKL_aaef8050ef20,skill,interviewing,interviewing,preferred,fr,ESCO
SKL_34182ebaf9a2,skill,advising on environmental issues,advising on environmental issues,preferred,fr,ESCO
SKL_db523198cffb,skill,wholesale and retail sales,wholesale and retail sales,preferred,fr,ESCO
SKL_e6e808990e37,skill,monitoring operational activities,monitoring operational activities,preferred,fr,ESCO
SKL_2bd23e1a18e7,skill,installing wooden and metal components,installing wooden and metal components,preferred,fr,ESCO
SKL_0cfc550edab2,skill,applying cultural skills and competences,applying cultural skills and competences,preferred,fr,ESCO
SKL_e691f616f736,skill,"advising on legal, regulatory or procedural matters","advising on legal, regulatory or procedural matters",preferred,fr,ESCO
SKL_3602758e0596,skill,journalism and reporting,journalism and reporting,preferred,fr,ESCO
SKL_8180ef997d2d,skill,manipulating and controlling objects and equipment,manipulating and controlling objects and equipment,preferred,fr,ESCO
SKL_f3bb34bc0e6f,skill,purchasing goods or services,purchasing goods or services,preferred,fr,ESCO
SKL_fc6196efc144,skill,generic programmes and qualifications not elsewhere classified,generic programmes and qualifications not elsewhere classified,preferred,fr,ESCO
SKL_fbec0f1b939f,skill,"browsing, searching and filtering digital data","browsing, searching and filtering digital data",preferred,fr,ESCO
SKL_cf95a5fe5e76,skill,inter-disciplinary programmes and qualifications involving health and welfare,inter-disciplinary programmes and qualifications involving health and welfare,preferred,fr,ESCO
SKL_49d983dd1ef1,skill,allocating and controlling resources,allocating and controlling resources,preferred,fr,ESCO
SKL_d78cdf1307a2,skill,dealing with problems,dealing with problems,preferred,fr,ESCO
SKL_a2845ad798eb,skill,developing educational programmes,developing educational programmes,preferred,fr,ESCO
SKL_e18efe18894f,skill,using precision hand tools,using precision hand tools,preferred,fr,ESCO
SKL_8f17832f8525,skill,translating and interpreting,translating and interpreting,preferred,fr,ESCO
SKL_0f4ffde3ce91,skill,verifying identities and documentation,verifying identities and documentation,preferred,fr,ESCO
SKL_9f20de910254,skill,operating audio-visual equipment,operating audio-visual equipment,preferred,fr,ESCO
SKL_9e8e77ff4949,skill,teaching and training,teaching and training,preferred,fr,ESCO
SKL_19f72ffe39b6,skill,thinking creatively and innovatively,thinking creatively and innovatively,preferred,fr,ESCO
SKL_6cdae93ea559,skill,work skills,work skills,preferred,fr,ESCO
SKL_5abe9a04e391,skill,using precision measuring equipment,using precision measuring equipment,preferred,fr,ESCO
SKL_069b9916ec3f,skill,analysing and evaluating information and data,analysing and evaluating information and data,preferred,fr,ESCO
SKL_170dd53a8860,skill,writing and composing,writing and composing,preferred,fr,ESCO
SKL_7ac7457bf03a,skill,analysing scientific and medical data,analysing scientific and medical data,preferred,fr,ESCO
SKL_341cd1d09bb4,skill,documenting and recording information,documenting and recording information,preferred,fr,ESCO
SKL_d91f21a94055,skill,presenting research or technical information,presenting research or technical information,preferred,fr,ESCO
SKL_32b903fd120b,skill,philosophy and ethics,philosophy and ethics,preferred,fr,ESCO
SKL_f20a0dabd829,skill,leading and motivating,leading and motivating,preferred,fr,ESCO
SKL_3fa6927e189d,skill,managing and administering human resources,managing and administering human resources,preferred,fr,ESCO
SKL_891df4532d6f,skill,testing electrical and mechanical systems or equipment,testing electrical and mechanical systems or equipment,preferred,fr,ESCO
SKL_5e1d62283101,skill,monitoring financial and economic resources and activity,monitoring financial and economic resources and activity,preferred,fr,ESCO
SKL_9600e022ce3f,skill,estimating resource needs,estimating resource needs,preferred,fr,ESCO
SKL_44b9929ca903,skill,"operating cutting, grinding and smoothing machinery","operating cutting, grinding and smoothing machinery",preferred,fr,ESCO
SKL_6791d32cdc4a,skill,creating visual displays and decorations,creating visual displays and decorations,preferred,fr,ESCO
SKL_6097e8eaeb92,skill,occupational health and safety,occupational health and safety,preferred,fr,ESCO
SKL_faa6cb1d66ae,skill,education science,education science,preferred,fr,ESCO
SKL_94289d48fe6e,skill,implementing new procedures or processes,implementing new procedures or processes,preferred,fr,ESCO
SKL_d6fc71101bde,skill,entering and transforming information,entering and transforming information,preferred,fr,ESCO
SKL_a33f08cc5a13,skill,business and administration not further defined,business and administration not further defined,preferred,fr,ESCO
SKL_48304bae8008,skill,making decisions,making decisions,preferred,fr,ESCO
SKL_f5194f081473,skill,language acquisition,language acquisition,preferred,fr,ESCO
