entity_id,source,source_id,isco_code,pref_label_fr,pref_label_en,alt_labels_fr,alt_labels_en,description_fr,description_en,occupation_type,label_language_status
OCC_a0cecf937326,ESCO,0464b062-cea6-4164-b10d-956c61956ae7,2529,administrateur sécurité informatique/administratrice sécurité informatique,,responsable de la sécurité des technologies de l'information et de la communication | responsable de la sécurité des TIC | directrice de la sécurité de la technologie de l'information et de la communication | administratrice sécurité informatique | gestionnaire sécurité informatique | directeur de la sécurité de la technologie de l'information et de la communication | administrateur sécurité informatique | directeur de la sécurité TIC | responsable de l'administration de sécurité informatique | directeur de la sécurité informatique | directrice de la sécurité informatique | directrice de la sécurité TIC,,"Les administrateurs de la sécurité des TIC planifient et mettent en œuvre des mesures de sécurité pour protéger les informations et les données relatives à l’accès non autorisé, à l’attaque délibérée, au vol et à la corruption.",,Occupation,fr_native
OCC_6b1c7257ba1b,ESCO,04ba4d6c-957d-417f-bf63-5b9e015a9f86,2512,analyste logiciel,,analyste informatique | analyste de logiciels | analyste d'applications | analyste software,,"Les analystes de logiciels mettent en évidence et hiérarchisent les exigences des utilisateurs, produisent et documentent les spécifications des logiciels, testent leur application et les examinent pendant le développement de logiciels. Ils servent d’interface entre les utilisateurs de logiciels et l’équipe de développement de logiciels.",,Occupation,fr_native
OCC_535421ae1e2c,ESCO,07e60525-1aad-4099-aaf3-2c7014c92212,2511,ingénieur intégration/ingénieure intégration,,ingénieur informatique | ingénieure intégration | ingénieur intégration des technologies de l'information et de la communication | ingénieur intégration des TIC | ingénieure intégration des technologies de l'information et de la communication | ingénieure informatique | ingénieur intégration | ingénieure intégration des TIC,,Les ingénieurs d’intégration élaborent et mettent en œuvre des solutions qui coordonnent les applications au sein de l’entreprise ou de ses unités et départements. Ils évaluent les composants ou systèmes existants pour déterminer les exigences en matière d’intégration et veillent à ce que les solutions finales répondent aux besoins organisationnels. Ils réutilisent les composants lorsque cela est possible et aident la direction à prendre des décisions. Ils assurent le dépannage de l’intégration du système TIC.,,Occupation,fr_native
OCC_0ee16ac6947b,ESCO,092fdeeb-a76f-4ed2-b248-90fd6eaaffef,2513,spécialiste de l’optimisation des moteurs de recherche,,experte de l'optimisation des moteurs de recherche | conseiller en optimisation des moteurs de recherche | spécialiste optimisation de moteurs de recherche | conseillère en optimisation des moteurs de recherche | expert de l'optimisation des moteurs de recherche,,Les experts d’optimisation du moteur de recherche augmentent le classement des pages web d’une société en ce qui concerne les demandes ciblées dans un moteur de recherche. Ils créent et lancent des campagnes d’optimisation des moteurs de recherche et recensent les domaines dans lesquels des améliorations sont possibles. Les experts d’optimisation du moteur de recherche peuvent mener des campagnes de rémunération par clic (PPC).,,Occupation,fr_native
OCC_1fbb1e6392b6,ESCO,0ab5c12c-c1c1-4772-8345-aa287d0e391d,2519,analyste-testeur informatique/analyste-testeuse informatique,,analyste-testeur informatique | analyste-testeur en informatique | analyste-testeuse en informatique | analyste-testeur en informatique/analyste-testeuse en informatique | analyste-testeuse informatique,,"Les analystes en TIC travaillent dans des environnements d’essai, en évaluant les produits, en vérifiant la qualité et la précision, ou en créant des scripts de tests. Ils conçoivent des essais qui sont ensuite mis en œuvre par des testeurs.",,Occupation,fr_native
OCC_46b37f0135cb,ESCO,0c448a27-10ec-43ba-b880-d9938bade424,2529,spécialiste de l’investigation numérique,,spécialiste de la cybersécurité et de la criminalistique | expert en investigation numérique | professionnel l'investigation numérique | professionnel de l'investigation informatique | spécialiste en cybersécurité et en criminalistique | consultant en informatique légale | spécialiste de l'investigation informatique | professionnelle de l'investigation informatique | professionnelle de l'investigation numérique,,"Les experts en criminalistique numérique extraient et analysent les informations provenant des ordinateurs et d’autres types de dispositifs de stockage de données. Ils examinent les médias numériques qui peuvent avoir été dissimulés, cryptés ou endommagés, d’une manière légale, dans le but d’identifier, de préserver, de valoriser, d’analyser et de présenter des faits et des opinions sur les informations numériques.",,Occupation,fr_native
OCC_8b508c20ce1d,ESCO,0ce5a9f4-e00a-4bbe-b255-3c63407167a4,2529,analyste réponse aux incidents de sécurité,,conseiller sur la sécurité des technologies de l'information et de la communication | conseillère sur la sécurité des TIC | conseillère sur la sécurité des technologies de l'information et de la communication | consultante en sécurité informatique | consultante en sécurité des TIC | consultant en sécurité informatique | conseillère en sécurité informatique | consultante en sécurité des technologies de l'information et de la communication | consultant en sécurité des TIC | conseiller sur la sécurité des TIC | conseiller en sécurité informatique | consultant en sécurité des technologies de l'information et de la communication,,"Les analystes réponse aux incidents de sécurité surveillent et évaluent l’état des systèmes en matière de cybersécurité par l’analyse et l’évaluation des risques d’incidents de cybersécurité en vue d’en atténuer l'impact. En outre, ils identifient les acteurs malveillants et les causes profondes des cyberincidents. Selon le Plan de réponse aux incidents établi par l’organisation, ils/elles rétablissent le fonctionnement des systèmes et des fonctionnalités de traitement, recueillent des éléments probants et documentent les mesures prises.",,Occupation,fr_native
OCC_cbee4548194c,ESCO,102e75c8-3b47-4964-9b47-30a980aed25c,2519,analyste de la reprise des activités informatiques,,analyste de la résistance informatique | analyste de la résilience TIC | analyste de la résilience des technologies de l'information et de la communication | analyste risque opérationnel et résilience informatique,,"Les analystes de la reprise après une catastrophe développent, maintiennent et mettent en œuvre des stratégies et des solutions en matière de continuité des TIC et de rétablissement après sinistre. Ils soutiennent les équipes techniques, évaluent les risques, élaborent et mettent au point des procédures, de la documentation et des stratégies en matière de rétablissement après sinistre afin que les fonctions des entreprises puissent se poursuivre et se redresser, avec une perte minimale de données. Ils coordonnent également les validations des systèmes et les validations du système.",,Occupation,fr_native
OCC_89f4b0de8aeb,ESCO,10469d70-78a3-4650-9e29-d04de13c62c1,2511,concepteur de systèmes informatiques intégrés/conceptrice de systèmes informatiques intégrés,,conceptrice de systèmes imbriqués | concepteur de systèmes informatiques intégrés à l'équipement | concepteur de systèmes incorporés | conceptrice de systèmes incorporés | ingénieur de contrôle de batterie | ingénieur en contrôle de batterie | concepteur de systèmes informatiques intégrés | concepteur informatique intégré | conceptrice de systèmes emboîtés | concepteur de systèmes emboîtés | conceptrice de systèmes informatiques intégrés | conceptrice informatique intégré | concepteur de systèmes imbriqués | conceptrice de systèmes informatiques intégrés à l'équipement,,Les concepteurs de systèmes embarqués traduisent les exigences en matière de conception et de conception et le plan ou l’architecture de haut niveau d’un système de contrôle intégré conformément aux spécifications techniques des logiciels.,,Occupation,fr_native
OCC_3e502e92822a,ESCO,106f79e4-6264-45f1-9e7a-297435cd684b,2519,testeur de logiciels/testeuse de logiciels,,testeuse d'applications | testeur d'applications | testeuse de logiciels | testeuse de logiciels d'application | testeur de logiciels d'application | testeur de logiciels,,"Les testeurs de logiciels effectuent des essais de logiciels. Ils peuvent également les planifier et les concevoir. Ils peuvent aussi déboiser et réparer les logiciels, bien que cela soit principalement le cas pour les concepteurs et les développeurs. Ils veillent à ce que les applications fonctionnent correctement avant de les mettre à la disposition des clients internes et externes.",,Occupation,fr_native
OCC_127c8b092532,ESCO,1242d99a-47f1-4a62-b884-33746db8a6ca,3512,responsable du service d’assistance informatique,,responsable du service d'assistance en technologies de l'information et de la communication | responsable du service d'assistance en TIC | responsable help desk informatique | responsable du service d'aide aux utilisateurs,,Les responsables du service d’assistance informatique assurent le suivi de la fourniture des services d’assistance technique aux clients en fonction des échéances fixées à l’avance.  Ils/Elles planifient et organisent les actions de soutien aux utilisateurs et les problèmes et questions informatiques. Ils/Elles supervisent l’équipe d’assistance chargée de veiller à ce que les clients reçoivent un retour d’information et un soutien appropriés. Ils/Elles participent également à l’élaboration de lignes directrices sur les services à la clientèle et au renforcement de l’équipe.,,Occupation,fr_native
OCC_c7ddb7ad3c99,ESCO,1562c7a3-c7d9-419d-b9b6-db26610bcf84,2521,concepteur d’entrepôt de données/conceptrice d’entrepôt de données,,conceptrice d'entrepôt de données | concepteur d'entrepôt de données,,"Les concepteurs d’entrepôts de données sont responsables de la planification, de la connexion, de la conception, de la programmation et du déploiement des systèmes d’entrepôts de données. Ils développent, contrôlent et maintiennent les processus d’ETL, les demandes de déclaration et la conception de l’entrepôt de données.",,Occupation,fr_native
OCC_991dd4068ca0,ESCO,1c5a45b9-440e-4726-b565-16a952abd341,2511,ingénieur en vision par ordinateur/ingénieure en vision par ordinateur,,expert en vision par ordinateur | scientifique appliquée en vision par ordinateur | spécialiste de la vision par ordinateur | experte en vision par ordinateur,,"Les ingénieurs en vision par ordinateur/ingénieures en vision par ordinateur recherchent, conçoivent, développent et entraînent des algorithmes d’intelligence artificielle et des primitives d’apprentissage automatique qui comprennent le contenu des images numériques sur la base d’un grand nombre de données. Ils/Elles mettent leurs connaissances en application pour résoudre différents problèmes concrets tels que la sécurité, la conduite autonome, la fabrication robotique, la classification d’images numériques, le traitement et le diagnostic d’images médicales, etc. 	",,Occupation,fr_native
OCC_b0446201413b,ESCO,1c5a896a-e010-4217-a29a-c44db26e25da,2529,ingénieur en sécurité des systèmes intégrés/ingénieure en sécurité des systèmes intégrés,,ingénieure sécurité IoT | ingénieur sécurité internet des objets | ingénieure en cybersécurité | ingénieure sécurité internet des objets | ingénieur cybersécurité | spécialiste de la cybersécurité | ingénieure cybersécurité | ingénieur sécurité IoT | ingénieur en cybersécurité,,"Les ingénieurs en sécurité des systèmes intégrés/ingénieures en sécurité des systèmes intégrés conseillent et mettent en œuvre des solutions pour contrôler l’accès aux données et aux programmes dans les systèmes intégrés et connectés. Ils/Elles contribuent à assurer le fonctionnement sécurisé des produits équipés de systèmes intégrés et d’appareils connectés en étant responsables de la protection et de la sécurité des systèmes concernés et de la conception, de la planification et de l’exécution des mesures de sécurité appropriées. Ils/Elles contribuent à tenir les attaquants en échec en mettant en œuvre des mesures de protection qui empêchent les intrusions et les infractions. 	",,Occupation,fr_native
OCC_7d1a8b2ea390,ESCO,2079755f-d809-49e6-8037-4de6180e54c0,2511,ingénieur/ingénieure de données,,ingénieur en mégadonnées | ingénieure en mégadonnées | expert en ingénieur de données | ingénieur de données expert | ingénieur de recherche en données | ingénieur en données de recherche,,"Les ingénieurs/ingénieures de données développent l’architecture nécessaire au traitement, à la gestion et au stockage de grandes quantités de données qui seront utilisées par des experts en mégadonnées à des fins d’analyse. Ils/Elles conçoivent l’infrastructure et tiennent à jour des canaux et des entrepôts de données afin d’exploiter les données pour en tirer un avantage stratégique.",,Occupation,fr_native
OCC_43a86b759733,ESCO,22987b58-dbfa-4ecd-ae3f-82dd209255f6,2511,consultant en technologie de l’information et de la communication verte/consultante en technologie de l’information et de la communication verte,,conseiller technologies de l'information et de la communication vertes | consultante en technologie de l'information et de la communication verte | conseillère sur les TIC vertes | conseillère technologies de l'information et de la communication vertes | conseillère en TIC vertes | consultant sur la TIC verte | consultant en technologie de l'information et de la communication verte | conseiller sur les TIC vertes | consultante sur la TIC verte | conseiller en TIC vertes,,"Les consultants en TIC écologiques conseillent les organisations sur leur stratégie en matière de TIC vertes et sur leur mise en œuvre de la manière la plus efficace et efficiente possible afin de permettre à l’organisation d’atteindre leurs objectifs environnementaux à court, moyen et long terme en matière d’environnement.",,Occupation,fr_native
OCC_a4f72755e1ad,ESCO,24135b84-cbdd-4d42-9ed2-02fd982d15b2,2512,développeur de chaînes de blocs/développeuse de chaînes de blocs,,ingénieure blockchain | spécialiste de la technologie de comptabilité décentralisée | ingénieur blockchain | spécialiste DLT,,"Les développeurs de chaînes de blocs/développeuses de chaînes de blocs mettent en œuvre ou programment des systèmes logiciels de chaînes de blocs fondés sur les spécifications et les modèles en utilisant les langages de programmation, les outils et les plateformes de chaînes de blocs. 	",,Occupation,fr_native
OCC_7bde92a813dd,ESCO,258e46f9-0075-4a2e-adae-1ff0477e0f30,2511,scientifique des données,,data scientist | scientifiques des données | analyste scientifique des données | experte en analyse des données | expert en analyse des données,,"Les spécialistes des données trouvent et interprètent des sources de données riches, gèrent de grandes quantités de données, fusionnent des sources de données, assurent la cohérence des séries de données et créent des visualisations pour aider à comprendre les données. Ils établissent des modèles mathématiques à l’aide de données, présentent et communiquent des informations et des connaissances en matière de données aux spécialistes et aux scientifiques de leur équipe et, le cas échéant, à un public non spécialisé, et recommandent des moyens d’appliquer les données.",,Occupation,fr_native
OCC_3ea9dcd66347,ESCO,276ba420-ef09-4a0e-b215-2c2e2f80ad28,2529,responsable de la sécurité des TIC,,responsable de la sécurité des technologies de l'information et de la communication | responsable de la sécurité de la technologie de l'information et de la communication | responsable de la sécurité TIC | responsable de la sécurité informatique | responsable de la sécurité | directeur du programme de cybersécurité,,"Les chefs des services de sécurité des TIC protègent les informations sur les entreprises et les travailleurs contre tout accès non autorisé. Ils définissent également la politique de sécurité du système d’information, gèrent le déploiement de la sécurité dans tous les systèmes d’information et assurent la disponibilité des informations.",,Occupation,fr_native
OCC_01372aeb8cb5,ESCO,2bef94db-0088-4507-982a-2ca717529adb,2511,architecte d’entreprise,,architecte technique | architecte informatique d'entreprise | architecte applicatif | responsable de l'architecture d'entreprise | architecte métier,,"Les architectes présentent un équilibre entre les opportunités technologiques et les besoins des entreprises. Ils maintiennent également une vision globale de la stratégie, des processus, des informations et des actifs TIC de l’organisation et relient la mission, la stratégie et les processus opérationnels à la stratégie en matière de TIC.",,Occupation,fr_native
OCC_60d10ff7dab8,ESCO,2ed56c3f-61d6-4f7e-9ef8-8849eb102e4c,2514,développeur d’applications mobiles/développeuse d’applications mobiles,,développeur d'applications pour mobile | développeur d'applications pour dispositifs mobiles | développeuse d'applications mobiles | développeuse d'applications pour portables | développeuse d'applications pour dispositifs mobiles | développeuse mobile | développeur d'applications mobiles | développeuse d'applications pour mobile | conceptrice d'applications mobiles | développeur mobile | concepteur d'applications mobiles | développeur d'applications pour portables,,"Les développeurs d’applications mobiles mettent en œuvre des logiciels d’applications pour appareils mobiles, sur la base des modèles fournis, en utilisant des outils de développement généraux ou spécifiques pour les systèmes d’exploitation de dispositifs.",,Occupation,fr_native
OCC_96b5d34f1d58,ESCO,2fb96c6c-8d0b-4ef0-b1ee-3e493305e4eb,2512,architecte cloud,,consultant en solutions cloud | aws architecte cloud,,"Les architectes cloud sont chargé(e)s de convertir les caractéristiques techniques d’un projet en architecture pour aboutir au produit final. Pour élaborer une stratégie technique en matière d’informatique cloud, ils/elles ont une connaissance approfondie des principes et des services liés à l’architecture, aident à la migration vers l’informatique en nuage, examinent les architectures liées à la charge de travail et proposent des orientations sur la manière de traiter les questions à haut risque. Ils/Elles fonctionnent généralement en amont des ventes et sont souvent invité(e)s à fournir des projets de validation de concept, des ateliers thématiques et dirigent des projets de mise en œuvre. Ils/Elles collaborent avec des ingénieurs DevOps pour mettre au point les technologies appropriées.",,Occupation,fr_native
OCC_234bb9d3e7c0,ESCO,33e4f026-a823-4ffc-99e4-60d3fe597a1e,2519,testeur de jeux numériques/testeuse de jeux numériques,,développeur de jeux numériques | développeur de jeux vidéo | testeuse de jeux numériques | testeur de jeux sur Internet | testeuse de jeux vidéo | testeur de jeux en ligne | testeuse de jeux virtuels | testeuse de jeux sur Internet | testeuse de jeux en ligne | testeur de jeux virtuels | testeur de jeux vidéo | testeur de jeux numériques,,Les appareils de jeux numériques examinent et testent différents genres de jeux numériques en les jouant afin de repérer les bogues et les problèmes à l’intérieur de la fonctionnalité ou du graphisme du jeu. Ils peuvent évaluer la capacité d’attraction et le jeu des jeux. Ils peuvent également déboiser eux-mêmes les jeux.,,Occupation,fr_native
OCC_ff4e73f258e8,ESCO,349ee6f6-c295-4c38-9b98-48765b55280e,2512,ingénieur en informatique en nuage/ingénieure en informatique en nuage,,architecte cloud | ingénieur cloud devops | développeur cloud | ingénieure sécurité cloud | ingénieur cloud hybride | ingénieure en cloud computing | ingénieur réseau cloud | ingénieure réseau cloud | ingénieur solution cloud | ingénieur en cloud computing | ingénieure cloud devops | ingénieur sécurité cloud | ingénieure cloud natif | ingénieur infrastructure cloud | ingénieur cloud natif | ingénieure logiciel cloud | ingénieure cloud hybride | ingénieur logiciel cloud | ingénieure solution cloud | ingénieure infrastructure cloud | développeuse cloud,,"Les ingénieurs en informatique en nuage/ingénieures en informatique en nuage sont responsables de la conception, de la planification, de la gestion et de la maintenance des systèmes d’informatique en nuage. Ils/Elles développent et mettent en œuvre des applications en nuage, gèrent la migration des applications existantes sur site vers le nuage et déboguent les services en nuage. 	",,Occupation,fr_native
OCC_80660e3c36ff,ESCO,35553663-deab-4d9a-bf22-15c1625d28e8,2511,ingénieur en intelligence artificielle/ingénieure en intelligence artificielle,,concepteur de SI | designer de systèmes intelligents | conceptrice de systèmes intelligents | conceptrice de SI | ingénieur en intelligence artificielle | ingénieure en intelligence artificielle | concepteur de systèmes intelligents,,"Les ingénieurs en intelligence artificielle/ingénieures en intelligence artificielle mettent en œuvre des méthodes d’intelligence artificielle en ingénierie, robotique et informatique pour concevoir des programmes qui imitent l’intelligence, y compris des modèles de pensée, des systèmes cognitifs et des systèmes fondés sur la connaissance, la résolution de problèmes et la prise de décision. Ils/Elles intègrent également des connaissances structurées dans les systèmes informatiques (ontologies, bases de connaissances) afin de résoudre des problèmes complexes nécessitant normalement un niveau élevé d’expertise humaine ou des méthodes d’intelligence artificielle.",,Occupation,fr_native
OCC_b12363d00856,ESCO,3b1ea27c-781c-41eb-821f-214285260dd2,2519,gestionnaire des modifications et de la configuration des TIC,,spécialiste devops | ingénieur développement | gestionnaire du cycle de vie des applications | gestionnaire de changement et de configuration de logiciel | ingénieure développement | panneau de configuration,,"Les gestionnaires des modifications et de la configuration des TIC organisent et mettent en œuvre les processus visant à gérer les modifications tout au long du cycle de vie des actifs TIC tels que les logiciels, les applications, les systèmes TIC, etc. Ils/Elles ont une bonne connaissance des principales technologies et processus utilisés dans l’ingénierie des systèmes et gèrent le cycle de vie des systèmes et sous-systèmes TIC. 	",,Occupation,fr_native
OCC_69eaea4542b3,ESCO,3d190639-90f8-4402-b1b3-a104a17e0d67,2521,intégrateur de base de données/intégratrice de base de données,,conceptrice de bases de données | responsable de base de données | concepteur de base de données | intégratrice de données | intégrateur de base de données | intégrateur de données | intégratrice de base de données,,Les intégrateurs de bases de données effectuent l’intégration entre différentes bases de données. Ils maintiennent l’intégration et assurent l’interopérabilité.,,Occupation,fr_native
OCC_14d19ed15436,ESCO,3e7bf729-4442-4b9f-ad5e-83111963795c,3512,technicien informatique/technicienne informatique,,agent technique en technologie de l'information et de la communication | technicien en TIC | agente technique en TIC | technicien en systèmes d'information | responsable informatique | technicienne en TIC | ingénieur en TIC | agente technique en technologie de l'information et de la communication | agent technique en informatique | technicien informatique | technicienne en technologies de l'information et de la communication | technicien en technologies de l'information et de la communication | assistant informatique | agent technique en TIC | technicienne informatique | agente technique en informatique,,"Les techniciens/techniciennes informatique installent, gèrent, réparent et exploitent des systèmes d’information et des équipements informatiques (ordinateurs portables, ordinateurs de bureau, serveurs, tablettes, téléphones intelligents, équipements de communication, imprimantes et périphériques), et tout type de logiciel (pilotes, systèmes d’exploitation, applications).",,Occupation,fr_native
OCC_e1b1773585de,ESCO,4543bf7b-8ffb-4ade-88b9-58da34366f04,2523,responsable de la planification de la capacité informatique,,planificatrice de la capacité TIC | planificateur de la capacité informatique | responsable de la planification de la capacité en TIC | planificateur de la capacité TIC | planificatrice de la capacité informatique | planificateur de la capacité en TIC | responsable de la planification de la capacité en technologies de l'information et de la communication | planificatrice de la capacité en TIC,,"Les responsables de la planification des capacités dans le domaine des TIC veillent à ce que la capacité des services de TIC et des infrastructures de TIC permette d’atteindre les objectifs de niveau de services convenus de manière rentable et en temps utile. Ils/elles tiennent également compte de toutes les ressources nécessaires pour fournir le service de TIC approprié et prévoient des exigences pour les entreprises à court, moyen et long termes. 	",,Occupation,fr_native
OCC_e1899e09057e,ESCO,456ed487-02f2-45c9-9213-d0fd8e9a069d,2514,configurateur d’applications/configuratrice d’applications,,configuratrice de logiciels | configurateur logiciel | configurateur de logiciels | configuratrice logiciel | responsable de la configuration d'applications | configuratrice | configurateur applications | configurateur | configuratrice d'applications | configuratrice applications | configurateur d'applications,,"Les configurateurs d’applications TIC identifient, enregistrent et maintiennent des configurations d’application spécifiques aux utilisateurs sur la base des exigences des utilisateurs et des règles applicables aux entreprises. Ils configurent les systèmes logiciels génériques afin de créer une version spécifique appliquée au contexte d’une organisation. Ces configurations vont de l’ajustement des paramètres fondamentaux à la création de règles et de rôles d’activité dans le système TIC afin de développer des modules spécifiques (y compris la configuration des systèmes commerciaux prêts à l’emploi). Ils documentent également les configurations, effectuent les mises à jour de la configuration et veillent à ce que les configurations soient correctement mises en œuvre dans la demande.",,Occupation,fr_native
OCC_697bbd77a746,ESCO,4b3201cb-ffc5-4f61-9fc3-5c0f0038fa5f,2511,responsable de l’analyse commerciale des technologies de l’information et de la communication,,responsable de l'analyse commerciale des TIC | responsable de l'analyse commerciale de la technologie de l'information et de la communication | responsable de l'analyse commerciale TIC | responsable de l'analyse métier technologies de l'information et de la communication,,Les gestionnaires de l’analyse d’entreprise du secteur des TIC recensent les domaines dans lesquels des modifications du système d’information sont nécessaires pour soutenir les plans d’entreprise et surveiller l’impact en termes de gestion du changement. Ils contribuent aux exigences fonctionnelles générales des entreprises dans le domaine des TIC. Les gestionnaires de l’analyse des entreprises du secteur des TIC analysent les besoins des entreprises et les traduisent en solutions TIC.,,Occupation,fr_native
OCC_3e265a77afe1,ESCO,50af07f0-7a75-424e-a66d-5a9deea10f4c,2519,testeur d’accessibilité/testeuse d’accessibilité,,évaluateur d'accessibilité | testeur accessibilité | évaluatrice d'accessibilité | testeuse d'accessibilité | testeur de la facilité d'accès | testeuse en accessibilité | testeuse de la facilité d'accès | testeuse accessibilité | testeur en accessibilité | testeur d'accessibilité,,"Les testeurs d’accessibilité des TIC évaluent les sites web, les applications logicielles, les systèmes ou les composants de l’interface utilisateur en ce qui concerne la convivialité, le fonctionnement de la navigation et la visibilité à tous les types d’utilisateurs, en particulier ceux qui ont des besoins particuliers ou des handicaps.",,Occupation,fr_native
OCC_b46ed0bc22d0,ESCO,52d5edc9-7902-4cd3-8b06-6bd77c98d440,2519,testeur de systèmes informatiques/testeuse de systèmes informatiques,,testeuse TIC | testeur de systèmes de technologies de l'information et de la communication | testeuse en TIC | testeuse de systèmes informatiques | testeur de systèmes TIC | testeuse de systèmes de technologies de l'information et de la communication | testeuse de systèmes TIC | testeur en TIC | testeur TIC | testeur de systèmes informatiques,,"Les testeurs de systèmes TIC effectuent des essais et certaines activités de planification des essais. Ils peuvent également déboiser et réparer les systèmes et composants des technologies de l’information et de la communication (TIC), bien que cela soit principalement le cas pour les concepteurs et les développeurs. Ils veillent à ce que tous les systèmes et composants fonctionnent correctement avant de les livrer aux clients internes et externes.",,Occupation,fr_native
OCC_47055aec8572,ESCO,57af9090-55b4-4911-b2d0-86db01c00b02,2514,développeur de logiciels pour systèmes informatiques intégrés/développeuse de logiciels pour systèmes informatiques intégrés,,conceptrice de logiciels pour systèmes incorporé | développeuse de logiciels pour systèmes informatiques intégrés | concepteur de logiciels systèmes emboîtés | concepteur de logiciels pour systèmes informatiques intégrés à l'équipement | conceptrice de logiciels pour systèmes informatiques intégrés à l'équipement | développeur de logiciels pour systèmes informatiques intégrés | conceptrice de logiciels pour systèmes imbriqués | concepteur de logiciels pour systèmes incorporés | conceptrice de logiciels systèmes emboîtés | concepteur de logiciels pour systèmes imbriqués,,"Logiciel de conception de logiciels de systèmes embarqués, mise en œuvre, document et maintenance de logiciels à mettre en œuvre sur un système intégré.",,Occupation,fr_native
OCC_8d3f855bfe60,ESCO,591c5063-69ce-4551-ba60-e2304111130f,3513,responsable communications de données aéronautiques,,,,"Les responsables communications de données aéronautiques assurent la planification, la mise en œuvre et la maintenance des réseaux de transmission de données. Ils/Elles gèrent les systèmes de traitement des données reliant les agences utilisatrices aux ordinateurs centraux.",,Occupation,fr_native
OCC_59802a0ba34e,ESCO,5f50290d-f520-4a69-85c7-1390d2a4a8b6,2519,testeur d’utilisabilité/testeuse d’utilisabilité,,testeur utilisabilité | testeur en utilisabilité | testeuse de la facilité d'utilisation | évaluateur d'utilisabilité | testeuse d'utilisabilité | testeur d'utilisabilité | testeuse utilisabilité | évaluatrice d'utilisabilité | testeur de la facilité d'utilisation | testeuse en utilisabilité,,"Les testeurs sur la facilité d’utilisation des TIC garantissent le respect des exigences et s’efforcent de parvenir à une utilisation optimale dans les phases du cycle de l’ingénierie logicielle (analyse, conception, mise en œuvre et déploiement). Ils travaillent également en étroite collaboration avec les utilisateurs (analystes) pour rechercher et documenter les profils d’utilisateurs, analyser les tâches, les flux de travail et les scénarios d’utilisation.",,Occupation,fr_native
OCC_f609b6bc11bf,ESCO,64c7d461-152c-477f-a8e2-c2c537e9d617,3513,technicien de réseau informatique/technicienne de réseau informatique,,technicien réseau | technicienne des réseaux | technicienne en réseautique | technicienne de réseau | technicienne réseau | technicien en réseautique | technicien des réseaux | technicienne du réseau | technicien de réseau | technicien du réseau,,"Les techniciens/techniciennes de réseau informatique installent, gèrent et entretiennent des réseaux, des équipements de communication de données et des dispositifs installés en réseau, tels que des imprimantes et des réseaux de stockage. Ils/Elles analysent et résolvent les problèmes de réseau signalés par les utilisateurs.",,Occupation,fr_native
OCC_af0b4023ea6c,ESCO,6ce5f7e3-a534-4aa2-ab23-255408ddb53a,2512,développeur IoT/développeuse IoT,,développeur IoT | développeuse IoT | développeur de logiciels iot,,"Les développeurs IoT/développeuses IoT analysent et recueillent des données permettant d’interpréter des tendances et de prédire un résultat. Ils/Elles utilisent l’intelligence artificielle pour organiser les tâches et la prise de décision autonome, en faisant appel à des algorithmes d’apprentissage automatique dans le but de créer des objets plus intelligents grâce à des capteurs de données. Les développeurs IoT/développeuses IoT élaborent des logiciels permettant de connecter des objets à des systèmes et à des objets, ou de programmer ces objets afin de les faire fonctionner de manière autonome.",,Occupation,fr_native
OCC_9f67438781d4,ESCO,6e5ceba0-df96-465f-adb4-2e06ae715d43,2514,programmeur en informatique industrielle/programmeuse en informatique industrielle,,programmeuse en informatique industrielle | programmeur en informatique industrielle,,"Les programmateurs de commande d’outils numériques et de contrôle des procédés mettent au point des programmes informatiques destinés à contrôler les machines automatiques et les équipements utilisés dans les procédés de fabrication. Ils analysent les documents de conception générale et les ordres de travail, procèdent à des simulations informatiques et à des essais.",,Occupation,fr_native
OCC_106b6f022c02,ESCO,6e92d4b5-3167-4166-802f-da7753951a31,2511,consultant en recherche informatique/consultante en recherche informatique,,consultante en recherche dans la TIC | consultante en recherche dans la technologie de l'information et de la communication | consultant en recherche dans la TIC | conseillère en recherche dans les TIC | consultante en recherche informatique | consultant en recherche dans les TIC | consultant en recherche dans la technologie de l'information et de la communication | consultant recherche informatique | conseiller en recherche dans les TIC | consultante en recherche dans les TIC | consultant en recherche informatique | consultante recherche informatique,,"Les consultants spécialisés dans la recherche dans le domaine des TIC réalisent des recherches ciblées dans le domaine des TIC et fournissent un rapport final au client. Ils utilisent également les outils TIC pour concevoir des questionnaires pour les enquêtes, analyser les résultats, rédiger des rapports, présenter les résultats et formuler des recommandations sur la base des résultats de la recherche.",,Occupation,fr_native
OCC_7c028d934ec6,ESCO,7086d0ca-1e77-4690-89c9-7ed1a0478fa3,2519,analyste qualité des données,,analyste de la qualité des données | analystes qualité de données | analyste qualitatif | analyste qualité de données,,"Les spécialistes de la qualité des données examinent les données relatives à la précision de l’organisation, recommandent les améliorations à apporter aux systèmes d’enregistrement et aux processus d’acquisition de données, et évaluent la référence et l’intégrité historique des données. Ils élaborent également des documents et maintiennent des objectifs et des normes en matière de qualité des données et supervisent la politique de confidentialité des données d’une organisation et contrôlent la conformité des flux de données avec les normes de qualité des données.",,Occupation,fr_native
OCC_23fda8338d1e,ESCO,731f38f1-b08f-4dd5-a25e-f8627c038273,2519,responsable des tests d’intégration,,testeur d'intégration | responsable intégration | testeuse d'intégration,,"Les testeurs d’intégration des TIC effectuent des essais dans des groupes de composants système, d’unités ou même d’applications. Ils les regroupent dans des agrégats plus grands et appliquent des plans d’essai d’intégration. Ils supervisent la complexité des relations entre les différentes composantes.",,Occupation,fr_native
OCC_65c02430a9d6,ESCO,76a1a76c-b014-4600-8901-56cb936de7ed,2519,responsable de l’audit informatique,,responsable-auditeur informatique | responsable audits en technologies de l'information et de la communication | responsable-auditrice des technologies de l'information et de la communication | responsable-auditeur des TIC | auditrice des TIC | responsable-auditeur des technologies de l'information et de la communication | responsable audits informatiques | responsable-auditrice informatique,,"Les gestionnaires de l’auditeur des TIC surveillent les auditeurs des TIC responsables de l’audit des systèmes d’information, des plateformes et des procédures d’exploitation conformément aux normes d’entreprise établies en matière d’efficacité, de précision et de sécurité. Ils évaluent l’infrastructure des TIC en termes de risque pour l’organisation et instaurent des contrôles pour atténuer les pertes. Ils déterminent et recommandent des améliorations dans les contrôles actuels de gestion des risques et dans la mise en œuvre des modifications ou des mises à niveau du système.",,Occupation,fr_native
OCC_68dccaf6a895,ESCO,76ef0a87-6afe-4560-b5d0-9a086abe45c5,2529,hacker éthique,,pirate autorisé | hacker professionnel | chapeau blanc | pirates éthiques | testeur de sécurité TIC | spécialiste du piratage éthique | white hat | chapeau bleu,,"Les hackers informatiques éthiques effectuent des évaluations de la vulnérabilité à la sécurité et des tests de pénétration, conformément aux méthodes et protocoles acceptés par l’industrie. Ils analysent les systèmes susceptibles de créer des vulnérabilités susceptibles de résulter d’une configuration inadéquate du système, de défaillances matérielles ou logicielles ou de faiblesses opérationnelles.",,Occupation,fr_native
OCC_9113c1374afd,ESCO,7754d570-9519-48c2-b1c9-8e165f8bca0f,2529,gestionnaire des risques en cybersécurité,,responsable de la sécurité des technologies de l'information et de la communication | responsable de la sécurité des TIC | responsable de la sécurité de la technologie de l'information et de la communication | responsable de la sécurité TIC,,"Les gestionnaires des risques en cybersécurité recensent, analysent, évaluent, estiment et atténuent les risques liés à la cybersécurité pour les infrastructures, systèmes ou services TIC. Ils/Elles gèrent ces aspects en ce qui concerne l’analyse des risques par la planification, l’établissement de rapports, l’évaluation, la communication et leur traitement. Ils/Elles établissent une stratégie de gestion des risques pour l’organisation et veillent à ce que les risques restent à un niveau acceptable pour l’organisation en choisissant des mesures d’atténuation et des contrôles.",,Occupation,fr_native
OCC_02a46f9d3b88,ESCO,781a6350-e686-45b9-b075-e4c8d5a05ff7,2512,développeur/développeuse de logiciels cloud,,administrateur cloud | spécialiste du cloud et de l'infrastructure | administrateur de cloud | développeur de logiciels en nuage | spécialiste des solutions cloud | ingénieur logiciel cloud full stack | spécialiste en infrastructure cloud | développeuse de logiciels en nuage | consultant en cloud | spécialiste du cloud et des infrastructures | spécialiste technique cloud,,"Les ingénieurs en progiciel / Ingénieures ses de de progiciel créent, déploient et modernisent des applications logicielles destinées à une utilisation en cloud et font appel à des microservices, à des conteneurs et à l’architecture sans serveur. Ils/Elles mettent au point des applications modulables à haute disponibilité et font appel aux architectures en cloud  et aux meilleures pratiques. Ils/Elles intègrent la journalisation et le suivi dans le code et sont en mesure d’effectuer une analyse des causes profondes des pannes.",,Occupation,fr_native
OCC_04bac78229be,ESCO,78faf623-2543-43a5-acb2-3c43a22d36e4,2511,concepteur de chaînes de blocs/conceptrice de chaînes de blocs,,ingénieure blockchain | spécialiste de la technologie blockchain,,"Les concepteurs de chaînes de blocs/conceptrices de chaînes de blocs sont des architectes de systèmes TIC spécialisés dans les solutions fondées sur la technologie des chaînes de blocs. Ils/Elles conçoivent des architectures, des composants, des modules, des interfaces et des données pour un système décentralisé répondant à des exigences spécifiées. 	",,Occupation,fr_native
OCC_e29ace1e3e50,ESCO,812c217d-32b7-4f6a-9faf-993d3577ac7f,2529,ingénieur de la connaissance/ingénieure de la connaissance,,ingénieure de la connaissance | ingénieur du savoir | ingénieur de la connaissance | ingénieur cogniticien | ingénieur connaissance | cogniticien,,"Les ingénieurs de la connaissance intègrent des connaissances structurées dans les systèmes informatiques (bases de connaissances) afin de résoudre des problèmes complexes nécessitant normalement un niveau élevé d’expertise humaine ou de méthodes d’intelligence artificielle. Ils sont également responsables de recueillir ou d’extraire des connaissances provenant de sources d’information, en tenant compte de ces connaissances et en les mettant à la disposition de l’organisation ou des utilisateurs. Pour ce faire, ils sont conscients des techniques de représentation et de maintenance des connaissances (règles, cadres, filets sémantiques, ontologies) et utilisent des techniques et outils d’extraction de connaissances. Ils peuvent concevoir et construire des experts ou des systèmes d’intelligence artificielle qui utilisent ces connaissances.",,Occupation,fr_native
OCC_07647950ddea,ESCO,81480b40-a318-47f3-9b2c-56b69ed67d95,2522,administrateur de réseau informatique/administratrice de réseau informatique,,directeur des réseaux | administratrice réseau | administrateur réseau | responsable de réseau | responsable des réseaux | administratrice de réseau | administrateur de réseau | directrice des réseaux,,"Les administrateurs du réseau TIC assurent le fonctionnement d’un réseau de communication de données fiable, sûr et efficace, y compris LAN, WAN, intranet et internet. Ils effectuent des tâches d’adressage par réseau, de gestion et de mise en œuvre de protocoles d’acheminement tels que le groupe «État islamique», OSPF, BGP, les configurations des tableaux de routage et certaines mises en œuvre de l’authentification. Ils assurent la maintenance et l’administration de serveurs (serveurs de fichiers, passerelles VPN, systèmes de détection des intrusions), d’ordinateurs de bureau, d’imprimantes, de routeurs, de commutateurs, de pare-feu, de téléphones, de communications IP, d’assistants numériques personnels, de smartphones, de déploiement de logiciels, de mises à jour de sécurité et de correctifs, ainsi qu’un large éventail de technologies supplémentaires, comprenant à la fois le matériel et les logiciels.",,Occupation,fr_native
OCC_c089ec2388cd,ESCO,866c7813-2c03-47d7-9bdc-192cfbace57c,2512,développeur d’interface utilisateur/développeuse d’interface utilisatrice,,conceptrice d'interface | concepteur d'interface | designer d'interface | développeuse d'interface | conceptrice d'interfaces utilisatrices | développeur d'interface utilisateurs | développeuse d'interface utilisatrices | développeur IU | développeuse IU | développeuse d'interface utilisatrice | conceptrice d'interface utilisatrices | concepteur d'interface utilisateurs | développeur d'interface | développeur d'interface utilisateur | concepteur d'interfaces utilisateurs,,"Les développeurs d’interfaces utilisateurs mettent en œuvre, code, documentent et maintiennent l’interface d’un système logiciel en utilisant des technologies de développement de l’amont.",,Occupation,fr_native
OCC_759562b3dd51,ESCO,8c57af09-719c-42b3-be40-6ed4946236cc,2521,administrateur de base de données/administratrice de base de données,,administratrice de bases de données | administrateur de données | administrateur de bases de données | gestionnaire de base de données | administratrice de données | administratrice de base de données | responsable des bases de données | administrateur de base de données,,"Les administrateurs de bases de données testent, mettent en œuvre et gèrent des bases de données informatiques. Ils utilisent leur expertise dans les systèmes de gestion des bases de données pour planifier, coordonner et mettre en œuvre des mesures de sécurité pour protéger les bases de données informatiques. Ils utilisent également des scripts et des fichiers de paramétrage pour adapter une base de données aux besoins des utilisateurs.",,Occupation,fr_native
OCC_65014a542c78,ESCO,8d9ec84d-cf2d-4179-87bc-335cda54a427,2521,concepteur de bases de données /conceptrice de bases de données,,conceptrice de bases de données | architecte de système informatique sécurisé à la fine pointe de la technologie | architecte de système informatique sécurisé de pointe | designer de base de données | concepteur de bases de données,,"Les concepteurs de bases de données précisent la structure logique de la base de données, les processus et les flux d’informations. Ils conçoivent des modèles de données et des bases de données pour servir à l’acquisition de données.",,Occupation,fr_native
OCC_340f51445866,ESCO,96e20037-0a25-4bf6-a25e-808d1605d890,2513,concepteur d’interface utilisateur/conceptrice d’interface utilisatrice,,conceptrice d'interface | concepteur d'interface | designer d'interface | concepteur IU | conceptrice IU | concepteur d'interface utilisateur | conceptrice d'interface utilisatrice,,"Les concepteurs de l’interface utilisateur sont chargés de concevoir des interfaces utilisateur pour les applications et les systèmes. Ils réalisent des activités de conception, de graphisme et de dialogue ainsi que des activités d’adaptation.",,Occupation,fr_native
OCC_9c9233e004da,ESCO,9729c0f3-c9bc-482e-ac59-a82ec3b67ba3,3511,opérateur de centre de données/opératrice de centre de données,,opérateur de centre de traitement de données | opérateur de centre de données | opératrice de centres informatiques | opératrice de centre de données de calcul | opérateur de centres informatiques | opératrice de data centers | opérateur de data centers | opérateur de centre de données de calcul | opératrice de centre de données | opératrice de centre de traitement de données,,"Les opérateurs/opératrices de centres de données gèrent les opérations informatiques au sein d’un centre de données. Ils/Elles gèrent les activités quotidiennes au sein du centre afin de résoudre les problèmes, de garantir la disponibilité du système et d’évaluer les performances du système.",,Occupation,fr_native
OCC_e28a715b58e4,ESCO,98c3d8f8-e3a8-49b7-9e58-236f25a6f6a0,2522,configurateur de systèmes/configuratrice de systèmes,,configuratrice système | configurateur systèmes | configurateur de système informatique | configuratrice de systèmes | configurateur de systèmes | configuratrice systèmes | configurateur système | configuratrice de système informatique,,Configurateurs sur système adaptent un système informatique aux besoins de l’organisation et des utilisateurs. Ils adaptent le système de base et les logiciels aux besoins du client. Ils exercent des activités de configuration et procèdent à l’élaboration de scénarios et assurent la communication avec les utilisateurs.,,Occupation,fr_native
OCC_6cb6d62106d9,ESCO,9e2e6e1e-363b-4e1b-a673-7bc0f7343300,2522,administrateur de systèmes informatiques/administratrice de systèmes informatiques,,administratrice systèmes | administrateur de systèmes des technologies de l'information et de la communication | administrateur système | administratrice de systèmes informatiques | administrateur de systèmes informatiques | administrateur de systèmes TIC | administratrice système | administrateur systèmes,,"Les administrateurs du système TIC sont responsables de la maintenance, de la configuration et du fonctionnement fiable des systèmes informatiques et de réseau, des serveurs, des stations de travail et des périphériques. Ils peuvent acquérir, installer ou mettre à niveau des composants et des logiciels informatiques, automatiser des tâches courantes, écrire des programmes informatiques, dépanner, former et superviser le personnel et fournir un soutien technique. Ils garantissent l’intégrité, la sécurité, la sauvegarde et la performance du système optimal.",,Occupation,fr_native
OCC_554c5e421f89,ESCO,9ebaf3f0-0be0-47b7-b2b1-b3b04130fa81,2513,développeur de jeux numériques/développeuse de jeux numériques,,développeuse de jeux numériques | développeuse de jeux en ligne | concepteur de jeux vidéos | développeuse de jeux virtuels | développeur de jeux en ligne | développeur de jeux sur Internet | conceptrice de jeux numériques | développeur de jeux numériques | concepteur de jeux numériques | conceptrice de jeux vidéos | développeuse de jeux vidéo | développeuse de jeux sur Internet | développeur de jeux vidéo | développeur de jeux virtuels,,"Les développeurs de jeux numériques, qui mettent en œuvre et documentent les jeux numériques. Ils mettent en œuvre des normes techniques dans le jeu, le graphisme, le son et la fonctionnalité.",,Occupation,fr_native
OCC_b01b8def641d,ESCO,a28dff76-74df-46ee-929f-d1fffbb63cd7,2519,responsable de l’assurance qualité informatique,,cheffe de l'assurance qualité des TIC | responsable de l'assurance qualité des TIC | directeur de l'AQ informatique | chef de l'assurance qualité des TIC | responsable AQ informatique | responsable de l'assurance qualité des technologies de l'information et de la communication | directrice de l'AQ informatique,,"Les gestionnaires de l’assurance de la qualité des TIC mettent en place et appliquent une approche de la qualité des TIC au moyen de systèmes de gestion de la qualité, dans le respect des normes internes et externes et de la culture de l’organisation. Ils veillent à ce que les contrôles de gestion soient correctement mis en œuvre pour préserver les actifs, l’intégrité et les opérations des données. Ils mettent l’accent sur la réalisation des objectifs de qualité, y compris le maintien de la certification externe conformément aux normes de qualité et le suivi des statistiques afin de prévoir des résultats de qualité.",,Occupation,fr_native
OCC_47b1b32e81f9,ESCO,a44a1dc5-be08-4840-8bd5-770c4ac1ca6d,3512,technicien en sécurité informatique/technicienne en sécurité informatique,,agente de sécurité informatique | technicienne en sécurité informatique | agent de sécurité informatique | technicien en sécurité des technologies de l'information et de la sécurité | responsable de la sécurité informatique | technicienne en sécurité des technologies de l'information et de la sécurité | technicienne en sécurité des TIC | technicien en sécurité des TIC | technicien en sécurité informatique,,"Les techniciens/techniciennes en sécurité informatique proposent et mettent en œuvre les mises à jour nécessaires en matière de sécurité en fonction des besoins. Ils/Elles conseillent, aident et informent les utilisateurs, et proposent des actions de formation et de sensibilisation à la sécurité.",,Occupation,fr_native
OCC_20596f0afee7,ESCO,a6a0b60f-08da-4faa-bf54-942987efb471,2511,analyste de système informatique,,analyste système TIC | analyste système | analyste de systèmes de technologies de l'information et de la communication,,"Les analystes du système TIC précisent le système pour répondre aux besoins des utilisateurs finaux. Ils analysent les fonctions du système afin de définir leurs objectifs ou leurs finalités et de découvrir les opérations et les procédures qui permettront de les mettre en œuvre de la manière la plus efficace possible. Ils conçoivent également de nouvelles solutions informatiques afin d’améliorer l’efficacité et la productivité des entreprises, de produire des modèles de conception et d’estimer les coûts des nouveaux systèmes, de préciser les opérations que le système réalisera et de visualiser les données consultées par l’utilisateur final. Ils présentent la conception aux utilisateurs et travaillent en étroite collaboration avec les utilisateurs pour mettre en œuvre la solution.",,Occupation,fr_native
OCC_aa3336017d8a,ESCO,a74f6c51-37e5-423e-aa5b-044e98663027,2513,administrateur de contenu web/administratrice de contenu web,,administratrice du contenu Internet | administrateur du contenu web | administrateur du contenu Internet | administrateur des contenus Internet | administratrice des contenus Internet | gestionnaire du contenu web | administratrice du contenu web | administrateur des contenus en ligne | administrateur de contenu web | administratrice des contenus en ligne | administratrice de contenu web,,"Le gestionnaire de contenu web organise ou crée un contenu pour une plateforme web conformément aux objectifs stratégiques à long terme, aux politiques et aux procédures applicables au contenu en ligne d’un organisme ou à ses clients. Ils contrôlent et contrôlent le respect des normes, des dispositions légales et réglementaires en matière de protection de la vie privée et assurent l’optimisation du web. Ils sont également chargés d’intégrer le travail des écrivains et des designers pour produire une présentation finale qui soit compatible avec les normes d’entreprise.",,Occupation,fr_native
OCC_a1ea51659e23,ESCO,a7c1d23d-aeca-4bee-9a08-5993ed98b135,2511,développeur de systèmes informatiques/développeuse de systèmes informatiques,,développeur de systèmes de technologies de l'information et de la communication | développeuse de systèmes informatiques | développeur système | développeuse système | développeuse système TIC | développeuse de systèmes de technologies de l'information et de la communication | développeur système TIC | développeur de systèmes informatiques,,"Les développeurs de systèmes TIC maintiennent, contrôlent et améliorent les systèmes de soutien organisationnel. Ils utilisent les technologies existantes ou nouvelles pour répondre à des besoins particuliers. Ils testent à la fois les composants du système matériel et logiciel, le diagnostic et la résolution des défaillances du système.",,Occupation,fr_native
OCC_0464755fe4e8,ESCO,a99b38bc-6e71-4bef-b127-0f2b5e357815,2529,responsable de la résilience informatique,,responsable risque opérationnel et résilience informatique | responsable de la résilience TIC,,"Recherche, plan et élaboration de modèles, de politiques, de méthodes, de techniques et d’outils pour renforcer la cybersécurité, la résilience et le rétablissement après sinistre de l’organisation.",,Occupation,fr_native
OCC_708b91f0f734,ESCO,aaeec9a7-dc57-4485-890c-86b3eef735f9,3512,agent de service d’assistance informatique/agente de service d’assistance informatique,,agent du service d'assistance en TIC | agente du service d'assistance en technologies de l'information et de la communication | agent du service d'aide aux utilisateurs | agente de service d'assistance informatique | agent du service d'assistance en technologies de l'information et de la communication | conseiller en assistance technique TIC | technicien de support informatique | agente help desk informatique | agente du service d'assistance en TIC | agent help desk informatique | agent du service d'assistance TIC | conseiller en assistance informatique | agente du service d'aide aux utilisateurs | agent de service d'assistance informatique,,"Les agents/agentes de service d’assistance informatique fournissent une assistance technique aux utilisateurs, répondent aux questions ou résolvent les problèmes informatiques pour les clients par téléphone ou par voie électronique. Ils/Elles fournissent une assistance en ce qui concerne l’utilisation de matériel informatique et de logiciels.",,Occupation,fr_native
OCC_11d84dbfc1bc,ESCO,b11e1742-5e28-4270-b081-b0193d85ee7d,2521,développeur de base de données/développeuse de base de données,,responsable de base de données | concepteur de base de données | conceptrice de base de données | développeuse de base de données | développeur de base de données,,"Programmer, mettre en œuvre et coordonner les changements apportés aux bases de données informatiques sur la base de leur expertise des systèmes de gestion des bases de données.",,Occupation,fr_native
OCC_30549a5affd9,ESCO,b1c80369-067e-4041-84c8-dbe65640a5d8,2511,consultant informatique/consultante informatique,,conseillère technologies de l'information et de la communication | conseillère sur les TIC | consultante en TIC | consultant en technologies de l'information et de la communication | conseiller informatique | consultant en TIC | consultant informatique | conseillère en informatique | consultante informatique | conseiller technologies de l'information et de la communication | conseiller sur les TIC | conseiller en informatique | consultante en technologies de l'information et de la communication,,"Les consultants en TIC fournissent des conseils sur la manière d’optimiser l’utilisation des outils et systèmes existants, formulent des recommandations pour le développement et la mise en œuvre d’un projet d’entreprise ou d’une solution technologique et contribuent à la définition des projets. Ils sensibilisent aux innovations des technologies de l’information et à leur valeur potentielle pour une entreprise. Ils participent également à l’évaluation et au choix des solutions TIC.",,Occupation,fr_native
OCC_28d6f1c634d8,ESCO,bb6198c4-1d3e-40b9-9cc4-ad2dd9d7c74b,2514,développeur de logiciels pour appareils mobiles destinés à l’industrie/développeuse de logiciels pour appareils mobiles destinés à l’industrie,,développeuse de logiciels pour appareils mobiles destinés à l'industrie | développeur de logiciels pour appareils mobiles destinés à l'industrie,,"Les développeurs de logiciels industriels mobiles mettent en œuvre des logiciels d’applications pour des dispositifs mobiles industriels professionnels (portables) spécifiques, basés sur les besoins de l’industrie, en utilisant des outils de développement généraux ou spécifiques pour les systèmes d’exploitation de dispositifs.",,Occupation,fr_native
OCC_cd04c9fb1a40,ESCO,bd272aee-adc9-4a06-a15c-a73b4b4a46a7,2514,concepteur de logiciels d’application/conceptrice de logiciels d’application,,conceptrice de logiciels | concepteur de logiciels | concepteur de logiciels applicatifs | conceptrice de logiciels d'application | conceptrice de logiciels applicatifs | concepteur de logiciels d'application | concepteur informatique | conceptrice informatique,,"Les développeurs d’applications TIC mettent en œuvre les applications TIC (logiciels) sur la base des dessins ou modèles fournis en utilisant des langages, outils, plateformes et expériences spécifiques au domaine de l’application.",,Occupation,fr_native
OCC_af41616819b5,ESCO,bd9d395a-d587-45c6-8d72-ceef226df9e1,2511,consultant en intégration de systèmes informatiques/consultante en intégration de systèmes informatiques,,consultant en systèmes intégrés | consultant en intégration de systèmes | consultante en intégration de systèmes | conseillère sur l'intégration de systèmes | conseillère sur l'intégration des systèmes | consultante en systèmes intégrés | conseiller systèmes intégrés | conseillère systèmes intégrés | conseiller sur l'intégration de systèmes | conseiller sur l'intégration des systèmes,,Les consultants chargés de l’intégration des systèmes d’information et de communication (TIC) conseillent de réunir différents systèmes afin d’interopérer au sein d’une organisation pour permettre le partage des données et réduire les doublons.,,Occupation,fr_native
OCC_3b83c3012cf7,ESCO,c40a2919-48a9-40ea-b506-1f34f693496d,2513,développeur web/développeuse web,,développeur web | développeuse web | développeuse Internet | développeur Internet | concepteur web | conceptrice web | créatrice de contenus web | créateur de contenus web,,"Les développeurs de sites web développent, mettent en œuvre et documentent le logiciel accessible en ligne sur la base des dessins ou modèles fournis. Ils alignent la présence de l’internet du client sur sa stratégie commerciale, sur les problèmes et problèmes liés aux logiciels et cherchent des moyens d’améliorer l’application.",,Occupation,fr_native
OCC_5bfe9fc9c093,ESCO,cc325a8f-702e-4bf0-893f-5b5d456475ad,2514,responsable de l'identité cloud,,gestionnaire des risques liés aux identités dans le cloud | gestionnaire d'accès aux identités dans le cloud | gestionnaire d'accès à l'identité Cloud | gestionnaire des risques liés à l’identité dans le nuage | ingénieur en identité cloud,,Les responsables de l’identité cloud travaillent avec des applications de gestion des accès et des identités. Collaborer avec l’encadrement supérieur pour apporter des réponses aux principaux risques en matière de gouvernance de l’identité. Élaborer des stratégies visant à se conformer aux normes du domaine,,Occupation,fr_native
OCC_c79207b250ca,ESCO,cc867bee-ab5c-427f-9244-f7a204d9574b,2512,ingénieur DevOps cloud/ingénieure DevOps cloud,,spécialiste devops | ingénieur en automatisation du cloud | devops ingénieur consultant | consultant devops | analyste DevOps | ingénieur DevOps d'infrastructure cloud | ingénieur DevOps en nuage | administrateur DevOps | devops | la fiabilité du site devops ingénieur | ingénieure DevOps en nuage | devops de nuages | devops architect | ingénieur en automatisation Cloud,,"Les ingénieurs DevOps en /ingénieures DevOps mettent en œuvre et gèrent des systèmes et des méthodologies de fourniture de logiciels en continu. Il s’agit notamment de gérer et de configurer des répertoires de codes, de construire des services, de procéder à des essais automatisés et de mettre en place des mécanismes de déploiement. Pour les charges de travail en nuage, un ingénieur DevOps /une ingénieure DevOps définit et déploie les infrastructures d’environnements de code, d’essais automatisés et de développement. Ils/Elles peuvent définir et configurer des solutions automatisées de rétablissement après sinistre répondant aux objectifs des entreprises.",,Occupation,fr_native
OCC_7d8d0e4e5d42,ESCO,cdd3d773-75a4-4f35-bd1d-1ac720afcf9d,2511,auditeur des systèmes d’information/auditrice des systèmes d’information,,auditrice informatique | auditeur des systèmes d'information | auditeur informatique/auditrice informatique | auditeur informatique | auditrice des systèmes d'information,,"Les auditeurs de la Commission procèdent à des audits des systèmes d’information, des plateformes et des procédures d’exploitation, conformément aux normes établies en matière d’efficacité, de précision et de sécurité. Ils évaluent l’infrastructure des TIC en termes de risque pour l’organisation et instaurent des contrôles pour atténuer les pertes. Ils déterminent et recommandent des améliorations dans les contrôles actuels de gestion des risques et dans la mise en œuvre des modifications ou des mises à niveau du système.",,Occupation,fr_native
OCC_6836ed031e87,ESCO,cf2b03cd-feb7-4f47-90f6-ff1ed6016d3d,2523,ingénieur de réseaux informatiques/ingénieure de réseaux informatiques,,ingénieure réseaux | ingénieur réseaux | ingénieure de réseaux | développeur de réseaux | ingénieur de réseaux | ingénieur réseau | ingénieure réseau,,"Les ingénieurs du réseau des TIC mettent en œuvre, entretiennent et soutiennent des réseaux informatiques. Ils effectuent également des travaux de modélisation, d’analyse et de planification du réseau. Ils peuvent également concevoir des mesures de sécurité des réseaux et de l’informatique. Il peut s’agir de recherches et de recommandations en matière de matériels et de logiciels de communication de données et de réseaux.",,Occupation,fr_native
OCC_fa1704d164c5,ESCO,d0aa0792-4345-474b-9365-686cf4869d2e,2512,concepteur de logiciels/conceptrice de logiciels,,concepteur-architecte logiciel | architecte logiciel | conceptrice-architecte logiciel | conceptrice de logiciels | concepteur de logiciels,,"Les architectes de logiciels créent la conception technique et le modèle fonctionnel d’un système logiciel, sur la base des spécifications fonctionnelles. Ils conçoivent également l’architecture du système ou différents modules et composants liés aux exigences des entreprises ou des clients, à la plateforme technique, à la langue de l’informatique ou à l’environnement de développement.",,Occupation,fr_native
OCC_ccd1a82716dc,ESCO,d3edb8f8-3a06-47a0-8fb9-9b212c006aa2,2511,analyste de données,,analyste data | data analyst | analystes de données,,"Les analystes de données à l’importation, à l’inspection, à la purification, à la transformation, à la validation, au modèle ou à l’interprétation des collectes de données au regard des objectifs commerciaux de l’entreprise. Ils veillent à ce que les sources de données et les répertoires fournissent des données cohérentes et fiables. Les analystes utilisent différents algorithmes et outils informatiques comme l’exige la situation et les données actuelles. Ils pourraient élaborer des rapports sous la forme de visualisations telles que graphiques, diagrammes et tableaux de bord.",,Occupation,fr_native
OCC_1cd71aaf46fd,ESCO,dc8ef7da-d2c0-4474-96a0-6d0385eeec1e,3514,webmestre,,administratrice de site Internet | administratrice de site web | administratrice de serveur | administrateur de site Internet | administratrice de site | administrateur de site web | webmaster | administrateur de serveur | administrateur de site,,"Les webmestres déploient, entretiennent, contrôlent et assurent le support d’un serveur web pour répondre aux exigences de service. Ils/Elles garantissent l’intégrité, la sécurité, la sauvegarde et la performance optimale du système. Ils/Elles coordonnent le contenu, la qualité et le style des sites web, exécutent la stratégie web et mettent à jour les sites en y ajoutant de nouvelles fonctionnalités.",,Occupation,fr_native
OCC_bd1d7a63edf2,ESCO,e0b544dd-b621-4126-a55e-054af25c6ea0,2523,architecte de réseau,,ingénieure de réseaux | ingénieur de réseaux | architecte de réseaux | architecte réseaux,,"Les architectes du réseau des TIC conçoivent la topologie et la connectivité du réseau TIC, telles que le matériel, les infrastructures, la communication et les composants matériels.",,Occupation,fr_native
OCC_9e5778cecf8d,ESCO,e1c72b5f-4c5c-487c-a6df-e84b64a51dae,2511,concepteur de systèmes informatiques/conceptrice de systèmes informatiques,,concepteur système | architecte de système informatique | concepteur de système de technologies de l'information et de la communication | concepteur de systèmes informatiques | conceptrice de système de technologies de l'information et de la communication | conceptrice de systèmes informatiques | concepteur de système de TIC | conceptrice de systèmes | concepteur de systèmes | conceptrice système | concepteur de système | conceptrice de système de TIC | conceptrice de système,,"Architecture de conception des architectes du système TIC, composants, modules, interfaces et données pour un système multicomposants pour répondre à des exigences spécifiées.",,Occupation,fr_native
OCC_727ec0d8350c,ESCO,e3229e40-f571-4b26-baca-29edc8fe313e,2511,informaticien/informaticienne,,professeur en technologies de l'information et de la communication | chercheur TIC | informaticien | chercheur en TIC | chercheur informatique | informaticienne | professeur en TIC,,"Les informaticiens mènent des recherches dans le domaine de l’informatique et de la science de l’information, orientées vers une meilleure connaissance et une meilleure compréhension des aspects fondamentaux des phénomènes liés aux TIC. Ils rédigent des rapports et des propositions de recherche. Les informaticiens inventent et conçoivent également de nouvelles approches de la technologie informatique, trouvent des utilisations innovantes pour les technologies et études existantes et permettent de résoudre des problèmes complexes en informatique.",,Occupation,fr_native
OCC_e57061351bc6,ESCO,f2b15a0e-e65a-438a-affb-29b9d50b77d1,2512,développeur de logiciels/développeuse de logiciels,,concepteur de logiciels | conceptrice logiciel | développeur de logiciels pour les batteries | développeur de programmes | développeur de logiciels de batterie | développeuse de logiciels | développeur applications | développeuse logiciels | développeur de logiciels | développeur logiciels | concepteur d'applications | concepteur logiciel | développeuse applications,,"Les concepteurs de logiciels mettent en œuvre ou programment tous types de systèmes logiciels fondés sur les spécifications et les modèles en utilisant les langages de programmation, les outils et les plateformes.",,Occupation,fr_native
OCC_7ca8931aad99,ESCO,faed411a-f920-4100-86a8-b877928b429c,2511,analyste d’expérience utilisateur,,analyste expérience utilisateur | analyste d'utilisabilité | analyste d'expérience d'utilisateur | analyste de l'expérience des utilisateurs,,"Les analystes de l’expérience de l’utilisateur évaluent l’interaction et l’expérience du client et analysent les comportements, les attitudes et les émotions des utilisateurs concernant l’utilisation d’un produit, système ou service particulier. Ils formulent des propositions pour améliorer l’interface et la facilité d’utilisation des produits, systèmes ou services. Ce faisant, ils prennent en considération les aspects pratiques, concrets et significatifs de l’interaction entre l’homme et l’ordinateur et la propriété des produits, ainsi que les perceptions de la personne en ce qui concerne les aspects du système tels que l’utilité, la facilité d’utilisation et l’efficacité, et la dynamique des utilisateurs.",,Occupation,fr_native
OCC_0a3ba0a2e348,ESCO,fe0fa514-b48d-4a53-9757-a283c0baacf0,2511,analyste d’étude en TIC,,analyste de gestion TIC | ingénieur des exigences | analyste métier en TIC | analyste d'affaires | business analyst | analyste fonctionnel | analyste commercial,,"Les analystes de l’entreprise du secteur des TIC sont chargés d’analyser et de concevoir les processus et systèmes d’une organisation, d’évaluer le modèle d’entreprise et son intégration avec la technologie. Ils identifient également les besoins en matière de changement, évaluent l’incidence des exigences relatives aux changements, aux captures et aux documents, et veillent à ce que ces exigences soient respectées tout en soutenant l’entreprise par le processus de mise en œuvre.",,Occupation,fr_native
OCC_adedccbcd07e,ISCO,2,2,Professions intellectuelles et scientifiques,,,,Groupe ISCO-08 niveau 1,,isco_group,fr_native
OCC_d6d07c8d8ce0,ISCO,25,25,Ingénieurs et professionnels des technologies de l’information et des communications,,,,Groupe ISCO-08 niveau 2,,isco_group,fr_native
OCC_0343b7108f76,ISCO,251,251,Analystes et concepteurs de logiciels et d'outils multimédias,,,,Groupe ISCO-08 niveau 3,,isco_group,fr_native
OCC_f7d6c0b45919,ISCO,2511,2511,Analystes de systèmes,,,,Groupe ISCO-08 niveau 4,,isco_group,fr_native
OCC_e7f39b2bf662,ISCO,2512,2512,Concepteurs de logiciels,,,,Groupe ISCO-08 niveau 4,,isco_group,fr_native
OCC_46eb90a6f0f3,ISCO,2513,2513,Concepteurs de sites internet et d'outils multimédias,,,,Groupe ISCO-08 niveau 4,,isco_group,fr_native
OCC_ba356122f8a5,ISCO,2514,2514,Programmeurs d'applications,,,,Groupe ISCO-08 niveau 4,,isco_group,fr_native
OCC_b1fcf8e1ad43,ISCO,2519,2519,"Concepteurs et analystes de logiciels, et concepteurs de multimédia non classés ailleurs",,,,Groupe ISCO-08 niveau 4,,isco_group,fr_native
OCC_9714e20ff583,ISCO,252,252,Ingénieurs et spécialistes des bases de données et des réseaux informatiques,,,,Groupe ISCO-08 niveau 3,,isco_group,fr_native
OCC_438689ba7681,ISCO,2521,2521,Concepteurs et administrateurs de bases de données,,,,Groupe ISCO-08 niveau 4,,isco_group,fr_native
OCC_b53bbd7b9fd5,ISCO,2522,2522,Administrateurs de systèmes,,,,Groupe ISCO-08 niveau 4,,isco_group,fr_native
OCC_2fd5072bedbe,ISCO,2523,2523,Ingénieurs et spécialistes des réseaux informatiques,,,,Groupe ISCO-08 niveau 4,,isco_group,fr_native
OCC_a8c29a3b5a18,ISCO,2529,2529,Ingénieurs et spécialistes des bases de données et des réseaux informatiques non classés ailleurs,,,,Groupe ISCO-08 niveau 4,,isco_group,fr_native
OCC_02c88af4366c,ISCO,3,3,Professions intermédiaires,,,,Groupe ISCO-08 niveau 1,,isco_group,fr_native
OCC_4149bd1bbf1b,ISCO,35,35,Techniciens de l'information et des communications,,,,Groupe ISCO-08 niveau 2,,isco_group,fr_native
OCC_94fe8f91f6a8,ISCO,351,351,"Techniciens, maintenance et assistance aux utilisateurs des technologies de l'information et des communications",,,,Groupe ISCO-08 niveau 3,,isco_group,fr_native
OCC_2de9a6c386bc,ISCO,3511,3511,"Techniciens des technologies de l'information et des communications, maintenance",,,,Groupe ISCO-08 niveau 4,,isco_group,fr_native
OCC_77edcdb23a49,ISCO,3512,3512,"Techniciens des technologies de l'information et des communications, assistance aux utilisateurs",,,,Groupe ISCO-08 niveau 4,,isco_group,fr_native
OCC_5bdaba98cc31,ISCO,3513,3513,"Techniciens, réseaux et systèmes informatiques",,,,Groupe ISCO-08 niveau 4,,isco_group,fr_native
OCC_7f0cc11c2a49,ISCO,3514,3514,Techniciens de l'internet,,,,Groupe ISCO-08 niveau 4,,isco_group,fr_native
OCC_98d19aeea9a4,ROME,M1801,,Administrateur / Administratrice de systèmes d'information (SI),,Administrateur / Administratrice réseau informatique | Administrateur / Administratrice système informatique | Responsable de gestion de configuration | Administrateur / Administratrice système et réseaux d'information et de communication | Administrateur / Administratrice de plateforme de service | Administrateur / Administratrice informatique | Administrateur / Administratrice systèmes et réseaux | Administrateur / Administratrice de système d'information | Administrateur / Administratrice d'infrastructure | Gestionnaire de système informatique,,,,rome_fiche,fr_native
OCC_c44a9eaae6e7,ROME,M1802,,Expert / Experte systèmes et réseaux informatiques,,Consultant / Consultante informatique | Consultant / Consultante réseaux informatiques | Expert / Experte réseaux et télécoms | Expert / Experte système d'exploitation | Expert / Experte système et réseaux | Ingénieur / Ingénieure méthodes informatiques | Ingénieur / Ingénieure réseau informatique | Ingénieur / Ingénieure sécurité informatique | Ingénieur / Ingénieure système informatique | Ingénieur / Ingénieure système réseau informatique | Ingénieur / Ingénieure systèmes & réseaux Datacenter | Ingénieur / Ingénieure des systèmes d'information et de communication | Ingénieur / Ingénieure intégration de système | Analyste réseau | Analyste informatique | Expert / Experte réseau informatique | Expert / Experte sharepoint | Expert infrastructure de données / Experte infrastructure de données,,,,rome_fiche,fr_native
OCC_4a2781037768,ROME,M1803,,Directeur / Directrice des systèmes d'information (DSI),,"Directeur / Directrice de l'Organisation et des Systèmes d'Information (DOSI) | Directeur / Directrice des systèmes d'information | Directeur / Directrice des systèmes d'information et télécoms | Responsable des systèmes d'information | Responsable du management de la DSI | Responsable production informatique | Chief Technical Officer - CTO | Directeur / Directrice des systèmes d'information (DSI, 50 salariés ou plus) | Directeur / Directrice technique en informatique (50 salariés ou plus) | Directeur / Directrice technique en informatique | Directeur / Directrice de l'innovation numérique | Chief information officer | Chief information security officer | Chef / Cheffe de projet Systèmes d'Information",,,,rome_fiche,fr_native
OCC_234e9bc0e4be,ROME,M1804,,Ingénieur / Ingénieure télécoms et environnement,,Ingénieur / Ingénieure déploiement télécoms | Ingénieur / Ingénieure en architecture télécoms | Ingénieur / Ingénieure études et support télécoms | Ingénieur / Ingénieure radio | Ingénieur / Ingénieure réseaux télécoms | Ingénieur / Ingénieure télécommunication | Ingénieur / Ingénieure télécoms | Ingénieur / Ingénieure validation réseaux de télécoms | Network planner,,,,rome_fiche,fr_native
OCC_4243894cf004,ROME,M1805,,Développeur / Développeuse informatique,,Analyste développeur / Analyste développeuse | Analyste-programmeur / Analyste-programmeuse gestion informatique | Analyste-programmeur / Analyste-programmeuse informatique | Analyste-programmeur / Analyste-programmeuse scientifique informatique | Informaticien / Informaticienne de développement | Programmeur / Programmeuse de maintenance informatique | Programmeur / Programmeuse d'études | Programmeur industriel / Programmeuse industrielle | Programmeur / Programmeuse informatique | Programmeur / Programmeuse logiciel de base informatique | Développeur / Développeuse de sécurité des systèmes d'information | Informaticien / Informaticienne | Développeur / Développeuse IOT | Développeur / Développeuse systèmes embarqués,,,,rome_fiche,fr_native
OCC_2088e2ac84a9,ROME,M1806,,Consultant fonctionnel / Consultante fonctionnelle des systèmes d'information,,Architecte fonctionnel / Architecte fonctionnelle de système d'information | Assistant fonctionnel / Assistante fonctionnelle des systèmes d'information | Consultant / Consultante ERP (Enterprise Resource Planning) | Consultant fonctionnel / Consultante fonctionnelle de progiciel | Expert / Experte métier système d'information | Intégrateur / Intégratrice en informatique industrielle | Consultant / Consultante SIRH ressources humaines | Consultant / Consultante SI finance comptabilité | Consultant / Consultante SI Gestion de la Relation Client | Consultant / Consultante en accessibilité numérique | Consultant / Consultante SaaS - Software as a Service | Consultant / Consultante IT | Business analyst,,,,rome_fiche,fr_native
OCC_c7ee9cba34be,ROME,M1807,,"Spécialiste outils, systèmes d'exploitation, réseaux et télécoms",,Adjoint / Adjointe chef de centre de télétraitement mobile aux armées | Agent / Agente d'exploitation des systèmes d'information et de communication aux armées | Analyste de signaux électromagnétiques | Analyste des services techniques du renseignement | Chargé / Chargée de planification réseaux de télécoms | Chargé / Chargée d'opération réseaux de télécoms | Concepteur réalisateur / Conceptrice réalisatrice de réseau télécoms | Technicien détecteur / Technicienne détectrice spécialiste des opérations des forces navales et sous-marines | Technicien détecteur / Technicienne détectrice anti-sous-marins spécialiste des opérations des forces navales et sous-marines | Exploitant / Exploitante des supports hertziens radio satellitaire | Exploitant / Exploitante des systèmes de guerre électronique | Exploitant / Exploitante des télécommunications | Exploitant / Exploitante faisceaux hertziens | Exploitant / Exploitante système d'information et de communication aux armées | Exploitant / Exploitante système composante projetable | Exploitant / Exploitante transmissions | Guetteur / Guetteuse de la flotte | Intercepteur / Interceptrice graphie aux armées | Intercepteur / Interceptrice technique aux armées | Intercepteur traducteur / Interceptrice traductrice de langues aux armées | Linguiste d'écoute aux armées | Marketeur / Marketeuse réseaux de télécoms | Opérateur / Opératrice écoute | Opérateur navigateur / Opératrice navigatrice terrestre aux armées | Opérateur / Opératrice radio | Opérateur / Opératrice radiographiste | Opérateur / Opératrice système qualifié aux armées | Planificateur / Planificatrice réseaux de télécoms | Radiotélégraphiste | Technicien / Technicienne des systèmes d'information et de télécommunications | Technicien / Technicienne communication aux armées | Technicien / Technicienne détection et analyse des signaux électromagnétiques | Technicien / Technicienne d'exploitation télécommunication | Technicien / Technicienne en communication | Technicien exploitant / Technicienne exploitante de systèmes de guerre électronique | Technicien / Technicienne exploitation systèmes acoustiques | Technicien / Technicienne réseau de transmission de données aux armées | Technicien / Technicienne sécurité des communications aux armées | Technicien supérieur / Technicienne supérieure détection électromagnétique sol-air aux armées | Transfiliste aux armées | Transmetteur / Transmettrice aux armées | Opérateur / Opératrice de surveillance de la circulation maritime | Opérateur / Opératrice des systèmes de combat en opérations navales | Opérateur / Opératrice systèmes de télécommunication des armées | Spécialiste du domaine systèmes d'information et de communication aux armées | Spécialiste administration des réseaux IP | Spécialiste réseaux et systèmes de télécommunications des armées | Technicien / Technicienne appui technique spatial,,,,rome_fiche,fr_native
OCC_13ad0dec06f6,ROME,M1808,,Cartographe,,Assembleur / Assembleuse photogrammètre cartographe | Chef / Cheffe exploitation images drones | Dessinateur / Dessinatrice cartographe | Hydrographe | Ingénieur / Ingénieure hydrographe | Officier / Officière cartographe | Officier marinier / Officière marinière hydrographe | Spécialiste en géodésie et satellites | Cartographe du BTP,,,,rome_fiche,fr_native
OCC_1de7cfbf9d19,ROME,M1809,,Météorologue,,Météorologiste | Météorologiste océanographe | Météorologiste prévisionniste | Prévisionniste crue | Spécialiste de l'information météorologique | Spécialiste METOC Météorologie Océanographie | Hydrométéorologue | Analyste de données météorologiques | Expert / Experte en gestion des risques météorologiques | Météorologiste aéronautique,,,,rome_fiche,fr_native
OCC_1ce0e8031f25,ROME,M1810,,Technicien / Technicienne d'exploitation informatique,,Adjoint / Adjointe d'exploitation informatique | Adjoint technicien / Adjointe technicienne d'exploitation informatique | Agent / Agente de planning informatique | Agent / Agente d'exploitation informatique | Analyste d'exploitation | Assistant / Assistante d'exploitation informatique | Chef / Cheffe d'équipe de production informatique | Exploitant / Exploitante informatique | Gestionnaire du parc informatique | Informaticien automaticien / Informaticienne automaticienne | Intégrateur / Intégratrice d'exploitation informatique | Opérateur / Opératrice informatique | Opérateur pupitreur / Opératrice pupitreuse informatique | Pupitreur / Pupitreuse d'exploitation informatique | Pupitreur / Pupitreuse réseau informatique | Technicien / Technicienne en informatique industrielle | Technicien / Technicienne informatique | Technicien / Technicienne programmation | Technicien supérieur / Technicienne supérieure en automatique | Technicien / Technicienne système informatique | Technicien / Technicienne de développement informatique | Technicien / Technicienne développement logiciel,,,,rome_fiche,fr_native
OCC_903f27875082,ROME,M1811,,Data engineer,,Architecte de données informatiques | Data manager | Développeur / Développeuse Big Data | Analyste qualité des données | Architecte big data | Big data engineer | Docteur big data | Expert / Experte big data | Expert / Experte technique big data | Ingénieur / Ingénieure big data | Ingénieur / Ingénieure dataviz | Ingénieur / Ingénieure données | Ingénieur / Ingénieure en développement big data | Responsable architecture conception data | Responsable big data | Développeur / Développeuse data | Analyste scientifique des données | Ingénieur / Ingénieure Data Visualisation,,,,rome_fiche,fr_native
OCC_563c9ee7ae68,ROME,M1812,,Responsable de la Sécurité des Systèmes d'Information (RSSI),,Responsable sécurité des systèmes d'information | Responsable sécurité informatique | Chief Information Security Officer (CISO) | Data Protection Officer | Directeur / Directrice de la sécurité informatique | Directeur / Directrice de la sécurité tic | Manager de la Sécurité et des Risques de l'Information (MSRI) | Responsable Sécurité de l'information | Responsable de la sécurité informatique | Responsable des risques de la sécurité des systèmes informatiques (RRSSI) | Responsable ou directeur de la sécurité des systèmes d'information (RSSI ou DSSI) | Responsable risque sécurité réseaux informatiques | Responsable sécurité des réseaux informatiques,,,,rome_fiche,fr_native
OCC_22a265df20e2,ROME,M1813,,Intégrateur / Intégratrice logiciels métiers,,Ingénieur / Ingénieure d'intégration applicative | Intégrateur / Intégratrice d'application informatique | Paramétreur / Paramétreuse logiciel ERP | ERP Consultant | ERP integrator | Consultant / Consultante ERP | Consultant / Consultante produit | Ingénieur / Ingénieure intégration | Ingénieur / Ingénieure progiciel | Paramétreur / Paramétreuse de logiciels | Chef / Cheffe de projet erp,,,,rome_fiche,fr_native
OCC_df34a0f9f6c0,ROME,M1814,,Scrum Master,,Assistant / Assistante chef de projet informatique | Scrum master informatique | Chef / Cheffe de projet agile,,,,rome_fiche,fr_native
OCC_2523d083789d,ROME,M1815,,Spécialiste test et validation logiciel ou application,,,,,,rome_fiche,fr_native
OCC_940b6385dcd1,ROME,M1816,,Technicien / Technicienne réseaux informatiques et télécoms,,Contrôleur / Contrôleuse de réseau informatique | Technicien / Technicienne d'essais et de contrôle en télécommunications | Technicien / Technicienne en télécommunications | Technicien / Technicienne en télécommunications et réseaux d'entreprise | Technicien expert / Technicienne experte en installation intégration en télécommunications et réseaux d'entreprise | Technicien / Technicienne ingénierie réseaux de télécoms | Technicien / Technicienne installation intégration en télécommunications et réseaux d'entreprise | Technicien / Technicienne réseau informatique | Technicien / Technicienne réseaux et télécommunications d'entreprise | Technicien spécialisé / Technicienne spécialisée en installation et intégration en télécommunications et réseaux d'entreprise | Technicien spécialisé / Technicienne spécialisée en télécommunications et réseaux d'entreprise | Technicien / Technicienne télécoms et réseaux | Technicien / Technicienne réseau Datacenter | Technicien / Technicienne réseau et maintenance,,,,rome_fiche,fr_native
OCC_6d24adb3285c,ROME,M1817,,Administrateur / Administratrice sécurité informatique,,,,,,rome_fiche,fr_native
OCC_050f179f19d8,ROME,M1818,,Ingénieur / Ingénieure d'étude informatique,,Informaticien chargé / Informaticienne chargée d'étude | Ingénieur / Ingénieure analyste en système d'information | Ingénieur / Ingénieure d'étude en informatique de gestion | Ingénieur / Ingénieure d'étude et développement informatique | Ingénieur / Ingénieure d'étude logiciel informatique | Ingénieur / Ingénieure logiciel informatique | Informaticien / Informaticienne d'études | Chargé / Chargée d'étude informatique | Ingénieur / Ingénieure logiciel | Architecte logiciel | Expert / Experte logiciel | Ingénieur / Ingénieure logiciel en robotique,,,,rome_fiche,fr_native
OCC_7f18f2f19e2a,ROME,M1819,,Technicien / Technicienne en cybersécurité,,Opérateur / Opératrice en cybersécurité,,,,rome_fiche,fr_native
OCC_336e0a8cfc0b,ROME,M1820,,Expert / Experte méthodes et qualité informatique,,"Expert / Experte méthodes et outils en informatique | Expert / Experte qualité informatique | Expert / Experte sécurité, méthode et qualité informatique",,,,rome_fiche,fr_native
OCC_085a2958b6aa,ROME,M1821,,Analyste d'application informatique,,Analyste d'application | Analyste responsable d'application informatique,,,,rome_fiche,fr_native
OCC_88068199c10c,ROME,M1822,,Spécialiste Jumeau Numérique,,Développeur / Développeuse de logiciel de simulation optique et réalité virtuelle (VR) | Développeur / Développeuse logiciel de réalité augmentée | Expert / Experte virtualisation,,,,rome_fiche,fr_native
OCC_3dd25c7bc53e,ROME,M1823,,Consultant / Consultante avant-vente,,Ingénieur / Ingénieure technico-commercial(e) IT | Ingénieur / Ingénieure informatique avant-vente,,,,rome_fiche,fr_native
OCC_2e83dfac986c,ROME,M1824,,Développeur / Développeuse décisionnel - Business Intelligence,,,,,,rome_fiche,fr_native
OCC_8febad416722,ROME,M1825,,Coordinateur / Coordinatrice de production web,,Coordinateur / Coordinatrice de projet digital | Directeur / Directrice de projets digitaux,,,,rome_fiche,fr_native
OCC_07c3258d7642,ROME,M1826,,Ingénieur / Ingénieure supervision IT Datacenter,,Responsable des systèmes informatiques | Ingénieur / Ingénieure support informatique | Ingénieur / Ingénieure support réseaux,,,,rome_fiche,fr_native
OCC_eab9b08d024c,ROME,M1827,,Ingénieur / Ingénieure DevOps,,Chef / Cheffe de groupe logicien informaticien | Ingénieur / Ingénieure de développement informatique | Ingénieur / Ingénieure développement logiciel informatique | Ingénieur / Ingénieure en développement d'applications | Ingénieur / Ingénieure informatique développement en temps réel | Ingénieur / Ingénieure programme informatique | Ingénieur / Ingénieure développement logiciel | Devops | Architecte DevOps | Spécialiste DevOps,,,,rome_fiche,fr_native
OCC_21efe6cdd8d9,ROME,M1828,,Chef de projet / Cheffe de projet (Project Management Officer),,Chef / Cheffe de projet utilisateurs des systèmes d'information | Coordinateur / Coordinatrice de la Maîtrise d'ouvrage des systèmes d'information | Responsable de projets « métiers » système d'information | Project Manager | Project Management Officer - PMO | Chef / Cheffe de projet client | Chef / Cheffe de projet SI,,,,rome_fiche,fr_native
OCC_33ca0a6e17b8,ROME,M1829,,Ingénieur / Ingénieure systèmes et réseaux des territoires connectés,,,,,,rome_fiche,fr_native
OCC_8a0009547b60,ROME,M1830,,Administrateur / Administratrice réseaux - télécoms,,Architecte réseaux de télécoms | Administrateur / Administratrice réseau de télécommunications | Administrateur / Administratrice réseaux des territoires connectés,,,,rome_fiche,fr_native
OCC_2f27eb2177cc,ROME,M1831,,Développeur / Développeuse - jeux vidéo,,Lead programmeur / Lead programmeuse - jeux vidéo | Programmeur / Programmeuse - jeux vidéo | Développeur / Développeuse gameplay | Programmeur / Programmeuse gameplay,,,,rome_fiche,fr_native
OCC_21c50bd3a35a,ROME,M1832,,Homologateur / Homologatrice fonctionnel de logiciel,,Homologateur / Homologatrice logiciel,,,,rome_fiche,fr_native
OCC_54194a8e4af5,ROME,M1833,,Ingénieur / Ingénieure sécurité web,,,,,,rome_fiche,fr_native
OCC_53745b14cb87,ROME,M1834,,Administrateur / Administratrice de site internet,,Administrateur / Administratrice de site Web | Infographiste web master | Webmaster concepteur / Webmaster conceptrice de site web | Webmaster éditorialiste | Webmaster chargé / Webmaster chargée de communication | Responsable qualité web | Responsable éditorial / Responsable éditoriale web | Webmaster,,,,rome_fiche,fr_native
OCC_b6f0c15f7803,ROME,M1835,,Architecte systèmes et réseaux des territoires connectés,,Architecte des systèmes d'information des territoires connectés | Architecte SOA des territoires connectés,,,,rome_fiche,fr_native
OCC_286d9da07b4d,ROME,M1836,,Ingénieur concepteur / Ingénieure conceptrice informatique,,Analyste-programmeur / Analyste-programmeuse en informatique industrielle | Concepteur / Conceptrice informatique | Ingénieur analyste-programmeur / Ingénieure analyste-programmeuse | Ingénieur / Ingénieure de conception informatique | Chercheur Concepteur / Chercheuse Conceptrice informatique | Ingénieur / Ingénieure recherche et développement (R&D) en informatique,,,,rome_fiche,fr_native
OCC_073f57ae50f2,ROME,M1837,,Développeur / Développeuse multimédia,,,,,,rome_fiche,fr_native
OCC_bf56177836a1,ROME,M1838,,Urbaniste des systèmes d'information,,Consultant / Consultante en système d'information | Expert / Experte en système d'information,,,,rome_fiche,fr_native
OCC_21715cbb5d2f,ROME,M1839,,Architecte systèmes et réseaux,,Architecte réseaux informatiques | Architecte système d'information | Architecte système informatique | Architecte technique informatique | Consultant / Consultante architecte technique | Architecte solutions,,,,rome_fiche,fr_native
OCC_45f8e3b56a4a,ROME,M1840,,Directeur / Directrice de projets des territoires connectés,,Directeur / Directrice de programme de territoire connecté,,,,rome_fiche,fr_native
OCC_e02a62ee28e8,ROME,M1841,,Ingénieur informaticien / Ingénieure informaticienne,,Ingénieur / Ingénieure analyste informatique | Ingénieur / Ingénieure d'analyse et de programmation en informatique de gestion | Ingénieur / Ingénieure d'application informatique | Ingénieur / Ingénieure de réalisation informatique | Expert / Experte en application informatique | Ingénieur / Ingénieure informatique | Ingénieur-conseil / Ingénieure-conseil informatique,,,,rome_fiche,fr_native
OCC_da40f63e4373,ROME,M1842,,Qualiticien / Qualiticienne logiciel en informatique,,Analyste cogniticien / Analyste cogniticienne informatique | Didacticien / Didacticienne informatique | Responsable d'atelier de génie logiciel,,,,rome_fiche,fr_native
OCC_0dfd1568b513,ROME,M1843,,Administrateur / Administratrice de serveurs,,,,,,rome_fiche,fr_native
OCC_e16c45181fb8,ROME,M1844,,Responsable des études et applications informatiques,,Ingénieur / Ingénieure d'étude en applications scientifiques informatiques | Responsable d'application informatique | Responsable de projet informatique | Responsable des développements informatiques | Responsable d'étude informatique,,,,rome_fiche,fr_native
OCC_afe0af7ee789,ROME,M1845,,Architecte IoT - Internet des Objets,,,,,,rome_fiche,fr_native
OCC_0194b59e1846,ROME,M1846,,Ingénieur / Ingénieure Cybersécurité Datacenter,,,,,,rome_fiche,fr_native
OCC_b7befaa6cd86,ROME,M1847,,Expert / Experte en communication et réseaux,,Expert / Experte en technologie de l'information et des communications (TIC),,,,rome_fiche,fr_native
OCC_6208e1876753,ROME,M1848,,Analyste Concepteur / Conceptrice informatique,,,,,,rome_fiche,fr_native
OCC_7d00df02eb9d,ROME,M1849,,Administrateur / Administratrice de messagerie,,Administrateur / Administratrice de la messagerie,,,,rome_fiche,fr_native
OCC_9f8d6a13ded5,ROME,M1850,,Architecte multimédias interactifs,,Architecte multimédia | Expert / Experte en technologie Internet et multimédia,,,,rome_fiche,fr_native
OCC_4fedfaca20de,ROME,M1851,,Analyste décisionnel - Business Intelligence,,,,,,rome_fiche,fr_native
OCC_5fafb471f4aa,ROME,M1852,,Analyste d'étude informatique,,Analyste de gestion informatique | Analyste fonctionnel / Analyste fonctionnelle informatique | Analyste organique informatique | Analyste réseau informatique | Analyste télématique | Analyste-programmeur / Analyste-programmeuse de micro-informatique | Analyste-programmeur / Analyste-programmeuse d'étude informatique | Informaticien / Informaticienne analyste,,,,rome_fiche,fr_native
OCC_09b65ca00490,ROME,M1853,,Chef / Cheffe de projet étude et développement informatique,,Chef / Cheffe de projet développement logiciel | Chef / Cheffe de projet en linguistique informatique | Chef / Cheffe de projet informatique | Chargé / Chargée de projet Data,,,,rome_fiche,fr_native
OCC_734c5ae6a3df,ROME,M1854,,Chef / Cheffe de projet réseau fixe et mobile,,Chef / Cheffe de projet Réseau | Chef / Cheffe de projet Réseaux mobiles | Chef / Cheffe de projet Datacenter | Chef / Cheffe de projet équipements connectés | Directeur / Directrice de projets,,,,rome_fiche,fr_native
OCC_c506a18083b7,ROME,M1855,,Développeur / Développeuse web,,Webmaster développeur / Webmaster développeuse | Développeur / Développeuse web mobile | Développeur / Développeuse full-stack | Développeur / Développeuse front-end | Développeur / Développeuse back-end | Développeur / Développeuse no code | Intégrateur / Intégratrice web,,,,rome_fiche,fr_native
OCC_4def1bedc140,ROME,M1856,,Expert / Experte en cybersécurité,,Expert / Experte en sécurité des systèmes d'exploitation | Expert / Experte sécurité informatique | Expert / Experte en sécurité des systèmes d'information | Analyste en cybersécurité | Spécialiste en gestion de crise cyber | Expert / Experte en sécurité informatique (SSI) | Expert / Experte en sécurité des systèmes d'information (SSI) | Analyste de la menace | Expert / Experte sécurité IT,,,,rome_fiche,fr_native
OCC_c86e2d385aa5,ROME,M1857,,Urbaniste Datacenter,,,,,,rome_fiche,fr_native
OCC_202da271cabe,ROME,M1858,,Chef / Cheffe de projet TMA - Tierce Maintenance Applicative,,,,,,rome_fiche,fr_native
OCC_fc361ed0ca3c,ROME,M1859,,Chef / Cheffe de projet maîtrise d'œuvre informatique,,,,,,rome_fiche,fr_native
OCC_8545ea52f78d,ROME,M1860,,Architecte cloud,,,,,,rome_fiche,fr_native
OCC_d6a2ea4adc66,ROME,M1861,,Développeur / Développeuse logiciel ou d'application,,Concepteur / Conceptrice d'application informatique | Concepteur / Conceptrice logiciel informatique | Développeur / Développeuse d'application | Informaticien / Informaticienne d'application | Programmeur / Programmeuse d'applications,,,,rome_fiche,fr_native
OCC_6c87c4d3e182,ROME,M1862,,Responsable d'exploitation fibre optique,,Consultant / Consultante télécoms | Négociateur / Négociatrice de sites télécoms en téléphonie mobile | Négociateur / Négociatrice de sites télécoms en fibre optique,,,,rome_fiche,fr_native
OCC_9f440c1548b6,ROME,M1863,,Evaluateur / Evaluatrice sécurité des systèmes et produits informatiques,,Auditeur / Auditrice en système d'information | Auditeur informaticien / Auditrice informaticienne | Testeur / Testeuse informatique | Analyste en vulnérabilité de code logiciel | Auditeur / Auditrice en sécurité des systèmes d'information | Post auditeur / Post auditrice en sécurité des systèmes d'information | Recetteur / Recetteuse | Auditeur / Auditrice Sécurité des systèmes d'information (SSI),,,,rome_fiche,fr_native
OCC_3946835718f5,ROME,M1864,,Product Owner,,,,,,rome_fiche,fr_native
OCC_58f6f0c81c5b,ROME,M1865,,Ingénieur / Ingénieure blockchain,,Chef / Cheffe de projet blockchain,,,,rome_fiche,fr_native
OCC_b0651e781d64,ROME,M1866,,Pentesteur / Pentesteuse,,Expert / Experte en tests d'intrusion - sécurité des systèmes d'information,,,,rome_fiche,fr_native
OCC_48e7a1feb2bb,ROME,M1867,,Responsable des systèmes d'information (SI),,Responsable de département informatique | Responsable de division informatique | Directeur / Directrice de département informatique | Directeur / Directrice informatique | Responsable de domaine en informatique | Responsable du réseau informatique | Responsable d'un service informatique | Responsable micro-informatique | Chef / Cheffe de service de maintenance informatique | Directeur / Directrice de service informatique (50 salariés ou plus) | Directeur / Directrice de service informatique | Directeur / Directrice de division informatique | Chef / Cheffe de service informatique | Responsable analyse programmation | Responsable maintenance informatique,,,,rome_fiche,fr_native
OCC_9e721c3b1a5c,ROME,M1868,,Architecte base de données,,Architecte de bases de données | Data architect | Spécialiste bases de données | Concepteur / Conceptrice de bases de données,,,,rome_fiche,fr_native
OCC_b847e63cc092,ROME,M1869,,Gestionnaire de parc informatique,,Gestionnaire de ressources matérielles informatiques | Gestionnaire de parc micro-informatique,,,,rome_fiche,fr_native
OCC_5dccaa0f70e3,ROME,M1870,,Directeur / Directrice de projet en informatique,,Responsable de projet architecture et intégration grands systèmes | Responsable de projet architecture informatique | Directeur / Directrice de laboratoire de recherche informatique,,,,rome_fiche,fr_native
OCC_5575a38586ce,ROME,M1871,,Gestionnaire d'applications système d'information,,,,,,rome_fiche,fr_native
OCC_c9809e8b4e1d,ROME,M1872,,Consultant décisionnel / Consultante décisionnelle - Business Intelligence,,Consultant / Consultante décisionnel - Business Intelligence,,,,rome_fiche,fr_native
OCC_4ccd24ba172d,ROME,M1873,,Spécialiste IA embarquée,,Ingénieur / Ingénieure IA embarquée,,,,rome_fiche,fr_native
OCC_129225e67499,ROME,M1874,,Spécialiste support,,Superviseur / Superviseuse Hotline,,,,rome_fiche,fr_native
OCC_069c1da7cb17,ROME,M1875,,Coordinateur / Coordinatrice Maitrise d'Ouvrage Système d'Information (MOA SI),,Assistant / Assistante maîtrise d'ouvrage des systèmes d'information | Responsable utilisateurs des systèmes d'information | Coordonnateur / Coordonnatrice du système d'information,,,,rome_fiche,fr_native
OCC_4cb0c0a25225,ROME,M1876,,Technicien / Technicienne Cloud,,,,,,rome_fiche,fr_native
OCC_f98f0e96ecac,ROME,M1877,,Développeur / Développeuse blockchain,,,,,,rome_fiche,fr_native
OCC_91c7799dadef,ROME,M1878,,Responsable de la production informatique,,Responsable d'exploitation informatique | Directeur / Directrice des risques informatiques,,,,rome_fiche,fr_native
OCC_5a5307f6b57c,ROME,M1879,,Ingénieur / Ingénieure Cloud computing,,,,,,rome_fiche,fr_native
OCC_7606d49145d3,ROME,M1880,,Spécialiste e-santé,,Consultant / Consultante e-santé | Chef / Cheffe de projet e-santé | Ingénieur / Ingénieure e-santé,,,,rome_fiche,fr_native
OCC_7139e09be76c,ROME,M1881,,Chef / Cheffe de projet Maîtrise d'Ouvrage des Systèmes d'Information (MOA),,Chef / Cheffe de projet maîtrise d'ouvrage des systèmes d'information | Coordinateur / Coordinatrice projet en Maîtrise d'Ouvrage (MOA),,,,rome_fiche,fr_native
OCC_8d1f9f4c93ee,ROME,M1882,,Architecte sécurité informatique,,Security architect | Architecte cybersécurité,,,,rome_fiche,fr_native
OCC_7342748ca544,ROME,M1883,,Analyste SOC (Security Operations Center),,,,,,rome_fiche,fr_native
OCC_6ccbe5fe0132,ROME,M1884,,"Ingénieur / Ingénieure systèmes, réseaux et sécurité informatique",,"Chargé / Chargée de mise en exploitation informatique | Chef / Cheffe d'exploitation informatique | Gestionnaire de production informatique | Gestionnaire de ressources informatiques | Ingénieur / Ingénieure de production informatique | Ingénieur / Ingénieure d'exploitation informatique | Pilote de ressources informatiques | Pilote multiserveur informatique | Architecte de sécurité des systèmes d'information | Ingénieur / Ingénieure systèmes, réseaux et sécurité",,,,rome_fiche,fr_native
OCC_a4044d9bc8b4,ROME,M1885,,Responsable télécoms,,Responsable de département télécoms | Responsable de division télécoms | Chef / Cheffe de projet télécoms | Directeur / Directrice de département télécoms | Directeur / Directrice de projet télécoms | Directeur / Directrice de service télécoms | Directeur / Directrice télécoms | Programmeur / Programmeuse réseaux de télécoms | Responsable de domaine télécoms | Responsable de programmes réseaux de télécoms | Responsable de projet architecture télécoms | Responsable de réseaux télécoms | Responsable d'un service télécoms | Responsable de programmes télécoms | Responsable service télécom,,,,rome_fiche,fr_native
OCC_8afef792d150,ROME,M1886,,Chef / Cheffe de projet Web,,Chef / Cheffe de projet internet | Chef / Cheffe de projet multimédia | Digital project manager | Chef / Cheffe de projet digital | Chef / Cheffe de projet technique digital,,,,rome_fiche,fr_native
OCC_c5a485d17612,ROME,M1887,,Product builder no code,,Ingénieur / Ingénieure no code,,,,rome_fiche,fr_native
OCC_dd349ebfe1fb,ROME,M1888,,Spécialiste en modélisation climatique,,,,,,rome_fiche,fr_native
OCC_ec6735d1a243,ROME,M1889,,Ingénieur / Ingénieure en Intelligence Artificielle (IA),,Développeur / Développeuse IA | Développeur / Développeuse Machine Learning | Expert / Experte en Intelligence Artificielle | Ingénieur / Ingénieure machine learning | IA Product Manager | Ingénieur / Ingénieure en apprentissage automatique | Prompt engineer,,,,rome_fiche,fr_native
OCC_85f87698fcbe,ROME,M1890,,Responsable d'opérations en station météorologique,,Chef / Cheffe d'équipe station de sondage météorologique | Responsable cellule météorologique,,,,rome_fiche,fr_native
OCC_a6f0cca029c4,ROME,M1891,,Ingénieur / Ingénieure prévisionniste météorologue,,Ingénieur / Ingénieure des travaux de la météorologie | Prévisionniste météorologue des armées | Sous-officier / Sous-officière météorologue | Prévisionniste météo | Ingénieur / Ingénieure de la météorologie | Ingénieur / Ingénieure prévisionniste en météorologie,,,,rome_fiche,fr_native
OCC_3b2885fc44e3,ROME,M1892,,Ingénieur / Ingénieure en informatique embarquée,,Architecte systèmes embarqués,,,,rome_fiche,fr_native
OCC_5142d7362315,ROME,M1893,,Technicien / Technicienne de la météorologie,,Observateur / Observatrice météo | Observateur / Observatrice nivo-météorologiste | Opérateur / Opératrice sondage météorologique | Technicien / Technicienne d'exploitation de la météorologie | Technicien / Technicienne météorologiste-océanographe,,,,rome_fiche,fr_native
OCC_164e408e096f,ROME,M1894,,Gestionnaire de base de données,,Administrateur / Administratrice de bases de données | Database administrator | Administrateur général donnée / Administratrice générale données des | Ingénieur / Ingénieure bases de données | Responsable des bases de données | Responsable de la production de bases de données | Technicien / Technicienne base de données,,,,rome_fiche,fr_native
OCC_9edd2f7b19ab,ROME,M1895,,Géomaticien / Géomaticienne,,Administrateur / Administratrice Systèmes d'Information Géographique (SIG) | Analyste en géomatique | Cartographe géomaticien / Cartographe géomaticienne | Chargé / Chargée d'études Systèmes d'Information Géographique (SIG) | Chef / Cheffe de projet en géomatique | Concepteur-analyste / Conceptrice-analyste en systèmes d'information géographique (SIG) | Conseiller / Conseillère en géomatique | Géographe-géomaticien / Géographe-géomaticienne | Gestionnaire Systèmes d'Information Géographique -SIG- | Ingénieur / Ingénieure Systèmes d'Information Géographique (SIG) | Interprétateur / Interprétatrice d'images géographiques | Interprétateur / Interprétatrice d'images photographiques | Responsable Système d'Information Géographique -SIG- | Spécialiste de l'information géographique | Technicien géomaticien / Technicienne géomaticienne | Technicien / Technicienne Systèmes d'Information Géographique -SIG- | Chef / Cheffe de projet SIG | Responsable SIG | Ingénieur / Ingénieure SIG | Architecte SIG | Chargé / Chargée de SIG | Ingénieur Géomaticien / Ingénieure géomaticienne,,,,rome_fiche,fr_native
OCC_f0026eafdf53,ROME,M1896,,Analyste cycle de vie dans les télécoms,,Ingénieur / Ingénieure ACV | Ingénieur / Ingénieure analyste télécoms | LCA Engineer,,,,rome_fiche,fr_native
OCC_e2079fd4cbf9,REMOTEOK,entry level data entry clerk fully,,Agent de saisie de données débutant - Télétravail intégral,Entry Level Data Entry Clerk Fully,,Entry Level Data Entry Clerk Fully,,,job_posting_title,fr_translated
OCC_a196178f2449,REMOTEOK,data entry specialist,,Spécialiste en saisie de données,Data Entry Specialist,,Data Entry Specialist,,,job_posting_title,fr_translated
OCC_a55aa629a66b,REMOTEOK,senior analyst project support,,Analyste senior - Support de projet,Senior Analyst Project Support,,Senior Analyst Project Support,,,job_posting_title,fr_translated
OCC_d8d5f3a4878b,REMOTEOK,data entry clerk data entry specialist,,Agent de saisie de données / Spécialiste en saisie de données,Data Entry Clerk Data Entry Specialist,,Data Entry Clerk Data Entry Specialist,,,job_posting_title,fr_translated
OCC_8df0f1dba04b,REMOTEOK,supply chain systems analyst,,Analyste des systèmes de la chaîne d'approvisionnement,Supply Chain Systems Analyst,,Supply Chain Systems Analyst,,,job_posting_title,fr_translated
OCC_1d71758bab20,REMOTEOK,pool technician,,Technicien / Technicienne de piscine,Pool Technician,,Pool Technician,,,job_posting_title,fr_translated
OCC_2e0e260cb4d7,REMOTEOK,product manager ai,,Chef de produit - IA,Product Manager AI,,Product Manager AI,,,job_posting_title,fr_translated
OCC_4000ceec52ad,REMOTEOK,data analyst excel,,Analyste de données - Excel,Data Analyst Excel,,Data Analyst Excel,,,job_posting_title,fr_translated
OCC_c2f30bbdb638,REMOTEOK,data analyst healthcare,,Analyste de données - Secteur de la santé,Data Analyst Healthcare,,Data Analyst Healthcare,,,job_posting_title,fr_translated
OCC_b9e95ef30857,REMOTEOK,administrative data entry file clerk,,Agent administratif de saisie de données et de classement,Administrative Data Entry File Clerk,,Administrative Data Entry File Clerk,,,job_posting_title,fr_translated
OCC_c69fa61c1cf6,REMOTEOK,data entry specialist assistant administrator,,Spécialiste en saisie de données - Assistant(e) administratif(ve),Data Entry Specialist Assistant Administrator,,Data Entry Specialist Assistant Administrator,,,job_posting_title,fr_translated
OCC_3756041ae6ec,REMOTEOK,data entry clerk,,Agent de saisie de données,Data Entry Clerk,,Data Entry Clerk,,,job_posting_title,fr_translated
OCC_d9115408ab56,REMOTEOK,business analyst,,Analyste d'affaires,Business Analyst,,Business Analyst,,,job_posting_title,fr_translated
OCC_b98e457eb404,REMOTEOK,data entry typist,,Dactylographe - Saisie de données,Data Entry Typist,,Data Entry Typist,,,job_posting_title,fr_translated
OCC_20f53a6b090c,REMOTEOK,architectural designer,,Concepteur / Conceptrice en architecture,Architectural Designer,,Architectural Designer,,,job_posting_title,fr_translated
OCC_e77bc5408895,REMOTEOK,interface designer,,Concepteur / Conceptrice d'interfaces,Interface Designer,,Interface Designer,,,job_posting_title,fr_translated
OCC_b415cabf36c7,REMOTEOK,ux ui designer,,Concepteur / Conceptrice UX/UI,UX UI Designer,,UX UI Designer,,,job_posting_title,fr_translated
OCC_d3df557742ce,REMOTEOK,junior web designer,,Concepteur / Conceptrice web junior,Junior Web Designer,,Junior Web Designer,,,job_posting_title,fr_translated
OCC_7781415f8e03,REMOTEOK,graduate data scientist,,Jeune diplômé(e) - Data Scientist,Graduate Data Scientist,,Graduate Data Scientist,,,job_posting_title,fr_translated
OCC_3b84fd707ab1,ARBEITNOW,senior game designer - solitaire tripeaks (systems & economy) - fully remote,,Game Designer senior - Solitaire TriPeaks (Systèmes et économie) - Télétravail intégral,Senior Game Designer - Solitaire TriPeaks (Systems & Economy) - Fully Remote,,Senior Game Designer - Solitaire TriPeaks (Systems & Economy) - Fully Remote,,,job_posting_title,fr_translated
OCC_dcfbee0bf2e2,ARBEITNOW,microsoft 365 administrator (m/w/d),,Administrateur / Administratrice Microsoft 365 (H/F/D),Microsoft 365 Administrator (m/w/d),,Microsoft 365 Administrator (m/w/d),,,job_posting_title,fr_translated
OCC_941dbc8e121c,ARBEITNOW,google-ads account manager | fokus e-commerce (m/w/d) | frankfurt am main,,Gestionnaire de compte Google Ads | Spécialisation e-commerce (H/F/D) | Frankfurt am Main,Google-Ads Account Manager | Fokus E-Commerce (m/w/d) | Frankfurt am Main,,Google-Ads Account Manager | Fokus E-Commerce (m/w/d) | Frankfurt am Main,,,job_posting_title,fr_translated
OCC_9fb404d4f622,ARBEITNOW,junior sea/google ads-account manager | e-commerce fokus (m/w/d) | frankfurt am main,,Gestionnaire de compte SEA/Google Ads junior | Spécialisation e-commerce (H/F/D) | Frankfurt am Main,Junior SEA/Google Ads-Account Manager | E-Commerce Fokus (m/w/d) | Frankfurt am Main,,Junior SEA/Google Ads-Account Manager | E-Commerce Fokus (m/w/d) | Frankfurt am Main,,,job_posting_title,fr_translated
OCC_f75ad6da5f30,ARBEITNOW,frontend engineer (m/w/d),,Ingénieur(e) Frontend (H/F/D),Frontend Engineer (m/w/d),,Frontend Engineer (m/w/d),,,job_posting_title,fr_translated
OCC_3568bf427685,ARBEITNOW,"software engineer - automation & operations (m/w/d, ft)",,"Ingénieur(e) logiciel - Automatisation et opérations (H/F/D, temps plein)","Software Engineer - Automation & Operations (m/w/d, FT)",,"Software Engineer - Automation & Operations (m/w/d, FT)",,,job_posting_title,fr_translated
OCC_61cc9ca73474,ARBEITNOW,application support engineer (f/m/d),,Ingénieur(e) support applicatif (H/F/D),Application Support Engineer (f/m/d),,Application Support Engineer (f/m/d),,,job_posting_title,fr_translated
OCC_97f1b74ad13e,ARBEITNOW,stress engineer (m/f/d),,Ingénieur(e) calcul de structures (H/F/D),Stress Engineer (m/f/d),,Stress Engineer (m/f/d),,,job_posting_title,fr_translated
OCC_4ea592580d67,ARBEITNOW,technical support engineer - romania,,Ingénieur(e) support technique - Roumanie,Technical Support Engineer - Romania,,Technical Support Engineer - Romania,,,job_posting_title,fr_translated
OCC_41c17d1e8957,ARBEITNOW,ai solution architect (m/w/d),,Architecte de solutions IA (H/F/D),AI Solution Architect (m/w/d),,AI Solution Architect (m/w/d),,,job_posting_title,fr_translated
OCC_88496659bc48,ARBEITNOW,senior software engineer / ml engineer (m/w/x) im bildungsumfeld / remote,,Ingénieur(e) logiciel senior / Ingénieur(e) ML (H/F/X) - Secteur de l'éducation / Télétravail,Senior Software Engineer / ML Engineer (m/w/x) im Bildungsumfeld / Remote,,Senior Software Engineer / ML Engineer (m/w/x) im Bildungsumfeld / Remote,,,job_posting_title,fr_translated
OCC_e88927698e41,ARBEITNOW,entwicklungsingenieur (m/w/d) biosensoren in mannheim (1701),,Ingénieur(e) de développement (H/F/D) - Biocapteurs à Mannheim (1701),Entwicklungsingenieur (m/w/d) Biosensoren in Mannheim (1701),,Entwicklungsingenieur (m/w/d) Biosensoren in Mannheim (1701),,,job_posting_title,fr_translated
OCC_7f69d3fb1a62,ARBEITNOW,bi consultant / power bi & microsoft fabric spezialist (m/w/d),,Consultant(e) BI / Spécialiste Power BI et Microsoft Fabric (H/F/D),BI Consultant / Power BI & Microsoft Fabric Spezialist (m/w/d),,BI Consultant / Power BI & Microsoft Fabric Spezialist (m/w/d),,,job_posting_title,fr_translated
OCC_77117619e46e,ARBEITNOW,soc consultant (security operations center) (m/w/d),,Consultant(e) SOC (Centre des opérations de sécurité) (H/F/D),SOC Consultant (Security Operations Center) (m/w/d),,SOC Consultant (Security Operations Center) (m/w/d),,,job_posting_title,fr_translated
OCC_5d343c03bfac,ARBEITNOW,product owner agent assist & user platforms (m/w/d),,Product Owner - Agent Assist et User Platforms (H/F/D),Product Owner Agent Assist & User Platforms (m/w/d),,Product Owner Agent Assist & User Platforms (m/w/d),,,job_posting_title,fr_translated
OCC_b47b635dd3a8,ARBEITNOW,software engineer (w/m/d) - wien | hamburg | frankfurt,,Ingénieur(e) logiciel (H/F/D) - Vienne | Hambourg | Francfort,Software Engineer (w/m/d) - Wien | Hamburg | Frankfurt,,Software Engineer (w/m/d) - Wien | Hamburg | Frankfurt,,,job_posting_title,fr_translated
OCC_d13dc12649ed,ARBEITNOW,co-team-lead & senior developer (w/m/d) - hamburg | frankfurt | wien,,Co-responsable d'équipe et développeur(euse) senior (H/F/D) - Hambourg | Francfort | Vienne,Co-Team-Lead & Senior Developer (w/m/d) - Hamburg | Frankfurt | Wien,,Co-Team-Lead & Senior Developer (w/m/d) - Hamburg | Frankfurt | Wien,,,job_posting_title,fr_translated
OCC_1bb89a04e3bf,ARBEITNOW,robotics / embedded software engineer (m/f/d),,Ingénieur(e) en robotique / logiciel embarqué (H/F/D),Robotics / Embedded Software Engineer (m/f/d),,Robotics / Embedded Software Engineer (m/f/d),,,job_posting_title,fr_translated
OCC_9dfb8a8e4b63,ARBEITNOW,full stack platform engineer (m/f/d),,Ingénieur(e) plateforme Full Stack (H/F/D),Full Stack Platform Engineer (m/f/d),,Full Stack Platform Engineer (m/f/d),,,job_posting_title,fr_translated
OCC_cf9385ee6570,ARBEITNOW,"staff software engineer - ai data platform & snowflake (d/f/m, berlin)",,"Ingénieur(e) logiciel confirmé(e) - Plateforme de données IA et Snowflake (H/F/D, Berlin)","Staff Software Engineer - AI Data Platform & Snowflake (d/f/m, Berlin)",,"Staff Software Engineer - AI Data Platform & Snowflake (d/f/m, Berlin)",,,job_posting_title,fr_translated
OCC_27e8294e0a68,ARBEITNOW,"principal governance, risk and compliance (grc) architect",,"Architecte principal(e) Gouvernance, Risque et Conformité (GRC)","Principal Governance, Risk and Compliance (GRC) Architect",,"Principal Governance, Risk and Compliance (GRC) Architect",,,job_posting_title,fr_translated
OCC_ea877a4a9a11,ARBEITNOW,infrastructure engineer / devops (m/w/d),,Ingénieur(e) infrastructure / DevOps (H/F/D),Infrastructure Engineer / DevOps (m/w/d),,Infrastructure Engineer / DevOps (m/w/d),,,job_posting_title,fr_translated
OCC_356ac99cca16,ARBEITNOW,senior cost engineer (gn),,Ingénieur(e) coûts senior (H/F/D),Senior Cost Engineer (gn),,Senior Cost Engineer (gn),,,job_posting_title,fr_translated
OCC_ef12d6a864e0,ARBEITNOW,managed security services advisor (m/w/d),,Conseiller / Conseillère en services de sécurité managés (H/F/D),Managed Security Services Advisor (m/w/d),,Managed Security Services Advisor (m/w/d),,,job_posting_title,fr_translated
OCC_45b81edc9b79,ARBEITNOW,programmierer / automatisierungstechniker (w/m/d),,Programmeur/euse / Technicien(ne) en automatisation (H/F/D),Programmierer / Automatisierungstechniker (w/m/d),,Programmierer / Automatisierungstechniker (w/m/d),,,job_posting_title,fr_translated
OCC_498759db14be,ARBEITNOW,quality assurance engineer (m/f/d),,Ingénieur(e) assurance qualité (H/F/D),Quality Assurance Engineer (m/f/d),,Quality Assurance Engineer (m/f/d),,,job_posting_title,fr_translated
OCC_e52569128fe5,ARBEITNOW,senior product engineer (m/w/d),,Ingénieur(e) produit senior (H/F/D),Senior Product Engineer (m/w/d),,Senior Product Engineer (m/w/d),,,job_posting_title,fr_translated
OCC_4cf9a4c09f8b,ARBEITNOW,human resources assistant (m/w/d) - teilzeit 20-25 wochenstunden,,Assistant(e) Ressources Humaines (H/F/D) - Temps partiel 20-25 heures par semaine,Human Resources Assistant (m/w/d) - Teilzeit 20-25 Wochenstunden,,Human Resources Assistant (m/w/d) - Teilzeit 20-25 Wochenstunden,,,job_posting_title,fr_translated
OCC_c81768051e3f,ARBEITNOW,projektkoordination softwareprojekte (m/w/d) | berlin-mitte | teilzeit/vollzeit,,Coordinateur / Coordinatrice de projets logiciels (H/F/D) | Berlin-Mitte | Temps partiel/Temps plein,Projektkoordination Softwareprojekte (m/w/d) | Berlin-Mitte | Teilzeit/Vollzeit,,Projektkoordination Softwareprojekte (m/w/d) | Berlin-Mitte | Teilzeit/Vollzeit,,,job_posting_title,fr_translated
OCC_6622b2e6404b,ARBEITNOW,head of product & engineering (m/w/d),,Directeur / Directrice Produit et Ingénierie (H/F/D),Head of Product & Engineering (m/w/d),,Head of Product & Engineering (m/w/d),,,job_posting_title,fr_translated
OCC_ee0ddbbdc92c,ARBEITNOW,frontend developer e-commerce (w/m/d),,Développeur / Développeuse Frontend E-Commerce (H/F/D),Frontend Developer E-Commerce (w/m/d),,Frontend Developer E-Commerce (w/m/d),,,job_posting_title,fr_translated
OCC_8bf3aa81e931,ARBEITNOW,(senior) it operations engineer (gn),,Ingénieur(e) (senior) IT Operations (H/F/D),(Senior) IT Operations Engineer (gn),,(Senior) IT Operations Engineer (gn),,,job_posting_title,fr_translated
OCC_eb475bc6322d,ARBEITNOW,lead it operations engineer (gn),,Responsable Ingénieur(e) IT Operations (H/F/D),Lead IT Operations Engineer (gn),,Lead IT Operations Engineer (gn),,,job_posting_title,fr_translated
OCC_d6208f2780c6,ARBEITNOW,it operations engineer (gn),,Ingénieur(e) IT Operations (H/F/D),IT Operations Engineer (gn),,IT Operations Engineer (gn),,,job_posting_title,fr_translated
OCC_fe42133b7839,ARBEITNOW,senior machine learning engineer (m/f/*),,Ingénieur(e) senior en apprentissage automatique (H/F/*),Senior Machine Learning Engineer (m/f/*),,Senior Machine Learning Engineer (m/f/*),,,job_posting_title,fr_translated
OCC_e2001adaaee2,ARBEITNOW,"senior engineering manager, supply domain (all genders)",,"Responsable d'ingénierie senior, Domaine Supply (tous genres)","Senior Engineering Manager, Supply Domain (all genders)",,"Senior Engineering Manager, Supply Domain (all genders)",,,job_posting_title,fr_translated
OCC_14a3530bfb4b,ARBEITNOW,"engineering manager, search engine (all genders)",,"Responsable d'ingénierie, Moteur de recherche (tous genres)","Engineering Manager, Search Engine (all genders)",,"Engineering Manager, Search Engine (all genders)",,,job_posting_title,fr_translated
OCC_8d76388f9989,ARBEITNOW,(lead/senior) technical product manager - platform engineering (m/f/d),,Chef de produit technique (Lead/Senior) - Ingénierie plateforme (H/F/D),(Lead/Senior) Technical Product Manager - Platform Engineering (m/f/d),,(Lead/Senior) Technical Product Manager - Platform Engineering (m/f/d),,,job_posting_title,fr_translated
OCC_9608b318f986,ARBEITNOW,software engineer (f/m/x) - typescript (nestjs or react),,Ingénieur(e) logiciel (H/F/X) - TypeScript (NestJS ou React),Software Engineer (f/m/x) - TypeScript (NestJS or React),,Software Engineer (f/m/x) - TypeScript (NestJS or React),,,job_posting_title,fr_translated
OCC_311501439fae,ARBEITNOW,c++ software architect (m/f/d) tool path calculation,,Architecte logiciel C++ (H/F/D) - Calcul de trajectoires d'outils,C++ Software Architect (m/f/d) Tool Path Calculation,,C++ Software Architect (m/f/d) Tool Path Calculation,,,job_posting_title,fr_translated
OCC_3cacf2bb2b93,ARBEITNOW,fachinformatiker fur systemintegration (m/w/d),,Informaticien(ne) spécialisé(e) en intégration de systèmes (H/F/D),Fachinformatiker für Systemintegration (m/w/d),,Fachinformatiker für Systemintegration (m/w/d),,,job_posting_title,fr_translated
OCC_e8eadf46f8fb,ARBEITNOW,leitung it-infrastruktur (m/w/d),,Direction Infrastructure IT (H/F/D),Leitung IT-Infrastruktur (m/w/d),,Leitung IT-Infrastruktur (m/w/d),,,job_posting_title,fr_translated
OCC_e4a8a5aa915e,ARBEITNOW,steuerfachangestellte o. entgeltabrechnerin (w/m/d) mit homeoffice-anteil,,Assistant(e) fiscal(e) ou gestionnaire de paie (H/F/D) avec possibilité de télétravail,Steuerfachangestellte o. Entgeltabrechnerin (w/m/d) mit Homeoffice-Anteil,,Steuerfachangestellte o. Entgeltabrechnerin (w/m/d) mit Homeoffice-Anteil,,,job_posting_title,fr_translated
OCC_10dc41f6953f,ARBEITNOW,platform engineer / devops (m/f/d) | ai govtech startup | munich,,Ingénieur(e) plateforme / DevOps (H/F/D) | Startup GovTech IA | Munich,Platform Engineer / DevOps (m/f/d) | AI GovTech Startup | Munich,,Platform Engineer / DevOps (m/f/d) | AI GovTech Startup | Munich,,,job_posting_title,fr_translated
OCC_9c4c117df5f8,ARBEITNOW,teamleiter (m/w/d) finance in voll- oder teilzeit,,Chef d'équipe (H/F/D) Finance à temps plein ou partiel,Teamleiter (m/w/d) Finance in Voll- oder Teilzeit,,Teamleiter (m/w/d) Finance in Voll- oder Teilzeit,,,job_posting_title,fr_translated
OCC_ab046c951cca,ARBEITNOW,founding backend engineer(go),,Ingénieur(e) Backend fondateur (Go),Founding Backend Engineer(Go),,Founding Backend Engineer(Go),,,job_posting_title,fr_translated
OCC_4a7e79aa5d4f,ARBEITNOW,software engineer (m/f/d),,Ingénieur(e) logiciel (H/F/D),Software Engineer (m/f/d),,Software Engineer (m/f/d),,,job_posting_title,fr_translated
OCC_43958fcde9b9,ARBEITNOW,senior ai engineering consultant (w/m/d),,Consultant(e) senior en ingénierie IA (H/F/D),Senior AI Engineering Consultant (w/m/d),,Senior AI Engineering Consultant (w/m/d),,,job_posting_title,fr_translated
OCC_341bd728b0ae,ARBEITNOW,"ai engineer (m/f/d) - full stack, typescript / nuxt / next / vue / react",,"Ingénieur(e) IA (H/F/D) - Full Stack, TypeScript / Nuxt / Next / Vue / React","AI Engineer (m/f/d) - Full Stack, TypeScript / Nuxt / Next / Vue / React",,"AI Engineer (m/f/d) - Full Stack, TypeScript / Nuxt / Next / Vue / React",,,job_posting_title,fr_translated
OCC_c8e3c9cb6c38,ARBEITNOW,senior it administrator (m/w/d),,Administrateur / Administratrice IT senior (H/F/D),Senior IT Administrator (m/w/d),,Senior IT Administrator (m/w/d),,,job_posting_title,fr_translated
OCC_ccb65c46f869,ARBEITNOW,it-system engineer (m/w/d),,Ingénieur(e) systèmes IT (H/F/D),IT-System Engineer (m/w/d),,IT-System Engineer (m/w/d),,,job_posting_title,fr_translated
OCC_bd8b9e27b797,ARBEITNOW,quantitative analyst & financial modeller (x/w/m),,Analyste quantitatif / Modélisateur financier (H/F/X),Quantitative Analyst & Financial Modeller (x/w/m),,Quantitative Analyst & Financial Modeller (x/w/m),,,job_posting_title,fr_translated
OCC_5ba0f9300746,ARBEITNOW,teamleiter (m/w/d) forschung und entwicklung tools & infrastruktur,,Chef d'équipe (H/F/D) Recherche et Développement - Outils et Infrastructure,Teamleiter (m/w/d) Forschung und Entwicklung Tools & Infrastruktur,,Teamleiter (m/w/d) Forschung und Entwicklung Tools & Infrastruktur,,,job_posting_title,fr_translated
OCC_aca1a4cafa57,ARBEITNOW,entwicklungsingenieur (m/w/d) fpga,,Ingénieur(e) de développement (H/F/D) FPGA,Entwicklungsingenieur (m/w/d) FPGA,,Entwicklungsingenieur (m/w/d) FPGA,,,job_posting_title,fr_translated
OCC_4d34f0a4a62c,ARBEITNOW,teamleitung netzplanung geforderter glasfaserausbau (m/w/d),,"Chef d'équipe - Planification réseau, déploiement fibre optique subventionné (H/F/D)",Teamleitung Netzplanung geförderter Glasfaserausbau (m/w/d),,Teamleitung Netzplanung geförderter Glasfaserausbau (m/w/d),,,job_posting_title,fr_translated
OCC_c49207ccbbab,ARBEITNOW,"fullstack software entwickler java, angular (m/w/d)",,"Développeur / Développeuse logiciel Fullstack Java, Angular (H/F/D)","Fullstack Software Entwickler Java, Angular (m/w/d)",,"Fullstack Software Entwickler Java, Angular (m/w/d)",,,job_posting_title,fr_translated
OCC_6065b7acaf02,ARBEITNOW,software developer (m/w/d)- schwerpunkt angular,,Développeur / Développeuse logiciel (H/F/D) - Spécialisation Angular,Software Developer (m/w/d)- Schwerpunkt Angular,,Software Developer (m/w/d)- Schwerpunkt Angular,,,job_posting_title,fr_translated
OCC_cbba626eede9,ARBEITNOW,senior software developer (m/w/d),,Développeur / Développeuse logiciel senior (H/F/D),Senior Software Developer (m/w/d),,Senior Software Developer (m/w/d),,,job_posting_title,fr_translated
OCC_d70f56db8654,WIKIDATA,Q111535889,,Chimiométricien / Chimiométricienne,chemometrician,,chemometrician,,profession,wikidata_concept,fr_translated
