occupation_entity_id,skill_entity_id,relation_type,source
OCC_a0cecf937326,SKL_f20abbe40df9,essential,ESCO
OCC_a0cecf937326,SKL_ab670ca70003,essential,ESCO
OCC_a0cecf937326,SKL_ab0615922027,essential,ESCO
OCC_a0cecf937326,SKL_d546743b9da1,essential,ESCO
OCC_a0cecf937326,SKL_07a7e2a00de2,essential,ESCO
OCC_a0cecf937326,SKL_54188f599eea,essential,ESCO
OCC_a0cecf937326,SKL_c0d9b25a3929,essential,ESCO
OCC_a0cecf937326,SKL_4a174ce373ac,essential,ESCO
OCC_a0cecf937326,SKL_f18769bf13e8,essential,ESCO
OCC_a0cecf937326,SKL_6a468ac789e8,essential,ESCO
OCC_a0cecf937326,SKL_3a770021928a,essential,ESCO
OCC_a0cecf937326,SKL_c5114bc54f61,essential,ESCO
OCC_a0cecf937326,SKL_d67dfc4ee39e,essential,ESCO
OCC_a0cecf937326,SKL_7fcbb1e10b41,essential,ESCO
OCC_a0cecf937326,SKL_9f1382e6691b,essential,ESCO
OCC_a0cecf937326,SKL_53715a6035cb,essential,ESCO
OCC_a0cecf937326,SKL_dbbc353ff629,essential,ESCO
OCC_a0cecf937326,SKL_04e6c64d8bdd,essential,ESCO
OCC_a0cecf937326,SKL_318b0a40b120,essential,ESCO
OCC_a0cecf937326,SKL_04d28b46c58b,essential,ESCO
OCC_a0cecf937326,SKL_b612c882be81,essential,ESCO
OCC_a0cecf937326,SKL_5b3a519408f1,essential,ESCO
OCC_a0cecf937326,SKL_0639d47eb735,essential,ESCO
OCC_a0cecf937326,SKL_65a88136df69,essential,ESCO
OCC_a0cecf937326,SKL_89abbdc9344e,essential,ESCO
OCC_a0cecf937326,SKL_f14939dc09c4,optional,ESCO
OCC_a0cecf937326,SKL_2160823e5269,optional,ESCO
OCC_a0cecf937326,SKL_fa6cd7a6ceb9,optional,ESCO
OCC_a0cecf937326,SKL_0e0ddaf5873f,optional,ESCO
OCC_a0cecf937326,SKL_f8cdff52e6ee,optional,ESCO
OCC_a0cecf937326,SKL_2dbc3a7582b5,optional,ESCO
OCC_a0cecf937326,SKL_bbc55bdf9279,optional,ESCO
OCC_a0cecf937326,SKL_74a5a5844b4c,optional,ESCO
OCC_a0cecf937326,SKL_df8fb6fe7b07,optional,ESCO
OCC_a0cecf937326,SKL_d0bf41708bae,optional,ESCO
OCC_a0cecf937326,SKL_8c107549fe5b,optional,ESCO
OCC_a0cecf937326,SKL_4d76ad90efb3,optional,ESCO
OCC_a0cecf937326,SKL_d00c0cbdf6af,optional,ESCO
OCC_a0cecf937326,SKL_1a9765b43218,optional,ESCO
OCC_a0cecf937326,SKL_929f2bc40d7c,optional,ESCO
OCC_a0cecf937326,SKL_109edeaf36eb,optional,ESCO
OCC_a0cecf937326,SKL_e4518a5681c9,optional,ESCO
OCC_a0cecf937326,SKL_c9ce5d8cbc63,optional,ESCO
OCC_a0cecf937326,SKL_e0b7c20ad2a2,optional,ESCO
OCC_a0cecf937326,SKL_b987f0547d15,optional,ESCO
OCC_a0cecf937326,SKL_9b29beea7c1b,optional,ESCO
OCC_a0cecf937326,SKL_b66a815da958,optional,ESCO
OCC_a0cecf937326,SKL_e2dbc508cb21,optional,ESCO
OCC_a0cecf937326,SKL_53ceaa2295af,optional,ESCO
OCC_a0cecf937326,SKL_873cfe48c2ce,optional,ESCO
OCC_a0cecf937326,SKL_096204475b7f,optional,ESCO
OCC_a0cecf937326,SKL_c0af7cdae97f,optional,ESCO
OCC_a0cecf937326,SKL_b1c2a4bc445a,optional,ESCO
OCC_a0cecf937326,SKL_dc718588b284,optional,ESCO
OCC_a0cecf937326,SKL_b1d3c0bd074a,optional,ESCO
OCC_a0cecf937326,SKL_5dcc8e458213,optional,ESCO
OCC_a0cecf937326,SKL_f1c997d8743f,optional,ESCO
OCC_a0cecf937326,SKL_26bcb7a7c221,optional,ESCO
OCC_a0cecf937326,SKL_b89955b20777,optional,ESCO
OCC_6b1c7257ba1b,SKL_ed1c943a2742,essential,ESCO
OCC_6b1c7257ba1b,SKL_dedf1948afc3,essential,ESCO
OCC_6b1c7257ba1b,SKL_6b32ff1ba138,essential,ESCO
OCC_6b1c7257ba1b,SKL_9c97e63afd1a,essential,ESCO
OCC_6b1c7257ba1b,SKL_aea3e91c5092,essential,ESCO
OCC_6b1c7257ba1b,SKL_431affbbd0fa,essential,ESCO
OCC_6b1c7257ba1b,SKL_a06ae49b7664,essential,ESCO
OCC_6b1c7257ba1b,SKL_d59c1c655f17,essential,ESCO
OCC_6b1c7257ba1b,SKL_22320b92666f,essential,ESCO
OCC_6b1c7257ba1b,SKL_a126050b0def,essential,ESCO
OCC_6b1c7257ba1b,SKL_9530b497844a,essential,ESCO
OCC_6b1c7257ba1b,SKL_87e726dfb63f,essential,ESCO
OCC_6b1c7257ba1b,SKL_1f6b52c0fcf7,essential,ESCO
OCC_6b1c7257ba1b,SKL_4d8fe5bd3afb,essential,ESCO
OCC_6b1c7257ba1b,SKL_9d13f5ec1fdf,essential,ESCO
OCC_6b1c7257ba1b,SKL_8a9651b100b9,essential,ESCO
OCC_6b1c7257ba1b,SKL_e6ca3be59c9b,essential,ESCO
OCC_6b1c7257ba1b,SKL_e70d9ea221e7,essential,ESCO
OCC_6b1c7257ba1b,SKL_1ce625596796,essential,ESCO
OCC_6b1c7257ba1b,SKL_3e8275119d50,optional,ESCO
OCC_6b1c7257ba1b,SKL_c4640fe55575,optional,ESCO
OCC_6b1c7257ba1b,SKL_e22e3873e2aa,optional,ESCO
OCC_6b1c7257ba1b,SKL_ad5527904d9f,optional,ESCO
OCC_6b1c7257ba1b,SKL_6df9c3907c46,optional,ESCO
OCC_6b1c7257ba1b,SKL_9b5584008e66,optional,ESCO
OCC_6b1c7257ba1b,SKL_962ed8d38c4e,optional,ESCO
OCC_6b1c7257ba1b,SKL_9cdd580294bf,optional,ESCO
OCC_6b1c7257ba1b,SKL_faa48d074cba,optional,ESCO
OCC_6b1c7257ba1b,SKL_9fc5ffd462ae,optional,ESCO
OCC_6b1c7257ba1b,SKL_07fed61b3215,optional,ESCO
OCC_6b1c7257ba1b,SKL_59c64ba70b70,optional,ESCO
OCC_6b1c7257ba1b,SKL_a5bd02f3490e,optional,ESCO
OCC_6b1c7257ba1b,SKL_e83ea15281a7,optional,ESCO
OCC_6b1c7257ba1b,SKL_9b5244fd7e00,optional,ESCO
OCC_6b1c7257ba1b,SKL_1124817a720e,optional,ESCO
OCC_6b1c7257ba1b,SKL_d275975f2053,optional,ESCO
OCC_6b1c7257ba1b,SKL_46088f1661b7,optional,ESCO
OCC_6b1c7257ba1b,SKL_17a6cda90b85,optional,ESCO
OCC_6b1c7257ba1b,SKL_a43bcca2465e,optional,ESCO
OCC_6b1c7257ba1b,SKL_3f39269f8a92,optional,ESCO
OCC_6b1c7257ba1b,SKL_a913b683ebd9,optional,ESCO
OCC_6b1c7257ba1b,SKL_9e24266d180e,optional,ESCO
OCC_6b1c7257ba1b,SKL_f6f390848b58,optional,ESCO
OCC_6b1c7257ba1b,SKL_c9160ddc7dcd,optional,ESCO
OCC_6b1c7257ba1b,SKL_88eabaa2c80d,optional,ESCO
OCC_6b1c7257ba1b,SKL_d537dfcccc25,optional,ESCO
OCC_6b1c7257ba1b,SKL_ccd10a9e58b7,optional,ESCO
OCC_6b1c7257ba1b,SKL_516c38d191ba,optional,ESCO
OCC_6b1c7257ba1b,SKL_d0035b994078,optional,ESCO
OCC_6b1c7257ba1b,SKL_ee642b56a8f9,optional,ESCO
OCC_6b1c7257ba1b,SKL_b2fa268f665e,optional,ESCO
OCC_6b1c7257ba1b,SKL_8dd0d4b0a0f0,optional,ESCO
OCC_6b1c7257ba1b,SKL_627bb45cf813,optional,ESCO
OCC_6b1c7257ba1b,SKL_1ec8e222a519,optional,ESCO
OCC_6b1c7257ba1b,SKL_d8c205c532f4,optional,ESCO
OCC_6b1c7257ba1b,SKL_f335ed0ef250,optional,ESCO
OCC_6b1c7257ba1b,SKL_6b4086c51411,optional,ESCO
OCC_6b1c7257ba1b,SKL_6a62eec16e7c,optional,ESCO
OCC_6b1c7257ba1b,SKL_16961efeb0ab,optional,ESCO
OCC_6b1c7257ba1b,SKL_1a3570884e47,optional,ESCO
OCC_6b1c7257ba1b,SKL_fddfe276744e,optional,ESCO
OCC_6b1c7257ba1b,SKL_5ee8a7543f31,optional,ESCO
OCC_6b1c7257ba1b,SKL_185b1ce4d13f,optional,ESCO
OCC_6b1c7257ba1b,SKL_3c1c97314648,optional,ESCO
OCC_6b1c7257ba1b,SKL_5a85416c775f,optional,ESCO
OCC_6b1c7257ba1b,SKL_308342e28b73,optional,ESCO
OCC_6b1c7257ba1b,SKL_eac191d41595,optional,ESCO
OCC_6b1c7257ba1b,SKL_232fd42823e2,optional,ESCO
OCC_6b1c7257ba1b,SKL_86eb8b674662,optional,ESCO
OCC_6b1c7257ba1b,SKL_de759b6256cc,optional,ESCO
OCC_6b1c7257ba1b,SKL_a8e640d3772f,optional,ESCO
OCC_6b1c7257ba1b,SKL_b52f6b21f082,optional,ESCO
OCC_6b1c7257ba1b,SKL_224770e9399c,optional,ESCO
OCC_6b1c7257ba1b,SKL_e681e8b852a4,optional,ESCO
OCC_6b1c7257ba1b,SKL_81167559edfd,optional,ESCO
OCC_6b1c7257ba1b,SKL_de055ba807c1,optional,ESCO
OCC_6b1c7257ba1b,SKL_1cd624314ce9,optional,ESCO
OCC_6b1c7257ba1b,SKL_2b386dc088dc,optional,ESCO
OCC_6b1c7257ba1b,SKL_53fbbdc90e13,optional,ESCO
OCC_6b1c7257ba1b,SKL_02c69b93451d,optional,ESCO
OCC_6b1c7257ba1b,SKL_fb22373c26ad,optional,ESCO
OCC_6b1c7257ba1b,SKL_61058691b0ef,optional,ESCO
OCC_6b1c7257ba1b,SKL_5846d47024c9,optional,ESCO
OCC_6b1c7257ba1b,SKL_7019e9976329,optional,ESCO
OCC_6b1c7257ba1b,SKL_df69f4055e0d,optional,ESCO
OCC_6b1c7257ba1b,SKL_9857c27e00bf,optional,ESCO
OCC_6b1c7257ba1b,SKL_d109a693537c,optional,ESCO
OCC_6b1c7257ba1b,SKL_ea47db501b9f,optional,ESCO
OCC_6b1c7257ba1b,SKL_fc36ef6f31c9,optional,ESCO
OCC_6b1c7257ba1b,SKL_370980230f11,optional,ESCO
OCC_6b1c7257ba1b,SKL_f928dfa37ee7,optional,ESCO
OCC_6b1c7257ba1b,SKL_36887aac680b,optional,ESCO
OCC_6b1c7257ba1b,SKL_7ac1f1abe404,optional,ESCO
OCC_6b1c7257ba1b,SKL_e0406f8bed59,optional,ESCO
OCC_6b1c7257ba1b,SKL_2320901baa0c,optional,ESCO
OCC_6b1c7257ba1b,SKL_c7910d3185cd,optional,ESCO
OCC_6b1c7257ba1b,SKL_67a4d439c738,optional,ESCO
OCC_6b1c7257ba1b,SKL_5ca14d6a9200,optional,ESCO
OCC_6b1c7257ba1b,SKL_b612c882be81,optional,ESCO
OCC_6b1c7257ba1b,SKL_4adb0a2106db,optional,ESCO
OCC_6b1c7257ba1b,SKL_65a88136df69,optional,ESCO
OCC_535421ae1e2c,SKL_0de1bcfc9fd2,essential,ESCO
OCC_535421ae1e2c,SKL_3f39269f8a92,essential,ESCO
OCC_535421ae1e2c,SKL_66664fb959be,essential,ESCO
OCC_535421ae1e2c,SKL_e681e8b852a4,essential,ESCO
OCC_535421ae1e2c,SKL_aea3e91c5092,essential,ESCO
OCC_535421ae1e2c,SKL_2638b6cbc5c4,essential,ESCO
OCC_535421ae1e2c,SKL_3689a79bb281,essential,ESCO
OCC_535421ae1e2c,SKL_53715a6035cb,essential,ESCO
OCC_535421ae1e2c,SKL_b4bbfe5755b9,essential,ESCO
OCC_535421ae1e2c,SKL_c9ce5d8cbc63,essential,ESCO
OCC_535421ae1e2c,SKL_6c3b2061ca0c,essential,ESCO
OCC_535421ae1e2c,SKL_19a46cabd4d8,essential,ESCO
OCC_535421ae1e2c,SKL_f404d9dd01d7,essential,ESCO
OCC_535421ae1e2c,SKL_0d11c1c4ba27,essential,ESCO
OCC_535421ae1e2c,SKL_a056c33cbcd4,essential,ESCO
OCC_535421ae1e2c,SKL_ca76f7bcf69b,essential,ESCO
OCC_535421ae1e2c,SKL_3e8275119d50,optional,ESCO
OCC_535421ae1e2c,SKL_ad5527904d9f,optional,ESCO
OCC_535421ae1e2c,SKL_6fce2b343b90,optional,ESCO
OCC_535421ae1e2c,SKL_6df9c3907c46,optional,ESCO
OCC_535421ae1e2c,SKL_9b5584008e66,optional,ESCO
OCC_535421ae1e2c,SKL_962ed8d38c4e,optional,ESCO
OCC_535421ae1e2c,SKL_99c6f04ac23c,optional,ESCO
OCC_535421ae1e2c,SKL_93f80f560331,optional,ESCO
OCC_535421ae1e2c,SKL_9cdd580294bf,optional,ESCO
OCC_535421ae1e2c,SKL_2160823e5269,optional,ESCO
OCC_535421ae1e2c,SKL_faa48d074cba,optional,ESCO
OCC_535421ae1e2c,SKL_9fc5ffd462ae,optional,ESCO
OCC_535421ae1e2c,SKL_59ede493c1cb,optional,ESCO
OCC_535421ae1e2c,SKL_9ce640be2540,optional,ESCO
OCC_535421ae1e2c,SKL_1d9be898b4cf,optional,ESCO
OCC_535421ae1e2c,SKL_59c64ba70b70,optional,ESCO
OCC_535421ae1e2c,SKL_379bf96d5682,optional,ESCO
OCC_535421ae1e2c,SKL_139c1ba8356c,optional,ESCO
OCC_535421ae1e2c,SKL_a5bd02f3490e,optional,ESCO
OCC_535421ae1e2c,SKL_e83ea15281a7,optional,ESCO
OCC_535421ae1e2c,SKL_1124817a720e,optional,ESCO
OCC_535421ae1e2c,SKL_46088f1661b7,optional,ESCO
OCC_535421ae1e2c,SKL_a43bcca2465e,optional,ESCO
OCC_535421ae1e2c,SKL_a913b683ebd9,optional,ESCO
OCC_535421ae1e2c,SKL_cccca3da833a,optional,ESCO
OCC_535421ae1e2c,SKL_4f2bd02de76a,optional,ESCO
OCC_535421ae1e2c,SKL_f6f390848b58,optional,ESCO
OCC_535421ae1e2c,SKL_c9160ddc7dcd,optional,ESCO
OCC_535421ae1e2c,SKL_88eabaa2c80d,optional,ESCO
OCC_535421ae1e2c,SKL_d537dfcccc25,optional,ESCO
OCC_535421ae1e2c,SKL_ccd10a9e58b7,optional,ESCO
OCC_535421ae1e2c,SKL_def6ad401f98,optional,ESCO
OCC_535421ae1e2c,SKL_8c66ec45bce8,optional,ESCO
OCC_535421ae1e2c,SKL_327b78a43765,optional,ESCO
OCC_535421ae1e2c,SKL_419d9382e4ff,optional,ESCO
OCC_535421ae1e2c,SKL_175902ab3712,optional,ESCO
OCC_535421ae1e2c,SKL_83dfa0298e85,optional,ESCO
OCC_535421ae1e2c,SKL_5f8c22d6f0f5,optional,ESCO
OCC_535421ae1e2c,SKL_4ffa5c387846,optional,ESCO
OCC_535421ae1e2c,SKL_45b5255faa15,optional,ESCO
OCC_535421ae1e2c,SKL_f858e811b523,optional,ESCO
OCC_535421ae1e2c,SKL_5ee8a7543f31,optional,ESCO
OCC_535421ae1e2c,SKL_5d725c59527d,optional,ESCO
OCC_535421ae1e2c,SKL_5a85416c775f,optional,ESCO
OCC_535421ae1e2c,SKL_ec2491e3eb27,optional,ESCO
OCC_535421ae1e2c,SKL_86eb8b674662,optional,ESCO
OCC_535421ae1e2c,SKL_de759b6256cc,optional,ESCO
OCC_535421ae1e2c,SKL_b52f6b21f082,optional,ESCO
OCC_535421ae1e2c,SKL_224770e9399c,optional,ESCO
OCC_535421ae1e2c,SKL_81167559edfd,optional,ESCO
OCC_535421ae1e2c,SKL_4687c1d5b8d4,optional,ESCO
OCC_535421ae1e2c,SKL_5bed2e74daf6,optional,ESCO
OCC_535421ae1e2c,SKL_1cd624314ce9,optional,ESCO
OCC_535421ae1e2c,SKL_8c107549fe5b,optional,ESCO
OCC_535421ae1e2c,SKL_2b386dc088dc,optional,ESCO
OCC_535421ae1e2c,SKL_53fbbdc90e13,optional,ESCO
OCC_535421ae1e2c,SKL_02c69b93451d,optional,ESCO
OCC_535421ae1e2c,SKL_5846d47024c9,optional,ESCO
OCC_535421ae1e2c,SKL_7019e9976329,optional,ESCO
OCC_535421ae1e2c,SKL_df69f4055e0d,optional,ESCO
OCC_535421ae1e2c,SKL_47f2166fb857,optional,ESCO
OCC_535421ae1e2c,SKL_fc36ef6f31c9,optional,ESCO
OCC_535421ae1e2c,SKL_370980230f11,optional,ESCO
OCC_535421ae1e2c,SKL_f66d4af78875,optional,ESCO
OCC_535421ae1e2c,SKL_138d3c16c190,optional,ESCO
OCC_535421ae1e2c,SKL_008e59920331,optional,ESCO
OCC_535421ae1e2c,SKL_c8eeeb942505,optional,ESCO
OCC_535421ae1e2c,SKL_be15098358f4,optional,ESCO
OCC_535421ae1e2c,SKL_096204475b7f,optional,ESCO
OCC_535421ae1e2c,SKL_1911edef9778,optional,ESCO
OCC_535421ae1e2c,SKL_26bcb7a7c221,optional,ESCO
OCC_0ee16ac6947b,SKL_beee3bf73849,essential,ESCO
OCC_0ee16ac6947b,SKL_77f91ccfa0fc,essential,ESCO
OCC_0ee16ac6947b,SKL_c969868dd488,essential,ESCO
OCC_0ee16ac6947b,SKL_89a64e81ab72,essential,ESCO
OCC_0ee16ac6947b,SKL_48a7dd78245f,essential,ESCO
OCC_0ee16ac6947b,SKL_df1270c29978,essential,ESCO
OCC_0ee16ac6947b,SKL_e2f90c02665d,essential,ESCO
OCC_0ee16ac6947b,SKL_1d12e8aaef7d,essential,ESCO
OCC_0ee16ac6947b,SKL_0247ba633d54,essential,ESCO
OCC_0ee16ac6947b,SKL_250cd2b20d54,essential,ESCO
OCC_0ee16ac6947b,SKL_3daf970c81e6,essential,ESCO
OCC_0ee16ac6947b,SKL_ea10cec2af3a,essential,ESCO
OCC_0ee16ac6947b,SKL_8948f132b19b,essential,ESCO
OCC_0ee16ac6947b,SKL_0932d09f80bf,essential,ESCO
OCC_0ee16ac6947b,SKL_a2b051fbd22d,optional,ESCO
OCC_0ee16ac6947b,SKL_22632e35d4ab,optional,ESCO
OCC_0ee16ac6947b,SKL_2fd8c5a27951,optional,ESCO
OCC_0ee16ac6947b,SKL_a06ae49b7664,optional,ESCO
OCC_0ee16ac6947b,SKL_a1e6b80efe9e,optional,ESCO
OCC_0ee16ac6947b,SKL_3de0d077508a,optional,ESCO
OCC_0ee16ac6947b,SKL_a474d184a0a0,optional,ESCO
OCC_0ee16ac6947b,SKL_bb505f670fed,optional,ESCO
OCC_0ee16ac6947b,SKL_3edaef77a8dc,optional,ESCO
OCC_0ee16ac6947b,SKL_07409ae8fbfd,optional,ESCO
OCC_0ee16ac6947b,SKL_e6ca3be59c9b,optional,ESCO
OCC_0ee16ac6947b,SKL_1e5cd3064178,optional,ESCO
OCC_0ee16ac6947b,SKL_26feceb26c81,optional,ESCO
OCC_1fbb1e6392b6,SKL_f335ed0ef250,essential,ESCO
OCC_1fbb1e6392b6,SKL_c6719c43f07e,essential,ESCO
OCC_1fbb1e6392b6,SKL_74015909b033,essential,ESCO
OCC_1fbb1e6392b6,SKL_671240690479,essential,ESCO
OCC_1fbb1e6392b6,SKL_fa3ca530b552,essential,ESCO
OCC_1fbb1e6392b6,SKL_b9899d180c91,essential,ESCO
OCC_1fbb1e6392b6,SKL_b66a815da958,essential,ESCO
OCC_1fbb1e6392b6,SKL_873cfe48c2ce,essential,ESCO
OCC_1fbb1e6392b6,SKL_62237838ecde,essential,ESCO
OCC_1fbb1e6392b6,SKL_6df9c3907c46,optional,ESCO
OCC_1fbb1e6392b6,SKL_07fed61b3215,optional,ESCO
OCC_1fbb1e6392b6,SKL_5e1feca357b2,optional,ESCO
OCC_1fbb1e6392b6,SKL_27cdecd220ea,optional,ESCO
OCC_1fbb1e6392b6,SKL_d275975f2053,optional,ESCO
OCC_1fbb1e6392b6,SKL_d0035b994078,optional,ESCO
OCC_1fbb1e6392b6,SKL_def6ad401f98,optional,ESCO
OCC_1fbb1e6392b6,SKL_45b5255faa15,optional,ESCO
OCC_1fbb1e6392b6,SKL_1a3570884e47,optional,ESCO
OCC_1fbb1e6392b6,SKL_185b1ce4d13f,optional,ESCO
OCC_1fbb1e6392b6,SKL_308342e28b73,optional,ESCO
OCC_1fbb1e6392b6,SKL_e681e8b852a4,optional,ESCO
OCC_1fbb1e6392b6,SKL_de055ba807c1,optional,ESCO
OCC_1fbb1e6392b6,SKL_53fbbdc90e13,optional,ESCO
OCC_1fbb1e6392b6,SKL_02c69b93451d,optional,ESCO
OCC_1fbb1e6392b6,SKL_c6ec40ea85b9,optional,ESCO
OCC_1fbb1e6392b6,SKL_ea47db501b9f,optional,ESCO
OCC_1fbb1e6392b6,SKL_621054dadc59,optional,ESCO
OCC_1fbb1e6392b6,SKL_c2ce930d35e3,optional,ESCO
OCC_1fbb1e6392b6,SKL_d4f9396de51d,optional,ESCO
OCC_1fbb1e6392b6,SKL_c9ce5d8cbc63,optional,ESCO
OCC_1fbb1e6392b6,SKL_666b5797ca38,optional,ESCO
OCC_1fbb1e6392b6,SKL_c92f3cc793bd,optional,ESCO
OCC_1fbb1e6392b6,SKL_3bd4dede8a96,optional,ESCO
OCC_1fbb1e6392b6,SKL_f388889ccd53,optional,ESCO
OCC_1fbb1e6392b6,SKL_7efcdffab3b3,optional,ESCO
OCC_1fbb1e6392b6,SKL_b145b502032c,optional,ESCO
OCC_46b37f0135cb,SKL_b0080b620fb2,essential,ESCO
OCC_46b37f0135cb,SKL_f14939dc09c4,essential,ESCO
OCC_46b37f0135cb,SKL_7e07fb258726,essential,ESCO
OCC_46b37f0135cb,SKL_ab0615922027,essential,ESCO
OCC_46b37f0135cb,SKL_0e0ddaf5873f,essential,ESCO
OCC_46b37f0135cb,SKL_a4917fa3f867,essential,ESCO
OCC_46b37f0135cb,SKL_54188f599eea,essential,ESCO
OCC_46b37f0135cb,SKL_8e9e543761d2,essential,ESCO
OCC_46b37f0135cb,SKL_5fd1a916f288,essential,ESCO
OCC_46b37f0135cb,SKL_c0d9b25a3929,essential,ESCO
OCC_46b37f0135cb,SKL_45b5255faa15,essential,ESCO
OCC_46b37f0135cb,SKL_f8cdff52e6ee,essential,ESCO
OCC_46b37f0135cb,SKL_bbc55bdf9279,essential,ESCO
OCC_46b37f0135cb,SKL_f335ed0ef250,essential,ESCO
OCC_46b37f0135cb,SKL_e10148fa338b,essential,ESCO
OCC_46b37f0135cb,SKL_1a3570884e47,essential,ESCO
OCC_46b37f0135cb,SKL_185b1ce4d13f,essential,ESCO
OCC_46b37f0135cb,SKL_d0bf41708bae,essential,ESCO
OCC_46b37f0135cb,SKL_8c107549fe5b,essential,ESCO
OCC_46b37f0135cb,SKL_a5dbeab6c38b,essential,ESCO
OCC_46b37f0135cb,SKL_7e88ed7907b6,essential,ESCO
OCC_46b37f0135cb,SKL_7fcbb1e10b41,essential,ESCO
OCC_46b37f0135cb,SKL_9f1382e6691b,essential,ESCO
OCC_46b37f0135cb,SKL_d98dfddbd8e1,essential,ESCO
OCC_46b37f0135cb,SKL_b5cbafabb60c,essential,ESCO
OCC_46b37f0135cb,SKL_e0406f8bed59,essential,ESCO
OCC_46b37f0135cb,SKL_d1ef15b0a358,essential,ESCO
OCC_46b37f0135cb,SKL_40ecf692a0cf,essential,ESCO
OCC_46b37f0135cb,SKL_42b850072160,essential,ESCO
OCC_46b37f0135cb,SKL_e99fc85ebe7c,essential,ESCO
OCC_46b37f0135cb,SKL_e3225d92f6fd,essential,ESCO
OCC_46b37f0135cb,SKL_c9ce5d8cbc63,essential,ESCO
OCC_46b37f0135cb,SKL_1a4ed06c76f8,essential,ESCO
OCC_46b37f0135cb,SKL_526faf3276ed,essential,ESCO
OCC_46b37f0135cb,SKL_29a041579e4f,essential,ESCO
OCC_46b37f0135cb,SKL_29b4410cdb6a,essential,ESCO
OCC_46b37f0135cb,SKL_65a88136df69,essential,ESCO
OCC_46b37f0135cb,SKL_c3e053b207ff,essential,ESCO
OCC_46b37f0135cb,SKL_2bc91d00f4a3,essential,ESCO
OCC_46b37f0135cb,SKL_8e2350e55802,essential,ESCO
OCC_46b37f0135cb,SKL_06308bef515a,optional,ESCO
OCC_46b37f0135cb,SKL_9e68f3a8a66f,optional,ESCO
OCC_46b37f0135cb,SKL_b5bcb2fa8e6d,optional,ESCO
OCC_46b37f0135cb,SKL_2160823e5269,optional,ESCO
OCC_46b37f0135cb,SKL_07fed61b3215,optional,ESCO
OCC_46b37f0135cb,SKL_59ede493c1cb,optional,ESCO
OCC_46b37f0135cb,SKL_75fa31fda74f,optional,ESCO
OCC_46b37f0135cb,SKL_af0f4e78c7a3,optional,ESCO
OCC_46b37f0135cb,SKL_d275975f2053,optional,ESCO
OCC_46b37f0135cb,SKL_aa5317f0efb0,optional,ESCO
OCC_46b37f0135cb,SKL_179834b0ac6e,optional,ESCO
OCC_46b37f0135cb,SKL_344586fe5542,optional,ESCO
OCC_46b37f0135cb,SKL_d0035b994078,optional,ESCO
OCC_46b37f0135cb,SKL_3aa64195f966,optional,ESCO
OCC_46b37f0135cb,SKL_9047686e98fd,optional,ESCO
OCC_46b37f0135cb,SKL_abed322709f3,optional,ESCO
OCC_46b37f0135cb,SKL_d2f9a7bfd5f5,optional,ESCO
OCC_46b37f0135cb,SKL_308342e28b73,optional,ESCO
OCC_46b37f0135cb,SKL_b56d62566d72,optional,ESCO
OCC_46b37f0135cb,SKL_9c97e63afd1a,optional,ESCO
OCC_46b37f0135cb,SKL_e7f0a7064c6a,optional,ESCO
OCC_46b37f0135cb,SKL_35ffdabbb177,optional,ESCO
OCC_46b37f0135cb,SKL_ae19bc58bf36,optional,ESCO
OCC_46b37f0135cb,SKL_de055ba807c1,optional,ESCO
OCC_46b37f0135cb,SKL_4d76ad90efb3,optional,ESCO
OCC_46b37f0135cb,SKL_31eb2c110ee8,optional,ESCO
OCC_46b37f0135cb,SKL_9af593147852,optional,ESCO
OCC_46b37f0135cb,SKL_af1d52e02300,optional,ESCO
OCC_46b37f0135cb,SKL_21b88a75c61d,optional,ESCO
OCC_46b37f0135cb,SKL_ea47db501b9f,optional,ESCO
OCC_46b37f0135cb,SKL_1a9765b43218,optional,ESCO
OCC_46b37f0135cb,SKL_008e59920331,optional,ESCO
OCC_46b37f0135cb,SKL_3de0d077508a,optional,ESCO
OCC_46b37f0135cb,SKL_e236a38c4a85,optional,ESCO
OCC_46b37f0135cb,SKL_09ae9c4724e9,optional,ESCO
OCC_46b37f0135cb,SKL_dc718588b284,optional,ESCO
OCC_46b37f0135cb,SKL_a1ccdf3bf43e,optional,ESCO
OCC_8b508c20ce1d,SKL_f20abbe40df9,essential,ESCO
OCC_8b508c20ce1d,SKL_136d1d682b59,essential,ESCO
OCC_8b508c20ce1d,SKL_ab670ca70003,essential,ESCO
OCC_8b508c20ce1d,SKL_ab0615922027,essential,ESCO
OCC_8b508c20ce1d,SKL_0e0ddaf5873f,essential,ESCO
OCC_8b508c20ce1d,SKL_60b13581782d,essential,ESCO
OCC_8b508c20ce1d,SKL_a4917fa3f867,essential,ESCO
OCC_8b508c20ce1d,SKL_54188f599eea,essential,ESCO
OCC_8b508c20ce1d,SKL_8e9e543761d2,essential,ESCO
OCC_8b508c20ce1d,SKL_c70564109e85,essential,ESCO
OCC_8b508c20ce1d,SKL_c0d9b25a3929,essential,ESCO
OCC_8b508c20ce1d,SKL_f8cdff52e6ee,essential,ESCO
OCC_8b508c20ce1d,SKL_bbc55bdf9279,essential,ESCO
OCC_8b508c20ce1d,SKL_a5dbeab6c38b,essential,ESCO
OCC_8b508c20ce1d,SKL_43bb22c2490d,essential,ESCO
OCC_8b508c20ce1d,SKL_7fcbb1e10b41,essential,ESCO
OCC_8b508c20ce1d,SKL_cf37addf3a96,essential,ESCO
OCC_8b508c20ce1d,SKL_e0406f8bed59,essential,ESCO
OCC_8b508c20ce1d,SKL_fa6716bd970c,essential,ESCO
OCC_8b508c20ce1d,SKL_08aae3431f2b,essential,ESCO
OCC_8b508c20ce1d,SKL_84e2db4e5f1a,essential,ESCO
OCC_8b508c20ce1d,SKL_79d7ba26c340,essential,ESCO
OCC_8b508c20ce1d,SKL_a1ccdf3bf43e,essential,ESCO
OCC_8b508c20ce1d,SKL_2160823e5269,optional,ESCO
OCC_8b508c20ce1d,SKL_96926ab90fab,optional,ESCO
OCC_8b508c20ce1d,SKL_362baba5cb5a,optional,ESCO
OCC_8b508c20ce1d,SKL_fa6cd7a6ceb9,optional,ESCO
OCC_8b508c20ce1d,SKL_1d9be898b4cf,optional,ESCO
OCC_8b508c20ce1d,SKL_5575f7d77069,optional,ESCO
OCC_8b508c20ce1d,SKL_07a7e2a00de2,optional,ESCO
OCC_8b508c20ce1d,SKL_edbffb865bc9,optional,ESCO
OCC_8b508c20ce1d,SKL_74a5a5844b4c,optional,ESCO
OCC_8b508c20ce1d,SKL_df8fb6fe7b07,optional,ESCO
OCC_8b508c20ce1d,SKL_de759b6256cc,optional,ESCO
OCC_8b508c20ce1d,SKL_ae19bc58bf36,optional,ESCO
OCC_8b508c20ce1d,SKL_e681e8b852a4,optional,ESCO
OCC_8b508c20ce1d,SKL_1cd624314ce9,optional,ESCO
OCC_8b508c20ce1d,SKL_4d76ad90efb3,optional,ESCO
OCC_8b508c20ce1d,SKL_a03ccdacfdcf,optional,ESCO
OCC_8b508c20ce1d,SKL_53fbbdc90e13,optional,ESCO
OCC_8b508c20ce1d,SKL_02c69b93451d,optional,ESCO
OCC_8b508c20ce1d,SKL_dc34bf5c3028,optional,ESCO
OCC_8b508c20ce1d,SKL_d67dfc4ee39e,optional,ESCO
OCC_8b508c20ce1d,SKL_ad07bc17b05e,optional,ESCO
OCC_8b508c20ce1d,SKL_9f1382e6691b,optional,ESCO
OCC_8b508c20ce1d,SKL_06efd7af6dfc,optional,ESCO
OCC_8b508c20ce1d,SKL_1a9765b43218,optional,ESCO
OCC_8b508c20ce1d,SKL_1d913cbdf27e,optional,ESCO
OCC_8b508c20ce1d,SKL_f777a42c8a7a,optional,ESCO
OCC_8b508c20ce1d,SKL_7ac1f1abe404,optional,ESCO
OCC_8b508c20ce1d,SKL_e3c6c843b14b,optional,ESCO
OCC_8b508c20ce1d,SKL_109edeaf36eb,optional,ESCO
OCC_8b508c20ce1d,SKL_42b850072160,optional,ESCO
OCC_8b508c20ce1d,SKL_eed64f813250,optional,ESCO
OCC_8b508c20ce1d,SKL_2a5b118ca0e3,optional,ESCO
OCC_8b508c20ce1d,SKL_b7ce81979709,optional,ESCO
OCC_8b508c20ce1d,SKL_f4563277b108,optional,ESCO
OCC_8b508c20ce1d,SKL_d1bba9e6fc67,optional,ESCO
OCC_8b508c20ce1d,SKL_ae7e75a47fef,optional,ESCO
OCC_8b508c20ce1d,SKL_6f15480a7a8b,optional,ESCO
OCC_8b508c20ce1d,SKL_9b29beea7c1b,optional,ESCO
OCC_8b508c20ce1d,SKL_40d131c16648,optional,ESCO
OCC_8b508c20ce1d,SKL_5ca14d6a9200,optional,ESCO
OCC_8b508c20ce1d,SKL_92c7bf31c854,optional,ESCO
OCC_8b508c20ce1d,SKL_e2dbc508cb21,optional,ESCO
OCC_8b508c20ce1d,SKL_096204475b7f,optional,ESCO
OCC_8b508c20ce1d,SKL_298f3454c212,optional,ESCO
OCC_8b508c20ce1d,SKL_0639d47eb735,optional,ESCO
OCC_8b508c20ce1d,SKL_789c67df42ab,optional,ESCO
OCC_8b508c20ce1d,SKL_f388889ccd53,optional,ESCO
OCC_8b508c20ce1d,SKL_ebb4510ed841,optional,ESCO
OCC_8b508c20ce1d,SKL_1911edef9778,optional,ESCO
OCC_8b508c20ce1d,SKL_5dcc8e458213,optional,ESCO
OCC_8b508c20ce1d,SKL_26bcb7a7c221,optional,ESCO
OCC_8b508c20ce1d,SKL_b89955b20777,optional,ESCO
OCC_cbee4548194c,SKL_d546743b9da1,essential,ESCO
OCC_cbee4548194c,SKL_2f6bd9df1a40,essential,ESCO
OCC_cbee4548194c,SKL_def6ad401f98,essential,ESCO
OCC_cbee4548194c,SKL_3c1c97314648,essential,ESCO
OCC_cbee4548194c,SKL_5bed2e74daf6,essential,ESCO
OCC_cbee4548194c,SKL_c6ec40ea85b9,essential,ESCO
OCC_cbee4548194c,SKL_9f1382e6691b,essential,ESCO
OCC_cbee4548194c,SKL_53715a6035cb,essential,ESCO
OCC_cbee4548194c,SKL_23352a87e7bc,essential,ESCO
OCC_cbee4548194c,SKL_16afd0438ee4,essential,ESCO
OCC_cbee4548194c,SKL_42b850072160,essential,ESCO
OCC_cbee4548194c,SKL_c3f4e7eee5b0,essential,ESCO
OCC_cbee4548194c,SKL_2a5b118ca0e3,essential,ESCO
OCC_cbee4548194c,SKL_b973384e0f00,essential,ESCO
OCC_cbee4548194c,SKL_e165ed88641f,essential,ESCO
OCC_cbee4548194c,SKL_d453c9ea1d9c,essential,ESCO
OCC_cbee4548194c,SKL_b1c2a4bc445a,essential,ESCO
OCC_cbee4548194c,SKL_b1d3c0bd074a,essential,ESCO
OCC_cbee4548194c,SKL_79d7ba26c340,essential,ESCO
OCC_cbee4548194c,SKL_00bf18ce904e,essential,ESCO
OCC_cbee4548194c,SKL_8e2350e55802,essential,ESCO
OCC_cbee4548194c,SKL_36dcc4135ed3,optional,ESCO
OCC_cbee4548194c,SKL_6d0bdba7a8b1,optional,ESCO
OCC_cbee4548194c,SKL_2160823e5269,optional,ESCO
OCC_cbee4548194c,SKL_ab0615922027,optional,ESCO
OCC_cbee4548194c,SKL_4f8027620713,optional,ESCO
OCC_cbee4548194c,SKL_54188f599eea,optional,ESCO
OCC_cbee4548194c,SKL_66664fb959be,optional,ESCO
OCC_cbee4548194c,SKL_4a174ce373ac,optional,ESCO
OCC_cbee4548194c,SKL_bbc55bdf9279,optional,ESCO
OCC_cbee4548194c,SKL_f335ed0ef250,optional,ESCO
OCC_cbee4548194c,SKL_36cc2d6edd1a,optional,ESCO
OCC_cbee4548194c,SKL_0af13c576273,optional,ESCO
OCC_cbee4548194c,SKL_cd1a8c17e323,optional,ESCO
OCC_cbee4548194c,SKL_8dad71fe8c3c,optional,ESCO
OCC_cbee4548194c,SKL_8c107549fe5b,optional,ESCO
OCC_cbee4548194c,SKL_4156ea9aa526,optional,ESCO
OCC_cbee4548194c,SKL_31eb2c110ee8,optional,ESCO
OCC_cbee4548194c,SKL_a56b1ef6f421,optional,ESCO
OCC_cbee4548194c,SKL_ad07bc17b05e,optional,ESCO
OCC_cbee4548194c,SKL_c6b378206477,optional,ESCO
OCC_cbee4548194c,SKL_e4518a5681c9,optional,ESCO
OCC_cbee4548194c,SKL_736069c45b6d,optional,ESCO
OCC_cbee4548194c,SKL_e2dbc508cb21,optional,ESCO
OCC_cbee4548194c,SKL_f388889ccd53,optional,ESCO
OCC_89f4b0de8aeb,SKL_6fce2b343b90,essential,ESCO
OCC_89f4b0de8aeb,SKL_1d9be898b4cf,essential,ESCO
OCC_89f4b0de8aeb,SKL_eababd164e1d,essential,ESCO
OCC_89f4b0de8aeb,SKL_a45566a0c0ec,essential,ESCO
OCC_89f4b0de8aeb,SKL_66664fb959be,essential,ESCO
OCC_89f4b0de8aeb,SKL_36d64273ebbf,essential,ESCO
OCC_89f4b0de8aeb,SKL_5d725c59527d,essential,ESCO
OCC_89f4b0de8aeb,SKL_c684401efd06,essential,ESCO
OCC_89f4b0de8aeb,SKL_d49491e2fcc6,essential,ESCO
OCC_89f4b0de8aeb,SKL_0b6d0771361b,essential,ESCO
OCC_89f4b0de8aeb,SKL_e0406f8bed59,essential,ESCO
OCC_89f4b0de8aeb,SKL_d59c1c655f17,essential,ESCO
OCC_89f4b0de8aeb,SKL_891fd5e04d20,essential,ESCO
OCC_89f4b0de8aeb,SKL_e439fbbfbc7a,essential,ESCO
OCC_89f4b0de8aeb,SKL_8a9651b100b9,essential,ESCO
OCC_89f4b0de8aeb,SKL_ce7987c9b48d,essential,ESCO
OCC_89f4b0de8aeb,SKL_2413edb46063,essential,ESCO
OCC_89f4b0de8aeb,SKL_3e8275119d50,optional,ESCO
OCC_89f4b0de8aeb,SKL_e22e3873e2aa,optional,ESCO
OCC_89f4b0de8aeb,SKL_ad5527904d9f,optional,ESCO
OCC_89f4b0de8aeb,SKL_36dcc4135ed3,optional,ESCO
OCC_89f4b0de8aeb,SKL_9b5584008e66,optional,ESCO
OCC_89f4b0de8aeb,SKL_962ed8d38c4e,optional,ESCO
OCC_89f4b0de8aeb,SKL_99c6f04ac23c,optional,ESCO
OCC_89f4b0de8aeb,SKL_9cdd580294bf,optional,ESCO
OCC_89f4b0de8aeb,SKL_faa48d074cba,optional,ESCO
OCC_89f4b0de8aeb,SKL_9fc5ffd462ae,optional,ESCO
OCC_89f4b0de8aeb,SKL_47511c703fca,optional,ESCO
OCC_89f4b0de8aeb,SKL_59c64ba70b70,optional,ESCO
OCC_89f4b0de8aeb,SKL_a5bd02f3490e,optional,ESCO
OCC_89f4b0de8aeb,SKL_e83ea15281a7,optional,ESCO
OCC_89f4b0de8aeb,SKL_1124817a720e,optional,ESCO
OCC_89f4b0de8aeb,SKL_0e0ddaf5873f,optional,ESCO
OCC_89f4b0de8aeb,SKL_46088f1661b7,optional,ESCO
OCC_89f4b0de8aeb,SKL_17a6cda90b85,optional,ESCO
OCC_89f4b0de8aeb,SKL_a43bcca2465e,optional,ESCO
OCC_89f4b0de8aeb,SKL_a913b683ebd9,optional,ESCO
OCC_89f4b0de8aeb,SKL_cccca3da833a,optional,ESCO
OCC_89f4b0de8aeb,SKL_4f2bd02de76a,optional,ESCO
OCC_89f4b0de8aeb,SKL_f6f390848b58,optional,ESCO
OCC_89f4b0de8aeb,SKL_c9160ddc7dcd,optional,ESCO
OCC_89f4b0de8aeb,SKL_88eabaa2c80d,optional,ESCO
OCC_89f4b0de8aeb,SKL_d537dfcccc25,optional,ESCO
OCC_89f4b0de8aeb,SKL_ccd10a9e58b7,optional,ESCO
OCC_89f4b0de8aeb,SKL_8c66ec45bce8,optional,ESCO
OCC_89f4b0de8aeb,SKL_327b78a43765,optional,ESCO
OCC_89f4b0de8aeb,SKL_175902ab3712,optional,ESCO
OCC_89f4b0de8aeb,SKL_83dfa0298e85,optional,ESCO
OCC_89f4b0de8aeb,SKL_4ffa5c387846,optional,ESCO
OCC_89f4b0de8aeb,SKL_45b5255faa15,optional,ESCO
OCC_89f4b0de8aeb,SKL_f858e811b523,optional,ESCO
OCC_89f4b0de8aeb,SKL_6b4086c51411,optional,ESCO
OCC_89f4b0de8aeb,SKL_fddfe276744e,optional,ESCO
OCC_89f4b0de8aeb,SKL_5ee8a7543f31,optional,ESCO
OCC_89f4b0de8aeb,SKL_5a85416c775f,optional,ESCO
OCC_89f4b0de8aeb,SKL_eac191d41595,optional,ESCO
OCC_89f4b0de8aeb,SKL_86eb8b674662,optional,ESCO
OCC_89f4b0de8aeb,SKL_de759b6256cc,optional,ESCO
OCC_89f4b0de8aeb,SKL_b52f6b21f082,optional,ESCO
OCC_89f4b0de8aeb,SKL_224770e9399c,optional,ESCO
OCC_89f4b0de8aeb,SKL_81167559edfd,optional,ESCO
OCC_89f4b0de8aeb,SKL_4687c1d5b8d4,optional,ESCO
OCC_89f4b0de8aeb,SKL_1cd624314ce9,optional,ESCO
OCC_89f4b0de8aeb,SKL_f76e03586a5e,optional,ESCO
OCC_89f4b0de8aeb,SKL_2b386dc088dc,optional,ESCO
OCC_89f4b0de8aeb,SKL_61058691b0ef,optional,ESCO
OCC_89f4b0de8aeb,SKL_5846d47024c9,optional,ESCO
OCC_89f4b0de8aeb,SKL_31eb2c110ee8,optional,ESCO
OCC_89f4b0de8aeb,SKL_7019e9976329,optional,ESCO
OCC_89f4b0de8aeb,SKL_df69f4055e0d,optional,ESCO
OCC_89f4b0de8aeb,SKL_47f2166fb857,optional,ESCO
OCC_89f4b0de8aeb,SKL_baba1c8d18ea,optional,ESCO
OCC_89f4b0de8aeb,SKL_ab58f79b14a7,optional,ESCO
OCC_89f4b0de8aeb,SKL_fc36ef6f31c9,optional,ESCO
OCC_89f4b0de8aeb,SKL_138d3c16c190,optional,ESCO
OCC_89f4b0de8aeb,SKL_f9a3c3ad2595,optional,ESCO
OCC_89f4b0de8aeb,SKL_b1d3c0bd074a,optional,ESCO
OCC_89f4b0de8aeb,SKL_487dc7976c4c,optional,ESCO
OCC_3e502e92822a,SKL_dedf1948afc3,essential,ESCO
OCC_3e502e92822a,SKL_4f8027620713,essential,ESCO
OCC_3e502e92822a,SKL_f335ed0ef250,essential,ESCO
OCC_3e502e92822a,SKL_25e293017929,essential,ESCO
OCC_3e502e92822a,SKL_74015909b033,essential,ESCO
OCC_3e502e92822a,SKL_b9899d180c91,essential,ESCO
OCC_3e502e92822a,SKL_1da867302f5b,essential,ESCO
OCC_3e502e92822a,SKL_b66a815da958,essential,ESCO
OCC_3e502e92822a,SKL_873cfe48c2ce,essential,ESCO
OCC_3e502e92822a,SKL_62237838ecde,essential,ESCO
OCC_3e502e92822a,SKL_3e8275119d50,optional,ESCO
OCC_3e502e92822a,SKL_e22e3873e2aa,optional,ESCO
OCC_3e502e92822a,SKL_ad5527904d9f,optional,ESCO
OCC_3e502e92822a,SKL_6df9c3907c46,optional,ESCO
OCC_3e502e92822a,SKL_9b5584008e66,optional,ESCO
OCC_3e502e92822a,SKL_962ed8d38c4e,optional,ESCO
OCC_3e502e92822a,SKL_9cdd580294bf,optional,ESCO
OCC_3e502e92822a,SKL_faa48d074cba,optional,ESCO
OCC_3e502e92822a,SKL_9fc5ffd462ae,optional,ESCO
OCC_3e502e92822a,SKL_07fed61b3215,optional,ESCO
OCC_3e502e92822a,SKL_59c64ba70b70,optional,ESCO
OCC_3e502e92822a,SKL_a5bd02f3490e,optional,ESCO
OCC_3e502e92822a,SKL_e83ea15281a7,optional,ESCO
OCC_3e502e92822a,SKL_eababd164e1d,optional,ESCO
OCC_3e502e92822a,SKL_1124817a720e,optional,ESCO
OCC_3e502e92822a,SKL_d275975f2053,optional,ESCO
OCC_3e502e92822a,SKL_46088f1661b7,optional,ESCO
OCC_3e502e92822a,SKL_17a6cda90b85,optional,ESCO
OCC_3e502e92822a,SKL_a43bcca2465e,optional,ESCO
OCC_3e502e92822a,SKL_a913b683ebd9,optional,ESCO
OCC_3e502e92822a,SKL_cccca3da833a,optional,ESCO
OCC_3e502e92822a,SKL_4f2bd02de76a,optional,ESCO
OCC_3e502e92822a,SKL_f6f390848b58,optional,ESCO
OCC_3e502e92822a,SKL_c9160ddc7dcd,optional,ESCO
OCC_3e502e92822a,SKL_88eabaa2c80d,optional,ESCO
OCC_3e502e92822a,SKL_d537dfcccc25,optional,ESCO
OCC_3e502e92822a,SKL_ccd10a9e58b7,optional,ESCO
OCC_3e502e92822a,SKL_d0035b994078,optional,ESCO
OCC_3e502e92822a,SKL_def6ad401f98,optional,ESCO
OCC_3e502e92822a,SKL_5fd1a916f288,optional,ESCO
OCC_3e502e92822a,SKL_45b5255faa15,optional,ESCO
OCC_3e502e92822a,SKL_f858e811b523,optional,ESCO
OCC_3e502e92822a,SKL_6b4086c51411,optional,ESCO
OCC_3e502e92822a,SKL_1a3570884e47,optional,ESCO
OCC_3e502e92822a,SKL_fddfe276744e,optional,ESCO
OCC_3e502e92822a,SKL_5ee8a7543f31,optional,ESCO
OCC_3e502e92822a,SKL_185b1ce4d13f,optional,ESCO
OCC_3e502e92822a,SKL_5a85416c775f,optional,ESCO
OCC_3e502e92822a,SKL_308342e28b73,optional,ESCO
OCC_3e502e92822a,SKL_86eb8b674662,optional,ESCO
OCC_3e502e92822a,SKL_de759b6256cc,optional,ESCO
OCC_3e502e92822a,SKL_a8e640d3772f,optional,ESCO
OCC_3e502e92822a,SKL_b52f6b21f082,optional,ESCO
OCC_3e502e92822a,SKL_224770e9399c,optional,ESCO
OCC_3e502e92822a,SKL_e681e8b852a4,optional,ESCO
OCC_3e502e92822a,SKL_81167559edfd,optional,ESCO
OCC_3e502e92822a,SKL_027b4b2aa1a9,optional,ESCO
OCC_3e502e92822a,SKL_cd1a8c17e323,optional,ESCO
OCC_3e502e92822a,SKL_de055ba807c1,optional,ESCO
OCC_3e502e92822a,SKL_1cd624314ce9,optional,ESCO
OCC_3e502e92822a,SKL_2b386dc088dc,optional,ESCO
OCC_3e502e92822a,SKL_53fbbdc90e13,optional,ESCO
OCC_3e502e92822a,SKL_02c69b93451d,optional,ESCO
OCC_3e502e92822a,SKL_61058691b0ef,optional,ESCO
OCC_3e502e92822a,SKL_5846d47024c9,optional,ESCO
OCC_3e502e92822a,SKL_7019e9976329,optional,ESCO
OCC_3e502e92822a,SKL_df69f4055e0d,optional,ESCO
OCC_3e502e92822a,SKL_c6ec40ea85b9,optional,ESCO
OCC_3e502e92822a,SKL_ea47db501b9f,optional,ESCO
OCC_3e502e92822a,SKL_fc36ef6f31c9,optional,ESCO
OCC_3e502e92822a,SKL_621054dadc59,optional,ESCO
OCC_3e502e92822a,SKL_c2ce930d35e3,optional,ESCO
OCC_3e502e92822a,SKL_671240690479,optional,ESCO
OCC_3e502e92822a,SKL_c9ce5d8cbc63,optional,ESCO
OCC_3e502e92822a,SKL_666b5797ca38,optional,ESCO
OCC_3e502e92822a,SKL_fa3ca530b552,optional,ESCO
OCC_3e502e92822a,SKL_c92f3cc793bd,optional,ESCO
OCC_3e502e92822a,SKL_3bd4dede8a96,optional,ESCO
OCC_3e502e92822a,SKL_2b9b57d62800,optional,ESCO
OCC_3e502e92822a,SKL_b145b502032c,optional,ESCO
OCC_127c8b092532,SKL_45d570f6033e,essential,ESCO
OCC_127c8b092532,SKL_a973c6971015,essential,ESCO
OCC_127c8b092532,SKL_0b061adb652d,essential,ESCO
OCC_127c8b092532,SKL_373c6aa909f7,essential,ESCO
OCC_127c8b092532,SKL_8137328e7791,essential,ESCO
OCC_127c8b092532,SKL_3f11287772f2,essential,ESCO
OCC_127c8b092532,SKL_f66d4af78875,essential,ESCO
OCC_127c8b092532,SKL_c6b378206477,essential,ESCO
OCC_127c8b092532,SKL_e8bdfaeac68e,essential,ESCO
OCC_127c8b092532,SKL_66c6102cf4f7,essential,ESCO
OCC_127c8b092532,SKL_1a4ed06c76f8,essential,ESCO
OCC_127c8b092532,SKL_1e5d6fd05d45,essential,ESCO
OCC_127c8b092532,SKL_628f1410a7a6,essential,ESCO
OCC_127c8b092532,SKL_5e9ec004678c,essential,ESCO
OCC_127c8b092532,SKL_c3e053b207ff,essential,ESCO
OCC_127c8b092532,SKL_74b00626b81c,essential,ESCO
OCC_127c8b092532,SKL_c1394cfd59bd,optional,ESCO
OCC_127c8b092532,SKL_5947e7bab77c,optional,ESCO
OCC_127c8b092532,SKL_bbb9030c3abd,optional,ESCO
OCC_127c8b092532,SKL_e7fb6eaf90b6,optional,ESCO
OCC_127c8b092532,SKL_ad07bc17b05e,optional,ESCO
OCC_127c8b092532,SKL_ecda4ba6345b,optional,ESCO
OCC_127c8b092532,SKL_621054dadc59,optional,ESCO
OCC_127c8b092532,SKL_0247ba633d54,optional,ESCO
OCC_127c8b092532,SKL_1911edef9778,optional,ESCO
OCC_127c8b092532,SKL_f67b6e3d70d2,optional,ESCO
OCC_127c8b092532,SKL_f1c997d8743f,optional,ESCO
OCC_127c8b092532,SKL_2ed93fb179ee,optional,ESCO
OCC_c7ddb7ad3c99,SKL_a33504a35440,essential,ESCO
OCC_c7ddb7ad3c99,SKL_f5f12231001c,essential,ESCO
OCC_c7ddb7ad3c99,SKL_d3d9af86ef84,essential,ESCO
OCC_c7ddb7ad3c99,SKL_2e445df6f74b,essential,ESCO
OCC_c7ddb7ad3c99,SKL_f8cdff52e6ee,essential,ESCO
OCC_c7ddb7ad3c99,SKL_0ae8aa439cc1,essential,ESCO
OCC_c7ddb7ad3c99,SKL_1a3570884e47,essential,ESCO
OCC_c7ddb7ad3c99,SKL_185b1ce4d13f,essential,ESCO
OCC_c7ddb7ad3c99,SKL_f18769bf13e8,essential,ESCO
OCC_c7ddb7ad3c99,SKL_8225f6572e45,essential,ESCO
OCC_c7ddb7ad3c99,SKL_2826cd7b523c,essential,ESCO
OCC_c7ddb7ad3c99,SKL_1c64576763e5,essential,ESCO
OCC_c7ddb7ad3c99,SKL_caa92afcdf36,essential,ESCO
OCC_c7ddb7ad3c99,SKL_2e64fb93c3f2,essential,ESCO
OCC_c7ddb7ad3c99,SKL_d00c0cbdf6af,essential,ESCO
OCC_c7ddb7ad3c99,SKL_929f2bc40d7c,essential,ESCO
OCC_c7ddb7ad3c99,SKL_d59c1c655f17,essential,ESCO
OCC_c7ddb7ad3c99,SKL_8845df37d0d0,essential,ESCO
OCC_c7ddb7ad3c99,SKL_b56c95aeb880,essential,ESCO
OCC_c7ddb7ad3c99,SKL_ea96d8f39e81,essential,ESCO
OCC_c7ddb7ad3c99,SKL_056d3e37266e,essential,ESCO
OCC_c7ddb7ad3c99,SKL_c0a2e4a81fa2,essential,ESCO
OCC_c7ddb7ad3c99,SKL_27d19457db14,essential,ESCO
OCC_c7ddb7ad3c99,SKL_7493dcb6b2b6,essential,ESCO
OCC_c7ddb7ad3c99,SKL_1e8fe35aac35,essential,ESCO
OCC_c7ddb7ad3c99,SKL_a0910b4e42c4,essential,ESCO
OCC_c7ddb7ad3c99,SKL_3b1c6e0aad62,essential,ESCO
OCC_c7ddb7ad3c99,SKL_8a9651b100b9,essential,ESCO
OCC_c7ddb7ad3c99,SKL_3e8275119d50,optional,ESCO
OCC_c7ddb7ad3c99,SKL_e22e3873e2aa,optional,ESCO
OCC_c7ddb7ad3c99,SKL_ad5527904d9f,optional,ESCO
OCC_c7ddb7ad3c99,SKL_6df9c3907c46,optional,ESCO
OCC_c7ddb7ad3c99,SKL_9b5584008e66,optional,ESCO
OCC_c7ddb7ad3c99,SKL_962ed8d38c4e,optional,ESCO
OCC_c7ddb7ad3c99,SKL_9cdd580294bf,optional,ESCO
OCC_c7ddb7ad3c99,SKL_faa48d074cba,optional,ESCO
OCC_c7ddb7ad3c99,SKL_9fc5ffd462ae,optional,ESCO
OCC_c7ddb7ad3c99,SKL_07fed61b3215,optional,ESCO
OCC_c7ddb7ad3c99,SKL_59c64ba70b70,optional,ESCO
OCC_c7ddb7ad3c99,SKL_a5bd02f3490e,optional,ESCO
OCC_c7ddb7ad3c99,SKL_e83ea15281a7,optional,ESCO
OCC_c7ddb7ad3c99,SKL_1124817a720e,optional,ESCO
OCC_c7ddb7ad3c99,SKL_c993c6aecf8e,optional,ESCO
OCC_c7ddb7ad3c99,SKL_2bf7432b2d4b,optional,ESCO
OCC_c7ddb7ad3c99,SKL_d275975f2053,optional,ESCO
OCC_c7ddb7ad3c99,SKL_46088f1661b7,optional,ESCO
OCC_c7ddb7ad3c99,SKL_17a6cda90b85,optional,ESCO
OCC_c7ddb7ad3c99,SKL_a43bcca2465e,optional,ESCO
OCC_c7ddb7ad3c99,SKL_f46a3a3c6551,optional,ESCO
OCC_c7ddb7ad3c99,SKL_a913b683ebd9,optional,ESCO
OCC_c7ddb7ad3c99,SKL_a2eb07d964f7,optional,ESCO
OCC_c7ddb7ad3c99,SKL_f6f390848b58,optional,ESCO
OCC_c7ddb7ad3c99,SKL_93be9082045c,optional,ESCO
OCC_c7ddb7ad3c99,SKL_005ef90287cd,optional,ESCO
OCC_c7ddb7ad3c99,SKL_c9160ddc7dcd,optional,ESCO
OCC_c7ddb7ad3c99,SKL_88eabaa2c80d,optional,ESCO
OCC_c7ddb7ad3c99,SKL_d537dfcccc25,optional,ESCO
OCC_c7ddb7ad3c99,SKL_ccd10a9e58b7,optional,ESCO
OCC_c7ddb7ad3c99,SKL_d0035b994078,optional,ESCO
OCC_c7ddb7ad3c99,SKL_6062e63b2ca0,optional,ESCO
OCC_c7ddb7ad3c99,SKL_f858e811b523,optional,ESCO
OCC_c7ddb7ad3c99,SKL_1058cd52f3ac,optional,ESCO
OCC_c7ddb7ad3c99,SKL_6b4086c51411,optional,ESCO
OCC_c7ddb7ad3c99,SKL_fddfe276744e,optional,ESCO
OCC_c7ddb7ad3c99,SKL_5ee8a7543f31,optional,ESCO
OCC_c7ddb7ad3c99,SKL_5a85416c775f,optional,ESCO
OCC_c7ddb7ad3c99,SKL_308342e28b73,optional,ESCO
OCC_c7ddb7ad3c99,SKL_d3d208a9be71,optional,ESCO
OCC_c7ddb7ad3c99,SKL_86eb8b674662,optional,ESCO
OCC_c7ddb7ad3c99,SKL_de759b6256cc,optional,ESCO
OCC_c7ddb7ad3c99,SKL_6979c42dcb59,optional,ESCO
OCC_c7ddb7ad3c99,SKL_b52f6b21f082,optional,ESCO
OCC_c7ddb7ad3c99,SKL_224770e9399c,optional,ESCO
OCC_c7ddb7ad3c99,SKL_e681e8b852a4,optional,ESCO
OCC_c7ddb7ad3c99,SKL_26e38c8d0849,optional,ESCO
OCC_c7ddb7ad3c99,SKL_81167559edfd,optional,ESCO
OCC_c7ddb7ad3c99,SKL_cd1a8c17e323,optional,ESCO
OCC_c7ddb7ad3c99,SKL_7b4f8244da7c,optional,ESCO
OCC_c7ddb7ad3c99,SKL_de055ba807c1,optional,ESCO
OCC_c7ddb7ad3c99,SKL_1cd624314ce9,optional,ESCO
OCC_c7ddb7ad3c99,SKL_2b386dc088dc,optional,ESCO
OCC_c7ddb7ad3c99,SKL_53fbbdc90e13,optional,ESCO
OCC_c7ddb7ad3c99,SKL_a7c157e96f4c,optional,ESCO
OCC_c7ddb7ad3c99,SKL_02c69b93451d,optional,ESCO
OCC_c7ddb7ad3c99,SKL_61058691b0ef,optional,ESCO
OCC_c7ddb7ad3c99,SKL_26d8f2754836,optional,ESCO
OCC_c7ddb7ad3c99,SKL_5846d47024c9,optional,ESCO
OCC_c7ddb7ad3c99,SKL_8c7f2a91dd54,optional,ESCO
OCC_c7ddb7ad3c99,SKL_fe01fa21ff02,optional,ESCO
OCC_c7ddb7ad3c99,SKL_7019e9976329,optional,ESCO
OCC_c7ddb7ad3c99,SKL_df69f4055e0d,optional,ESCO
OCC_c7ddb7ad3c99,SKL_52bb539de37f,optional,ESCO
OCC_c7ddb7ad3c99,SKL_ea47db501b9f,optional,ESCO
OCC_c7ddb7ad3c99,SKL_431affbbd0fa,optional,ESCO
OCC_c7ddb7ad3c99,SKL_fc36ef6f31c9,optional,ESCO
OCC_c7ddb7ad3c99,SKL_ac3d1669004c,optional,ESCO
OCC_c7ddb7ad3c99,SKL_25518c6e74b0,optional,ESCO
OCC_c7ddb7ad3c99,SKL_b4830b23bb8d,optional,ESCO
OCC_c7ddb7ad3c99,SKL_e0b7c20ad2a2,optional,ESCO
OCC_c7ddb7ad3c99,SKL_f24b2d743df5,optional,ESCO
OCC_c7ddb7ad3c99,SKL_993e5a908b00,optional,ESCO
OCC_c7ddb7ad3c99,SKL_be15098358f4,optional,ESCO
OCC_c7ddb7ad3c99,SKL_0f00ad51113a,optional,ESCO
OCC_c7ddb7ad3c99,SKL_1980883e820f,optional,ESCO
OCC_c7ddb7ad3c99,SKL_80e5a9774341,optional,ESCO
OCC_c7ddb7ad3c99,SKL_483e02923b41,optional,ESCO
OCC_c7ddb7ad3c99,SKL_dc718588b284,optional,ESCO
OCC_c7ddb7ad3c99,SKL_b1d3c0bd074a,optional,ESCO
OCC_c7ddb7ad3c99,SKL_0643ee1dab7c,optional,ESCO
OCC_c7ddb7ad3c99,SKL_67de2545bb79,optional,ESCO
OCC_991dd4068ca0,SKL_cd9a898340a1,essential,ESCO
OCC_991dd4068ca0,SKL_59c64ba70b70,essential,ESCO
OCC_991dd4068ca0,SKL_7f91d7bb9892,essential,ESCO
OCC_991dd4068ca0,SKL_140b9672ae2f,essential,ESCO
OCC_991dd4068ca0,SKL_a85869292402,essential,ESCO
OCC_991dd4068ca0,SKL_643fa956234d,essential,ESCO
OCC_991dd4068ca0,SKL_049ae1a3abf1,essential,ESCO
OCC_991dd4068ca0,SKL_598b19e5beee,essential,ESCO
OCC_991dd4068ca0,SKL_2621a1e8af59,essential,ESCO
OCC_991dd4068ca0,SKL_f7ccf4374ea5,essential,ESCO
OCC_991dd4068ca0,SKL_1cd624314ce9,essential,ESCO
OCC_991dd4068ca0,SKL_89277e719209,essential,ESCO
OCC_991dd4068ca0,SKL_52bb539de37f,essential,ESCO
OCC_991dd4068ca0,SKL_275e26b6cba9,essential,ESCO
OCC_991dd4068ca0,SKL_f8b61597f142,essential,ESCO
OCC_991dd4068ca0,SKL_138d3c16c190,essential,ESCO
OCC_991dd4068ca0,SKL_2246c5ebfabc,essential,ESCO
OCC_991dd4068ca0,SKL_cdbdc2d82920,essential,ESCO
OCC_991dd4068ca0,SKL_b1aa4a266780,essential,ESCO
OCC_991dd4068ca0,SKL_d4f9396de51d,essential,ESCO
OCC_991dd4068ca0,SKL_e9b9f4a1354d,essential,ESCO
OCC_991dd4068ca0,SKL_2be24dceca04,essential,ESCO
OCC_991dd4068ca0,SKL_4dd5e118bd42,essential,ESCO
OCC_991dd4068ca0,SKL_60ffa168db6b,essential,ESCO
OCC_991dd4068ca0,SKL_6187c92b007c,essential,ESCO
OCC_991dd4068ca0,SKL_9530b497844a,essential,ESCO
OCC_991dd4068ca0,SKL_014598d4e683,essential,ESCO
OCC_991dd4068ca0,SKL_64bb489b222a,essential,ESCO
OCC_991dd4068ca0,SKL_a64f321f488f,essential,ESCO
OCC_991dd4068ca0,SKL_d453c9ea1d9c,essential,ESCO
OCC_991dd4068ca0,SKL_8a9651b100b9,essential,ESCO
OCC_991dd4068ca0,SKL_3431a628a732,essential,ESCO
OCC_991dd4068ca0,SKL_d8758f64df30,optional,ESCO
OCC_991dd4068ca0,SKL_eababd164e1d,optional,ESCO
OCC_991dd4068ca0,SKL_c7c7c6f07c2b,optional,ESCO
OCC_991dd4068ca0,SKL_1a3570884e47,optional,ESCO
OCC_991dd4068ca0,SKL_185b1ce4d13f,optional,ESCO
OCC_991dd4068ca0,SKL_03a1d7f894e8,optional,ESCO
OCC_991dd4068ca0,SKL_4cd9c82e2b55,optional,ESCO
OCC_991dd4068ca0,SKL_d49491e2fcc6,optional,ESCO
OCC_991dd4068ca0,SKL_f76e03586a5e,optional,ESCO
OCC_991dd4068ca0,SKL_31729146cb82,optional,ESCO
OCC_991dd4068ca0,SKL_87447445d99d,optional,ESCO
OCC_991dd4068ca0,SKL_caa92afcdf36,optional,ESCO
OCC_991dd4068ca0,SKL_c2ce930d35e3,optional,ESCO
OCC_991dd4068ca0,SKL_e236a38c4a85,optional,ESCO
OCC_991dd4068ca0,SKL_071d40f9fd14,optional,ESCO
OCC_991dd4068ca0,SKL_8eaf90e6b080,optional,ESCO
OCC_991dd4068ca0,SKL_e31c30f07321,optional,ESCO
OCC_991dd4068ca0,SKL_2dc98e79752c,optional,ESCO
OCC_991dd4068ca0,SKL_1ce625596796,optional,ESCO
OCC_991dd4068ca0,SKL_67de2545bb79,optional,ESCO
OCC_b0446201413b,SKL_2160823e5269,essential,ESCO
OCC_b0446201413b,SKL_1d9be898b4cf,essential,ESCO
OCC_b0446201413b,SKL_59c64ba70b70,essential,ESCO
OCC_b0446201413b,SKL_ab0615922027,essential,ESCO
OCC_b0446201413b,SKL_eababd164e1d,essential,ESCO
OCC_b0446201413b,SKL_0e0ddaf5873f,essential,ESCO
OCC_b0446201413b,SKL_4f8027620713,essential,ESCO
OCC_b0446201413b,SKL_5575f7d77069,essential,ESCO
OCC_b0446201413b,SKL_54188f599eea,essential,ESCO
OCC_b0446201413b,SKL_c0d9b25a3929,essential,ESCO
OCC_b0446201413b,SKL_d67dfc4ee39e,essential,ESCO
OCC_b0446201413b,SKL_9f1382e6691b,essential,ESCO
OCC_b0446201413b,SKL_138d3c16c190,essential,ESCO
OCC_b0446201413b,SKL_1d913cbdf27e,essential,ESCO
OCC_b0446201413b,SKL_d4b8526448d7,essential,ESCO
OCC_b0446201413b,SKL_e0406f8bed59,essential,ESCO
OCC_b0446201413b,SKL_4da81ba8fc0e,essential,ESCO
OCC_b0446201413b,SKL_c3f4e7eee5b0,essential,ESCO
OCC_b0446201413b,SKL_74015909b033,essential,ESCO
OCC_b0446201413b,SKL_9530b497844a,essential,ESCO
OCC_b0446201413b,SKL_67a4d439c738,essential,ESCO
OCC_b0446201413b,SKL_55cd3dcd5e3b,essential,ESCO
OCC_b0446201413b,SKL_04d28b46c58b,essential,ESCO
OCC_b0446201413b,SKL_014598d4e683,essential,ESCO
OCC_b0446201413b,SKL_e439fbbfbc7a,essential,ESCO
OCC_b0446201413b,SKL_b66a815da958,essential,ESCO
OCC_b0446201413b,SKL_5ca14d6a9200,essential,ESCO
OCC_b0446201413b,SKL_8a9651b100b9,essential,ESCO
OCC_b0446201413b,SKL_65a88136df69,essential,ESCO
OCC_b0446201413b,SKL_2bc91d00f4a3,essential,ESCO
OCC_b0446201413b,SKL_8e2350e55802,essential,ESCO
OCC_b0446201413b,SKL_f20abbe40df9,optional,ESCO
OCC_b0446201413b,SKL_ab670ca70003,optional,ESCO
OCC_b0446201413b,SKL_4a174ce373ac,optional,ESCO
OCC_b0446201413b,SKL_ae19bc58bf36,optional,ESCO
OCC_b0446201413b,SKL_4d76ad90efb3,optional,ESCO
OCC_b0446201413b,SKL_c2ce930d35e3,optional,ESCO
OCC_b0446201413b,SKL_891fd5e04d20,optional,ESCO
OCC_b0446201413b,SKL_1911edef9778,optional,ESCO
OCC_b0446201413b,SKL_a056c33cbcd4,optional,ESCO
OCC_b0446201413b,SKL_67de2545bb79,optional,ESCO
OCC_7d1a8b2ea390,SKL_b0080b620fb2,essential,ESCO
OCC_7d1a8b2ea390,SKL_f5f12231001c,essential,ESCO
OCC_7d1a8b2ea390,SKL_1b5ba325ef7d,essential,ESCO
OCC_7d1a8b2ea390,SKL_480f7b8733f4,essential,ESCO
OCC_7d1a8b2ea390,SKL_b56d62566d72,essential,ESCO
OCC_7d1a8b2ea390,SKL_8225f6572e45,essential,ESCO
OCC_7d1a8b2ea390,SKL_ae19bc58bf36,essential,ESCO
OCC_7d1a8b2ea390,SKL_cd1a8c17e323,essential,ESCO
OCC_7d1a8b2ea390,SKL_431affbbd0fa,essential,ESCO
OCC_7d1a8b2ea390,SKL_f32027a81e9b,essential,ESCO
OCC_7d1a8b2ea390,SKL_4f28193013fe,essential,ESCO
OCC_7d1a8b2ea390,SKL_cdbdc2d82920,essential,ESCO
OCC_7d1a8b2ea390,SKL_e9b9f4a1354d,essential,ESCO
OCC_7d1a8b2ea390,SKL_8845df37d0d0,essential,ESCO
OCC_7d1a8b2ea390,SKL_dbbc353ff629,essential,ESCO
OCC_7d1a8b2ea390,SKL_1cf5e7517e2b,essential,ESCO
OCC_7d1a8b2ea390,SKL_e0b7c20ad2a2,essential,ESCO
OCC_7d1a8b2ea390,SKL_993e5a908b00,essential,ESCO
OCC_7d1a8b2ea390,SKL_7493dcb6b2b6,essential,ESCO
OCC_7d1a8b2ea390,SKL_c28e6064ca64,essential,ESCO
OCC_7d1a8b2ea390,SKL_3b874310b02a,essential,ESCO
OCC_7d1a8b2ea390,SKL_3431a628a732,essential,ESCO
OCC_7d1a8b2ea390,SKL_faa7a56e6d5d,essential,ESCO
OCC_7d1a8b2ea390,SKL_598b19e5beee,optional,ESCO
OCC_7d1a8b2ea390,SKL_a7c157e96f4c,optional,ESCO
OCC_7d1a8b2ea390,SKL_de2ce348c043,optional,ESCO
OCC_7d1a8b2ea390,SKL_0c20c36ec856,optional,ESCO
OCC_7d1a8b2ea390,SKL_1ce625596796,optional,ESCO
OCC_43a86b759733,SKL_72d077beb76d,essential,ESCO
OCC_43a86b759733,SKL_69701380f3af,essential,ESCO
OCC_43a86b759733,SKL_f4b0d96998e6,essential,ESCO
OCC_43a86b759733,SKL_e65eaedaf281,essential,ESCO
OCC_43a86b759733,SKL_0de5209b6016,essential,ESCO
OCC_43a86b759733,SKL_1941cdd907dd,essential,ESCO
OCC_43a86b759733,SKL_7ac1f1abe404,essential,ESCO
OCC_43a86b759733,SKL_e0406f8bed59,essential,ESCO
OCC_43a86b759733,SKL_2a5b118ca0e3,essential,ESCO
OCC_43a86b759733,SKL_afb184550fe8,essential,ESCO
OCC_43a86b759733,SKL_6c3ae14bc83c,essential,ESCO
OCC_43a86b759733,SKL_92c7bf31c854,essential,ESCO
OCC_43a86b759733,SKL_4e7bcf525ff7,essential,ESCO
OCC_43a86b759733,SKL_7b9fab74c27a,essential,ESCO
OCC_43a86b759733,SKL_4615fd065bda,optional,ESCO
OCC_43a86b759733,SKL_6c4e41d4b56f,optional,ESCO
OCC_43a86b759733,SKL_9c97e63afd1a,optional,ESCO
OCC_43a86b759733,SKL_dc34bf5c3028,optional,ESCO
OCC_43a86b759733,SKL_e7fb6eaf90b6,optional,ESCO
OCC_43a86b759733,SKL_2638b6cbc5c4,optional,ESCO
OCC_43a86b759733,SKL_3689a79bb281,optional,ESCO
OCC_43a86b759733,SKL_e3432fd32735,optional,ESCO
OCC_43a86b759733,SKL_a56b1ef6f421,optional,ESCO
OCC_43a86b759733,SKL_234f69e2b4b5,optional,ESCO
OCC_43a86b759733,SKL_40d131c16648,optional,ESCO
OCC_43a86b759733,SKL_2efaeadaf118,optional,ESCO
OCC_43a86b759733,SKL_8a9651b100b9,optional,ESCO
OCC_a4f72755e1ad,SKL_35c0fe31d3cc,essential,ESCO
OCC_a4f72755e1ad,SKL_59c64ba70b70,essential,ESCO
OCC_a4f72755e1ad,SKL_4b1e0bbd899c,essential,ESCO
OCC_a4f72755e1ad,SKL_e1b206f3f66e,essential,ESCO
OCC_a4f72755e1ad,SKL_27d3d9fa396a,essential,ESCO
OCC_a4f72755e1ad,SKL_afd4128fb784,essential,ESCO
OCC_a4f72755e1ad,SKL_7fafd50b81a5,essential,ESCO
OCC_a4f72755e1ad,SKL_20d176fafc3d,essential,ESCO
OCC_a4f72755e1ad,SKL_cccca3da833a,essential,ESCO
OCC_a4f72755e1ad,SKL_1b02f5547def,essential,ESCO
OCC_a4f72755e1ad,SKL_bde8b9b674c8,essential,ESCO
OCC_a4f72755e1ad,SKL_def6ad401f98,essential,ESCO
OCC_a4f72755e1ad,SKL_53c3c74ab3d8,essential,ESCO
OCC_a4f72755e1ad,SKL_1f0193f209e9,essential,ESCO
OCC_a4f72755e1ad,SKL_1548ab6bfafd,essential,ESCO
OCC_a4f72755e1ad,SKL_6f26fd81e617,essential,ESCO
OCC_a4f72755e1ad,SKL_1e17e9badaf4,essential,ESCO
OCC_a4f72755e1ad,SKL_2910ef285ce6,essential,ESCO
OCC_a4f72755e1ad,SKL_60004f24de83,essential,ESCO
OCC_a4f72755e1ad,SKL_4d1904c3c715,essential,ESCO
OCC_a4f72755e1ad,SKL_6bb3cc07b2cc,essential,ESCO
OCC_a4f72755e1ad,SKL_349ff15e502d,essential,ESCO
OCC_a4f72755e1ad,SKL_95ca38c47f50,essential,ESCO
OCC_a4f72755e1ad,SKL_9c47232ffdf8,essential,ESCO
OCC_a4f72755e1ad,SKL_93ac48a36c81,essential,ESCO
OCC_a4f72755e1ad,SKL_f102b758f503,essential,ESCO
OCC_a4f72755e1ad,SKL_103114f48d93,essential,ESCO
OCC_a4f72755e1ad,SKL_0bdc80704838,essential,ESCO
OCC_a4f72755e1ad,SKL_9055dd908bdf,essential,ESCO
OCC_a4f72755e1ad,SKL_138d3c16c190,essential,ESCO
OCC_a4f72755e1ad,SKL_20a60ab6f508,essential,ESCO
OCC_a4f72755e1ad,SKL_c2ce930d35e3,essential,ESCO
OCC_a4f72755e1ad,SKL_4da81ba8fc0e,essential,ESCO
OCC_a4f72755e1ad,SKL_20b3a1bd4b37,essential,ESCO
OCC_a4f72755e1ad,SKL_5dfc71462cdb,essential,ESCO
OCC_a4f72755e1ad,SKL_d9843653b863,essential,ESCO
OCC_a4f72755e1ad,SKL_503d8d5f426a,essential,ESCO
OCC_a4f72755e1ad,SKL_014598d4e683,essential,ESCO
OCC_a4f72755e1ad,SKL_4bd78f1eaa16,essential,ESCO
OCC_a4f72755e1ad,SKL_4e42e5a0b309,essential,ESCO
OCC_a4f72755e1ad,SKL_e1be1080dfc6,essential,ESCO
OCC_a4f72755e1ad,SKL_af7934165e9a,essential,ESCO
OCC_a4f72755e1ad,SKL_f8e97f763e19,essential,ESCO
OCC_a4f72755e1ad,SKL_9fc5ffd462ae,optional,ESCO
OCC_a4f72755e1ad,SKL_22a187393619,optional,ESCO
OCC_a4f72755e1ad,SKL_5659d789c9de,optional,ESCO
OCC_a4f72755e1ad,SKL_1124817a720e,optional,ESCO
OCC_a4f72755e1ad,SKL_98f3bee600ee,optional,ESCO
OCC_a4f72755e1ad,SKL_30aac2c66c5d,optional,ESCO
OCC_a4f72755e1ad,SKL_1ec8e222a519,optional,ESCO
OCC_a4f72755e1ad,SKL_6b4086c51411,optional,ESCO
OCC_a4f72755e1ad,SKL_480f7b8733f4,optional,ESCO
OCC_a4f72755e1ad,SKL_de759b6256cc,optional,ESCO
OCC_a4f72755e1ad,SKL_ae19bc58bf36,optional,ESCO
OCC_a4f72755e1ad,SKL_4d76ad90efb3,optional,ESCO
OCC_a4f72755e1ad,SKL_fc36ef6f31c9,optional,ESCO
OCC_a4f72755e1ad,SKL_caa92afcdf36,optional,ESCO
OCC_a4f72755e1ad,SKL_588b0ce4feb1,optional,ESCO
OCC_a4f72755e1ad,SKL_be093e79069c,optional,ESCO
OCC_a4f72755e1ad,SKL_67de2545bb79,optional,ESCO
OCC_7bde92a813dd,SKL_d8758f64df30,essential,ESCO
OCC_7bde92a813dd,SKL_18b153db615d,essential,ESCO
OCC_7bde92a813dd,SKL_5e1feca357b2,essential,ESCO
OCC_7bde92a813dd,SKL_a85869292402,essential,ESCO
OCC_7bde92a813dd,SKL_a07847cd27d5,essential,ESCO
OCC_7bde92a813dd,SKL_6062e63b2ca0,essential,ESCO
OCC_7bde92a813dd,SKL_bf0e2870e3ff,essential,ESCO
OCC_7bde92a813dd,SKL_b72717b1c634,essential,ESCO
OCC_7bde92a813dd,SKL_ba74f5ebe5fa,essential,ESCO
OCC_7bde92a813dd,SKL_598b19e5beee,essential,ESCO
OCC_7bde92a813dd,SKL_49903d102cc5,essential,ESCO
OCC_7bde92a813dd,SKL_1a3570884e47,essential,ESCO
OCC_7bde92a813dd,SKL_185b1ce4d13f,essential,ESCO
OCC_7bde92a813dd,SKL_e2b5df30b4ad,essential,ESCO
OCC_7bde92a813dd,SKL_a0b425f074d0,essential,ESCO
OCC_7bde92a813dd,SKL_52bb539de37f,essential,ESCO
OCC_7bde92a813dd,SKL_26b466cb09a0,essential,ESCO
OCC_7bde92a813dd,SKL_431affbbd0fa,essential,ESCO
OCC_7bde92a813dd,SKL_3f9f22b21c7f,essential,ESCO
OCC_7bde92a813dd,SKL_275e26b6cba9,essential,ESCO
OCC_7bde92a813dd,SKL_f32027a81e9b,essential,ESCO
OCC_7bde92a813dd,SKL_4f28193013fe,essential,ESCO
OCC_7bde92a813dd,SKL_2246c5ebfabc,essential,ESCO
OCC_7bde92a813dd,SKL_a1c8e261b079,essential,ESCO
OCC_7bde92a813dd,SKL_fa86dc413a7c,essential,ESCO
OCC_7bde92a813dd,SKL_14a0542ac51a,essential,ESCO
OCC_7bde92a813dd,SKL_cdbdc2d82920,essential,ESCO
OCC_7bde92a813dd,SKL_083a16a42745,essential,ESCO
OCC_7bde92a813dd,SKL_b1aa4a266780,essential,ESCO
OCC_7bde92a813dd,SKL_62bde1fe53e2,essential,ESCO
OCC_7bde92a813dd,SKL_0cec36746a78,essential,ESCO
OCC_7bde92a813dd,SKL_8845df37d0d0,essential,ESCO
OCC_7bde92a813dd,SKL_4dd5e118bd42,essential,ESCO
OCC_7bde92a813dd,SKL_a31bcce95330,essential,ESCO
OCC_7bde92a813dd,SKL_dc4c59fd5c78,essential,ESCO
OCC_7bde92a813dd,SKL_b7ce81979709,essential,ESCO
OCC_7bde92a813dd,SKL_95a37d406831,essential,ESCO
OCC_7bde92a813dd,SKL_60ffa168db6b,essential,ESCO
OCC_7bde92a813dd,SKL_690d0d9213ea,essential,ESCO
OCC_7bde92a813dd,SKL_1ed98874895e,essential,ESCO
OCC_7bde92a813dd,SKL_ea96d8f39e81,essential,ESCO
OCC_7bde92a813dd,SKL_6187c92b007c,essential,ESCO
OCC_7bde92a813dd,SKL_ba3fb6052878,essential,ESCO
OCC_7bde92a813dd,SKL_17de38ea8328,essential,ESCO
OCC_7bde92a813dd,SKL_633fc2486338,essential,ESCO
OCC_7bde92a813dd,SKL_5a38e0a81946,essential,ESCO
OCC_7bde92a813dd,SKL_2d043cf9df34,essential,ESCO
OCC_7bde92a813dd,SKL_5f8845f1d5e0,essential,ESCO
OCC_7bde92a813dd,SKL_e0b5ce94e2d9,essential,ESCO
OCC_7bde92a813dd,SKL_64bb489b222a,essential,ESCO
OCC_7bde92a813dd,SKL_241100d02d30,essential,ESCO
OCC_7bde92a813dd,SKL_1867331e9788,essential,ESCO
OCC_7bde92a813dd,SKL_a64f321f488f,essential,ESCO
OCC_7bde92a813dd,SKL_d453c9ea1d9c,essential,ESCO
OCC_7bde92a813dd,SKL_9de0f5461144,essential,ESCO
OCC_7bde92a813dd,SKL_4169635a80e2,essential,ESCO
OCC_7bde92a813dd,SKL_1911edef9778,essential,ESCO
OCC_7bde92a813dd,SKL_37eb93868d67,essential,ESCO
OCC_7bde92a813dd,SKL_d9040f1b085b,essential,ESCO
OCC_7bde92a813dd,SKL_b1d9f1c55a59,essential,ESCO
OCC_7bde92a813dd,SKL_3431a628a732,essential,ESCO
OCC_7bde92a813dd,SKL_1719b2eb4004,essential,ESCO
OCC_7bde92a813dd,SKL_44c7b9983210,essential,ESCO
OCC_7bde92a813dd,SKL_cd9a898340a1,optional,ESCO
OCC_7bde92a813dd,SKL_30e56678609f,optional,ESCO
OCC_7bde92a813dd,SKL_96926ab90fab,optional,ESCO
OCC_7bde92a813dd,SKL_07fed61b3215,optional,ESCO
OCC_7bde92a813dd,SKL_885950a12687,optional,ESCO
OCC_7bde92a813dd,SKL_d275975f2053,optional,ESCO
OCC_7bde92a813dd,SKL_140b9672ae2f,optional,ESCO
OCC_7bde92a813dd,SKL_643fa956234d,optional,ESCO
OCC_7bde92a813dd,SKL_d0035b994078,optional,ESCO
OCC_7bde92a813dd,SKL_ca7f5b48d835,optional,ESCO
OCC_7bde92a813dd,SKL_e003d365f569,optional,ESCO
OCC_7bde92a813dd,SKL_8fdc5cfeed79,optional,ESCO
OCC_7bde92a813dd,SKL_275cb7c82576,optional,ESCO
OCC_7bde92a813dd,SKL_dc7da142d8bb,optional,ESCO
OCC_7bde92a813dd,SKL_308342e28b73,optional,ESCO
OCC_7bde92a813dd,SKL_cd1a8c17e323,optional,ESCO
OCC_7bde92a813dd,SKL_de055ba807c1,optional,ESCO
OCC_7bde92a813dd,SKL_a0a82942ef54,optional,ESCO
OCC_7bde92a813dd,SKL_f76e03586a5e,optional,ESCO
OCC_7bde92a813dd,SKL_a06b16646953,optional,ESCO
OCC_7bde92a813dd,SKL_c4814cbb355b,optional,ESCO
OCC_7bde92a813dd,SKL_ea47db501b9f,optional,ESCO
OCC_7bde92a813dd,SKL_063550b14c8c,optional,ESCO
OCC_7bde92a813dd,SKL_0dd7f35929a5,optional,ESCO
OCC_7bde92a813dd,SKL_e236a38c4a85,optional,ESCO
OCC_7bde92a813dd,SKL_c74243986bea,optional,ESCO
OCC_7bde92a813dd,SKL_c18c5f00290e,optional,ESCO
OCC_7bde92a813dd,SKL_dbbc353ff629,optional,ESCO
OCC_7bde92a813dd,SKL_8eaf90e6b080,optional,ESCO
OCC_7bde92a813dd,SKL_993e5a908b00,optional,ESCO
OCC_7bde92a813dd,SKL_c28e6064ca64,optional,ESCO
OCC_7bde92a813dd,SKL_7d4032a04a10,optional,ESCO
OCC_7bde92a813dd,SKL_81f91dce66e4,optional,ESCO
OCC_7bde92a813dd,SKL_1ce625596796,optional,ESCO
OCC_3ea9dcd66347,SKL_f20abbe40df9,essential,ESCO
OCC_3ea9dcd66347,SKL_6d0bdba7a8b1,essential,ESCO
OCC_3ea9dcd66347,SKL_ab670ca70003,essential,ESCO
OCC_3ea9dcd66347,SKL_2160823e5269,essential,ESCO
OCC_3ea9dcd66347,SKL_ab0615922027,essential,ESCO
OCC_3ea9dcd66347,SKL_27cdecd220ea,essential,ESCO
OCC_3ea9dcd66347,SKL_0e0ddaf5873f,essential,ESCO
OCC_3ea9dcd66347,SKL_a4917fa3f867,essential,ESCO
OCC_3ea9dcd66347,SKL_54188f599eea,essential,ESCO
OCC_3ea9dcd66347,SKL_5fd1a916f288,essential,ESCO
OCC_3ea9dcd66347,SKL_c70564109e85,essential,ESCO
OCC_3ea9dcd66347,SKL_c0d9b25a3929,essential,ESCO
OCC_3ea9dcd66347,SKL_f8cdff52e6ee,essential,ESCO
OCC_3ea9dcd66347,SKL_4a174ce373ac,essential,ESCO
OCC_3ea9dcd66347,SKL_df4bdc537b33,essential,ESCO
OCC_3ea9dcd66347,SKL_bbc55bdf9279,essential,ESCO
OCC_3ea9dcd66347,SKL_6a62eec16e7c,essential,ESCO
OCC_3ea9dcd66347,SKL_35f33383eda7,essential,ESCO
OCC_3ea9dcd66347,SKL_d0bf41708bae,essential,ESCO
OCC_3ea9dcd66347,SKL_e681e8b852a4,essential,ESCO
OCC_3ea9dcd66347,SKL_1ba86fb9f29e,essential,ESCO
OCC_3ea9dcd66347,SKL_ad07bc17b05e,essential,ESCO
OCC_3ea9dcd66347,SKL_9f1382e6691b,essential,ESCO
OCC_3ea9dcd66347,SKL_b5cbafabb60c,essential,ESCO
OCC_3ea9dcd66347,SKL_1a9765b43218,essential,ESCO
OCC_3ea9dcd66347,SKL_f4d0cefc6a44,essential,ESCO
OCC_3ea9dcd66347,SKL_36887aac680b,essential,ESCO
OCC_3ea9dcd66347,SKL_f64c2563ef6a,essential,ESCO
OCC_3ea9dcd66347,SKL_16afd0438ee4,essential,ESCO
OCC_3ea9dcd66347,SKL_42b850072160,essential,ESCO
OCC_3ea9dcd66347,SKL_303ee19dce8f,essential,ESCO
OCC_3ea9dcd66347,SKL_fa6716bd970c,essential,ESCO
OCC_3ea9dcd66347,SKL_b9a5a3d980ee,essential,ESCO
OCC_3ea9dcd66347,SKL_b973384e0f00,essential,ESCO
OCC_3ea9dcd66347,SKL_ae7e75a47fef,essential,ESCO
OCC_3ea9dcd66347,SKL_1a4ed06c76f8,essential,ESCO
OCC_3ea9dcd66347,SKL_0061e17f554c,essential,ESCO
OCC_3ea9dcd66347,SKL_3cbcca60d860,essential,ESCO
OCC_3ea9dcd66347,SKL_e165ed88641f,essential,ESCO
OCC_3ea9dcd66347,SKL_84e2db4e5f1a,essential,ESCO
OCC_3ea9dcd66347,SKL_ff939e2316db,essential,ESCO
OCC_3ea9dcd66347,SKL_efc2d1a5ed07,essential,ESCO
OCC_3ea9dcd66347,SKL_5dcc8e458213,essential,ESCO
OCC_3ea9dcd66347,SKL_ffc885172f88,essential,ESCO
OCC_3ea9dcd66347,SKL_b746f67748e4,essential,ESCO
OCC_3ea9dcd66347,SKL_09235c607125,essential,ESCO
OCC_3ea9dcd66347,SKL_8e2350e55802,essential,ESCO
OCC_3ea9dcd66347,SKL_f14939dc09c4,optional,ESCO
OCC_3ea9dcd66347,SKL_fa6cd7a6ceb9,optional,ESCO
OCC_3ea9dcd66347,SKL_59c64ba70b70,optional,ESCO
OCC_3ea9dcd66347,SKL_4f8027620713,optional,ESCO
OCC_3ea9dcd66347,SKL_07a7e2a00de2,optional,ESCO
OCC_3ea9dcd66347,SKL_66664fb959be,optional,ESCO
OCC_3ea9dcd66347,SKL_b2efdf0b940a,optional,ESCO
OCC_3ea9dcd66347,SKL_74a5a5844b4c,optional,ESCO
OCC_3ea9dcd66347,SKL_df8fb6fe7b07,optional,ESCO
OCC_3ea9dcd66347,SKL_d239ba97bcd3,optional,ESCO
OCC_3ea9dcd66347,SKL_ae19bc58bf36,optional,ESCO
OCC_3ea9dcd66347,SKL_5bed2e74daf6,optional,ESCO
OCC_3ea9dcd66347,SKL_aea3e91c5092,optional,ESCO
OCC_3ea9dcd66347,SKL_8c107549fe5b,optional,ESCO
OCC_3ea9dcd66347,SKL_4d76ad90efb3,optional,ESCO
OCC_3ea9dcd66347,SKL_d67dfc4ee39e,optional,ESCO
OCC_3ea9dcd66347,SKL_3f11287772f2,optional,ESCO
OCC_3ea9dcd66347,SKL_d00c0cbdf6af,optional,ESCO
OCC_3ea9dcd66347,SKL_23352a87e7bc,optional,ESCO
OCC_3ea9dcd66347,SKL_c6b378206477,optional,ESCO
OCC_3ea9dcd66347,SKL_109edeaf36eb,optional,ESCO
OCC_3ea9dcd66347,SKL_2a5b118ca0e3,optional,ESCO
OCC_3ea9dcd66347,SKL_3de0d077508a,optional,ESCO
OCC_3ea9dcd66347,SKL_b987f0547d15,optional,ESCO
OCC_3ea9dcd66347,SKL_e2dbc508cb21,optional,ESCO
OCC_3ea9dcd66347,SKL_5f4ddd24afc2,optional,ESCO
OCC_3ea9dcd66347,SKL_c98638f8926e,optional,ESCO
OCC_3ea9dcd66347,SKL_096204475b7f,optional,ESCO
OCC_3ea9dcd66347,SKL_298f3454c212,optional,ESCO
OCC_3ea9dcd66347,SKL_c0af7cdae97f,optional,ESCO
OCC_3ea9dcd66347,SKL_73331ab8779f,optional,ESCO
OCC_3ea9dcd66347,SKL_f1c997d8743f,optional,ESCO
OCC_3ea9dcd66347,SKL_26bcb7a7c221,optional,ESCO
OCC_3ea9dcd66347,SKL_b89955b20777,optional,ESCO
OCC_01372aeb8cb5,SKL_59ede493c1cb,essential,ESCO
OCC_01372aeb8cb5,SKL_516c38d191ba,essential,ESCO
OCC_01372aeb8cb5,SKL_9c97e63afd1a,essential,ESCO
OCC_01372aeb8cb5,SKL_56acbc4788c5,essential,ESCO
OCC_01372aeb8cb5,SKL_e681e8b852a4,essential,ESCO
OCC_01372aeb8cb5,SKL_1f31dc507700,essential,ESCO
OCC_01372aeb8cb5,SKL_e7fb6eaf90b6,essential,ESCO
OCC_01372aeb8cb5,SKL_370980230f11,essential,ESCO
OCC_01372aeb8cb5,SKL_1a9765b43218,essential,ESCO
OCC_01372aeb8cb5,SKL_1d913cbdf27e,essential,ESCO
OCC_01372aeb8cb5,SKL_d4b8526448d7,essential,ESCO
OCC_01372aeb8cb5,SKL_e0406f8bed59,essential,ESCO
OCC_01372aeb8cb5,SKL_a9effbb722ab,essential,ESCO
OCC_01372aeb8cb5,SKL_dbbc353ff629,essential,ESCO
OCC_01372aeb8cb5,SKL_234f69e2b4b5,essential,ESCO
OCC_01372aeb8cb5,SKL_f9a3c3ad2595,essential,ESCO
OCC_01372aeb8cb5,SKL_19a46cabd4d8,essential,ESCO
OCC_01372aeb8cb5,SKL_1f6b52c0fcf7,essential,ESCO
OCC_01372aeb8cb5,SKL_b58c863e0dfe,essential,ESCO
OCC_01372aeb8cb5,SKL_1911edef9778,essential,ESCO
OCC_01372aeb8cb5,SKL_9d13f5ec1fdf,essential,ESCO
OCC_01372aeb8cb5,SKL_e0cf7c334b3e,essential,ESCO
OCC_01372aeb8cb5,SKL_e70d9ea221e7,essential,ESCO
OCC_01372aeb8cb5,SKL_3e8275119d50,optional,ESCO
OCC_01372aeb8cb5,SKL_c4640fe55575,optional,ESCO
OCC_01372aeb8cb5,SKL_e22e3873e2aa,optional,ESCO
OCC_01372aeb8cb5,SKL_ad5527904d9f,optional,ESCO
OCC_01372aeb8cb5,SKL_6df9c3907c46,optional,ESCO
OCC_01372aeb8cb5,SKL_9b5584008e66,optional,ESCO
OCC_01372aeb8cb5,SKL_962ed8d38c4e,optional,ESCO
OCC_01372aeb8cb5,SKL_9cdd580294bf,optional,ESCO
OCC_01372aeb8cb5,SKL_ed1c943a2742,optional,ESCO
OCC_01372aeb8cb5,SKL_faa48d074cba,optional,ESCO
OCC_01372aeb8cb5,SKL_9fc5ffd462ae,optional,ESCO
OCC_01372aeb8cb5,SKL_59c64ba70b70,optional,ESCO
OCC_01372aeb8cb5,SKL_dedf1948afc3,optional,ESCO
OCC_01372aeb8cb5,SKL_a5bd02f3490e,optional,ESCO
OCC_01372aeb8cb5,SKL_e83ea15281a7,optional,ESCO
OCC_01372aeb8cb5,SKL_9b5244fd7e00,optional,ESCO
OCC_01372aeb8cb5,SKL_1124817a720e,optional,ESCO
OCC_01372aeb8cb5,SKL_46088f1661b7,optional,ESCO
OCC_01372aeb8cb5,SKL_4615fd065bda,optional,ESCO
OCC_01372aeb8cb5,SKL_17a6cda90b85,optional,ESCO
OCC_01372aeb8cb5,SKL_a43bcca2465e,optional,ESCO
OCC_01372aeb8cb5,SKL_a913b683ebd9,optional,ESCO
OCC_01372aeb8cb5,SKL_9e24266d180e,optional,ESCO
OCC_01372aeb8cb5,SKL_f6f390848b58,optional,ESCO
OCC_01372aeb8cb5,SKL_c9160ddc7dcd,optional,ESCO
OCC_01372aeb8cb5,SKL_88eabaa2c80d,optional,ESCO
OCC_01372aeb8cb5,SKL_d537dfcccc25,optional,ESCO
OCC_01372aeb8cb5,SKL_ccd10a9e58b7,optional,ESCO
OCC_01372aeb8cb5,SKL_8dd0d4b0a0f0,optional,ESCO
OCC_01372aeb8cb5,SKL_627bb45cf813,optional,ESCO
OCC_01372aeb8cb5,SKL_f858e811b523,optional,ESCO
OCC_01372aeb8cb5,SKL_6b4086c51411,optional,ESCO
OCC_01372aeb8cb5,SKL_6b32ff1ba138,optional,ESCO
OCC_01372aeb8cb5,SKL_16961efeb0ab,optional,ESCO
OCC_01372aeb8cb5,SKL_0ae8aa439cc1,optional,ESCO
OCC_01372aeb8cb5,SKL_fddfe276744e,optional,ESCO
OCC_01372aeb8cb5,SKL_5ee8a7543f31,optional,ESCO
OCC_01372aeb8cb5,SKL_5a85416c775f,optional,ESCO
OCC_01372aeb8cb5,SKL_86eb8b674662,optional,ESCO
OCC_01372aeb8cb5,SKL_de759b6256cc,optional,ESCO
OCC_01372aeb8cb5,SKL_b52f6b21f082,optional,ESCO
OCC_01372aeb8cb5,SKL_224770e9399c,optional,ESCO
OCC_01372aeb8cb5,SKL_81167559edfd,optional,ESCO
OCC_01372aeb8cb5,SKL_1cd624314ce9,optional,ESCO
OCC_01372aeb8cb5,SKL_2b386dc088dc,optional,ESCO
OCC_01372aeb8cb5,SKL_53fbbdc90e13,optional,ESCO
OCC_01372aeb8cb5,SKL_02c69b93451d,optional,ESCO
OCC_01372aeb8cb5,SKL_fb22373c26ad,optional,ESCO
OCC_01372aeb8cb5,SKL_61058691b0ef,optional,ESCO
OCC_01372aeb8cb5,SKL_5846d47024c9,optional,ESCO
OCC_01372aeb8cb5,SKL_7019e9976329,optional,ESCO
OCC_01372aeb8cb5,SKL_df69f4055e0d,optional,ESCO
OCC_01372aeb8cb5,SKL_9857c27e00bf,optional,ESCO
OCC_01372aeb8cb5,SKL_d109a693537c,optional,ESCO
OCC_01372aeb8cb5,SKL_0b6d0771361b,optional,ESCO
OCC_01372aeb8cb5,SKL_fc36ef6f31c9,optional,ESCO
OCC_01372aeb8cb5,SKL_4fb65747edd3,optional,ESCO
OCC_01372aeb8cb5,SKL_c6b378206477,optional,ESCO
OCC_01372aeb8cb5,SKL_2a5b118ca0e3,optional,ESCO
OCC_01372aeb8cb5,SKL_3de0d077508a,optional,ESCO
OCC_01372aeb8cb5,SKL_a474d184a0a0,optional,ESCO
OCC_01372aeb8cb5,SKL_c88ea684ad79,optional,ESCO
OCC_01372aeb8cb5,SKL_3cbcca60d860,optional,ESCO
OCC_01372aeb8cb5,SKL_c6d25b351f1c,optional,ESCO
OCC_01372aeb8cb5,SKL_5f4ddd24afc2,optional,ESCO
OCC_01372aeb8cb5,SKL_1e8fe35aac35,optional,ESCO
OCC_01372aeb8cb5,SKL_dc718588b284,optional,ESCO
OCC_01372aeb8cb5,SKL_b1d3c0bd074a,optional,ESCO
OCC_60d10ff7dab8,SKL_59c64ba70b70,essential,ESCO
OCC_60d10ff7dab8,SKL_def6ad401f98,essential,ESCO
OCC_60d10ff7dab8,SKL_2621a1e8af59,essential,ESCO
OCC_60d10ff7dab8,SKL_36cc2d6edd1a,essential,ESCO
OCC_60d10ff7dab8,SKL_5d725c59527d,essential,ESCO
OCC_60d10ff7dab8,SKL_d67dfc4ee39e,essential,ESCO
OCC_60d10ff7dab8,SKL_1c64576763e5,essential,ESCO
OCC_60d10ff7dab8,SKL_370980230f11,essential,ESCO
OCC_60d10ff7dab8,SKL_2e64fb93c3f2,essential,ESCO
OCC_60d10ff7dab8,SKL_138d3c16c190,essential,ESCO
OCC_60d10ff7dab8,SKL_c2ce930d35e3,essential,ESCO
OCC_60d10ff7dab8,SKL_4da81ba8fc0e,essential,ESCO
OCC_60d10ff7dab8,SKL_f9a3c3ad2595,essential,ESCO
OCC_60d10ff7dab8,SKL_9530b497844a,essential,ESCO
OCC_60d10ff7dab8,SKL_04d28b46c58b,essential,ESCO
OCC_60d10ff7dab8,SKL_014598d4e683,essential,ESCO
OCC_60d10ff7dab8,SKL_e439fbbfbc7a,essential,ESCO
OCC_60d10ff7dab8,SKL_2413edb46063,essential,ESCO
OCC_60d10ff7dab8,SKL_3e8275119d50,optional,ESCO
OCC_60d10ff7dab8,SKL_aaa07ffaa309,optional,ESCO
OCC_60d10ff7dab8,SKL_e22e3873e2aa,optional,ESCO
OCC_60d10ff7dab8,SKL_ad5527904d9f,optional,ESCO
OCC_60d10ff7dab8,SKL_9b5584008e66,optional,ESCO
OCC_60d10ff7dab8,SKL_962ed8d38c4e,optional,ESCO
OCC_60d10ff7dab8,SKL_99c6f04ac23c,optional,ESCO
OCC_60d10ff7dab8,SKL_9cdd580294bf,optional,ESCO
OCC_60d10ff7dab8,SKL_faa48d074cba,optional,ESCO
OCC_60d10ff7dab8,SKL_86420149ed27,optional,ESCO
OCC_60d10ff7dab8,SKL_9fc5ffd462ae,optional,ESCO
OCC_60d10ff7dab8,SKL_a5bd02f3490e,optional,ESCO
OCC_60d10ff7dab8,SKL_e83ea15281a7,optional,ESCO
OCC_60d10ff7dab8,SKL_eababd164e1d,optional,ESCO
OCC_60d10ff7dab8,SKL_1124817a720e,optional,ESCO
OCC_60d10ff7dab8,SKL_46088f1661b7,optional,ESCO
OCC_60d10ff7dab8,SKL_17a6cda90b85,optional,ESCO
OCC_60d10ff7dab8,SKL_a43bcca2465e,optional,ESCO
OCC_60d10ff7dab8,SKL_4f8027620713,optional,ESCO
OCC_60d10ff7dab8,SKL_b65348538f34,optional,ESCO
OCC_60d10ff7dab8,SKL_a913b683ebd9,optional,ESCO
OCC_60d10ff7dab8,SKL_f6f390848b58,optional,ESCO
OCC_60d10ff7dab8,SKL_c9160ddc7dcd,optional,ESCO
OCC_60d10ff7dab8,SKL_88eabaa2c80d,optional,ESCO
OCC_60d10ff7dab8,SKL_d537dfcccc25,optional,ESCO
OCC_60d10ff7dab8,SKL_ccd10a9e58b7,optional,ESCO
OCC_60d10ff7dab8,SKL_516c38d191ba,optional,ESCO
OCC_60d10ff7dab8,SKL_8c66ec45bce8,optional,ESCO
OCC_60d10ff7dab8,SKL_327b78a43765,optional,ESCO
OCC_60d10ff7dab8,SKL_c4334e388dc0,optional,ESCO
OCC_60d10ff7dab8,SKL_175902ab3712,optional,ESCO
OCC_60d10ff7dab8,SKL_f8cdff52e6ee,optional,ESCO
OCC_60d10ff7dab8,SKL_f858e811b523,optional,ESCO
OCC_60d10ff7dab8,SKL_6b4086c51411,optional,ESCO
OCC_60d10ff7dab8,SKL_b2efdf0b940a,optional,ESCO
OCC_60d10ff7dab8,SKL_fddfe276744e,optional,ESCO
OCC_60d10ff7dab8,SKL_5ee8a7543f31,optional,ESCO
OCC_60d10ff7dab8,SKL_5a85416c775f,optional,ESCO
OCC_60d10ff7dab8,SKL_cebd7936a54b,optional,ESCO
OCC_60d10ff7dab8,SKL_eac191d41595,optional,ESCO
OCC_60d10ff7dab8,SKL_86eb8b674662,optional,ESCO
OCC_60d10ff7dab8,SKL_de759b6256cc,optional,ESCO
OCC_60d10ff7dab8,SKL_0db86e5fd56a,optional,ESCO
OCC_60d10ff7dab8,SKL_0af13c576273,optional,ESCO
OCC_60d10ff7dab8,SKL_b52f6b21f082,optional,ESCO
OCC_60d10ff7dab8,SKL_224770e9399c,optional,ESCO
OCC_60d10ff7dab8,SKL_81167559edfd,optional,ESCO
OCC_60d10ff7dab8,SKL_4687c1d5b8d4,optional,ESCO
OCC_60d10ff7dab8,SKL_1cd624314ce9,optional,ESCO
OCC_60d10ff7dab8,SKL_8dad71fe8c3c,optional,ESCO
OCC_60d10ff7dab8,SKL_af82150fafdb,optional,ESCO
OCC_60d10ff7dab8,SKL_2b386dc088dc,optional,ESCO
OCC_60d10ff7dab8,SKL_4156ea9aa526,optional,ESCO
OCC_60d10ff7dab8,SKL_61058691b0ef,optional,ESCO
OCC_60d10ff7dab8,SKL_5846d47024c9,optional,ESCO
OCC_60d10ff7dab8,SKL_7019e9976329,optional,ESCO
OCC_60d10ff7dab8,SKL_df69f4055e0d,optional,ESCO
OCC_60d10ff7dab8,SKL_47f2166fb857,optional,ESCO
OCC_60d10ff7dab8,SKL_fc36ef6f31c9,optional,ESCO
OCC_60d10ff7dab8,SKL_9486b1cb5a8f,optional,ESCO
OCC_60d10ff7dab8,SKL_1e60c0a605d3,optional,ESCO
OCC_60d10ff7dab8,SKL_3887cab28790,optional,ESCO
OCC_60d10ff7dab8,SKL_dddd918d8d0c,optional,ESCO
OCC_60d10ff7dab8,SKL_f24b2d743df5,optional,ESCO
OCC_60d10ff7dab8,SKL_91a3e0a560f7,optional,ESCO
OCC_60d10ff7dab8,SKL_891fd5e04d20,optional,ESCO
OCC_60d10ff7dab8,SKL_e92f735f2558,optional,ESCO
OCC_60d10ff7dab8,SKL_a056c33cbcd4,optional,ESCO
OCC_60d10ff7dab8,SKL_be093e79069c,optional,ESCO
OCC_60d10ff7dab8,SKL_67de2545bb79,optional,ESCO
OCC_96b5d34f1d58,SKL_ae19bc58bf36,essential,ESCO
OCC_96b5d34f1d58,SKL_c763014c7d96,essential,ESCO
OCC_96b5d34f1d58,SKL_56358ec7d691,essential,ESCO
OCC_96b5d34f1d58,SKL_28d134745ea4,essential,ESCO
OCC_96b5d34f1d58,SKL_07a57310c827,essential,ESCO
OCC_96b5d34f1d58,SKL_332bba6c3d78,essential,ESCO
OCC_96b5d34f1d58,SKL_6df9c3907c46,optional,ESCO
OCC_96b5d34f1d58,SKL_fa6cd7a6ceb9,optional,ESCO
OCC_96b5d34f1d58,SKL_1f31dc507700,optional,ESCO
OCC_96b5d34f1d58,SKL_fb22373c26ad,optional,ESCO
OCC_96b5d34f1d58,SKL_d109a693537c,optional,ESCO
OCC_96b5d34f1d58,SKL_88e58a1e2200,optional,ESCO
OCC_96b5d34f1d58,SKL_5a7d26256464,optional,ESCO
OCC_96b5d34f1d58,SKL_0cac93234618,optional,ESCO
OCC_96b5d34f1d58,SKL_993e5a908b00,optional,ESCO
OCC_96b5d34f1d58,SKL_789d2af203ff,optional,ESCO
OCC_96b5d34f1d58,SKL_2fe1ad7a3d79,optional,ESCO
OCC_234bb9d3e7c0,SKL_a2aeab830409,essential,ESCO
OCC_234bb9d3e7c0,SKL_4f8027620713,essential,ESCO
OCC_234bb9d3e7c0,SKL_f335ed0ef250,essential,ESCO
OCC_234bb9d3e7c0,SKL_027b4b2aa1a9,essential,ESCO
OCC_234bb9d3e7c0,SKL_74015909b033,essential,ESCO
OCC_234bb9d3e7c0,SKL_b9899d180c91,essential,ESCO
OCC_234bb9d3e7c0,SKL_b66a815da958,essential,ESCO
OCC_234bb9d3e7c0,SKL_873cfe48c2ce,essential,ESCO
OCC_234bb9d3e7c0,SKL_62237838ecde,essential,ESCO
OCC_234bb9d3e7c0,SKL_6df9c3907c46,optional,ESCO
OCC_234bb9d3e7c0,SKL_07fed61b3215,optional,ESCO
OCC_234bb9d3e7c0,SKL_6ddd4cf3a709,optional,ESCO
OCC_234bb9d3e7c0,SKL_d275975f2053,optional,ESCO
OCC_234bb9d3e7c0,SKL_d0035b994078,optional,ESCO
OCC_234bb9d3e7c0,SKL_def6ad401f98,optional,ESCO
OCC_234bb9d3e7c0,SKL_45b5255faa15,optional,ESCO
OCC_234bb9d3e7c0,SKL_2556f77c4d95,optional,ESCO
OCC_234bb9d3e7c0,SKL_1a3570884e47,optional,ESCO
OCC_234bb9d3e7c0,SKL_185b1ce4d13f,optional,ESCO
OCC_234bb9d3e7c0,SKL_308342e28b73,optional,ESCO
OCC_234bb9d3e7c0,SKL_e681e8b852a4,optional,ESCO
OCC_234bb9d3e7c0,SKL_de055ba807c1,optional,ESCO
OCC_234bb9d3e7c0,SKL_53fbbdc90e13,optional,ESCO
OCC_234bb9d3e7c0,SKL_02c69b93451d,optional,ESCO
OCC_234bb9d3e7c0,SKL_5ad581fa1e0f,optional,ESCO
OCC_234bb9d3e7c0,SKL_ea47db501b9f,optional,ESCO
OCC_234bb9d3e7c0,SKL_621054dadc59,optional,ESCO
OCC_234bb9d3e7c0,SKL_e08d0e304efc,optional,ESCO
OCC_234bb9d3e7c0,SKL_c2ce930d35e3,optional,ESCO
OCC_234bb9d3e7c0,SKL_fe3854279608,optional,ESCO
OCC_234bb9d3e7c0,SKL_59d4d75d1168,optional,ESCO
OCC_234bb9d3e7c0,SKL_c9ce5d8cbc63,optional,ESCO
OCC_234bb9d3e7c0,SKL_666b5797ca38,optional,ESCO
OCC_234bb9d3e7c0,SKL_fa3ca530b552,optional,ESCO
OCC_234bb9d3e7c0,SKL_c92f3cc793bd,optional,ESCO
OCC_234bb9d3e7c0,SKL_b0609a35adbb,optional,ESCO
OCC_234bb9d3e7c0,SKL_3bd4dede8a96,optional,ESCO
OCC_234bb9d3e7c0,SKL_b145b502032c,optional,ESCO
OCC_ff4e73f258e8,SKL_6fce2b343b90,essential,ESCO
OCC_ff4e73f258e8,SKL_fa6cd7a6ceb9,essential,ESCO
OCC_ff4e73f258e8,SKL_59c64ba70b70,essential,ESCO
OCC_ff4e73f258e8,SKL_83dfa0298e85,essential,ESCO
OCC_ff4e73f258e8,SKL_bbc55bdf9279,essential,ESCO
OCC_ff4e73f258e8,SKL_1ec8e222a519,essential,ESCO
OCC_ff4e73f258e8,SKL_74a5a5844b4c,essential,ESCO
OCC_ff4e73f258e8,SKL_f18769bf13e8,essential,ESCO
OCC_ff4e73f258e8,SKL_ec2491e3eb27,essential,ESCO
OCC_ff4e73f258e8,SKL_ae19bc58bf36,essential,ESCO
OCC_ff4e73f258e8,SKL_2826cd7b523c,essential,ESCO
OCC_ff4e73f258e8,SKL_36c8b1712a0f,essential,ESCO
OCC_ff4e73f258e8,SKL_7fcbb1e10b41,essential,ESCO
OCC_ff4e73f258e8,SKL_c763014c7d96,essential,ESCO
OCC_ff4e73f258e8,SKL_56358ec7d691,essential,ESCO
OCC_ff4e73f258e8,SKL_c2ce930d35e3,essential,ESCO
OCC_ff4e73f258e8,SKL_a9effbb722ab,essential,ESCO
OCC_ff4e73f258e8,SKL_88e58a1e2200,essential,ESCO
OCC_ff4e73f258e8,SKL_e4518a5681c9,essential,ESCO
OCC_ff4e73f258e8,SKL_28d134745ea4,essential,ESCO
OCC_ff4e73f258e8,SKL_07a57310c827,essential,ESCO
OCC_ff4e73f258e8,SKL_5a7d26256464,essential,ESCO
OCC_ff4e73f258e8,SKL_9530b497844a,essential,ESCO
OCC_ff4e73f258e8,SKL_993e5a908b00,essential,ESCO
OCC_ff4e73f258e8,SKL_04d28b46c58b,essential,ESCO
OCC_ff4e73f258e8,SKL_b612c882be81,essential,ESCO
OCC_ff4e73f258e8,SKL_1e8fe35aac35,essential,ESCO
OCC_ff4e73f258e8,SKL_c0af7cdae97f,essential,ESCO
OCC_ff4e73f258e8,SKL_789d2af203ff,essential,ESCO
OCC_ff4e73f258e8,SKL_dc718588b284,essential,ESCO
OCC_ff4e73f258e8,SKL_2fe1ad7a3d79,essential,ESCO
OCC_ff4e73f258e8,SKL_b89955b20777,essential,ESCO
OCC_ff4e73f258e8,SKL_2413edb46063,essential,ESCO
OCC_ff4e73f258e8,SKL_9b5584008e66,optional,ESCO
OCC_ff4e73f258e8,SKL_9fc5ffd462ae,optional,ESCO
OCC_ff4e73f258e8,SKL_0e0ddaf5873f,optional,ESCO
OCC_ff4e73f258e8,SKL_a85869292402,optional,ESCO
OCC_ff4e73f258e8,SKL_c0d9b25a3929,optional,ESCO
OCC_ff4e73f258e8,SKL_1cd624314ce9,optional,ESCO
OCC_ff4e73f258e8,SKL_1ba86fb9f29e,optional,ESCO
OCC_ff4e73f258e8,SKL_bb50b52446d2,optional,ESCO
OCC_ff4e73f258e8,SKL_25518c6e74b0,optional,ESCO
OCC_ff4e73f258e8,SKL_f24b2d743df5,optional,ESCO
OCC_ff4e73f258e8,SKL_7394112e8e6c,optional,ESCO
OCC_ff4e73f258e8,SKL_3b1c6e0aad62,optional,ESCO
OCC_80660e3c36ff,SKL_b0080b620fb2,essential,ESCO
OCC_80660e3c36ff,SKL_a33504a35440,essential,ESCO
OCC_80660e3c36ff,SKL_cd9a898340a1,essential,ESCO
OCC_80660e3c36ff,SKL_6fce2b343b90,essential,ESCO
OCC_80660e3c36ff,SKL_59ede493c1cb,essential,ESCO
OCC_80660e3c36ff,SKL_59c64ba70b70,essential,ESCO
OCC_80660e3c36ff,SKL_18b153db615d,essential,ESCO
OCC_80660e3c36ff,SKL_5e1feca357b2,essential,ESCO
OCC_80660e3c36ff,SKL_09089504794c,essential,ESCO
OCC_80660e3c36ff,SKL_02da79fc2058,essential,ESCO
OCC_80660e3c36ff,SKL_b72717b1c634,essential,ESCO
OCC_80660e3c36ff,SKL_36d64273ebbf,essential,ESCO
OCC_80660e3c36ff,SKL_49903d102cc5,essential,ESCO
OCC_80660e3c36ff,SKL_0ae8aa439cc1,essential,ESCO
OCC_80660e3c36ff,SKL_1a3570884e47,essential,ESCO
OCC_80660e3c36ff,SKL_cd1a8c17e323,essential,ESCO
OCC_80660e3c36ff,SKL_1cd624314ce9,essential,ESCO
OCC_80660e3c36ff,SKL_89277e719209,essential,ESCO
OCC_80660e3c36ff,SKL_52bb539de37f,essential,ESCO
OCC_80660e3c36ff,SKL_431affbbd0fa,essential,ESCO
OCC_80660e3c36ff,SKL_c89ab40dad70,essential,ESCO
OCC_80660e3c36ff,SKL_4f28193013fe,essential,ESCO
OCC_80660e3c36ff,SKL_d8365db0bf51,essential,ESCO
OCC_80660e3c36ff,SKL_580752d70a1a,essential,ESCO
OCC_80660e3c36ff,SKL_891fd5e04d20,essential,ESCO
OCC_80660e3c36ff,SKL_7493dcb6b2b6,essential,ESCO
OCC_80660e3c36ff,SKL_1e8fe35aac35,essential,ESCO
OCC_80660e3c36ff,SKL_3809f98cce9e,essential,ESCO
OCC_80660e3c36ff,SKL_a64f321f488f,essential,ESCO
OCC_80660e3c36ff,SKL_3b1c6e0aad62,essential,ESCO
OCC_80660e3c36ff,SKL_8a9651b100b9,essential,ESCO
OCC_80660e3c36ff,SKL_3e8275119d50,optional,ESCO
OCC_80660e3c36ff,SKL_e22e3873e2aa,optional,ESCO
OCC_80660e3c36ff,SKL_ad5527904d9f,optional,ESCO
OCC_80660e3c36ff,SKL_6df9c3907c46,optional,ESCO
OCC_80660e3c36ff,SKL_9b5584008e66,optional,ESCO
OCC_80660e3c36ff,SKL_962ed8d38c4e,optional,ESCO
OCC_80660e3c36ff,SKL_9cdd580294bf,optional,ESCO
OCC_80660e3c36ff,SKL_faa48d074cba,optional,ESCO
OCC_80660e3c36ff,SKL_96926ab90fab,optional,ESCO
OCC_80660e3c36ff,SKL_9fc5ffd462ae,optional,ESCO
OCC_80660e3c36ff,SKL_a5bd02f3490e,optional,ESCO
OCC_80660e3c36ff,SKL_e83ea15281a7,optional,ESCO
OCC_80660e3c36ff,SKL_1124817a720e,optional,ESCO
OCC_80660e3c36ff,SKL_46088f1661b7,optional,ESCO
OCC_80660e3c36ff,SKL_17a6cda90b85,optional,ESCO
OCC_80660e3c36ff,SKL_a43bcca2465e,optional,ESCO
OCC_80660e3c36ff,SKL_a913b683ebd9,optional,ESCO
OCC_80660e3c36ff,SKL_f6f390848b58,optional,ESCO
OCC_80660e3c36ff,SKL_c9160ddc7dcd,optional,ESCO
OCC_80660e3c36ff,SKL_88eabaa2c80d,optional,ESCO
OCC_80660e3c36ff,SKL_d0035b994078,optional,ESCO
OCC_80660e3c36ff,SKL_7316456072df,optional,ESCO
OCC_80660e3c36ff,SKL_0dcb87ca96d3,optional,ESCO
OCC_80660e3c36ff,SKL_f858e811b523,optional,ESCO
OCC_80660e3c36ff,SKL_6b4086c51411,optional,ESCO
OCC_80660e3c36ff,SKL_8fdc5cfeed79,optional,ESCO
OCC_80660e3c36ff,SKL_fddfe276744e,optional,ESCO
OCC_80660e3c36ff,SKL_5ee8a7543f31,optional,ESCO
OCC_80660e3c36ff,SKL_f18769bf13e8,optional,ESCO
OCC_80660e3c36ff,SKL_5a85416c775f,optional,ESCO
OCC_80660e3c36ff,SKL_de759b6256cc,optional,ESCO
OCC_80660e3c36ff,SKL_b52f6b21f082,optional,ESCO
OCC_80660e3c36ff,SKL_224770e9399c,optional,ESCO
OCC_80660e3c36ff,SKL_e681e8b852a4,optional,ESCO
OCC_80660e3c36ff,SKL_81167559edfd,optional,ESCO
OCC_80660e3c36ff,SKL_de055ba807c1,optional,ESCO
OCC_80660e3c36ff,SKL_2b386dc088dc,optional,ESCO
OCC_80660e3c36ff,SKL_53fbbdc90e13,optional,ESCO
OCC_80660e3c36ff,SKL_02c69b93451d,optional,ESCO
OCC_80660e3c36ff,SKL_61058691b0ef,optional,ESCO
OCC_80660e3c36ff,SKL_5846d47024c9,optional,ESCO
OCC_80660e3c36ff,SKL_7019e9976329,optional,ESCO
OCC_80660e3c36ff,SKL_87447445d99d,optional,ESCO
OCC_80660e3c36ff,SKL_ea47db501b9f,optional,ESCO
OCC_80660e3c36ff,SKL_fc36ef6f31c9,optional,ESCO
OCC_80660e3c36ff,SKL_063550b14c8c,optional,ESCO
OCC_80660e3c36ff,SKL_d00c0cbdf6af,optional,ESCO
OCC_80660e3c36ff,SKL_60f44085f999,optional,ESCO
OCC_80660e3c36ff,SKL_e9b9f4a1354d,optional,ESCO
OCC_80660e3c36ff,SKL_9a283c5620fd,optional,ESCO
OCC_80660e3c36ff,SKL_c88ea684ad79,optional,ESCO
OCC_80660e3c36ff,SKL_95a37d406831,optional,ESCO
OCC_80660e3c36ff,SKL_234f69e2b4b5,optional,ESCO
OCC_80660e3c36ff,SKL_ea96d8f39e81,optional,ESCO
OCC_80660e3c36ff,SKL_f538b5a71a6c,optional,ESCO
OCC_80660e3c36ff,SKL_b84a9945d501,optional,ESCO
OCC_80660e3c36ff,SKL_b1d3c0bd074a,optional,ESCO
OCC_80660e3c36ff,SKL_4f01778789d9,optional,ESCO
OCC_b12363d00856,SKL_eababd164e1d,essential,ESCO
OCC_b12363d00856,SKL_5d725c59527d,essential,ESCO
OCC_b12363d00856,SKL_e681e8b852a4,essential,ESCO
OCC_b12363d00856,SKL_bd85b6465f48,essential,ESCO
OCC_b12363d00856,SKL_d109a693537c,essential,ESCO
OCC_b12363d00856,SKL_ad07bc17b05e,essential,ESCO
OCC_b12363d00856,SKL_a08ea66fbd95,essential,ESCO
OCC_b12363d00856,SKL_2e64fb93c3f2,essential,ESCO
OCC_b12363d00856,SKL_f777a42c8a7a,essential,ESCO
OCC_b12363d00856,SKL_c9ce5d8cbc63,essential,ESCO
OCC_b12363d00856,SKL_6c3b2061ca0c,essential,ESCO
OCC_b12363d00856,SKL_739c039c3749,essential,ESCO
OCC_b12363d00856,SKL_53ceaa2295af,essential,ESCO
OCC_b12363d00856,SKL_1911edef9778,essential,ESCO
OCC_b12363d00856,SKL_b1d3c0bd074a,essential,ESCO
OCC_b12363d00856,SKL_f1c997d8743f,essential,ESCO
OCC_b12363d00856,SKL_a056c33cbcd4,essential,ESCO
OCC_b12363d00856,SKL_99c6f04ac23c,optional,ESCO
OCC_b12363d00856,SKL_1d9be898b4cf,optional,ESCO
OCC_b12363d00856,SKL_59c64ba70b70,optional,ESCO
OCC_b12363d00856,SKL_74a301540229,optional,ESCO
OCC_b12363d00856,SKL_7c9445cdf809,optional,ESCO
OCC_b12363d00856,SKL_a996f285edca,optional,ESCO
OCC_b12363d00856,SKL_8c66ec45bce8,optional,ESCO
OCC_b12363d00856,SKL_327b78a43765,optional,ESCO
OCC_b12363d00856,SKL_419d9382e4ff,optional,ESCO
OCC_b12363d00856,SKL_2621a1e8af59,optional,ESCO
OCC_b12363d00856,SKL_d239ba97bcd3,optional,ESCO
OCC_b12363d00856,SKL_4687c1d5b8d4,optional,ESCO
OCC_b12363d00856,SKL_47f2166fb857,optional,ESCO
OCC_b12363d00856,SKL_1c64576763e5,optional,ESCO
OCC_b12363d00856,SKL_56358ec7d691,optional,ESCO
OCC_b12363d00856,SKL_138d3c16c190,optional,ESCO
OCC_b12363d00856,SKL_1da867302f5b,optional,ESCO
OCC_b12363d00856,SKL_73331ab8779f,optional,ESCO
OCC_b12363d00856,SKL_b145b502032c,optional,ESCO
OCC_69eaea4542b3,SKL_a33504a35440,essential,ESCO
OCC_69eaea4542b3,SKL_54429feac7cb,essential,ESCO
OCC_69eaea4542b3,SKL_def6ad401f98,essential,ESCO
OCC_69eaea4542b3,SKL_1a3570884e47,essential,ESCO
OCC_69eaea4542b3,SKL_185b1ce4d13f,essential,ESCO
OCC_69eaea4542b3,SKL_65da6e3d5632,essential,ESCO
OCC_69eaea4542b3,SKL_8225f6572e45,essential,ESCO
OCC_69eaea4542b3,SKL_73124fb4add3,essential,ESCO
OCC_69eaea4542b3,SKL_c74243986bea,essential,ESCO
OCC_69eaea4542b3,SKL_60ffa168db6b,essential,ESCO
OCC_69eaea4542b3,SKL_27d19457db14,essential,ESCO
OCC_69eaea4542b3,SKL_87e726dfb63f,essential,ESCO
OCC_69eaea4542b3,SKL_42da43a49734,essential,ESCO
OCC_69eaea4542b3,SKL_c28e6064ca64,essential,ESCO
OCC_69eaea4542b3,SKL_2b9b57d62800,essential,ESCO
OCC_69eaea4542b3,SKL_487dc7976c4c,essential,ESCO
OCC_69eaea4542b3,SKL_faa7a56e6d5d,essential,ESCO
OCC_69eaea4542b3,SKL_6fce2b343b90,optional,ESCO
OCC_69eaea4542b3,SKL_59347ba99f49,optional,ESCO
OCC_69eaea4542b3,SKL_96926ab90fab,optional,ESCO
OCC_69eaea4542b3,SKL_ac28289e01c7,optional,ESCO
OCC_69eaea4542b3,SKL_07fed61b3215,optional,ESCO
OCC_69eaea4542b3,SKL_dcb2d53be420,optional,ESCO
OCC_69eaea4542b3,SKL_eababd164e1d,optional,ESCO
OCC_69eaea4542b3,SKL_c20544c221a8,optional,ESCO
OCC_69eaea4542b3,SKL_c993c6aecf8e,optional,ESCO
OCC_69eaea4542b3,SKL_2bf7432b2d4b,optional,ESCO
OCC_69eaea4542b3,SKL_d275975f2053,optional,ESCO
OCC_69eaea4542b3,SKL_7e853ce0760f,optional,ESCO
OCC_69eaea4542b3,SKL_d3d9af86ef84,optional,ESCO
OCC_69eaea4542b3,SKL_f46a3a3c6551,optional,ESCO
OCC_69eaea4542b3,SKL_3f39269f8a92,optional,ESCO
OCC_69eaea4542b3,SKL_a85869292402,optional,ESCO
OCC_69eaea4542b3,SKL_a2eb07d964f7,optional,ESCO
OCC_69eaea4542b3,SKL_93be9082045c,optional,ESCO
OCC_69eaea4542b3,SKL_005ef90287cd,optional,ESCO
OCC_69eaea4542b3,SKL_d0035b994078,optional,ESCO
OCC_69eaea4542b3,SKL_80f14516b25e,optional,ESCO
OCC_69eaea4542b3,SKL_0faa638ce520,optional,ESCO
OCC_69eaea4542b3,SKL_1058cd52f3ac,optional,ESCO
OCC_69eaea4542b3,SKL_e2444ee1c7e2,optional,ESCO
OCC_69eaea4542b3,SKL_308342e28b73,optional,ESCO
OCC_69eaea4542b3,SKL_d3d208a9be71,optional,ESCO
OCC_69eaea4542b3,SKL_6979c42dcb59,optional,ESCO
OCC_69eaea4542b3,SKL_26e38c8d0849,optional,ESCO
OCC_69eaea4542b3,SKL_7b4f8244da7c,optional,ESCO
OCC_69eaea4542b3,SKL_de055ba807c1,optional,ESCO
OCC_69eaea4542b3,SKL_2826cd7b523c,optional,ESCO
OCC_69eaea4542b3,SKL_a7c157e96f4c,optional,ESCO
OCC_69eaea4542b3,SKL_26d8f2754836,optional,ESCO
OCC_69eaea4542b3,SKL_de2ce348c043,optional,ESCO
OCC_69eaea4542b3,SKL_fe01fa21ff02,optional,ESCO
OCC_69eaea4542b3,SKL_ea47db501b9f,optional,ESCO
OCC_69eaea4542b3,SKL_5adb63770fc7,optional,ESCO
OCC_69eaea4542b3,SKL_0b6d0771361b,optional,ESCO
OCC_69eaea4542b3,SKL_3f11287772f2,optional,ESCO
OCC_69eaea4542b3,SKL_e236a38c4a85,optional,ESCO
OCC_69eaea4542b3,SKL_8eaf90e6b080,optional,ESCO
OCC_69eaea4542b3,SKL_c9ce5d8cbc63,optional,ESCO
OCC_69eaea4542b3,SKL_b56c95aeb880,optional,ESCO
OCC_69eaea4542b3,SKL_b987f0547d15,optional,ESCO
OCC_69eaea4542b3,SKL_f404d9dd01d7,optional,ESCO
OCC_69eaea4542b3,SKL_b84a9945d501,optional,ESCO
OCC_69eaea4542b3,SKL_3b1c6e0aad62,optional,ESCO
OCC_69eaea4542b3,SKL_1911edef9778,optional,ESCO
OCC_69eaea4542b3,SKL_dc718588b284,optional,ESCO
OCC_69eaea4542b3,SKL_4f01778789d9,optional,ESCO
OCC_14d19ed15436,SKL_93f80f560331,essential,ESCO
OCC_14d19ed15436,SKL_0de1bcfc9fd2,essential,ESCO
OCC_14d19ed15436,SKL_eababd164e1d,essential,ESCO
OCC_14d19ed15436,SKL_a4917fa3f867,essential,ESCO
OCC_14d19ed15436,SKL_29aa2699d0ed,essential,ESCO
OCC_14d19ed15436,SKL_78a032041797,essential,ESCO
OCC_14d19ed15436,SKL_45833ea0a545,essential,ESCO
OCC_14d19ed15436,SKL_8137328e7791,essential,ESCO
OCC_14d19ed15436,SKL_c2d129835e70,essential,ESCO
OCC_14d19ed15436,SKL_a08ea66fbd95,essential,ESCO
OCC_14d19ed15436,SKL_66c6102cf4f7,essential,ESCO
OCC_14d19ed15436,SKL_7942392b4802,essential,ESCO
OCC_14d19ed15436,SKL_04e6c64d8bdd,essential,ESCO
OCC_14d19ed15436,SKL_e36932d9aee8,essential,ESCO
OCC_14d19ed15436,SKL_c3477b07a7f4,essential,ESCO
OCC_14d19ed15436,SKL_e2dbc508cb21,essential,ESCO
OCC_14d19ed15436,SKL_18f51ab73315,essential,ESCO
OCC_14d19ed15436,SKL_096204475b7f,essential,ESCO
OCC_14d19ed15436,SKL_b1c2a4bc445a,essential,ESCO
OCC_14d19ed15436,SKL_acb7132e14ad,essential,ESCO
OCC_14d19ed15436,SKL_2ad1a26854b3,essential,ESCO
OCC_14d19ed15436,SKL_62ddf5eab27d,essential,ESCO
OCC_14d19ed15436,SKL_00bf18ce904e,essential,ESCO
OCC_14d19ed15436,SKL_3e8275119d50,optional,ESCO
OCC_14d19ed15436,SKL_e22e3873e2aa,optional,ESCO
OCC_14d19ed15436,SKL_ad5527904d9f,optional,ESCO
OCC_14d19ed15436,SKL_9b5584008e66,optional,ESCO
OCC_14d19ed15436,SKL_962ed8d38c4e,optional,ESCO
OCC_14d19ed15436,SKL_9cdd580294bf,optional,ESCO
OCC_14d19ed15436,SKL_b22bcd60a416,optional,ESCO
OCC_14d19ed15436,SKL_faa48d074cba,optional,ESCO
OCC_14d19ed15436,SKL_9fc5ffd462ae,optional,ESCO
OCC_14d19ed15436,SKL_59c64ba70b70,optional,ESCO
OCC_14d19ed15436,SKL_a5bd02f3490e,optional,ESCO
OCC_14d19ed15436,SKL_e83ea15281a7,optional,ESCO
OCC_14d19ed15436,SKL_1124817a720e,optional,ESCO
OCC_14d19ed15436,SKL_46088f1661b7,optional,ESCO
OCC_14d19ed15436,SKL_17a6cda90b85,optional,ESCO
OCC_14d19ed15436,SKL_a43bcca2465e,optional,ESCO
OCC_14d19ed15436,SKL_a913b683ebd9,optional,ESCO
OCC_14d19ed15436,SKL_f6f390848b58,optional,ESCO
OCC_14d19ed15436,SKL_c9160ddc7dcd,optional,ESCO
OCC_14d19ed15436,SKL_88eabaa2c80d,optional,ESCO
OCC_14d19ed15436,SKL_d537dfcccc25,optional,ESCO
OCC_14d19ed15436,SKL_ccd10a9e58b7,optional,ESCO
OCC_14d19ed15436,SKL_def6ad401f98,optional,ESCO
OCC_14d19ed15436,SKL_ee642b56a8f9,optional,ESCO
OCC_14d19ed15436,SKL_b2fa268f665e,optional,ESCO
OCC_14d19ed15436,SKL_66664fb959be,optional,ESCO
OCC_14d19ed15436,SKL_5f8c22d6f0f5,optional,ESCO
OCC_14d19ed15436,SKL_1ec8e222a519,optional,ESCO
OCC_14d19ed15436,SKL_f858e811b523,optional,ESCO
OCC_14d19ed15436,SKL_6b4086c51411,optional,ESCO
OCC_14d19ed15436,SKL_fddfe276744e,optional,ESCO
OCC_14d19ed15436,SKL_5ee8a7543f31,optional,ESCO
OCC_14d19ed15436,SKL_5a85416c775f,optional,ESCO
OCC_14d19ed15436,SKL_ec2491e3eb27,optional,ESCO
OCC_14d19ed15436,SKL_232fd42823e2,optional,ESCO
OCC_14d19ed15436,SKL_86eb8b674662,optional,ESCO
OCC_14d19ed15436,SKL_de759b6256cc,optional,ESCO
OCC_14d19ed15436,SKL_b52f6b21f082,optional,ESCO
OCC_14d19ed15436,SKL_224770e9399c,optional,ESCO
OCC_14d19ed15436,SKL_81167559edfd,optional,ESCO
OCC_14d19ed15436,SKL_aea3e91c5092,optional,ESCO
OCC_14d19ed15436,SKL_1cd624314ce9,optional,ESCO
OCC_14d19ed15436,SKL_4d76ad90efb3,optional,ESCO
OCC_14d19ed15436,SKL_2b386dc088dc,optional,ESCO
OCC_14d19ed15436,SKL_61058691b0ef,optional,ESCO
OCC_14d19ed15436,SKL_5846d47024c9,optional,ESCO
OCC_14d19ed15436,SKL_e7fb6eaf90b6,optional,ESCO
OCC_14d19ed15436,SKL_7019e9976329,optional,ESCO
OCC_14d19ed15436,SKL_df69f4055e0d,optional,ESCO
OCC_14d19ed15436,SKL_fc36ef6f31c9,optional,ESCO
OCC_14d19ed15436,SKL_3f11287772f2,optional,ESCO
OCC_14d19ed15436,SKL_621054dadc59,optional,ESCO
OCC_14d19ed15436,SKL_3de0d077508a,optional,ESCO
OCC_14d19ed15436,SKL_b4830b23bb8d,optional,ESCO
OCC_14d19ed15436,SKL_9b29beea7c1b,optional,ESCO
OCC_14d19ed15436,SKL_87e726dfb63f,optional,ESCO
OCC_14d19ed15436,SKL_0fefd6cde79a,optional,ESCO
OCC_e1b1773585de,SKL_e0876ddb3bd1,essential,ESCO
OCC_e1b1773585de,SKL_9382981177b9,essential,ESCO
OCC_e1b1773585de,SKL_8e38f536a298,essential,ESCO
OCC_e1b1773585de,SKL_d6e8c4e590ce,essential,ESCO
OCC_e1b1773585de,SKL_8c107549fe5b,essential,ESCO
OCC_e1b1773585de,SKL_c2f4985aed64,essential,ESCO
OCC_e1b1773585de,SKL_53715a6035cb,essential,ESCO
OCC_e1b1773585de,SKL_90c7e2eeaba0,essential,ESCO
OCC_e1b1773585de,SKL_a474d184a0a0,essential,ESCO
OCC_e1b1773585de,SKL_2ab21b64c133,essential,ESCO
OCC_e1b1773585de,SKL_c7f3dda43bfb,essential,ESCO
OCC_e1b1773585de,SKL_1e5d6fd05d45,essential,ESCO
OCC_e1b1773585de,SKL_1c2989f1ddbd,essential,ESCO
OCC_e1b1773585de,SKL_1e8fe35aac35,essential,ESCO
OCC_e1b1773585de,SKL_efc2d1a5ed07,essential,ESCO
OCC_e1b1773585de,SKL_db1fc57b8d09,essential,ESCO
OCC_e1b1773585de,SKL_0643ee1dab7c,essential,ESCO
OCC_e1b1773585de,SKL_e4e2ec90812e,optional,ESCO
OCC_e1b1773585de,SKL_6fce2b343b90,optional,ESCO
OCC_e1b1773585de,SKL_07fed61b3215,optional,ESCO
OCC_e1b1773585de,SKL_d275975f2053,optional,ESCO
OCC_e1b1773585de,SKL_0e0ddaf5873f,optional,ESCO
OCC_e1b1773585de,SKL_d0035b994078,optional,ESCO
OCC_e1b1773585de,SKL_0ae8aa439cc1,optional,ESCO
OCC_e1b1773585de,SKL_1a3570884e47,optional,ESCO
OCC_e1b1773585de,SKL_185b1ce4d13f,optional,ESCO
OCC_e1b1773585de,SKL_308342e28b73,optional,ESCO
OCC_e1b1773585de,SKL_ae19bc58bf36,optional,ESCO
OCC_e1b1773585de,SKL_de055ba807c1,optional,ESCO
OCC_e1b1773585de,SKL_ea47db501b9f,optional,ESCO
OCC_e1b1773585de,SKL_ad07bc17b05e,optional,ESCO
OCC_e1b1773585de,SKL_3f11287772f2,optional,ESCO
OCC_e1b1773585de,SKL_a08ea66fbd95,optional,ESCO
OCC_e1b1773585de,SKL_c763014c7d96,optional,ESCO
OCC_e1b1773585de,SKL_e0406f8bed59,optional,ESCO
OCC_e1b1773585de,SKL_d8365db0bf51,optional,ESCO
OCC_e1b1773585de,SKL_eed64f813250,optional,ESCO
OCC_e1b1773585de,SKL_3de0d077508a,optional,ESCO
OCC_e1b1773585de,SKL_c9ce5d8cbc63,optional,ESCO
OCC_e1b1773585de,SKL_ea96d8f39e81,optional,ESCO
OCC_e1b1773585de,SKL_f9a3c3ad2595,optional,ESCO
OCC_e1b1773585de,SKL_6c3b2061ca0c,optional,ESCO
OCC_e1b1773585de,SKL_04e6c64d8bdd,optional,ESCO
OCC_e1b1773585de,SKL_b987f0547d15,optional,ESCO
OCC_e1b1773585de,SKL_27d19457db14,optional,ESCO
OCC_e1b1773585de,SKL_e2dbc508cb21,optional,ESCO
OCC_e1b1773585de,SKL_5f4ddd24afc2,optional,ESCO
OCC_e1b1773585de,SKL_1911edef9778,optional,ESCO
OCC_e1899e09057e,SKL_59c64ba70b70,essential,ESCO
OCC_e1899e09057e,SKL_eababd164e1d,essential,ESCO
OCC_e1899e09057e,SKL_def6ad401f98,essential,ESCO
OCC_e1899e09057e,SKL_2621a1e8af59,essential,ESCO
OCC_e1899e09057e,SKL_5d725c59527d,essential,ESCO
OCC_e1899e09057e,SKL_1c64576763e5,essential,ESCO
OCC_e1899e09057e,SKL_2e64fb93c3f2,essential,ESCO
OCC_e1899e09057e,SKL_c2ce930d35e3,essential,ESCO
OCC_e1899e09057e,SKL_4da81ba8fc0e,essential,ESCO
OCC_e1899e09057e,SKL_c74243986bea,essential,ESCO
OCC_e1899e09057e,SKL_f9a3c3ad2595,essential,ESCO
OCC_e1899e09057e,SKL_9530b497844a,essential,ESCO
OCC_e1899e09057e,SKL_014598d4e683,essential,ESCO
OCC_e1899e09057e,SKL_e439fbbfbc7a,essential,ESCO
OCC_e1899e09057e,SKL_b1d3c0bd074a,essential,ESCO
OCC_e1899e09057e,SKL_a056c33cbcd4,essential,ESCO
OCC_e1899e09057e,SKL_2413edb46063,essential,ESCO
OCC_e1899e09057e,SKL_3e8275119d50,optional,ESCO
OCC_e1899e09057e,SKL_aaa07ffaa309,optional,ESCO
OCC_e1899e09057e,SKL_ad5527904d9f,optional,ESCO
OCC_e1899e09057e,SKL_9b5584008e66,optional,ESCO
OCC_e1899e09057e,SKL_962ed8d38c4e,optional,ESCO
OCC_e1899e09057e,SKL_99c6f04ac23c,optional,ESCO
OCC_e1899e09057e,SKL_9cdd580294bf,optional,ESCO
OCC_e1899e09057e,SKL_faa48d074cba,optional,ESCO
OCC_e1899e09057e,SKL_9fc5ffd462ae,optional,ESCO
OCC_e1899e09057e,SKL_379bf96d5682,optional,ESCO
OCC_e1899e09057e,SKL_a5bd02f3490e,optional,ESCO
OCC_e1899e09057e,SKL_e83ea15281a7,optional,ESCO
OCC_e1899e09057e,SKL_4f9e7caf5aed,optional,ESCO
OCC_e1899e09057e,SKL_1124817a720e,optional,ESCO
OCC_e1899e09057e,SKL_46088f1661b7,optional,ESCO
OCC_e1899e09057e,SKL_a43bcca2465e,optional,ESCO
OCC_e1899e09057e,SKL_b65348538f34,optional,ESCO
OCC_e1899e09057e,SKL_3f39269f8a92,optional,ESCO
OCC_e1899e09057e,SKL_a913b683ebd9,optional,ESCO
OCC_e1899e09057e,SKL_f6f390848b58,optional,ESCO
OCC_e1899e09057e,SKL_c9160ddc7dcd,optional,ESCO
OCC_e1899e09057e,SKL_88eabaa2c80d,optional,ESCO
OCC_e1899e09057e,SKL_d537dfcccc25,optional,ESCO
OCC_e1899e09057e,SKL_ccd10a9e58b7,optional,ESCO
OCC_e1899e09057e,SKL_8c66ec45bce8,optional,ESCO
OCC_e1899e09057e,SKL_327b78a43765,optional,ESCO
OCC_e1899e09057e,SKL_c4334e388dc0,optional,ESCO
OCC_e1899e09057e,SKL_175902ab3712,optional,ESCO
OCC_e1899e09057e,SKL_598b19e5beee,optional,ESCO
OCC_e1899e09057e,SKL_f858e811b523,optional,ESCO
OCC_e1899e09057e,SKL_6b4086c51411,optional,ESCO
OCC_e1899e09057e,SKL_5ee8a7543f31,optional,ESCO
OCC_e1899e09057e,SKL_5a85416c775f,optional,ESCO
OCC_e1899e09057e,SKL_9c97e63afd1a,optional,ESCO
OCC_e1899e09057e,SKL_86eb8b674662,optional,ESCO
OCC_e1899e09057e,SKL_de759b6256cc,optional,ESCO
OCC_e1899e09057e,SKL_b52f6b21f082,optional,ESCO
OCC_e1899e09057e,SKL_224770e9399c,optional,ESCO
OCC_e1899e09057e,SKL_81167559edfd,optional,ESCO
OCC_e1899e09057e,SKL_4687c1d5b8d4,optional,ESCO
OCC_e1899e09057e,SKL_1cd624314ce9,optional,ESCO
OCC_e1899e09057e,SKL_2b386dc088dc,optional,ESCO
OCC_e1899e09057e,SKL_61058691b0ef,optional,ESCO
OCC_e1899e09057e,SKL_5846d47024c9,optional,ESCO
OCC_e1899e09057e,SKL_7019e9976329,optional,ESCO
OCC_e1899e09057e,SKL_df69f4055e0d,optional,ESCO
OCC_e1899e09057e,SKL_47f2166fb857,optional,ESCO
OCC_e1899e09057e,SKL_fc36ef6f31c9,optional,ESCO
OCC_e1899e09057e,SKL_3f11287772f2,optional,ESCO
OCC_e1899e09057e,SKL_370980230f11,optional,ESCO
OCC_e1899e09057e,SKL_1a9765b43218,optional,ESCO
OCC_e1899e09057e,SKL_138d3c16c190,optional,ESCO
OCC_e1899e09057e,SKL_1e60c0a605d3,optional,ESCO
OCC_e1899e09057e,SKL_e0406f8bed59,optional,ESCO
OCC_e1899e09057e,SKL_3887cab28790,optional,ESCO
OCC_e1899e09057e,SKL_d4f9396de51d,optional,ESCO
OCC_e1899e09057e,SKL_88e58a1e2200,optional,ESCO
OCC_e1899e09057e,SKL_dddd918d8d0c,optional,ESCO
OCC_e1899e09057e,SKL_91a3e0a560f7,optional,ESCO
OCC_e1899e09057e,SKL_be15098358f4,optional,ESCO
OCC_e1899e09057e,SKL_e92f735f2558,optional,ESCO
OCC_e1899e09057e,SKL_dc718588b284,optional,ESCO
OCC_697bbd77a746,SKL_d36c0e2ff2ea,essential,ESCO
OCC_697bbd77a746,SKL_27cdecd220ea,essential,ESCO
OCC_697bbd77a746,SKL_f8cdff52e6ee,essential,ESCO
OCC_697bbd77a746,SKL_0ae8aa439cc1,essential,ESCO
OCC_697bbd77a746,SKL_f471c50579ee,essential,ESCO
OCC_697bbd77a746,SKL_39001d5b3aea,essential,ESCO
OCC_697bbd77a746,SKL_b4bbfe5755b9,essential,ESCO
OCC_697bbd77a746,SKL_90c7e2eeaba0,essential,ESCO
OCC_697bbd77a746,SKL_e0406f8bed59,essential,ESCO
OCC_697bbd77a746,SKL_d8365db0bf51,essential,ESCO
OCC_697bbd77a746,SKL_2320901baa0c,essential,ESCO
OCC_697bbd77a746,SKL_a474d184a0a0,essential,ESCO
OCC_697bbd77a746,SKL_416a1accd749,essential,ESCO
OCC_697bbd77a746,SKL_c7f3dda43bfb,essential,ESCO
OCC_697bbd77a746,SKL_40d131c16648,essential,ESCO
OCC_697bbd77a746,SKL_509e2294bb57,essential,ESCO
OCC_697bbd77a746,SKL_5f4ddd24afc2,essential,ESCO
OCC_697bbd77a746,SKL_1e8fe35aac35,essential,ESCO
OCC_697bbd77a746,SKL_8a9651b100b9,essential,ESCO
OCC_697bbd77a746,SKL_ad19fd262b6d,essential,ESCO
OCC_697bbd77a746,SKL_32ea606ef54c,essential,ESCO
OCC_697bbd77a746,SKL_6fce2b343b90,optional,ESCO
OCC_697bbd77a746,SKL_18b153db615d,optional,ESCO
OCC_697bbd77a746,SKL_5e1feca357b2,optional,ESCO
OCC_697bbd77a746,SKL_b72717b1c634,optional,ESCO
OCC_697bbd77a746,SKL_56acbc4788c5,optional,ESCO
OCC_697bbd77a746,SKL_e7fb6eaf90b6,optional,ESCO
OCC_697bbd77a746,SKL_f66d4af78875,optional,ESCO
OCC_697bbd77a746,SKL_b1aa4a266780,optional,ESCO
OCC_697bbd77a746,SKL_cbd97a2e6290,optional,ESCO
OCC_697bbd77a746,SKL_3de0d077508a,optional,ESCO
OCC_697bbd77a746,SKL_e236a38c4a85,optional,ESCO
OCC_697bbd77a746,SKL_ad3b003ca96e,optional,ESCO
OCC_697bbd77a746,SKL_234f69e2b4b5,optional,ESCO
OCC_697bbd77a746,SKL_c8eeeb942505,optional,ESCO
OCC_3e265a77afe1,SKL_86420149ed27,essential,ESCO
OCC_3e265a77afe1,SKL_a2b051fbd22d,essential,ESCO
OCC_3e265a77afe1,SKL_8d1f7cbb3377,essential,ESCO
OCC_3e265a77afe1,SKL_f335ed0ef250,essential,ESCO
OCC_3e265a77afe1,SKL_b2efdf0b940a,essential,ESCO
OCC_3e265a77afe1,SKL_2556f77c4d95,essential,ESCO
OCC_3e265a77afe1,SKL_027b4b2aa1a9,essential,ESCO
OCC_3e265a77afe1,SKL_370980230f11,essential,ESCO
OCC_3e265a77afe1,SKL_87d1bd84a090,essential,ESCO
OCC_3e265a77afe1,SKL_83844c286d76,essential,ESCO
OCC_3e265a77afe1,SKL_a561c76a0e88,essential,ESCO
OCC_3e265a77afe1,SKL_74015909b033,essential,ESCO
OCC_3e265a77afe1,SKL_b9899d180c91,essential,ESCO
OCC_3e265a77afe1,SKL_67477491a4ca,essential,ESCO
OCC_3e265a77afe1,SKL_b04355598611,essential,ESCO
OCC_3e265a77afe1,SKL_b66a815da958,essential,ESCO
OCC_3e265a77afe1,SKL_80db69e65dcf,essential,ESCO
OCC_3e265a77afe1,SKL_873cfe48c2ce,essential,ESCO
OCC_3e265a77afe1,SKL_3bd4dede8a96,essential,ESCO
OCC_3e265a77afe1,SKL_fac53db94872,essential,ESCO
OCC_3e265a77afe1,SKL_62237838ecde,essential,ESCO
OCC_3e265a77afe1,SKL_6df9c3907c46,optional,ESCO
OCC_3e265a77afe1,SKL_07fed61b3215,optional,ESCO
OCC_3e265a77afe1,SKL_c6689c05585a,optional,ESCO
OCC_3e265a77afe1,SKL_1124817a720e,optional,ESCO
OCC_3e265a77afe1,SKL_d275975f2053,optional,ESCO
OCC_3e265a77afe1,SKL_a43bcca2465e,optional,ESCO
OCC_3e265a77afe1,SKL_d0035b994078,optional,ESCO
OCC_3e265a77afe1,SKL_def6ad401f98,optional,ESCO
OCC_3e265a77afe1,SKL_2e445df6f74b,optional,ESCO
OCC_3e265a77afe1,SKL_45b5255faa15,optional,ESCO
OCC_3e265a77afe1,SKL_1a3570884e47,optional,ESCO
OCC_3e265a77afe1,SKL_185b1ce4d13f,optional,ESCO
OCC_3e265a77afe1,SKL_308342e28b73,optional,ESCO
OCC_3e265a77afe1,SKL_86eb8b674662,optional,ESCO
OCC_3e265a77afe1,SKL_e681e8b852a4,optional,ESCO
OCC_3e265a77afe1,SKL_de055ba807c1,optional,ESCO
OCC_3e265a77afe1,SKL_53fbbdc90e13,optional,ESCO
OCC_3e265a77afe1,SKL_02c69b93451d,optional,ESCO
OCC_3e265a77afe1,SKL_ea47db501b9f,optional,ESCO
OCC_3e265a77afe1,SKL_caa92afcdf36,optional,ESCO
OCC_3e265a77afe1,SKL_621054dadc59,optional,ESCO
OCC_3e265a77afe1,SKL_c2ce930d35e3,optional,ESCO
OCC_3e265a77afe1,SKL_c9ce5d8cbc63,optional,ESCO
OCC_3e265a77afe1,SKL_666b5797ca38,optional,ESCO
OCC_3e265a77afe1,SKL_fa3ca530b552,optional,ESCO
OCC_3e265a77afe1,SKL_c92f3cc793bd,optional,ESCO
OCC_3e265a77afe1,SKL_f388889ccd53,optional,ESCO
OCC_3e265a77afe1,SKL_67de2545bb79,optional,ESCO
OCC_b46ed0bc22d0,SKL_4f8027620713,essential,ESCO
OCC_b46ed0bc22d0,SKL_f335ed0ef250,essential,ESCO
OCC_b46ed0bc22d0,SKL_2826cd7b523c,essential,ESCO
OCC_b46ed0bc22d0,SKL_74015909b033,essential,ESCO
OCC_b46ed0bc22d0,SKL_b9899d180c91,essential,ESCO
OCC_b46ed0bc22d0,SKL_b66a815da958,essential,ESCO
OCC_b46ed0bc22d0,SKL_873cfe48c2ce,essential,ESCO
OCC_b46ed0bc22d0,SKL_3b1c6e0aad62,essential,ESCO
OCC_b46ed0bc22d0,SKL_4adb0a2106db,essential,ESCO
OCC_b46ed0bc22d0,SKL_65a88136df69,essential,ESCO
OCC_b46ed0bc22d0,SKL_62237838ecde,essential,ESCO
OCC_b46ed0bc22d0,SKL_2bc91d00f4a3,essential,ESCO
OCC_b46ed0bc22d0,SKL_6df9c3907c46,optional,ESCO
OCC_b46ed0bc22d0,SKL_07fed61b3215,optional,ESCO
OCC_b46ed0bc22d0,SKL_d275975f2053,optional,ESCO
OCC_b46ed0bc22d0,SKL_a4917fa3f867,optional,ESCO
OCC_b46ed0bc22d0,SKL_d0035b994078,optional,ESCO
OCC_b46ed0bc22d0,SKL_def6ad401f98,optional,ESCO
OCC_b46ed0bc22d0,SKL_83dfa0298e85,optional,ESCO
OCC_b46ed0bc22d0,SKL_45b5255faa15,optional,ESCO
OCC_b46ed0bc22d0,SKL_1a3570884e47,optional,ESCO
OCC_b46ed0bc22d0,SKL_185b1ce4d13f,optional,ESCO
OCC_b46ed0bc22d0,SKL_308342e28b73,optional,ESCO
OCC_b46ed0bc22d0,SKL_ec2491e3eb27,optional,ESCO
OCC_b46ed0bc22d0,SKL_e681e8b852a4,optional,ESCO
OCC_b46ed0bc22d0,SKL_de055ba807c1,optional,ESCO
OCC_b46ed0bc22d0,SKL_53fbbdc90e13,optional,ESCO
OCC_b46ed0bc22d0,SKL_02c69b93451d,optional,ESCO
OCC_b46ed0bc22d0,SKL_ea47db501b9f,optional,ESCO
OCC_b46ed0bc22d0,SKL_baba1c8d18ea,optional,ESCO
OCC_b46ed0bc22d0,SKL_621054dadc59,optional,ESCO
OCC_b46ed0bc22d0,SKL_c2ce930d35e3,optional,ESCO
OCC_b46ed0bc22d0,SKL_c9ce5d8cbc63,optional,ESCO
OCC_b46ed0bc22d0,SKL_666b5797ca38,optional,ESCO
OCC_b46ed0bc22d0,SKL_fa3ca530b552,optional,ESCO
OCC_b46ed0bc22d0,SKL_5ca14d6a9200,optional,ESCO
OCC_b46ed0bc22d0,SKL_c92f3cc793bd,optional,ESCO
OCC_b46ed0bc22d0,SKL_b612c882be81,optional,ESCO
OCC_b46ed0bc22d0,SKL_3bd4dede8a96,optional,ESCO
OCC_b46ed0bc22d0,SKL_f388889ccd53,optional,ESCO
OCC_b46ed0bc22d0,SKL_2b9b57d62800,optional,ESCO
OCC_b46ed0bc22d0,SKL_b145b502032c,optional,ESCO
OCC_47055aec8572,SKL_1d9be898b4cf,essential,ESCO
OCC_47055aec8572,SKL_59c64ba70b70,essential,ESCO
OCC_47055aec8572,SKL_eababd164e1d,essential,ESCO
OCC_47055aec8572,SKL_def6ad401f98,essential,ESCO
OCC_47055aec8572,SKL_2621a1e8af59,essential,ESCO
OCC_47055aec8572,SKL_5d725c59527d,essential,ESCO
OCC_47055aec8572,SKL_d67dfc4ee39e,essential,ESCO
OCC_47055aec8572,SKL_138d3c16c190,essential,ESCO
OCC_47055aec8572,SKL_c2ce930d35e3,essential,ESCO
OCC_47055aec8572,SKL_4da81ba8fc0e,essential,ESCO
OCC_47055aec8572,SKL_9530b497844a,essential,ESCO
OCC_47055aec8572,SKL_55cd3dcd5e3b,essential,ESCO
OCC_47055aec8572,SKL_04d28b46c58b,essential,ESCO
OCC_47055aec8572,SKL_014598d4e683,essential,ESCO
OCC_47055aec8572,SKL_e439fbbfbc7a,essential,ESCO
OCC_47055aec8572,SKL_2413edb46063,essential,ESCO
OCC_47055aec8572,SKL_3e8275119d50,optional,ESCO
OCC_47055aec8572,SKL_aaa07ffaa309,optional,ESCO
OCC_47055aec8572,SKL_ad5527904d9f,optional,ESCO
OCC_47055aec8572,SKL_9b5584008e66,optional,ESCO
OCC_47055aec8572,SKL_962ed8d38c4e,optional,ESCO
OCC_47055aec8572,SKL_99c6f04ac23c,optional,ESCO
OCC_47055aec8572,SKL_9cdd580294bf,optional,ESCO
OCC_47055aec8572,SKL_faa48d074cba,optional,ESCO
OCC_47055aec8572,SKL_9fc5ffd462ae,optional,ESCO
OCC_47055aec8572,SKL_a5bd02f3490e,optional,ESCO
OCC_47055aec8572,SKL_e83ea15281a7,optional,ESCO
OCC_47055aec8572,SKL_1124817a720e,optional,ESCO
OCC_47055aec8572,SKL_46088f1661b7,optional,ESCO
OCC_47055aec8572,SKL_a43bcca2465e,optional,ESCO
OCC_47055aec8572,SKL_4f8027620713,optional,ESCO
OCC_47055aec8572,SKL_b65348538f34,optional,ESCO
OCC_47055aec8572,SKL_a913b683ebd9,optional,ESCO
OCC_47055aec8572,SKL_f6f390848b58,optional,ESCO
OCC_47055aec8572,SKL_c9160ddc7dcd,optional,ESCO
OCC_47055aec8572,SKL_88eabaa2c80d,optional,ESCO
OCC_47055aec8572,SKL_d537dfcccc25,optional,ESCO
OCC_47055aec8572,SKL_ccd10a9e58b7,optional,ESCO
OCC_47055aec8572,SKL_516c38d191ba,optional,ESCO
OCC_47055aec8572,SKL_8c66ec45bce8,optional,ESCO
OCC_47055aec8572,SKL_327b78a43765,optional,ESCO
OCC_47055aec8572,SKL_c4334e388dc0,optional,ESCO
OCC_47055aec8572,SKL_175902ab3712,optional,ESCO
OCC_47055aec8572,SKL_f8cdff52e6ee,optional,ESCO
OCC_47055aec8572,SKL_f858e811b523,optional,ESCO
OCC_47055aec8572,SKL_6b4086c51411,optional,ESCO
OCC_47055aec8572,SKL_b2efdf0b940a,optional,ESCO
OCC_47055aec8572,SKL_5ee8a7543f31,optional,ESCO
OCC_47055aec8572,SKL_5a85416c775f,optional,ESCO
OCC_47055aec8572,SKL_eac191d41595,optional,ESCO
OCC_47055aec8572,SKL_86eb8b674662,optional,ESCO
OCC_47055aec8572,SKL_de759b6256cc,optional,ESCO
OCC_47055aec8572,SKL_a8e640d3772f,optional,ESCO
OCC_47055aec8572,SKL_b52f6b21f082,optional,ESCO
OCC_47055aec8572,SKL_224770e9399c,optional,ESCO
OCC_47055aec8572,SKL_81167559edfd,optional,ESCO
OCC_47055aec8572,SKL_4687c1d5b8d4,optional,ESCO
OCC_47055aec8572,SKL_1cd624314ce9,optional,ESCO
OCC_47055aec8572,SKL_2b386dc088dc,optional,ESCO
OCC_47055aec8572,SKL_61058691b0ef,optional,ESCO
OCC_47055aec8572,SKL_5846d47024c9,optional,ESCO
OCC_47055aec8572,SKL_7019e9976329,optional,ESCO
OCC_47055aec8572,SKL_df69f4055e0d,optional,ESCO
OCC_47055aec8572,SKL_47f2166fb857,optional,ESCO
OCC_47055aec8572,SKL_fc36ef6f31c9,optional,ESCO
OCC_47055aec8572,SKL_2e64fb93c3f2,optional,ESCO
OCC_47055aec8572,SKL_1e60c0a605d3,optional,ESCO
OCC_47055aec8572,SKL_3887cab28790,optional,ESCO
OCC_47055aec8572,SKL_dddd918d8d0c,optional,ESCO
OCC_47055aec8572,SKL_f9a3c3ad2595,optional,ESCO
OCC_47055aec8572,SKL_91a3e0a560f7,optional,ESCO
OCC_47055aec8572,SKL_891fd5e04d20,optional,ESCO
OCC_47055aec8572,SKL_e92f735f2558,optional,ESCO
OCC_47055aec8572,SKL_a056c33cbcd4,optional,ESCO
OCC_47055aec8572,SKL_be093e79069c,optional,ESCO
OCC_47055aec8572,SKL_67de2545bb79,optional,ESCO
OCC_8d3f855bfe60,SKL_37f4abfcf77d,essential,ESCO
OCC_8d3f855bfe60,SKL_252e8dfa3dbf,essential,ESCO
OCC_8d3f855bfe60,SKL_1d913cbdf27e,essential,ESCO
OCC_8d3f855bfe60,SKL_3de0d077508a,essential,ESCO
OCC_8d3f855bfe60,SKL_6032197b3f3f,essential,ESCO
OCC_8d3f855bfe60,SKL_2116d3bf8e62,essential,ESCO
OCC_8d3f855bfe60,SKL_509e2294bb57,essential,ESCO
OCC_8d3f855bfe60,SKL_c28e6064ca64,essential,ESCO
OCC_8d3f855bfe60,SKL_80e5a9774341,essential,ESCO
OCC_8d3f855bfe60,SKL_197598d2730e,essential,ESCO
OCC_8d3f855bfe60,SKL_048583f9e7a6,essential,ESCO
OCC_8d3f855bfe60,SKL_431af79d6c2d,essential,ESCO
OCC_8d3f855bfe60,SKL_6b3b58ffac7b,essential,ESCO
OCC_8d3f855bfe60,SKL_31e8100afb43,optional,ESCO
OCC_8d3f855bfe60,SKL_8845df37d0d0,optional,ESCO
OCC_59802a0ba34e,SKL_a2b051fbd22d,essential,ESCO
OCC_59802a0ba34e,SKL_f335ed0ef250,essential,ESCO
OCC_59802a0ba34e,SKL_2556f77c4d95,essential,ESCO
OCC_59802a0ba34e,SKL_027b4b2aa1a9,essential,ESCO
OCC_59802a0ba34e,SKL_87d1bd84a090,essential,ESCO
OCC_59802a0ba34e,SKL_83844c286d76,essential,ESCO
OCC_59802a0ba34e,SKL_a561c76a0e88,essential,ESCO
OCC_59802a0ba34e,SKL_74015909b033,essential,ESCO
OCC_59802a0ba34e,SKL_b9899d180c91,essential,ESCO
OCC_59802a0ba34e,SKL_67477491a4ca,essential,ESCO
OCC_59802a0ba34e,SKL_b04355598611,essential,ESCO
OCC_59802a0ba34e,SKL_b66a815da958,essential,ESCO
OCC_59802a0ba34e,SKL_80db69e65dcf,essential,ESCO
OCC_59802a0ba34e,SKL_873cfe48c2ce,essential,ESCO
OCC_59802a0ba34e,SKL_3bd4dede8a96,essential,ESCO
OCC_59802a0ba34e,SKL_62237838ecde,essential,ESCO
OCC_59802a0ba34e,SKL_c4873b8383da,essential,ESCO
OCC_59802a0ba34e,SKL_6df9c3907c46,optional,ESCO
OCC_59802a0ba34e,SKL_07fed61b3215,optional,ESCO
OCC_59802a0ba34e,SKL_c6689c05585a,optional,ESCO
OCC_59802a0ba34e,SKL_5e1feca357b2,optional,ESCO
OCC_59802a0ba34e,SKL_1124817a720e,optional,ESCO
OCC_59802a0ba34e,SKL_d275975f2053,optional,ESCO
OCC_59802a0ba34e,SKL_a43bcca2465e,optional,ESCO
OCC_59802a0ba34e,SKL_d0035b994078,optional,ESCO
OCC_59802a0ba34e,SKL_def6ad401f98,optional,ESCO
OCC_59802a0ba34e,SKL_2e445df6f74b,optional,ESCO
OCC_59802a0ba34e,SKL_45b5255faa15,optional,ESCO
OCC_59802a0ba34e,SKL_ec48889c1990,optional,ESCO
OCC_59802a0ba34e,SKL_1a3570884e47,optional,ESCO
OCC_59802a0ba34e,SKL_185b1ce4d13f,optional,ESCO
OCC_59802a0ba34e,SKL_308342e28b73,optional,ESCO
OCC_59802a0ba34e,SKL_86eb8b674662,optional,ESCO
OCC_59802a0ba34e,SKL_e681e8b852a4,optional,ESCO
OCC_59802a0ba34e,SKL_cd1a8c17e323,optional,ESCO
OCC_59802a0ba34e,SKL_de055ba807c1,optional,ESCO
OCC_59802a0ba34e,SKL_53fbbdc90e13,optional,ESCO
OCC_59802a0ba34e,SKL_02c69b93451d,optional,ESCO
OCC_59802a0ba34e,SKL_ea47db501b9f,optional,ESCO
OCC_59802a0ba34e,SKL_caa92afcdf36,optional,ESCO
OCC_59802a0ba34e,SKL_621054dadc59,optional,ESCO
OCC_59802a0ba34e,SKL_c2ce930d35e3,optional,ESCO
OCC_59802a0ba34e,SKL_c9ce5d8cbc63,optional,ESCO
OCC_59802a0ba34e,SKL_666b5797ca38,optional,ESCO
OCC_59802a0ba34e,SKL_fa3ca530b552,optional,ESCO
OCC_59802a0ba34e,SKL_c92f3cc793bd,optional,ESCO
OCC_59802a0ba34e,SKL_67de2545bb79,optional,ESCO
OCC_f609b6bc11bf,SKL_93f80f560331,essential,ESCO
OCC_f609b6bc11bf,SKL_ab0615922027,essential,ESCO
OCC_f609b6bc11bf,SKL_78a032041797,essential,ESCO
OCC_f609b6bc11bf,SKL_c5114bc54f61,essential,ESCO
OCC_f609b6bc11bf,SKL_45833ea0a545,essential,ESCO
OCC_f609b6bc11bf,SKL_3f11287772f2,essential,ESCO
OCC_f609b6bc11bf,SKL_ae868395e7ed,essential,ESCO
OCC_f609b6bc11bf,SKL_1a9765b43218,essential,ESCO
OCC_f609b6bc11bf,SKL_09ae9c4724e9,essential,ESCO
OCC_f609b6bc11bf,SKL_be15098358f4,essential,ESCO
OCC_f609b6bc11bf,SKL_c9f64b378429,essential,ESCO
OCC_f609b6bc11bf,SKL_c3477b07a7f4,essential,ESCO
OCC_f609b6bc11bf,SKL_e2dbc508cb21,essential,ESCO
OCC_f609b6bc11bf,SKL_cf44a983788c,essential,ESCO
OCC_f609b6bc11bf,SKL_8a3ed198aa24,essential,ESCO
OCC_f609b6bc11bf,SKL_096204475b7f,essential,ESCO
OCC_f609b6bc11bf,SKL_29b4410cdb6a,essential,ESCO
OCC_f609b6bc11bf,SKL_0d11c1c4ba27,essential,ESCO
OCC_f609b6bc11bf,SKL_26bcb7a7c221,essential,ESCO
OCC_f609b6bc11bf,SKL_12d7df7cd8f5,essential,ESCO
OCC_f609b6bc11bf,SKL_38d8f380447f,optional,ESCO
OCC_f609b6bc11bf,SKL_36dcc4135ed3,optional,ESCO
OCC_f609b6bc11bf,SKL_81d5b505c80d,optional,ESCO
OCC_f609b6bc11bf,SKL_0de1bcfc9fd2,optional,ESCO
OCC_f609b6bc11bf,SKL_eababd164e1d,optional,ESCO
OCC_f609b6bc11bf,SKL_3b734a41feb7,optional,ESCO
OCC_f609b6bc11bf,SKL_def6ad401f98,optional,ESCO
OCC_f609b6bc11bf,SKL_66664fb959be,optional,ESCO
OCC_f609b6bc11bf,SKL_5f8c22d6f0f5,optional,ESCO
OCC_f609b6bc11bf,SKL_f8cdff52e6ee,optional,ESCO
OCC_f609b6bc11bf,SKL_ec2491e3eb27,optional,ESCO
OCC_f609b6bc11bf,SKL_3bd278c6f34d,optional,ESCO
OCC_f609b6bc11bf,SKL_1c64576763e5,optional,ESCO
OCC_f609b6bc11bf,SKL_56358ec7d691,optional,ESCO
OCC_f609b6bc11bf,SKL_7d2e0b1b6b4d,optional,ESCO
OCC_f609b6bc11bf,SKL_66c6102cf4f7,optional,ESCO
OCC_f609b6bc11bf,SKL_9b29beea7c1b,optional,ESCO
OCC_f609b6bc11bf,SKL_789c67df42ab,optional,ESCO
OCC_f609b6bc11bf,SKL_2bc91d00f4a3,optional,ESCO
OCC_af0b4023ea6c,SKL_b0080b620fb2,essential,ESCO
OCC_af0b4023ea6c,SKL_7f91d7bb9892,essential,ESCO
OCC_af0b4023ea6c,SKL_9d372184f770,essential,ESCO
OCC_af0b4023ea6c,SKL_09089504794c,essential,ESCO
OCC_af0b4023ea6c,SKL_36d64273ebbf,essential,ESCO
OCC_af0b4023ea6c,SKL_1b5ba325ef7d,essential,ESCO
OCC_af0b4023ea6c,SKL_b0e2bc9cd121,essential,ESCO
OCC_af0b4023ea6c,SKL_ec2491e3eb27,essential,ESCO
OCC_af0b4023ea6c,SKL_35a99b3ae22c,essential,ESCO
OCC_af0b4023ea6c,SKL_6fafa85b6906,essential,ESCO
OCC_af0b4023ea6c,SKL_89277e719209,essential,ESCO
OCC_af0b4023ea6c,SKL_d67dfc4ee39e,essential,ESCO
OCC_af0b4023ea6c,SKL_4f28193013fe,essential,ESCO
OCC_af0b4023ea6c,SKL_e9b9f4a1354d,essential,ESCO
OCC_af0b4023ea6c,SKL_580752d70a1a,essential,ESCO
OCC_af0b4023ea6c,SKL_c3a6a015f14b,essential,ESCO
OCC_af0b4023ea6c,SKL_f538b5a71a6c,essential,ESCO
OCC_af0b4023ea6c,SKL_1f6b52c0fcf7,essential,ESCO
OCC_af0b4023ea6c,SKL_0db86e5fd56a,optional,ESCO
OCC_af0b4023ea6c,SKL_1f31dc507700,optional,ESCO
OCC_af0b4023ea6c,SKL_df1270c29978,optional,ESCO
OCC_af0b4023ea6c,SKL_cdbdc2d82920,optional,ESCO
OCC_9f67438781d4,SKL_3e8275119d50,essential,ESCO
OCC_9f67438781d4,SKL_e22e3873e2aa,essential,ESCO
OCC_9f67438781d4,SKL_ad5527904d9f,essential,ESCO
OCC_9f67438781d4,SKL_154aa764ece5,essential,ESCO
OCC_9f67438781d4,SKL_9b5584008e66,essential,ESCO
OCC_9f67438781d4,SKL_962ed8d38c4e,essential,ESCO
OCC_9f67438781d4,SKL_9cdd580294bf,essential,ESCO
OCC_9f67438781d4,SKL_faa48d074cba,essential,ESCO
OCC_9f67438781d4,SKL_9fc5ffd462ae,essential,ESCO
OCC_9f67438781d4,SKL_59c64ba70b70,essential,ESCO
OCC_9f67438781d4,SKL_a5bd02f3490e,essential,ESCO
OCC_9f67438781d4,SKL_e83ea15281a7,essential,ESCO
OCC_9f67438781d4,SKL_4bb3978838d6,essential,ESCO
OCC_9f67438781d4,SKL_1124817a720e,essential,ESCO
OCC_9f67438781d4,SKL_46088f1661b7,essential,ESCO
OCC_9f67438781d4,SKL_17a6cda90b85,essential,ESCO
OCC_9f67438781d4,SKL_a43bcca2465e,essential,ESCO
OCC_9f67438781d4,SKL_a913b683ebd9,essential,ESCO
OCC_9f67438781d4,SKL_f6f390848b58,essential,ESCO
OCC_9f67438781d4,SKL_c9160ddc7dcd,essential,ESCO
OCC_9f67438781d4,SKL_88eabaa2c80d,essential,ESCO
OCC_9f67438781d4,SKL_d537dfcccc25,essential,ESCO
OCC_9f67438781d4,SKL_ccd10a9e58b7,essential,ESCO
OCC_9f67438781d4,SKL_f858e811b523,essential,ESCO
OCC_9f67438781d4,SKL_6b4086c51411,essential,ESCO
OCC_9f67438781d4,SKL_fddfe276744e,essential,ESCO
OCC_9f67438781d4,SKL_5ee8a7543f31,essential,ESCO
OCC_9f67438781d4,SKL_1d4c9a818ce1,essential,ESCO
OCC_9f67438781d4,SKL_5a85416c775f,essential,ESCO
OCC_9f67438781d4,SKL_ec2491e3eb27,essential,ESCO
OCC_9f67438781d4,SKL_86eb8b674662,essential,ESCO
OCC_9f67438781d4,SKL_de759b6256cc,essential,ESCO
OCC_9f67438781d4,SKL_b52f6b21f082,essential,ESCO
OCC_9f67438781d4,SKL_224770e9399c,essential,ESCO
OCC_9f67438781d4,SKL_81167559edfd,essential,ESCO
OCC_9f67438781d4,SKL_1cd624314ce9,essential,ESCO
OCC_9f67438781d4,SKL_4105ef177e9d,essential,ESCO
OCC_9f67438781d4,SKL_2b386dc088dc,essential,ESCO
OCC_9f67438781d4,SKL_61058691b0ef,essential,ESCO
OCC_9f67438781d4,SKL_5846d47024c9,essential,ESCO
OCC_9f67438781d4,SKL_7019e9976329,essential,ESCO
OCC_9f67438781d4,SKL_df69f4055e0d,essential,ESCO
OCC_9f67438781d4,SKL_fc36ef6f31c9,essential,ESCO
OCC_9f67438781d4,SKL_e3c6c843b14b,essential,ESCO
OCC_9f67438781d4,SKL_5db78f591cba,essential,ESCO
OCC_9f67438781d4,SKL_a86c206915f7,essential,ESCO
OCC_9f67438781d4,SKL_012943fba34b,essential,ESCO
OCC_9f67438781d4,SKL_a389a507c12c,essential,ESCO
OCC_9f67438781d4,SKL_6a18404d2fae,essential,ESCO
OCC_9f67438781d4,SKL_f9ec5e405892,essential,ESCO
OCC_9f67438781d4,SKL_63e1e2009af4,essential,ESCO
OCC_9f67438781d4,SKL_42c8f4b09db4,optional,ESCO
OCC_9f67438781d4,SKL_6cec95e32dc0,optional,ESCO
OCC_9f67438781d4,SKL_e4cbafd8a3b6,optional,ESCO
OCC_9f67438781d4,SKL_f61b0071c4b6,optional,ESCO
OCC_9f67438781d4,SKL_4ffa5c387846,optional,ESCO
OCC_9f67438781d4,SKL_326678bb744d,optional,ESCO
OCC_9f67438781d4,SKL_d62e22da07a7,optional,ESCO
OCC_9f67438781d4,SKL_6bf98af89a35,optional,ESCO
OCC_9f67438781d4,SKL_25518c6e74b0,optional,ESCO
OCC_9f67438781d4,SKL_a8cf2d536f2f,optional,ESCO
OCC_9f67438781d4,SKL_9934062c5886,optional,ESCO
OCC_9f67438781d4,SKL_97b9ea638158,optional,ESCO
OCC_9f67438781d4,SKL_e54666219b27,optional,ESCO
OCC_9f67438781d4,SKL_da645c224c86,optional,ESCO
OCC_9f67438781d4,SKL_5f54eb0fcc33,optional,ESCO
OCC_106b6f022c02,SKL_b0080b620fb2,essential,ESCO
OCC_106b6f022c02,SKL_a186ecb91e42,essential,ESCO
OCC_106b6f022c02,SKL_b952b2bee8dd,essential,ESCO
OCC_106b6f022c02,SKL_3f9f22b21c7f,essential,ESCO
OCC_106b6f022c02,SKL_f928dfa37ee7,essential,ESCO
OCC_106b6f022c02,SKL_f32027a81e9b,essential,ESCO
OCC_106b6f022c02,SKL_f8b61597f142,essential,ESCO
OCC_106b6f022c02,SKL_a1c8e261b079,essential,ESCO
OCC_106b6f022c02,SKL_fa86dc413a7c,essential,ESCO
OCC_106b6f022c02,SKL_14a0542ac51a,essential,ESCO
OCC_106b6f022c02,SKL_083a16a42745,essential,ESCO
OCC_106b6f022c02,SKL_b1aa4a266780,essential,ESCO
OCC_106b6f022c02,SKL_d4f9396de51d,essential,ESCO
OCC_106b6f022c02,SKL_eed64f813250,essential,ESCO
OCC_106b6f022c02,SKL_62bde1fe53e2,essential,ESCO
OCC_106b6f022c02,SKL_0cec36746a78,essential,ESCO
OCC_106b6f022c02,SKL_071d40f9fd14,essential,ESCO
OCC_106b6f022c02,SKL_a31bcce95330,essential,ESCO
OCC_106b6f022c02,SKL_dc4c59fd5c78,essential,ESCO
OCC_106b6f022c02,SKL_b7ce81979709,essential,ESCO
OCC_106b6f022c02,SKL_690d0d9213ea,essential,ESCO
OCC_106b6f022c02,SKL_1ed98874895e,essential,ESCO
OCC_106b6f022c02,SKL_fba4f836c64f,essential,ESCO
OCC_106b6f022c02,SKL_9530b497844a,essential,ESCO
OCC_106b6f022c02,SKL_e31c30f07321,essential,ESCO
OCC_106b6f022c02,SKL_666b1c906f94,essential,ESCO
OCC_106b6f022c02,SKL_17de38ea8328,essential,ESCO
OCC_106b6f022c02,SKL_633fc2486338,essential,ESCO
OCC_106b6f022c02,SKL_b04355598611,essential,ESCO
OCC_106b6f022c02,SKL_92c7bf31c854,essential,ESCO
OCC_106b6f022c02,SKL_5a38e0a81946,essential,ESCO
OCC_106b6f022c02,SKL_2d043cf9df34,essential,ESCO
OCC_106b6f022c02,SKL_5f8845f1d5e0,essential,ESCO
OCC_106b6f022c02,SKL_80db69e65dcf,essential,ESCO
OCC_106b6f022c02,SKL_e0b5ce94e2d9,essential,ESCO
OCC_106b6f022c02,SKL_526faf3276ed,essential,ESCO
OCC_106b6f022c02,SKL_4d8fe5bd3afb,essential,ESCO
OCC_106b6f022c02,SKL_241100d02d30,essential,ESCO
OCC_106b6f022c02,SKL_1867331e9788,essential,ESCO
OCC_106b6f022c02,SKL_9de0f5461144,essential,ESCO
OCC_106b6f022c02,SKL_4169635a80e2,essential,ESCO
OCC_106b6f022c02,SKL_1911edef9778,essential,ESCO
OCC_106b6f022c02,SKL_37eb93868d67,essential,ESCO
OCC_106b6f022c02,SKL_d9040f1b085b,essential,ESCO
OCC_106b6f022c02,SKL_b1d9f1c55a59,essential,ESCO
OCC_106b6f022c02,SKL_64d0f91234b1,essential,ESCO
OCC_106b6f022c02,SKL_2dc98e79752c,essential,ESCO
OCC_106b6f022c02,SKL_1719b2eb4004,essential,ESCO
OCC_106b6f022c02,SKL_44c7b9983210,essential,ESCO
OCC_106b6f022c02,SKL_77f91ccfa0fc,optional,ESCO
OCC_106b6f022c02,SKL_07fed61b3215,optional,ESCO
OCC_106b6f022c02,SKL_d275975f2053,optional,ESCO
OCC_106b6f022c02,SKL_4615fd065bda,optional,ESCO
OCC_106b6f022c02,SKL_d0035b994078,optional,ESCO
OCC_106b6f022c02,SKL_b72717b1c634,optional,ESCO
OCC_106b6f022c02,SKL_49903d102cc5,optional,ESCO
OCC_106b6f022c02,SKL_1a3570884e47,optional,ESCO
OCC_106b6f022c02,SKL_185b1ce4d13f,optional,ESCO
OCC_106b6f022c02,SKL_308342e28b73,optional,ESCO
OCC_106b6f022c02,SKL_de055ba807c1,optional,ESCO
OCC_106b6f022c02,SKL_aea3e91c5092,optional,ESCO
OCC_106b6f022c02,SKL_e7fb6eaf90b6,optional,ESCO
OCC_106b6f022c02,SKL_ea47db501b9f,optional,ESCO
OCC_106b6f022c02,SKL_3f11287772f2,optional,ESCO
OCC_106b6f022c02,SKL_2a5b118ca0e3,optional,ESCO
OCC_106b6f022c02,SKL_e236a38c4a85,optional,ESCO
OCC_106b6f022c02,SKL_c18c5f00290e,optional,ESCO
OCC_106b6f022c02,SKL_7d4032a04a10,optional,ESCO
OCC_106b6f022c02,SKL_ea10cec2af3a,optional,ESCO
OCC_106b6f022c02,SKL_d453c9ea1d9c,optional,ESCO
OCC_106b6f022c02,SKL_1cf292a8c0ee,optional,ESCO
OCC_106b6f022c02,SKL_0e0e749d3446,optional,ESCO
OCC_7c028d934ec6,SKL_a33504a35440,essential,ESCO
OCC_7c028d934ec6,SKL_d3d9af86ef84,essential,ESCO
OCC_7c028d934ec6,SKL_1a3570884e47,essential,ESCO
OCC_7c028d934ec6,SKL_185b1ce4d13f,essential,ESCO
OCC_7c028d934ec6,SKL_a0b425f074d0,essential,ESCO
OCC_7c028d934ec6,SKL_275e26b6cba9,essential,ESCO
OCC_7c028d934ec6,SKL_4f28193013fe,essential,ESCO
OCC_7c028d934ec6,SKL_929f2bc40d7c,essential,ESCO
OCC_7c028d934ec6,SKL_cdbdc2d82920,essential,ESCO
OCC_7c028d934ec6,SKL_4dd5e118bd42,essential,ESCO
OCC_7c028d934ec6,SKL_60ffa168db6b,essential,ESCO
OCC_7c028d934ec6,SKL_8eaf90e6b080,essential,ESCO
OCC_7c028d934ec6,SKL_8dde31f76b27,essential,ESCO
OCC_7c028d934ec6,SKL_ea96d8f39e81,essential,ESCO
OCC_7c028d934ec6,SKL_6187c92b007c,essential,ESCO
OCC_7c028d934ec6,SKL_c28e6064ca64,essential,ESCO
OCC_7c028d934ec6,SKL_873cfe48c2ce,essential,ESCO
OCC_7c028d934ec6,SKL_d453c9ea1d9c,essential,ESCO
OCC_7c028d934ec6,SKL_a0910b4e42c4,essential,ESCO
OCC_7c028d934ec6,SKL_3b874310b02a,essential,ESCO
OCC_7c028d934ec6,SKL_07fed61b3215,optional,ESCO
OCC_7c028d934ec6,SKL_5e1feca357b2,optional,ESCO
OCC_7c028d934ec6,SKL_d275975f2053,optional,ESCO
OCC_7c028d934ec6,SKL_a85869292402,optional,ESCO
OCC_7c028d934ec6,SKL_d0035b994078,optional,ESCO
OCC_7c028d934ec6,SKL_598b19e5beee,optional,ESCO
OCC_7c028d934ec6,SKL_f471c50579ee,optional,ESCO
OCC_7c028d934ec6,SKL_dc7da142d8bb,optional,ESCO
OCC_7c028d934ec6,SKL_308342e28b73,optional,ESCO
OCC_7c028d934ec6,SKL_de055ba807c1,optional,ESCO
OCC_7c028d934ec6,SKL_a0a82942ef54,optional,ESCO
OCC_7c028d934ec6,SKL_ea47db501b9f,optional,ESCO
OCC_7c028d934ec6,SKL_621054dadc59,optional,ESCO
OCC_7c028d934ec6,SKL_25518c6e74b0,optional,ESCO
OCC_7c028d934ec6,SKL_b1aa4a266780,optional,ESCO
OCC_7c028d934ec6,SKL_b987f0547d15,optional,ESCO
OCC_7c028d934ec6,SKL_993e5a908b00,optional,ESCO
OCC_7c028d934ec6,SKL_1911edef9778,optional,ESCO
OCC_7c028d934ec6,SKL_b1d3c0bd074a,optional,ESCO
OCC_7c028d934ec6,SKL_f1c997d8743f,optional,ESCO
OCC_23fda8338d1e,SKL_4f8027620713,essential,ESCO
OCC_23fda8338d1e,SKL_f335ed0ef250,essential,ESCO
OCC_23fda8338d1e,SKL_370980230f11,essential,ESCO
OCC_23fda8338d1e,SKL_74015909b033,essential,ESCO
OCC_23fda8338d1e,SKL_b9899d180c91,essential,ESCO
OCC_23fda8338d1e,SKL_b66a815da958,essential,ESCO
OCC_23fda8338d1e,SKL_873cfe48c2ce,essential,ESCO
OCC_23fda8338d1e,SKL_4adb0a2106db,essential,ESCO
OCC_23fda8338d1e,SKL_2b9b57d62800,essential,ESCO
OCC_23fda8338d1e,SKL_62237838ecde,essential,ESCO
OCC_23fda8338d1e,SKL_a056c33cbcd4,essential,ESCO
OCC_23fda8338d1e,SKL_6df9c3907c46,optional,ESCO
OCC_23fda8338d1e,SKL_07fed61b3215,optional,ESCO
OCC_23fda8338d1e,SKL_d275975f2053,optional,ESCO
OCC_23fda8338d1e,SKL_3f39269f8a92,optional,ESCO
OCC_23fda8338d1e,SKL_d0035b994078,optional,ESCO
OCC_23fda8338d1e,SKL_def6ad401f98,optional,ESCO
OCC_23fda8338d1e,SKL_45b5255faa15,optional,ESCO
OCC_23fda8338d1e,SKL_1a3570884e47,optional,ESCO
OCC_23fda8338d1e,SKL_185b1ce4d13f,optional,ESCO
OCC_23fda8338d1e,SKL_308342e28b73,optional,ESCO
OCC_23fda8338d1e,SKL_e681e8b852a4,optional,ESCO
OCC_23fda8338d1e,SKL_de055ba807c1,optional,ESCO
OCC_23fda8338d1e,SKL_8c107549fe5b,optional,ESCO
OCC_23fda8338d1e,SKL_53fbbdc90e13,optional,ESCO
OCC_23fda8338d1e,SKL_02c69b93451d,optional,ESCO
OCC_23fda8338d1e,SKL_c6ec40ea85b9,optional,ESCO
OCC_23fda8338d1e,SKL_ea47db501b9f,optional,ESCO
OCC_23fda8338d1e,SKL_baba1c8d18ea,optional,ESCO
OCC_23fda8338d1e,SKL_621054dadc59,optional,ESCO
OCC_23fda8338d1e,SKL_1a9765b43218,optional,ESCO
OCC_23fda8338d1e,SKL_c2ce930d35e3,optional,ESCO
OCC_23fda8338d1e,SKL_c9ce5d8cbc63,optional,ESCO
OCC_23fda8338d1e,SKL_666b5797ca38,optional,ESCO
OCC_23fda8338d1e,SKL_fa3ca530b552,optional,ESCO
OCC_23fda8338d1e,SKL_c92f3cc793bd,optional,ESCO
OCC_23fda8338d1e,SKL_b145b502032c,optional,ESCO
OCC_65c02430a9d6,SKL_a4917fa3f867,essential,ESCO
OCC_65c02430a9d6,SKL_5fd1a916f288,essential,ESCO
OCC_65c02430a9d6,SKL_bbc55bdf9279,essential,ESCO
OCC_65c02430a9d6,SKL_ba0548301caf,essential,ESCO
OCC_65c02430a9d6,SKL_6a62eec16e7c,essential,ESCO
OCC_65c02430a9d6,SKL_d239ba97bcd3,essential,ESCO
OCC_65c02430a9d6,SKL_9f1382e6691b,essential,ESCO
OCC_65c02430a9d6,SKL_36887aac680b,essential,ESCO
OCC_65c02430a9d6,SKL_6924454c4c1e,essential,ESCO
OCC_65c02430a9d6,SKL_5b4b7d94893a,essential,ESCO
OCC_65c02430a9d6,SKL_ae7e75a47fef,essential,ESCO
OCC_65c02430a9d6,SKL_c3a6a015f14b,essential,ESCO
OCC_65c02430a9d6,SKL_3cbcca60d860,essential,ESCO
OCC_65c02430a9d6,SKL_b987f0547d15,essential,ESCO
OCC_65c02430a9d6,SKL_efc2d1a5ed07,essential,ESCO
OCC_65c02430a9d6,SKL_c98638f8926e,essential,ESCO
OCC_65c02430a9d6,SKL_b1d3c0bd074a,essential,ESCO
OCC_65c02430a9d6,SKL_7c72a040d0cb,essential,ESCO
OCC_65c02430a9d6,SKL_0460149cc0ff,essential,ESCO
OCC_65c02430a9d6,SKL_a33504a35440,optional,ESCO
OCC_65c02430a9d6,SKL_6fce2b343b90,optional,ESCO
OCC_65c02430a9d6,SKL_c1394cfd59bd,optional,ESCO
OCC_65c02430a9d6,SKL_1124817a720e,optional,ESCO
OCC_65c02430a9d6,SKL_0e0ddaf5873f,optional,ESCO
OCC_65c02430a9d6,SKL_a43bcca2465e,optional,ESCO
OCC_65c02430a9d6,SKL_2e445df6f74b,optional,ESCO
OCC_65c02430a9d6,SKL_f8cdff52e6ee,optional,ESCO
OCC_65c02430a9d6,SKL_4a174ce373ac,optional,ESCO
OCC_65c02430a9d6,SKL_d0bf41708bae,optional,ESCO
OCC_65c02430a9d6,SKL_9c97e63afd1a,optional,ESCO
OCC_65c02430a9d6,SKL_86eb8b674662,optional,ESCO
OCC_65c02430a9d6,SKL_ae19bc58bf36,optional,ESCO
OCC_65c02430a9d6,SKL_ad07bc17b05e,optional,ESCO
OCC_65c02430a9d6,SKL_caa92afcdf36,optional,ESCO
OCC_65c02430a9d6,SKL_ecda4ba6345b,optional,ESCO
OCC_65c02430a9d6,SKL_1a9765b43218,optional,ESCO
OCC_65c02430a9d6,SKL_f777a42c8a7a,optional,ESCO
OCC_65c02430a9d6,SKL_42b850072160,optional,ESCO
OCC_65c02430a9d6,SKL_0061e17f554c,optional,ESCO
OCC_65c02430a9d6,SKL_fa3ca530b552,optional,ESCO
OCC_65c02430a9d6,SKL_f1c997d8743f,optional,ESCO
OCC_65c02430a9d6,SKL_09235c607125,optional,ESCO
OCC_68dccaf6a895,SKL_136d1d682b59,essential,ESCO
OCC_68dccaf6a895,SKL_ab670ca70003,essential,ESCO
OCC_68dccaf6a895,SKL_f14939dc09c4,essential,ESCO
OCC_68dccaf6a895,SKL_2160823e5269,essential,ESCO
OCC_68dccaf6a895,SKL_59c64ba70b70,essential,ESCO
OCC_68dccaf6a895,SKL_ab0615922027,essential,ESCO
OCC_68dccaf6a895,SKL_0e0ddaf5873f,essential,ESCO
OCC_68dccaf6a895,SKL_4f8027620713,essential,ESCO
OCC_68dccaf6a895,SKL_a4917fa3f867,essential,ESCO
OCC_68dccaf6a895,SKL_54188f599eea,essential,ESCO
OCC_68dccaf6a895,SKL_c0d9b25a3929,essential,ESCO
OCC_68dccaf6a895,SKL_83dfa0298e85,essential,ESCO
OCC_68dccaf6a895,SKL_45b5255faa15,essential,ESCO
OCC_68dccaf6a895,SKL_bbc55bdf9279,essential,ESCO
OCC_68dccaf6a895,SKL_df8fb6fe7b07,essential,ESCO
OCC_68dccaf6a895,SKL_9c97e63afd1a,essential,ESCO
OCC_68dccaf6a895,SKL_1ba86fb9f29e,essential,ESCO
OCC_68dccaf6a895,SKL_8c107549fe5b,essential,ESCO
OCC_68dccaf6a895,SKL_7e88ed7907b6,essential,ESCO
OCC_68dccaf6a895,SKL_7fcbb1e10b41,essential,ESCO
OCC_68dccaf6a895,SKL_8b3d53b0e9ae,essential,ESCO
OCC_68dccaf6a895,SKL_16afd0438ee4,essential,ESCO
OCC_68dccaf6a895,SKL_fa6716bd970c,essential,ESCO
OCC_68dccaf6a895,SKL_c9ce5d8cbc63,essential,ESCO
OCC_68dccaf6a895,SKL_ae7e75a47fef,essential,ESCO
OCC_68dccaf6a895,SKL_b987f0547d15,essential,ESCO
OCC_68dccaf6a895,SKL_b66a815da958,essential,ESCO
OCC_68dccaf6a895,SKL_5ca14d6a9200,essential,ESCO
OCC_68dccaf6a895,SKL_e5dfb4a3c635,essential,ESCO
OCC_68dccaf6a895,SKL_84e2db4e5f1a,essential,ESCO
OCC_68dccaf6a895,SKL_c92f3cc793bd,essential,ESCO
OCC_68dccaf6a895,SKL_b6cffaebb42f,essential,ESCO
OCC_68dccaf6a895,SKL_873cfe48c2ce,essential,ESCO
OCC_68dccaf6a895,SKL_65a88136df69,essential,ESCO
OCC_68dccaf6a895,SKL_2bc91d00f4a3,essential,ESCO
OCC_68dccaf6a895,SKL_8e2350e55802,essential,ESCO
OCC_68dccaf6a895,SKL_f20abbe40df9,optional,ESCO
OCC_68dccaf6a895,SKL_06308bef515a,optional,ESCO
OCC_68dccaf6a895,SKL_9e68f3a8a66f,optional,ESCO
OCC_68dccaf6a895,SKL_75fa31fda74f,optional,ESCO
OCC_68dccaf6a895,SKL_af0f4e78c7a3,optional,ESCO
OCC_68dccaf6a895,SKL_aa5317f0efb0,optional,ESCO
OCC_68dccaf6a895,SKL_07a7e2a00de2,optional,ESCO
OCC_68dccaf6a895,SKL_030cdb77fd91,optional,ESCO
OCC_68dccaf6a895,SKL_179834b0ac6e,optional,ESCO
OCC_68dccaf6a895,SKL_344586fe5542,optional,ESCO
OCC_68dccaf6a895,SKL_3aa64195f966,optional,ESCO
OCC_68dccaf6a895,SKL_ee642b56a8f9,optional,ESCO
OCC_68dccaf6a895,SKL_b2fa268f665e,optional,ESCO
OCC_68dccaf6a895,SKL_f8cdff52e6ee,optional,ESCO
OCC_68dccaf6a895,SKL_4a174ce373ac,optional,ESCO
OCC_68dccaf6a895,SKL_9047686e98fd,optional,ESCO
OCC_68dccaf6a895,SKL_1ec8e222a519,optional,ESCO
OCC_68dccaf6a895,SKL_f335ed0ef250,optional,ESCO
OCC_68dccaf6a895,SKL_abed322709f3,optional,ESCO
OCC_68dccaf6a895,SKL_d2f9a7bfd5f5,optional,ESCO
OCC_68dccaf6a895,SKL_d0bf41708bae,optional,ESCO
OCC_68dccaf6a895,SKL_e7f0a7064c6a,optional,ESCO
OCC_68dccaf6a895,SKL_232fd42823e2,optional,ESCO
OCC_68dccaf6a895,SKL_35ffdabbb177,optional,ESCO
OCC_68dccaf6a895,SKL_4d76ad90efb3,optional,ESCO
OCC_68dccaf6a895,SKL_9af593147852,optional,ESCO
OCC_68dccaf6a895,SKL_af1d52e02300,optional,ESCO
OCC_68dccaf6a895,SKL_d67dfc4ee39e,optional,ESCO
OCC_68dccaf6a895,SKL_9f1382e6691b,optional,ESCO
OCC_68dccaf6a895,SKL_1a9765b43218,optional,ESCO
OCC_68dccaf6a895,SKL_c3f4e7eee5b0,optional,ESCO
OCC_68dccaf6a895,SKL_7b530497dcc8,optional,ESCO
OCC_68dccaf6a895,SKL_9b29beea7c1b,optional,ESCO
OCC_68dccaf6a895,SKL_b612c882be81,optional,ESCO
OCC_68dccaf6a895,SKL_1911edef9778,optional,ESCO
OCC_68dccaf6a895,SKL_dc718588b284,optional,ESCO
OCC_68dccaf6a895,SKL_26bcb7a7c221,optional,ESCO
OCC_68dccaf6a895,SKL_acb7132e14ad,optional,ESCO
OCC_9113c1374afd,SKL_f20abbe40df9,essential,ESCO
OCC_9113c1374afd,SKL_6d0bdba7a8b1,essential,ESCO
OCC_9113c1374afd,SKL_ab670ca70003,essential,ESCO
OCC_9113c1374afd,SKL_2160823e5269,essential,ESCO
OCC_9113c1374afd,SKL_ab0615922027,essential,ESCO
OCC_9113c1374afd,SKL_0e0ddaf5873f,essential,ESCO
OCC_9113c1374afd,SKL_a4917fa3f867,essential,ESCO
OCC_9113c1374afd,SKL_54188f599eea,essential,ESCO
OCC_9113c1374afd,SKL_8e9e543761d2,essential,ESCO
OCC_9113c1374afd,SKL_c70564109e85,essential,ESCO
OCC_9113c1374afd,SKL_c0d9b25a3929,essential,ESCO
OCC_9113c1374afd,SKL_df4bdc537b33,essential,ESCO
OCC_9113c1374afd,SKL_bbc55bdf9279,essential,ESCO
OCC_9113c1374afd,SKL_c6ec40ea85b9,essential,ESCO
OCC_9113c1374afd,SKL_b5cbafabb60c,essential,ESCO
OCC_9113c1374afd,SKL_16afd0438ee4,essential,ESCO
OCC_9113c1374afd,SKL_fa6716bd970c,essential,ESCO
OCC_9113c1374afd,SKL_b9a5a3d980ee,essential,ESCO
OCC_9113c1374afd,SKL_ae7e75a47fef,essential,ESCO
OCC_9113c1374afd,SKL_84e2db4e5f1a,essential,ESCO
OCC_9113c1374afd,SKL_efc2d1a5ed07,essential,ESCO
OCC_9113c1374afd,SKL_b746f67748e4,essential,ESCO
OCC_9113c1374afd,SKL_54429feac7cb,optional,ESCO
OCC_9113c1374afd,SKL_6fce2b343b90,optional,ESCO
OCC_9113c1374afd,SKL_f14939dc09c4,optional,ESCO
OCC_9113c1374afd,SKL_fa6cd7a6ceb9,optional,ESCO
OCC_9113c1374afd,SKL_c1394cfd59bd,optional,ESCO
OCC_9113c1374afd,SKL_27cdecd220ea,optional,ESCO
OCC_9113c1374afd,SKL_07a7e2a00de2,optional,ESCO
OCC_9113c1374afd,SKL_ee642b56a8f9,optional,ESCO
OCC_9113c1374afd,SKL_b2fa268f665e,optional,ESCO
OCC_9113c1374afd,SKL_5fd1a916f288,optional,ESCO
OCC_9113c1374afd,SKL_45b5255faa15,optional,ESCO
OCC_9113c1374afd,SKL_f8cdff52e6ee,optional,ESCO
OCC_9113c1374afd,SKL_4a174ce373ac,optional,ESCO
OCC_9113c1374afd,SKL_1ec8e222a519,optional,ESCO
OCC_9113c1374afd,SKL_f335ed0ef250,optional,ESCO
OCC_9113c1374afd,SKL_74a5a5844b4c,optional,ESCO
OCC_9113c1374afd,SKL_df8fb6fe7b07,optional,ESCO
OCC_9113c1374afd,SKL_6a62eec16e7c,optional,ESCO
OCC_9113c1374afd,SKL_3c1c97314648,optional,ESCO
OCC_9113c1374afd,SKL_d0bf41708bae,optional,ESCO
OCC_9113c1374afd,SKL_9c97e63afd1a,optional,ESCO
OCC_9113c1374afd,SKL_232fd42823e2,optional,ESCO
OCC_9113c1374afd,SKL_11505b49c412,optional,ESCO
OCC_9113c1374afd,SKL_5bed2e74daf6,optional,ESCO
OCC_9113c1374afd,SKL_aea3e91c5092,optional,ESCO
OCC_9113c1374afd,SKL_3a770021928a,optional,ESCO
OCC_9113c1374afd,SKL_4d76ad90efb3,optional,ESCO
OCC_9113c1374afd,SKL_d67dfc4ee39e,optional,ESCO
OCC_9113c1374afd,SKL_ad07bc17b05e,optional,ESCO
OCC_9113c1374afd,SKL_370980230f11,optional,ESCO
OCC_9113c1374afd,SKL_1a9765b43218,optional,ESCO
OCC_9113c1374afd,SKL_b4bbfe5755b9,optional,ESCO
OCC_9113c1374afd,SKL_42b850072160,optional,ESCO
OCC_9113c1374afd,SKL_c3f4e7eee5b0,optional,ESCO
OCC_9113c1374afd,SKL_e8bdfaeac68e,optional,ESCO
OCC_9113c1374afd,SKL_b973384e0f00,optional,ESCO
OCC_9113c1374afd,SKL_5a7d26256464,optional,ESCO
OCC_9113c1374afd,SKL_b987f0547d15,optional,ESCO
OCC_9113c1374afd,SKL_be15098358f4,optional,ESCO
OCC_9113c1374afd,SKL_9b29beea7c1b,optional,ESCO
OCC_9113c1374afd,SKL_b612c882be81,optional,ESCO
OCC_9113c1374afd,SKL_e2dbc508cb21,optional,ESCO
OCC_9113c1374afd,SKL_096204475b7f,optional,ESCO
OCC_9113c1374afd,SKL_c0af7cdae97f,optional,ESCO
OCC_9113c1374afd,SKL_789c67df42ab,optional,ESCO
OCC_9113c1374afd,SKL_5dcc8e458213,optional,ESCO
OCC_9113c1374afd,SKL_2fe1ad7a3d79,optional,ESCO
OCC_9113c1374afd,SKL_26bcb7a7c221,optional,ESCO
OCC_9113c1374afd,SKL_b89955b20777,optional,ESCO
OCC_9113c1374afd,SKL_8e2350e55802,optional,ESCO
OCC_02a46f9d3b88,SKL_9fc5ffd462ae,essential,ESCO
OCC_02a46f9d3b88,SKL_fa6cd7a6ceb9,essential,ESCO
OCC_02a46f9d3b88,SKL_5f7aa564dfb2,essential,ESCO
OCC_02a46f9d3b88,SKL_4b1e0bbd899c,essential,ESCO
OCC_02a46f9d3b88,SKL_1124817a720e,essential,ESCO
OCC_02a46f9d3b88,SKL_4c069489e522,essential,ESCO
OCC_02a46f9d3b88,SKL_74a5a5844b4c,essential,ESCO
OCC_02a46f9d3b88,SKL_2621a1e8af59,essential,ESCO
OCC_02a46f9d3b88,SKL_ec2491e3eb27,essential,ESCO
OCC_02a46f9d3b88,SKL_ae19bc58bf36,essential,ESCO
OCC_02a46f9d3b88,SKL_56358ec7d691,essential,ESCO
OCC_02a46f9d3b88,SKL_28d134745ea4,essential,ESCO
OCC_02a46f9d3b88,SKL_07a57310c827,essential,ESCO
OCC_02a46f9d3b88,SKL_5a7d26256464,essential,ESCO
OCC_02a46f9d3b88,SKL_993e5a908b00,essential,ESCO
OCC_02a46f9d3b88,SKL_c0af7cdae97f,essential,ESCO
OCC_02a46f9d3b88,SKL_789d2af203ff,essential,ESCO
OCC_02a46f9d3b88,SKL_dc718588b284,essential,ESCO
OCC_02a46f9d3b88,SKL_2fe1ad7a3d79,essential,ESCO
OCC_02a46f9d3b88,SKL_e70d9ea221e7,essential,ESCO
OCC_02a46f9d3b88,SKL_d537dfcccc25,optional,ESCO
OCC_02a46f9d3b88,SKL_c4334e388dc0,optional,ESCO
OCC_02a46f9d3b88,SKL_1ec8e222a519,optional,ESCO
OCC_02a46f9d3b88,SKL_05d942fe2ec4,optional,ESCO
OCC_02a46f9d3b88,SKL_6e06692ca9dc,optional,ESCO
OCC_02a46f9d3b88,SKL_027b4b2aa1a9,optional,ESCO
OCC_02a46f9d3b88,SKL_5ca14d6a9200,optional,ESCO
OCC_04bac78229be,SKL_55f583e49837,essential,ESCO
OCC_04bac78229be,SKL_6fce2b343b90,essential,ESCO
OCC_04bac78229be,SKL_35c0fe31d3cc,essential,ESCO
OCC_04bac78229be,SKL_e1b206f3f66e,essential,ESCO
OCC_04bac78229be,SKL_27d3d9fa396a,essential,ESCO
OCC_04bac78229be,SKL_eababd164e1d,essential,ESCO
OCC_04bac78229be,SKL_afd4128fb784,essential,ESCO
OCC_04bac78229be,SKL_7fafd50b81a5,essential,ESCO
OCC_04bac78229be,SKL_20d176fafc3d,essential,ESCO
OCC_04bac78229be,SKL_bde8b9b674c8,essential,ESCO
OCC_04bac78229be,SKL_53c3c74ab3d8,essential,ESCO
OCC_04bac78229be,SKL_1f0193f209e9,essential,ESCO
OCC_04bac78229be,SKL_7412de0dce4d,essential,ESCO
OCC_04bac78229be,SKL_1548ab6bfafd,essential,ESCO
OCC_04bac78229be,SKL_1e17e9badaf4,essential,ESCO
OCC_04bac78229be,SKL_2910ef285ce6,essential,ESCO
OCC_04bac78229be,SKL_60004f24de83,essential,ESCO
OCC_04bac78229be,SKL_f471c50579ee,essential,ESCO
OCC_04bac78229be,SKL_1e9e1aed4fe4,essential,ESCO
OCC_04bac78229be,SKL_6bb3cc07b2cc,essential,ESCO
OCC_04bac78229be,SKL_349ff15e502d,essential,ESCO
OCC_04bac78229be,SKL_95ca38c47f50,essential,ESCO
OCC_04bac78229be,SKL_9c47232ffdf8,essential,ESCO
OCC_04bac78229be,SKL_1c6215f5f465,essential,ESCO
OCC_04bac78229be,SKL_93ac48a36c81,essential,ESCO
OCC_04bac78229be,SKL_f102b758f503,essential,ESCO
OCC_04bac78229be,SKL_103114f48d93,essential,ESCO
OCC_04bac78229be,SKL_0bdc80704838,essential,ESCO
OCC_04bac78229be,SKL_20a60ab6f508,essential,ESCO
OCC_04bac78229be,SKL_20b3a1bd4b37,essential,ESCO
OCC_04bac78229be,SKL_60dabb7fbd39,essential,ESCO
OCC_04bac78229be,SKL_5dfc71462cdb,essential,ESCO
OCC_04bac78229be,SKL_d9843653b863,essential,ESCO
OCC_04bac78229be,SKL_416a1accd749,essential,ESCO
OCC_04bac78229be,SKL_67a4d439c738,essential,ESCO
OCC_04bac78229be,SKL_1769646821a8,essential,ESCO
OCC_04bac78229be,SKL_4bd78f1eaa16,essential,ESCO
OCC_04bac78229be,SKL_fcdb4c0ba884,essential,ESCO
OCC_04bac78229be,SKL_1f6b52c0fcf7,essential,ESCO
OCC_04bac78229be,SKL_4e42e5a0b309,essential,ESCO
OCC_04bac78229be,SKL_e1be1080dfc6,essential,ESCO
OCC_04bac78229be,SKL_af7934165e9a,essential,ESCO
OCC_04bac78229be,SKL_f8e97f763e19,essential,ESCO
OCC_04bac78229be,SKL_8a9651b100b9,essential,ESCO
OCC_04bac78229be,SKL_80db029523ac,essential,ESCO
OCC_04bac78229be,SKL_e70d9ea221e7,essential,ESCO
OCC_04bac78229be,SKL_5659d789c9de,optional,ESCO
OCC_04bac78229be,SKL_4b1e0bbd899c,optional,ESCO
OCC_04bac78229be,SKL_cccca3da833a,optional,ESCO
OCC_04bac78229be,SKL_598b19e5beee,optional,ESCO
OCC_04bac78229be,SKL_1ec8e222a519,optional,ESCO
OCC_04bac78229be,SKL_480f7b8733f4,optional,ESCO
OCC_04bac78229be,SKL_ae19bc58bf36,optional,ESCO
OCC_04bac78229be,SKL_4d76ad90efb3,optional,ESCO
OCC_04bac78229be,SKL_56358ec7d691,optional,ESCO
OCC_04bac78229be,SKL_c2ce930d35e3,optional,ESCO
OCC_04bac78229be,SKL_9530b497844a,optional,ESCO
OCC_e29ace1e3e50,SKL_a33504a35440,essential,ESCO
OCC_e29ace1e3e50,SKL_6fce2b343b90,essential,ESCO
OCC_e29ace1e3e50,SKL_96926ab90fab,essential,ESCO
OCC_e29ace1e3e50,SKL_a85869292402,essential,ESCO
OCC_e29ace1e3e50,SKL_b72717b1c634,essential,ESCO
OCC_e29ace1e3e50,SKL_2e445df6f74b,essential,ESCO
OCC_e29ace1e3e50,SKL_36d64273ebbf,essential,ESCO
OCC_e29ace1e3e50,SKL_0ae8aa439cc1,essential,ESCO
OCC_e29ace1e3e50,SKL_1a3570884e47,essential,ESCO
OCC_e29ace1e3e50,SKL_f18769bf13e8,essential,ESCO
OCC_e29ace1e3e50,SKL_2826cd7b523c,essential,ESCO
OCC_e29ace1e3e50,SKL_89277e719209,essential,ESCO
OCC_e29ace1e3e50,SKL_52bb539de37f,essential,ESCO
OCC_e29ace1e3e50,SKL_46707842607f,essential,ESCO
OCC_e29ace1e3e50,SKL_370980230f11,essential,ESCO
OCC_e29ace1e3e50,SKL_caa92afcdf36,essential,ESCO
OCC_e29ace1e3e50,SKL_d00c0cbdf6af,essential,ESCO
OCC_e29ace1e3e50,SKL_929f2bc40d7c,essential,ESCO
OCC_e29ace1e3e50,SKL_9a283c5620fd,essential,ESCO
OCC_e29ace1e3e50,SKL_8845df37d0d0,essential,ESCO
OCC_e29ace1e3e50,SKL_1e8fe35aac35,essential,ESCO
OCC_e29ace1e3e50,SKL_f3f30c18c6c0,essential,ESCO
OCC_e29ace1e3e50,SKL_3b1c6e0aad62,essential,ESCO
OCC_e29ace1e3e50,SKL_8a9651b100b9,essential,ESCO
OCC_e29ace1e3e50,SKL_4f01778789d9,essential,ESCO
OCC_e29ace1e3e50,SKL_3e8275119d50,optional,ESCO
OCC_e29ace1e3e50,SKL_e22e3873e2aa,optional,ESCO
OCC_e29ace1e3e50,SKL_ad5527904d9f,optional,ESCO
OCC_e29ace1e3e50,SKL_9b5584008e66,optional,ESCO
OCC_e29ace1e3e50,SKL_962ed8d38c4e,optional,ESCO
OCC_e29ace1e3e50,SKL_9cdd580294bf,optional,ESCO
OCC_e29ace1e3e50,SKL_faa48d074cba,optional,ESCO
OCC_e29ace1e3e50,SKL_9fc5ffd462ae,optional,ESCO
OCC_e29ace1e3e50,SKL_59ede493c1cb,optional,ESCO
OCC_e29ace1e3e50,SKL_59c64ba70b70,optional,ESCO
OCC_e29ace1e3e50,SKL_18b153db615d,optional,ESCO
OCC_e29ace1e3e50,SKL_c6689c05585a,optional,ESCO
OCC_e29ace1e3e50,SKL_a5bd02f3490e,optional,ESCO
OCC_e29ace1e3e50,SKL_e83ea15281a7,optional,ESCO
OCC_e29ace1e3e50,SKL_5e1feca357b2,optional,ESCO
OCC_e29ace1e3e50,SKL_1124817a720e,optional,ESCO
OCC_e29ace1e3e50,SKL_27cdecd220ea,optional,ESCO
OCC_e29ace1e3e50,SKL_46088f1661b7,optional,ESCO
OCC_e29ace1e3e50,SKL_17a6cda90b85,optional,ESCO
OCC_e29ace1e3e50,SKL_a43bcca2465e,optional,ESCO
OCC_e29ace1e3e50,SKL_a913b683ebd9,optional,ESCO
OCC_e29ace1e3e50,SKL_f6f390848b58,optional,ESCO
OCC_e29ace1e3e50,SKL_c9160ddc7dcd,optional,ESCO
OCC_e29ace1e3e50,SKL_88eabaa2c80d,optional,ESCO
OCC_e29ace1e3e50,SKL_d537dfcccc25,optional,ESCO
OCC_e29ace1e3e50,SKL_ccd10a9e58b7,optional,ESCO
OCC_e29ace1e3e50,SKL_d0035b994078,optional,ESCO
OCC_e29ace1e3e50,SKL_f8cdff52e6ee,optional,ESCO
OCC_e29ace1e3e50,SKL_f858e811b523,optional,ESCO
OCC_e29ace1e3e50,SKL_6b4086c51411,optional,ESCO
OCC_e29ace1e3e50,SKL_49903d102cc5,optional,ESCO
OCC_e29ace1e3e50,SKL_6a62eec16e7c,optional,ESCO
OCC_e29ace1e3e50,SKL_fddfe276744e,optional,ESCO
OCC_e29ace1e3e50,SKL_5ee8a7543f31,optional,ESCO
OCC_e29ace1e3e50,SKL_5a85416c775f,optional,ESCO
OCC_e29ace1e3e50,SKL_86eb8b674662,optional,ESCO
OCC_e29ace1e3e50,SKL_de759b6256cc,optional,ESCO
OCC_e29ace1e3e50,SKL_b52f6b21f082,optional,ESCO
OCC_e29ace1e3e50,SKL_ae19bc58bf36,optional,ESCO
OCC_e29ace1e3e50,SKL_224770e9399c,optional,ESCO
OCC_e29ace1e3e50,SKL_81167559edfd,optional,ESCO
OCC_e29ace1e3e50,SKL_cd1a8c17e323,optional,ESCO
OCC_e29ace1e3e50,SKL_de055ba807c1,optional,ESCO
OCC_e29ace1e3e50,SKL_1cd624314ce9,optional,ESCO
OCC_e29ace1e3e50,SKL_2b386dc088dc,optional,ESCO
OCC_e29ace1e3e50,SKL_61058691b0ef,optional,ESCO
OCC_e29ace1e3e50,SKL_5846d47024c9,optional,ESCO
OCC_e29ace1e3e50,SKL_7019e9976329,optional,ESCO
OCC_e29ace1e3e50,SKL_df69f4055e0d,optional,ESCO
OCC_e29ace1e3e50,SKL_ea47db501b9f,optional,ESCO
OCC_e29ace1e3e50,SKL_fc36ef6f31c9,optional,ESCO
OCC_e29ace1e3e50,SKL_ac3d1669004c,optional,ESCO
OCC_e29ace1e3e50,SKL_0dd7f35929a5,optional,ESCO
OCC_e29ace1e3e50,SKL_e0b7c20ad2a2,optional,ESCO
OCC_e29ace1e3e50,SKL_ea96d8f39e81,optional,ESCO
OCC_e29ace1e3e50,SKL_f24b2d743df5,optional,ESCO
OCC_e29ace1e3e50,SKL_be15098358f4,optional,ESCO
OCC_e29ace1e3e50,SKL_27d19457db14,optional,ESCO
OCC_e29ace1e3e50,SKL_e2dbc508cb21,optional,ESCO
OCC_e29ace1e3e50,SKL_b84a9945d501,optional,ESCO
OCC_e29ace1e3e50,SKL_9c9170a8136c,optional,ESCO
OCC_e29ace1e3e50,SKL_dc718588b284,optional,ESCO
OCC_e29ace1e3e50,SKL_b1d3c0bd074a,optional,ESCO
OCC_e29ace1e3e50,SKL_ffc885172f88,optional,ESCO
OCC_07647950ddea,SKL_36dcc4135ed3,essential,ESCO
OCC_07647950ddea,SKL_93f80f560331,essential,ESCO
OCC_07647950ddea,SKL_9ce640be2540,essential,ESCO
OCC_07647950ddea,SKL_59c64ba70b70,essential,ESCO
OCC_07647950ddea,SKL_ab0615922027,essential,ESCO
OCC_07647950ddea,SKL_0de1bcfc9fd2,essential,ESCO
OCC_07647950ddea,SKL_eababd164e1d,essential,ESCO
OCC_07647950ddea,SKL_07a7e2a00de2,essential,ESCO
OCC_07647950ddea,SKL_54188f599eea,essential,ESCO
OCC_07647950ddea,SKL_f8cdff52e6ee,essential,ESCO
OCC_07647950ddea,SKL_ec2491e3eb27,essential,ESCO
OCC_07647950ddea,SKL_ae19bc58bf36,essential,ESCO
OCC_07647950ddea,SKL_6a468ac789e8,essential,ESCO
OCC_07647950ddea,SKL_c5114bc54f61,essential,ESCO
OCC_07647950ddea,SKL_c6ec40ea85b9,essential,ESCO
OCC_07647950ddea,SKL_c2d129835e70,essential,ESCO
OCC_07647950ddea,SKL_1a9765b43218,essential,ESCO
OCC_07647950ddea,SKL_008e59920331,essential,ESCO
OCC_07647950ddea,SKL_be15098358f4,essential,ESCO
OCC_07647950ddea,SKL_04d28b46c58b,essential,ESCO
OCC_07647950ddea,SKL_c9f64b378429,essential,ESCO
OCC_07647950ddea,SKL_4fdff2983c01,essential,ESCO
OCC_07647950ddea,SKL_19a46cabd4d8,essential,ESCO
OCC_07647950ddea,SKL_e2dbc508cb21,essential,ESCO
OCC_07647950ddea,SKL_53ceaa2295af,essential,ESCO
OCC_07647950ddea,SKL_cf44a983788c,essential,ESCO
OCC_07647950ddea,SKL_8a3ed198aa24,essential,ESCO
OCC_07647950ddea,SKL_096204475b7f,essential,ESCO
OCC_07647950ddea,SKL_29b4410cdb6a,essential,ESCO
OCC_07647950ddea,SKL_b1c2a4bc445a,essential,ESCO
OCC_07647950ddea,SKL_0d11c1c4ba27,essential,ESCO
OCC_07647950ddea,SKL_26bcb7a7c221,essential,ESCO
OCC_07647950ddea,SKL_a056c33cbcd4,essential,ESCO
OCC_07647950ddea,SKL_2ad1a26854b3,essential,ESCO
OCC_07647950ddea,SKL_3e8275119d50,optional,ESCO
OCC_07647950ddea,SKL_38d8f380447f,optional,ESCO
OCC_07647950ddea,SKL_e22e3873e2aa,optional,ESCO
OCC_07647950ddea,SKL_ad5527904d9f,optional,ESCO
OCC_07647950ddea,SKL_9b5584008e66,optional,ESCO
OCC_07647950ddea,SKL_962ed8d38c4e,optional,ESCO
OCC_07647950ddea,SKL_9cdd580294bf,optional,ESCO
OCC_07647950ddea,SKL_81d5b505c80d,optional,ESCO
OCC_07647950ddea,SKL_faa48d074cba,optional,ESCO
OCC_07647950ddea,SKL_9fc5ffd462ae,optional,ESCO
OCC_07647950ddea,SKL_a5bd02f3490e,optional,ESCO
OCC_07647950ddea,SKL_e83ea15281a7,optional,ESCO
OCC_07647950ddea,SKL_5858f8aaf75f,optional,ESCO
OCC_07647950ddea,SKL_1124817a720e,optional,ESCO
OCC_07647950ddea,SKL_46088f1661b7,optional,ESCO
OCC_07647950ddea,SKL_17a6cda90b85,optional,ESCO
OCC_07647950ddea,SKL_a43bcca2465e,optional,ESCO
OCC_07647950ddea,SKL_a913b683ebd9,optional,ESCO
OCC_07647950ddea,SKL_f6f390848b58,optional,ESCO
OCC_07647950ddea,SKL_c9160ddc7dcd,optional,ESCO
OCC_07647950ddea,SKL_88eabaa2c80d,optional,ESCO
OCC_07647950ddea,SKL_030cdb77fd91,optional,ESCO
OCC_07647950ddea,SKL_d537dfcccc25,optional,ESCO
OCC_07647950ddea,SKL_ccd10a9e58b7,optional,ESCO
OCC_07647950ddea,SKL_c0d9b25a3929,optional,ESCO
OCC_07647950ddea,SKL_5f8c22d6f0f5,optional,ESCO
OCC_07647950ddea,SKL_f858e811b523,optional,ESCO
OCC_07647950ddea,SKL_6b4086c51411,optional,ESCO
OCC_07647950ddea,SKL_36cc2d6edd1a,optional,ESCO
OCC_07647950ddea,SKL_fddfe276744e,optional,ESCO
OCC_07647950ddea,SKL_5ee8a7543f31,optional,ESCO
OCC_07647950ddea,SKL_5a85416c775f,optional,ESCO
OCC_07647950ddea,SKL_86eb8b674662,optional,ESCO
OCC_07647950ddea,SKL_de759b6256cc,optional,ESCO
OCC_07647950ddea,SKL_0af13c576273,optional,ESCO
OCC_07647950ddea,SKL_b52f6b21f082,optional,ESCO
OCC_07647950ddea,SKL_224770e9399c,optional,ESCO
OCC_07647950ddea,SKL_81167559edfd,optional,ESCO
OCC_07647950ddea,SKL_aea3e91c5092,optional,ESCO
OCC_07647950ddea,SKL_1cd624314ce9,optional,ESCO
OCC_07647950ddea,SKL_8dad71fe8c3c,optional,ESCO
OCC_07647950ddea,SKL_2b386dc088dc,optional,ESCO
OCC_07647950ddea,SKL_4156ea9aa526,optional,ESCO
OCC_07647950ddea,SKL_61058691b0ef,optional,ESCO
OCC_07647950ddea,SKL_5846d47024c9,optional,ESCO
OCC_07647950ddea,SKL_7019e9976329,optional,ESCO
OCC_07647950ddea,SKL_df69f4055e0d,optional,ESCO
OCC_07647950ddea,SKL_7fcbb1e10b41,optional,ESCO
OCC_07647950ddea,SKL_fc36ef6f31c9,optional,ESCO
OCC_07647950ddea,SKL_c09ce7a24a51,optional,ESCO
OCC_07647950ddea,SKL_0a2f83248444,optional,ESCO
OCC_07647950ddea,SKL_138d3c16c190,optional,ESCO
OCC_07647950ddea,SKL_109edeaf36eb,optional,ESCO
OCC_07647950ddea,SKL_2a5b118ca0e3,optional,ESCO
OCC_07647950ddea,SKL_aba6d3815562,optional,ESCO
OCC_07647950ddea,SKL_66c6102cf4f7,optional,ESCO
OCC_07647950ddea,SKL_b987f0547d15,optional,ESCO
OCC_07647950ddea,SKL_9b29beea7c1b,optional,ESCO
OCC_07647950ddea,SKL_9220927db32b,optional,ESCO
OCC_07647950ddea,SKL_789c67df42ab,optional,ESCO
OCC_07647950ddea,SKL_789d2af203ff,optional,ESCO
OCC_07647950ddea,SKL_05a83bc4458b,optional,ESCO
OCC_07647950ddea,SKL_12d7df7cd8f5,optional,ESCO
OCC_07647950ddea,SKL_acb7132e14ad,optional,ESCO
OCC_c089ec2388cd,SKL_658a393bd878,essential,ESCO
OCC_c089ec2388cd,SKL_59c64ba70b70,essential,ESCO
OCC_c089ec2388cd,SKL_2e445df6f74b,essential,ESCO
OCC_c089ec2388cd,SKL_b2efdf0b940a,essential,ESCO
OCC_c089ec2388cd,SKL_2621a1e8af59,essential,ESCO
OCC_c089ec2388cd,SKL_bb70c18773cc,essential,ESCO
OCC_c089ec2388cd,SKL_81953b3440a3,essential,ESCO
OCC_c089ec2388cd,SKL_370980230f11,essential,ESCO
OCC_c089ec2388cd,SKL_4da81ba8fc0e,essential,ESCO
OCC_c089ec2388cd,SKL_fba4f836c64f,essential,ESCO
OCC_c089ec2388cd,SKL_9530b497844a,essential,ESCO
OCC_c089ec2388cd,SKL_04d28b46c58b,essential,ESCO
OCC_c089ec2388cd,SKL_014598d4e683,essential,ESCO
OCC_c089ec2388cd,SKL_548b1864cd14,essential,ESCO
OCC_c089ec2388cd,SKL_2413edb46063,essential,ESCO
OCC_c089ec2388cd,SKL_57622453b101,essential,ESCO
OCC_c089ec2388cd,SKL_67de2545bb79,essential,ESCO
OCC_c089ec2388cd,SKL_3e8275119d50,optional,ESCO
OCC_c089ec2388cd,SKL_aaa07ffaa309,optional,ESCO
OCC_c089ec2388cd,SKL_e22e3873e2aa,optional,ESCO
OCC_c089ec2388cd,SKL_ad5527904d9f,optional,ESCO
OCC_c089ec2388cd,SKL_9b5584008e66,optional,ESCO
OCC_c089ec2388cd,SKL_962ed8d38c4e,optional,ESCO
OCC_c089ec2388cd,SKL_99c6f04ac23c,optional,ESCO
OCC_c089ec2388cd,SKL_9cdd580294bf,optional,ESCO
OCC_c089ec2388cd,SKL_e09879137502,optional,ESCO
OCC_c089ec2388cd,SKL_faa48d074cba,optional,ESCO
OCC_c089ec2388cd,SKL_7688aa622488,optional,ESCO
OCC_c089ec2388cd,SKL_86420149ed27,optional,ESCO
OCC_c089ec2388cd,SKL_9fc5ffd462ae,optional,ESCO
OCC_c089ec2388cd,SKL_5d765b95544c,optional,ESCO
OCC_c089ec2388cd,SKL_db90b8d9d02a,optional,ESCO
OCC_c089ec2388cd,SKL_8cca783b7e18,optional,ESCO
OCC_c089ec2388cd,SKL_a5bd02f3490e,optional,ESCO
OCC_c089ec2388cd,SKL_e83ea15281a7,optional,ESCO
OCC_c089ec2388cd,SKL_1124817a720e,optional,ESCO
OCC_c089ec2388cd,SKL_46088f1661b7,optional,ESCO
OCC_c089ec2388cd,SKL_17a6cda90b85,optional,ESCO
OCC_c089ec2388cd,SKL_a43bcca2465e,optional,ESCO
OCC_c089ec2388cd,SKL_b65348538f34,optional,ESCO
OCC_c089ec2388cd,SKL_a913b683ebd9,optional,ESCO
OCC_c089ec2388cd,SKL_ca93b3f41810,optional,ESCO
OCC_c089ec2388cd,SKL_f6f390848b58,optional,ESCO
OCC_c089ec2388cd,SKL_c9160ddc7dcd,optional,ESCO
OCC_c089ec2388cd,SKL_88eabaa2c80d,optional,ESCO
OCC_c089ec2388cd,SKL_d537dfcccc25,optional,ESCO
OCC_c089ec2388cd,SKL_ccd10a9e58b7,optional,ESCO
OCC_c089ec2388cd,SKL_def6ad401f98,optional,ESCO
OCC_c089ec2388cd,SKL_8c66ec45bce8,optional,ESCO
OCC_c089ec2388cd,SKL_327b78a43765,optional,ESCO
OCC_c089ec2388cd,SKL_419d9382e4ff,optional,ESCO
OCC_c089ec2388cd,SKL_c4334e388dc0,optional,ESCO
OCC_c089ec2388cd,SKL_9c5bfe58b903,optional,ESCO
OCC_c089ec2388cd,SKL_175902ab3712,optional,ESCO
OCC_c089ec2388cd,SKL_a79209ee3045,optional,ESCO
OCC_c089ec2388cd,SKL_f858e811b523,optional,ESCO
OCC_c089ec2388cd,SKL_ab39799c3a36,optional,ESCO
OCC_c089ec2388cd,SKL_6b4086c51411,optional,ESCO
OCC_c089ec2388cd,SKL_b7ce18b01c97,optional,ESCO
OCC_c089ec2388cd,SKL_4aab07be640c,optional,ESCO
OCC_c089ec2388cd,SKL_b7a8a0c55d12,optional,ESCO
OCC_c089ec2388cd,SKL_2556f77c4d95,optional,ESCO
OCC_c089ec2388cd,SKL_6a62eec16e7c,optional,ESCO
OCC_c089ec2388cd,SKL_fddfe276744e,optional,ESCO
OCC_c089ec2388cd,SKL_5ee8a7543f31,optional,ESCO
OCC_c089ec2388cd,SKL_05d942fe2ec4,optional,ESCO
OCC_c089ec2388cd,SKL_5d725c59527d,optional,ESCO
OCC_c089ec2388cd,SKL_5a85416c775f,optional,ESCO
OCC_c089ec2388cd,SKL_cebd7936a54b,optional,ESCO
OCC_c089ec2388cd,SKL_b4e0aa885868,optional,ESCO
OCC_c089ec2388cd,SKL_86eb8b674662,optional,ESCO
OCC_c089ec2388cd,SKL_de759b6256cc,optional,ESCO
OCC_c089ec2388cd,SKL_b52f6b21f082,optional,ESCO
OCC_c089ec2388cd,SKL_224770e9399c,optional,ESCO
OCC_c089ec2388cd,SKL_81167559edfd,optional,ESCO
OCC_c089ec2388cd,SKL_4687c1d5b8d4,optional,ESCO
OCC_c089ec2388cd,SKL_1cd624314ce9,optional,ESCO
OCC_c089ec2388cd,SKL_2b386dc088dc,optional,ESCO
OCC_c089ec2388cd,SKL_61058691b0ef,optional,ESCO
OCC_c089ec2388cd,SKL_5ad581fa1e0f,optional,ESCO
OCC_c089ec2388cd,SKL_5846d47024c9,optional,ESCO
OCC_c089ec2388cd,SKL_5d017b2d9604,optional,ESCO
OCC_c089ec2388cd,SKL_7019e9976329,optional,ESCO
OCC_c089ec2388cd,SKL_df69f4055e0d,optional,ESCO
OCC_c089ec2388cd,SKL_47f2166fb857,optional,ESCO
OCC_c089ec2388cd,SKL_fc36ef6f31c9,optional,ESCO
OCC_c089ec2388cd,SKL_caa92afcdf36,optional,ESCO
OCC_c089ec2388cd,SKL_bb50b52446d2,optional,ESCO
OCC_c089ec2388cd,SKL_138d3c16c190,optional,ESCO
OCC_c089ec2388cd,SKL_c2ce930d35e3,optional,ESCO
OCC_c089ec2388cd,SKL_1e60c0a605d3,optional,ESCO
OCC_c089ec2388cd,SKL_3887cab28790,optional,ESCO
OCC_c089ec2388cd,SKL_dddd918d8d0c,optional,ESCO
OCC_c089ec2388cd,SKL_c9ce5d8cbc63,optional,ESCO
OCC_c089ec2388cd,SKL_f24b2d743df5,optional,ESCO
OCC_c089ec2388cd,SKL_91a3e0a560f7,optional,ESCO
OCC_c089ec2388cd,SKL_e439fbbfbc7a,optional,ESCO
OCC_c089ec2388cd,SKL_e92f735f2558,optional,ESCO
OCC_759562b3dd51,SKL_a33504a35440,essential,ESCO
OCC_759562b3dd51,SKL_54429feac7cb,essential,ESCO
OCC_759562b3dd51,SKL_d546743b9da1,essential,ESCO
OCC_759562b3dd51,SKL_3b3c14a06a23,essential,ESCO
OCC_759562b3dd51,SKL_1a3570884e47,essential,ESCO
OCC_759562b3dd51,SKL_185b1ce4d13f,essential,ESCO
OCC_759562b3dd51,SKL_f18769bf13e8,essential,ESCO
OCC_759562b3dd51,SKL_b56d62566d72,essential,ESCO
OCC_759562b3dd51,SKL_8225f6572e45,essential,ESCO
OCC_759562b3dd51,SKL_a0a82942ef54,essential,ESCO
OCC_759562b3dd51,SKL_431affbbd0fa,essential,ESCO
OCC_759562b3dd51,SKL_ac3d1669004c,essential,ESCO
OCC_759562b3dd51,SKL_370980230f11,essential,ESCO
OCC_759562b3dd51,SKL_a08ea66fbd95,essential,ESCO
OCC_759562b3dd51,SKL_53715a6035cb,essential,ESCO
OCC_759562b3dd51,SKL_929f2bc40d7c,essential,ESCO
OCC_759562b3dd51,SKL_8845df37d0d0,essential,ESCO
OCC_759562b3dd51,SKL_c9ce5d8cbc63,essential,ESCO
OCC_759562b3dd51,SKL_ea96d8f39e81,essential,ESCO
OCC_759562b3dd51,SKL_056d3e37266e,essential,ESCO
OCC_759562b3dd51,SKL_04e6c64d8bdd,essential,ESCO
OCC_759562b3dd51,SKL_04d28b46c58b,essential,ESCO
OCC_759562b3dd51,SKL_42da43a49734,essential,ESCO
OCC_759562b3dd51,SKL_1980883e820f,essential,ESCO
OCC_759562b3dd51,SKL_b1c2a4bc445a,essential,ESCO
OCC_759562b3dd51,SKL_f6deffac4dbf,essential,ESCO
OCC_759562b3dd51,SKL_89abbdc9344e,essential,ESCO
OCC_759562b3dd51,SKL_1ce625596796,essential,ESCO
OCC_759562b3dd51,SKL_96926ab90fab,optional,ESCO
OCC_759562b3dd51,SKL_07fed61b3215,optional,ESCO
OCC_759562b3dd51,SKL_c993c6aecf8e,optional,ESCO
OCC_759562b3dd51,SKL_2bf7432b2d4b,optional,ESCO
OCC_759562b3dd51,SKL_d275975f2053,optional,ESCO
OCC_759562b3dd51,SKL_f46a3a3c6551,optional,ESCO
OCC_759562b3dd51,SKL_a85869292402,optional,ESCO
OCC_759562b3dd51,SKL_a2eb07d964f7,optional,ESCO
OCC_759562b3dd51,SKL_93be9082045c,optional,ESCO
OCC_759562b3dd51,SKL_005ef90287cd,optional,ESCO
OCC_759562b3dd51,SKL_d0035b994078,optional,ESCO
OCC_759562b3dd51,SKL_1058cd52f3ac,optional,ESCO
OCC_759562b3dd51,SKL_308342e28b73,optional,ESCO
OCC_759562b3dd51,SKL_d3d208a9be71,optional,ESCO
OCC_759562b3dd51,SKL_e2b5df30b4ad,optional,ESCO
OCC_759562b3dd51,SKL_6979c42dcb59,optional,ESCO
OCC_759562b3dd51,SKL_26e38c8d0849,optional,ESCO
OCC_759562b3dd51,SKL_6a468ac789e8,optional,ESCO
OCC_759562b3dd51,SKL_de055ba807c1,optional,ESCO
OCC_759562b3dd51,SKL_a7c157e96f4c,optional,ESCO
OCC_759562b3dd51,SKL_26d8f2754836,optional,ESCO
OCC_759562b3dd51,SKL_fe01fa21ff02,optional,ESCO
OCC_759562b3dd51,SKL_ea47db501b9f,optional,ESCO
OCC_759562b3dd51,SKL_1a9765b43218,optional,ESCO
OCC_759562b3dd51,SKL_0dd7f35929a5,optional,ESCO
OCC_759562b3dd51,SKL_109edeaf36eb,optional,ESCO
OCC_759562b3dd51,SKL_3de0d077508a,optional,ESCO
OCC_759562b3dd51,SKL_91a3e0a560f7,optional,ESCO
OCC_759562b3dd51,SKL_b987f0547d15,optional,ESCO
OCC_759562b3dd51,SKL_993e5a908b00,optional,ESCO
OCC_759562b3dd51,SKL_be15098358f4,optional,ESCO
OCC_759562b3dd51,SKL_9b29beea7c1b,optional,ESCO
OCC_759562b3dd51,SKL_096204475b7f,optional,ESCO
OCC_759562b3dd51,SKL_628f1410a7a6,optional,ESCO
OCC_759562b3dd51,SKL_dc718588b284,optional,ESCO
OCC_759562b3dd51,SKL_05a83bc4458b,optional,ESCO
OCC_759562b3dd51,SKL_e0cd3dc50b3c,optional,ESCO
OCC_759562b3dd51,SKL_33a22f201b0d,optional,ESCO
OCC_759562b3dd51,SKL_26bcb7a7c221,optional,ESCO
OCC_65014a542c78,SKL_a33504a35440,essential,ESCO
OCC_65014a542c78,SKL_6fce2b343b90,essential,ESCO
OCC_65014a542c78,SKL_d3d9af86ef84,essential,ESCO
OCC_65014a542c78,SKL_2e445df6f74b,essential,ESCO
OCC_65014a542c78,SKL_f8cdff52e6ee,essential,ESCO
OCC_65014a542c78,SKL_0ae8aa439cc1,essential,ESCO
OCC_65014a542c78,SKL_1a3570884e47,essential,ESCO
OCC_65014a542c78,SKL_185b1ce4d13f,essential,ESCO
OCC_65014a542c78,SKL_f18769bf13e8,essential,ESCO
OCC_65014a542c78,SKL_8225f6572e45,essential,ESCO
OCC_65014a542c78,SKL_2826cd7b523c,essential,ESCO
OCC_65014a542c78,SKL_1c64576763e5,essential,ESCO
OCC_65014a542c78,SKL_caa92afcdf36,essential,ESCO
OCC_65014a542c78,SKL_2e64fb93c3f2,essential,ESCO
OCC_65014a542c78,SKL_d00c0cbdf6af,essential,ESCO
OCC_65014a542c78,SKL_929f2bc40d7c,essential,ESCO
OCC_65014a542c78,SKL_25518c6e74b0,essential,ESCO
OCC_65014a542c78,SKL_d59c1c655f17,essential,ESCO
OCC_65014a542c78,SKL_b56c95aeb880,essential,ESCO
OCC_65014a542c78,SKL_ea96d8f39e81,essential,ESCO
OCC_65014a542c78,SKL_056d3e37266e,essential,ESCO
OCC_65014a542c78,SKL_27d19457db14,essential,ESCO
OCC_65014a542c78,SKL_7493dcb6b2b6,essential,ESCO
OCC_65014a542c78,SKL_1e8fe35aac35,essential,ESCO
OCC_65014a542c78,SKL_a0910b4e42c4,essential,ESCO
OCC_65014a542c78,SKL_3b1c6e0aad62,essential,ESCO
OCC_65014a542c78,SKL_8a9651b100b9,essential,ESCO
OCC_65014a542c78,SKL_3e8275119d50,optional,ESCO
OCC_65014a542c78,SKL_e22e3873e2aa,optional,ESCO
OCC_65014a542c78,SKL_ad5527904d9f,optional,ESCO
OCC_65014a542c78,SKL_6df9c3907c46,optional,ESCO
OCC_65014a542c78,SKL_9b5584008e66,optional,ESCO
OCC_65014a542c78,SKL_962ed8d38c4e,optional,ESCO
OCC_65014a542c78,SKL_9cdd580294bf,optional,ESCO
OCC_65014a542c78,SKL_faa48d074cba,optional,ESCO
OCC_65014a542c78,SKL_9fc5ffd462ae,optional,ESCO
OCC_65014a542c78,SKL_07fed61b3215,optional,ESCO
OCC_65014a542c78,SKL_59c64ba70b70,optional,ESCO
OCC_65014a542c78,SKL_a5bd02f3490e,optional,ESCO
OCC_65014a542c78,SKL_e83ea15281a7,optional,ESCO
OCC_65014a542c78,SKL_1124817a720e,optional,ESCO
OCC_65014a542c78,SKL_c993c6aecf8e,optional,ESCO
OCC_65014a542c78,SKL_2bf7432b2d4b,optional,ESCO
OCC_65014a542c78,SKL_d275975f2053,optional,ESCO
OCC_65014a542c78,SKL_46088f1661b7,optional,ESCO
OCC_65014a542c78,SKL_17a6cda90b85,optional,ESCO
OCC_65014a542c78,SKL_a43bcca2465e,optional,ESCO
OCC_65014a542c78,SKL_f46a3a3c6551,optional,ESCO
OCC_65014a542c78,SKL_a913b683ebd9,optional,ESCO
OCC_65014a542c78,SKL_a85869292402,optional,ESCO
OCC_65014a542c78,SKL_a2eb07d964f7,optional,ESCO
OCC_65014a542c78,SKL_f6f390848b58,optional,ESCO
OCC_65014a542c78,SKL_93be9082045c,optional,ESCO
OCC_65014a542c78,SKL_005ef90287cd,optional,ESCO
OCC_65014a542c78,SKL_c9160ddc7dcd,optional,ESCO
OCC_65014a542c78,SKL_88eabaa2c80d,optional,ESCO
OCC_65014a542c78,SKL_d537dfcccc25,optional,ESCO
OCC_65014a542c78,SKL_ccd10a9e58b7,optional,ESCO
OCC_65014a542c78,SKL_d0035b994078,optional,ESCO
OCC_65014a542c78,SKL_aea959fc8fab,optional,ESCO
OCC_65014a542c78,SKL_f858e811b523,optional,ESCO
OCC_65014a542c78,SKL_1058cd52f3ac,optional,ESCO
OCC_65014a542c78,SKL_6b4086c51411,optional,ESCO
OCC_65014a542c78,SKL_fddfe276744e,optional,ESCO
OCC_65014a542c78,SKL_5ee8a7543f31,optional,ESCO
OCC_65014a542c78,SKL_5a85416c775f,optional,ESCO
OCC_65014a542c78,SKL_308342e28b73,optional,ESCO
OCC_65014a542c78,SKL_d3d208a9be71,optional,ESCO
OCC_65014a542c78,SKL_86eb8b674662,optional,ESCO
OCC_65014a542c78,SKL_de759b6256cc,optional,ESCO
OCC_65014a542c78,SKL_6979c42dcb59,optional,ESCO
OCC_65014a542c78,SKL_b52f6b21f082,optional,ESCO
OCC_65014a542c78,SKL_224770e9399c,optional,ESCO
OCC_65014a542c78,SKL_e681e8b852a4,optional,ESCO
OCC_65014a542c78,SKL_26e38c8d0849,optional,ESCO
OCC_65014a542c78,SKL_81167559edfd,optional,ESCO
OCC_65014a542c78,SKL_cd1a8c17e323,optional,ESCO
OCC_65014a542c78,SKL_7b4f8244da7c,optional,ESCO
OCC_65014a542c78,SKL_de055ba807c1,optional,ESCO
OCC_65014a542c78,SKL_1cd624314ce9,optional,ESCO
OCC_65014a542c78,SKL_2b386dc088dc,optional,ESCO
OCC_65014a542c78,SKL_53fbbdc90e13,optional,ESCO
OCC_65014a542c78,SKL_a7c157e96f4c,optional,ESCO
OCC_65014a542c78,SKL_02c69b93451d,optional,ESCO
OCC_65014a542c78,SKL_61058691b0ef,optional,ESCO
OCC_65014a542c78,SKL_26d8f2754836,optional,ESCO
OCC_65014a542c78,SKL_5846d47024c9,optional,ESCO
OCC_65014a542c78,SKL_fe01fa21ff02,optional,ESCO
OCC_65014a542c78,SKL_7019e9976329,optional,ESCO
OCC_65014a542c78,SKL_df69f4055e0d,optional,ESCO
OCC_65014a542c78,SKL_52bb539de37f,optional,ESCO
OCC_65014a542c78,SKL_ea47db501b9f,optional,ESCO
OCC_65014a542c78,SKL_431affbbd0fa,optional,ESCO
OCC_65014a542c78,SKL_fc36ef6f31c9,optional,ESCO
OCC_65014a542c78,SKL_ac3d1669004c,optional,ESCO
OCC_65014a542c78,SKL_8845df37d0d0,optional,ESCO
OCC_65014a542c78,SKL_b4830b23bb8d,optional,ESCO
OCC_65014a542c78,SKL_993e5a908b00,optional,ESCO
OCC_65014a542c78,SKL_1980883e820f,optional,ESCO
OCC_65014a542c78,SKL_80e5a9774341,optional,ESCO
OCC_65014a542c78,SKL_dc718588b284,optional,ESCO
OCC_65014a542c78,SKL_b1d3c0bd074a,optional,ESCO
OCC_65014a542c78,SKL_0643ee1dab7c,optional,ESCO
OCC_340f51445866,SKL_658a393bd878,essential,ESCO
OCC_340f51445866,SKL_96a1e6b4ee57,essential,ESCO
OCC_340f51445866,SKL_8d1f7cbb3377,essential,ESCO
OCC_340f51445866,SKL_2e445df6f74b,essential,ESCO
OCC_340f51445866,SKL_36d64273ebbf,essential,ESCO
OCC_340f51445866,SKL_f8cdff52e6ee,essential,ESCO
OCC_340f51445866,SKL_b2efdf0b940a,essential,ESCO
OCC_340f51445866,SKL_2556f77c4d95,essential,ESCO
OCC_340f51445866,SKL_bb70c18773cc,essential,ESCO
OCC_340f51445866,SKL_027b4b2aa1a9,essential,ESCO
OCC_340f51445866,SKL_5ad581fa1e0f,essential,ESCO
OCC_340f51445866,SKL_370980230f11,essential,ESCO
OCC_340f51445866,SKL_caa92afcdf36,essential,ESCO
OCC_340f51445866,SKL_d8365db0bf51,essential,ESCO
OCC_340f51445866,SKL_a06ae49b7664,essential,ESCO
OCC_340f51445866,SKL_a561c76a0e88,essential,ESCO
OCC_340f51445866,SKL_fba4f836c64f,essential,ESCO
OCC_340f51445866,SKL_891fd5e04d20,essential,ESCO
OCC_340f51445866,SKL_4d8fe5bd3afb,essential,ESCO
OCC_340f51445866,SKL_fac53db94872,essential,ESCO
OCC_340f51445866,SKL_8311e0f8dbf3,essential,ESCO
OCC_340f51445866,SKL_8a9651b100b9,essential,ESCO
OCC_340f51445866,SKL_b1d3c0bd074a,essential,ESCO
OCC_340f51445866,SKL_548b1864cd14,essential,ESCO
OCC_340f51445866,SKL_c4873b8383da,essential,ESCO
OCC_340f51445866,SKL_57622453b101,essential,ESCO
OCC_340f51445866,SKL_67de2545bb79,essential,ESCO
OCC_340f51445866,SKL_3e8275119d50,optional,ESCO
OCC_340f51445866,SKL_c4640fe55575,optional,ESCO
OCC_340f51445866,SKL_e22e3873e2aa,optional,ESCO
OCC_340f51445866,SKL_ad5527904d9f,optional,ESCO
OCC_340f51445866,SKL_6df9c3907c46,optional,ESCO
OCC_340f51445866,SKL_9b5584008e66,optional,ESCO
OCC_340f51445866,SKL_962ed8d38c4e,optional,ESCO
OCC_340f51445866,SKL_9cdd580294bf,optional,ESCO
OCC_340f51445866,SKL_faa48d074cba,optional,ESCO
OCC_340f51445866,SKL_7688aa622488,optional,ESCO
OCC_340f51445866,SKL_86420149ed27,optional,ESCO
OCC_340f51445866,SKL_9fc5ffd462ae,optional,ESCO
OCC_340f51445866,SKL_59c64ba70b70,optional,ESCO
OCC_340f51445866,SKL_c6689c05585a,optional,ESCO
OCC_340f51445866,SKL_8cca783b7e18,optional,ESCO
OCC_340f51445866,SKL_a5bd02f3490e,optional,ESCO
OCC_340f51445866,SKL_e83ea15281a7,optional,ESCO
OCC_340f51445866,SKL_9b5244fd7e00,optional,ESCO
OCC_340f51445866,SKL_1124817a720e,optional,ESCO
OCC_340f51445866,SKL_46088f1661b7,optional,ESCO
OCC_340f51445866,SKL_17a6cda90b85,optional,ESCO
OCC_340f51445866,SKL_a43bcca2465e,optional,ESCO
OCC_340f51445866,SKL_a913b683ebd9,optional,ESCO
OCC_340f51445866,SKL_9e24266d180e,optional,ESCO
OCC_340f51445866,SKL_ca93b3f41810,optional,ESCO
OCC_340f51445866,SKL_f6f390848b58,optional,ESCO
OCC_340f51445866,SKL_c9160ddc7dcd,optional,ESCO
OCC_340f51445866,SKL_88eabaa2c80d,optional,ESCO
OCC_340f51445866,SKL_d537dfcccc25,optional,ESCO
OCC_340f51445866,SKL_ccd10a9e58b7,optional,ESCO
OCC_340f51445866,SKL_8dd0d4b0a0f0,optional,ESCO
OCC_340f51445866,SKL_ab39799c3a36,optional,ESCO
OCC_340f51445866,SKL_6b4086c51411,optional,ESCO
OCC_340f51445866,SKL_b7ce18b01c97,optional,ESCO
OCC_340f51445866,SKL_ba0548301caf,optional,ESCO
OCC_340f51445866,SKL_6b32ff1ba138,optional,ESCO
OCC_340f51445866,SKL_ec48889c1990,optional,ESCO
OCC_340f51445866,SKL_16961efeb0ab,optional,ESCO
OCC_340f51445866,SKL_0ae8aa439cc1,optional,ESCO
OCC_340f51445866,SKL_fddfe276744e,optional,ESCO
OCC_340f51445866,SKL_5ee8a7543f31,optional,ESCO
OCC_340f51445866,SKL_5a85416c775f,optional,ESCO
OCC_340f51445866,SKL_cebd7936a54b,optional,ESCO
OCC_340f51445866,SKL_b4e0aa885868,optional,ESCO
OCC_340f51445866,SKL_86eb8b674662,optional,ESCO
OCC_340f51445866,SKL_de759b6256cc,optional,ESCO
OCC_340f51445866,SKL_b52f6b21f082,optional,ESCO
OCC_340f51445866,SKL_224770e9399c,optional,ESCO
OCC_340f51445866,SKL_e681e8b852a4,optional,ESCO
OCC_340f51445866,SKL_81167559edfd,optional,ESCO
OCC_340f51445866,SKL_1cd624314ce9,optional,ESCO
OCC_340f51445866,SKL_2b386dc088dc,optional,ESCO
OCC_340f51445866,SKL_53fbbdc90e13,optional,ESCO
OCC_340f51445866,SKL_02c69b93451d,optional,ESCO
OCC_340f51445866,SKL_fb22373c26ad,optional,ESCO
OCC_340f51445866,SKL_61058691b0ef,optional,ESCO
OCC_340f51445866,SKL_5846d47024c9,optional,ESCO
OCC_340f51445866,SKL_7019e9976329,optional,ESCO
OCC_340f51445866,SKL_df69f4055e0d,optional,ESCO
OCC_340f51445866,SKL_9857c27e00bf,optional,ESCO
OCC_340f51445866,SKL_d109a693537c,optional,ESCO
OCC_340f51445866,SKL_fc36ef6f31c9,optional,ESCO
OCC_340f51445866,SKL_46707842607f,optional,ESCO
OCC_340f51445866,SKL_df1270c29978,optional,ESCO
OCC_340f51445866,SKL_d59c1c655f17,optional,ESCO
OCC_340f51445866,SKL_f24b2d743df5,optional,ESCO
OCC_340f51445866,SKL_70a487b401b1,optional,ESCO
OCC_340f51445866,SKL_1e8fe35aac35,optional,ESCO
OCC_9c9233e004da,SKL_1a3570884e47,essential,ESCO
OCC_9c9233e004da,SKL_185b1ce4d13f,essential,ESCO
OCC_9c9233e004da,SKL_8225f6572e45,essential,ESCO
OCC_9c9233e004da,SKL_1c64576763e5,essential,ESCO
OCC_9c9233e004da,SKL_a08ea66fbd95,essential,ESCO
OCC_9c9233e004da,SKL_d4b8526448d7,essential,ESCO
OCC_9c9233e004da,SKL_929f2bc40d7c,essential,ESCO
OCC_9c9233e004da,SKL_67a4d439c738,essential,ESCO
OCC_9c9233e004da,SKL_5ca14d6a9200,essential,ESCO
OCC_9c9233e004da,SKL_42da43a49734,essential,ESCO
OCC_9c9233e004da,SKL_f6deffac4dbf,essential,ESCO
OCC_9c9233e004da,SKL_89abbdc9344e,essential,ESCO
OCC_9c9233e004da,SKL_acb7132e14ad,essential,ESCO
OCC_9c9233e004da,SKL_f928f432f512,essential,ESCO
OCC_9c9233e004da,SKL_07fed61b3215,optional,ESCO
OCC_9c9233e004da,SKL_c993c6aecf8e,optional,ESCO
OCC_9c9233e004da,SKL_2bf7432b2d4b,optional,ESCO
OCC_9c9233e004da,SKL_d275975f2053,optional,ESCO
OCC_9c9233e004da,SKL_f46a3a3c6551,optional,ESCO
OCC_9c9233e004da,SKL_a2eb07d964f7,optional,ESCO
OCC_9c9233e004da,SKL_93be9082045c,optional,ESCO
OCC_9c9233e004da,SKL_d0035b994078,optional,ESCO
OCC_9c9233e004da,SKL_1058cd52f3ac,optional,ESCO
OCC_9c9233e004da,SKL_b2efdf0b940a,optional,ESCO
OCC_9c9233e004da,SKL_f18769bf13e8,optional,ESCO
OCC_9c9233e004da,SKL_d0bf41708bae,optional,ESCO
OCC_9c9233e004da,SKL_308342e28b73,optional,ESCO
OCC_9c9233e004da,SKL_b56d62566d72,optional,ESCO
OCC_9c9233e004da,SKL_d3d208a9be71,optional,ESCO
OCC_9c9233e004da,SKL_6979c42dcb59,optional,ESCO
OCC_9c9233e004da,SKL_26e38c8d0849,optional,ESCO
OCC_9c9233e004da,SKL_cd1a8c17e323,optional,ESCO
OCC_9c9233e004da,SKL_7b4f8244da7c,optional,ESCO
OCC_9c9233e004da,SKL_de055ba807c1,optional,ESCO
OCC_9c9233e004da,SKL_a94e84871ee9,optional,ESCO
OCC_9c9233e004da,SKL_a7c157e96f4c,optional,ESCO
OCC_9c9233e004da,SKL_ea47db501b9f,optional,ESCO
OCC_9c9233e004da,SKL_431affbbd0fa,optional,ESCO
OCC_9c9233e004da,SKL_3f11287772f2,optional,ESCO
OCC_9c9233e004da,SKL_2e64fb93c3f2,optional,ESCO
OCC_9c9233e004da,SKL_3de0d077508a,optional,ESCO
OCC_9c9233e004da,SKL_8845df37d0d0,optional,ESCO
OCC_9c9233e004da,SKL_e8bdfaeac68e,optional,ESCO
OCC_9c9233e004da,SKL_be15098358f4,optional,ESCO
OCC_9c9233e004da,SKL_e2dbc508cb21,optional,ESCO
OCC_9c9233e004da,SKL_096204475b7f,optional,ESCO
OCC_9c9233e004da,SKL_a9a5d83a092a,optional,ESCO
OCC_9c9233e004da,SKL_26bcb7a7c221,optional,ESCO
OCC_9c9233e004da,SKL_a056c33cbcd4,optional,ESCO
OCC_e28a715b58e4,SKL_c6689c05585a,essential,ESCO
OCC_e28a715b58e4,SKL_eababd164e1d,essential,ESCO
OCC_e28a715b58e4,SKL_aea3e91c5092,essential,ESCO
OCC_e28a715b58e4,SKL_8c107549fe5b,essential,ESCO
OCC_e28a715b58e4,SKL_c6ec40ea85b9,essential,ESCO
OCC_e28a715b58e4,SKL_1c64576763e5,essential,ESCO
OCC_e28a715b58e4,SKL_2e64fb93c3f2,essential,ESCO
OCC_e28a715b58e4,SKL_f9a3c3ad2595,essential,ESCO
OCC_e28a715b58e4,SKL_04d28b46c58b,essential,ESCO
OCC_e28a715b58e4,SKL_e439fbbfbc7a,essential,ESCO
OCC_e28a715b58e4,SKL_0fefd6cde79a,essential,ESCO
OCC_e28a715b58e4,SKL_8a9651b100b9,essential,ESCO
OCC_e28a715b58e4,SKL_62237838ecde,essential,ESCO
OCC_e28a715b58e4,SKL_a056c33cbcd4,essential,ESCO
OCC_e28a715b58e4,SKL_2413edb46063,essential,ESCO
OCC_e28a715b58e4,SKL_3e8275119d50,optional,ESCO
OCC_e28a715b58e4,SKL_e22e3873e2aa,optional,ESCO
OCC_e28a715b58e4,SKL_ad5527904d9f,optional,ESCO
OCC_e28a715b58e4,SKL_9b5584008e66,optional,ESCO
OCC_e28a715b58e4,SKL_962ed8d38c4e,optional,ESCO
OCC_e28a715b58e4,SKL_9cdd580294bf,optional,ESCO
OCC_e28a715b58e4,SKL_faa48d074cba,optional,ESCO
OCC_e28a715b58e4,SKL_9fc5ffd462ae,optional,ESCO
OCC_e28a715b58e4,SKL_59ede493c1cb,optional,ESCO
OCC_e28a715b58e4,SKL_9ce640be2540,optional,ESCO
OCC_e28a715b58e4,SKL_1d9be898b4cf,optional,ESCO
OCC_e28a715b58e4,SKL_59c64ba70b70,optional,ESCO
OCC_e28a715b58e4,SKL_379bf96d5682,optional,ESCO
OCC_e28a715b58e4,SKL_dedf1948afc3,optional,ESCO
OCC_e28a715b58e4,SKL_a5bd02f3490e,optional,ESCO
OCC_e28a715b58e4,SKL_e83ea15281a7,optional,ESCO
OCC_e28a715b58e4,SKL_1124817a720e,optional,ESCO
OCC_e28a715b58e4,SKL_c993c6aecf8e,optional,ESCO
OCC_e28a715b58e4,SKL_2bf7432b2d4b,optional,ESCO
OCC_e28a715b58e4,SKL_8d1f7cbb3377,optional,ESCO
OCC_e28a715b58e4,SKL_46088f1661b7,optional,ESCO
OCC_e28a715b58e4,SKL_17a6cda90b85,optional,ESCO
OCC_e28a715b58e4,SKL_a43bcca2465e,optional,ESCO
OCC_e28a715b58e4,SKL_f46a3a3c6551,optional,ESCO
OCC_e28a715b58e4,SKL_a913b683ebd9,optional,ESCO
OCC_e28a715b58e4,SKL_cccca3da833a,optional,ESCO
OCC_e28a715b58e4,SKL_a2eb07d964f7,optional,ESCO
OCC_e28a715b58e4,SKL_4f2bd02de76a,optional,ESCO
OCC_e28a715b58e4,SKL_f6f390848b58,optional,ESCO
OCC_e28a715b58e4,SKL_93be9082045c,optional,ESCO
OCC_e28a715b58e4,SKL_c9160ddc7dcd,optional,ESCO
OCC_e28a715b58e4,SKL_88eabaa2c80d,optional,ESCO
OCC_e28a715b58e4,SKL_d537dfcccc25,optional,ESCO
OCC_e28a715b58e4,SKL_ccd10a9e58b7,optional,ESCO
OCC_e28a715b58e4,SKL_def6ad401f98,optional,ESCO
OCC_e28a715b58e4,SKL_ee642b56a8f9,optional,ESCO
OCC_e28a715b58e4,SKL_b2fa268f665e,optional,ESCO
OCC_e28a715b58e4,SKL_83dfa0298e85,optional,ESCO
OCC_e28a715b58e4,SKL_f858e811b523,optional,ESCO
OCC_e28a715b58e4,SKL_1058cd52f3ac,optional,ESCO
OCC_e28a715b58e4,SKL_d8c205c532f4,optional,ESCO
OCC_e28a715b58e4,SKL_6b4086c51411,optional,ESCO
OCC_e28a715b58e4,SKL_fddfe276744e,optional,ESCO
OCC_e28a715b58e4,SKL_5ee8a7543f31,optional,ESCO
OCC_e28a715b58e4,SKL_5a85416c775f,optional,ESCO
OCC_e28a715b58e4,SKL_b56d62566d72,optional,ESCO
OCC_e28a715b58e4,SKL_d3d208a9be71,optional,ESCO
OCC_e28a715b58e4,SKL_8225f6572e45,optional,ESCO
OCC_e28a715b58e4,SKL_232fd42823e2,optional,ESCO
OCC_e28a715b58e4,SKL_86eb8b674662,optional,ESCO
OCC_e28a715b58e4,SKL_de759b6256cc,optional,ESCO
OCC_e28a715b58e4,SKL_0db86e5fd56a,optional,ESCO
OCC_e28a715b58e4,SKL_6979c42dcb59,optional,ESCO
OCC_e28a715b58e4,SKL_b52f6b21f082,optional,ESCO
OCC_e28a715b58e4,SKL_ae19bc58bf36,optional,ESCO
OCC_e28a715b58e4,SKL_224770e9399c,optional,ESCO
OCC_e28a715b58e4,SKL_26e38c8d0849,optional,ESCO
OCC_e28a715b58e4,SKL_81167559edfd,optional,ESCO
OCC_e28a715b58e4,SKL_1f31dc507700,optional,ESCO
OCC_e28a715b58e4,SKL_7b4f8244da7c,optional,ESCO
OCC_e28a715b58e4,SKL_1cd624314ce9,optional,ESCO
OCC_e28a715b58e4,SKL_2b386dc088dc,optional,ESCO
OCC_e28a715b58e4,SKL_a7c157e96f4c,optional,ESCO
OCC_e28a715b58e4,SKL_61058691b0ef,optional,ESCO
OCC_e28a715b58e4,SKL_26d8f2754836,optional,ESCO
OCC_e28a715b58e4,SKL_5846d47024c9,optional,ESCO
OCC_e28a715b58e4,SKL_31eb2c110ee8,optional,ESCO
OCC_e28a715b58e4,SKL_7019e9976329,optional,ESCO
OCC_e28a715b58e4,SKL_df69f4055e0d,optional,ESCO
OCC_e28a715b58e4,SKL_a56b1ef6f421,optional,ESCO
OCC_e28a715b58e4,SKL_fc36ef6f31c9,optional,ESCO
OCC_e28a715b58e4,SKL_3f11287772f2,optional,ESCO
OCC_e28a715b58e4,SKL_3887cab28790,optional,ESCO
OCC_e28a715b58e4,SKL_88e58a1e2200,optional,ESCO
OCC_e28a715b58e4,SKL_e8bdfaeac68e,optional,ESCO
OCC_e28a715b58e4,SKL_e2dbc508cb21,optional,ESCO
OCC_e28a715b58e4,SKL_dc718588b284,optional,ESCO
OCC_6cb6d62106d9,SKL_54429feac7cb,essential,ESCO
OCC_6cb6d62106d9,SKL_eababd164e1d,essential,ESCO
OCC_6cb6d62106d9,SKL_5858f8aaf75f,essential,ESCO
OCC_6cb6d62106d9,SKL_cccca3da833a,essential,ESCO
OCC_6cb6d62106d9,SKL_4f2bd02de76a,essential,ESCO
OCC_6cb6d62106d9,SKL_c0d9b25a3929,essential,ESCO
OCC_6cb6d62106d9,SKL_ec2491e3eb27,essential,ESCO
OCC_6cb6d62106d9,SKL_6a468ac789e8,essential,ESCO
OCC_6cb6d62106d9,SKL_aea3e91c5092,essential,ESCO
OCC_6cb6d62106d9,SKL_8c107549fe5b,essential,ESCO
OCC_6cb6d62106d9,SKL_c5114bc54f61,essential,ESCO
OCC_6cb6d62106d9,SKL_7fcbb1e10b41,essential,ESCO
OCC_6cb6d62106d9,SKL_1c64576763e5,essential,ESCO
OCC_6cb6d62106d9,SKL_c09ce7a24a51,essential,ESCO
OCC_6cb6d62106d9,SKL_a08ea66fbd95,essential,ESCO
OCC_6cb6d62106d9,SKL_1a9765b43218,essential,ESCO
OCC_6cb6d62106d9,SKL_f777a42c8a7a,essential,ESCO
OCC_6cb6d62106d9,SKL_16afd0438ee4,essential,ESCO
OCC_6cb6d62106d9,SKL_be15098358f4,essential,ESCO
OCC_6cb6d62106d9,SKL_04d28b46c58b,essential,ESCO
OCC_6cb6d62106d9,SKL_5ca14d6a9200,essential,ESCO
OCC_6cb6d62106d9,SKL_19a46cabd4d8,essential,ESCO
OCC_6cb6d62106d9,SKL_b612c882be81,essential,ESCO
OCC_6cb6d62106d9,SKL_e2dbc508cb21,essential,ESCO
OCC_6cb6d62106d9,SKL_096204475b7f,essential,ESCO
OCC_6cb6d62106d9,SKL_4adb0a2106db,essential,ESCO
OCC_6cb6d62106d9,SKL_b1c2a4bc445a,essential,ESCO
OCC_6cb6d62106d9,SKL_e0cd3dc50b3c,essential,ESCO
OCC_6cb6d62106d9,SKL_26bcb7a7c221,essential,ESCO
OCC_6cb6d62106d9,SKL_a056c33cbcd4,essential,ESCO
OCC_6cb6d62106d9,SKL_62ddf5eab27d,essential,ESCO
OCC_6cb6d62106d9,SKL_00bf18ce904e,essential,ESCO
OCC_6cb6d62106d9,SKL_38d8f380447f,optional,ESCO
OCC_6cb6d62106d9,SKL_6fce2b343b90,optional,ESCO
OCC_6cb6d62106d9,SKL_81d5b505c80d,optional,ESCO
OCC_6cb6d62106d9,SKL_2160823e5269,optional,ESCO
OCC_6cb6d62106d9,SKL_fa6cd7a6ceb9,optional,ESCO
OCC_6cb6d62106d9,SKL_379bf96d5682,optional,ESCO
OCC_6cb6d62106d9,SKL_8d1f7cbb3377,optional,ESCO
OCC_6cb6d62106d9,SKL_07a7e2a00de2,optional,ESCO
OCC_6cb6d62106d9,SKL_83dfa0298e85,optional,ESCO
OCC_6cb6d62106d9,SKL_4ffa5c387846,optional,ESCO
OCC_6cb6d62106d9,SKL_74a5a5844b4c,optional,ESCO
OCC_6cb6d62106d9,SKL_6e06692ca9dc,optional,ESCO
OCC_6cb6d62106d9,SKL_ae19bc58bf36,optional,ESCO
OCC_6cb6d62106d9,SKL_5bed2e74daf6,optional,ESCO
OCC_6cb6d62106d9,SKL_0b6d0771361b,optional,ESCO
OCC_6cb6d62106d9,SKL_3de0d077508a,optional,ESCO
OCC_6cb6d62106d9,SKL_aba6d3815562,optional,ESCO
OCC_6cb6d62106d9,SKL_e0b7c20ad2a2,optional,ESCO
OCC_6cb6d62106d9,SKL_ae7e75a47fef,optional,ESCO
OCC_6cb6d62106d9,SKL_9b29beea7c1b,optional,ESCO
OCC_6cb6d62106d9,SKL_9220927db32b,optional,ESCO
OCC_6cb6d62106d9,SKL_4d8fe5bd3afb,optional,ESCO
OCC_6cb6d62106d9,SKL_cf44a983788c,optional,ESCO
OCC_6cb6d62106d9,SKL_789c67df42ab,optional,ESCO
OCC_6cb6d62106d9,SKL_789d2af203ff,optional,ESCO
OCC_6cb6d62106d9,SKL_dc718588b284,optional,ESCO
OCC_6cb6d62106d9,SKL_2b9b57d62800,optional,ESCO
OCC_6cb6d62106d9,SKL_12d7df7cd8f5,optional,ESCO
OCC_554c5e421f89,SKL_a2aeab830409,essential,ESCO
OCC_554c5e421f89,SKL_59c64ba70b70,essential,ESCO
OCC_554c5e421f89,SKL_8167b2084601,essential,ESCO
OCC_554c5e421f89,SKL_def6ad401f98,essential,ESCO
OCC_554c5e421f89,SKL_0dd7a481496c,essential,ESCO
OCC_554c5e421f89,SKL_2621a1e8af59,essential,ESCO
OCC_554c5e421f89,SKL_5d725c59527d,essential,ESCO
OCC_554c5e421f89,SKL_03a1d7f894e8,essential,ESCO
OCC_554c5e421f89,SKL_138d3c16c190,essential,ESCO
OCC_554c5e421f89,SKL_d5ad7b48e431,essential,ESCO
OCC_554c5e421f89,SKL_c2ce930d35e3,essential,ESCO
OCC_554c5e421f89,SKL_4da81ba8fc0e,essential,ESCO
OCC_554c5e421f89,SKL_b1aa4a266780,essential,ESCO
OCC_554c5e421f89,SKL_e2f90c02665d,essential,ESCO
OCC_554c5e421f89,SKL_9530b497844a,essential,ESCO
OCC_554c5e421f89,SKL_04d28b46c58b,essential,ESCO
OCC_554c5e421f89,SKL_014598d4e683,essential,ESCO
OCC_554c5e421f89,SKL_90b10ab7ce01,essential,ESCO
OCC_554c5e421f89,SKL_2413edb46063,essential,ESCO
OCC_554c5e421f89,SKL_3e8275119d50,optional,ESCO
OCC_554c5e421f89,SKL_aaa07ffaa309,optional,ESCO
OCC_554c5e421f89,SKL_ad5527904d9f,optional,ESCO
OCC_554c5e421f89,SKL_9b5584008e66,optional,ESCO
OCC_554c5e421f89,SKL_962ed8d38c4e,optional,ESCO
OCC_554c5e421f89,SKL_99c6f04ac23c,optional,ESCO
OCC_554c5e421f89,SKL_9cdd580294bf,optional,ESCO
OCC_554c5e421f89,SKL_96a1e6b4ee57,optional,ESCO
OCC_554c5e421f89,SKL_faa48d074cba,optional,ESCO
OCC_554c5e421f89,SKL_9fc5ffd462ae,optional,ESCO
OCC_554c5e421f89,SKL_a5bd02f3490e,optional,ESCO
OCC_554c5e421f89,SKL_e83ea15281a7,optional,ESCO
OCC_554c5e421f89,SKL_1124817a720e,optional,ESCO
OCC_554c5e421f89,SKL_46088f1661b7,optional,ESCO
OCC_554c5e421f89,SKL_a43bcca2465e,optional,ESCO
OCC_554c5e421f89,SKL_4f8027620713,optional,ESCO
OCC_554c5e421f89,SKL_b65348538f34,optional,ESCO
OCC_554c5e421f89,SKL_a913b683ebd9,optional,ESCO
OCC_554c5e421f89,SKL_f6f390848b58,optional,ESCO
OCC_554c5e421f89,SKL_c9160ddc7dcd,optional,ESCO
OCC_554c5e421f89,SKL_88eabaa2c80d,optional,ESCO
OCC_554c5e421f89,SKL_d537dfcccc25,optional,ESCO
OCC_554c5e421f89,SKL_ccd10a9e58b7,optional,ESCO
OCC_554c5e421f89,SKL_516c38d191ba,optional,ESCO
OCC_554c5e421f89,SKL_8c66ec45bce8,optional,ESCO
OCC_554c5e421f89,SKL_327b78a43765,optional,ESCO
OCC_554c5e421f89,SKL_c4334e388dc0,optional,ESCO
OCC_554c5e421f89,SKL_175902ab3712,optional,ESCO
OCC_554c5e421f89,SKL_f858e811b523,optional,ESCO
OCC_554c5e421f89,SKL_6b4086c51411,optional,ESCO
OCC_554c5e421f89,SKL_b2efdf0b940a,optional,ESCO
OCC_554c5e421f89,SKL_8c496c476189,optional,ESCO
OCC_554c5e421f89,SKL_5ee8a7543f31,optional,ESCO
OCC_554c5e421f89,SKL_5a85416c775f,optional,ESCO
OCC_554c5e421f89,SKL_cebd7936a54b,optional,ESCO
OCC_554c5e421f89,SKL_86eb8b674662,optional,ESCO
OCC_554c5e421f89,SKL_de759b6256cc,optional,ESCO
OCC_554c5e421f89,SKL_b52f6b21f082,optional,ESCO
OCC_554c5e421f89,SKL_224770e9399c,optional,ESCO
OCC_554c5e421f89,SKL_81167559edfd,optional,ESCO
OCC_554c5e421f89,SKL_4687c1d5b8d4,optional,ESCO
OCC_554c5e421f89,SKL_1cd624314ce9,optional,ESCO
OCC_554c5e421f89,SKL_af82150fafdb,optional,ESCO
OCC_554c5e421f89,SKL_2b386dc088dc,optional,ESCO
OCC_554c5e421f89,SKL_61058691b0ef,optional,ESCO
OCC_554c5e421f89,SKL_5846d47024c9,optional,ESCO
OCC_554c5e421f89,SKL_7019e9976329,optional,ESCO
OCC_554c5e421f89,SKL_df69f4055e0d,optional,ESCO
OCC_554c5e421f89,SKL_d67dfc4ee39e,optional,ESCO
OCC_554c5e421f89,SKL_47f2166fb857,optional,ESCO
OCC_554c5e421f89,SKL_fc36ef6f31c9,optional,ESCO
OCC_554c5e421f89,SKL_1e60c0a605d3,optional,ESCO
OCC_554c5e421f89,SKL_3887cab28790,optional,ESCO
OCC_554c5e421f89,SKL_dddd918d8d0c,optional,ESCO
OCC_554c5e421f89,SKL_91a3e0a560f7,optional,ESCO
OCC_554c5e421f89,SKL_a47350a90c0e,optional,ESCO
OCC_554c5e421f89,SKL_891fd5e04d20,optional,ESCO
OCC_554c5e421f89,SKL_e439fbbfbc7a,optional,ESCO
OCC_554c5e421f89,SKL_6e8bbfce6061,optional,ESCO
OCC_554c5e421f89,SKL_e92f735f2558,optional,ESCO
OCC_554c5e421f89,SKL_a056c33cbcd4,optional,ESCO
OCC_554c5e421f89,SKL_be093e79069c,optional,ESCO
OCC_554c5e421f89,SKL_67de2545bb79,optional,ESCO
OCC_b01b8def641d,SKL_6d0bdba7a8b1,essential,ESCO
OCC_b01b8def641d,SKL_c1394cfd59bd,essential,ESCO
OCC_b01b8def641d,SKL_4f8027620713,essential,ESCO
OCC_b01b8def641d,SKL_f335ed0ef250,essential,ESCO
OCC_b01b8def641d,SKL_ba0548301caf,essential,ESCO
OCC_b01b8def641d,SKL_6a468ac789e8,essential,ESCO
OCC_b01b8def641d,SKL_ad07bc17b05e,essential,ESCO
OCC_b01b8def641d,SKL_c6719c43f07e,essential,ESCO
OCC_b01b8def641d,SKL_a62c8a265ae4,essential,ESCO
OCC_b01b8def641d,SKL_303ee19dce8f,essential,ESCO
OCC_b01b8def641d,SKL_24975ae05372,essential,ESCO
OCC_b01b8def641d,SKL_b9899d180c91,essential,ESCO
OCC_b01b8def641d,SKL_318b0a40b120,essential,ESCO
OCC_b01b8def641d,SKL_b66a815da958,essential,ESCO
OCC_b01b8def641d,SKL_7efcdffab3b3,essential,ESCO
OCC_b01b8def641d,SKL_32ea606ef54c,essential,ESCO
OCC_b01b8def641d,SKL_6fce2b343b90,optional,ESCO
OCC_b01b8def641d,SKL_6df9c3907c46,optional,ESCO
OCC_b01b8def641d,SKL_f8cdff52e6ee,optional,ESCO
OCC_b01b8def641d,SKL_b1c3417f0755,optional,ESCO
OCC_b01b8def641d,SKL_cb88cfd1c433,optional,ESCO
OCC_b01b8def641d,SKL_e681e8b852a4,optional,ESCO
OCC_b01b8def641d,SKL_027b4b2aa1a9,optional,ESCO
OCC_b01b8def641d,SKL_a0a82942ef54,optional,ESCO
OCC_b01b8def641d,SKL_53fbbdc90e13,optional,ESCO
OCC_b01b8def641d,SKL_02c69b93451d,optional,ESCO
OCC_b01b8def641d,SKL_9486b1cb5a8f,optional,ESCO
OCC_b01b8def641d,SKL_1a9765b43218,optional,ESCO
OCC_b01b8def641d,SKL_3942868ffc76,optional,ESCO
OCC_b01b8def641d,SKL_b4bbfe5755b9,optional,ESCO
OCC_b01b8def641d,SKL_3de0d077508a,optional,ESCO
OCC_b01b8def641d,SKL_8eaf90e6b080,optional,ESCO
OCC_b01b8def641d,SKL_666b5797ca38,optional,ESCO
OCC_b01b8def641d,SKL_c6d25b351f1c,optional,ESCO
OCC_b01b8def641d,SKL_40d131c16648,optional,ESCO
OCC_b01b8def641d,SKL_c28e6064ca64,optional,ESCO
OCC_b01b8def641d,SKL_5f4ddd24afc2,optional,ESCO
OCC_b01b8def641d,SKL_05a83bc4458b,optional,ESCO
OCC_b01b8def641d,SKL_65a88136df69,optional,ESCO
OCC_47b1b32e81f9,SKL_6fce2b343b90,essential,ESCO
OCC_47b1b32e81f9,SKL_0de1bcfc9fd2,essential,ESCO
OCC_47b1b32e81f9,SKL_0e0ddaf5873f,essential,ESCO
OCC_47b1b32e81f9,SKL_a4917fa3f867,essential,ESCO
OCC_47b1b32e81f9,SKL_54188f599eea,essential,ESCO
OCC_47b1b32e81f9,SKL_5fd1a916f288,essential,ESCO
OCC_47b1b32e81f9,SKL_c0d9b25a3929,essential,ESCO
OCC_47b1b32e81f9,SKL_45b5255faa15,essential,ESCO
OCC_47b1b32e81f9,SKL_bbc55bdf9279,essential,ESCO
OCC_47b1b32e81f9,SKL_f335ed0ef250,essential,ESCO
OCC_47b1b32e81f9,SKL_df8fb6fe7b07,essential,ESCO
OCC_47b1b32e81f9,SKL_ec2491e3eb27,essential,ESCO
OCC_47b1b32e81f9,SKL_7e88ed7907b6,essential,ESCO
OCC_47b1b32e81f9,SKL_7fcbb1e10b41,essential,ESCO
OCC_47b1b32e81f9,SKL_45833ea0a545,essential,ESCO
OCC_47b1b32e81f9,SKL_b5cbafabb60c,essential,ESCO
OCC_47b1b32e81f9,SKL_851ecd42bd1c,essential,ESCO
OCC_47b1b32e81f9,SKL_16afd0438ee4,essential,ESCO
OCC_47b1b32e81f9,SKL_fa6716bd970c,essential,ESCO
OCC_47b1b32e81f9,SKL_7b530497dcc8,essential,ESCO
OCC_47b1b32e81f9,SKL_b4830b23bb8d,essential,ESCO
OCC_47b1b32e81f9,SKL_ae7e75a47fef,essential,ESCO
OCC_47b1b32e81f9,SKL_67a4d439c738,essential,ESCO
OCC_47b1b32e81f9,SKL_b66a815da958,essential,ESCO
OCC_47b1b32e81f9,SKL_84e2db4e5f1a,essential,ESCO
OCC_47b1b32e81f9,SKL_b612c882be81,essential,ESCO
OCC_47b1b32e81f9,SKL_c7c715f09c69,essential,ESCO
OCC_47b1b32e81f9,SKL_873cfe48c2ce,essential,ESCO
OCC_47b1b32e81f9,SKL_0639d47eb735,essential,ESCO
OCC_47b1b32e81f9,SKL_65a88136df69,essential,ESCO
OCC_47b1b32e81f9,SKL_79d7ba26c340,essential,ESCO
OCC_47b1b32e81f9,SKL_33a22f201b0d,essential,ESCO
OCC_47b1b32e81f9,SKL_a056c33cbcd4,essential,ESCO
OCC_47b1b32e81f9,SKL_8e2350e55802,essential,ESCO
OCC_47b1b32e81f9,SKL_f20abbe40df9,optional,ESCO
OCC_47b1b32e81f9,SKL_3e8275119d50,optional,ESCO
OCC_47b1b32e81f9,SKL_e22e3873e2aa,optional,ESCO
OCC_47b1b32e81f9,SKL_ad5527904d9f,optional,ESCO
OCC_47b1b32e81f9,SKL_9b5584008e66,optional,ESCO
OCC_47b1b32e81f9,SKL_962ed8d38c4e,optional,ESCO
OCC_47b1b32e81f9,SKL_9cdd580294bf,optional,ESCO
OCC_47b1b32e81f9,SKL_faa48d074cba,optional,ESCO
OCC_47b1b32e81f9,SKL_9fc5ffd462ae,optional,ESCO
OCC_47b1b32e81f9,SKL_fa6cd7a6ceb9,optional,ESCO
OCC_47b1b32e81f9,SKL_59c64ba70b70,optional,ESCO
OCC_47b1b32e81f9,SKL_a5bd02f3490e,optional,ESCO
OCC_47b1b32e81f9,SKL_ab0615922027,optional,ESCO
OCC_47b1b32e81f9,SKL_e83ea15281a7,optional,ESCO
OCC_47b1b32e81f9,SKL_1124817a720e,optional,ESCO
OCC_47b1b32e81f9,SKL_46088f1661b7,optional,ESCO
OCC_47b1b32e81f9,SKL_17a6cda90b85,optional,ESCO
OCC_47b1b32e81f9,SKL_a43bcca2465e,optional,ESCO
OCC_47b1b32e81f9,SKL_a913b683ebd9,optional,ESCO
OCC_47b1b32e81f9,SKL_f6f390848b58,optional,ESCO
OCC_47b1b32e81f9,SKL_c9160ddc7dcd,optional,ESCO
OCC_47b1b32e81f9,SKL_88eabaa2c80d,optional,ESCO
OCC_47b1b32e81f9,SKL_d537dfcccc25,optional,ESCO
OCC_47b1b32e81f9,SKL_ccd10a9e58b7,optional,ESCO
OCC_47b1b32e81f9,SKL_5f8c22d6f0f5,optional,ESCO
OCC_47b1b32e81f9,SKL_f8cdff52e6ee,optional,ESCO
OCC_47b1b32e81f9,SKL_4a174ce373ac,optional,ESCO
OCC_47b1b32e81f9,SKL_f858e811b523,optional,ESCO
OCC_47b1b32e81f9,SKL_6b4086c51411,optional,ESCO
OCC_47b1b32e81f9,SKL_74a5a5844b4c,optional,ESCO
OCC_47b1b32e81f9,SKL_fddfe276744e,optional,ESCO
OCC_47b1b32e81f9,SKL_5ee8a7543f31,optional,ESCO
OCC_47b1b32e81f9,SKL_5a85416c775f,optional,ESCO
OCC_47b1b32e81f9,SKL_86eb8b674662,optional,ESCO
OCC_47b1b32e81f9,SKL_de759b6256cc,optional,ESCO
OCC_47b1b32e81f9,SKL_b52f6b21f082,optional,ESCO
OCC_47b1b32e81f9,SKL_224770e9399c,optional,ESCO
OCC_47b1b32e81f9,SKL_81167559edfd,optional,ESCO
OCC_47b1b32e81f9,SKL_1cd624314ce9,optional,ESCO
OCC_47b1b32e81f9,SKL_4d76ad90efb3,optional,ESCO
OCC_47b1b32e81f9,SKL_2b386dc088dc,optional,ESCO
OCC_47b1b32e81f9,SKL_61058691b0ef,optional,ESCO
OCC_47b1b32e81f9,SKL_5846d47024c9,optional,ESCO
OCC_47b1b32e81f9,SKL_7019e9976329,optional,ESCO
OCC_47b1b32e81f9,SKL_df69f4055e0d,optional,ESCO
OCC_47b1b32e81f9,SKL_d67dfc4ee39e,optional,ESCO
OCC_47b1b32e81f9,SKL_fc36ef6f31c9,optional,ESCO
OCC_47b1b32e81f9,SKL_9f1382e6691b,optional,ESCO
OCC_47b1b32e81f9,SKL_5225b3223466,optional,ESCO
OCC_47b1b32e81f9,SKL_1a9765b43218,optional,ESCO
OCC_47b1b32e81f9,SKL_303ee19dce8f,optional,ESCO
OCC_47b1b32e81f9,SKL_b987f0547d15,optional,ESCO
OCC_47b1b32e81f9,SKL_be15098358f4,optional,ESCO
OCC_47b1b32e81f9,SKL_9b29beea7c1b,optional,ESCO
OCC_47b1b32e81f9,SKL_e2dbc508cb21,optional,ESCO
OCC_47b1b32e81f9,SKL_096204475b7f,optional,ESCO
OCC_47b1b32e81f9,SKL_c0af7cdae97f,optional,ESCO
OCC_47b1b32e81f9,SKL_dc718588b284,optional,ESCO
OCC_47b1b32e81f9,SKL_26bcb7a7c221,optional,ESCO
OCC_47b1b32e81f9,SKL_b89955b20777,optional,ESCO
OCC_47b1b32e81f9,SKL_d14f93296fe7,optional,ESCO
OCC_20596f0afee7,SKL_6fce2b343b90,essential,ESCO
OCC_20596f0afee7,SKL_dedf1948afc3,essential,ESCO
OCC_20596f0afee7,SKL_eababd164e1d,essential,ESCO
OCC_20596f0afee7,SKL_27cdecd220ea,essential,ESCO
OCC_20596f0afee7,SKL_a4917fa3f867,essential,ESCO
OCC_20596f0afee7,SKL_f335ed0ef250,essential,ESCO
OCC_20596f0afee7,SKL_e2b5df30b4ad,essential,ESCO
OCC_20596f0afee7,SKL_8c107549fe5b,essential,ESCO
OCC_20596f0afee7,SKL_c6ec40ea85b9,essential,ESCO
OCC_20596f0afee7,SKL_25e293017929,essential,ESCO
OCC_20596f0afee7,SKL_370980230f11,essential,ESCO
OCC_20596f0afee7,SKL_9486b1cb5a8f,essential,ESCO
OCC_20596f0afee7,SKL_d4f9396de51d,essential,ESCO
OCC_20596f0afee7,SKL_22320b92666f,essential,ESCO
OCC_20596f0afee7,SKL_67a4d439c738,essential,ESCO
OCC_20596f0afee7,SKL_87e726dfb63f,essential,ESCO
OCC_20596f0afee7,SKL_5ca14d6a9200,essential,ESCO
OCC_20596f0afee7,SKL_e5dfb4a3c635,essential,ESCO
OCC_20596f0afee7,SKL_b612c882be81,essential,ESCO
OCC_20596f0afee7,SKL_1f6b52c0fcf7,essential,ESCO
OCC_20596f0afee7,SKL_4d8fe5bd3afb,essential,ESCO
OCC_20596f0afee7,SKL_4adb0a2106db,essential,ESCO
OCC_20596f0afee7,SKL_9d13f5ec1fdf,essential,ESCO
OCC_20596f0afee7,SKL_8a9651b100b9,essential,ESCO
OCC_20596f0afee7,SKL_65a88136df69,essential,ESCO
OCC_20596f0afee7,SKL_2413edb46063,essential,ESCO
OCC_20596f0afee7,SKL_2bc91d00f4a3,essential,ESCO
OCC_20596f0afee7,SKL_1ce625596796,essential,ESCO
OCC_20596f0afee7,SKL_3e8275119d50,optional,ESCO
OCC_20596f0afee7,SKL_e22e3873e2aa,optional,ESCO
OCC_20596f0afee7,SKL_ad5527904d9f,optional,ESCO
OCC_20596f0afee7,SKL_9b5584008e66,optional,ESCO
OCC_20596f0afee7,SKL_962ed8d38c4e,optional,ESCO
OCC_20596f0afee7,SKL_9cdd580294bf,optional,ESCO
OCC_20596f0afee7,SKL_81d5b505c80d,optional,ESCO
OCC_20596f0afee7,SKL_b5bcb2fa8e6d,optional,ESCO
OCC_20596f0afee7,SKL_faa48d074cba,optional,ESCO
OCC_20596f0afee7,SKL_9fc5ffd462ae,optional,ESCO
OCC_20596f0afee7,SKL_07fed61b3215,optional,ESCO
OCC_20596f0afee7,SKL_59c64ba70b70,optional,ESCO
OCC_20596f0afee7,SKL_18b153db615d,optional,ESCO
OCC_20596f0afee7,SKL_a5bd02f3490e,optional,ESCO
OCC_20596f0afee7,SKL_e83ea15281a7,optional,ESCO
OCC_20596f0afee7,SKL_1124817a720e,optional,ESCO
OCC_20596f0afee7,SKL_d275975f2053,optional,ESCO
OCC_20596f0afee7,SKL_46088f1661b7,optional,ESCO
OCC_20596f0afee7,SKL_17a6cda90b85,optional,ESCO
OCC_20596f0afee7,SKL_a43bcca2465e,optional,ESCO
OCC_20596f0afee7,SKL_a913b683ebd9,optional,ESCO
OCC_20596f0afee7,SKL_f6f390848b58,optional,ESCO
OCC_20596f0afee7,SKL_c9160ddc7dcd,optional,ESCO
OCC_20596f0afee7,SKL_88eabaa2c80d,optional,ESCO
OCC_20596f0afee7,SKL_d537dfcccc25,optional,ESCO
OCC_20596f0afee7,SKL_ccd10a9e58b7,optional,ESCO
OCC_20596f0afee7,SKL_516c38d191ba,optional,ESCO
OCC_20596f0afee7,SKL_d0035b994078,optional,ESCO
OCC_20596f0afee7,SKL_ee642b56a8f9,optional,ESCO
OCC_20596f0afee7,SKL_b2fa268f665e,optional,ESCO
OCC_20596f0afee7,SKL_5fd1a916f288,optional,ESCO
OCC_20596f0afee7,SKL_627bb45cf813,optional,ESCO
OCC_20596f0afee7,SKL_a79209ee3045,optional,ESCO
OCC_20596f0afee7,SKL_1ec8e222a519,optional,ESCO
OCC_20596f0afee7,SKL_f858e811b523,optional,ESCO
OCC_20596f0afee7,SKL_d8c205c532f4,optional,ESCO
OCC_20596f0afee7,SKL_6b4086c51411,optional,ESCO
OCC_20596f0afee7,SKL_3b3c14a06a23,optional,ESCO
OCC_20596f0afee7,SKL_1a3570884e47,optional,ESCO
OCC_20596f0afee7,SKL_fddfe276744e,optional,ESCO
OCC_20596f0afee7,SKL_5ee8a7543f31,optional,ESCO
OCC_20596f0afee7,SKL_185b1ce4d13f,optional,ESCO
OCC_20596f0afee7,SKL_5a85416c775f,optional,ESCO
OCC_20596f0afee7,SKL_308342e28b73,optional,ESCO
OCC_20596f0afee7,SKL_232fd42823e2,optional,ESCO
OCC_20596f0afee7,SKL_86eb8b674662,optional,ESCO
OCC_20596f0afee7,SKL_de759b6256cc,optional,ESCO
OCC_20596f0afee7,SKL_b52f6b21f082,optional,ESCO
OCC_20596f0afee7,SKL_224770e9399c,optional,ESCO
OCC_20596f0afee7,SKL_81167559edfd,optional,ESCO
OCC_20596f0afee7,SKL_de055ba807c1,optional,ESCO
OCC_20596f0afee7,SKL_1cd624314ce9,optional,ESCO
OCC_20596f0afee7,SKL_2b386dc088dc,optional,ESCO
OCC_20596f0afee7,SKL_61058691b0ef,optional,ESCO
OCC_20596f0afee7,SKL_5846d47024c9,optional,ESCO
OCC_20596f0afee7,SKL_31eb2c110ee8,optional,ESCO
OCC_20596f0afee7,SKL_7019e9976329,optional,ESCO
OCC_20596f0afee7,SKL_df69f4055e0d,optional,ESCO
OCC_20596f0afee7,SKL_ea47db501b9f,optional,ESCO
OCC_20596f0afee7,SKL_0b6d0771361b,optional,ESCO
OCC_20596f0afee7,SKL_ad07bc17b05e,optional,ESCO
OCC_20596f0afee7,SKL_fc36ef6f31c9,optional,ESCO
OCC_20596f0afee7,SKL_e0406f8bed59,optional,ESCO
OCC_20596f0afee7,SKL_b1aa4a266780,optional,ESCO
OCC_20596f0afee7,SKL_f24b2d743df5,optional,ESCO
OCC_20596f0afee7,SKL_e31c30f07321,optional,ESCO
OCC_20596f0afee7,SKL_e2dbc508cb21,optional,ESCO
OCC_20596f0afee7,SKL_789d2af203ff,optional,ESCO
OCC_20596f0afee7,SKL_26bcb7a7c221,optional,ESCO
OCC_aa3336017d8a,SKL_7424fb651369,essential,ESCO
OCC_aa3336017d8a,SKL_a33504a35440,essential,ESCO
OCC_aa3336017d8a,SKL_beee3bf73849,essential,ESCO
OCC_aa3336017d8a,SKL_2e445df6f74b,essential,ESCO
OCC_aa3336017d8a,SKL_ec48889c1990,essential,ESCO
OCC_aa3336017d8a,SKL_9c97e63afd1a,essential,ESCO
OCC_aa3336017d8a,SKL_81953b3440a3,essential,ESCO
OCC_aa3336017d8a,SKL_ad8a6209aa68,essential,ESCO
OCC_aa3336017d8a,SKL_e4b4be89e1ff,essential,ESCO
OCC_aa3336017d8a,SKL_6f4b7911d26d,essential,ESCO
OCC_aa3336017d8a,SKL_caa92afcdf36,essential,ESCO
OCC_aa3336017d8a,SKL_f8b458719aec,essential,ESCO
OCC_aa3336017d8a,SKL_9486b1cb5a8f,essential,ESCO
OCC_aa3336017d8a,SKL_36887aac680b,essential,ESCO
OCC_aa3336017d8a,SKL_701fcbf5fa2c,essential,ESCO
OCC_aa3336017d8a,SKL_a06ae49b7664,essential,ESCO
OCC_aa3336017d8a,SKL_ad7a7100bf74,essential,ESCO
OCC_aa3336017d8a,SKL_303ee19dce8f,essential,ESCO
OCC_aa3336017d8a,SKL_c7910d3185cd,essential,ESCO
OCC_aa3336017d8a,SKL_bb505f670fed,essential,ESCO
OCC_aa3336017d8a,SKL_e2f90c02665d,essential,ESCO
OCC_aa3336017d8a,SKL_b62225bfd370,essential,ESCO
OCC_aa3336017d8a,SKL_04d28b46c58b,essential,ESCO
OCC_aa3336017d8a,SKL_936597d8bb26,essential,ESCO
OCC_aa3336017d8a,SKL_7b5a3024eeeb,essential,ESCO
OCC_aa3336017d8a,SKL_250cd2b20d54,essential,ESCO
OCC_aa3336017d8a,SKL_c98638f8926e,essential,ESCO
OCC_aa3336017d8a,SKL_ea10cec2af3a,essential,ESCO
OCC_aa3336017d8a,SKL_8948f132b19b,essential,ESCO
OCC_aa3336017d8a,SKL_8311e0f8dbf3,essential,ESCO
OCC_aa3336017d8a,SKL_1e5cd3064178,essential,ESCO
OCC_aa3336017d8a,SKL_0e0e749d3446,essential,ESCO
OCC_aa3336017d8a,SKL_e09879137502,optional,ESCO
OCC_aa3336017d8a,SKL_96a1e6b4ee57,optional,ESCO
OCC_aa3336017d8a,SKL_c6689c05585a,optional,ESCO
OCC_aa3336017d8a,SKL_db90b8d9d02a,optional,ESCO
OCC_aa3336017d8a,SKL_1124817a720e,optional,ESCO
OCC_aa3336017d8a,SKL_a43bcca2465e,optional,ESCO
OCC_aa3336017d8a,SKL_b2efdf0b940a,optional,ESCO
OCC_aa3336017d8a,SKL_4aab07be640c,optional,ESCO
OCC_aa3336017d8a,SKL_cebd7936a54b,optional,ESCO
OCC_aa3336017d8a,SKL_89a64e81ab72,optional,ESCO
OCC_aa3336017d8a,SKL_86eb8b674662,optional,ESCO
OCC_aa3336017d8a,SKL_5d017b2d9604,optional,ESCO
OCC_aa3336017d8a,SKL_df1270c29978,optional,ESCO
OCC_aa3336017d8a,SKL_0dd7f35929a5,optional,ESCO
OCC_aa3336017d8a,SKL_d4b77317c825,optional,ESCO
OCC_aa3336017d8a,SKL_03b15408b13e,optional,ESCO
OCC_aa3336017d8a,SKL_995f3927da00,optional,ESCO
OCC_aa3336017d8a,SKL_57820393d1d6,optional,ESCO
OCC_aa3336017d8a,SKL_3daf970c81e6,optional,ESCO
OCC_aa3336017d8a,SKL_8b358f26ac2f,optional,ESCO
OCC_aa3336017d8a,SKL_0639d47eb735,optional,ESCO
OCC_aa3336017d8a,SKL_1d1a8295eeda,optional,ESCO
OCC_a1ea51659e23,SKL_59c64ba70b70,essential,ESCO
OCC_a1ea51659e23,SKL_eababd164e1d,essential,ESCO
OCC_a1ea51659e23,SKL_def6ad401f98,essential,ESCO
OCC_a1ea51659e23,SKL_83dfa0298e85,essential,ESCO
OCC_a1ea51659e23,SKL_2621a1e8af59,essential,ESCO
OCC_a1ea51659e23,SKL_5d725c59527d,essential,ESCO
OCC_a1ea51659e23,SKL_ec2491e3eb27,essential,ESCO
OCC_a1ea51659e23,SKL_1c64576763e5,essential,ESCO
OCC_a1ea51659e23,SKL_370980230f11,essential,ESCO
OCC_a1ea51659e23,SKL_2e64fb93c3f2,essential,ESCO
OCC_a1ea51659e23,SKL_d4b8526448d7,essential,ESCO
OCC_a1ea51659e23,SKL_c2ce930d35e3,essential,ESCO
OCC_a1ea51659e23,SKL_4da81ba8fc0e,essential,ESCO
OCC_a1ea51659e23,SKL_f9a3c3ad2595,essential,ESCO
OCC_a1ea51659e23,SKL_9530b497844a,essential,ESCO
OCC_a1ea51659e23,SKL_04d28b46c58b,essential,ESCO
OCC_a1ea51659e23,SKL_014598d4e683,essential,ESCO
OCC_a1ea51659e23,SKL_e439fbbfbc7a,essential,ESCO
OCC_a1ea51659e23,SKL_b612c882be81,essential,ESCO
OCC_a1ea51659e23,SKL_2413edb46063,essential,ESCO
OCC_a1ea51659e23,SKL_3e8275119d50,optional,ESCO
OCC_a1ea51659e23,SKL_aaa07ffaa309,optional,ESCO
OCC_a1ea51659e23,SKL_ad5527904d9f,optional,ESCO
OCC_a1ea51659e23,SKL_9b5584008e66,optional,ESCO
OCC_a1ea51659e23,SKL_962ed8d38c4e,optional,ESCO
OCC_a1ea51659e23,SKL_99c6f04ac23c,optional,ESCO
OCC_a1ea51659e23,SKL_9cdd580294bf,optional,ESCO
OCC_a1ea51659e23,SKL_faa48d074cba,optional,ESCO
OCC_a1ea51659e23,SKL_362baba5cb5a,optional,ESCO
OCC_a1ea51659e23,SKL_9fc5ffd462ae,optional,ESCO
OCC_a1ea51659e23,SKL_a5bd02f3490e,optional,ESCO
OCC_a1ea51659e23,SKL_e83ea15281a7,optional,ESCO
OCC_a1ea51659e23,SKL_7fafd50b81a5,optional,ESCO
OCC_a1ea51659e23,SKL_1124817a720e,optional,ESCO
OCC_a1ea51659e23,SKL_46088f1661b7,optional,ESCO
OCC_a1ea51659e23,SKL_a43bcca2465e,optional,ESCO
OCC_a1ea51659e23,SKL_4f8027620713,optional,ESCO
OCC_a1ea51659e23,SKL_b65348538f34,optional,ESCO
OCC_a1ea51659e23,SKL_a913b683ebd9,optional,ESCO
OCC_a1ea51659e23,SKL_f6f390848b58,optional,ESCO
OCC_a1ea51659e23,SKL_a4917fa3f867,optional,ESCO
OCC_a1ea51659e23,SKL_c9160ddc7dcd,optional,ESCO
OCC_a1ea51659e23,SKL_88eabaa2c80d,optional,ESCO
OCC_a1ea51659e23,SKL_d537dfcccc25,optional,ESCO
OCC_a1ea51659e23,SKL_ccd10a9e58b7,optional,ESCO
OCC_a1ea51659e23,SKL_516c38d191ba,optional,ESCO
OCC_a1ea51659e23,SKL_8c66ec45bce8,optional,ESCO
OCC_a1ea51659e23,SKL_1f0193f209e9,optional,ESCO
OCC_a1ea51659e23,SKL_327b78a43765,optional,ESCO
OCC_a1ea51659e23,SKL_c4334e388dc0,optional,ESCO
OCC_a1ea51659e23,SKL_c0d9b25a3929,optional,ESCO
OCC_a1ea51659e23,SKL_175902ab3712,optional,ESCO
OCC_a1ea51659e23,SKL_f8cdff52e6ee,optional,ESCO
OCC_a1ea51659e23,SKL_f858e811b523,optional,ESCO
OCC_a1ea51659e23,SKL_d8c205c532f4,optional,ESCO
OCC_a1ea51659e23,SKL_6b4086c51411,optional,ESCO
OCC_a1ea51659e23,SKL_b2efdf0b940a,optional,ESCO
OCC_a1ea51659e23,SKL_2910ef285ce6,optional,ESCO
OCC_a1ea51659e23,SKL_5ee8a7543f31,optional,ESCO
OCC_a1ea51659e23,SKL_5a85416c775f,optional,ESCO
OCC_a1ea51659e23,SKL_86eb8b674662,optional,ESCO
OCC_a1ea51659e23,SKL_de759b6256cc,optional,ESCO
OCC_a1ea51659e23,SKL_b52f6b21f082,optional,ESCO
OCC_a1ea51659e23,SKL_224770e9399c,optional,ESCO
OCC_a1ea51659e23,SKL_81167559edfd,optional,ESCO
OCC_a1ea51659e23,SKL_4687c1d5b8d4,optional,ESCO
OCC_a1ea51659e23,SKL_1cd624314ce9,optional,ESCO
OCC_a1ea51659e23,SKL_2826cd7b523c,optional,ESCO
OCC_a1ea51659e23,SKL_2b386dc088dc,optional,ESCO
OCC_a1ea51659e23,SKL_61058691b0ef,optional,ESCO
OCC_a1ea51659e23,SKL_5846d47024c9,optional,ESCO
OCC_a1ea51659e23,SKL_7019e9976329,optional,ESCO
OCC_a1ea51659e23,SKL_d67dfc4ee39e,optional,ESCO
OCC_a1ea51659e23,SKL_47f2166fb857,optional,ESCO
OCC_a1ea51659e23,SKL_0b6d0771361b,optional,ESCO
OCC_a1ea51659e23,SKL_fc36ef6f31c9,optional,ESCO
OCC_a1ea51659e23,SKL_c763014c7d96,optional,ESCO
OCC_a1ea51659e23,SKL_56358ec7d691,optional,ESCO
OCC_a1ea51659e23,SKL_138d3c16c190,optional,ESCO
OCC_a1ea51659e23,SKL_1e60c0a605d3,optional,ESCO
OCC_a1ea51659e23,SKL_3887cab28790,optional,ESCO
OCC_a1ea51659e23,SKL_dddd918d8d0c,optional,ESCO
OCC_a1ea51659e23,SKL_5a7d26256464,optional,ESCO
OCC_a1ea51659e23,SKL_ea96d8f39e81,optional,ESCO
OCC_a1ea51659e23,SKL_f24b2d743df5,optional,ESCO
OCC_a1ea51659e23,SKL_91a3e0a560f7,optional,ESCO
OCC_a1ea51659e23,SKL_891fd5e04d20,optional,ESCO
OCC_a1ea51659e23,SKL_5ca14d6a9200,optional,ESCO
OCC_a1ea51659e23,SKL_096204475b7f,optional,ESCO
OCC_a1ea51659e23,SKL_3b1c6e0aad62,optional,ESCO
OCC_a1ea51659e23,SKL_789d2af203ff,optional,ESCO
OCC_a1ea51659e23,SKL_e92f735f2558,optional,ESCO
OCC_a1ea51659e23,SKL_65a88136df69,optional,ESCO
OCC_a1ea51659e23,SKL_2fe1ad7a3d79,optional,ESCO
OCC_a1ea51659e23,SKL_a056c33cbcd4,optional,ESCO
OCC_a1ea51659e23,SKL_be093e79069c,optional,ESCO
OCC_a1ea51659e23,SKL_67de2545bb79,optional,ESCO
OCC_0464755fe4e8,SKL_6d0bdba7a8b1,essential,ESCO
OCC_0464755fe4e8,SKL_d546743b9da1,essential,ESCO
OCC_0464755fe4e8,SKL_c0d9b25a3929,essential,ESCO
OCC_0464755fe4e8,SKL_4a174ce373ac,essential,ESCO
OCC_0464755fe4e8,SKL_bbc55bdf9279,essential,ESCO
OCC_0464755fe4e8,SKL_5bed2e74daf6,essential,ESCO
OCC_0464755fe4e8,SKL_9f1382e6691b,essential,ESCO
OCC_0464755fe4e8,SKL_16afd0438ee4,essential,ESCO
OCC_0464755fe4e8,SKL_42b850072160,essential,ESCO
OCC_0464755fe4e8,SKL_303ee19dce8f,essential,ESCO
OCC_0464755fe4e8,SKL_22320b92666f,essential,ESCO
OCC_0464755fe4e8,SKL_b973384e0f00,essential,ESCO
OCC_0464755fe4e8,SKL_ae7e75a47fef,essential,ESCO
OCC_0464755fe4e8,SKL_b987f0547d15,essential,ESCO
OCC_0464755fe4e8,SKL_e5dfb4a3c635,essential,ESCO
OCC_0464755fe4e8,SKL_5dcc8e458213,essential,ESCO
OCC_0464755fe4e8,SKL_2bc91d00f4a3,essential,ESCO
OCC_0464755fe4e8,SKL_f928f432f512,essential,ESCO
OCC_0464755fe4e8,SKL_00bf18ce904e,essential,ESCO
OCC_0464755fe4e8,SKL_8e2350e55802,essential,ESCO
OCC_0464755fe4e8,SKL_f20abbe40df9,optional,ESCO
OCC_0464755fe4e8,SKL_ab670ca70003,optional,ESCO
OCC_0464755fe4e8,SKL_fa6cd7a6ceb9,optional,ESCO
OCC_0464755fe4e8,SKL_ab0615922027,optional,ESCO
OCC_0464755fe4e8,SKL_d8c205c532f4,optional,ESCO
OCC_0464755fe4e8,SKL_2556f77c4d95,optional,ESCO
OCC_0464755fe4e8,SKL_0ae8aa439cc1,optional,ESCO
OCC_0464755fe4e8,SKL_aea3e91c5092,optional,ESCO
OCC_0464755fe4e8,SKL_ad07bc17b05e,optional,ESCO
OCC_0464755fe4e8,SKL_15d6003a68bc,optional,ESCO
OCC_0464755fe4e8,SKL_54a4b95de040,optional,ESCO
OCC_0464755fe4e8,SKL_c3f4e7eee5b0,optional,ESCO
OCC_0464755fe4e8,SKL_e4518a5681c9,optional,ESCO
OCC_0464755fe4e8,SKL_a474d184a0a0,optional,ESCO
OCC_0464755fe4e8,SKL_f6160802c9d7,optional,ESCO
OCC_0464755fe4e8,SKL_5f4ddd24afc2,optional,ESCO
OCC_0464755fe4e8,SKL_1e8fe35aac35,optional,ESCO
OCC_0464755fe4e8,SKL_8a815787aa2a,optional,ESCO
OCC_0464755fe4e8,SKL_1911edef9778,optional,ESCO
OCC_0464755fe4e8,SKL_b1d3c0bd074a,optional,ESCO
OCC_0464755fe4e8,SKL_f1c997d8743f,optional,ESCO
OCC_0464755fe4e8,SKL_b89955b20777,optional,ESCO
OCC_708b91f0f734,SKL_45d570f6033e,essential,ESCO
OCC_708b91f0f734,SKL_aea3e91c5092,essential,ESCO
OCC_708b91f0f734,SKL_0b061adb652d,essential,ESCO
OCC_708b91f0f734,SKL_373c6aa909f7,essential,ESCO
OCC_708b91f0f734,SKL_f3626780c907,essential,ESCO
OCC_708b91f0f734,SKL_8137328e7791,essential,ESCO
OCC_708b91f0f734,SKL_3f11287772f2,essential,ESCO
OCC_708b91f0f734,SKL_f66d4af78875,essential,ESCO
OCC_708b91f0f734,SKL_621054dadc59,essential,ESCO
OCC_708b91f0f734,SKL_31172f1d0747,essential,ESCO
OCC_708b91f0f734,SKL_de442b1bdbd6,essential,ESCO
OCC_708b91f0f734,SKL_e8bdfaeac68e,essential,ESCO
OCC_708b91f0f734,SKL_66c6102cf4f7,essential,ESCO
OCC_708b91f0f734,SKL_ac7e62b30b73,essential,ESCO
OCC_708b91f0f734,SKL_0247ba633d54,essential,ESCO
OCC_708b91f0f734,SKL_b612c882be81,essential,ESCO
OCC_708b91f0f734,SKL_628f1410a7a6,essential,ESCO
OCC_708b91f0f734,SKL_e0cd3dc50b3c,essential,ESCO
OCC_708b91f0f734,SKL_f67b6e3d70d2,essential,ESCO
OCC_708b91f0f734,SKL_2ed93fb179ee,essential,ESCO
OCC_708b91f0f734,SKL_ed12c1daf339,optional,ESCO
OCC_708b91f0f734,SKL_5947e7bab77c,optional,ESCO
OCC_708b91f0f734,SKL_d0bf41708bae,optional,ESCO
OCC_708b91f0f734,SKL_8c107549fe5b,optional,ESCO
OCC_708b91f0f734,SKL_3d8a8521327a,optional,ESCO
OCC_708b91f0f734,SKL_91e44b7899ca,optional,ESCO
OCC_708b91f0f734,SKL_25518c6e74b0,optional,ESCO
OCC_708b91f0f734,SKL_e583fae3fd31,optional,ESCO
OCC_708b91f0f734,SKL_1a4ed06c76f8,optional,ESCO
OCC_708b91f0f734,SKL_96ee9eaa399f,optional,ESCO
OCC_708b91f0f734,SKL_e2dbc508cb21,optional,ESCO
OCC_708b91f0f734,SKL_096204475b7f,optional,ESCO
OCC_11d84dbfc1bc,SKL_1a3570884e47,essential,ESCO
OCC_11d84dbfc1bc,SKL_185b1ce4d13f,essential,ESCO
OCC_11d84dbfc1bc,SKL_65da6e3d5632,essential,ESCO
OCC_11d84dbfc1bc,SKL_f18769bf13e8,essential,ESCO
OCC_11d84dbfc1bc,SKL_b56d62566d72,essential,ESCO
OCC_11d84dbfc1bc,SKL_8225f6572e45,essential,ESCO
OCC_11d84dbfc1bc,SKL_a0a82942ef54,essential,ESCO
OCC_11d84dbfc1bc,SKL_370980230f11,essential,ESCO
OCC_11d84dbfc1bc,SKL_9486b1cb5a8f,essential,ESCO
OCC_11d84dbfc1bc,SKL_8845df37d0d0,essential,ESCO
OCC_11d84dbfc1bc,SKL_b56c95aeb880,essential,ESCO
OCC_11d84dbfc1bc,SKL_f9a3c3ad2595,essential,ESCO
OCC_11d84dbfc1bc,SKL_04d28b46c58b,essential,ESCO
OCC_11d84dbfc1bc,SKL_c6d25b351f1c,essential,ESCO
OCC_11d84dbfc1bc,SKL_42da43a49734,essential,ESCO
OCC_11d84dbfc1bc,SKL_d453c9ea1d9c,essential,ESCO
OCC_11d84dbfc1bc,SKL_b1c2a4bc445a,essential,ESCO
OCC_11d84dbfc1bc,SKL_33a22f201b0d,essential,ESCO
OCC_11d84dbfc1bc,SKL_d59826d05417,essential,ESCO
OCC_11d84dbfc1bc,SKL_1ce625596796,essential,ESCO
OCC_11d84dbfc1bc,SKL_3e8275119d50,optional,ESCO
OCC_11d84dbfc1bc,SKL_e22e3873e2aa,optional,ESCO
OCC_11d84dbfc1bc,SKL_ad5527904d9f,optional,ESCO
OCC_11d84dbfc1bc,SKL_9b5584008e66,optional,ESCO
OCC_11d84dbfc1bc,SKL_962ed8d38c4e,optional,ESCO
OCC_11d84dbfc1bc,SKL_9cdd580294bf,optional,ESCO
OCC_11d84dbfc1bc,SKL_59347ba99f49,optional,ESCO
OCC_11d84dbfc1bc,SKL_faa48d074cba,optional,ESCO
OCC_11d84dbfc1bc,SKL_ac28289e01c7,optional,ESCO
OCC_11d84dbfc1bc,SKL_9fc5ffd462ae,optional,ESCO
OCC_11d84dbfc1bc,SKL_07fed61b3215,optional,ESCO
OCC_11d84dbfc1bc,SKL_59c64ba70b70,optional,ESCO
OCC_11d84dbfc1bc,SKL_dcb2d53be420,optional,ESCO
OCC_11d84dbfc1bc,SKL_a5bd02f3490e,optional,ESCO
OCC_11d84dbfc1bc,SKL_e83ea15281a7,optional,ESCO
OCC_11d84dbfc1bc,SKL_c20544c221a8,optional,ESCO
OCC_11d84dbfc1bc,SKL_1124817a720e,optional,ESCO
OCC_11d84dbfc1bc,SKL_c993c6aecf8e,optional,ESCO
OCC_11d84dbfc1bc,SKL_2bf7432b2d4b,optional,ESCO
OCC_11d84dbfc1bc,SKL_d275975f2053,optional,ESCO
OCC_11d84dbfc1bc,SKL_46088f1661b7,optional,ESCO
OCC_11d84dbfc1bc,SKL_7e853ce0760f,optional,ESCO
OCC_11d84dbfc1bc,SKL_17a6cda90b85,optional,ESCO
OCC_11d84dbfc1bc,SKL_a43bcca2465e,optional,ESCO
OCC_11d84dbfc1bc,SKL_f46a3a3c6551,optional,ESCO
OCC_11d84dbfc1bc,SKL_a913b683ebd9,optional,ESCO
OCC_11d84dbfc1bc,SKL_a85869292402,optional,ESCO
OCC_11d84dbfc1bc,SKL_a2eb07d964f7,optional,ESCO
OCC_11d84dbfc1bc,SKL_f6f390848b58,optional,ESCO
OCC_11d84dbfc1bc,SKL_93be9082045c,optional,ESCO
OCC_11d84dbfc1bc,SKL_005ef90287cd,optional,ESCO
OCC_11d84dbfc1bc,SKL_c9160ddc7dcd,optional,ESCO
OCC_11d84dbfc1bc,SKL_88eabaa2c80d,optional,ESCO
OCC_11d84dbfc1bc,SKL_d537dfcccc25,optional,ESCO
OCC_11d84dbfc1bc,SKL_ccd10a9e58b7,optional,ESCO
OCC_11d84dbfc1bc,SKL_2c4e150b3816,optional,ESCO
OCC_11d84dbfc1bc,SKL_d0035b994078,optional,ESCO
OCC_11d84dbfc1bc,SKL_9c5bfe58b903,optional,ESCO
OCC_11d84dbfc1bc,SKL_80f14516b25e,optional,ESCO
OCC_11d84dbfc1bc,SKL_0faa638ce520,optional,ESCO
OCC_11d84dbfc1bc,SKL_f858e811b523,optional,ESCO
OCC_11d84dbfc1bc,SKL_1058cd52f3ac,optional,ESCO
OCC_11d84dbfc1bc,SKL_6b4086c51411,optional,ESCO
OCC_11d84dbfc1bc,SKL_04a2d8996b23,optional,ESCO
OCC_11d84dbfc1bc,SKL_b7a8a0c55d12,optional,ESCO
OCC_11d84dbfc1bc,SKL_e2444ee1c7e2,optional,ESCO
OCC_11d84dbfc1bc,SKL_fddfe276744e,optional,ESCO
OCC_11d84dbfc1bc,SKL_5ee8a7543f31,optional,ESCO
OCC_11d84dbfc1bc,SKL_05d942fe2ec4,optional,ESCO
OCC_11d84dbfc1bc,SKL_5a85416c775f,optional,ESCO
OCC_11d84dbfc1bc,SKL_308342e28b73,optional,ESCO
OCC_11d84dbfc1bc,SKL_d3d208a9be71,optional,ESCO
OCC_11d84dbfc1bc,SKL_86eb8b674662,optional,ESCO
OCC_11d84dbfc1bc,SKL_de759b6256cc,optional,ESCO
OCC_11d84dbfc1bc,SKL_6979c42dcb59,optional,ESCO
OCC_11d84dbfc1bc,SKL_b52f6b21f082,optional,ESCO
OCC_11d84dbfc1bc,SKL_224770e9399c,optional,ESCO
OCC_11d84dbfc1bc,SKL_26e38c8d0849,optional,ESCO
OCC_11d84dbfc1bc,SKL_81167559edfd,optional,ESCO
OCC_11d84dbfc1bc,SKL_7b4f8244da7c,optional,ESCO
OCC_11d84dbfc1bc,SKL_de055ba807c1,optional,ESCO
OCC_11d84dbfc1bc,SKL_1cd624314ce9,optional,ESCO
OCC_11d84dbfc1bc,SKL_8c107549fe5b,optional,ESCO
OCC_11d84dbfc1bc,SKL_2b386dc088dc,optional,ESCO
OCC_11d84dbfc1bc,SKL_a7c157e96f4c,optional,ESCO
OCC_11d84dbfc1bc,SKL_61058691b0ef,optional,ESCO
OCC_11d84dbfc1bc,SKL_26d8f2754836,optional,ESCO
OCC_11d84dbfc1bc,SKL_5846d47024c9,optional,ESCO
OCC_11d84dbfc1bc,SKL_31eb2c110ee8,optional,ESCO
OCC_11d84dbfc1bc,SKL_de2ce348c043,optional,ESCO
OCC_11d84dbfc1bc,SKL_fe01fa21ff02,optional,ESCO
OCC_11d84dbfc1bc,SKL_7019e9976329,optional,ESCO
OCC_11d84dbfc1bc,SKL_df69f4055e0d,optional,ESCO
OCC_11d84dbfc1bc,SKL_ea47db501b9f,optional,ESCO
OCC_11d84dbfc1bc,SKL_a56b1ef6f421,optional,ESCO
OCC_11d84dbfc1bc,SKL_5adb63770fc7,optional,ESCO
OCC_11d84dbfc1bc,SKL_fc36ef6f31c9,optional,ESCO
OCC_11d84dbfc1bc,SKL_3f11287772f2,optional,ESCO
OCC_11d84dbfc1bc,SKL_0dd7f35929a5,optional,ESCO
OCC_11d84dbfc1bc,SKL_4da81ba8fc0e,optional,ESCO
OCC_11d84dbfc1bc,SKL_b1aa4a266780,optional,ESCO
OCC_11d84dbfc1bc,SKL_9a283c5620fd,optional,ESCO
OCC_11d84dbfc1bc,SKL_e236a38c4a85,optional,ESCO
OCC_11d84dbfc1bc,SKL_e0b7c20ad2a2,optional,ESCO
OCC_11d84dbfc1bc,SKL_f24b2d743df5,optional,ESCO
OCC_11d84dbfc1bc,SKL_b987f0547d15,optional,ESCO
OCC_11d84dbfc1bc,SKL_be15098358f4,optional,ESCO
OCC_11d84dbfc1bc,SKL_b66a815da958,optional,ESCO
OCC_11d84dbfc1bc,SKL_9c9170a8136c,optional,ESCO
OCC_11d84dbfc1bc,SKL_873cfe48c2ce,optional,ESCO
OCC_11d84dbfc1bc,SKL_dc718588b284,optional,ESCO
OCC_11d84dbfc1bc,SKL_2b9b57d62800,optional,ESCO
OCC_11d84dbfc1bc,SKL_a056c33cbcd4,optional,ESCO
OCC_11d84dbfc1bc,SKL_487dc7976c4c,optional,ESCO
OCC_11d84dbfc1bc,SKL_8c4e3cdac838,optional,ESCO
OCC_11d84dbfc1bc,SKL_8e2350e55802,optional,ESCO
OCC_30549a5affd9,SKL_5e1feca357b2,essential,ESCO
OCC_30549a5affd9,SKL_6c4e41d4b56f,essential,ESCO
OCC_30549a5affd9,SKL_83dfa0298e85,essential,ESCO
OCC_30549a5affd9,SKL_9c97e63afd1a,essential,ESCO
OCC_30549a5affd9,SKL_9486b1cb5a8f,essential,ESCO
OCC_30549a5affd9,SKL_f777a42c8a7a,essential,ESCO
OCC_30549a5affd9,SKL_d4b8526448d7,essential,ESCO
OCC_30549a5affd9,SKL_7ac1f1abe404,essential,ESCO
OCC_30549a5affd9,SKL_e0406f8bed59,essential,ESCO
OCC_30549a5affd9,SKL_eed64f813250,essential,ESCO
OCC_30549a5affd9,SKL_2320901baa0c,essential,ESCO
OCC_30549a5affd9,SKL_2a5b118ca0e3,essential,ESCO
OCC_30549a5affd9,SKL_165eec91c5d4,essential,ESCO
OCC_30549a5affd9,SKL_67a4d439c738,essential,ESCO
OCC_30549a5affd9,SKL_5ca14d6a9200,essential,ESCO
OCC_30549a5affd9,SKL_4dd74973e17f,essential,ESCO
OCC_30549a5affd9,SKL_b612c882be81,essential,ESCO
OCC_30549a5affd9,SKL_8a9651b100b9,essential,ESCO
OCC_30549a5affd9,SKL_487dc7976c4c,essential,ESCO
OCC_30549a5affd9,SKL_0460149cc0ff,essential,ESCO
OCC_30549a5affd9,SKL_2413edb46063,essential,ESCO
OCC_30549a5affd9,SKL_6fce2b343b90,optional,ESCO
OCC_30549a5affd9,SKL_6df9c3907c46,optional,ESCO
OCC_30549a5affd9,SKL_4615fd065bda,optional,ESCO
OCC_30549a5affd9,SKL_cccca3da833a,optional,ESCO
OCC_30549a5affd9,SKL_4f2bd02de76a,optional,ESCO
OCC_30549a5affd9,SKL_6f26fd81e617,optional,ESCO
OCC_30549a5affd9,SKL_e681e8b852a4,optional,ESCO
OCC_30549a5affd9,SKL_53fbbdc90e13,optional,ESCO
OCC_30549a5affd9,SKL_02c69b93451d,optional,ESCO
OCC_30549a5affd9,SKL_dc34bf5c3028,optional,ESCO
OCC_30549a5affd9,SKL_ad07bc17b05e,optional,ESCO
OCC_30549a5affd9,SKL_06efd7af6dfc,optional,ESCO
OCC_30549a5affd9,SKL_91e44b7899ca,optional,ESCO
OCC_30549a5affd9,SKL_bd3dc9b1b19e,optional,ESCO
OCC_30549a5affd9,SKL_31172f1d0747,optional,ESCO
OCC_30549a5affd9,SKL_4d8fe5bd3afb,optional,ESCO
OCC_30549a5affd9,SKL_e6ca3be59c9b,optional,ESCO
OCC_28d6f1c634d8,SKL_1d9be898b4cf,essential,ESCO
OCC_28d6f1c634d8,SKL_59c64ba70b70,essential,ESCO
OCC_28d6f1c634d8,SKL_053746c2bf35,essential,ESCO
OCC_28d6f1c634d8,SKL_def6ad401f98,essential,ESCO
OCC_28d6f1c634d8,SKL_2621a1e8af59,essential,ESCO
OCC_28d6f1c634d8,SKL_36cc2d6edd1a,essential,ESCO
OCC_28d6f1c634d8,SKL_5d725c59527d,essential,ESCO
OCC_28d6f1c634d8,SKL_d67dfc4ee39e,essential,ESCO
OCC_28d6f1c634d8,SKL_370980230f11,essential,ESCO
OCC_28d6f1c634d8,SKL_138d3c16c190,essential,ESCO
OCC_28d6f1c634d8,SKL_c2ce930d35e3,essential,ESCO
OCC_28d6f1c634d8,SKL_4da81ba8fc0e,essential,ESCO
OCC_28d6f1c634d8,SKL_3de0d077508a,essential,ESCO
OCC_28d6f1c634d8,SKL_9530b497844a,essential,ESCO
OCC_28d6f1c634d8,SKL_04d28b46c58b,essential,ESCO
OCC_28d6f1c634d8,SKL_014598d4e683,essential,ESCO
OCC_28d6f1c634d8,SKL_e439fbbfbc7a,essential,ESCO
OCC_28d6f1c634d8,SKL_b84a9945d501,essential,ESCO
OCC_28d6f1c634d8,SKL_2413edb46063,essential,ESCO
OCC_28d6f1c634d8,SKL_3e8275119d50,optional,ESCO
OCC_28d6f1c634d8,SKL_aaa07ffaa309,optional,ESCO
OCC_28d6f1c634d8,SKL_e22e3873e2aa,optional,ESCO
OCC_28d6f1c634d8,SKL_ad5527904d9f,optional,ESCO
OCC_28d6f1c634d8,SKL_9b5584008e66,optional,ESCO
OCC_28d6f1c634d8,SKL_962ed8d38c4e,optional,ESCO
OCC_28d6f1c634d8,SKL_99c6f04ac23c,optional,ESCO
OCC_28d6f1c634d8,SKL_9cdd580294bf,optional,ESCO
OCC_28d6f1c634d8,SKL_faa48d074cba,optional,ESCO
OCC_28d6f1c634d8,SKL_86420149ed27,optional,ESCO
OCC_28d6f1c634d8,SKL_9fc5ffd462ae,optional,ESCO
OCC_28d6f1c634d8,SKL_a5bd02f3490e,optional,ESCO
OCC_28d6f1c634d8,SKL_e83ea15281a7,optional,ESCO
OCC_28d6f1c634d8,SKL_1124817a720e,optional,ESCO
OCC_28d6f1c634d8,SKL_46088f1661b7,optional,ESCO
OCC_28d6f1c634d8,SKL_17a6cda90b85,optional,ESCO
OCC_28d6f1c634d8,SKL_a43bcca2465e,optional,ESCO
OCC_28d6f1c634d8,SKL_4f8027620713,optional,ESCO
OCC_28d6f1c634d8,SKL_b65348538f34,optional,ESCO
OCC_28d6f1c634d8,SKL_a913b683ebd9,optional,ESCO
OCC_28d6f1c634d8,SKL_f6f390848b58,optional,ESCO
OCC_28d6f1c634d8,SKL_c9160ddc7dcd,optional,ESCO
OCC_28d6f1c634d8,SKL_88eabaa2c80d,optional,ESCO
OCC_28d6f1c634d8,SKL_d537dfcccc25,optional,ESCO
OCC_28d6f1c634d8,SKL_ccd10a9e58b7,optional,ESCO
OCC_28d6f1c634d8,SKL_516c38d191ba,optional,ESCO
OCC_28d6f1c634d8,SKL_8c66ec45bce8,optional,ESCO
OCC_28d6f1c634d8,SKL_327b78a43765,optional,ESCO
OCC_28d6f1c634d8,SKL_c4334e388dc0,optional,ESCO
OCC_28d6f1c634d8,SKL_175902ab3712,optional,ESCO
OCC_28d6f1c634d8,SKL_f8cdff52e6ee,optional,ESCO
OCC_28d6f1c634d8,SKL_f858e811b523,optional,ESCO
OCC_28d6f1c634d8,SKL_6b4086c51411,optional,ESCO
OCC_28d6f1c634d8,SKL_b2efdf0b940a,optional,ESCO
OCC_28d6f1c634d8,SKL_fddfe276744e,optional,ESCO
OCC_28d6f1c634d8,SKL_5ee8a7543f31,optional,ESCO
OCC_28d6f1c634d8,SKL_5a85416c775f,optional,ESCO
OCC_28d6f1c634d8,SKL_86eb8b674662,optional,ESCO
OCC_28d6f1c634d8,SKL_de759b6256cc,optional,ESCO
OCC_28d6f1c634d8,SKL_0db86e5fd56a,optional,ESCO
OCC_28d6f1c634d8,SKL_0af13c576273,optional,ESCO
OCC_28d6f1c634d8,SKL_a8e640d3772f,optional,ESCO
OCC_28d6f1c634d8,SKL_b52f6b21f082,optional,ESCO
OCC_28d6f1c634d8,SKL_224770e9399c,optional,ESCO
OCC_28d6f1c634d8,SKL_81167559edfd,optional,ESCO
OCC_28d6f1c634d8,SKL_4687c1d5b8d4,optional,ESCO
OCC_28d6f1c634d8,SKL_1cd624314ce9,optional,ESCO
OCC_28d6f1c634d8,SKL_8dad71fe8c3c,optional,ESCO
OCC_28d6f1c634d8,SKL_2b386dc088dc,optional,ESCO
OCC_28d6f1c634d8,SKL_4156ea9aa526,optional,ESCO
OCC_28d6f1c634d8,SKL_61058691b0ef,optional,ESCO
OCC_28d6f1c634d8,SKL_5846d47024c9,optional,ESCO
OCC_28d6f1c634d8,SKL_7019e9976329,optional,ESCO
OCC_28d6f1c634d8,SKL_df69f4055e0d,optional,ESCO
OCC_28d6f1c634d8,SKL_47f2166fb857,optional,ESCO
OCC_28d6f1c634d8,SKL_fc36ef6f31c9,optional,ESCO
OCC_28d6f1c634d8,SKL_1c64576763e5,optional,ESCO
OCC_28d6f1c634d8,SKL_9486b1cb5a8f,optional,ESCO
OCC_28d6f1c634d8,SKL_5438553894f6,optional,ESCO
OCC_28d6f1c634d8,SKL_1e60c0a605d3,optional,ESCO
OCC_28d6f1c634d8,SKL_3887cab28790,optional,ESCO
OCC_28d6f1c634d8,SKL_dddd918d8d0c,optional,ESCO
OCC_28d6f1c634d8,SKL_f9a3c3ad2595,optional,ESCO
OCC_28d6f1c634d8,SKL_91a3e0a560f7,optional,ESCO
OCC_28d6f1c634d8,SKL_57820393d1d6,optional,ESCO
OCC_28d6f1c634d8,SKL_891fd5e04d20,optional,ESCO
OCC_28d6f1c634d8,SKL_e92f735f2558,optional,ESCO
OCC_28d6f1c634d8,SKL_a056c33cbcd4,optional,ESCO
OCC_28d6f1c634d8,SKL_be093e79069c,optional,ESCO
OCC_28d6f1c634d8,SKL_67de2545bb79,optional,ESCO
OCC_cd04c9fb1a40,SKL_59c64ba70b70,essential,ESCO
OCC_cd04c9fb1a40,SKL_def6ad401f98,essential,ESCO
OCC_cd04c9fb1a40,SKL_2621a1e8af59,essential,ESCO
OCC_cd04c9fb1a40,SKL_5d725c59527d,essential,ESCO
OCC_cd04c9fb1a40,SKL_370980230f11,essential,ESCO
OCC_cd04c9fb1a40,SKL_39001d5b3aea,essential,ESCO
OCC_cd04c9fb1a40,SKL_2e64fb93c3f2,essential,ESCO
OCC_cd04c9fb1a40,SKL_9486b1cb5a8f,essential,ESCO
OCC_cd04c9fb1a40,SKL_138d3c16c190,essential,ESCO
OCC_cd04c9fb1a40,SKL_c2ce930d35e3,essential,ESCO
OCC_cd04c9fb1a40,SKL_4da81ba8fc0e,essential,ESCO
OCC_cd04c9fb1a40,SKL_9a283c5620fd,essential,ESCO
OCC_cd04c9fb1a40,SKL_9530b497844a,essential,ESCO
OCC_cd04c9fb1a40,SKL_04d28b46c58b,essential,ESCO
OCC_cd04c9fb1a40,SKL_014598d4e683,essential,ESCO
OCC_cd04c9fb1a40,SKL_e439fbbfbc7a,essential,ESCO
OCC_cd04c9fb1a40,SKL_2413edb46063,essential,ESCO
OCC_cd04c9fb1a40,SKL_3e8275119d50,optional,ESCO
OCC_cd04c9fb1a40,SKL_aaa07ffaa309,optional,ESCO
OCC_cd04c9fb1a40,SKL_ad5527904d9f,optional,ESCO
OCC_cd04c9fb1a40,SKL_9b5584008e66,optional,ESCO
OCC_cd04c9fb1a40,SKL_962ed8d38c4e,optional,ESCO
OCC_cd04c9fb1a40,SKL_99c6f04ac23c,optional,ESCO
OCC_cd04c9fb1a40,SKL_9cdd580294bf,optional,ESCO
OCC_cd04c9fb1a40,SKL_faa48d074cba,optional,ESCO
OCC_cd04c9fb1a40,SKL_9fc5ffd462ae,optional,ESCO
OCC_cd04c9fb1a40,SKL_5d765b95544c,optional,ESCO
OCC_cd04c9fb1a40,SKL_5f7aa564dfb2,optional,ESCO
OCC_cd04c9fb1a40,SKL_a5bd02f3490e,optional,ESCO
OCC_cd04c9fb1a40,SKL_e83ea15281a7,optional,ESCO
OCC_cd04c9fb1a40,SKL_1124817a720e,optional,ESCO
OCC_cd04c9fb1a40,SKL_46088f1661b7,optional,ESCO
OCC_cd04c9fb1a40,SKL_a43bcca2465e,optional,ESCO
OCC_cd04c9fb1a40,SKL_4f8027620713,optional,ESCO
OCC_cd04c9fb1a40,SKL_b65348538f34,optional,ESCO
OCC_cd04c9fb1a40,SKL_a913b683ebd9,optional,ESCO
OCC_cd04c9fb1a40,SKL_f6f390848b58,optional,ESCO
OCC_cd04c9fb1a40,SKL_c9160ddc7dcd,optional,ESCO
OCC_cd04c9fb1a40,SKL_88eabaa2c80d,optional,ESCO
OCC_cd04c9fb1a40,SKL_d537dfcccc25,optional,ESCO
OCC_cd04c9fb1a40,SKL_ccd10a9e58b7,optional,ESCO
OCC_cd04c9fb1a40,SKL_2c4e150b3816,optional,ESCO
OCC_cd04c9fb1a40,SKL_516c38d191ba,optional,ESCO
OCC_cd04c9fb1a40,SKL_ee642b56a8f9,optional,ESCO
OCC_cd04c9fb1a40,SKL_8c66ec45bce8,optional,ESCO
OCC_cd04c9fb1a40,SKL_b2fa268f665e,optional,ESCO
OCC_cd04c9fb1a40,SKL_327b78a43765,optional,ESCO
OCC_cd04c9fb1a40,SKL_c4334e388dc0,optional,ESCO
OCC_cd04c9fb1a40,SKL_9c5bfe58b903,optional,ESCO
OCC_cd04c9fb1a40,SKL_175902ab3712,optional,ESCO
OCC_cd04c9fb1a40,SKL_a79209ee3045,optional,ESCO
OCC_cd04c9fb1a40,SKL_f8cdff52e6ee,optional,ESCO
OCC_cd04c9fb1a40,SKL_f858e811b523,optional,ESCO
OCC_cd04c9fb1a40,SKL_6b4086c51411,optional,ESCO
OCC_cd04c9fb1a40,SKL_b2efdf0b940a,optional,ESCO
OCC_cd04c9fb1a40,SKL_b7a8a0c55d12,optional,ESCO
OCC_cd04c9fb1a40,SKL_5ee8a7543f31,optional,ESCO
OCC_cd04c9fb1a40,SKL_05d942fe2ec4,optional,ESCO
OCC_cd04c9fb1a40,SKL_5a85416c775f,optional,ESCO
OCC_cd04c9fb1a40,SKL_6e06692ca9dc,optional,ESCO
OCC_cd04c9fb1a40,SKL_eac191d41595,optional,ESCO
OCC_cd04c9fb1a40,SKL_232fd42823e2,optional,ESCO
OCC_cd04c9fb1a40,SKL_86eb8b674662,optional,ESCO
OCC_cd04c9fb1a40,SKL_de759b6256cc,optional,ESCO
OCC_cd04c9fb1a40,SKL_b52f6b21f082,optional,ESCO
OCC_cd04c9fb1a40,SKL_224770e9399c,optional,ESCO
OCC_cd04c9fb1a40,SKL_81167559edfd,optional,ESCO
OCC_cd04c9fb1a40,SKL_4687c1d5b8d4,optional,ESCO
OCC_cd04c9fb1a40,SKL_1cd624314ce9,optional,ESCO
OCC_cd04c9fb1a40,SKL_2b386dc088dc,optional,ESCO
OCC_cd04c9fb1a40,SKL_61058691b0ef,optional,ESCO
OCC_cd04c9fb1a40,SKL_5846d47024c9,optional,ESCO
OCC_cd04c9fb1a40,SKL_7019e9976329,optional,ESCO
OCC_cd04c9fb1a40,SKL_df69f4055e0d,optional,ESCO
OCC_cd04c9fb1a40,SKL_d67dfc4ee39e,optional,ESCO
OCC_cd04c9fb1a40,SKL_47f2166fb857,optional,ESCO
OCC_cd04c9fb1a40,SKL_fc36ef6f31c9,optional,ESCO
OCC_cd04c9fb1a40,SKL_1c64576763e5,optional,ESCO
OCC_cd04c9fb1a40,SKL_1e60c0a605d3,optional,ESCO
OCC_cd04c9fb1a40,SKL_3887cab28790,optional,ESCO
OCC_cd04c9fb1a40,SKL_88e58a1e2200,optional,ESCO
OCC_cd04c9fb1a40,SKL_dddd918d8d0c,optional,ESCO
OCC_cd04c9fb1a40,SKL_f9a3c3ad2595,optional,ESCO
OCC_cd04c9fb1a40,SKL_f24b2d743df5,optional,ESCO
OCC_cd04c9fb1a40,SKL_91a3e0a560f7,optional,ESCO
OCC_cd04c9fb1a40,SKL_891fd5e04d20,optional,ESCO
OCC_cd04c9fb1a40,SKL_2187273ee3dc,optional,ESCO
OCC_cd04c9fb1a40,SKL_e92f735f2558,optional,ESCO
OCC_cd04c9fb1a40,SKL_a056c33cbcd4,optional,ESCO
OCC_cd04c9fb1a40,SKL_be093e79069c,optional,ESCO
OCC_cd04c9fb1a40,SKL_67de2545bb79,optional,ESCO
OCC_af41616819b5,SKL_6fce2b343b90,essential,ESCO
OCC_af41616819b5,SKL_eababd164e1d,essential,ESCO
OCC_af41616819b5,SKL_3f39269f8a92,essential,ESCO
OCC_af41616819b5,SKL_36c8b1712a0f,essential,ESCO
OCC_af41616819b5,SKL_f777a42c8a7a,essential,ESCO
OCC_af41616819b5,SKL_d4b8526448d7,essential,ESCO
OCC_af41616819b5,SKL_e0406f8bed59,essential,ESCO
OCC_af41616819b5,SKL_2a5b118ca0e3,essential,ESCO
OCC_af41616819b5,SKL_c74243986bea,essential,ESCO
OCC_af41616819b5,SKL_c9ce5d8cbc63,essential,ESCO
OCC_af41616819b5,SKL_3cbcca60d860,essential,ESCO
OCC_af41616819b5,SKL_318b0a40b120,essential,ESCO
OCC_af41616819b5,SKL_c6d25b351f1c,essential,ESCO
OCC_af41616819b5,SKL_5ca14d6a9200,essential,ESCO
OCC_af41616819b5,SKL_92c7bf31c854,essential,ESCO
OCC_af41616819b5,SKL_f404d9dd01d7,essential,ESCO
OCC_af41616819b5,SKL_0639d47eb735,essential,ESCO
OCC_af41616819b5,SKL_8a9651b100b9,essential,ESCO
OCC_af41616819b5,SKL_a056c33cbcd4,essential,ESCO
OCC_af41616819b5,SKL_487dc7976c4c,essential,ESCO
OCC_af41616819b5,SKL_6df9c3907c46,optional,ESCO
OCC_af41616819b5,SKL_59ede493c1cb,optional,ESCO
OCC_af41616819b5,SKL_139c1ba8356c,optional,ESCO
OCC_af41616819b5,SKL_cccca3da833a,optional,ESCO
OCC_af41616819b5,SKL_4f2bd02de76a,optional,ESCO
OCC_af41616819b5,SKL_83dfa0298e85,optional,ESCO
OCC_af41616819b5,SKL_4ffa5c387846,optional,ESCO
OCC_af41616819b5,SKL_a8e640d3772f,optional,ESCO
OCC_af41616819b5,SKL_e681e8b852a4,optional,ESCO
OCC_af41616819b5,SKL_53fbbdc90e13,optional,ESCO
OCC_af41616819b5,SKL_02c69b93451d,optional,ESCO
OCC_af41616819b5,SKL_2638b6cbc5c4,optional,ESCO
OCC_af41616819b5,SKL_3689a79bb281,optional,ESCO
OCC_af41616819b5,SKL_c6ec40ea85b9,optional,ESCO
OCC_af41616819b5,SKL_0b6d0771361b,optional,ESCO
OCC_af41616819b5,SKL_370980230f11,optional,ESCO
OCC_af41616819b5,SKL_06efd7af6dfc,optional,ESCO
OCC_af41616819b5,SKL_c763014c7d96,optional,ESCO
OCC_af41616819b5,SKL_1a9765b43218,optional,ESCO
OCC_af41616819b5,SKL_5438553894f6,optional,ESCO
OCC_af41616819b5,SKL_7ac1f1abe404,optional,ESCO
OCC_af41616819b5,SKL_3de0d077508a,optional,ESCO
OCC_af41616819b5,SKL_1a4ed06c76f8,optional,ESCO
OCC_af41616819b5,SKL_be15098358f4,optional,ESCO
OCC_af41616819b5,SKL_40d131c16648,optional,ESCO
OCC_af41616819b5,SKL_509e2294bb57,optional,ESCO
OCC_af41616819b5,SKL_e2dbc508cb21,optional,ESCO
OCC_af41616819b5,SKL_1911edef9778,optional,ESCO
OCC_af41616819b5,SKL_dc718588b284,optional,ESCO
OCC_af41616819b5,SKL_b1d3c0bd074a,optional,ESCO
OCC_af41616819b5,SKL_26bcb7a7c221,optional,ESCO
OCC_3b83c3012cf7,SKL_54429feac7cb,essential,ESCO
OCC_3b83c3012cf7,SKL_59c64ba70b70,essential,ESCO
OCC_3b83c3012cf7,SKL_def6ad401f98,essential,ESCO
OCC_3b83c3012cf7,SKL_2e445df6f74b,essential,ESCO
OCC_3b83c3012cf7,SKL_b2efdf0b940a,essential,ESCO
OCC_3b83c3012cf7,SKL_2621a1e8af59,essential,ESCO
OCC_3b83c3012cf7,SKL_ec48889c1990,essential,ESCO
OCC_3b83c3012cf7,SKL_5d725c59527d,essential,ESCO
OCC_3b83c3012cf7,SKL_81953b3440a3,essential,ESCO
OCC_3b83c3012cf7,SKL_af82150fafdb,essential,ESCO
OCC_3b83c3012cf7,SKL_6f4b7911d26d,essential,ESCO
OCC_3b83c3012cf7,SKL_36c8b1712a0f,essential,ESCO
OCC_3b83c3012cf7,SKL_370980230f11,essential,ESCO
OCC_3b83c3012cf7,SKL_caa92afcdf36,essential,ESCO
OCC_3b83c3012cf7,SKL_91e44b7899ca,essential,ESCO
OCC_3b83c3012cf7,SKL_c2ce930d35e3,essential,ESCO
OCC_3b83c3012cf7,SKL_4da81ba8fc0e,essential,ESCO
OCC_3b83c3012cf7,SKL_a06ae49b7664,essential,ESCO
OCC_3b83c3012cf7,SKL_e2f90c02665d,essential,ESCO
OCC_3b83c3012cf7,SKL_f9a3c3ad2595,essential,ESCO
OCC_3b83c3012cf7,SKL_9530b497844a,essential,ESCO
OCC_3b83c3012cf7,SKL_04d28b46c58b,essential,ESCO
OCC_3b83c3012cf7,SKL_014598d4e683,essential,ESCO
OCC_3b83c3012cf7,SKL_e439fbbfbc7a,essential,ESCO
OCC_3b83c3012cf7,SKL_588b0ce4feb1,essential,ESCO
OCC_3b83c3012cf7,SKL_2413edb46063,essential,ESCO
OCC_3b83c3012cf7,SKL_3e8275119d50,optional,ESCO
OCC_3b83c3012cf7,SKL_aaa07ffaa309,optional,ESCO
OCC_3b83c3012cf7,SKL_e22e3873e2aa,optional,ESCO
OCC_3b83c3012cf7,SKL_ad5527904d9f,optional,ESCO
OCC_3b83c3012cf7,SKL_9b5584008e66,optional,ESCO
OCC_3b83c3012cf7,SKL_962ed8d38c4e,optional,ESCO
OCC_3b83c3012cf7,SKL_99c6f04ac23c,optional,ESCO
OCC_3b83c3012cf7,SKL_9cdd580294bf,optional,ESCO
OCC_3b83c3012cf7,SKL_e09879137502,optional,ESCO
OCC_3b83c3012cf7,SKL_faa48d074cba,optional,ESCO
OCC_3b83c3012cf7,SKL_9fc5ffd462ae,optional,ESCO
OCC_3b83c3012cf7,SKL_db90b8d9d02a,optional,ESCO
OCC_3b83c3012cf7,SKL_a5bd02f3490e,optional,ESCO
OCC_3b83c3012cf7,SKL_e83ea15281a7,optional,ESCO
OCC_3b83c3012cf7,SKL_1124817a720e,optional,ESCO
OCC_3b83c3012cf7,SKL_46088f1661b7,optional,ESCO
OCC_3b83c3012cf7,SKL_17a6cda90b85,optional,ESCO
OCC_3b83c3012cf7,SKL_a43bcca2465e,optional,ESCO
OCC_3b83c3012cf7,SKL_4f8027620713,optional,ESCO
OCC_3b83c3012cf7,SKL_b65348538f34,optional,ESCO
OCC_3b83c3012cf7,SKL_a913b683ebd9,optional,ESCO
OCC_3b83c3012cf7,SKL_f6f390848b58,optional,ESCO
OCC_3b83c3012cf7,SKL_c9160ddc7dcd,optional,ESCO
OCC_3b83c3012cf7,SKL_88eabaa2c80d,optional,ESCO
OCC_3b83c3012cf7,SKL_d537dfcccc25,optional,ESCO
OCC_3b83c3012cf7,SKL_ccd10a9e58b7,optional,ESCO
OCC_3b83c3012cf7,SKL_516c38d191ba,optional,ESCO
OCC_3b83c3012cf7,SKL_619ec6b46c43,optional,ESCO
OCC_3b83c3012cf7,SKL_8c66ec45bce8,optional,ESCO
OCC_3b83c3012cf7,SKL_327b78a43765,optional,ESCO
OCC_3b83c3012cf7,SKL_c4334e388dc0,optional,ESCO
OCC_3b83c3012cf7,SKL_9c5bfe58b903,optional,ESCO
OCC_3b83c3012cf7,SKL_175902ab3712,optional,ESCO
OCC_3b83c3012cf7,SKL_f8cdff52e6ee,optional,ESCO
OCC_3b83c3012cf7,SKL_f858e811b523,optional,ESCO
OCC_3b83c3012cf7,SKL_6b4086c51411,optional,ESCO
OCC_3b83c3012cf7,SKL_4aab07be640c,optional,ESCO
OCC_3b83c3012cf7,SKL_df8fb6fe7b07,optional,ESCO
OCC_3b83c3012cf7,SKL_fddfe276744e,optional,ESCO
OCC_3b83c3012cf7,SKL_5ee8a7543f31,optional,ESCO
OCC_3b83c3012cf7,SKL_05d942fe2ec4,optional,ESCO
OCC_3b83c3012cf7,SKL_5a85416c775f,optional,ESCO
OCC_3b83c3012cf7,SKL_6e06692ca9dc,optional,ESCO
OCC_3b83c3012cf7,SKL_cebd7936a54b,optional,ESCO
OCC_3b83c3012cf7,SKL_eac191d41595,optional,ESCO
OCC_3b83c3012cf7,SKL_ae8a143ffa63,optional,ESCO
OCC_3b83c3012cf7,SKL_86eb8b674662,optional,ESCO
OCC_3b83c3012cf7,SKL_de759b6256cc,optional,ESCO
OCC_3b83c3012cf7,SKL_b52f6b21f082,optional,ESCO
OCC_3b83c3012cf7,SKL_224770e9399c,optional,ESCO
OCC_3b83c3012cf7,SKL_81167559edfd,optional,ESCO
OCC_3b83c3012cf7,SKL_4687c1d5b8d4,optional,ESCO
OCC_3b83c3012cf7,SKL_1cd624314ce9,optional,ESCO
OCC_3b83c3012cf7,SKL_2b386dc088dc,optional,ESCO
OCC_3b83c3012cf7,SKL_61058691b0ef,optional,ESCO
OCC_3b83c3012cf7,SKL_5846d47024c9,optional,ESCO
OCC_3b83c3012cf7,SKL_5d017b2d9604,optional,ESCO
OCC_3b83c3012cf7,SKL_7019e9976329,optional,ESCO
OCC_3b83c3012cf7,SKL_df69f4055e0d,optional,ESCO
OCC_3b83c3012cf7,SKL_47f2166fb857,optional,ESCO
OCC_3b83c3012cf7,SKL_fc36ef6f31c9,optional,ESCO
OCC_3b83c3012cf7,SKL_1c64576763e5,optional,ESCO
OCC_3b83c3012cf7,SKL_138d3c16c190,optional,ESCO
OCC_3b83c3012cf7,SKL_d4b77317c825,optional,ESCO
OCC_3b83c3012cf7,SKL_1e60c0a605d3,optional,ESCO
OCC_3b83c3012cf7,SKL_701fcbf5fa2c,optional,ESCO
OCC_3b83c3012cf7,SKL_3887cab28790,optional,ESCO
OCC_3b83c3012cf7,SKL_dddd918d8d0c,optional,ESCO
OCC_3b83c3012cf7,SKL_f24b2d743df5,optional,ESCO
OCC_3b83c3012cf7,SKL_91a3e0a560f7,optional,ESCO
OCC_3b83c3012cf7,SKL_57820393d1d6,optional,ESCO
OCC_3b83c3012cf7,SKL_891fd5e04d20,optional,ESCO
OCC_3b83c3012cf7,SKL_096204475b7f,optional,ESCO
OCC_3b83c3012cf7,SKL_e92f735f2558,optional,ESCO
OCC_3b83c3012cf7,SKL_5b396bf30d7e,optional,ESCO
OCC_3b83c3012cf7,SKL_be093e79069c,optional,ESCO
OCC_3b83c3012cf7,SKL_67de2545bb79,optional,ESCO
OCC_5bfe9fc9c093,SKL_fa6cd7a6ceb9,essential,ESCO
OCC_5bfe9fc9c093,SKL_4a7c46bdda77,essential,ESCO
OCC_5bfe9fc9c093,SKL_ae19bc58bf36,essential,ESCO
OCC_5bfe9fc9c093,SKL_07a57310c827,essential,ESCO
OCC_5bfe9fc9c093,SKL_0d6403d7297a,essential,ESCO
OCC_5bfe9fc9c093,SKL_96bddabc0367,essential,ESCO
OCC_5bfe9fc9c093,SKL_5b3a519408f1,essential,ESCO
OCC_5bfe9fc9c093,SKL_298f3454c212,essential,ESCO
OCC_5bfe9fc9c093,SKL_c0af7cdae97f,essential,ESCO
OCC_5bfe9fc9c093,SKL_789d2af203ff,essential,ESCO
OCC_5bfe9fc9c093,SKL_dc718588b284,essential,ESCO
OCC_5bfe9fc9c093,SKL_79d7ba26c340,essential,ESCO
OCC_5bfe9fc9c093,SKL_2fe1ad7a3d79,essential,ESCO
OCC_5bfe9fc9c093,SKL_e6562948de6a,essential,ESCO
OCC_5bfe9fc9c093,SKL_5682de6d321b,essential,ESCO
OCC_5bfe9fc9c093,SKL_6d0bdba7a8b1,optional,ESCO
OCC_5bfe9fc9c093,SKL_2160823e5269,optional,ESCO
OCC_5bfe9fc9c093,SKL_c993c6aecf8e,optional,ESCO
OCC_5bfe9fc9c093,SKL_74a5a5844b4c,optional,ESCO
OCC_5bfe9fc9c093,SKL_9f1382e6691b,optional,ESCO
OCC_5bfe9fc9c093,SKL_56358ec7d691,optional,ESCO
OCC_5bfe9fc9c093,SKL_28d134745ea4,optional,ESCO
OCC_5bfe9fc9c093,SKL_5a7d26256464,optional,ESCO
OCC_5bfe9fc9c093,SKL_993e5a908b00,optional,ESCO
OCC_c79207b250ca,SKL_fa6cd7a6ceb9,essential,ESCO
OCC_c79207b250ca,SKL_5f7aa564dfb2,essential,ESCO
OCC_c79207b250ca,SKL_1124817a720e,essential,ESCO
OCC_c79207b250ca,SKL_d546743b9da1,essential,ESCO
OCC_c79207b250ca,SKL_4c069489e522,essential,ESCO
OCC_c79207b250ca,SKL_74a5a5844b4c,essential,ESCO
OCC_c79207b250ca,SKL_2621a1e8af59,essential,ESCO
OCC_c79207b250ca,SKL_ec2491e3eb27,essential,ESCO
OCC_c79207b250ca,SKL_ae19bc58bf36,essential,ESCO
OCC_c79207b250ca,SKL_d109a693537c,essential,ESCO
OCC_c79207b250ca,SKL_47f2166fb857,essential,ESCO
OCC_c79207b250ca,SKL_c763014c7d96,essential,ESCO
OCC_c79207b250ca,SKL_56358ec7d691,essential,ESCO
OCC_c79207b250ca,SKL_88e58a1e2200,essential,ESCO
OCC_c79207b250ca,SKL_28d134745ea4,essential,ESCO
OCC_c79207b250ca,SKL_07a57310c827,essential,ESCO
OCC_c79207b250ca,SKL_b973384e0f00,essential,ESCO
OCC_c79207b250ca,SKL_5a7d26256464,essential,ESCO
OCC_c79207b250ca,SKL_993e5a908b00,essential,ESCO
OCC_c79207b250ca,SKL_c0af7cdae97f,essential,ESCO
OCC_c79207b250ca,SKL_789d2af203ff,essential,ESCO
OCC_c79207b250ca,SKL_dc718588b284,essential,ESCO
OCC_c79207b250ca,SKL_2fe1ad7a3d79,essential,ESCO
OCC_c79207b250ca,SKL_00bf18ce904e,essential,ESCO
OCC_c79207b250ca,SKL_aaa07ffaa309,optional,ESCO
OCC_c79207b250ca,SKL_d537dfcccc25,optional,ESCO
OCC_c79207b250ca,SKL_c4334e388dc0,optional,ESCO
OCC_c79207b250ca,SKL_e681e8b852a4,optional,ESCO
OCC_c79207b250ca,SKL_027b4b2aa1a9,optional,ESCO
OCC_c79207b250ca,SKL_fb22373c26ad,optional,ESCO
OCC_7d8d0e4e5d42,SKL_6fce2b343b90,essential,ESCO
OCC_7d8d0e4e5d42,SKL_43d293ac99a8,essential,ESCO
OCC_7d8d0e4e5d42,SKL_c1394cfd59bd,essential,ESCO
OCC_7d8d0e4e5d42,SKL_0e0ddaf5873f,essential,ESCO
OCC_7d8d0e4e5d42,SKL_5fd1a916f288,essential,ESCO
OCC_7d8d0e4e5d42,SKL_4ffa5c387846,essential,ESCO
OCC_7d8d0e4e5d42,SKL_f8cdff52e6ee,essential,ESCO
OCC_7d8d0e4e5d42,SKL_4a174ce373ac,essential,ESCO
OCC_7d8d0e4e5d42,SKL_ba0548301caf,essential,ESCO
OCC_7d8d0e4e5d42,SKL_9c97e63afd1a,essential,ESCO
OCC_7d8d0e4e5d42,SKL_ad07bc17b05e,essential,ESCO
OCC_7d8d0e4e5d42,SKL_6924454c4c1e,essential,ESCO
OCC_7d8d0e4e5d42,SKL_c7f3dda43bfb,essential,ESCO
OCC_7d8d0e4e5d42,SKL_67a4d439c738,essential,ESCO
OCC_7d8d0e4e5d42,SKL_b987f0547d15,essential,ESCO
OCC_7d8d0e4e5d42,SKL_efc2d1a5ed07,essential,ESCO
OCC_7d8d0e4e5d42,SKL_7efcdffab3b3,essential,ESCO
OCC_7d8d0e4e5d42,SKL_7c72a040d0cb,essential,ESCO
OCC_7d8d0e4e5d42,SKL_2bc91d00f4a3,essential,ESCO
OCC_7d8d0e4e5d42,SKL_2160823e5269,optional,ESCO
OCC_7d8d0e4e5d42,SKL_ab0615922027,optional,ESCO
OCC_7d8d0e4e5d42,SKL_8d1f7cbb3377,optional,ESCO
OCC_7d8d0e4e5d42,SKL_bbc55bdf9279,optional,ESCO
OCC_7d8d0e4e5d42,SKL_b2efdf0b940a,optional,ESCO
OCC_7d8d0e4e5d42,SKL_6a62eec16e7c,optional,ESCO
OCC_7d8d0e4e5d42,SKL_ae19bc58bf36,optional,ESCO
OCC_7d8d0e4e5d42,SKL_9f1382e6691b,optional,ESCO
OCC_7d8d0e4e5d42,SKL_109edeaf36eb,optional,ESCO
OCC_7d8d0e4e5d42,SKL_523392841f59,optional,ESCO
OCC_7d8d0e4e5d42,SKL_a126050b0def,optional,ESCO
OCC_7d8d0e4e5d42,SKL_c3a6a015f14b,optional,ESCO
OCC_7d8d0e4e5d42,SKL_3cbcca60d860,optional,ESCO
OCC_7d8d0e4e5d42,SKL_c6d25b351f1c,optional,ESCO
OCC_7d8d0e4e5d42,SKL_c98638f8926e,optional,ESCO
OCC_7d8d0e4e5d42,SKL_62cb2c333713,optional,ESCO
OCC_7d8d0e4e5d42,SKL_24eaac2493a9,optional,ESCO
OCC_7d8d0e4e5d42,SKL_8e2350e55802,optional,ESCO
OCC_6836ed031e87,SKL_38d8f380447f,essential,ESCO
OCC_6836ed031e87,SKL_93f80f560331,essential,ESCO
OCC_6836ed031e87,SKL_2160823e5269,essential,ESCO
OCC_6836ed031e87,SKL_59c64ba70b70,essential,ESCO
OCC_6836ed031e87,SKL_def6ad401f98,essential,ESCO
OCC_6836ed031e87,SKL_36cc2d6edd1a,essential,ESCO
OCC_6836ed031e87,SKL_ae19bc58bf36,essential,ESCO
OCC_6836ed031e87,SKL_c5114bc54f61,essential,ESCO
OCC_6836ed031e87,SKL_c6ec40ea85b9,essential,ESCO
OCC_6836ed031e87,SKL_1c64576763e5,essential,ESCO
OCC_6836ed031e87,SKL_370980230f11,essential,ESCO
OCC_6836ed031e87,SKL_2e64fb93c3f2,essential,ESCO
OCC_6836ed031e87,SKL_008e59920331,essential,ESCO
OCC_6836ed031e87,SKL_b4bbfe5755b9,essential,ESCO
OCC_6836ed031e87,SKL_c2ce930d35e3,essential,ESCO
OCC_6836ed031e87,SKL_4da81ba8fc0e,essential,ESCO
OCC_6836ed031e87,SKL_09ae9c4724e9,essential,ESCO
OCC_6836ed031e87,SKL_f9a3c3ad2595,essential,ESCO
OCC_6836ed031e87,SKL_c6d25b351f1c,essential,ESCO
OCC_6836ed031e87,SKL_4fdff2983c01,essential,ESCO
OCC_6836ed031e87,SKL_e2dbc508cb21,essential,ESCO
OCC_6836ed031e87,SKL_29b4410cdb6a,essential,ESCO
OCC_6836ed031e87,SKL_2413edb46063,essential,ESCO
OCC_6836ed031e87,SKL_3e8275119d50,optional,ESCO
OCC_6836ed031e87,SKL_aaa07ffaa309,optional,ESCO
OCC_6836ed031e87,SKL_e22e3873e2aa,optional,ESCO
OCC_6836ed031e87,SKL_ad5527904d9f,optional,ESCO
OCC_6836ed031e87,SKL_36dcc4135ed3,optional,ESCO
OCC_6836ed031e87,SKL_9b5584008e66,optional,ESCO
OCC_6836ed031e87,SKL_962ed8d38c4e,optional,ESCO
OCC_6836ed031e87,SKL_99c6f04ac23c,optional,ESCO
OCC_6836ed031e87,SKL_9cdd580294bf,optional,ESCO
OCC_6836ed031e87,SKL_faa48d074cba,optional,ESCO
OCC_6836ed031e87,SKL_9fc5ffd462ae,optional,ESCO
OCC_6836ed031e87,SKL_a5bd02f3490e,optional,ESCO
OCC_6836ed031e87,SKL_e83ea15281a7,optional,ESCO
OCC_6836ed031e87,SKL_1124817a720e,optional,ESCO
OCC_6836ed031e87,SKL_17a6cda90b85,optional,ESCO
OCC_6836ed031e87,SKL_a43bcca2465e,optional,ESCO
OCC_6836ed031e87,SKL_b65348538f34,optional,ESCO
OCC_6836ed031e87,SKL_a913b683ebd9,optional,ESCO
OCC_6836ed031e87,SKL_f6f390848b58,optional,ESCO
OCC_6836ed031e87,SKL_c9160ddc7dcd,optional,ESCO
OCC_6836ed031e87,SKL_88eabaa2c80d,optional,ESCO
OCC_6836ed031e87,SKL_d537dfcccc25,optional,ESCO
OCC_6836ed031e87,SKL_ccd10a9e58b7,optional,ESCO
OCC_6836ed031e87,SKL_8c66ec45bce8,optional,ESCO
OCC_6836ed031e87,SKL_327b78a43765,optional,ESCO
OCC_6836ed031e87,SKL_419d9382e4ff,optional,ESCO
OCC_6836ed031e87,SKL_c4334e388dc0,optional,ESCO
OCC_6836ed031e87,SKL_175902ab3712,optional,ESCO
OCC_6836ed031e87,SKL_f858e811b523,optional,ESCO
OCC_6836ed031e87,SKL_6b4086c51411,optional,ESCO
OCC_6836ed031e87,SKL_2621a1e8af59,optional,ESCO
OCC_6836ed031e87,SKL_fddfe276744e,optional,ESCO
OCC_6836ed031e87,SKL_5ee8a7543f31,optional,ESCO
OCC_6836ed031e87,SKL_5d725c59527d,optional,ESCO
OCC_6836ed031e87,SKL_3c1c97314648,optional,ESCO
OCC_6836ed031e87,SKL_5a85416c775f,optional,ESCO
OCC_6836ed031e87,SKL_86eb8b674662,optional,ESCO
OCC_6836ed031e87,SKL_de759b6256cc,optional,ESCO
OCC_6836ed031e87,SKL_0af13c576273,optional,ESCO
OCC_6836ed031e87,SKL_b52f6b21f082,optional,ESCO
OCC_6836ed031e87,SKL_224770e9399c,optional,ESCO
OCC_6836ed031e87,SKL_81167559edfd,optional,ESCO
OCC_6836ed031e87,SKL_4687c1d5b8d4,optional,ESCO
OCC_6836ed031e87,SKL_1cd624314ce9,optional,ESCO
OCC_6836ed031e87,SKL_8dad71fe8c3c,optional,ESCO
OCC_6836ed031e87,SKL_2b386dc088dc,optional,ESCO
OCC_6836ed031e87,SKL_4156ea9aa526,optional,ESCO
OCC_6836ed031e87,SKL_61058691b0ef,optional,ESCO
OCC_6836ed031e87,SKL_5846d47024c9,optional,ESCO
OCC_6836ed031e87,SKL_7019e9976329,optional,ESCO
OCC_6836ed031e87,SKL_df69f4055e0d,optional,ESCO
OCC_6836ed031e87,SKL_d67dfc4ee39e,optional,ESCO
OCC_6836ed031e87,SKL_47f2166fb857,optional,ESCO
OCC_6836ed031e87,SKL_fc36ef6f31c9,optional,ESCO
OCC_6836ed031e87,SKL_3f11287772f2,optional,ESCO
OCC_6836ed031e87,SKL_1a9765b43218,optional,ESCO
OCC_6836ed031e87,SKL_1e60c0a605d3,optional,ESCO
OCC_6836ed031e87,SKL_3887cab28790,optional,ESCO
OCC_6836ed031e87,SKL_28d134745ea4,optional,ESCO
OCC_6836ed031e87,SKL_dddd918d8d0c,optional,ESCO
OCC_6836ed031e87,SKL_5a7d26256464,optional,ESCO
OCC_6836ed031e87,SKL_9530b497844a,optional,ESCO
OCC_6836ed031e87,SKL_91a3e0a560f7,optional,ESCO
OCC_6836ed031e87,SKL_be15098358f4,optional,ESCO
OCC_6836ed031e87,SKL_9b29beea7c1b,optional,ESCO
OCC_6836ed031e87,SKL_c9f64b378429,optional,ESCO
OCC_6836ed031e87,SKL_891fd5e04d20,optional,ESCO
OCC_6836ed031e87,SKL_e439fbbfbc7a,optional,ESCO
OCC_6836ed031e87,SKL_096204475b7f,optional,ESCO
OCC_6836ed031e87,SKL_789c67df42ab,optional,ESCO
OCC_6836ed031e87,SKL_789d2af203ff,optional,ESCO
OCC_6836ed031e87,SKL_e92f735f2558,optional,ESCO
OCC_6836ed031e87,SKL_2fe1ad7a3d79,optional,ESCO
OCC_6836ed031e87,SKL_26bcb7a7c221,optional,ESCO
OCC_6836ed031e87,SKL_be093e79069c,optional,ESCO
OCC_fa1704d164c5,SKL_6fce2b343b90,essential,ESCO
OCC_fa1704d164c5,SKL_516c38d191ba,essential,ESCO
OCC_fa1704d164c5,SKL_627bb45cf813,essential,ESCO
OCC_fa1704d164c5,SKL_0ae8aa439cc1,essential,ESCO
OCC_fa1704d164c5,SKL_5d725c59527d,essential,ESCO
OCC_fa1704d164c5,SKL_0b6d0771361b,essential,ESCO
OCC_fa1704d164c5,SKL_370980230f11,essential,ESCO
OCC_fa1704d164c5,SKL_a9effbb722ab,essential,ESCO
OCC_fa1704d164c5,SKL_d8365db0bf51,essential,ESCO
OCC_fa1704d164c5,SKL_d59c1c655f17,essential,ESCO
OCC_fa1704d164c5,SKL_a474d184a0a0,essential,ESCO
OCC_fa1704d164c5,SKL_f9a3c3ad2595,essential,ESCO
OCC_fa1704d164c5,SKL_f481a9c7d3e1,essential,ESCO
OCC_fa1704d164c5,SKL_e439fbbfbc7a,essential,ESCO
OCC_fa1704d164c5,SKL_1e8fe35aac35,essential,ESCO
OCC_fa1704d164c5,SKL_8a9651b100b9,essential,ESCO
OCC_fa1704d164c5,SKL_b1d3c0bd074a,essential,ESCO
OCC_fa1704d164c5,SKL_2413edb46063,essential,ESCO
OCC_fa1704d164c5,SKL_e70d9ea221e7,essential,ESCO
OCC_fa1704d164c5,SKL_3e8275119d50,optional,ESCO
OCC_fa1704d164c5,SKL_e22e3873e2aa,optional,ESCO
OCC_fa1704d164c5,SKL_ad5527904d9f,optional,ESCO
OCC_fa1704d164c5,SKL_6df9c3907c46,optional,ESCO
OCC_fa1704d164c5,SKL_9b5584008e66,optional,ESCO
OCC_fa1704d164c5,SKL_962ed8d38c4e,optional,ESCO
OCC_fa1704d164c5,SKL_99c6f04ac23c,optional,ESCO
OCC_fa1704d164c5,SKL_9cdd580294bf,optional,ESCO
OCC_fa1704d164c5,SKL_faa48d074cba,optional,ESCO
OCC_fa1704d164c5,SKL_9fc5ffd462ae,optional,ESCO
OCC_fa1704d164c5,SKL_59c64ba70b70,optional,ESCO
OCC_fa1704d164c5,SKL_a5bd02f3490e,optional,ESCO
OCC_fa1704d164c5,SKL_e83ea15281a7,optional,ESCO
OCC_fa1704d164c5,SKL_1124817a720e,optional,ESCO
OCC_fa1704d164c5,SKL_46088f1661b7,optional,ESCO
OCC_fa1704d164c5,SKL_17a6cda90b85,optional,ESCO
OCC_fa1704d164c5,SKL_a43bcca2465e,optional,ESCO
OCC_fa1704d164c5,SKL_a913b683ebd9,optional,ESCO
OCC_fa1704d164c5,SKL_f6f390848b58,optional,ESCO
OCC_fa1704d164c5,SKL_c9160ddc7dcd,optional,ESCO
OCC_fa1704d164c5,SKL_88eabaa2c80d,optional,ESCO
OCC_fa1704d164c5,SKL_d537dfcccc25,optional,ESCO
OCC_fa1704d164c5,SKL_ccd10a9e58b7,optional,ESCO
OCC_fa1704d164c5,SKL_8c66ec45bce8,optional,ESCO
OCC_fa1704d164c5,SKL_2e445df6f74b,optional,ESCO
OCC_fa1704d164c5,SKL_327b78a43765,optional,ESCO
OCC_fa1704d164c5,SKL_c0d9b25a3929,optional,ESCO
OCC_fa1704d164c5,SKL_175902ab3712,optional,ESCO
OCC_fa1704d164c5,SKL_36d64273ebbf,optional,ESCO
OCC_fa1704d164c5,SKL_f8cdff52e6ee,optional,ESCO
OCC_fa1704d164c5,SKL_f858e811b523,optional,ESCO
OCC_fa1704d164c5,SKL_6b4086c51411,optional,ESCO
OCC_fa1704d164c5,SKL_fddfe276744e,optional,ESCO
OCC_fa1704d164c5,SKL_5ee8a7543f31,optional,ESCO
OCC_fa1704d164c5,SKL_5a85416c775f,optional,ESCO
OCC_fa1704d164c5,SKL_eac191d41595,optional,ESCO
OCC_fa1704d164c5,SKL_ae8a143ffa63,optional,ESCO
OCC_fa1704d164c5,SKL_86eb8b674662,optional,ESCO
OCC_fa1704d164c5,SKL_de759b6256cc,optional,ESCO
OCC_fa1704d164c5,SKL_b52f6b21f082,optional,ESCO
OCC_fa1704d164c5,SKL_224770e9399c,optional,ESCO
OCC_fa1704d164c5,SKL_e681e8b852a4,optional,ESCO
OCC_fa1704d164c5,SKL_81167559edfd,optional,ESCO
OCC_fa1704d164c5,SKL_4687c1d5b8d4,optional,ESCO
OCC_fa1704d164c5,SKL_1cd624314ce9,optional,ESCO
OCC_fa1704d164c5,SKL_2826cd7b523c,optional,ESCO
OCC_fa1704d164c5,SKL_2b386dc088dc,optional,ESCO
OCC_fa1704d164c5,SKL_53fbbdc90e13,optional,ESCO
OCC_fa1704d164c5,SKL_02c69b93451d,optional,ESCO
OCC_fa1704d164c5,SKL_61058691b0ef,optional,ESCO
OCC_fa1704d164c5,SKL_5846d47024c9,optional,ESCO
OCC_fa1704d164c5,SKL_7019e9976329,optional,ESCO
OCC_fa1704d164c5,SKL_df69f4055e0d,optional,ESCO
OCC_fa1704d164c5,SKL_47f2166fb857,optional,ESCO
OCC_fa1704d164c5,SKL_fc36ef6f31c9,optional,ESCO
OCC_fa1704d164c5,SKL_caa92afcdf36,optional,ESCO
OCC_fa1704d164c5,SKL_56358ec7d691,optional,ESCO
OCC_fa1704d164c5,SKL_138d3c16c190,optional,ESCO
OCC_fa1704d164c5,SKL_1d913cbdf27e,optional,ESCO
OCC_fa1704d164c5,SKL_e0406f8bed59,optional,ESCO
OCC_fa1704d164c5,SKL_c6b378206477,optional,ESCO
OCC_fa1704d164c5,SKL_88e58a1e2200,optional,ESCO
OCC_fa1704d164c5,SKL_ea96d8f39e81,optional,ESCO
OCC_fa1704d164c5,SKL_04e6c64d8bdd,optional,ESCO
OCC_fa1704d164c5,SKL_f24b2d743df5,optional,ESCO
OCC_fa1704d164c5,SKL_9530b497844a,optional,ESCO
OCC_fa1704d164c5,SKL_993e5a908b00,optional,ESCO
OCC_fa1704d164c5,SKL_3b1c6e0aad62,optional,ESCO
OCC_fa1704d164c5,SKL_0643ee1dab7c,optional,ESCO
OCC_fa1704d164c5,SKL_faa7a56e6d5d,optional,ESCO
OCC_ccd1a82716dc,SKL_b0080b620fb2,essential,ESCO
OCC_ccd1a82716dc,SKL_a33504a35440,essential,ESCO
OCC_ccd1a82716dc,SKL_96926ab90fab,essential,ESCO
OCC_ccd1a82716dc,SKL_18b153db615d,essential,ESCO
OCC_ccd1a82716dc,SKL_0d4bdda614bd,essential,ESCO
OCC_ccd1a82716dc,SKL_5e1feca357b2,essential,ESCO
OCC_ccd1a82716dc,SKL_a85869292402,essential,ESCO
OCC_ccd1a82716dc,SKL_6062e63b2ca0,essential,ESCO
OCC_ccd1a82716dc,SKL_b72717b1c634,essential,ESCO
OCC_ccd1a82716dc,SKL_598b19e5beee,essential,ESCO
OCC_ccd1a82716dc,SKL_49903d102cc5,essential,ESCO
OCC_ccd1a82716dc,SKL_8fdc5cfeed79,essential,ESCO
OCC_ccd1a82716dc,SKL_1a3570884e47,essential,ESCO
OCC_ccd1a82716dc,SKL_185b1ce4d13f,essential,ESCO
OCC_ccd1a82716dc,SKL_d0bf41708bae,essential,ESCO
OCC_ccd1a82716dc,SKL_cd1a8c17e323,essential,ESCO
OCC_ccd1a82716dc,SKL_a0a82942ef54,essential,ESCO
OCC_ccd1a82716dc,SKL_a0b425f074d0,essential,ESCO
OCC_ccd1a82716dc,SKL_52bb539de37f,essential,ESCO
OCC_ccd1a82716dc,SKL_431affbbd0fa,essential,ESCO
OCC_ccd1a82716dc,SKL_275e26b6cba9,essential,ESCO
OCC_ccd1a82716dc,SKL_4f28193013fe,essential,ESCO
OCC_ccd1a82716dc,SKL_2246c5ebfabc,essential,ESCO
OCC_ccd1a82716dc,SKL_cdbdc2d82920,essential,ESCO
OCC_ccd1a82716dc,SKL_b1aa4a266780,essential,ESCO
OCC_ccd1a82716dc,SKL_d4f9396de51d,essential,ESCO
OCC_ccd1a82716dc,SKL_e236a38c4a85,essential,ESCO
OCC_ccd1a82716dc,SKL_8845df37d0d0,essential,ESCO
OCC_ccd1a82716dc,SKL_c74243986bea,essential,ESCO
OCC_ccd1a82716dc,SKL_580752d70a1a,essential,ESCO
OCC_ccd1a82716dc,SKL_4dd5e118bd42,essential,ESCO
OCC_ccd1a82716dc,SKL_60ffa168db6b,essential,ESCO
OCC_ccd1a82716dc,SKL_8eaf90e6b080,essential,ESCO
OCC_ccd1a82716dc,SKL_6187c92b007c,essential,ESCO
OCC_ccd1a82716dc,SKL_ba3fb6052878,essential,ESCO
OCC_ccd1a82716dc,SKL_c28e6064ca64,essential,ESCO
OCC_ccd1a82716dc,SKL_30e56678609f,optional,ESCO
OCC_ccd1a82716dc,SKL_77f91ccfa0fc,optional,ESCO
OCC_ccd1a82716dc,SKL_07fed61b3215,optional,ESCO
OCC_ccd1a82716dc,SKL_59ede493c1cb,optional,ESCO
OCC_ccd1a82716dc,SKL_885950a12687,optional,ESCO
OCC_ccd1a82716dc,SKL_d275975f2053,optional,ESCO
OCC_ccd1a82716dc,SKL_d3d9af86ef84,optional,ESCO
OCC_ccd1a82716dc,SKL_140b9672ae2f,optional,ESCO
OCC_ccd1a82716dc,SKL_d0035b994078,optional,ESCO
OCC_ccd1a82716dc,SKL_bf0e2870e3ff,optional,ESCO
OCC_ccd1a82716dc,SKL_ca7f5b48d835,optional,ESCO
OCC_ccd1a82716dc,SKL_6f26fd81e617,optional,ESCO
OCC_ccd1a82716dc,SKL_275cb7c82576,optional,ESCO
OCC_ccd1a82716dc,SKL_dc7da142d8bb,optional,ESCO
OCC_ccd1a82716dc,SKL_308342e28b73,optional,ESCO
OCC_ccd1a82716dc,SKL_b56d62566d72,optional,ESCO
OCC_ccd1a82716dc,SKL_e2b5df30b4ad,optional,ESCO
OCC_ccd1a82716dc,SKL_ae19bc58bf36,optional,ESCO
OCC_ccd1a82716dc,SKL_de055ba807c1,optional,ESCO
OCC_ccd1a82716dc,SKL_a06b16646953,optional,ESCO
OCC_ccd1a82716dc,SKL_ea47db501b9f,optional,ESCO
OCC_ccd1a82716dc,SKL_d98dfddbd8e1,optional,ESCO
OCC_ccd1a82716dc,SKL_0dd7f35929a5,optional,ESCO
OCC_ccd1a82716dc,SKL_1cf5e7517e2b,optional,ESCO
OCC_ccd1a82716dc,SKL_e0b7c20ad2a2,optional,ESCO
OCC_ccd1a82716dc,SKL_64bb489b222a,optional,ESCO
OCC_ccd1a82716dc,SKL_81f91dce66e4,optional,ESCO
OCC_ccd1a82716dc,SKL_a64f321f488f,optional,ESCO
OCC_ccd1a82716dc,SKL_d453c9ea1d9c,optional,ESCO
OCC_ccd1a82716dc,SKL_dc718588b284,optional,ESCO
OCC_ccd1a82716dc,SKL_1ce625596796,optional,ESCO
OCC_1cd71aaf46fd,SKL_d36c0e2ff2ea,essential,ESCO
OCC_1cd71aaf46fd,SKL_b0bfbf4c0f2a,essential,ESCO
OCC_1cd71aaf46fd,SKL_54429feac7cb,essential,ESCO
OCC_1cd71aaf46fd,SKL_eababd164e1d,essential,ESCO
OCC_1cd71aaf46fd,SKL_030cdb77fd91,essential,ESCO
OCC_1cd71aaf46fd,SKL_2e445df6f74b,essential,ESCO
OCC_1cd71aaf46fd,SKL_ec48889c1990,essential,ESCO
OCC_1cd71aaf46fd,SKL_bb70c18773cc,essential,ESCO
OCC_1cd71aaf46fd,SKL_81953b3440a3,essential,ESCO
OCC_1cd71aaf46fd,SKL_6a468ac789e8,essential,ESCO
OCC_1cd71aaf46fd,SKL_ad8a6209aa68,essential,ESCO
OCC_1cd71aaf46fd,SKL_caa92afcdf36,essential,ESCO
OCC_1cd71aaf46fd,SKL_ad7a7100bf74,essential,ESCO
OCC_1cd71aaf46fd,SKL_c9ce5d8cbc63,essential,ESCO
OCC_1cd71aaf46fd,SKL_e2f90c02665d,essential,ESCO
OCC_1cd71aaf46fd,SKL_e8bdfaeac68e,essential,ESCO
OCC_1cd71aaf46fd,SKL_2ab0a661bd39,essential,ESCO
OCC_1cd71aaf46fd,SKL_3edaef77a8dc,essential,ESCO
OCC_1cd71aaf46fd,SKL_014598d4e683,essential,ESCO
OCC_1cd71aaf46fd,SKL_19a46cabd4d8,essential,ESCO
OCC_1cd71aaf46fd,SKL_588b0ce4feb1,essential,ESCO
OCC_1cd71aaf46fd,SKL_9cd6fbd61736,essential,ESCO
OCC_1cd71aaf46fd,SKL_acb7132e14ad,essential,ESCO
OCC_1cd71aaf46fd,SKL_3e8275119d50,optional,ESCO
OCC_1cd71aaf46fd,SKL_e22e3873e2aa,optional,ESCO
OCC_1cd71aaf46fd,SKL_ad5527904d9f,optional,ESCO
OCC_1cd71aaf46fd,SKL_9b5584008e66,optional,ESCO
OCC_1cd71aaf46fd,SKL_962ed8d38c4e,optional,ESCO
OCC_1cd71aaf46fd,SKL_9cdd580294bf,optional,ESCO
OCC_1cd71aaf46fd,SKL_e09879137502,optional,ESCO
OCC_1cd71aaf46fd,SKL_2160823e5269,optional,ESCO
OCC_1cd71aaf46fd,SKL_faa48d074cba,optional,ESCO
OCC_1cd71aaf46fd,SKL_7688aa622488,optional,ESCO
OCC_1cd71aaf46fd,SKL_77f91ccfa0fc,optional,ESCO
OCC_1cd71aaf46fd,SKL_9fc5ffd462ae,optional,ESCO
OCC_1cd71aaf46fd,SKL_59c64ba70b70,optional,ESCO
OCC_1cd71aaf46fd,SKL_db90b8d9d02a,optional,ESCO
OCC_1cd71aaf46fd,SKL_8cca783b7e18,optional,ESCO
OCC_1cd71aaf46fd,SKL_a5bd02f3490e,optional,ESCO
OCC_1cd71aaf46fd,SKL_e83ea15281a7,optional,ESCO
OCC_1cd71aaf46fd,SKL_ed12c1daf339,optional,ESCO
OCC_1cd71aaf46fd,SKL_1124817a720e,optional,ESCO
OCC_1cd71aaf46fd,SKL_46088f1661b7,optional,ESCO
OCC_1cd71aaf46fd,SKL_17a6cda90b85,optional,ESCO
OCC_1cd71aaf46fd,SKL_a43bcca2465e,optional,ESCO
OCC_1cd71aaf46fd,SKL_a913b683ebd9,optional,ESCO
OCC_1cd71aaf46fd,SKL_d546743b9da1,optional,ESCO
OCC_1cd71aaf46fd,SKL_ca93b3f41810,optional,ESCO
OCC_1cd71aaf46fd,SKL_f6f390848b58,optional,ESCO
OCC_1cd71aaf46fd,SKL_c9160ddc7dcd,optional,ESCO
OCC_1cd71aaf46fd,SKL_88eabaa2c80d,optional,ESCO
OCC_1cd71aaf46fd,SKL_d537dfcccc25,optional,ESCO
OCC_1cd71aaf46fd,SKL_ccd10a9e58b7,optional,ESCO
OCC_1cd71aaf46fd,SKL_def6ad401f98,optional,ESCO
OCC_1cd71aaf46fd,SKL_bbc55bdf9279,optional,ESCO
OCC_1cd71aaf46fd,SKL_f858e811b523,optional,ESCO
OCC_1cd71aaf46fd,SKL_ab39799c3a36,optional,ESCO
OCC_1cd71aaf46fd,SKL_6b4086c51411,optional,ESCO
OCC_1cd71aaf46fd,SKL_b2efdf0b940a,optional,ESCO
OCC_1cd71aaf46fd,SKL_b7ce18b01c97,optional,ESCO
OCC_1cd71aaf46fd,SKL_4aab07be640c,optional,ESCO
OCC_1cd71aaf46fd,SKL_fddfe276744e,optional,ESCO
OCC_1cd71aaf46fd,SKL_5ee8a7543f31,optional,ESCO
OCC_1cd71aaf46fd,SKL_5a85416c775f,optional,ESCO
OCC_1cd71aaf46fd,SKL_cebd7936a54b,optional,ESCO
OCC_1cd71aaf46fd,SKL_e2b5df30b4ad,optional,ESCO
OCC_1cd71aaf46fd,SKL_b4e0aa885868,optional,ESCO
OCC_1cd71aaf46fd,SKL_ae8a143ffa63,optional,ESCO
OCC_1cd71aaf46fd,SKL_86eb8b674662,optional,ESCO
OCC_1cd71aaf46fd,SKL_de759b6256cc,optional,ESCO
OCC_1cd71aaf46fd,SKL_b52f6b21f082,optional,ESCO
OCC_1cd71aaf46fd,SKL_224770e9399c,optional,ESCO
OCC_1cd71aaf46fd,SKL_81167559edfd,optional,ESCO
OCC_1cd71aaf46fd,SKL_5bed2e74daf6,optional,ESCO
OCC_1cd71aaf46fd,SKL_1cd624314ce9,optional,ESCO
OCC_1cd71aaf46fd,SKL_af82150fafdb,optional,ESCO
OCC_1cd71aaf46fd,SKL_2b386dc088dc,optional,ESCO
OCC_1cd71aaf46fd,SKL_61058691b0ef,optional,ESCO
OCC_1cd71aaf46fd,SKL_5846d47024c9,optional,ESCO
OCC_1cd71aaf46fd,SKL_5d017b2d9604,optional,ESCO
OCC_1cd71aaf46fd,SKL_7019e9976329,optional,ESCO
OCC_1cd71aaf46fd,SKL_df69f4055e0d,optional,ESCO
OCC_1cd71aaf46fd,SKL_c6ec40ea85b9,optional,ESCO
OCC_1cd71aaf46fd,SKL_431affbbd0fa,optional,ESCO
OCC_1cd71aaf46fd,SKL_fc36ef6f31c9,optional,ESCO
OCC_1cd71aaf46fd,SKL_370980230f11,optional,ESCO
OCC_1cd71aaf46fd,SKL_1a9765b43218,optional,ESCO
OCC_1cd71aaf46fd,SKL_0dd7f35929a5,optional,ESCO
OCC_1cd71aaf46fd,SKL_f777a42c8a7a,optional,ESCO
OCC_1cd71aaf46fd,SKL_8845df37d0d0,optional,ESCO
OCC_1cd71aaf46fd,SKL_250cd2b20d54,optional,ESCO
OCC_1cd71aaf46fd,SKL_e2dbc508cb21,optional,ESCO
OCC_1cd71aaf46fd,SKL_8311e0f8dbf3,optional,ESCO
OCC_1cd71aaf46fd,SKL_0932d09f80bf,optional,ESCO
OCC_bd1d7a63edf2,SKL_38d8f380447f,essential,ESCO
OCC_bd1d7a63edf2,SKL_93f80f560331,essential,ESCO
OCC_bd1d7a63edf2,SKL_ab0615922027,essential,ESCO
OCC_bd1d7a63edf2,SKL_f8cdff52e6ee,essential,ESCO
OCC_bd1d7a63edf2,SKL_0ae8aa439cc1,essential,ESCO
OCC_bd1d7a63edf2,SKL_c5114bc54f61,essential,ESCO
OCC_bd1d7a63edf2,SKL_45833ea0a545,essential,ESCO
OCC_bd1d7a63edf2,SKL_0b6d0771361b,essential,ESCO
OCC_bd1d7a63edf2,SKL_370980230f11,essential,ESCO
OCC_bd1d7a63edf2,SKL_d00c0cbdf6af,essential,ESCO
OCC_bd1d7a63edf2,SKL_ae868395e7ed,essential,ESCO
OCC_bd1d7a63edf2,SKL_1a9765b43218,essential,ESCO
OCC_bd1d7a63edf2,SKL_9956fe48da2c,essential,ESCO
OCC_bd1d7a63edf2,SKL_008e59920331,essential,ESCO
OCC_bd1d7a63edf2,SKL_d8365db0bf51,essential,ESCO
OCC_bd1d7a63edf2,SKL_e611a343e4e9,essential,ESCO
OCC_bd1d7a63edf2,SKL_be15098358f4,essential,ESCO
OCC_bd1d7a63edf2,SKL_891fd5e04d20,essential,ESCO
OCC_bd1d7a63edf2,SKL_4fdff2983c01,essential,ESCO
OCC_bd1d7a63edf2,SKL_e2dbc508cb21,essential,ESCO
OCC_bd1d7a63edf2,SKL_1e8fe35aac35,essential,ESCO
OCC_bd1d7a63edf2,SKL_cf44a983788c,essential,ESCO
OCC_bd1d7a63edf2,SKL_8a3ed198aa24,essential,ESCO
OCC_bd1d7a63edf2,SKL_d7981c6ceac0,essential,ESCO
OCC_bd1d7a63edf2,SKL_29b4410cdb6a,essential,ESCO
OCC_bd1d7a63edf2,SKL_8a9651b100b9,essential,ESCO
OCC_bd1d7a63edf2,SKL_0d11c1c4ba27,essential,ESCO
OCC_bd1d7a63edf2,SKL_26bcb7a7c221,essential,ESCO
OCC_bd1d7a63edf2,SKL_6df9c3907c46,optional,ESCO
OCC_bd1d7a63edf2,SKL_36dcc4135ed3,optional,ESCO
OCC_bd1d7a63edf2,SKL_0de1bcfc9fd2,optional,ESCO
OCC_bd1d7a63edf2,SKL_0e0ddaf5873f,optional,ESCO
OCC_bd1d7a63edf2,SKL_a4917fa3f867,optional,ESCO
OCC_bd1d7a63edf2,SKL_07a7e2a00de2,optional,ESCO
OCC_bd1d7a63edf2,SKL_5f8c22d6f0f5,optional,ESCO
OCC_bd1d7a63edf2,SKL_4a174ce373ac,optional,ESCO
OCC_bd1d7a63edf2,SKL_9c97e63afd1a,optional,ESCO
OCC_bd1d7a63edf2,SKL_e681e8b852a4,optional,ESCO
OCC_bd1d7a63edf2,SKL_53fbbdc90e13,optional,ESCO
OCC_bd1d7a63edf2,SKL_02c69b93451d,optional,ESCO
OCC_bd1d7a63edf2,SKL_baba1c8d18ea,optional,ESCO
OCC_bd1d7a63edf2,SKL_56358ec7d691,optional,ESCO
OCC_bd1d7a63edf2,SKL_c6b378206477,optional,ESCO
OCC_bd1d7a63edf2,SKL_109edeaf36eb,optional,ESCO
OCC_bd1d7a63edf2,SKL_a474d184a0a0,optional,ESCO
OCC_bd1d7a63edf2,SKL_28d134745ea4,optional,ESCO
OCC_bd1d7a63edf2,SKL_5a7d26256464,optional,ESCO
OCC_bd1d7a63edf2,SKL_04e6c64d8bdd,optional,ESCO
OCC_bd1d7a63edf2,SKL_789c67df42ab,optional,ESCO
OCC_bd1d7a63edf2,SKL_80e5a9774341,optional,ESCO
OCC_bd1d7a63edf2,SKL_789d2af203ff,optional,ESCO
OCC_bd1d7a63edf2,SKL_b1d3c0bd074a,optional,ESCO
OCC_bd1d7a63edf2,SKL_2fe1ad7a3d79,optional,ESCO
OCC_bd1d7a63edf2,SKL_6b3b58ffac7b,optional,ESCO
OCC_bd1d7a63edf2,SKL_0643ee1dab7c,optional,ESCO
OCC_9e5778cecf8d,SKL_6fce2b343b90,essential,ESCO
OCC_9e5778cecf8d,SKL_b5bcb2fa8e6d,essential,ESCO
OCC_9e5778cecf8d,SKL_eababd164e1d,essential,ESCO
OCC_9e5778cecf8d,SKL_2e445df6f74b,essential,ESCO
OCC_9e5778cecf8d,SKL_0ae8aa439cc1,essential,ESCO
OCC_9e5778cecf8d,SKL_f18769bf13e8,essential,ESCO
OCC_9e5778cecf8d,SKL_2826cd7b523c,essential,ESCO
OCC_9e5778cecf8d,SKL_0b6d0771361b,essential,ESCO
OCC_9e5778cecf8d,SKL_370980230f11,essential,ESCO
OCC_9e5778cecf8d,SKL_caa92afcdf36,essential,ESCO
OCC_9e5778cecf8d,SKL_d00c0cbdf6af,essential,ESCO
OCC_9e5778cecf8d,SKL_1a9765b43218,essential,ESCO
OCC_9e5778cecf8d,SKL_a9effbb722ab,essential,ESCO
OCC_9e5778cecf8d,SKL_929f2bc40d7c,essential,ESCO
OCC_9e5778cecf8d,SKL_9220927db32b,essential,ESCO
OCC_9e5778cecf8d,SKL_1f6b52c0fcf7,essential,ESCO
OCC_9e5778cecf8d,SKL_1e8fe35aac35,essential,ESCO
OCC_9e5778cecf8d,SKL_3b1c6e0aad62,essential,ESCO
OCC_9e5778cecf8d,SKL_4adb0a2106db,essential,ESCO
OCC_9e5778cecf8d,SKL_8a9651b100b9,essential,ESCO
OCC_9e5778cecf8d,SKL_a056c33cbcd4,essential,ESCO
OCC_9e5778cecf8d,SKL_e0cf7c334b3e,essential,ESCO
OCC_9e5778cecf8d,SKL_1ce625596796,essential,ESCO
OCC_9e5778cecf8d,SKL_3e8275119d50,optional,ESCO
OCC_9e5778cecf8d,SKL_e22e3873e2aa,optional,ESCO
OCC_9e5778cecf8d,SKL_a33504a35440,optional,ESCO
OCC_9e5778cecf8d,SKL_ad5527904d9f,optional,ESCO
OCC_9e5778cecf8d,SKL_6df9c3907c46,optional,ESCO
OCC_9e5778cecf8d,SKL_9b5584008e66,optional,ESCO
OCC_9e5778cecf8d,SKL_962ed8d38c4e,optional,ESCO
OCC_9e5778cecf8d,SKL_9cdd580294bf,optional,ESCO
OCC_9e5778cecf8d,SKL_faa48d074cba,optional,ESCO
OCC_9e5778cecf8d,SKL_362baba5cb5a,optional,ESCO
OCC_9e5778cecf8d,SKL_9fc5ffd462ae,optional,ESCO
OCC_9e5778cecf8d,SKL_59c64ba70b70,optional,ESCO
OCC_9e5778cecf8d,SKL_139c1ba8356c,optional,ESCO
OCC_9e5778cecf8d,SKL_a5bd02f3490e,optional,ESCO
OCC_9e5778cecf8d,SKL_e83ea15281a7,optional,ESCO
OCC_9e5778cecf8d,SKL_1124817a720e,optional,ESCO
OCC_9e5778cecf8d,SKL_46088f1661b7,optional,ESCO
OCC_9e5778cecf8d,SKL_17a6cda90b85,optional,ESCO
OCC_9e5778cecf8d,SKL_a43bcca2465e,optional,ESCO
OCC_9e5778cecf8d,SKL_140b9672ae2f,optional,ESCO
OCC_9e5778cecf8d,SKL_a913b683ebd9,optional,ESCO
OCC_9e5778cecf8d,SKL_f6f390848b58,optional,ESCO
OCC_9e5778cecf8d,SKL_c9160ddc7dcd,optional,ESCO
OCC_9e5778cecf8d,SKL_88eabaa2c80d,optional,ESCO
OCC_9e5778cecf8d,SKL_d537dfcccc25,optional,ESCO
OCC_9e5778cecf8d,SKL_ccd10a9e58b7,optional,ESCO
OCC_9e5778cecf8d,SKL_c0d9b25a3929,optional,ESCO
OCC_9e5778cecf8d,SKL_83dfa0298e85,optional,ESCO
OCC_9e5778cecf8d,SKL_aea959fc8fab,optional,ESCO
OCC_9e5778cecf8d,SKL_36d64273ebbf,optional,ESCO
OCC_9e5778cecf8d,SKL_f8cdff52e6ee,optional,ESCO
OCC_9e5778cecf8d,SKL_f858e811b523,optional,ESCO
OCC_9e5778cecf8d,SKL_6b4086c51411,optional,ESCO
OCC_9e5778cecf8d,SKL_fddfe276744e,optional,ESCO
OCC_9e5778cecf8d,SKL_5ee8a7543f31,optional,ESCO
OCC_9e5778cecf8d,SKL_5a85416c775f,optional,ESCO
OCC_9e5778cecf8d,SKL_ec2491e3eb27,optional,ESCO
OCC_9e5778cecf8d,SKL_86eb8b674662,optional,ESCO
OCC_9e5778cecf8d,SKL_de759b6256cc,optional,ESCO
OCC_9e5778cecf8d,SKL_b52f6b21f082,optional,ESCO
OCC_9e5778cecf8d,SKL_224770e9399c,optional,ESCO
OCC_9e5778cecf8d,SKL_e681e8b852a4,optional,ESCO
OCC_9e5778cecf8d,SKL_81167559edfd,optional,ESCO
OCC_9e5778cecf8d,SKL_1cd624314ce9,optional,ESCO
OCC_9e5778cecf8d,SKL_2b386dc088dc,optional,ESCO
OCC_9e5778cecf8d,SKL_53fbbdc90e13,optional,ESCO
OCC_9e5778cecf8d,SKL_02c69b93451d,optional,ESCO
OCC_9e5778cecf8d,SKL_61058691b0ef,optional,ESCO
OCC_9e5778cecf8d,SKL_5846d47024c9,optional,ESCO
OCC_9e5778cecf8d,SKL_7019e9976329,optional,ESCO
OCC_9e5778cecf8d,SKL_df69f4055e0d,optional,ESCO
OCC_9e5778cecf8d,SKL_ad07bc17b05e,optional,ESCO
OCC_9e5778cecf8d,SKL_fc36ef6f31c9,optional,ESCO
OCC_9e5778cecf8d,SKL_c763014c7d96,optional,ESCO
OCC_9e5778cecf8d,SKL_56358ec7d691,optional,ESCO
OCC_9e5778cecf8d,SKL_d8365db0bf51,optional,ESCO
OCC_9e5778cecf8d,SKL_c6b378206477,optional,ESCO
OCC_9e5778cecf8d,SKL_a474d184a0a0,optional,ESCO
OCC_9e5778cecf8d,SKL_dddd918d8d0c,optional,ESCO
OCC_9e5778cecf8d,SKL_5a7d26256464,optional,ESCO
OCC_9e5778cecf8d,SKL_ea96d8f39e81,optional,ESCO
OCC_9e5778cecf8d,SKL_993e5a908b00,optional,ESCO
OCC_9e5778cecf8d,SKL_b612c882be81,optional,ESCO
OCC_9e5778cecf8d,SKL_80e5a9774341,optional,ESCO
OCC_9e5778cecf8d,SKL_a0910b4e42c4,optional,ESCO
OCC_9e5778cecf8d,SKL_dc718588b284,optional,ESCO
OCC_9e5778cecf8d,SKL_b1d3c0bd074a,optional,ESCO
OCC_9e5778cecf8d,SKL_2fe1ad7a3d79,optional,ESCO
OCC_9e5778cecf8d,SKL_0643ee1dab7c,optional,ESCO
OCC_727ec0d8350c,SKL_b952b2bee8dd,essential,ESCO
OCC_727ec0d8350c,SKL_52bb539de37f,essential,ESCO
OCC_727ec0d8350c,SKL_3f9f22b21c7f,essential,ESCO
OCC_727ec0d8350c,SKL_370980230f11,essential,ESCO
OCC_727ec0d8350c,SKL_f32027a81e9b,essential,ESCO
OCC_727ec0d8350c,SKL_f8b61597f142,essential,ESCO
OCC_727ec0d8350c,SKL_5b3f38c82113,essential,ESCO
OCC_727ec0d8350c,SKL_a1c8e261b079,essential,ESCO
OCC_727ec0d8350c,SKL_b4bbfe5755b9,essential,ESCO
OCC_727ec0d8350c,SKL_fa86dc413a7c,essential,ESCO
OCC_727ec0d8350c,SKL_14a0542ac51a,essential,ESCO
OCC_727ec0d8350c,SKL_083a16a42745,essential,ESCO
OCC_727ec0d8350c,SKL_b1aa4a266780,essential,ESCO
OCC_727ec0d8350c,SKL_d4f9396de51d,essential,ESCO
OCC_727ec0d8350c,SKL_62bde1fe53e2,essential,ESCO
OCC_727ec0d8350c,SKL_0cec36746a78,essential,ESCO
OCC_727ec0d8350c,SKL_071d40f9fd14,essential,ESCO
OCC_727ec0d8350c,SKL_a31bcce95330,essential,ESCO
OCC_727ec0d8350c,SKL_dc4c59fd5c78,essential,ESCO
OCC_727ec0d8350c,SKL_b7ce81979709,essential,ESCO
OCC_727ec0d8350c,SKL_690d0d9213ea,essential,ESCO
OCC_727ec0d8350c,SKL_1ed98874895e,essential,ESCO
OCC_727ec0d8350c,SKL_be15098358f4,essential,ESCO
OCC_727ec0d8350c,SKL_e31c30f07321,essential,ESCO
OCC_727ec0d8350c,SKL_17de38ea8328,essential,ESCO
OCC_727ec0d8350c,SKL_633fc2486338,essential,ESCO
OCC_727ec0d8350c,SKL_b04355598611,essential,ESCO
OCC_727ec0d8350c,SKL_5a38e0a81946,essential,ESCO
OCC_727ec0d8350c,SKL_2d043cf9df34,essential,ESCO
OCC_727ec0d8350c,SKL_5f8845f1d5e0,essential,ESCO
OCC_727ec0d8350c,SKL_80db69e65dcf,essential,ESCO
OCC_727ec0d8350c,SKL_e0b5ce94e2d9,essential,ESCO
OCC_727ec0d8350c,SKL_526faf3276ed,essential,ESCO
OCC_727ec0d8350c,SKL_0497519b9e19,essential,ESCO
OCC_727ec0d8350c,SKL_241100d02d30,essential,ESCO
OCC_727ec0d8350c,SKL_1867331e9788,essential,ESCO
OCC_727ec0d8350c,SKL_9de0f5461144,essential,ESCO
OCC_727ec0d8350c,SKL_4169635a80e2,essential,ESCO
OCC_727ec0d8350c,SKL_1911edef9778,essential,ESCO
OCC_727ec0d8350c,SKL_37eb93868d67,essential,ESCO
OCC_727ec0d8350c,SKL_d9040f1b085b,essential,ESCO
OCC_727ec0d8350c,SKL_b1d9f1c55a59,essential,ESCO
OCC_727ec0d8350c,SKL_2dc98e79752c,essential,ESCO
OCC_727ec0d8350c,SKL_1719b2eb4004,essential,ESCO
OCC_727ec0d8350c,SKL_44c7b9983210,essential,ESCO
OCC_727ec0d8350c,SKL_cd9a898340a1,optional,ESCO
OCC_727ec0d8350c,SKL_81d5b505c80d,optional,ESCO
OCC_727ec0d8350c,SKL_96926ab90fab,optional,ESCO
OCC_727ec0d8350c,SKL_07fed61b3215,optional,ESCO
OCC_727ec0d8350c,SKL_5f7aa564dfb2,optional,ESCO
OCC_727ec0d8350c,SKL_18b153db615d,optional,ESCO
OCC_727ec0d8350c,SKL_a2b051fbd22d,optional,ESCO
OCC_727ec0d8350c,SKL_a186ecb91e42,optional,ESCO
OCC_727ec0d8350c,SKL_0d4bdda614bd,optional,ESCO
OCC_727ec0d8350c,SKL_d275975f2053,optional,ESCO
OCC_727ec0d8350c,SKL_4615fd065bda,optional,ESCO
OCC_727ec0d8350c,SKL_140b9672ae2f,optional,ESCO
OCC_727ec0d8350c,SKL_a85869292402,optional,ESCO
OCC_727ec0d8350c,SKL_2c4e150b3816,optional,ESCO
OCC_727ec0d8350c,SKL_643fa956234d,optional,ESCO
OCC_727ec0d8350c,SKL_d0035b994078,optional,ESCO
OCC_727ec0d8350c,SKL_b72717b1c634,optional,ESCO
OCC_727ec0d8350c,SKL_7316456072df,optional,ESCO
OCC_727ec0d8350c,SKL_a79209ee3045,optional,ESCO
OCC_727ec0d8350c,SKL_4a2d8a931138,optional,ESCO
OCC_727ec0d8350c,SKL_49903d102cc5,optional,ESCO
OCC_727ec0d8350c,SKL_1a3570884e47,optional,ESCO
OCC_727ec0d8350c,SKL_05d942fe2ec4,optional,ESCO
OCC_727ec0d8350c,SKL_185b1ce4d13f,optional,ESCO
OCC_727ec0d8350c,SKL_308342e28b73,optional,ESCO
OCC_727ec0d8350c,SKL_12fcd896a282,optional,ESCO
OCC_727ec0d8350c,SKL_cd1a8c17e323,optional,ESCO
OCC_727ec0d8350c,SKL_de055ba807c1,optional,ESCO
OCC_727ec0d8350c,SKL_4cd9c82e2b55,optional,ESCO
OCC_727ec0d8350c,SKL_c4814cbb355b,optional,ESCO
OCC_727ec0d8350c,SKL_31729146cb82,optional,ESCO
OCC_727ec0d8350c,SKL_ea47db501b9f,optional,ESCO
OCC_727ec0d8350c,SKL_3f11287772f2,optional,ESCO
OCC_727ec0d8350c,SKL_0dd7f35929a5,optional,ESCO
OCC_727ec0d8350c,SKL_d4b77317c825,optional,ESCO
OCC_727ec0d8350c,SKL_e236a38c4a85,optional,ESCO
OCC_727ec0d8350c,SKL_2be24dceca04,optional,ESCO
OCC_727ec0d8350c,SKL_c18c5f00290e,optional,ESCO
OCC_727ec0d8350c,SKL_f24b2d743df5,optional,ESCO
OCC_727ec0d8350c,SKL_666b1c906f94,optional,ESCO
OCC_727ec0d8350c,SKL_7d4032a04a10,optional,ESCO
OCC_727ec0d8350c,SKL_096204475b7f,optional,ESCO
OCC_727ec0d8350c,SKL_8dbcd96e6942,optional,ESCO
OCC_727ec0d8350c,SKL_d453c9ea1d9c,optional,ESCO
OCC_727ec0d8350c,SKL_3b874310b02a,optional,ESCO
OCC_e57061351bc6,SKL_42c8f4b09db4,essential,ESCO
OCC_e57061351bc6,SKL_59c64ba70b70,essential,ESCO
OCC_e57061351bc6,SKL_72f57a9dac19,essential,ESCO
OCC_e57061351bc6,SKL_def6ad401f98,essential,ESCO
OCC_e57061351bc6,SKL_edbffb865bc9,essential,ESCO
OCC_e57061351bc6,SKL_4ffa5c387846,essential,ESCO
OCC_e57061351bc6,SKL_2621a1e8af59,essential,ESCO
OCC_e57061351bc6,SKL_5d725c59527d,essential,ESCO
OCC_e57061351bc6,SKL_36c8b1712a0f,essential,ESCO
OCC_e57061351bc6,SKL_370980230f11,essential,ESCO
OCC_e57061351bc6,SKL_2e64fb93c3f2,essential,ESCO
OCC_e57061351bc6,SKL_9486b1cb5a8f,essential,ESCO
OCC_e57061351bc6,SKL_138d3c16c190,essential,ESCO
OCC_e57061351bc6,SKL_c2ce930d35e3,essential,ESCO
OCC_e57061351bc6,SKL_4da81ba8fc0e,essential,ESCO
OCC_e57061351bc6,SKL_b7ce81979709,essential,ESCO
OCC_e57061351bc6,SKL_ad8c314e6c08,essential,ESCO
OCC_e57061351bc6,SKL_3f8f40bf38e2,essential,ESCO
OCC_e57061351bc6,SKL_9530b497844a,essential,ESCO
OCC_e57061351bc6,SKL_014598d4e683,essential,ESCO
OCC_e57061351bc6,SKL_e439fbbfbc7a,essential,ESCO
OCC_e57061351bc6,SKL_e1be1080dfc6,essential,ESCO
OCC_e57061351bc6,SKL_8a9651b100b9,essential,ESCO
OCC_e57061351bc6,SKL_2413edb46063,essential,ESCO
OCC_e57061351bc6,SKL_3e8275119d50,optional,ESCO
OCC_e57061351bc6,SKL_aaa07ffaa309,optional,ESCO
OCC_e57061351bc6,SKL_e22e3873e2aa,optional,ESCO
OCC_e57061351bc6,SKL_ad5527904d9f,optional,ESCO
OCC_e57061351bc6,SKL_9b5584008e66,optional,ESCO
OCC_e57061351bc6,SKL_962ed8d38c4e,optional,ESCO
OCC_e57061351bc6,SKL_99c6f04ac23c,optional,ESCO
OCC_e57061351bc6,SKL_9cdd580294bf,optional,ESCO
OCC_e57061351bc6,SKL_81d5b505c80d,optional,ESCO
OCC_e57061351bc6,SKL_faa48d074cba,optional,ESCO
OCC_e57061351bc6,SKL_86420149ed27,optional,ESCO
OCC_e57061351bc6,SKL_362baba5cb5a,optional,ESCO
OCC_e57061351bc6,SKL_9fc5ffd462ae,optional,ESCO
OCC_e57061351bc6,SKL_5d765b95544c,optional,ESCO
OCC_e57061351bc6,SKL_5f7aa564dfb2,optional,ESCO
OCC_e57061351bc6,SKL_a5bd02f3490e,optional,ESCO
OCC_e57061351bc6,SKL_e83ea15281a7,optional,ESCO
OCC_e57061351bc6,SKL_7fafd50b81a5,optional,ESCO
OCC_e57061351bc6,SKL_1124817a720e,optional,ESCO
OCC_e57061351bc6,SKL_46088f1661b7,optional,ESCO
OCC_e57061351bc6,SKL_17a6cda90b85,optional,ESCO
OCC_e57061351bc6,SKL_a43bcca2465e,optional,ESCO
OCC_e57061351bc6,SKL_4f8027620713,optional,ESCO
OCC_e57061351bc6,SKL_b65348538f34,optional,ESCO
OCC_e57061351bc6,SKL_a913b683ebd9,optional,ESCO
OCC_e57061351bc6,SKL_f6f390848b58,optional,ESCO
OCC_e57061351bc6,SKL_c9160ddc7dcd,optional,ESCO
OCC_e57061351bc6,SKL_88eabaa2c80d,optional,ESCO
OCC_e57061351bc6,SKL_d537dfcccc25,optional,ESCO
OCC_e57061351bc6,SKL_54188f599eea,optional,ESCO
OCC_e57061351bc6,SKL_ccd10a9e58b7,optional,ESCO
OCC_e57061351bc6,SKL_2c4e150b3816,optional,ESCO
OCC_e57061351bc6,SKL_516c38d191ba,optional,ESCO
OCC_e57061351bc6,SKL_8c66ec45bce8,optional,ESCO
OCC_e57061351bc6,SKL_6062e63b2ca0,optional,ESCO
OCC_e57061351bc6,SKL_1f0193f209e9,optional,ESCO
OCC_e57061351bc6,SKL_327b78a43765,optional,ESCO
OCC_e57061351bc6,SKL_c4334e388dc0,optional,ESCO
OCC_e57061351bc6,SKL_9c5bfe58b903,optional,ESCO
OCC_e57061351bc6,SKL_175902ab3712,optional,ESCO
OCC_e57061351bc6,SKL_a79209ee3045,optional,ESCO
OCC_e57061351bc6,SKL_f8cdff52e6ee,optional,ESCO
OCC_e57061351bc6,SKL_f858e811b523,optional,ESCO
OCC_e57061351bc6,SKL_6b4086c51411,optional,ESCO
OCC_e57061351bc6,SKL_b2efdf0b940a,optional,ESCO
OCC_e57061351bc6,SKL_04a2d8996b23,optional,ESCO
OCC_e57061351bc6,SKL_b7a8a0c55d12,optional,ESCO
OCC_e57061351bc6,SKL_2910ef285ce6,optional,ESCO
OCC_e57061351bc6,SKL_fddfe276744e,optional,ESCO
OCC_e57061351bc6,SKL_5ee8a7543f31,optional,ESCO
OCC_e57061351bc6,SKL_05d942fe2ec4,optional,ESCO
OCC_e57061351bc6,SKL_5a85416c775f,optional,ESCO
OCC_e57061351bc6,SKL_6e06692ca9dc,optional,ESCO
OCC_e57061351bc6,SKL_eac191d41595,optional,ESCO
OCC_e57061351bc6,SKL_86eb8b674662,optional,ESCO
OCC_e57061351bc6,SKL_de759b6256cc,optional,ESCO
OCC_e57061351bc6,SKL_a8e640d3772f,optional,ESCO
OCC_e57061351bc6,SKL_b52f6b21f082,optional,ESCO
OCC_e57061351bc6,SKL_224770e9399c,optional,ESCO
OCC_e57061351bc6,SKL_81167559edfd,optional,ESCO
OCC_e57061351bc6,SKL_4687c1d5b8d4,optional,ESCO
OCC_e57061351bc6,SKL_1cd624314ce9,optional,ESCO
OCC_e57061351bc6,SKL_2b386dc088dc,optional,ESCO
OCC_e57061351bc6,SKL_61058691b0ef,optional,ESCO
OCC_e57061351bc6,SKL_5846d47024c9,optional,ESCO
OCC_e57061351bc6,SKL_7019e9976329,optional,ESCO
OCC_e57061351bc6,SKL_df69f4055e0d,optional,ESCO
OCC_e57061351bc6,SKL_d67dfc4ee39e,optional,ESCO
OCC_e57061351bc6,SKL_47f2166fb857,optional,ESCO
OCC_e57061351bc6,SKL_fc36ef6f31c9,optional,ESCO
OCC_e57061351bc6,SKL_1c64576763e5,optional,ESCO
OCC_e57061351bc6,SKL_1e60c0a605d3,optional,ESCO
OCC_e57061351bc6,SKL_3887cab28790,optional,ESCO
OCC_e57061351bc6,SKL_88e58a1e2200,optional,ESCO
OCC_e57061351bc6,SKL_dddd918d8d0c,optional,ESCO
OCC_e57061351bc6,SKL_f9a3c3ad2595,optional,ESCO
OCC_e57061351bc6,SKL_f24b2d743df5,optional,ESCO
OCC_e57061351bc6,SKL_91a3e0a560f7,optional,ESCO
OCC_e57061351bc6,SKL_f538b5a71a6c,optional,ESCO
OCC_e57061351bc6,SKL_891fd5e04d20,optional,ESCO
OCC_e57061351bc6,SKL_e92f735f2558,optional,ESCO
OCC_e57061351bc6,SKL_a056c33cbcd4,optional,ESCO
OCC_e57061351bc6,SKL_be093e79069c,optional,ESCO
OCC_e57061351bc6,SKL_67de2545bb79,optional,ESCO
OCC_7ca8931aad99,SKL_96a1e6b4ee57,essential,ESCO
OCC_7ca8931aad99,SKL_c6689c05585a,essential,ESCO
OCC_7ca8931aad99,SKL_a2b051fbd22d,essential,ESCO
OCC_7ca8931aad99,SKL_2556f77c4d95,essential,ESCO
OCC_7ca8931aad99,SKL_027b4b2aa1a9,essential,ESCO
OCC_7ca8931aad99,SKL_5ad581fa1e0f,essential,ESCO
OCC_7ca8931aad99,SKL_87d1bd84a090,essential,ESCO
OCC_7ca8931aad99,SKL_f928dfa37ee7,essential,ESCO
OCC_7ca8931aad99,SKL_a561c76a0e88,essential,ESCO
OCC_7ca8931aad99,SKL_e31c30f07321,essential,ESCO
OCC_7ca8931aad99,SKL_b04355598611,essential,ESCO
OCC_7ca8931aad99,SKL_845971a3c198,essential,ESCO
OCC_7ca8931aad99,SKL_80db69e65dcf,essential,ESCO
OCC_7ca8931aad99,SKL_1e8fe35aac35,essential,ESCO
OCC_7ca8931aad99,SKL_3bd4dede8a96,essential,ESCO
OCC_7ca8931aad99,SKL_d453c9ea1d9c,essential,ESCO
OCC_7ca8931aad99,SKL_8a9651b100b9,essential,ESCO
OCC_7ca8931aad99,SKL_2dc98e79752c,essential,ESCO
OCC_7ca8931aad99,SKL_6df9c3907c46,optional,ESCO
OCC_7ca8931aad99,SKL_77f91ccfa0fc,optional,ESCO
OCC_7ca8931aad99,SKL_07fed61b3215,optional,ESCO
OCC_7ca8931aad99,SKL_5e1feca357b2,optional,ESCO
OCC_7ca8931aad99,SKL_d275975f2053,optional,ESCO
OCC_7ca8931aad99,SKL_d0035b994078,optional,ESCO
OCC_7ca8931aad99,SKL_b2efdf0b940a,optional,ESCO
OCC_7ca8931aad99,SKL_1a3570884e47,optional,ESCO
OCC_7ca8931aad99,SKL_185b1ce4d13f,optional,ESCO
OCC_7ca8931aad99,SKL_308342e28b73,optional,ESCO
OCC_7ca8931aad99,SKL_e681e8b852a4,optional,ESCO
OCC_7ca8931aad99,SKL_de055ba807c1,optional,ESCO
OCC_7ca8931aad99,SKL_00199bcd086f,optional,ESCO
OCC_7ca8931aad99,SKL_aea3e91c5092,optional,ESCO
OCC_7ca8931aad99,SKL_53fbbdc90e13,optional,ESCO
OCC_7ca8931aad99,SKL_02c69b93451d,optional,ESCO
OCC_7ca8931aad99,SKL_ea47db501b9f,optional,ESCO
OCC_7ca8931aad99,SKL_25e293017929,optional,ESCO
OCC_7ca8931aad99,SKL_165eec91c5d4,optional,ESCO
OCC_7ca8931aad99,SKL_c88ea684ad79,optional,ESCO
OCC_7ca8931aad99,SKL_b4830b23bb8d,optional,ESCO
OCC_7ca8931aad99,SKL_4fdff2983c01,optional,ESCO
OCC_7ca8931aad99,SKL_70a487b401b1,optional,ESCO
OCC_7ca8931aad99,SKL_fac53db94872,optional,ESCO
OCC_7ca8931aad99,SKL_e6ca3be59c9b,optional,ESCO
OCC_7ca8931aad99,SKL_c4873b8383da,optional,ESCO
OCC_7ca8931aad99,SKL_26feceb26c81,optional,ESCO
OCC_0a3ba0a2e348,SKL_ed1c943a2742,essential,ESCO
OCC_0a3ba0a2e348,SKL_eababd164e1d,essential,ESCO
OCC_0a3ba0a2e348,SKL_2f6bd9df1a40,essential,ESCO
OCC_0a3ba0a2e348,SKL_0ae8aa439cc1,essential,ESCO
OCC_0a3ba0a2e348,SKL_9c97e63afd1a,essential,ESCO
OCC_0a3ba0a2e348,SKL_39001d5b3aea,essential,ESCO
OCC_0a3ba0a2e348,SKL_9486b1cb5a8f,essential,ESCO
OCC_0a3ba0a2e348,SKL_a06ae49b7664,essential,ESCO
OCC_0a3ba0a2e348,SKL_cbd97a2e6290,essential,ESCO
OCC_0a3ba0a2e348,SKL_a474d184a0a0,essential,ESCO
OCC_0a3ba0a2e348,SKL_22320b92666f,essential,ESCO
OCC_0a3ba0a2e348,SKL_416a1accd749,essential,ESCO
OCC_0a3ba0a2e348,SKL_e5dfb4a3c635,essential,ESCO
OCC_0a3ba0a2e348,SKL_4d8fe5bd3afb,essential,ESCO
OCC_0a3ba0a2e348,SKL_1e8fe35aac35,essential,ESCO
OCC_0a3ba0a2e348,SKL_c98638f8926e,essential,ESCO
OCC_0a3ba0a2e348,SKL_8a9651b100b9,essential,ESCO
OCC_0a3ba0a2e348,SKL_32ea606ef54c,essential,ESCO
OCC_0a3ba0a2e348,SKL_6fce2b343b90,optional,ESCO
OCC_0a3ba0a2e348,SKL_6d0bdba7a8b1,optional,ESCO
OCC_0a3ba0a2e348,SKL_96926ab90fab,optional,ESCO
OCC_0a3ba0a2e348,SKL_59ede493c1cb,optional,ESCO
OCC_0a3ba0a2e348,SKL_a186ecb91e42,optional,ESCO
OCC_0a3ba0a2e348,SKL_5e1feca357b2,optional,ESCO
OCC_0a3ba0a2e348,SKL_27cdecd220ea,optional,ESCO
OCC_0a3ba0a2e348,SKL_b72717b1c634,optional,ESCO
OCC_0a3ba0a2e348,SKL_4a174ce373ac,optional,ESCO
OCC_0a3ba0a2e348,SKL_49903d102cc5,optional,ESCO
OCC_0a3ba0a2e348,SKL_ae19bc58bf36,optional,ESCO
OCC_0a3ba0a2e348,SKL_56acbc4788c5,optional,ESCO
OCC_0a3ba0a2e348,SKL_cd1a8c17e323,optional,ESCO
OCC_0a3ba0a2e348,SKL_a94e84871ee9,optional,ESCO
OCC_0a3ba0a2e348,SKL_e7fb6eaf90b6,optional,ESCO
OCC_0a3ba0a2e348,SKL_d8365db0bf51,optional,ESCO
OCC_0a3ba0a2e348,SKL_b1aa4a266780,optional,ESCO
OCC_0a3ba0a2e348,SKL_eed64f813250,optional,ESCO
OCC_0a3ba0a2e348,SKL_2320901baa0c,optional,ESCO
OCC_98d19aeea9a4,SKL_ec61f586f66c,essential,ROME
OCC_98d19aeea9a4,SKL_b9103602fe4a,essential,ROME
OCC_98d19aeea9a4,SKL_6bc463f07761,essential,ROME
OCC_98d19aeea9a4,SKL_dd922a178dae,essential,ROME
OCC_98d19aeea9a4,SKL_fdc924f15b23,essential,ROME
OCC_98d19aeea9a4,SKL_b3fd7d7f4ff0,essential,ROME
OCC_98d19aeea9a4,SKL_e64feec358ab,essential,ROME
OCC_98d19aeea9a4,SKL_40d630182996,essential,ROME
OCC_98d19aeea9a4,SKL_b6bf9819daed,essential,ROME
OCC_98d19aeea9a4,SKL_73d6afdae280,essential,ROME
OCC_98d19aeea9a4,SKL_761c31315cf3,essential,ROME
OCC_98d19aeea9a4,SKL_37cc81342e7f,essential,ROME
OCC_98d19aeea9a4,SKL_a64d184f3ba7,essential,ROME
OCC_98d19aeea9a4,SKL_53042609a1f8,essential,ROME
OCC_98d19aeea9a4,SKL_09bd09e57833,essential,ROME
OCC_98d19aeea9a4,SKL_5a8c6d60f021,essential,ROME
OCC_98d19aeea9a4,SKL_f9cfc9661bcc,essential,ROME
OCC_98d19aeea9a4,SKL_e4f0b9447c27,essential,ROME
OCC_98d19aeea9a4,SKL_14cecf804912,essential,ROME
OCC_98d19aeea9a4,SKL_4e63511e8a21,essential,ROME
OCC_98d19aeea9a4,SKL_5e0c2527f531,essential,ROME
OCC_98d19aeea9a4,SKL_8620389e9432,essential,ROME
OCC_98d19aeea9a4,SKL_5e08637b46b6,essential,ROME
OCC_98d19aeea9a4,SKL_e4abb00d383b,essential,ROME
OCC_98d19aeea9a4,SKL_f3626b4714ee,essential,ROME
OCC_98d19aeea9a4,SKL_a311c324edf6,essential,ROME
OCC_98d19aeea9a4,SKL_bbc99ca3debf,essential,ROME
OCC_98d19aeea9a4,SKL_5ba031420f0d,essential,ROME
OCC_98d19aeea9a4,SKL_ad505071f851,essential,ROME
OCC_98d19aeea9a4,SKL_3643ff82d8ac,essential,ROME
OCC_98d19aeea9a4,SKL_81bb4a5f5a7f,essential,ROME
OCC_98d19aeea9a4,SKL_fd5eb1b0f3c4,essential,ROME
OCC_98d19aeea9a4,SKL_5f3c320134cd,essential,ROME
OCC_98d19aeea9a4,SKL_44958cb90580,essential,ROME
OCC_98d19aeea9a4,SKL_b38886c22dd4,essential,ROME
OCC_98d19aeea9a4,SKL_6b68c45d4990,essential,ROME
OCC_98d19aeea9a4,SKL_a8f1c337b1c0,essential,ROME
OCC_98d19aeea9a4,SKL_b60fbe08741e,essential,ROME
OCC_98d19aeea9a4,SKL_6bea00eb94e4,essential,ROME
OCC_98d19aeea9a4,SKL_8489cbbd6839,essential,ROME
OCC_98d19aeea9a4,SKL_2d14e124a1b7,essential,ROME
OCC_98d19aeea9a4,SKL_adade4b3e3d6,essential,ROME
OCC_98d19aeea9a4,SKL_78f888455887,essential,ROME
OCC_98d19aeea9a4,SKL_155d39365593,essential,ROME
OCC_98d19aeea9a4,SKL_d58a1e032bc8,essential,ROME
OCC_98d19aeea9a4,SKL_62802234cf51,essential,ROME
OCC_98d19aeea9a4,SKL_4ce8622dfdf0,essential,ROME
OCC_98d19aeea9a4,SKL_e107f0887218,essential,ROME
OCC_98d19aeea9a4,SKL_1687a5949d82,essential,ROME
OCC_98d19aeea9a4,SKL_54c63d59e868,essential,ROME
OCC_98d19aeea9a4,SKL_d1830663b181,essential,ROME
OCC_98d19aeea9a4,SKL_f2df62143382,essential,ROME
OCC_98d19aeea9a4,SKL_ba4cc7b350b0,essential,ROME
OCC_98d19aeea9a4,SKL_a16de7bfb993,essential,ROME
OCC_98d19aeea9a4,SKL_9db0cec53422,essential,ROME
OCC_98d19aeea9a4,SKL_82e686c2bcd6,essential,ROME
OCC_98d19aeea9a4,SKL_169552eac5bb,essential,ROME
OCC_98d19aeea9a4,SKL_05cbcd50c933,essential,ROME
OCC_98d19aeea9a4,SKL_8165e1083b5c,essential,ROME
OCC_98d19aeea9a4,SKL_a1e064c00319,essential,ROME
OCC_98d19aeea9a4,SKL_1cb38987318b,essential,ROME
OCC_98d19aeea9a4,SKL_10dcfa7ee3e0,essential,ROME
OCC_98d19aeea9a4,SKL_a2438099251f,essential,ROME
OCC_98d19aeea9a4,SKL_362ea73d7cc4,essential,ROME
OCC_98d19aeea9a4,SKL_3401155ddb2d,essential,ROME
OCC_98d19aeea9a4,SKL_7f08492d1556,essential,ROME
OCC_98d19aeea9a4,SKL_0051a2fb97c5,essential,ROME
OCC_98d19aeea9a4,SKL_91f68ff240f5,essential,ROME
OCC_98d19aeea9a4,SKL_d31be6207e3c,essential,ROME
OCC_98d19aeea9a4,SKL_44616716fd11,essential,ROME
OCC_98d19aeea9a4,SKL_8083f572f0eb,essential,ROME
OCC_98d19aeea9a4,SKL_2cfc4a971049,essential,ROME
OCC_98d19aeea9a4,SKL_41bc5edfb717,essential,ROME
OCC_98d19aeea9a4,SKL_23cc6294f14a,essential,ROME
OCC_98d19aeea9a4,SKL_1f22c93a5a9f,essential,ROME
OCC_98d19aeea9a4,SKL_e05f19deeaff,essential,ROME
OCC_c44a9eaae6e7,SKL_3fe532a436b0,essential,ROME
OCC_c44a9eaae6e7,SKL_e84c26020815,essential,ROME
OCC_c44a9eaae6e7,SKL_302a60e5ae6d,essential,ROME
OCC_c44a9eaae6e7,SKL_7e2b668c4b8a,essential,ROME
OCC_c44a9eaae6e7,SKL_7196b5882ab9,essential,ROME
OCC_c44a9eaae6e7,SKL_764cce2189ab,essential,ROME
OCC_c44a9eaae6e7,SKL_37cc81342e7f,essential,ROME
OCC_c44a9eaae6e7,SKL_321a1413d585,essential,ROME
OCC_c44a9eaae6e7,SKL_a64d184f3ba7,essential,ROME
OCC_c44a9eaae6e7,SKL_7d0e02aa065c,essential,ROME
OCC_c44a9eaae6e7,SKL_49e54b32492a,essential,ROME
OCC_c44a9eaae6e7,SKL_fa0883537dae,essential,ROME
OCC_c44a9eaae6e7,SKL_1f5f96f36baa,essential,ROME
OCC_c44a9eaae6e7,SKL_14b662aa3846,essential,ROME
OCC_c44a9eaae6e7,SKL_20af2a60c7e5,essential,ROME
OCC_c44a9eaae6e7,SKL_43ecea6ae4a7,essential,ROME
OCC_c44a9eaae6e7,SKL_9df64df194a4,essential,ROME
OCC_c44a9eaae6e7,SKL_a4798fa9d602,essential,ROME
OCC_c44a9eaae6e7,SKL_dcb0dfaee567,essential,ROME
OCC_c44a9eaae6e7,SKL_86439790f603,essential,ROME
OCC_c44a9eaae6e7,SKL_7b85ab00da01,essential,ROME
OCC_c44a9eaae6e7,SKL_e41f7c041652,essential,ROME
OCC_c44a9eaae6e7,SKL_014ed2883b10,essential,ROME
OCC_c44a9eaae6e7,SKL_81aaafaf8870,essential,ROME
OCC_c44a9eaae6e7,SKL_4804893ebf5d,essential,ROME
OCC_c44a9eaae6e7,SKL_da5d1eb07910,essential,ROME
OCC_c44a9eaae6e7,SKL_ddca9a57187a,essential,ROME
OCC_c44a9eaae6e7,SKL_65fb8e9ef24b,essential,ROME
OCC_c44a9eaae6e7,SKL_d3a77e579b98,essential,ROME
OCC_c44a9eaae6e7,SKL_b921c331456e,essential,ROME
OCC_c44a9eaae6e7,SKL_98951f1b9ef9,essential,ROME
OCC_c44a9eaae6e7,SKL_e74e8caaee28,essential,ROME
OCC_c44a9eaae6e7,SKL_5d6cac5d84e0,essential,ROME
OCC_c44a9eaae6e7,SKL_8489cbbd6839,essential,ROME
OCC_c44a9eaae6e7,SKL_14e599e49273,essential,ROME
OCC_c44a9eaae6e7,SKL_aa1a6fc0800a,essential,ROME
OCC_c44a9eaae6e7,SKL_d1418a8b6ed2,essential,ROME
OCC_c44a9eaae6e7,SKL_4ce8622dfdf0,essential,ROME
OCC_c44a9eaae6e7,SKL_1efe42fff58a,essential,ROME
OCC_c44a9eaae6e7,SKL_f123c639216f,essential,ROME
OCC_c44a9eaae6e7,SKL_757a5bf2b9cb,essential,ROME
OCC_c44a9eaae6e7,SKL_e107f0887218,essential,ROME
OCC_c44a9eaae6e7,SKL_32bd51cce541,essential,ROME
OCC_c44a9eaae6e7,SKL_21a640d971a5,essential,ROME
OCC_c44a9eaae6e7,SKL_920b060feb8e,essential,ROME
OCC_c44a9eaae6e7,SKL_90f6209a5818,essential,ROME
OCC_c44a9eaae6e7,SKL_d284432b0703,essential,ROME
OCC_c44a9eaae6e7,SKL_cdfe378abfec,essential,ROME
OCC_c44a9eaae6e7,SKL_e744fd16b195,essential,ROME
OCC_c44a9eaae6e7,SKL_3d1eec205faa,essential,ROME
OCC_c44a9eaae6e7,SKL_f57b94002246,essential,ROME
OCC_c44a9eaae6e7,SKL_0051a2fb97c5,essential,ROME
OCC_c44a9eaae6e7,SKL_7eb062775f24,essential,ROME
OCC_c44a9eaae6e7,SKL_d31be6207e3c,essential,ROME
OCC_c44a9eaae6e7,SKL_f479ce1e503d,essential,ROME
OCC_c44a9eaae6e7,SKL_7c58c5cafa2b,essential,ROME
OCC_c44a9eaae6e7,SKL_c44fd75d5d30,essential,ROME
OCC_c44a9eaae6e7,SKL_ce3279d845e7,essential,ROME
OCC_c44a9eaae6e7,SKL_fe2310cca7d1,essential,ROME
OCC_c44a9eaae6e7,SKL_44616716fd11,essential,ROME
OCC_c44a9eaae6e7,SKL_6519b6a9befa,essential,ROME
OCC_4a2781037768,SKL_85c699e883d6,essential,ROME
OCC_4a2781037768,SKL_cf2ab4f3b863,essential,ROME
OCC_4a2781037768,SKL_d9ea4eb81a2b,essential,ROME
OCC_4a2781037768,SKL_1d7f04d36f6f,essential,ROME
OCC_4a2781037768,SKL_bc4dcbf59fa3,essential,ROME
OCC_4a2781037768,SKL_e9c31251dcea,essential,ROME
OCC_4a2781037768,SKL_4e63511e8a21,essential,ROME
OCC_4a2781037768,SKL_f0deb814a4ee,essential,ROME
OCC_4a2781037768,SKL_18d47798203c,essential,ROME
OCC_4a2781037768,SKL_8620389e9432,essential,ROME
OCC_4a2781037768,SKL_0daf5006c292,essential,ROME
OCC_4a2781037768,SKL_5e73ef3d4c97,essential,ROME
OCC_4a2781037768,SKL_e2e8a8dbc6ca,essential,ROME
OCC_4a2781037768,SKL_531f4a31f390,essential,ROME
OCC_4a2781037768,SKL_72e8c37e0975,essential,ROME
OCC_4a2781037768,SKL_b2f806676fa6,essential,ROME
OCC_4a2781037768,SKL_123e2160f95e,essential,ROME
OCC_4a2781037768,SKL_3774a8084cbb,essential,ROME
OCC_4a2781037768,SKL_45f7f96fc936,essential,ROME
OCC_4a2781037768,SKL_f5b009efaaed,essential,ROME
OCC_4a2781037768,SKL_3e4c5d28db66,essential,ROME
OCC_4a2781037768,SKL_17a9a0de1286,essential,ROME
OCC_4a2781037768,SKL_2f509ea8b0d4,essential,ROME
OCC_4a2781037768,SKL_4c765d3ed457,essential,ROME
OCC_4a2781037768,SKL_a61265c9193e,essential,ROME
OCC_4a2781037768,SKL_967c42adfdd8,essential,ROME
OCC_4a2781037768,SKL_d87b1ab3992f,essential,ROME
OCC_4a2781037768,SKL_f4f7849bfba9,essential,ROME
OCC_4a2781037768,SKL_62ace3e61fd6,essential,ROME
OCC_4a2781037768,SKL_7e08d4663b38,essential,ROME
OCC_4a2781037768,SKL_9a4aef238530,essential,ROME
OCC_4a2781037768,SKL_8489cbbd6839,essential,ROME
OCC_4a2781037768,SKL_2d14e124a1b7,essential,ROME
OCC_4a2781037768,SKL_aa1a6fc0800a,essential,ROME
OCC_4a2781037768,SKL_1620bbe6328d,essential,ROME
OCC_4a2781037768,SKL_1efe42fff58a,essential,ROME
OCC_4a2781037768,SKL_422d7852fa31,essential,ROME
OCC_4a2781037768,SKL_21a640d971a5,essential,ROME
OCC_4a2781037768,SKL_85dd7cb09298,essential,ROME
OCC_4a2781037768,SKL_05cbcd50c933,essential,ROME
OCC_4a2781037768,SKL_c46acddd165c,essential,ROME
OCC_4a2781037768,SKL_61783fecb8de,essential,ROME
OCC_4a2781037768,SKL_6795e002eee5,essential,ROME
OCC_4a2781037768,SKL_5db1feb0047c,essential,ROME
OCC_4a2781037768,SKL_7c58c5cafa2b,essential,ROME
OCC_4a2781037768,SKL_c44fd75d5d30,essential,ROME
OCC_4a2781037768,SKL_fe2310cca7d1,essential,ROME
OCC_4a2781037768,SKL_44616716fd11,essential,ROME
OCC_4a2781037768,SKL_ff45868b5c68,essential,ROME
OCC_4a2781037768,SKL_e38ae2d74b3e,essential,ROME
OCC_4a2781037768,SKL_9777517ac11a,essential,ROME
OCC_4a2781037768,SKL_7c372610925d,essential,ROME
OCC_4a2781037768,SKL_7091dcd58e67,essential,ROME
OCC_4a2781037768,SKL_c44fd44578a4,essential,ROME
OCC_4a2781037768,SKL_036337d3422b,essential,ROME
OCC_234e9bc0e4be,SKL_554e9554879f,essential,ROME
OCC_234e9bc0e4be,SKL_959d9309ed95,essential,ROME
OCC_234e9bc0e4be,SKL_3ac8e33a913f,essential,ROME
OCC_234e9bc0e4be,SKL_a6b913b0704d,essential,ROME
OCC_234e9bc0e4be,SKL_d4aa1a6fd095,essential,ROME
OCC_234e9bc0e4be,SKL_321a1413d585,essential,ROME
OCC_234e9bc0e4be,SKL_fa0883537dae,essential,ROME
OCC_234e9bc0e4be,SKL_7bb0507c58f4,essential,ROME
OCC_234e9bc0e4be,SKL_14b662aa3846,essential,ROME
OCC_234e9bc0e4be,SKL_834e8e75d3b6,essential,ROME
OCC_234e9bc0e4be,SKL_bc4873cffebf,essential,ROME
OCC_234e9bc0e4be,SKL_a6147fe9528e,essential,ROME
OCC_234e9bc0e4be,SKL_80696fb79b6b,essential,ROME
OCC_234e9bc0e4be,SKL_b1a0d5789a71,essential,ROME
OCC_234e9bc0e4be,SKL_e98a2bb27267,essential,ROME
OCC_234e9bc0e4be,SKL_994479ef4ca2,essential,ROME
OCC_234e9bc0e4be,SKL_54b8c1fd25a6,essential,ROME
OCC_234e9bc0e4be,SKL_7bcc35ce033f,essential,ROME
OCC_234e9bc0e4be,SKL_963341d187f8,essential,ROME
OCC_234e9bc0e4be,SKL_1516aed123e7,essential,ROME
OCC_234e9bc0e4be,SKL_f109db62d384,essential,ROME
OCC_234e9bc0e4be,SKL_fb08b4910c83,essential,ROME
OCC_234e9bc0e4be,SKL_e9aa32418c13,essential,ROME
OCC_234e9bc0e4be,SKL_552204530735,essential,ROME
OCC_234e9bc0e4be,SKL_3a21829f7493,essential,ROME
OCC_234e9bc0e4be,SKL_8489cbbd6839,essential,ROME
OCC_234e9bc0e4be,SKL_c70070a17abf,essential,ROME
OCC_234e9bc0e4be,SKL_5e0824c72bb2,essential,ROME
OCC_234e9bc0e4be,SKL_adade4b3e3d6,essential,ROME
OCC_234e9bc0e4be,SKL_2c1ac8237aaa,essential,ROME
OCC_234e9bc0e4be,SKL_d270d1c7fdfc,essential,ROME
OCC_234e9bc0e4be,SKL_6543f3ba75f4,essential,ROME
OCC_234e9bc0e4be,SKL_757f2b95a521,essential,ROME
OCC_234e9bc0e4be,SKL_62802234cf51,essential,ROME
OCC_234e9bc0e4be,SKL_757a5bf2b9cb,essential,ROME
OCC_234e9bc0e4be,SKL_b8d53af8d6e8,essential,ROME
OCC_234e9bc0e4be,SKL_1687a5949d82,essential,ROME
OCC_234e9bc0e4be,SKL_3450205b6747,essential,ROME
OCC_234e9bc0e4be,SKL_90f6209a5818,essential,ROME
OCC_234e9bc0e4be,SKL_6fb041b77932,essential,ROME
OCC_234e9bc0e4be,SKL_57ae6d778907,essential,ROME
OCC_234e9bc0e4be,SKL_10ea159d4728,essential,ROME
OCC_234e9bc0e4be,SKL_9922a3239b91,essential,ROME
OCC_234e9bc0e4be,SKL_f2392db25408,essential,ROME
OCC_4243894cf004,SKL_59443e2d492b,essential,ROME
OCC_4243894cf004,SKL_b894f8a8204d,essential,ROME
OCC_4243894cf004,SKL_c601e2d143b1,essential,ROME
OCC_4243894cf004,SKL_e34f4b40399b,essential,ROME
OCC_4243894cf004,SKL_37629b5544de,essential,ROME
OCC_4243894cf004,SKL_1d7f04d36f6f,essential,ROME
OCC_4243894cf004,SKL_834e8e75d3b6,essential,ROME
OCC_4243894cf004,SKL_ae64f7376cbd,essential,ROME
OCC_4243894cf004,SKL_5e08637b46b6,essential,ROME
OCC_4243894cf004,SKL_d608366b8e39,essential,ROME
OCC_4243894cf004,SKL_f71130ad61f1,essential,ROME
OCC_4243894cf004,SKL_dcb0dfaee567,essential,ROME
OCC_4243894cf004,SKL_3b1a9a6f34ba,essential,ROME
OCC_4243894cf004,SKL_bbc99ca3debf,essential,ROME
OCC_4243894cf004,SKL_68c84c518bc7,essential,ROME
OCC_4243894cf004,SKL_33f6ec7bb9ff,essential,ROME
OCC_4243894cf004,SKL_5ba031420f0d,essential,ROME
OCC_4243894cf004,SKL_972e832d342f,essential,ROME
OCC_4243894cf004,SKL_9fce8f383c32,essential,ROME
OCC_4243894cf004,SKL_3da20e97db5d,essential,ROME
OCC_4243894cf004,SKL_5e459b85bd57,essential,ROME
OCC_4243894cf004,SKL_aa81abe23431,essential,ROME
OCC_4243894cf004,SKL_245350b8c5c7,essential,ROME
OCC_4243894cf004,SKL_8489cbbd6839,essential,ROME
OCC_4243894cf004,SKL_adade4b3e3d6,essential,ROME
OCC_4243894cf004,SKL_197cd57d1403,essential,ROME
OCC_4243894cf004,SKL_78f888455887,essential,ROME
OCC_4243894cf004,SKL_1d3c49419692,essential,ROME
OCC_4243894cf004,SKL_62802234cf51,essential,ROME
OCC_4243894cf004,SKL_4ce8622dfdf0,essential,ROME
OCC_4243894cf004,SKL_1efe42fff58a,essential,ROME
OCC_4243894cf004,SKL_e107f0887218,essential,ROME
OCC_4243894cf004,SKL_92a131a5ebd7,essential,ROME
OCC_4243894cf004,SKL_1687a5949d82,essential,ROME
OCC_4243894cf004,SKL_d1830663b181,essential,ROME
OCC_4243894cf004,SKL_f2df62143382,essential,ROME
OCC_4243894cf004,SKL_1f4045309a48,essential,ROME
OCC_4243894cf004,SKL_ba4cc7b350b0,essential,ROME
OCC_4243894cf004,SKL_59ef7def4ddc,essential,ROME
OCC_4243894cf004,SKL_cb1d13388a5f,essential,ROME
OCC_4243894cf004,SKL_12a828ad9117,essential,ROME
OCC_4243894cf004,SKL_fcabb1b8098e,essential,ROME
OCC_4243894cf004,SKL_65ab0f777966,essential,ROME
OCC_4243894cf004,SKL_5be39f76c1a1,essential,ROME
OCC_4243894cf004,SKL_7a956496d417,essential,ROME
OCC_4243894cf004,SKL_21d8879533a9,essential,ROME
OCC_4243894cf004,SKL_b907d5a57062,essential,ROME
OCC_4243894cf004,SKL_246869161dcd,essential,ROME
OCC_4243894cf004,SKL_1dfb8e83139e,essential,ROME
OCC_4243894cf004,SKL_2ebbd7ffcc8a,essential,ROME
OCC_4243894cf004,SKL_06c4c68b972b,essential,ROME
OCC_4243894cf004,SKL_e6a3b314d38b,essential,ROME
OCC_4243894cf004,SKL_afb9c8fbd62e,essential,ROME
OCC_4243894cf004,SKL_a68e831b6e5d,essential,ROME
OCC_4243894cf004,SKL_44616716fd11,essential,ROME
OCC_4243894cf004,SKL_70c4e0652594,essential,ROME
OCC_4243894cf004,SKL_7b3e23508e2f,essential,ROME
OCC_2088e2ac84a9,SKL_85c699e883d6,essential,ROME
OCC_2088e2ac84a9,SKL_efa186288487,essential,ROME
OCC_2088e2ac84a9,SKL_b5184d1798e7,essential,ROME
OCC_2088e2ac84a9,SKL_c16452c57e03,essential,ROME
OCC_2088e2ac84a9,SKL_d9ea4eb81a2b,essential,ROME
OCC_2088e2ac84a9,SKL_53042609a1f8,essential,ROME
OCC_2088e2ac84a9,SKL_49e54b32492a,essential,ROME
OCC_2088e2ac84a9,SKL_c7b158fa8e85,essential,ROME
OCC_2088e2ac84a9,SKL_1f5f96f36baa,essential,ROME
OCC_2088e2ac84a9,SKL_e4f0b9447c27,essential,ROME
OCC_2088e2ac84a9,SKL_14b662aa3846,essential,ROME
OCC_2088e2ac84a9,SKL_5e08637b46b6,essential,ROME
OCC_2088e2ac84a9,SKL_1faa6147b74e,essential,ROME
OCC_2088e2ac84a9,SKL_39cd19ed1641,essential,ROME
OCC_2088e2ac84a9,SKL_696d8b9f3770,essential,ROME
OCC_2088e2ac84a9,SKL_3110bf9b70af,essential,ROME
OCC_2088e2ac84a9,SKL_7a519017a2b9,essential,ROME
OCC_2088e2ac84a9,SKL_aac56a427796,essential,ROME
OCC_2088e2ac84a9,SKL_a2ac7e9dde84,essential,ROME
OCC_2088e2ac84a9,SKL_4c4b5b64d7ff,essential,ROME
OCC_2088e2ac84a9,SKL_45f7f96fc936,essential,ROME
OCC_2088e2ac84a9,SKL_b208f3f3ee92,essential,ROME
OCC_2088e2ac84a9,SKL_b20fc570af10,essential,ROME
OCC_2088e2ac84a9,SKL_17a9a0de1286,essential,ROME
OCC_2088e2ac84a9,SKL_9a17c18ec173,essential,ROME
OCC_2088e2ac84a9,SKL_748addb26566,essential,ROME
OCC_2088e2ac84a9,SKL_f78a4bb83267,essential,ROME
OCC_2088e2ac84a9,SKL_098f11f4e2f0,essential,ROME
OCC_2088e2ac84a9,SKL_802ba7015236,essential,ROME
OCC_2088e2ac84a9,SKL_5874a50302dc,essential,ROME
OCC_2088e2ac84a9,SKL_33f311e99183,essential,ROME
OCC_2088e2ac84a9,SKL_02b55c277b01,essential,ROME
OCC_2088e2ac84a9,SKL_c70070a17abf,essential,ROME
OCC_2088e2ac84a9,SKL_14e599e49273,essential,ROME
OCC_2088e2ac84a9,SKL_2d14e124a1b7,essential,ROME
OCC_2088e2ac84a9,SKL_adade4b3e3d6,essential,ROME
OCC_2088e2ac84a9,SKL_f7068e699c10,essential,ROME
OCC_2088e2ac84a9,SKL_4ce8622dfdf0,essential,ROME
OCC_2088e2ac84a9,SKL_1efe42fff58a,essential,ROME
OCC_2088e2ac84a9,SKL_21a640d971a5,essential,ROME
OCC_2088e2ac84a9,SKL_b96e021955fd,essential,ROME
OCC_2088e2ac84a9,SKL_362ea73d7cc4,essential,ROME
OCC_2088e2ac84a9,SKL_6795e002eee5,essential,ROME
OCC_2088e2ac84a9,SKL_06c4c68b972b,essential,ROME
OCC_2088e2ac84a9,SKL_7c58c5cafa2b,essential,ROME
OCC_2088e2ac84a9,SKL_c44fd75d5d30,essential,ROME
OCC_2088e2ac84a9,SKL_fe2310cca7d1,essential,ROME
OCC_2088e2ac84a9,SKL_44616716fd11,essential,ROME
OCC_2088e2ac84a9,SKL_ff45868b5c68,essential,ROME
OCC_2088e2ac84a9,SKL_e52398254a08,essential,ROME
OCC_2088e2ac84a9,SKL_5f21aa338ce4,essential,ROME
OCC_2088e2ac84a9,SKL_a27ecceb523b,essential,ROME
OCC_2088e2ac84a9,SKL_3a77cd5e5bae,essential,ROME
OCC_2088e2ac84a9,SKL_9eaf6fe424ff,essential,ROME
OCC_2088e2ac84a9,SKL_7c372610925d,essential,ROME
OCC_2088e2ac84a9,SKL_8d3571a81b57,essential,ROME
OCC_2088e2ac84a9,SKL_036337d3422b,essential,ROME
OCC_c7ee9cba34be,SKL_764cce2189ab,essential,ROME
OCC_c7ee9cba34be,SKL_53042609a1f8,essential,ROME
OCC_c7ee9cba34be,SKL_86439790f603,essential,ROME
OCC_c7ee9cba34be,SKL_098f11f4e2f0,essential,ROME
OCC_c7ee9cba34be,SKL_80eb36b7a151,essential,ROME
OCC_c7ee9cba34be,SKL_facab6bcecb0,essential,ROME
OCC_c7ee9cba34be,SKL_fe55e19ddaea,essential,ROME
OCC_c7ee9cba34be,SKL_da21dcbb1268,essential,ROME
OCC_c7ee9cba34be,SKL_2acc75262a20,essential,ROME
OCC_c7ee9cba34be,SKL_215de86850fe,essential,ROME
OCC_c7ee9cba34be,SKL_0b8661e93ccd,essential,ROME
OCC_c7ee9cba34be,SKL_b68dcbf7d56f,essential,ROME
OCC_c7ee9cba34be,SKL_476573bd4e94,essential,ROME
OCC_c7ee9cba34be,SKL_aa2ea196fb76,essential,ROME
OCC_c7ee9cba34be,SKL_2d8302928172,essential,ROME
OCC_c7ee9cba34be,SKL_4c3418010a12,essential,ROME
OCC_c7ee9cba34be,SKL_c70070a17abf,essential,ROME
OCC_c7ee9cba34be,SKL_aa1a6fc0800a,essential,ROME
OCC_c7ee9cba34be,SKL_adade4b3e3d6,essential,ROME
OCC_c7ee9cba34be,SKL_c006b7eba887,essential,ROME
OCC_c7ee9cba34be,SKL_f7068e699c10,essential,ROME
OCC_c7ee9cba34be,SKL_c2f880600b68,essential,ROME
OCC_c7ee9cba34be,SKL_9a34b178d331,essential,ROME
OCC_c7ee9cba34be,SKL_5fe7c35ccf32,essential,ROME
OCC_c7ee9cba34be,SKL_2d9f668550a7,essential,ROME
OCC_c7ee9cba34be,SKL_e8de7b94d8e6,essential,ROME
OCC_c7ee9cba34be,SKL_79af1b4e7153,essential,ROME
OCC_c7ee9cba34be,SKL_67771986f7d0,essential,ROME
OCC_c7ee9cba34be,SKL_96859f94ef70,essential,ROME
OCC_13ad0dec06f6,SKL_c925fa7ffe60,essential,ROME
OCC_13ad0dec06f6,SKL_39c1752847f6,essential,ROME
OCC_13ad0dec06f6,SKL_48a7a5342d6a,essential,ROME
OCC_13ad0dec06f6,SKL_24f735964151,essential,ROME
OCC_13ad0dec06f6,SKL_d26fbbe5e66d,essential,ROME
OCC_13ad0dec06f6,SKL_8f306fb9dacc,essential,ROME
OCC_13ad0dec06f6,SKL_557126d50f6b,essential,ROME
OCC_13ad0dec06f6,SKL_148797b1e1d8,essential,ROME
OCC_13ad0dec06f6,SKL_a3d5b262e452,essential,ROME
OCC_13ad0dec06f6,SKL_d900051621dd,essential,ROME
OCC_13ad0dec06f6,SKL_2fc62b7a8242,essential,ROME
OCC_13ad0dec06f6,SKL_c558199098da,essential,ROME
OCC_13ad0dec06f6,SKL_716151213263,essential,ROME
OCC_13ad0dec06f6,SKL_36ca3b28eabd,essential,ROME
OCC_13ad0dec06f6,SKL_ae30927d80e6,essential,ROME
OCC_13ad0dec06f6,SKL_80a4b29ccc46,essential,ROME
OCC_13ad0dec06f6,SKL_5ca5ce96f911,essential,ROME
OCC_13ad0dec06f6,SKL_7bd7065e8992,essential,ROME
OCC_13ad0dec06f6,SKL_3ed898cdf7d0,essential,ROME
OCC_13ad0dec06f6,SKL_ec82d88a2c76,essential,ROME
OCC_13ad0dec06f6,SKL_6a46caf507be,essential,ROME
OCC_13ad0dec06f6,SKL_66bac1fb26da,essential,ROME
OCC_13ad0dec06f6,SKL_5dda06121380,essential,ROME
OCC_13ad0dec06f6,SKL_8489cbbd6839,essential,ROME
OCC_13ad0dec06f6,SKL_f136a5393fd1,essential,ROME
OCC_13ad0dec06f6,SKL_adade4b3e3d6,essential,ROME
OCC_13ad0dec06f6,SKL_b5803989f90c,essential,ROME
OCC_13ad0dec06f6,SKL_ded32195d7c6,essential,ROME
OCC_13ad0dec06f6,SKL_0e8848a321e2,essential,ROME
OCC_13ad0dec06f6,SKL_c004219cd67e,essential,ROME
OCC_13ad0dec06f6,SKL_130d20b543eb,essential,ROME
OCC_13ad0dec06f6,SKL_1e48682150d5,essential,ROME
OCC_13ad0dec06f6,SKL_538055cabf4c,essential,ROME
OCC_13ad0dec06f6,SKL_c22af4b15a95,essential,ROME
OCC_13ad0dec06f6,SKL_0ce597df14f5,essential,ROME
OCC_13ad0dec06f6,SKL_adcb20c4ec2a,essential,ROME
OCC_13ad0dec06f6,SKL_642a00210214,essential,ROME
OCC_13ad0dec06f6,SKL_8a7a5ba73a01,essential,ROME
OCC_13ad0dec06f6,SKL_43b123111866,essential,ROME
OCC_13ad0dec06f6,SKL_05fb42fd3559,essential,ROME
OCC_13ad0dec06f6,SKL_a4b96b2972dc,essential,ROME
OCC_13ad0dec06f6,SKL_f01c7482eb54,essential,ROME
OCC_13ad0dec06f6,SKL_0dc2f7806a23,essential,ROME
OCC_13ad0dec06f6,SKL_ff2de5024829,essential,ROME
OCC_13ad0dec06f6,SKL_4130677fe662,essential,ROME
OCC_13ad0dec06f6,SKL_65883283a648,essential,ROME
OCC_13ad0dec06f6,SKL_52844bf8080b,essential,ROME
OCC_13ad0dec06f6,SKL_d7bcef13741b,essential,ROME
OCC_13ad0dec06f6,SKL_bce72e8992bc,essential,ROME
OCC_13ad0dec06f6,SKL_8f7623191b96,essential,ROME
OCC_13ad0dec06f6,SKL_25fcea9eba4e,essential,ROME
OCC_13ad0dec06f6,SKL_8e07e788ecd2,essential,ROME
OCC_1de7cfbf9d19,SKL_293469aea86e,essential,ROME
OCC_1de7cfbf9d19,SKL_fa6292d3b6ff,essential,ROME
OCC_1de7cfbf9d19,SKL_04a3dadfbd23,essential,ROME
OCC_1de7cfbf9d19,SKL_06bfdb5946b8,essential,ROME
OCC_1de7cfbf9d19,SKL_b68d902b4055,essential,ROME
OCC_1de7cfbf9d19,SKL_5bf6530dd221,essential,ROME
OCC_1de7cfbf9d19,SKL_38edac6f9e43,essential,ROME
OCC_1de7cfbf9d19,SKL_aef88b187651,essential,ROME
OCC_1de7cfbf9d19,SKL_e8e96f47f645,essential,ROME
OCC_1de7cfbf9d19,SKL_2635e72a9244,essential,ROME
OCC_1de7cfbf9d19,SKL_e9133e70f8e8,essential,ROME
OCC_1de7cfbf9d19,SKL_2d581dbbb440,essential,ROME
OCC_1de7cfbf9d19,SKL_cb491f11ef84,essential,ROME
OCC_1de7cfbf9d19,SKL_a73dbf9cda6a,essential,ROME
OCC_1de7cfbf9d19,SKL_e466b9da07da,essential,ROME
OCC_1de7cfbf9d19,SKL_418245a0853c,essential,ROME
OCC_1de7cfbf9d19,SKL_db0a28728fb4,essential,ROME
OCC_1de7cfbf9d19,SKL_cf1cb9c10e17,essential,ROME
OCC_1de7cfbf9d19,SKL_c70070a17abf,essential,ROME
OCC_1de7cfbf9d19,SKL_2d14e124a1b7,essential,ROME
OCC_1de7cfbf9d19,SKL_adade4b3e3d6,essential,ROME
OCC_1de7cfbf9d19,SKL_0fa02276418e,essential,ROME
OCC_1de7cfbf9d19,SKL_bff4f018fb8f,essential,ROME
OCC_1de7cfbf9d19,SKL_44e33e410cf1,essential,ROME
OCC_1de7cfbf9d19,SKL_ad067524c0c4,essential,ROME
OCC_1de7cfbf9d19,SKL_91f0e8b016b1,essential,ROME
OCC_1de7cfbf9d19,SKL_dbf941c90387,essential,ROME
OCC_1de7cfbf9d19,SKL_ae2f96253f5b,essential,ROME
OCC_1de7cfbf9d19,SKL_0ef1e1b41be9,essential,ROME
OCC_1de7cfbf9d19,SKL_7ac5b742a70f,essential,ROME
OCC_1de7cfbf9d19,SKL_de8f0764c5bd,essential,ROME
OCC_1de7cfbf9d19,SKL_bebc38665732,essential,ROME
OCC_1de7cfbf9d19,SKL_223af5304e4e,essential,ROME
OCC_1de7cfbf9d19,SKL_3a84c3728c9d,essential,ROME
OCC_1de7cfbf9d19,SKL_fdd36ced1f0d,essential,ROME
OCC_1de7cfbf9d19,SKL_fda857cdd6f2,essential,ROME
OCC_1de7cfbf9d19,SKL_fa1d5f6f010d,essential,ROME
OCC_1de7cfbf9d19,SKL_db119b62e62e,essential,ROME
OCC_1de7cfbf9d19,SKL_7e07697a6671,essential,ROME
OCC_1de7cfbf9d19,SKL_ff33d322b5de,essential,ROME
OCC_1de7cfbf9d19,SKL_5e0f0152acdb,essential,ROME
OCC_1de7cfbf9d19,SKL_5bfe0155ce57,essential,ROME
OCC_1ce0e8031f25,SKL_902d8adffa6e,essential,ROME
OCC_1ce0e8031f25,SKL_e1728129f092,essential,ROME
OCC_1ce0e8031f25,SKL_8e05ab57238a,essential,ROME
OCC_1ce0e8031f25,SKL_9a012c911885,essential,ROME
OCC_1ce0e8031f25,SKL_08de6b2c999c,essential,ROME
OCC_1ce0e8031f25,SKL_e6524ba06d14,essential,ROME
OCC_1ce0e8031f25,SKL_6bc463f07761,essential,ROME
OCC_1ce0e8031f25,SKL_753a30affd0b,essential,ROME
OCC_1ce0e8031f25,SKL_321a1413d585,essential,ROME
OCC_1ce0e8031f25,SKL_e2c2f6b41356,essential,ROME
OCC_1ce0e8031f25,SKL_09bd09e57833,essential,ROME
OCC_1ce0e8031f25,SKL_f789a8e72885,essential,ROME
OCC_1ce0e8031f25,SKL_d71eb9eefca0,essential,ROME
OCC_1ce0e8031f25,SKL_3dbe04c72193,essential,ROME
OCC_1ce0e8031f25,SKL_48b0d8a86bfd,essential,ROME
OCC_1ce0e8031f25,SKL_e74e8caaee28,essential,ROME
OCC_1ce0e8031f25,SKL_2cc713428fad,essential,ROME
OCC_1ce0e8031f25,SKL_b2c2465f84aa,essential,ROME
OCC_1ce0e8031f25,SKL_f2e99e91a74d,essential,ROME
OCC_1ce0e8031f25,SKL_f662c12e0cf4,essential,ROME
OCC_1ce0e8031f25,SKL_b705e96107f6,essential,ROME
OCC_1ce0e8031f25,SKL_99f2983fa0e2,essential,ROME
OCC_1ce0e8031f25,SKL_54845878fd36,essential,ROME
OCC_1ce0e8031f25,SKL_debe0ba8877c,essential,ROME
OCC_1ce0e8031f25,SKL_8489cbbd6839,essential,ROME
OCC_1ce0e8031f25,SKL_2d14e124a1b7,essential,ROME
OCC_1ce0e8031f25,SKL_adade4b3e3d6,essential,ROME
OCC_1ce0e8031f25,SKL_32bd51cce541,essential,ROME
OCC_1ce0e8031f25,SKL_a2438099251f,essential,ROME
OCC_1ce0e8031f25,SKL_7a956496d417,essential,ROME
OCC_1ce0e8031f25,SKL_21d8879533a9,essential,ROME
OCC_1ce0e8031f25,SKL_e7d4c720f941,essential,ROME
OCC_1ce0e8031f25,SKL_514c12341540,essential,ROME
OCC_1ce0e8031f25,SKL_965f805c0ce8,essential,ROME
OCC_1ce0e8031f25,SKL_d034a8c093fb,essential,ROME
OCC_1ce0e8031f25,SKL_7eba2585660a,essential,ROME
OCC_1ce0e8031f25,SKL_cbfe3f2e10bd,essential,ROME
OCC_1ce0e8031f25,SKL_e6a3b314d38b,essential,ROME
OCC_1ce0e8031f25,SKL_afb9c8fbd62e,essential,ROME
OCC_1ce0e8031f25,SKL_91f68ff240f5,essential,ROME
OCC_1ce0e8031f25,SKL_c26ca2f4b2ff,essential,ROME
OCC_1ce0e8031f25,SKL_7c58c5cafa2b,essential,ROME
OCC_1ce0e8031f25,SKL_c44fd75d5d30,essential,ROME
OCC_1ce0e8031f25,SKL_fe2310cca7d1,essential,ROME
OCC_1ce0e8031f25,SKL_44616716fd11,essential,ROME
OCC_1ce0e8031f25,SKL_dd353de82ab8,essential,ROME
OCC_1ce0e8031f25,SKL_7e551d89e948,essential,ROME
OCC_1ce0e8031f25,SKL_223743bb77c7,essential,ROME
OCC_1ce0e8031f25,SKL_f451dfdcc570,essential,ROME
OCC_1ce0e8031f25,SKL_f6d0daff45f8,essential,ROME
OCC_903f27875082,SKL_8e05ab57238a,essential,ROME
OCC_903f27875082,SKL_b894f8a8204d,essential,ROME
OCC_903f27875082,SKL_c601e2d143b1,essential,ROME
OCC_903f27875082,SKL_b9103602fe4a,essential,ROME
OCC_903f27875082,SKL_187cbb834639,essential,ROME
OCC_903f27875082,SKL_f743eef1b4cb,essential,ROME
OCC_903f27875082,SKL_2b22132279f3,essential,ROME
OCC_903f27875082,SKL_b7f0fc1c0325,essential,ROME
OCC_903f27875082,SKL_761c31315cf3,essential,ROME
OCC_903f27875082,SKL_d3e977433a8a,essential,ROME
OCC_903f27875082,SKL_321a1413d585,essential,ROME
OCC_903f27875082,SKL_49e54b32492a,essential,ROME
OCC_903f27875082,SKL_d8fa3e25fcdb,essential,ROME
OCC_903f27875082,SKL_fe6677c86a13,essential,ROME
OCC_903f27875082,SKL_fa0883537dae,essential,ROME
OCC_903f27875082,SKL_807dcdac4830,essential,ROME
OCC_903f27875082,SKL_2557d5d57e79,essential,ROME
OCC_903f27875082,SKL_14cecf804912,essential,ROME
OCC_903f27875082,SKL_fe095c27adc6,essential,ROME
OCC_903f27875082,SKL_8498314ec7b0,essential,ROME
OCC_903f27875082,SKL_b1a0d5789a71,essential,ROME
OCC_903f27875082,SKL_bb5a3d924f38,essential,ROME
OCC_903f27875082,SKL_96e7f3bad498,essential,ROME
OCC_903f27875082,SKL_a4798fa9d602,essential,ROME
OCC_903f27875082,SKL_adb4c9249dfb,essential,ROME
OCC_903f27875082,SKL_dcb0dfaee567,essential,ROME
OCC_903f27875082,SKL_2ed964273894,essential,ROME
OCC_903f27875082,SKL_5e73ef3d4c97,essential,ROME
OCC_903f27875082,SKL_95e78cb36beb,essential,ROME
OCC_903f27875082,SKL_bbc99ca3debf,essential,ROME
OCC_903f27875082,SKL_dd94c4a25e02,essential,ROME
OCC_903f27875082,SKL_63e278b3570c,essential,ROME
OCC_903f27875082,SKL_bbfdab85a3cb,essential,ROME
OCC_903f27875082,SKL_e5fc1028f24f,essential,ROME
OCC_903f27875082,SKL_29bc8c8045ee,essential,ROME
OCC_903f27875082,SKL_95224ab0d86a,essential,ROME
OCC_903f27875082,SKL_62b20c1114ca,essential,ROME
OCC_903f27875082,SKL_8489cbbd6839,essential,ROME
OCC_903f27875082,SKL_2d14e124a1b7,essential,ROME
OCC_903f27875082,SKL_adade4b3e3d6,essential,ROME
OCC_903f27875082,SKL_b4f5767b3c2d,essential,ROME
OCC_903f27875082,SKL_4ce8622dfdf0,essential,ROME
OCC_903f27875082,SKL_1efe42fff58a,essential,ROME
OCC_903f27875082,SKL_3caadf804527,essential,ROME
OCC_903f27875082,SKL_1687a5949d82,essential,ROME
OCC_903f27875082,SKL_0d242cd13f2f,essential,ROME
OCC_903f27875082,SKL_ba4cc7b350b0,essential,ROME
OCC_903f27875082,SKL_5d3dab31f2f5,essential,ROME
OCC_903f27875082,SKL_c291ff76d232,essential,ROME
OCC_903f27875082,SKL_8270c752a0eb,essential,ROME
OCC_903f27875082,SKL_620351cb0f5e,essential,ROME
OCC_903f27875082,SKL_fcabb1b8098e,essential,ROME
OCC_903f27875082,SKL_c2f880600b68,essential,ROME
OCC_903f27875082,SKL_7e47b0091c05,essential,ROME
OCC_903f27875082,SKL_d4424b0b0c29,essential,ROME
OCC_903f27875082,SKL_047540ebfdf5,essential,ROME
OCC_903f27875082,SKL_1d8f39f9d7b6,essential,ROME
OCC_563c9ee7ae68,SKL_6dedbe6b3a65,essential,ROME
OCC_563c9ee7ae68,SKL_2b22132279f3,essential,ROME
OCC_563c9ee7ae68,SKL_c16452c57e03,essential,ROME
OCC_563c9ee7ae68,SKL_f0447871feee,essential,ROME
OCC_563c9ee7ae68,SKL_4c61c172ba2a,essential,ROME
OCC_563c9ee7ae68,SKL_5010ca9a9806,essential,ROME
OCC_563c9ee7ae68,SKL_09bd09e57833,essential,ROME
OCC_563c9ee7ae68,SKL_2c77d41543fd,essential,ROME
OCC_563c9ee7ae68,SKL_fee5650b61b9,essential,ROME
OCC_563c9ee7ae68,SKL_7bb0507c58f4,essential,ROME
OCC_563c9ee7ae68,SKL_807dcdac4830,essential,ROME
OCC_563c9ee7ae68,SKL_e4f0b9447c27,essential,ROME
OCC_563c9ee7ae68,SKL_14b662aa3846,essential,ROME
OCC_563c9ee7ae68,SKL_f0deb814a4ee,essential,ROME
OCC_563c9ee7ae68,SKL_8620389e9432,essential,ROME
OCC_563c9ee7ae68,SKL_ae64f7376cbd,essential,ROME
OCC_563c9ee7ae68,SKL_1faa6147b74e,essential,ROME
OCC_563c9ee7ae68,SKL_dfb97e076fc4,essential,ROME
OCC_563c9ee7ae68,SKL_0daf5006c292,essential,ROME
OCC_563c9ee7ae68,SKL_ba9c19552b0b,essential,ROME
OCC_563c9ee7ae68,SKL_8696d65a8ae5,essential,ROME
OCC_563c9ee7ae68,SKL_340b0a59fae1,essential,ROME
OCC_563c9ee7ae68,SKL_959245df750e,essential,ROME
OCC_563c9ee7ae68,SKL_327c2c9cab44,essential,ROME
OCC_563c9ee7ae68,SKL_8df19caa567d,essential,ROME
OCC_563c9ee7ae68,SKL_62b20c1114ca,essential,ROME
OCC_563c9ee7ae68,SKL_7e457a79bc4e,essential,ROME
OCC_563c9ee7ae68,SKL_8489cbbd6839,essential,ROME
OCC_563c9ee7ae68,SKL_14e599e49273,essential,ROME
OCC_563c9ee7ae68,SKL_adade4b3e3d6,essential,ROME
OCC_563c9ee7ae68,SKL_6543f3ba75f4,essential,ROME
OCC_563c9ee7ae68,SKL_422d7852fa31,essential,ROME
OCC_563c9ee7ae68,SKL_e4de52cd91a7,essential,ROME
OCC_563c9ee7ae68,SKL_21a640d971a5,essential,ROME
OCC_563c9ee7ae68,SKL_85dd7cb09298,essential,ROME
OCC_563c9ee7ae68,SKL_05cbcd50c933,essential,ROME
OCC_563c9ee7ae68,SKL_c46acddd165c,essential,ROME
OCC_563c9ee7ae68,SKL_55fe1e7e7aa9,essential,ROME
OCC_563c9ee7ae68,SKL_430774c44ed5,essential,ROME
OCC_563c9ee7ae68,SKL_b8d0c0440503,essential,ROME
OCC_563c9ee7ae68,SKL_aa5d7dfedd1a,essential,ROME
OCC_22a265df20e2,SKL_187fa2f342c2,essential,ROME
OCC_22a265df20e2,SKL_b9103602fe4a,essential,ROME
OCC_22a265df20e2,SKL_e62ff87ec434,essential,ROME
OCC_22a265df20e2,SKL_b6bf9819daed,essential,ROME
OCC_22a265df20e2,SKL_41792681c988,essential,ROME
OCC_22a265df20e2,SKL_2b22132279f3,essential,ROME
OCC_22a265df20e2,SKL_37629b5544de,essential,ROME
OCC_22a265df20e2,SKL_b7f0fc1c0325,essential,ROME
OCC_22a265df20e2,SKL_761c31315cf3,essential,ROME
OCC_22a265df20e2,SKL_a64d184f3ba7,essential,ROME
OCC_22a265df20e2,SKL_fb5c2ee217d6,essential,ROME
OCC_22a265df20e2,SKL_0051f945c83d,essential,ROME
OCC_22a265df20e2,SKL_806567b831c9,essential,ROME
OCC_22a265df20e2,SKL_b02389a26725,essential,ROME
OCC_22a265df20e2,SKL_fa0883537dae,essential,ROME
OCC_22a265df20e2,SKL_a37e2fd19bba,essential,ROME
OCC_22a265df20e2,SKL_d0a219729763,essential,ROME
OCC_22a265df20e2,SKL_1f5f96f36baa,essential,ROME
OCC_22a265df20e2,SKL_e4f0b9447c27,essential,ROME
OCC_22a265df20e2,SKL_027061890c7b,essential,ROME
OCC_22a265df20e2,SKL_14b662aa3846,essential,ROME
OCC_22a265df20e2,SKL_14cecf804912,essential,ROME
OCC_22a265df20e2,SKL_f0deb814a4ee,essential,ROME
OCC_22a265df20e2,SKL_43ecea6ae4a7,essential,ROME
OCC_22a265df20e2,SKL_b1a0d5789a71,essential,ROME
OCC_22a265df20e2,SKL_8409b11ea437,essential,ROME
OCC_22a265df20e2,SKL_bb5a3d924f38,essential,ROME
OCC_22a265df20e2,SKL_d608366b8e39,essential,ROME
OCC_22a265df20e2,SKL_96e7f3bad498,essential,ROME
OCC_22a265df20e2,SKL_0daf5006c292,essential,ROME
OCC_22a265df20e2,SKL_f653d47edba5,essential,ROME
OCC_22a265df20e2,SKL_adb4c9249dfb,essential,ROME
OCC_22a265df20e2,SKL_dcb0dfaee567,essential,ROME
OCC_22a265df20e2,SKL_2ed964273894,essential,ROME
OCC_22a265df20e2,SKL_7c40aef5fad5,essential,ROME
OCC_22a265df20e2,SKL_0fced13c98ed,essential,ROME
OCC_22a265df20e2,SKL_bbc99ca3debf,essential,ROME
OCC_22a265df20e2,SKL_0cd0d83fdf41,essential,ROME
OCC_22a265df20e2,SKL_65069e49e28b,essential,ROME
OCC_22a265df20e2,SKL_8489cbbd6839,essential,ROME
OCC_22a265df20e2,SKL_c70070a17abf,essential,ROME
OCC_22a265df20e2,SKL_adade4b3e3d6,essential,ROME
OCC_22a265df20e2,SKL_72f630e49c3f,essential,ROME
OCC_22a265df20e2,SKL_d58a1e032bc8,essential,ROME
OCC_22a265df20e2,SKL_62802234cf51,essential,ROME
OCC_22a265df20e2,SKL_f7068e699c10,essential,ROME
OCC_22a265df20e2,SKL_a0fe378fd33f,essential,ROME
OCC_22a265df20e2,SKL_3caadf804527,essential,ROME
OCC_22a265df20e2,SKL_86eb59035a2d,essential,ROME
OCC_22a265df20e2,SKL_f045c03af786,essential,ROME
OCC_22a265df20e2,SKL_302f82589e90,essential,ROME
OCC_22a265df20e2,SKL_0d242cd13f2f,essential,ROME
OCC_22a265df20e2,SKL_f2df62143382,essential,ROME
OCC_22a265df20e2,SKL_62add866b915,essential,ROME
OCC_22a265df20e2,SKL_478e03aa0ede,essential,ROME
OCC_22a265df20e2,SKL_ba4cc7b350b0,essential,ROME
OCC_22a265df20e2,SKL_4caa02e6ad70,essential,ROME
OCC_22a265df20e2,SKL_6a54097ac4e9,essential,ROME
OCC_22a265df20e2,SKL_425d4f4431d5,essential,ROME
OCC_22a265df20e2,SKL_fcabb1b8098e,essential,ROME
OCC_22a265df20e2,SKL_6142502a4165,essential,ROME
OCC_22a265df20e2,SKL_7a956496d417,essential,ROME
OCC_22a265df20e2,SKL_5a6289a3798a,essential,ROME
OCC_df34a0f9f6c0,SKL_b6bf9819daed,essential,ROME
OCC_df34a0f9f6c0,SKL_d4df85bffdc7,essential,ROME
OCC_df34a0f9f6c0,SKL_37629b5544de,essential,ROME
OCC_df34a0f9f6c0,SKL_b7f0fc1c0325,essential,ROME
OCC_df34a0f9f6c0,SKL_bf16e4a4c6bc,essential,ROME
OCC_df34a0f9f6c0,SKL_fa24ddbbb18f,essential,ROME
OCC_df34a0f9f6c0,SKL_f9cfc9661bcc,essential,ROME
OCC_df34a0f9f6c0,SKL_14b662aa3846,essential,ROME
OCC_df34a0f9f6c0,SKL_14cecf804912,essential,ROME
OCC_df34a0f9f6c0,SKL_4e63511e8a21,essential,ROME
OCC_df34a0f9f6c0,SKL_f0deb814a4ee,essential,ROME
OCC_df34a0f9f6c0,SKL_8498314ec7b0,essential,ROME
OCC_df34a0f9f6c0,SKL_5e08637b46b6,essential,ROME
OCC_df34a0f9f6c0,SKL_f653d47edba5,essential,ROME
OCC_df34a0f9f6c0,SKL_adb4c9249dfb,essential,ROME
OCC_df34a0f9f6c0,SKL_76864b50a4b0,essential,ROME
OCC_df34a0f9f6c0,SKL_cbf2fab6c4a0,essential,ROME
OCC_df34a0f9f6c0,SKL_84ec68838042,essential,ROME
OCC_df34a0f9f6c0,SKL_cfe058a132af,essential,ROME
OCC_df34a0f9f6c0,SKL_d439a2c6fa0f,essential,ROME
OCC_df34a0f9f6c0,SKL_630e3751f220,essential,ROME
OCC_df34a0f9f6c0,SKL_5a13d4bd89dc,essential,ROME
OCC_df34a0f9f6c0,SKL_7e08d4663b38,essential,ROME
OCC_df34a0f9f6c0,SKL_fab89c980563,essential,ROME
OCC_df34a0f9f6c0,SKL_8489cbbd6839,essential,ROME
OCC_df34a0f9f6c0,SKL_c70070a17abf,essential,ROME
OCC_df34a0f9f6c0,SKL_2d14e124a1b7,essential,ROME
OCC_df34a0f9f6c0,SKL_aa1a6fc0800a,essential,ROME
OCC_df34a0f9f6c0,SKL_adade4b3e3d6,essential,ROME
OCC_df34a0f9f6c0,SKL_78f888455887,essential,ROME
OCC_df34a0f9f6c0,SKL_62802234cf51,essential,ROME
OCC_df34a0f9f6c0,SKL_4ce8622dfdf0,essential,ROME
OCC_df34a0f9f6c0,SKL_d1830663b181,essential,ROME
OCC_df34a0f9f6c0,SKL_b41ed090d64e,essential,ROME
OCC_df34a0f9f6c0,SKL_82e686c2bcd6,essential,ROME
OCC_df34a0f9f6c0,SKL_e442aae87d2c,essential,ROME
OCC_df34a0f9f6c0,SKL_7b4001a98050,essential,ROME
OCC_df34a0f9f6c0,SKL_3a5484afe878,essential,ROME
OCC_df34a0f9f6c0,SKL_a9e7485dbcb1,essential,ROME
OCC_df34a0f9f6c0,SKL_c22af4b15a95,essential,ROME
OCC_df34a0f9f6c0,SKL_4922707f0c15,essential,ROME
OCC_df34a0f9f6c0,SKL_570507029b95,essential,ROME
OCC_df34a0f9f6c0,SKL_3d22123a1741,essential,ROME
OCC_df34a0f9f6c0,SKL_99be5f152709,essential,ROME
OCC_df34a0f9f6c0,SKL_446bc4dae99e,essential,ROME
OCC_df34a0f9f6c0,SKL_9e952d552211,essential,ROME
OCC_df34a0f9f6c0,SKL_a6ea3a90f3af,essential,ROME
OCC_df34a0f9f6c0,SKL_c8100e79de32,essential,ROME
OCC_df34a0f9f6c0,SKL_cc69e9e24df6,essential,ROME
OCC_df34a0f9f6c0,SKL_06c4c68b972b,essential,ROME
OCC_df34a0f9f6c0,SKL_ff45868b5c68,essential,ROME
OCC_2523d083789d,SKL_187fa2f342c2,essential,ROME
OCC_2523d083789d,SKL_b6bf9819daed,essential,ROME
OCC_2523d083789d,SKL_a9d9d4d373fe,essential,ROME
OCC_2523d083789d,SKL_a64d184f3ba7,essential,ROME
OCC_2523d083789d,SKL_f0deb814a4ee,essential,ROME
OCC_2523d083789d,SKL_8498314ec7b0,essential,ROME
OCC_2523d083789d,SKL_5e08637b46b6,essential,ROME
OCC_2523d083789d,SKL_bb5a3d924f38,essential,ROME
OCC_2523d083789d,SKL_d608366b8e39,essential,ROME
OCC_2523d083789d,SKL_f71130ad61f1,essential,ROME
OCC_2523d083789d,SKL_87cfeec65c32,essential,ROME
OCC_2523d083789d,SKL_29bc8c8045ee,essential,ROME
OCC_2523d083789d,SKL_825e43ab7c2b,essential,ROME
OCC_2523d083789d,SKL_81ccd0e7e9a5,essential,ROME
OCC_2523d083789d,SKL_55abdf50c8ca,essential,ROME
OCC_2523d083789d,SKL_ab08ee4f41e4,essential,ROME
OCC_2523d083789d,SKL_611988289e1a,essential,ROME
OCC_2523d083789d,SKL_b4a5be4afaa1,essential,ROME
OCC_2523d083789d,SKL_65069e49e28b,essential,ROME
OCC_2523d083789d,SKL_eb9ce513e00d,essential,ROME
OCC_2523d083789d,SKL_8489cbbd6839,essential,ROME
OCC_2523d083789d,SKL_14e599e49273,essential,ROME
OCC_2523d083789d,SKL_2d14e124a1b7,essential,ROME
OCC_2523d083789d,SKL_adade4b3e3d6,essential,ROME
OCC_2523d083789d,SKL_1d3c49419692,essential,ROME
OCC_2523d083789d,SKL_6543f3ba75f4,essential,ROME
OCC_2523d083789d,SKL_62802234cf51,essential,ROME
OCC_2523d083789d,SKL_f7068e699c10,essential,ROME
OCC_2523d083789d,SKL_757a5bf2b9cb,essential,ROME
OCC_2523d083789d,SKL_e107f0887218,essential,ROME
OCC_2523d083789d,SKL_92a131a5ebd7,essential,ROME
OCC_2523d083789d,SKL_3caadf804527,essential,ROME
OCC_2523d083789d,SKL_1687a5949d82,essential,ROME
OCC_2523d083789d,SKL_ba4cc7b350b0,essential,ROME
OCC_2523d083789d,SKL_59ef7def4ddc,essential,ROME
OCC_2523d083789d,SKL_aaeda41223eb,essential,ROME
OCC_2523d083789d,SKL_fcabb1b8098e,essential,ROME
OCC_2523d083789d,SKL_b96e021955fd,essential,ROME
OCC_2523d083789d,SKL_1a8fbc8e22ec,essential,ROME
OCC_2523d083789d,SKL_5be39f76c1a1,essential,ROME
OCC_2523d083789d,SKL_21d8879533a9,essential,ROME
OCC_2523d083789d,SKL_631e071a1452,essential,ROME
OCC_2523d083789d,SKL_a8dff3527916,essential,ROME
OCC_2523d083789d,SKL_87cd81fd6c06,essential,ROME
OCC_2523d083789d,SKL_b07bbebf3f61,essential,ROME
OCC_2523d083789d,SKL_df1be14e7445,essential,ROME
OCC_2523d083789d,SKL_d0be7cf04435,essential,ROME
OCC_2523d083789d,SKL_e97436c57905,essential,ROME
OCC_2523d083789d,SKL_36000de3f747,essential,ROME
OCC_2523d083789d,SKL_c26ca2f4b2ff,essential,ROME
OCC_2523d083789d,SKL_f479ce1e503d,essential,ROME
OCC_2523d083789d,SKL_7c58c5cafa2b,essential,ROME
OCC_2523d083789d,SKL_c44fd75d5d30,essential,ROME
OCC_2523d083789d,SKL_ce3279d845e7,essential,ROME
OCC_2523d083789d,SKL_fe2310cca7d1,essential,ROME
OCC_2523d083789d,SKL_44616716fd11,essential,ROME
OCC_940b6385dcd1,SKL_8a6b3f56c08c,essential,ROME
OCC_940b6385dcd1,SKL_8e05ab57238a,essential,ROME
OCC_940b6385dcd1,SKL_40c19574fd53,essential,ROME
OCC_940b6385dcd1,SKL_e6524ba06d14,essential,ROME
OCC_940b6385dcd1,SKL_683d4b0aa37c,essential,ROME
OCC_940b6385dcd1,SKL_891e15c465e5,essential,ROME
OCC_940b6385dcd1,SKL_76b841a0036d,essential,ROME
OCC_940b6385dcd1,SKL_2a8e4ba31c46,essential,ROME
OCC_940b6385dcd1,SKL_731536a1bbe4,essential,ROME
OCC_940b6385dcd1,SKL_72177191b482,essential,ROME
OCC_940b6385dcd1,SKL_e3e66ef30fdd,essential,ROME
OCC_940b6385dcd1,SKL_3bc36a170308,essential,ROME
OCC_940b6385dcd1,SKL_f789a8e72885,essential,ROME
OCC_940b6385dcd1,SKL_994479ef4ca2,essential,ROME
OCC_940b6385dcd1,SKL_ce03df2f7888,essential,ROME
OCC_940b6385dcd1,SKL_faaa8f4f46cd,essential,ROME
OCC_940b6385dcd1,SKL_54b8c1fd25a6,essential,ROME
OCC_940b6385dcd1,SKL_abea55410a0a,essential,ROME
OCC_940b6385dcd1,SKL_8f47ed101338,essential,ROME
OCC_940b6385dcd1,SKL_8cd1627c9e28,essential,ROME
OCC_940b6385dcd1,SKL_a1f34d955cda,essential,ROME
OCC_940b6385dcd1,SKL_d2b74271eef0,essential,ROME
OCC_940b6385dcd1,SKL_cc5438ca3b1b,essential,ROME
OCC_940b6385dcd1,SKL_64cf9f8bf38f,essential,ROME
OCC_940b6385dcd1,SKL_961ac940b005,essential,ROME
OCC_940b6385dcd1,SKL_ddc1a44203f9,essential,ROME
OCC_940b6385dcd1,SKL_4aedce1ad2f3,essential,ROME
OCC_940b6385dcd1,SKL_187b635a345f,essential,ROME
OCC_940b6385dcd1,SKL_6934f723c339,essential,ROME
OCC_940b6385dcd1,SKL_a727303cb297,essential,ROME
OCC_940b6385dcd1,SKL_8489cbbd6839,essential,ROME
OCC_940b6385dcd1,SKL_c70070a17abf,essential,ROME
OCC_940b6385dcd1,SKL_5e0824c72bb2,essential,ROME
OCC_940b6385dcd1,SKL_62802234cf51,essential,ROME
OCC_940b6385dcd1,SKL_394323d3ab3a,essential,ROME
OCC_940b6385dcd1,SKL_757a5bf2b9cb,essential,ROME
OCC_940b6385dcd1,SKL_1687a5949d82,essential,ROME
OCC_940b6385dcd1,SKL_85a894cb6640,essential,ROME
OCC_940b6385dcd1,SKL_9b50ed023c49,essential,ROME
OCC_940b6385dcd1,SKL_a1e064c00319,essential,ROME
OCC_940b6385dcd1,SKL_df204adf500a,essential,ROME
OCC_940b6385dcd1,SKL_5d438c97ce8d,essential,ROME
OCC_940b6385dcd1,SKL_489e3c255fc9,essential,ROME
OCC_940b6385dcd1,SKL_49c0daf85a95,essential,ROME
OCC_940b6385dcd1,SKL_d9114c1416d1,essential,ROME
OCC_940b6385dcd1,SKL_c0b604bc90f6,essential,ROME
OCC_940b6385dcd1,SKL_b7df63cba176,essential,ROME
OCC_940b6385dcd1,SKL_5b6d2e1ae709,essential,ROME
OCC_940b6385dcd1,SKL_514c12341540,essential,ROME
OCC_940b6385dcd1,SKL_eed02e9d9593,essential,ROME
OCC_940b6385dcd1,SKL_91f68ff240f5,essential,ROME
OCC_940b6385dcd1,SKL_00fe7a40ad23,essential,ROME
OCC_940b6385dcd1,SKL_cbd30171634c,essential,ROME
OCC_940b6385dcd1,SKL_3de5e7aca9e4,essential,ROME
OCC_940b6385dcd1,SKL_8ef490fa2469,essential,ROME
OCC_940b6385dcd1,SKL_65dd4161da47,essential,ROME
OCC_940b6385dcd1,SKL_b523fb9f3ac3,essential,ROME
OCC_940b6385dcd1,SKL_b7e130e10392,essential,ROME
OCC_940b6385dcd1,SKL_446dc6811594,essential,ROME
OCC_940b6385dcd1,SKL_399c1fd9e7f9,essential,ROME
OCC_6d24adb3285c,SKL_6bc463f07761,essential,ROME
OCC_6d24adb3285c,SKL_6dedbe6b3a65,essential,ROME
OCC_6d24adb3285c,SKL_d97a4e479b45,essential,ROME
OCC_6d24adb3285c,SKL_764cce2189ab,essential,ROME
OCC_6d24adb3285c,SKL_37cc81342e7f,essential,ROME
OCC_6d24adb3285c,SKL_09bd09e57833,essential,ROME
OCC_6d24adb3285c,SKL_d635613f68a3,essential,ROME
OCC_6d24adb3285c,SKL_1f5f96f36baa,essential,ROME
OCC_6d24adb3285c,SKL_f0deb814a4ee,essential,ROME
OCC_6d24adb3285c,SKL_834e8e75d3b6,essential,ROME
OCC_6d24adb3285c,SKL_959245df750e,essential,ROME
OCC_6d24adb3285c,SKL_3110bf9b70af,essential,ROME
OCC_6d24adb3285c,SKL_3ff481839903,essential,ROME
OCC_6d24adb3285c,SKL_939c8b26da61,essential,ROME
OCC_6d24adb3285c,SKL_d55681297133,essential,ROME
OCC_6d24adb3285c,SKL_15add22b3bfb,essential,ROME
OCC_6d24adb3285c,SKL_0b20845040be,essential,ROME
OCC_6d24adb3285c,SKL_aae34b8642d7,essential,ROME
OCC_6d24adb3285c,SKL_12a6c18ff2d1,essential,ROME
OCC_6d24adb3285c,SKL_995e81b46ae3,essential,ROME
OCC_6d24adb3285c,SKL_68c28f2d8989,essential,ROME
OCC_6d24adb3285c,SKL_5d6cac5d84e0,essential,ROME
OCC_6d24adb3285c,SKL_c70070a17abf,essential,ROME
OCC_6d24adb3285c,SKL_14e599e49273,essential,ROME
OCC_6d24adb3285c,SKL_2d14e124a1b7,essential,ROME
OCC_6d24adb3285c,SKL_adade4b3e3d6,essential,ROME
OCC_6d24adb3285c,SKL_e71b07dddb8d,essential,ROME
OCC_6d24adb3285c,SKL_62802234cf51,essential,ROME
OCC_6d24adb3285c,SKL_f7068e699c10,essential,ROME
OCC_6d24adb3285c,SKL_4548a780c7aa,essential,ROME
OCC_6d24adb3285c,SKL_0cc2e1d691c5,essential,ROME
OCC_6d24adb3285c,SKL_00e84e920c27,essential,ROME
OCC_6d24adb3285c,SKL_b4f5767b3c2d,essential,ROME
OCC_6d24adb3285c,SKL_14f6f5645aef,essential,ROME
OCC_6d24adb3285c,SKL_418613577f40,essential,ROME
OCC_6d24adb3285c,SKL_c557393b6950,essential,ROME
OCC_6d24adb3285c,SKL_e3a888001dd7,essential,ROME
OCC_6d24adb3285c,SKL_708b3052e69f,essential,ROME
OCC_6d24adb3285c,SKL_6edbe118d445,essential,ROME
OCC_6d24adb3285c,SKL_8c6f6c24537d,essential,ROME
OCC_6d24adb3285c,SKL_974cd19abf42,essential,ROME
OCC_6d24adb3285c,SKL_21a640d971a5,essential,ROME
OCC_6d24adb3285c,SKL_169552eac5bb,essential,ROME
OCC_6d24adb3285c,SKL_10dcfa7ee3e0,essential,ROME
OCC_6d24adb3285c,SKL_980084a22d28,essential,ROME
OCC_6d24adb3285c,SKL_a2438099251f,essential,ROME
OCC_6d24adb3285c,SKL_c8a4e44cfa72,essential,ROME
OCC_6d24adb3285c,SKL_3266d6306950,essential,ROME
OCC_6d24adb3285c,SKL_5285dbd60dfb,essential,ROME
OCC_6d24adb3285c,SKL_e7d4c720f941,essential,ROME
OCC_6d24adb3285c,SKL_992046e84443,essential,ROME
OCC_6d24adb3285c,SKL_b907d5a57062,essential,ROME
OCC_6d24adb3285c,SKL_24b147973cec,essential,ROME
OCC_6d24adb3285c,SKL_294bd65d4f75,essential,ROME
OCC_6d24adb3285c,SKL_d034a8c093fb,essential,ROME
OCC_6d24adb3285c,SKL_f479ce1e503d,essential,ROME
OCC_6d24adb3285c,SKL_3301094f1e7f,essential,ROME
OCC_6d24adb3285c,SKL_5e55a26ad700,essential,ROME
OCC_6d24adb3285c,SKL_b7255e45b639,essential,ROME
OCC_6d24adb3285c,SKL_076566a33c6b,essential,ROME
OCC_6d24adb3285c,SKL_5bb2b6482d7f,essential,ROME
OCC_050f179f19d8,SKL_187fa2f342c2,essential,ROME
OCC_050f179f19d8,SKL_59443e2d492b,essential,ROME
OCC_050f179f19d8,SKL_b894f8a8204d,essential,ROME
OCC_050f179f19d8,SKL_c601e2d143b1,essential,ROME
OCC_050f179f19d8,SKL_e62ff87ec434,essential,ROME
OCC_050f179f19d8,SKL_73d6afdae280,essential,ROME
OCC_050f179f19d8,SKL_b7f0fc1c0325,essential,ROME
OCC_050f179f19d8,SKL_761c31315cf3,essential,ROME
OCC_050f179f19d8,SKL_a64d184f3ba7,essential,ROME
OCC_050f179f19d8,SKL_53042609a1f8,essential,ROME
OCC_050f179f19d8,SKL_0051f945c83d,essential,ROME
OCC_050f179f19d8,SKL_14b662aa3846,essential,ROME
OCC_050f179f19d8,SKL_f0deb814a4ee,essential,ROME
OCC_050f179f19d8,SKL_8498314ec7b0,essential,ROME
OCC_050f179f19d8,SKL_834e8e75d3b6,essential,ROME
OCC_050f179f19d8,SKL_8620389e9432,essential,ROME
OCC_050f179f19d8,SKL_1ed790bfb269,essential,ROME
OCC_050f179f19d8,SKL_9df64df194a4,essential,ROME
OCC_050f179f19d8,SKL_f789a8e72885,essential,ROME
OCC_050f179f19d8,SKL_d608366b8e39,essential,ROME
OCC_050f179f19d8,SKL_dcb0dfaee567,essential,ROME
OCC_050f179f19d8,SKL_d36131e09b6b,essential,ROME
OCC_050f179f19d8,SKL_fd69698b8a9e,essential,ROME
OCC_050f179f19d8,SKL_531f4a31f390,essential,ROME
OCC_050f179f19d8,SKL_84ec68838042,essential,ROME
OCC_050f179f19d8,SKL_14eb800d98bc,essential,ROME
OCC_050f179f19d8,SKL_bd4138930922,essential,ROME
OCC_050f179f19d8,SKL_5b5510c4960e,essential,ROME
OCC_050f179f19d8,SKL_28059a524dde,essential,ROME
OCC_050f179f19d8,SKL_25ef7b218e38,essential,ROME
OCC_050f179f19d8,SKL_eeb48786123f,essential,ROME
OCC_050f179f19d8,SKL_8965ed2badce,essential,ROME
OCC_050f179f19d8,SKL_ad505071f851,essential,ROME
OCC_050f179f19d8,SKL_35d6e6bf582e,essential,ROME
OCC_050f179f19d8,SKL_d3e1c4712d0b,essential,ROME
OCC_050f179f19d8,SKL_8489cbbd6839,essential,ROME
OCC_050f179f19d8,SKL_14e599e49273,essential,ROME
OCC_050f179f19d8,SKL_2d14e124a1b7,essential,ROME
OCC_050f179f19d8,SKL_adade4b3e3d6,essential,ROME
OCC_050f179f19d8,SKL_197cd57d1403,essential,ROME
OCC_050f179f19d8,SKL_1d3c49419692,essential,ROME
OCC_050f179f19d8,SKL_f7068e699c10,essential,ROME
OCC_050f179f19d8,SKL_4ce8622dfdf0,essential,ROME
OCC_050f179f19d8,SKL_1efe42fff58a,essential,ROME
OCC_050f179f19d8,SKL_e107f0887218,essential,ROME
OCC_050f179f19d8,SKL_92a131a5ebd7,essential,ROME
OCC_050f179f19d8,SKL_3caadf804527,essential,ROME
OCC_050f179f19d8,SKL_65adea83accf,essential,ROME
OCC_050f179f19d8,SKL_1687a5949d82,essential,ROME
OCC_050f179f19d8,SKL_0d242cd13f2f,essential,ROME
OCC_050f179f19d8,SKL_d1830663b181,essential,ROME
OCC_050f179f19d8,SKL_5d3dab31f2f5,essential,ROME
OCC_050f179f19d8,SKL_82e686c2bcd6,essential,ROME
OCC_050f179f19d8,SKL_5091435f5672,essential,ROME
OCC_050f179f19d8,SKL_cb1d13388a5f,essential,ROME
OCC_050f179f19d8,SKL_fcabb1b8098e,essential,ROME
OCC_050f179f19d8,SKL_b96e021955fd,essential,ROME
OCC_050f179f19d8,SKL_430774c44ed5,essential,ROME
OCC_050f179f19d8,SKL_de3253ef7b8f,essential,ROME
OCC_050f179f19d8,SKL_3b8bf0f38532,essential,ROME
OCC_050f179f19d8,SKL_f9bd999af7bc,essential,ROME
OCC_050f179f19d8,SKL_c26ca2f4b2ff,essential,ROME
OCC_050f179f19d8,SKL_44616716fd11,essential,ROME
OCC_7f18f2f19e2a,SKL_92c1ca01d72a,essential,ROME
OCC_7f18f2f19e2a,SKL_626d6f9f79bc,essential,ROME
OCC_7f18f2f19e2a,SKL_834e8e75d3b6,essential,ROME
OCC_7f18f2f19e2a,SKL_8620389e9432,essential,ROME
OCC_7f18f2f19e2a,SKL_ae64f7376cbd,essential,ROME
OCC_7f18f2f19e2a,SKL_9df64df194a4,essential,ROME
OCC_7f18f2f19e2a,SKL_2ed964273894,essential,ROME
OCC_7f18f2f19e2a,SKL_2e8f1205560d,essential,ROME
OCC_7f18f2f19e2a,SKL_46dac2e7588c,essential,ROME
OCC_7f18f2f19e2a,SKL_959245df750e,essential,ROME
OCC_7f18f2f19e2a,SKL_15add22b3bfb,essential,ROME
OCC_7f18f2f19e2a,SKL_0b20845040be,essential,ROME
OCC_7f18f2f19e2a,SKL_12a6c18ff2d1,essential,ROME
OCC_7f18f2f19e2a,SKL_28059a524dde,essential,ROME
OCC_7f18f2f19e2a,SKL_213717a7367d,essential,ROME
OCC_7f18f2f19e2a,SKL_6d2d4a476435,essential,ROME
OCC_7f18f2f19e2a,SKL_6855663c939b,essential,ROME
OCC_7f18f2f19e2a,SKL_3774a8084cbb,essential,ROME
OCC_7f18f2f19e2a,SKL_5e459b85bd57,essential,ROME
OCC_7f18f2f19e2a,SKL_f06801f91492,essential,ROME
OCC_7f18f2f19e2a,SKL_c1cc91d24b17,essential,ROME
OCC_7f18f2f19e2a,SKL_ecf2ac45fae7,essential,ROME
OCC_7f18f2f19e2a,SKL_3e4c5d28db66,essential,ROME
OCC_7f18f2f19e2a,SKL_5fe31a22717f,essential,ROME
OCC_7f18f2f19e2a,SKL_aa6974aef860,essential,ROME
OCC_7f18f2f19e2a,SKL_f1dfae690c45,essential,ROME
OCC_7f18f2f19e2a,SKL_e82299eb3241,essential,ROME
OCC_7f18f2f19e2a,SKL_adade4b3e3d6,essential,ROME
OCC_7f18f2f19e2a,SKL_62802234cf51,essential,ROME
OCC_7f18f2f19e2a,SKL_20a55c356a2d,essential,ROME
OCC_7f18f2f19e2a,SKL_e7d4c720f941,essential,ROME
OCC_7f18f2f19e2a,SKL_2a3eea5b4789,essential,ROME
OCC_7f18f2f19e2a,SKL_46dd50ba3a2c,essential,ROME
OCC_7f18f2f19e2a,SKL_ebe032744cc4,essential,ROME
OCC_7f18f2f19e2a,SKL_57ae6d778907,essential,ROME
OCC_7f18f2f19e2a,SKL_7f88dcf2dce8,essential,ROME
OCC_7f18f2f19e2a,SKL_030579ae0fb1,essential,ROME
OCC_7f18f2f19e2a,SKL_e6a3b314d38b,essential,ROME
OCC_7f18f2f19e2a,SKL_2cc908b9b233,essential,ROME
OCC_7f18f2f19e2a,SKL_6ff43f7f7296,essential,ROME
OCC_7f18f2f19e2a,SKL_ad992e9e382d,essential,ROME
OCC_7f18f2f19e2a,SKL_93f5b2ed9e1f,essential,ROME
OCC_7f18f2f19e2a,SKL_75e1ccbaabc5,essential,ROME
OCC_7f18f2f19e2a,SKL_0f63390b7494,essential,ROME
OCC_336e0a8cfc0b,SKL_f31f32b08abb,essential,ROME
OCC_336e0a8cfc0b,SKL_e84c26020815,essential,ROME
OCC_336e0a8cfc0b,SKL_bbf17c94fa00,essential,ROME
OCC_336e0a8cfc0b,SKL_b7f0fc1c0325,essential,ROME
OCC_336e0a8cfc0b,SKL_764cce2189ab,essential,ROME
OCC_336e0a8cfc0b,SKL_a9d9d4d373fe,essential,ROME
OCC_336e0a8cfc0b,SKL_709aa19dcfeb,essential,ROME
OCC_336e0a8cfc0b,SKL_321a1413d585,essential,ROME
OCC_336e0a8cfc0b,SKL_a64d184f3ba7,essential,ROME
OCC_336e0a8cfc0b,SKL_552960467971,essential,ROME
OCC_336e0a8cfc0b,SKL_fa0883537dae,essential,ROME
OCC_336e0a8cfc0b,SKL_beb20553336d,essential,ROME
OCC_336e0a8cfc0b,SKL_78892952f102,essential,ROME
OCC_336e0a8cfc0b,SKL_26685168fe70,essential,ROME
OCC_336e0a8cfc0b,SKL_7bb0507c58f4,essential,ROME
OCC_336e0a8cfc0b,SKL_1f5f96f36baa,essential,ROME
OCC_336e0a8cfc0b,SKL_14b662aa3846,essential,ROME
OCC_336e0a8cfc0b,SKL_20af2a60c7e5,essential,ROME
OCC_336e0a8cfc0b,SKL_4e63511e8a21,essential,ROME
OCC_336e0a8cfc0b,SKL_f0deb814a4ee,essential,ROME
OCC_336e0a8cfc0b,SKL_43ecea6ae4a7,essential,ROME
OCC_336e0a8cfc0b,SKL_9df64df194a4,essential,ROME
OCC_336e0a8cfc0b,SKL_a4798fa9d602,essential,ROME
OCC_336e0a8cfc0b,SKL_dcb0dfaee567,essential,ROME
OCC_336e0a8cfc0b,SKL_5f73c752fc6b,essential,ROME
OCC_336e0a8cfc0b,SKL_e5fc1028f24f,essential,ROME
OCC_336e0a8cfc0b,SKL_711526199d10,essential,ROME
OCC_336e0a8cfc0b,SKL_6f67ebe69e97,essential,ROME
OCC_336e0a8cfc0b,SKL_28b4bb8010e0,essential,ROME
OCC_336e0a8cfc0b,SKL_87f4b37e82b5,essential,ROME
OCC_336e0a8cfc0b,SKL_8489cbbd6839,essential,ROME
OCC_336e0a8cfc0b,SKL_14e599e49273,essential,ROME
OCC_336e0a8cfc0b,SKL_aa1a6fc0800a,essential,ROME
OCC_336e0a8cfc0b,SKL_adade4b3e3d6,essential,ROME
OCC_336e0a8cfc0b,SKL_d1418a8b6ed2,essential,ROME
OCC_336e0a8cfc0b,SKL_299964d3e87d,essential,ROME
OCC_336e0a8cfc0b,SKL_4ce8622dfdf0,essential,ROME
OCC_336e0a8cfc0b,SKL_757a5bf2b9cb,essential,ROME
OCC_336e0a8cfc0b,SKL_e107f0887218,essential,ROME
OCC_336e0a8cfc0b,SKL_8142a0b9cf2a,essential,ROME
OCC_336e0a8cfc0b,SKL_32bd51cce541,essential,ROME
OCC_336e0a8cfc0b,SKL_f66038d41171,essential,ROME
OCC_336e0a8cfc0b,SKL_5091435f5672,essential,ROME
OCC_336e0a8cfc0b,SKL_67231f4560ec,essential,ROME
OCC_336e0a8cfc0b,SKL_c8a4e44cfa72,essential,ROME
OCC_336e0a8cfc0b,SKL_a257c47acf15,essential,ROME
OCC_336e0a8cfc0b,SKL_259857ffc6d6,essential,ROME
OCC_336e0a8cfc0b,SKL_90c60484e58d,essential,ROME
OCC_336e0a8cfc0b,SKL_02fc7db2489f,essential,ROME
OCC_336e0a8cfc0b,SKL_3550790ab3e8,essential,ROME
OCC_336e0a8cfc0b,SKL_693fe116fbb2,essential,ROME
OCC_336e0a8cfc0b,SKL_06c4c68b972b,essential,ROME
OCC_336e0a8cfc0b,SKL_f479ce1e503d,essential,ROME
OCC_336e0a8cfc0b,SKL_7c58c5cafa2b,essential,ROME
OCC_336e0a8cfc0b,SKL_c44fd75d5d30,essential,ROME
OCC_336e0a8cfc0b,SKL_ce3279d845e7,essential,ROME
OCC_336e0a8cfc0b,SKL_fe2310cca7d1,essential,ROME
OCC_336e0a8cfc0b,SKL_44616716fd11,essential,ROME
OCC_336e0a8cfc0b,SKL_48be108b977a,essential,ROME
OCC_085a2958b6aa,SKL_187fa2f342c2,essential,ROME
OCC_085a2958b6aa,SKL_59443e2d492b,essential,ROME
OCC_085a2958b6aa,SKL_8e05ab57238a,essential,ROME
OCC_085a2958b6aa,SKL_b894f8a8204d,essential,ROME
OCC_085a2958b6aa,SKL_e62ff87ec434,essential,ROME
OCC_085a2958b6aa,SKL_b7f0fc1c0325,essential,ROME
OCC_085a2958b6aa,SKL_bf16e4a4c6bc,essential,ROME
OCC_085a2958b6aa,SKL_fa24ddbbb18f,essential,ROME
OCC_085a2958b6aa,SKL_761c31315cf3,essential,ROME
OCC_085a2958b6aa,SKL_b185344fa059,essential,ROME
OCC_085a2958b6aa,SKL_a64d184f3ba7,essential,ROME
OCC_085a2958b6aa,SKL_53042609a1f8,essential,ROME
OCC_085a2958b6aa,SKL_0051f945c83d,essential,ROME
OCC_085a2958b6aa,SKL_d8fa3e25fcdb,essential,ROME
OCC_085a2958b6aa,SKL_887c14547452,essential,ROME
OCC_085a2958b6aa,SKL_78892952f102,essential,ROME
OCC_085a2958b6aa,SKL_26685168fe70,essential,ROME
OCC_085a2958b6aa,SKL_d0a219729763,essential,ROME
OCC_085a2958b6aa,SKL_1f5f96f36baa,essential,ROME
OCC_085a2958b6aa,SKL_e4f0b9447c27,essential,ROME
OCC_085a2958b6aa,SKL_8498314ec7b0,essential,ROME
OCC_085a2958b6aa,SKL_834e8e75d3b6,essential,ROME
OCC_085a2958b6aa,SKL_8620389e9432,essential,ROME
OCC_085a2958b6aa,SKL_5e08637b46b6,essential,ROME
OCC_085a2958b6aa,SKL_bb5a3d924f38,essential,ROME
OCC_085a2958b6aa,SKL_e4abb00d383b,essential,ROME
OCC_085a2958b6aa,SKL_9df64df194a4,essential,ROME
OCC_085a2958b6aa,SKL_f789a8e72885,essential,ROME
OCC_085a2958b6aa,SKL_d608366b8e39,essential,ROME
OCC_085a2958b6aa,SKL_1a22a92e3226,essential,ROME
OCC_085a2958b6aa,SKL_f653d47edba5,essential,ROME
OCC_085a2958b6aa,SKL_dcb0dfaee567,essential,ROME
OCC_085a2958b6aa,SKL_e7aff90b0220,essential,ROME
OCC_085a2958b6aa,SKL_b72599497697,essential,ROME
OCC_085a2958b6aa,SKL_84ec68838042,essential,ROME
OCC_085a2958b6aa,SKL_d449dd863e2e,essential,ROME
OCC_085a2958b6aa,SKL_8489cbbd6839,essential,ROME
OCC_085a2958b6aa,SKL_14e599e49273,essential,ROME
OCC_085a2958b6aa,SKL_adade4b3e3d6,essential,ROME
OCC_085a2958b6aa,SKL_197cd57d1403,essential,ROME
OCC_085a2958b6aa,SKL_78f888455887,essential,ROME
OCC_085a2958b6aa,SKL_62802234cf51,essential,ROME
OCC_085a2958b6aa,SKL_c006b7eba887,essential,ROME
OCC_085a2958b6aa,SKL_f7068e699c10,essential,ROME
OCC_085a2958b6aa,SKL_ac251a5dda5c,essential,ROME
OCC_085a2958b6aa,SKL_4ce8622dfdf0,essential,ROME
OCC_085a2958b6aa,SKL_1687a5949d82,essential,ROME
OCC_085a2958b6aa,SKL_0d242cd13f2f,essential,ROME
OCC_085a2958b6aa,SKL_12a828ad9117,essential,ROME
OCC_085a2958b6aa,SKL_fcabb1b8098e,essential,ROME
OCC_085a2958b6aa,SKL_b96e021955fd,essential,ROME
OCC_085a2958b6aa,SKL_5be39f76c1a1,essential,ROME
OCC_085a2958b6aa,SKL_c8a4e44cfa72,essential,ROME
OCC_085a2958b6aa,SKL_99be5f152709,essential,ROME
OCC_085a2958b6aa,SKL_362ea73d7cc4,essential,ROME
OCC_085a2958b6aa,SKL_1e57a251254b,essential,ROME
OCC_085a2958b6aa,SKL_be7c08708c89,essential,ROME
OCC_085a2958b6aa,SKL_91f68ff240f5,essential,ROME
OCC_085a2958b6aa,SKL_44616716fd11,essential,ROME
OCC_88068199c10c,SKL_761c31315cf3,essential,ROME
OCC_88068199c10c,SKL_5a3e68d4a5e5,essential,ROME
OCC_88068199c10c,SKL_38c526e24c6f,essential,ROME
OCC_88068199c10c,SKL_4c61c172ba2a,essential,ROME
OCC_88068199c10c,SKL_eaaced0ab14b,essential,ROME
OCC_88068199c10c,SKL_c124909bc76c,essential,ROME
OCC_88068199c10c,SKL_1d7f04d36f6f,essential,ROME
OCC_88068199c10c,SKL_43ecea6ae4a7,essential,ROME
OCC_88068199c10c,SKL_e63993a7e996,essential,ROME
OCC_88068199c10c,SKL_adb4c9249dfb,essential,ROME
OCC_88068199c10c,SKL_d7e9995d9387,essential,ROME
OCC_88068199c10c,SKL_9cdc3c6bcc7b,essential,ROME
OCC_88068199c10c,SKL_e52e2c1086fc,essential,ROME
OCC_88068199c10c,SKL_3518e03d7d80,essential,ROME
OCC_88068199c10c,SKL_aa6974aef860,essential,ROME
OCC_88068199c10c,SKL_1ef3a1e53886,essential,ROME
OCC_88068199c10c,SKL_b859911c2df4,essential,ROME
OCC_88068199c10c,SKL_ecde7a426c59,essential,ROME
OCC_88068199c10c,SKL_80227c0e5820,essential,ROME
OCC_88068199c10c,SKL_3d38baaaa1ef,essential,ROME
OCC_88068199c10c,SKL_8489cbbd6839,essential,ROME
OCC_88068199c10c,SKL_c70070a17abf,essential,ROME
OCC_88068199c10c,SKL_adade4b3e3d6,essential,ROME
OCC_88068199c10c,SKL_f7068e699c10,essential,ROME
OCC_88068199c10c,SKL_1efe42fff58a,essential,ROME
OCC_88068199c10c,SKL_a44f7041fbe8,essential,ROME
OCC_88068199c10c,SKL_1b3116521066,essential,ROME
OCC_88068199c10c,SKL_845fe247d4a5,essential,ROME
OCC_88068199c10c,SKL_9a34b178d331,essential,ROME
OCC_88068199c10c,SKL_535e3a11b904,essential,ROME
OCC_88068199c10c,SKL_99be5f152709,essential,ROME
OCC_88068199c10c,SKL_e294df1cb51c,essential,ROME
OCC_88068199c10c,SKL_1284530b6787,essential,ROME
OCC_88068199c10c,SKL_8fe370b04509,essential,ROME
OCC_88068199c10c,SKL_2a3eea5b4789,essential,ROME
OCC_88068199c10c,SKL_57ae6d778907,essential,ROME
OCC_88068199c10c,SKL_48150301fdf9,essential,ROME
OCC_88068199c10c,SKL_9eaf6fe424ff,essential,ROME
OCC_3dd25c7bc53e,SKL_464d5394f025,essential,ROME
OCC_3dd25c7bc53e,SKL_fa3a74adf949,essential,ROME
OCC_3dd25c7bc53e,SKL_35fc3727f08e,essential,ROME
OCC_3dd25c7bc53e,SKL_96955a8372cb,essential,ROME
OCC_3dd25c7bc53e,SKL_76d40b05b990,essential,ROME
OCC_3dd25c7bc53e,SKL_7011b11daa27,essential,ROME
OCC_3dd25c7bc53e,SKL_640cee18eb99,essential,ROME
OCC_3dd25c7bc53e,SKL_b336a0218179,essential,ROME
OCC_3dd25c7bc53e,SKL_213717a7367d,essential,ROME
OCC_3dd25c7bc53e,SKL_ffd2419c6e73,essential,ROME
OCC_3dd25c7bc53e,SKL_adcbe0d0302a,essential,ROME
OCC_3dd25c7bc53e,SKL_6534aa39517a,essential,ROME
OCC_3dd25c7bc53e,SKL_c70070a17abf,essential,ROME
OCC_3dd25c7bc53e,SKL_14e599e49273,essential,ROME
OCC_3dd25c7bc53e,SKL_2d14e124a1b7,essential,ROME
OCC_3dd25c7bc53e,SKL_4caa02e6ad70,essential,ROME
OCC_3dd25c7bc53e,SKL_266751dd8cf2,essential,ROME
OCC_3dd25c7bc53e,SKL_52fea5d9228e,essential,ROME
OCC_3dd25c7bc53e,SKL_0019b963eb25,essential,ROME
OCC_3dd25c7bc53e,SKL_33010a74b590,essential,ROME
OCC_3dd25c7bc53e,SKL_1669a3910bcd,essential,ROME
OCC_3dd25c7bc53e,SKL_1bd07a7838d6,essential,ROME
OCC_3dd25c7bc53e,SKL_da14d894b368,essential,ROME
OCC_3dd25c7bc53e,SKL_2d9625e580f7,essential,ROME
OCC_3dd25c7bc53e,SKL_7b2c3e31d343,essential,ROME
OCC_3dd25c7bc53e,SKL_da2fd50c59f6,essential,ROME
OCC_3dd25c7bc53e,SKL_a72b6470c47f,essential,ROME
OCC_3dd25c7bc53e,SKL_6a7ab4cbdd43,essential,ROME
OCC_3dd25c7bc53e,SKL_06c4c68b972b,essential,ROME
OCC_3dd25c7bc53e,SKL_98c6fb860b46,essential,ROME
OCC_3dd25c7bc53e,SKL_3eb1fa014dc3,essential,ROME
OCC_3dd25c7bc53e,SKL_6302dacf0d75,essential,ROME
OCC_3dd25c7bc53e,SKL_f479ce1e503d,essential,ROME
OCC_3dd25c7bc53e,SKL_399c1fd9e7f9,essential,ROME
OCC_3dd25c7bc53e,SKL_5e55a26ad700,essential,ROME
OCC_3dd25c7bc53e,SKL_e93d5c72d23d,essential,ROME
OCC_3dd25c7bc53e,SKL_f9ba4278314c,essential,ROME
OCC_3dd25c7bc53e,SKL_69c1d3d6dc1b,essential,ROME
OCC_2e83dfac986c,SKL_187fa2f342c2,essential,ROME
OCC_2e83dfac986c,SKL_b894f8a8204d,essential,ROME
OCC_2e83dfac986c,SKL_6dedbe6b3a65,essential,ROME
OCC_2e83dfac986c,SKL_e62ff87ec434,essential,ROME
OCC_2e83dfac986c,SKL_37629b5544de,essential,ROME
OCC_2e83dfac986c,SKL_b7f0fc1c0325,essential,ROME
OCC_2e83dfac986c,SKL_fa24ddbbb18f,essential,ROME
OCC_2e83dfac986c,SKL_761c31315cf3,essential,ROME
OCC_2e83dfac986c,SKL_a9d9d4d373fe,essential,ROME
OCC_2e83dfac986c,SKL_a64d184f3ba7,essential,ROME
OCC_2e83dfac986c,SKL_f0deb814a4ee,essential,ROME
OCC_2e83dfac986c,SKL_8498314ec7b0,essential,ROME
OCC_2e83dfac986c,SKL_834e8e75d3b6,essential,ROME
OCC_2e83dfac986c,SKL_5e08637b46b6,essential,ROME
OCC_2e83dfac986c,SKL_bb5a3d924f38,essential,ROME
OCC_2e83dfac986c,SKL_d608366b8e39,essential,ROME
OCC_2e83dfac986c,SKL_f71130ad61f1,essential,ROME
OCC_2e83dfac986c,SKL_96e7f3bad498,essential,ROME
OCC_2e83dfac986c,SKL_dcb0dfaee567,essential,ROME
OCC_2e83dfac986c,SKL_e7aff90b0220,essential,ROME
OCC_2e83dfac986c,SKL_b72599497697,essential,ROME
OCC_2e83dfac986c,SKL_bbc99ca3debf,essential,ROME
OCC_2e83dfac986c,SKL_33f6ec7bb9ff,essential,ROME
OCC_2e83dfac986c,SKL_3551a67e9b82,essential,ROME
OCC_2e83dfac986c,SKL_972e832d342f,essential,ROME
OCC_2e83dfac986c,SKL_b63e86e36d9e,essential,ROME
OCC_2e83dfac986c,SKL_661d6efca0df,essential,ROME
OCC_2e83dfac986c,SKL_aa81abe23431,essential,ROME
OCC_2e83dfac986c,SKL_14e599e49273,essential,ROME
OCC_2e83dfac986c,SKL_2d14e124a1b7,essential,ROME
OCC_2e83dfac986c,SKL_adade4b3e3d6,essential,ROME
OCC_2e83dfac986c,SKL_197cd57d1403,essential,ROME
OCC_2e83dfac986c,SKL_a88c2415dadd,essential,ROME
OCC_2e83dfac986c,SKL_78f888455887,essential,ROME
OCC_2e83dfac986c,SKL_1d3c49419692,essential,ROME
OCC_2e83dfac986c,SKL_4ce8622dfdf0,essential,ROME
OCC_2e83dfac986c,SKL_e107f0887218,essential,ROME
OCC_2e83dfac986c,SKL_3caadf804527,essential,ROME
OCC_2e83dfac986c,SKL_0d242cd13f2f,essential,ROME
OCC_2e83dfac986c,SKL_d1830663b181,essential,ROME
OCC_2e83dfac986c,SKL_85fae402b01b,essential,ROME
OCC_2e83dfac986c,SKL_ba4cc7b350b0,essential,ROME
OCC_2e83dfac986c,SKL_6152d3964932,essential,ROME
OCC_2e83dfac986c,SKL_21a640d971a5,essential,ROME
OCC_2e83dfac986c,SKL_ac053b07fd83,essential,ROME
OCC_2e83dfac986c,SKL_fcabb1b8098e,essential,ROME
OCC_2e83dfac986c,SKL_2200ceeb1aad,essential,ROME
OCC_2e83dfac986c,SKL_6483b2b94aaa,essential,ROME
OCC_2e83dfac986c,SKL_abab59427b62,essential,ROME
OCC_2e83dfac986c,SKL_920c484dd151,essential,ROME
OCC_2e83dfac986c,SKL_a07762af9748,essential,ROME
OCC_2e83dfac986c,SKL_89abf35204f9,essential,ROME
OCC_2e83dfac986c,SKL_91f68ff240f5,essential,ROME
OCC_2e83dfac986c,SKL_c26ca2f4b2ff,essential,ROME
OCC_2e83dfac986c,SKL_f479ce1e503d,essential,ROME
OCC_2e83dfac986c,SKL_7c58c5cafa2b,essential,ROME
OCC_2e83dfac986c,SKL_c44fd75d5d30,essential,ROME
OCC_2e83dfac986c,SKL_ce3279d845e7,essential,ROME
OCC_2e83dfac986c,SKL_fe2310cca7d1,essential,ROME
OCC_2e83dfac986c,SKL_44616716fd11,essential,ROME
OCC_2e83dfac986c,SKL_c1fb11c6a4b5,essential,ROME
OCC_2e83dfac986c,SKL_8ac245c608a5,essential,ROME
OCC_8febad416722,SKL_66473c44d2cc,essential,ROME
OCC_8febad416722,SKL_898a33c1f268,essential,ROME
OCC_8febad416722,SKL_b7f026f2b45a,essential,ROME
OCC_8febad416722,SKL_7e8ccf9cfd22,essential,ROME
OCC_8febad416722,SKL_2a510895dde4,essential,ROME
OCC_8febad416722,SKL_e2e8a8dbc6ca,essential,ROME
OCC_8febad416722,SKL_cfe058a132af,essential,ROME
OCC_8febad416722,SKL_ec1207b4b926,essential,ROME
OCC_8febad416722,SKL_c8cf7943e219,essential,ROME
OCC_8febad416722,SKL_d27ff0b6641b,essential,ROME
OCC_8febad416722,SKL_d1e108fc0aa0,essential,ROME
OCC_8febad416722,SKL_49cf4d6a8518,essential,ROME
OCC_8febad416722,SKL_e4986171917d,essential,ROME
OCC_8febad416722,SKL_93d25ec7d4e1,essential,ROME
OCC_8febad416722,SKL_ed5087711c1e,essential,ROME
OCC_8febad416722,SKL_34d81d7ac96a,essential,ROME
OCC_8febad416722,SKL_54b1fec5c39f,essential,ROME
OCC_8febad416722,SKL_d8a77f14e5a1,essential,ROME
OCC_8febad416722,SKL_bde4e39dfe81,essential,ROME
OCC_8febad416722,SKL_e46f9769f157,essential,ROME
OCC_8febad416722,SKL_61fd68177589,essential,ROME
OCC_8febad416722,SKL_d1492a9790a1,essential,ROME
OCC_8febad416722,SKL_c70070a17abf,essential,ROME
OCC_8febad416722,SKL_2d14e124a1b7,essential,ROME
OCC_8febad416722,SKL_adade4b3e3d6,essential,ROME
OCC_8febad416722,SKL_21a640d971a5,essential,ROME
OCC_8febad416722,SKL_51fe25b35ea1,essential,ROME
OCC_8febad416722,SKL_144344f9b8ac,essential,ROME
OCC_8febad416722,SKL_2f522b2c73bf,essential,ROME
OCC_8febad416722,SKL_f2027785bd2f,essential,ROME
OCC_8febad416722,SKL_2ed1cf37273e,essential,ROME
OCC_8febad416722,SKL_e9c3df065fcf,essential,ROME
OCC_8febad416722,SKL_09b08c71c423,essential,ROME
OCC_8febad416722,SKL_13d89ddf0edd,essential,ROME
OCC_8febad416722,SKL_ba5175dbd5c8,essential,ROME
OCC_8febad416722,SKL_89650b14501b,essential,ROME
OCC_8febad416722,SKL_0a69ee358247,essential,ROME
OCC_8febad416722,SKL_db004c803543,essential,ROME
OCC_8febad416722,SKL_e70d934ef7bd,essential,ROME
OCC_8febad416722,SKL_20668b169d82,essential,ROME
OCC_8febad416722,SKL_c1fb11c6a4b5,essential,ROME
OCC_8febad416722,SKL_842424f29e66,essential,ROME
OCC_8febad416722,SKL_958b8a19049f,essential,ROME
OCC_8febad416722,SKL_5454c53b866e,essential,ROME
OCC_8febad416722,SKL_bdd4ba186d34,essential,ROME
OCC_07c3258d7642,SKL_8a6b3f56c08c,essential,ROME
OCC_07c3258d7642,SKL_96b4e912259d,essential,ROME
OCC_07c3258d7642,SKL_ebe61665b084,essential,ROME
OCC_07c3258d7642,SKL_b9e80fe7145d,essential,ROME
OCC_07c3258d7642,SKL_76b841a0036d,essential,ROME
OCC_07c3258d7642,SKL_2a8e4ba31c46,essential,ROME
OCC_07c3258d7642,SKL_df5a168f047b,essential,ROME
OCC_07c3258d7642,SKL_4e63511e8a21,essential,ROME
OCC_07c3258d7642,SKL_2980ac8bfde5,essential,ROME
OCC_07c3258d7642,SKL_0995fd725d23,essential,ROME
OCC_07c3258d7642,SKL_f3626b4714ee,essential,ROME
OCC_07c3258d7642,SKL_994479ef4ca2,essential,ROME
OCC_07c3258d7642,SKL_faaa8f4f46cd,essential,ROME
OCC_07c3258d7642,SKL_a4798fa9d602,essential,ROME
OCC_07c3258d7642,SKL_54b8c1fd25a6,essential,ROME
OCC_07c3258d7642,SKL_dcb0dfaee567,essential,ROME
OCC_07c3258d7642,SKL_a311c324edf6,essential,ROME
OCC_07c3258d7642,SKL_5f73c752fc6b,essential,ROME
OCC_07c3258d7642,SKL_5016425d28fd,essential,ROME
OCC_07c3258d7642,SKL_80544315a984,essential,ROME
OCC_07c3258d7642,SKL_31edea4894f6,essential,ROME
OCC_07c3258d7642,SKL_ec6da1693948,essential,ROME
OCC_07c3258d7642,SKL_cc5438ca3b1b,essential,ROME
OCC_07c3258d7642,SKL_909ba41ca82f,essential,ROME
OCC_07c3258d7642,SKL_dd025e5e2450,essential,ROME
OCC_07c3258d7642,SKL_7bcc35ce033f,essential,ROME
OCC_07c3258d7642,SKL_3dbe04c72193,essential,ROME
OCC_07c3258d7642,SKL_48b0d8a86bfd,essential,ROME
OCC_07c3258d7642,SKL_19219921ea7d,essential,ROME
OCC_07c3258d7642,SKL_f73ccadd80bf,essential,ROME
OCC_07c3258d7642,SKL_61e5e6df20cb,essential,ROME
OCC_07c3258d7642,SKL_64cf9f8bf38f,essential,ROME
OCC_07c3258d7642,SKL_961ac940b005,essential,ROME
OCC_07c3258d7642,SKL_4aedce1ad2f3,essential,ROME
OCC_07c3258d7642,SKL_f5b009efaaed,essential,ROME
OCC_07c3258d7642,SKL_20f398765590,essential,ROME
OCC_07c3258d7642,SKL_d769aa3116af,essential,ROME
OCC_07c3258d7642,SKL_65069e49e28b,essential,ROME
OCC_07c3258d7642,SKL_8489cbbd6839,essential,ROME
OCC_07c3258d7642,SKL_c70070a17abf,essential,ROME
OCC_07c3258d7642,SKL_14e599e49273,essential,ROME
OCC_07c3258d7642,SKL_4ce8622dfdf0,essential,ROME
OCC_07c3258d7642,SKL_1efe42fff58a,essential,ROME
OCC_07c3258d7642,SKL_422d7852fa31,essential,ROME
OCC_07c3258d7642,SKL_757a5bf2b9cb,essential,ROME
OCC_07c3258d7642,SKL_0d242cd13f2f,essential,ROME
OCC_07c3258d7642,SKL_85a894cb6640,essential,ROME
OCC_07c3258d7642,SKL_a16de7bfb993,essential,ROME
OCC_07c3258d7642,SKL_8270c752a0eb,essential,ROME
OCC_07c3258d7642,SKL_768283c98955,essential,ROME
OCC_07c3258d7642,SKL_21a640d971a5,essential,ROME
OCC_07c3258d7642,SKL_85dd7cb09298,essential,ROME
OCC_07c3258d7642,SKL_7a1029074115,essential,ROME
OCC_07c3258d7642,SKL_169552eac5bb,essential,ROME
OCC_07c3258d7642,SKL_a1e064c00319,essential,ROME
OCC_07c3258d7642,SKL_c2f880600b68,essential,ROME
OCC_07c3258d7642,SKL_6142502a4165,essential,ROME
OCC_07c3258d7642,SKL_eed02e9d9593,essential,ROME
OCC_07c3258d7642,SKL_8c475071709c,essential,ROME
OCC_07c3258d7642,SKL_91f68ff240f5,essential,ROME
OCC_07c3258d7642,SKL_c26ca2f4b2ff,essential,ROME
OCC_07c3258d7642,SKL_44616716fd11,essential,ROME
OCC_eab9b08d024c,SKL_8e05ab57238a,essential,ROME
OCC_eab9b08d024c,SKL_c601e2d143b1,essential,ROME
OCC_eab9b08d024c,SKL_0931c28280f5,essential,ROME
OCC_eab9b08d024c,SKL_73d6afdae280,essential,ROME
OCC_eab9b08d024c,SKL_fa24ddbbb18f,essential,ROME
OCC_eab9b08d024c,SKL_d3e977433a8a,essential,ROME
OCC_eab9b08d024c,SKL_a64d184f3ba7,essential,ROME
OCC_eab9b08d024c,SKL_53042609a1f8,essential,ROME
OCC_eab9b08d024c,SKL_0051f945c83d,essential,ROME
OCC_eab9b08d024c,SKL_d8fa3e25fcdb,essential,ROME
OCC_eab9b08d024c,SKL_887c14547452,essential,ROME
OCC_eab9b08d024c,SKL_26685168fe70,essential,ROME
OCC_eab9b08d024c,SKL_d0a219729763,essential,ROME
OCC_eab9b08d024c,SKL_1f5f96f36baa,essential,ROME
OCC_eab9b08d024c,SKL_cae91eec2469,essential,ROME
OCC_eab9b08d024c,SKL_14b662aa3846,essential,ROME
OCC_eab9b08d024c,SKL_f0deb814a4ee,essential,ROME
OCC_eab9b08d024c,SKL_8498314ec7b0,essential,ROME
OCC_eab9b08d024c,SKL_834e8e75d3b6,essential,ROME
OCC_eab9b08d024c,SKL_e4abb00d383b,essential,ROME
OCC_eab9b08d024c,SKL_f789a8e72885,essential,ROME
OCC_eab9b08d024c,SKL_d608366b8e39,essential,ROME
OCC_eab9b08d024c,SKL_f71130ad61f1,essential,ROME
OCC_eab9b08d024c,SKL_1a22a92e3226,essential,ROME
OCC_eab9b08d024c,SKL_f3626b4714ee,essential,ROME
OCC_eab9b08d024c,SKL_dcb0dfaee567,essential,ROME
OCC_eab9b08d024c,SKL_b72599497697,essential,ROME
OCC_eab9b08d024c,SKL_ba9c19552b0b,essential,ROME
OCC_eab9b08d024c,SKL_3a00f7585b57,essential,ROME
OCC_eab9b08d024c,SKL_2baf353f8ed9,essential,ROME
OCC_eab9b08d024c,SKL_616c15b247eb,essential,ROME
OCC_eab9b08d024c,SKL_0762a0d8da2d,essential,ROME
OCC_eab9b08d024c,SKL_d619e2593f8d,essential,ROME
OCC_eab9b08d024c,SKL_20681f089822,essential,ROME
OCC_eab9b08d024c,SKL_c70070a17abf,essential,ROME
OCC_eab9b08d024c,SKL_14e599e49273,essential,ROME
OCC_eab9b08d024c,SKL_5e0824c72bb2,essential,ROME
OCC_eab9b08d024c,SKL_197cd57d1403,essential,ROME
OCC_eab9b08d024c,SKL_1d3c49419692,essential,ROME
OCC_eab9b08d024c,SKL_f7068e699c10,essential,ROME
OCC_eab9b08d024c,SKL_4ce8622dfdf0,essential,ROME
OCC_eab9b08d024c,SKL_92a131a5ebd7,essential,ROME
OCC_eab9b08d024c,SKL_3caadf804527,essential,ROME
OCC_eab9b08d024c,SKL_1687a5949d82,essential,ROME
OCC_eab9b08d024c,SKL_0d242cd13f2f,essential,ROME
OCC_eab9b08d024c,SKL_d1830663b181,essential,ROME
OCC_eab9b08d024c,SKL_ba4cc7b350b0,essential,ROME
OCC_eab9b08d024c,SKL_5d3dab31f2f5,essential,ROME
OCC_eab9b08d024c,SKL_974cd19abf42,essential,ROME
OCC_eab9b08d024c,SKL_80106082ad21,essential,ROME
OCC_eab9b08d024c,SKL_fcabb1b8098e,essential,ROME
OCC_eab9b08d024c,SKL_b96e021955fd,essential,ROME
OCC_eab9b08d024c,SKL_854d8cb3db21,essential,ROME
OCC_eab9b08d024c,SKL_bc82fcb28a16,essential,ROME
OCC_eab9b08d024c,SKL_6795e002eee5,essential,ROME
OCC_eab9b08d024c,SKL_44616716fd11,essential,ROME
OCC_21efe6cdd8d9,SKL_66473c44d2cc,essential,ROME
OCC_21efe6cdd8d9,SKL_3522dc7881f8,essential,ROME
OCC_21efe6cdd8d9,SKL_d30c687658df,essential,ROME
OCC_21efe6cdd8d9,SKL_0075d189d80c,essential,ROME
OCC_21efe6cdd8d9,SKL_b6bf9819daed,essential,ROME
OCC_21efe6cdd8d9,SKL_3f29d548843f,essential,ROME
OCC_21efe6cdd8d9,SKL_c0a666584c12,essential,ROME
OCC_21efe6cdd8d9,SKL_c16452c57e03,essential,ROME
OCC_21efe6cdd8d9,SKL_bf16e4a4c6bc,essential,ROME
OCC_21efe6cdd8d9,SKL_e05ab384bc3b,essential,ROME
OCC_21efe6cdd8d9,SKL_a64d184f3ba7,essential,ROME
OCC_21efe6cdd8d9,SKL_552960467971,essential,ROME
OCC_21efe6cdd8d9,SKL_74e56d5f799f,essential,ROME
OCC_21efe6cdd8d9,SKL_1f3cd36b2e11,essential,ROME
OCC_21efe6cdd8d9,SKL_b02389a26725,essential,ROME
OCC_21efe6cdd8d9,SKL_d0906bcc54c7,essential,ROME
OCC_21efe6cdd8d9,SKL_d635613f68a3,essential,ROME
OCC_21efe6cdd8d9,SKL_78892952f102,essential,ROME
OCC_21efe6cdd8d9,SKL_9d169b48b640,essential,ROME
OCC_21efe6cdd8d9,SKL_26685168fe70,essential,ROME
OCC_21efe6cdd8d9,SKL_731acc4d5712,essential,ROME
OCC_21efe6cdd8d9,SKL_8af969ab49d4,essential,ROME
OCC_21efe6cdd8d9,SKL_7bb0507c58f4,essential,ROME
OCC_21efe6cdd8d9,SKL_807dcdac4830,essential,ROME
OCC_21efe6cdd8d9,SKL_1f5f96f36baa,essential,ROME
OCC_21efe6cdd8d9,SKL_e4f0b9447c27,essential,ROME
OCC_21efe6cdd8d9,SKL_14b662aa3846,essential,ROME
OCC_21efe6cdd8d9,SKL_4e63511e8a21,essential,ROME
OCC_21efe6cdd8d9,SKL_f0deb814a4ee,essential,ROME
OCC_21efe6cdd8d9,SKL_21f7d353caff,essential,ROME
OCC_21efe6cdd8d9,SKL_1faa6147b74e,essential,ROME
OCC_21efe6cdd8d9,SKL_748acfe7bb26,essential,ROME
OCC_21efe6cdd8d9,SKL_9011b66b86cf,essential,ROME
OCC_21efe6cdd8d9,SKL_c30a611df2c1,essential,ROME
OCC_21efe6cdd8d9,SKL_7e0598c65ad9,essential,ROME
OCC_21efe6cdd8d9,SKL_99e7e023ea98,essential,ROME
OCC_21efe6cdd8d9,SKL_87f4b37e82b5,essential,ROME
OCC_21efe6cdd8d9,SKL_c70070a17abf,essential,ROME
OCC_21efe6cdd8d9,SKL_14e599e49273,essential,ROME
OCC_21efe6cdd8d9,SKL_2d14e124a1b7,essential,ROME
OCC_21efe6cdd8d9,SKL_adade4b3e3d6,essential,ROME
OCC_21efe6cdd8d9,SKL_2c3a58aff822,essential,ROME
OCC_21efe6cdd8d9,SKL_d1830663b181,essential,ROME
OCC_21efe6cdd8d9,SKL_d910884b7244,essential,ROME
OCC_21efe6cdd8d9,SKL_4caa02e6ad70,essential,ROME
OCC_21efe6cdd8d9,SKL_82e686c2bcd6,essential,ROME
OCC_21efe6cdd8d9,SKL_7b4001a98050,essential,ROME
OCC_21efe6cdd8d9,SKL_3a5484afe878,essential,ROME
OCC_21efe6cdd8d9,SKL_e6821cef4f29,essential,ROME
OCC_21efe6cdd8d9,SKL_66cf538dd1dc,essential,ROME
OCC_21efe6cdd8d9,SKL_daccefdbdc4b,essential,ROME
OCC_21efe6cdd8d9,SKL_b009309b92a4,essential,ROME
OCC_21efe6cdd8d9,SKL_4a4c9c97d1f1,essential,ROME
OCC_21efe6cdd8d9,SKL_8857323abce3,essential,ROME
OCC_21efe6cdd8d9,SKL_7ce86e8a1e5a,essential,ROME
OCC_21efe6cdd8d9,SKL_5c8750d6de44,essential,ROME
OCC_21efe6cdd8d9,SKL_6fe7211bfc4d,essential,ROME
OCC_21efe6cdd8d9,SKL_ec0cfff5c5a6,essential,ROME
OCC_21efe6cdd8d9,SKL_06c4c68b972b,essential,ROME
OCC_21efe6cdd8d9,SKL_bf1312dd7f0b,essential,ROME
OCC_21efe6cdd8d9,SKL_159411525de6,essential,ROME
OCC_21efe6cdd8d9,SKL_3de5e7aca9e4,essential,ROME
OCC_21efe6cdd8d9,SKL_bd1bdeb79032,essential,ROME
OCC_21efe6cdd8d9,SKL_9e7b8b138a74,essential,ROME
OCC_21efe6cdd8d9,SKL_fad261bfbeae,essential,ROME
OCC_21efe6cdd8d9,SKL_f9ba4278314c,essential,ROME
OCC_21efe6cdd8d9,SKL_d7f254a8f873,essential,ROME
OCC_21efe6cdd8d9,SKL_f18b7d06d76e,essential,ROME
OCC_21efe6cdd8d9,SKL_e39335528103,essential,ROME
OCC_21efe6cdd8d9,SKL_7e298f85b514,essential,ROME
OCC_21efe6cdd8d9,SKL_5ee63306288e,essential,ROME
OCC_21efe6cdd8d9,SKL_b8da14e6e795,essential,ROME
OCC_21efe6cdd8d9,SKL_ef377ede9383,essential,ROME
OCC_21efe6cdd8d9,SKL_69a23921fad9,essential,ROME
OCC_21efe6cdd8d9,SKL_d49eec4f969e,essential,ROME
OCC_33ca0a6e17b8,SKL_40c19574fd53,essential,ROME
OCC_33ca0a6e17b8,SKL_24dc1ab3bd89,essential,ROME
OCC_33ca0a6e17b8,SKL_2151b4def36a,essential,ROME
OCC_33ca0a6e17b8,SKL_6dedbe6b3a65,essential,ROME
OCC_33ca0a6e17b8,SKL_a2b6e151ea07,essential,ROME
OCC_33ca0a6e17b8,SKL_9696bd831b4b,essential,ROME
OCC_33ca0a6e17b8,SKL_55563692bf59,essential,ROME
OCC_33ca0a6e17b8,SKL_09bb752dd49d,essential,ROME
OCC_33ca0a6e17b8,SKL_b3fd7d7f4ff0,essential,ROME
OCC_33ca0a6e17b8,SKL_40d630182996,essential,ROME
OCC_33ca0a6e17b8,SKL_20b8d7ecf87a,essential,ROME
OCC_33ca0a6e17b8,SKL_1abe8af68047,essential,ROME
OCC_33ca0a6e17b8,SKL_26fe92b358af,essential,ROME
OCC_33ca0a6e17b8,SKL_2c2bf51cee31,essential,ROME
OCC_33ca0a6e17b8,SKL_9fa3d76025c9,essential,ROME
OCC_33ca0a6e17b8,SKL_834e8e75d3b6,essential,ROME
OCC_33ca0a6e17b8,SKL_2a6cfe49b2ef,essential,ROME
OCC_33ca0a6e17b8,SKL_80696fb79b6b,essential,ROME
OCC_33ca0a6e17b8,SKL_9e10680b5771,essential,ROME
OCC_33ca0a6e17b8,SKL_994479ef4ca2,essential,ROME
OCC_33ca0a6e17b8,SKL_e34bb351ae10,essential,ROME
OCC_33ca0a6e17b8,SKL_52430cc96e77,essential,ROME
OCC_33ca0a6e17b8,SKL_a66a05f74803,essential,ROME
OCC_33ca0a6e17b8,SKL_1040969b0c1a,essential,ROME
OCC_33ca0a6e17b8,SKL_60214fb9a36e,essential,ROME
OCC_33ca0a6e17b8,SKL_a834d591c6d5,essential,ROME
OCC_33ca0a6e17b8,SKL_f0281b53b86d,essential,ROME
OCC_33ca0a6e17b8,SKL_4429b193927c,essential,ROME
OCC_33ca0a6e17b8,SKL_93d712c60ed1,essential,ROME
OCC_33ca0a6e17b8,SKL_6582635983c7,essential,ROME
OCC_33ca0a6e17b8,SKL_dd43bc5cb0b2,essential,ROME
OCC_33ca0a6e17b8,SKL_9b857a84cb9c,essential,ROME
OCC_33ca0a6e17b8,SKL_9947c55fcf44,essential,ROME
OCC_33ca0a6e17b8,SKL_64cf9f8bf38f,essential,ROME
OCC_33ca0a6e17b8,SKL_d8a1e77b9b2f,essential,ROME
OCC_33ca0a6e17b8,SKL_5d6cac5d84e0,essential,ROME
OCC_33ca0a6e17b8,SKL_c362d3c3f11f,essential,ROME
OCC_33ca0a6e17b8,SKL_a00fef22106c,essential,ROME
OCC_33ca0a6e17b8,SKL_81c47744f066,essential,ROME
OCC_33ca0a6e17b8,SKL_184a3c4d7efc,essential,ROME
OCC_33ca0a6e17b8,SKL_c70070a17abf,essential,ROME
OCC_33ca0a6e17b8,SKL_e82299eb3241,essential,ROME
OCC_33ca0a6e17b8,SKL_adade4b3e3d6,essential,ROME
OCC_33ca0a6e17b8,SKL_5d2d7c70f288,essential,ROME
OCC_33ca0a6e17b8,SKL_ac251a5dda5c,essential,ROME
OCC_33ca0a6e17b8,SKL_4548a780c7aa,essential,ROME
OCC_33ca0a6e17b8,SKL_e3a888001dd7,essential,ROME
OCC_33ca0a6e17b8,SKL_a0bdd83bc3ec,essential,ROME
OCC_33ca0a6e17b8,SKL_21a640d971a5,essential,ROME
OCC_33ca0a6e17b8,SKL_169552eac5bb,essential,ROME
OCC_33ca0a6e17b8,SKL_49dededf2ba3,essential,ROME
OCC_33ca0a6e17b8,SKL_a1e064c00319,essential,ROME
OCC_33ca0a6e17b8,SKL_b3d5282d83d7,essential,ROME
OCC_33ca0a6e17b8,SKL_a2438099251f,essential,ROME
OCC_33ca0a6e17b8,SKL_5c59a3934e0f,essential,ROME
OCC_33ca0a6e17b8,SKL_df204adf500a,essential,ROME
OCC_33ca0a6e17b8,SKL_7bb3c0185b52,essential,ROME
OCC_33ca0a6e17b8,SKL_5285dbd60dfb,essential,ROME
OCC_33ca0a6e17b8,SKL_d4888d6095b9,essential,ROME
OCC_33ca0a6e17b8,SKL_a70880d429d6,essential,ROME
OCC_33ca0a6e17b8,SKL_b803b2e065ca,essential,ROME
OCC_33ca0a6e17b8,SKL_433f58b320b9,essential,ROME
OCC_33ca0a6e17b8,SKL_0051a2fb97c5,essential,ROME
OCC_33ca0a6e17b8,SKL_3de5e7aca9e4,essential,ROME
OCC_33ca0a6e17b8,SKL_8ef490fa2469,essential,ROME
OCC_33ca0a6e17b8,SKL_7eb062775f24,essential,ROME
OCC_33ca0a6e17b8,SKL_d31be6207e3c,essential,ROME
OCC_33ca0a6e17b8,SKL_446dc6811594,essential,ROME
OCC_33ca0a6e17b8,SKL_643cc4b771f1,essential,ROME
OCC_33ca0a6e17b8,SKL_b89b1d150878,essential,ROME
OCC_33ca0a6e17b8,SKL_fb114cf5ec4a,essential,ROME
OCC_33ca0a6e17b8,SKL_cd0362768987,essential,ROME
OCC_8a0009547b60,SKL_40c19574fd53,essential,ROME
OCC_8a0009547b60,SKL_d3c78650d46f,essential,ROME
OCC_8a0009547b60,SKL_e6524ba06d14,essential,ROME
OCC_8a0009547b60,SKL_6bc463f07761,essential,ROME
OCC_8a0009547b60,SKL_6dedbe6b3a65,essential,ROME
OCC_8a0009547b60,SKL_dd922a178dae,essential,ROME
OCC_8a0009547b60,SKL_fdc924f15b23,essential,ROME
OCC_8a0009547b60,SKL_b3fd7d7f4ff0,essential,ROME
OCC_8a0009547b60,SKL_bbf8b0ce076c,essential,ROME
OCC_8a0009547b60,SKL_40d630182996,essential,ROME
OCC_8a0009547b60,SKL_26fe92b358af,essential,ROME
OCC_8a0009547b60,SKL_2b2ffcf0b1c7,essential,ROME
OCC_8a0009547b60,SKL_9fa3d76025c9,essential,ROME
OCC_8a0009547b60,SKL_e4f0b9447c27,essential,ROME
OCC_8a0009547b60,SKL_f0deb814a4ee,essential,ROME
OCC_8a0009547b60,SKL_834e8e75d3b6,essential,ROME
OCC_8a0009547b60,SKL_2a6cfe49b2ef,essential,ROME
OCC_8a0009547b60,SKL_f3626b4714ee,essential,ROME
OCC_8a0009547b60,SKL_994479ef4ca2,essential,ROME
OCC_8a0009547b60,SKL_d71eb9eefca0,essential,ROME
OCC_8a0009547b60,SKL_52430cc96e77,essential,ROME
OCC_8a0009547b60,SKL_a66a05f74803,essential,ROME
OCC_8a0009547b60,SKL_1040969b0c1a,essential,ROME
OCC_8a0009547b60,SKL_60214fb9a36e,essential,ROME
OCC_8a0009547b60,SKL_6ab5e3909e22,essential,ROME
OCC_8a0009547b60,SKL_30953ab6441d,essential,ROME
OCC_8a0009547b60,SKL_65082ac6491c,essential,ROME
OCC_8a0009547b60,SKL_5cdb89291f16,essential,ROME
OCC_8a0009547b60,SKL_74e79f6b262d,essential,ROME
OCC_8a0009547b60,SKL_cbc7def1d875,essential,ROME
OCC_8a0009547b60,SKL_4c42a2792e7f,essential,ROME
OCC_8a0009547b60,SKL_6926fe685621,essential,ROME
OCC_8a0009547b60,SKL_98951f1b9ef9,essential,ROME
OCC_8a0009547b60,SKL_3da20e97db5d,essential,ROME
OCC_8a0009547b60,SKL_e74e8caaee28,essential,ROME
OCC_8a0009547b60,SKL_187b635a345f,essential,ROME
OCC_8a0009547b60,SKL_5d6cac5d84e0,essential,ROME
OCC_8a0009547b60,SKL_c362d3c3f11f,essential,ROME
OCC_8a0009547b60,SKL_a00fef22106c,essential,ROME
OCC_8a0009547b60,SKL_3910533d5a12,essential,ROME
OCC_8a0009547b60,SKL_8489cbbd6839,essential,ROME
OCC_8a0009547b60,SKL_c70070a17abf,essential,ROME
OCC_8a0009547b60,SKL_adade4b3e3d6,essential,ROME
OCC_8a0009547b60,SKL_5d2d7c70f288,essential,ROME
OCC_8a0009547b60,SKL_62802234cf51,essential,ROME
OCC_8a0009547b60,SKL_4548a780c7aa,essential,ROME
OCC_8a0009547b60,SKL_0cc2e1d691c5,essential,ROME
OCC_8a0009547b60,SKL_41a8bb387337,essential,ROME
OCC_8a0009547b60,SKL_00e84e920c27,essential,ROME
OCC_8a0009547b60,SKL_4b198050bfef,essential,ROME
OCC_8a0009547b60,SKL_2ebc88ac43e1,essential,ROME
OCC_8a0009547b60,SKL_b4f5767b3c2d,essential,ROME
OCC_8a0009547b60,SKL_14f6f5645aef,essential,ROME
OCC_8a0009547b60,SKL_a7e63fc5bf50,essential,ROME
OCC_8a0009547b60,SKL_418613577f40,essential,ROME
OCC_8a0009547b60,SKL_4106e2429288,essential,ROME
OCC_8a0009547b60,SKL_2889af08e573,essential,ROME
OCC_8a0009547b60,SKL_c557393b6950,essential,ROME
OCC_8a0009547b60,SKL_e3a888001dd7,essential,ROME
OCC_8a0009547b60,SKL_85a894cb6640,essential,ROME
OCC_8a0009547b60,SKL_38a71318d7c5,essential,ROME
OCC_8a0009547b60,SKL_40f4755b5b32,essential,ROME
OCC_8a0009547b60,SKL_21a640d971a5,essential,ROME
OCC_8a0009547b60,SKL_169552eac5bb,essential,ROME
OCC_8a0009547b60,SKL_8165e1083b5c,essential,ROME
OCC_8a0009547b60,SKL_a1e064c00319,essential,ROME
OCC_8a0009547b60,SKL_1cb38987318b,essential,ROME
OCC_8a0009547b60,SKL_433f58b320b9,essential,ROME
OCC_8a0009547b60,SKL_10ea159d4728,essential,ROME
OCC_8a0009547b60,SKL_65dd4161da47,essential,ROME
OCC_8a0009547b60,SKL_8f55beae1907,essential,ROME
OCC_8a0009547b60,SKL_22bebee25541,essential,ROME
OCC_8a0009547b60,SKL_accbc26de41f,essential,ROME
OCC_8a0009547b60,SKL_5951286b3b2a,essential,ROME
OCC_8a0009547b60,SKL_e52398254a08,essential,ROME
OCC_8a0009547b60,SKL_5f21aa338ce4,essential,ROME
OCC_8a0009547b60,SKL_9922a3239b91,essential,ROME
OCC_2f27eb2177cc,SKL_59443e2d492b,essential,ROME
OCC_2f27eb2177cc,SKL_b894f8a8204d,essential,ROME
OCC_2f27eb2177cc,SKL_73d6afdae280,essential,ROME
OCC_2f27eb2177cc,SKL_37629b5544de,essential,ROME
OCC_2f27eb2177cc,SKL_761c31315cf3,essential,ROME
OCC_2f27eb2177cc,SKL_a9d9d4d373fe,essential,ROME
OCC_2f27eb2177cc,SKL_a64d184f3ba7,essential,ROME
OCC_2f27eb2177cc,SKL_53042609a1f8,essential,ROME
OCC_2f27eb2177cc,SKL_fb5c2ee217d6,essential,ROME
OCC_2f27eb2177cc,SKL_834e8e75d3b6,essential,ROME
OCC_2f27eb2177cc,SKL_5e08637b46b6,essential,ROME
OCC_2f27eb2177cc,SKL_1ed790bfb269,essential,ROME
OCC_2f27eb2177cc,SKL_d608366b8e39,essential,ROME
OCC_2f27eb2177cc,SKL_f71130ad61f1,essential,ROME
OCC_2f27eb2177cc,SKL_dcb0dfaee567,essential,ROME
OCC_2f27eb2177cc,SKL_b72599497697,essential,ROME
OCC_2f27eb2177cc,SKL_cc6fb54fd53a,essential,ROME
OCC_2f27eb2177cc,SKL_a57f6622b2d3,essential,ROME
OCC_2f27eb2177cc,SKL_e570a00a9237,essential,ROME
OCC_2f27eb2177cc,SKL_8489cbbd6839,essential,ROME
OCC_2f27eb2177cc,SKL_14e599e49273,essential,ROME
OCC_2f27eb2177cc,SKL_197cd57d1403,essential,ROME
OCC_2f27eb2177cc,SKL_3caadf804527,essential,ROME
OCC_2f27eb2177cc,SKL_ba4cc7b350b0,essential,ROME
OCC_2f27eb2177cc,SKL_59ef7def4ddc,essential,ROME
OCC_2f27eb2177cc,SKL_65ab0f777966,essential,ROME
OCC_2f27eb2177cc,SKL_f8ef2fc6568b,essential,ROME
OCC_2f27eb2177cc,SKL_7a956496d417,essential,ROME
OCC_2f27eb2177cc,SKL_a00e4736e42d,essential,ROME
OCC_2f27eb2177cc,SKL_a867d48cd260,essential,ROME
OCC_2f27eb2177cc,SKL_cea7a864b6d1,essential,ROME
OCC_2f27eb2177cc,SKL_6065a25611b6,essential,ROME
OCC_2f27eb2177cc,SKL_1369a8f93b21,essential,ROME
OCC_2f27eb2177cc,SKL_0217a14bf28d,essential,ROME
OCC_2f27eb2177cc,SKL_72c3ff86e85e,essential,ROME
OCC_2f27eb2177cc,SKL_11afb5015d1f,essential,ROME
OCC_2f27eb2177cc,SKL_6bff1857ce38,essential,ROME
OCC_2f27eb2177cc,SKL_a182ee1679b5,essential,ROME
OCC_2f27eb2177cc,SKL_cf60884525ed,essential,ROME
OCC_2f27eb2177cc,SKL_fb2e0f9e8d16,essential,ROME
OCC_2f27eb2177cc,SKL_df262a3e679c,essential,ROME
OCC_2f27eb2177cc,SKL_63cb57c65600,essential,ROME
OCC_2f27eb2177cc,SKL_c26ca2f4b2ff,essential,ROME
OCC_2f27eb2177cc,SKL_f479ce1e503d,essential,ROME
OCC_2f27eb2177cc,SKL_7c58c5cafa2b,essential,ROME
OCC_2f27eb2177cc,SKL_44616716fd11,essential,ROME
OCC_2f27eb2177cc,SKL_8ac245c608a5,essential,ROME
OCC_2f27eb2177cc,SKL_7e45791adae4,essential,ROME
OCC_2f27eb2177cc,SKL_4a90364e34a1,essential,ROME
OCC_2f27eb2177cc,SKL_25a80c864743,essential,ROME
OCC_2f27eb2177cc,SKL_6d59aa06a4df,essential,ROME
OCC_21c50bd3a35a,SKL_768f187585a6,essential,ROME
OCC_21c50bd3a35a,SKL_187fa2f342c2,essential,ROME
OCC_21c50bd3a35a,SKL_c601e2d143b1,essential,ROME
OCC_21c50bd3a35a,SKL_ec61f586f66c,essential,ROME
OCC_21c50bd3a35a,SKL_b6bf9819daed,essential,ROME
OCC_21c50bd3a35a,SKL_37629b5544de,essential,ROME
OCC_21c50bd3a35a,SKL_a9d9d4d373fe,essential,ROME
OCC_21c50bd3a35a,SKL_f2df736267ca,essential,ROME
OCC_21c50bd3a35a,SKL_b185344fa059,essential,ROME
OCC_21c50bd3a35a,SKL_a64d184f3ba7,essential,ROME
OCC_21c50bd3a35a,SKL_552960467971,essential,ROME
OCC_21c50bd3a35a,SKL_acfc04cd34e6,essential,ROME
OCC_21c50bd3a35a,SKL_288838bb67c8,essential,ROME
OCC_21c50bd3a35a,SKL_d0a219729763,essential,ROME
OCC_21c50bd3a35a,SKL_1f5f96f36baa,essential,ROME
OCC_21c50bd3a35a,SKL_b1a0d5789a71,essential,ROME
OCC_21c50bd3a35a,SKL_5e08637b46b6,essential,ROME
OCC_21c50bd3a35a,SKL_bb5a3d924f38,essential,ROME
OCC_21c50bd3a35a,SKL_d608366b8e39,essential,ROME
OCC_21c50bd3a35a,SKL_f71130ad61f1,essential,ROME
OCC_21c50bd3a35a,SKL_f653d47edba5,essential,ROME
OCC_21c50bd3a35a,SKL_adb4c9249dfb,essential,ROME
OCC_21c50bd3a35a,SKL_b72599497697,essential,ROME
OCC_21c50bd3a35a,SKL_29bc8c8045ee,essential,ROME
OCC_21c50bd3a35a,SKL_8619fee04da1,essential,ROME
OCC_21c50bd3a35a,SKL_3b060fed593b,essential,ROME
OCC_21c50bd3a35a,SKL_387e37ff88e4,essential,ROME
OCC_21c50bd3a35a,SKL_9fce8f383c32,essential,ROME
OCC_21c50bd3a35a,SKL_1a794aeae878,essential,ROME
OCC_21c50bd3a35a,SKL_f9d5e2e1da4a,essential,ROME
OCC_21c50bd3a35a,SKL_1383a8550524,essential,ROME
OCC_21c50bd3a35a,SKL_a727303cb297,essential,ROME
OCC_21c50bd3a35a,SKL_65069e49e28b,essential,ROME
OCC_21c50bd3a35a,SKL_8489cbbd6839,essential,ROME
OCC_21c50bd3a35a,SKL_14e599e49273,essential,ROME
OCC_21c50bd3a35a,SKL_2d14e124a1b7,essential,ROME
OCC_21c50bd3a35a,SKL_adade4b3e3d6,essential,ROME
OCC_21c50bd3a35a,SKL_2c1ac8237aaa,essential,ROME
OCC_21c50bd3a35a,SKL_1d3c49419692,essential,ROME
OCC_21c50bd3a35a,SKL_6543f3ba75f4,essential,ROME
OCC_21c50bd3a35a,SKL_62802234cf51,essential,ROME
OCC_21c50bd3a35a,SKL_f7068e699c10,essential,ROME
OCC_21c50bd3a35a,SKL_ac251a5dda5c,essential,ROME
OCC_21c50bd3a35a,SKL_4ce8622dfdf0,essential,ROME
OCC_21c50bd3a35a,SKL_5fc219a19629,essential,ROME
OCC_21c50bd3a35a,SKL_a0fe378fd33f,essential,ROME
OCC_21c50bd3a35a,SKL_1687a5949d82,essential,ROME
OCC_21c50bd3a35a,SKL_693429bb3a51,essential,ROME
OCC_21c50bd3a35a,SKL_59ef7def4ddc,essential,ROME
OCC_21c50bd3a35a,SKL_4cc480838aeb,essential,ROME
OCC_21c50bd3a35a,SKL_980084a22d28,essential,ROME
OCC_21c50bd3a35a,SKL_1a8fbc8e22ec,essential,ROME
OCC_21c50bd3a35a,SKL_c8a4e44cfa72,essential,ROME
OCC_21c50bd3a35a,SKL_16d5d0f8f5d6,essential,ROME
OCC_21c50bd3a35a,SKL_5db1feb0047c,essential,ROME
OCC_21c50bd3a35a,SKL_e6d3ca4e3510,essential,ROME
OCC_21c50bd3a35a,SKL_980cd739de2a,essential,ROME
OCC_21c50bd3a35a,SKL_9c74f0ee3b73,essential,ROME
OCC_21c50bd3a35a,SKL_70064b4f99cd,essential,ROME
OCC_21c50bd3a35a,SKL_91f68ff240f5,essential,ROME
OCC_21c50bd3a35a,SKL_f479ce1e503d,essential,ROME
OCC_21c50bd3a35a,SKL_7c58c5cafa2b,essential,ROME
OCC_21c50bd3a35a,SKL_c44fd75d5d30,essential,ROME
OCC_21c50bd3a35a,SKL_ce3279d845e7,essential,ROME
OCC_21c50bd3a35a,SKL_fe2310cca7d1,essential,ROME
OCC_21c50bd3a35a,SKL_44616716fd11,essential,ROME
OCC_54194a8e4af5,SKL_6dedbe6b3a65,essential,ROME
OCC_54194a8e4af5,SKL_f00b1d6b7f56,essential,ROME
OCC_54194a8e4af5,SKL_764cce2189ab,essential,ROME
OCC_54194a8e4af5,SKL_37cc81342e7f,essential,ROME
OCC_54194a8e4af5,SKL_a64d184f3ba7,essential,ROME
OCC_54194a8e4af5,SKL_7d0e02aa065c,essential,ROME
OCC_54194a8e4af5,SKL_0051f945c83d,essential,ROME
OCC_54194a8e4af5,SKL_49e54b32492a,essential,ROME
OCC_54194a8e4af5,SKL_1f5f96f36baa,essential,ROME
OCC_54194a8e4af5,SKL_14b662aa3846,essential,ROME
OCC_54194a8e4af5,SKL_f0deb814a4ee,essential,ROME
OCC_54194a8e4af5,SKL_9df64df194a4,essential,ROME
OCC_54194a8e4af5,SKL_0a25acf25f46,essential,ROME
OCC_54194a8e4af5,SKL_9e7805a69863,essential,ROME
OCC_54194a8e4af5,SKL_3774a8084cbb,essential,ROME
OCC_54194a8e4af5,SKL_8489cbbd6839,essential,ROME
OCC_54194a8e4af5,SKL_2d14e124a1b7,essential,ROME
OCC_54194a8e4af5,SKL_aa1a6fc0800a,essential,ROME
OCC_54194a8e4af5,SKL_62802234cf51,essential,ROME
OCC_54194a8e4af5,SKL_4ce8622dfdf0,essential,ROME
OCC_54194a8e4af5,SKL_1efe42fff58a,essential,ROME
OCC_54194a8e4af5,SKL_757a5bf2b9cb,essential,ROME
OCC_54194a8e4af5,SKL_82723cf3091f,essential,ROME
OCC_54194a8e4af5,SKL_f66038d41171,essential,ROME
OCC_54194a8e4af5,SKL_21a640d971a5,essential,ROME
OCC_54194a8e4af5,SKL_85dd7cb09298,essential,ROME
OCC_54194a8e4af5,SKL_c2f880600b68,essential,ROME
OCC_54194a8e4af5,SKL_abdb5997f146,essential,ROME
OCC_54194a8e4af5,SKL_f479ce1e503d,essential,ROME
OCC_54194a8e4af5,SKL_7c58c5cafa2b,essential,ROME
OCC_54194a8e4af5,SKL_c44fd75d5d30,essential,ROME
OCC_54194a8e4af5,SKL_ce3279d845e7,essential,ROME
OCC_54194a8e4af5,SKL_fe2310cca7d1,essential,ROME
OCC_54194a8e4af5,SKL_3301094f1e7f,essential,ROME
OCC_54194a8e4af5,SKL_5e55a26ad700,essential,ROME
OCC_54194a8e4af5,SKL_b7255e45b639,essential,ROME
OCC_54194a8e4af5,SKL_076566a33c6b,essential,ROME
OCC_54194a8e4af5,SKL_5bb2b6482d7f,essential,ROME
OCC_53745b14cb87,SKL_55729896bbb5,essential,ROME
OCC_53745b14cb87,SKL_6bc463f07761,essential,ROME
OCC_53745b14cb87,SKL_6dedbe6b3a65,essential,ROME
OCC_53745b14cb87,SKL_d7a67e4f9397,essential,ROME
OCC_53745b14cb87,SKL_fdc924f15b23,essential,ROME
OCC_53745b14cb87,SKL_b3fd7d7f4ff0,essential,ROME
OCC_53745b14cb87,SKL_e84c26020815,essential,ROME
OCC_53745b14cb87,SKL_26fe92b358af,essential,ROME
OCC_53745b14cb87,SKL_2b2ffcf0b1c7,essential,ROME
OCC_53745b14cb87,SKL_b7f0fc1c0325,essential,ROME
OCC_53745b14cb87,SKL_709aa19dcfeb,essential,ROME
OCC_53745b14cb87,SKL_37cc81342e7f,essential,ROME
OCC_53745b14cb87,SKL_321a1413d585,essential,ROME
OCC_53745b14cb87,SKL_a64d184f3ba7,essential,ROME
OCC_53745b14cb87,SKL_09bd09e57833,essential,ROME
OCC_53745b14cb87,SKL_fa0883537dae,essential,ROME
OCC_53745b14cb87,SKL_1f5f96f36baa,essential,ROME
OCC_53745b14cb87,SKL_f0deb814a4ee,essential,ROME
OCC_53745b14cb87,SKL_834e8e75d3b6,essential,ROME
OCC_53745b14cb87,SKL_9df64df194a4,essential,ROME
OCC_53745b14cb87,SKL_f71130ad61f1,essential,ROME
OCC_53745b14cb87,SKL_a4798fa9d602,essential,ROME
OCC_53745b14cb87,SKL_a66a05f74803,essential,ROME
OCC_53745b14cb87,SKL_6d2d4a476435,essential,ROME
OCC_53745b14cb87,SKL_4279198212f8,essential,ROME
OCC_53745b14cb87,SKL_9fe12188a1da,essential,ROME
OCC_53745b14cb87,SKL_5d6cac5d84e0,essential,ROME
OCC_53745b14cb87,SKL_65069e49e28b,essential,ROME
OCC_53745b14cb87,SKL_c3bbfd0bd3e7,essential,ROME
OCC_53745b14cb87,SKL_8489cbbd6839,essential,ROME
OCC_53745b14cb87,SKL_14e599e49273,essential,ROME
OCC_53745b14cb87,SKL_2d14e124a1b7,essential,ROME
OCC_53745b14cb87,SKL_adade4b3e3d6,essential,ROME
OCC_53745b14cb87,SKL_14f6f5645aef,essential,ROME
OCC_53745b14cb87,SKL_418613577f40,essential,ROME
OCC_53745b14cb87,SKL_f123c639216f,essential,ROME
OCC_53745b14cb87,SKL_422d7852fa31,essential,ROME
OCC_53745b14cb87,SKL_757a5bf2b9cb,essential,ROME
OCC_53745b14cb87,SKL_e3a888001dd7,essential,ROME
OCC_53745b14cb87,SKL_c82c33bfd30f,essential,ROME
OCC_53745b14cb87,SKL_82723cf3091f,essential,ROME
OCC_53745b14cb87,SKL_21a640d971a5,essential,ROME
OCC_53745b14cb87,SKL_920b060feb8e,essential,ROME
OCC_53745b14cb87,SKL_a2438099251f,essential,ROME
OCC_53745b14cb87,SKL_c8a4e44cfa72,essential,ROME
OCC_53745b14cb87,SKL_c3f4994d0321,essential,ROME
OCC_53745b14cb87,SKL_b907d5a57062,essential,ROME
OCC_53745b14cb87,SKL_f9bd999af7bc,essential,ROME
OCC_53745b14cb87,SKL_ed4a5b055293,essential,ROME
OCC_53745b14cb87,SKL_2b0ffcff5972,essential,ROME
OCC_53745b14cb87,SKL_2f522b2c73bf,essential,ROME
OCC_53745b14cb87,SKL_2ed1cf37273e,essential,ROME
OCC_53745b14cb87,SKL_b5c81e663f63,essential,ROME
OCC_53745b14cb87,SKL_9d28db902787,essential,ROME
OCC_53745b14cb87,SKL_fd0961cf975b,essential,ROME
OCC_53745b14cb87,SKL_6302dacf0d75,essential,ROME
OCC_53745b14cb87,SKL_f479ce1e503d,essential,ROME
OCC_53745b14cb87,SKL_44616716fd11,essential,ROME
OCC_53745b14cb87,SKL_70c4e0652594,essential,ROME
OCC_53745b14cb87,SKL_e93d5c72d23d,essential,ROME
OCC_53745b14cb87,SKL_aa8c13496d07,essential,ROME
OCC_b6f0c15f7803,SKL_24dc1ab3bd89,essential,ROME
OCC_b6f0c15f7803,SKL_a862b0f8197d,essential,ROME
OCC_b6f0c15f7803,SKL_2151b4def36a,essential,ROME
OCC_b6f0c15f7803,SKL_a2b6e151ea07,essential,ROME
OCC_b6f0c15f7803,SKL_194ab6de4898,essential,ROME
OCC_b6f0c15f7803,SKL_711dcf0404e5,essential,ROME
OCC_b6f0c15f7803,SKL_5527fc2806e3,essential,ROME
OCC_b6f0c15f7803,SKL_0931c28280f5,essential,ROME
OCC_b6f0c15f7803,SKL_f0deb814a4ee,essential,ROME
OCC_b6f0c15f7803,SKL_4211806eb093,essential,ROME
OCC_b6f0c15f7803,SKL_7828715c009e,essential,ROME
OCC_b6f0c15f7803,SKL_f3626b4714ee,essential,ROME
OCC_b6f0c15f7803,SKL_e5f62d6fa1fa,essential,ROME
OCC_b6f0c15f7803,SKL_1040969b0c1a,essential,ROME
OCC_b6f0c15f7803,SKL_0b13a69b8dd2,essential,ROME
OCC_b6f0c15f7803,SKL_026c97fb033a,essential,ROME
OCC_b6f0c15f7803,SKL_eb5657f448bb,essential,ROME
OCC_b6f0c15f7803,SKL_29bc8c8045ee,essential,ROME
OCC_b6f0c15f7803,SKL_19cf59a00201,essential,ROME
OCC_b6f0c15f7803,SKL_a834d591c6d5,essential,ROME
OCC_b6f0c15f7803,SKL_1404ef080ae5,essential,ROME
OCC_b6f0c15f7803,SKL_f0281b53b86d,essential,ROME
OCC_b6f0c15f7803,SKL_30953ab6441d,essential,ROME
OCC_b6f0c15f7803,SKL_93d712c60ed1,essential,ROME
OCC_b6f0c15f7803,SKL_fc34c902bb3f,essential,ROME
OCC_b6f0c15f7803,SKL_6582635983c7,essential,ROME
OCC_b6f0c15f7803,SKL_dd43bc5cb0b2,essential,ROME
OCC_b6f0c15f7803,SKL_97784116e5f7,essential,ROME
OCC_b6f0c15f7803,SKL_64cf9f8bf38f,essential,ROME
OCC_b6f0c15f7803,SKL_c362d3c3f11f,essential,ROME
OCC_b6f0c15f7803,SKL_a00fef22106c,essential,ROME
OCC_b6f0c15f7803,SKL_81c47744f066,essential,ROME
OCC_b6f0c15f7803,SKL_689670dd836f,essential,ROME
OCC_b6f0c15f7803,SKL_7e050b8a1273,essential,ROME
OCC_b6f0c15f7803,SKL_2e8cf6a41082,essential,ROME
OCC_b6f0c15f7803,SKL_1e137dfee7d8,essential,ROME
OCC_b6f0c15f7803,SKL_d94344597da7,essential,ROME
OCC_b6f0c15f7803,SKL_d508c53fab05,essential,ROME
OCC_b6f0c15f7803,SKL_a43d831262a1,essential,ROME
OCC_b6f0c15f7803,SKL_e82299eb3241,essential,ROME
OCC_b6f0c15f7803,SKL_2d14e124a1b7,essential,ROME
OCC_b6f0c15f7803,SKL_aa1a6fc0800a,essential,ROME
OCC_b6f0c15f7803,SKL_09d4633ee20a,essential,ROME
OCC_b6f0c15f7803,SKL_d1418a8b6ed2,essential,ROME
OCC_b6f0c15f7803,SKL_8aea59775694,essential,ROME
OCC_b6f0c15f7803,SKL_cf541c5c4bbd,essential,ROME
OCC_b6f0c15f7803,SKL_4a617c20b938,essential,ROME
OCC_b6f0c15f7803,SKL_c557393b6950,essential,ROME
OCC_b6f0c15f7803,SKL_e4de52cd91a7,essential,ROME
OCC_b6f0c15f7803,SKL_757a5bf2b9cb,essential,ROME
OCC_b6f0c15f7803,SKL_e107f0887218,essential,ROME
OCC_b6f0c15f7803,SKL_82c6eac23192,essential,ROME
OCC_b6f0c15f7803,SKL_21a640d971a5,essential,ROME
OCC_b6f0c15f7803,SKL_05cbcd50c933,essential,ROME
OCC_b6f0c15f7803,SKL_a1e064c00319,essential,ROME
OCC_b6f0c15f7803,SKL_51e2f3f2ee8e,essential,ROME
OCC_b6f0c15f7803,SKL_90f6209a5818,essential,ROME
OCC_b6f0c15f7803,SKL_5c59a3934e0f,essential,ROME
OCC_b6f0c15f7803,SKL_df204adf500a,essential,ROME
OCC_b6f0c15f7803,SKL_9a5d216249b5,essential,ROME
OCC_b6f0c15f7803,SKL_b803b2e065ca,essential,ROME
OCC_b6f0c15f7803,SKL_433f58b320b9,essential,ROME
OCC_b6f0c15f7803,SKL_f57b94002246,essential,ROME
OCC_b6f0c15f7803,SKL_0051a2fb97c5,essential,ROME
OCC_b6f0c15f7803,SKL_7eb062775f24,essential,ROME
OCC_b6f0c15f7803,SKL_d31be6207e3c,essential,ROME
OCC_b6f0c15f7803,SKL_446dc6811594,essential,ROME
OCC_b6f0c15f7803,SKL_399c1fd9e7f9,essential,ROME
OCC_b6f0c15f7803,SKL_d98e3f639d02,essential,ROME
OCC_286d9da07b4d,SKL_187fa2f342c2,essential,ROME
OCC_286d9da07b4d,SKL_59443e2d492b,essential,ROME
OCC_286d9da07b4d,SKL_f80275074728,essential,ROME
OCC_286d9da07b4d,SKL_c601e2d143b1,essential,ROME
OCC_286d9da07b4d,SKL_0931c28280f5,essential,ROME
OCC_286d9da07b4d,SKL_b6bf9819daed,essential,ROME
OCC_286d9da07b4d,SKL_37629b5544de,essential,ROME
OCC_286d9da07b4d,SKL_b7f0fc1c0325,essential,ROME
OCC_286d9da07b4d,SKL_fa24ddbbb18f,essential,ROME
OCC_286d9da07b4d,SKL_761c31315cf3,essential,ROME
OCC_286d9da07b4d,SKL_d3e977433a8a,essential,ROME
OCC_286d9da07b4d,SKL_a9d9d4d373fe,essential,ROME
OCC_286d9da07b4d,SKL_b185344fa059,essential,ROME
OCC_286d9da07b4d,SKL_a64d184f3ba7,essential,ROME
OCC_286d9da07b4d,SKL_53042609a1f8,essential,ROME
OCC_286d9da07b4d,SKL_fb5c2ee217d6,essential,ROME
OCC_286d9da07b4d,SKL_0051f945c83d,essential,ROME
OCC_286d9da07b4d,SKL_d8fa3e25fcdb,essential,ROME
OCC_286d9da07b4d,SKL_fa0883537dae,essential,ROME
OCC_286d9da07b4d,SKL_d0a219729763,essential,ROME
OCC_286d9da07b4d,SKL_e4f0b9447c27,essential,ROME
OCC_286d9da07b4d,SKL_14b662aa3846,essential,ROME
OCC_286d9da07b4d,SKL_f0deb814a4ee,essential,ROME
OCC_286d9da07b4d,SKL_834e8e75d3b6,essential,ROME
OCC_286d9da07b4d,SKL_8620389e9432,essential,ROME
OCC_286d9da07b4d,SKL_5e08637b46b6,essential,ROME
OCC_286d9da07b4d,SKL_bb5a3d924f38,essential,ROME
OCC_286d9da07b4d,SKL_e4abb00d383b,essential,ROME
OCC_286d9da07b4d,SKL_f789a8e72885,essential,ROME
OCC_286d9da07b4d,SKL_d608366b8e39,essential,ROME
OCC_286d9da07b4d,SKL_f71130ad61f1,essential,ROME
OCC_286d9da07b4d,SKL_96e7f3bad498,essential,ROME
OCC_286d9da07b4d,SKL_e34bb351ae10,essential,ROME
OCC_286d9da07b4d,SKL_dcb0dfaee567,essential,ROME
OCC_286d9da07b4d,SKL_b72599497697,essential,ROME
OCC_286d9da07b4d,SKL_8965ed2badce,essential,ROME
OCC_286d9da07b4d,SKL_4ebb9e54063b,essential,ROME
OCC_286d9da07b4d,SKL_c70070a17abf,essential,ROME
OCC_286d9da07b4d,SKL_adade4b3e3d6,essential,ROME
OCC_286d9da07b4d,SKL_197cd57d1403,essential,ROME
OCC_286d9da07b4d,SKL_78f888455887,essential,ROME
OCC_286d9da07b4d,SKL_1d3c49419692,essential,ROME
OCC_286d9da07b4d,SKL_6543f3ba75f4,essential,ROME
OCC_286d9da07b4d,SKL_62802234cf51,essential,ROME
OCC_286d9da07b4d,SKL_f7068e699c10,essential,ROME
OCC_286d9da07b4d,SKL_ac251a5dda5c,essential,ROME
OCC_286d9da07b4d,SKL_1efe42fff58a,essential,ROME
OCC_286d9da07b4d,SKL_757a5bf2b9cb,essential,ROME
OCC_286d9da07b4d,SKL_92a131a5ebd7,essential,ROME
OCC_286d9da07b4d,SKL_3caadf804527,essential,ROME
OCC_286d9da07b4d,SKL_1687a5949d82,essential,ROME
OCC_286d9da07b4d,SKL_0d242cd13f2f,essential,ROME
OCC_286d9da07b4d,SKL_d1830663b181,essential,ROME
OCC_286d9da07b4d,SKL_ba4cc7b350b0,essential,ROME
OCC_286d9da07b4d,SKL_5d3dab31f2f5,essential,ROME
OCC_286d9da07b4d,SKL_6152d3964932,essential,ROME
OCC_286d9da07b4d,SKL_59ef7def4ddc,essential,ROME
OCC_286d9da07b4d,SKL_82e686c2bcd6,essential,ROME
OCC_286d9da07b4d,SKL_cb1d13388a5f,essential,ROME
OCC_286d9da07b4d,SKL_fcabb1b8098e,essential,ROME
OCC_286d9da07b4d,SKL_b96e021955fd,essential,ROME
OCC_286d9da07b4d,SKL_5be39f76c1a1,essential,ROME
OCC_286d9da07b4d,SKL_c8a4e44cfa72,essential,ROME
OCC_286d9da07b4d,SKL_362ea73d7cc4,essential,ROME
OCC_286d9da07b4d,SKL_3266d6306950,essential,ROME
OCC_286d9da07b4d,SKL_77c5e3d29fdb,essential,ROME
OCC_286d9da07b4d,SKL_f9bd999af7bc,essential,ROME
OCC_286d9da07b4d,SKL_be7c08708c89,essential,ROME
OCC_286d9da07b4d,SKL_06c4c68b972b,essential,ROME
OCC_286d9da07b4d,SKL_44616716fd11,essential,ROME
OCC_286d9da07b4d,SKL_c1fb11c6a4b5,essential,ROME
OCC_286d9da07b4d,SKL_8ac245c608a5,essential,ROME
OCC_073f57ae50f2,SKL_59443e2d492b,essential,ROME
OCC_073f57ae50f2,SKL_73d6afdae280,essential,ROME
OCC_073f57ae50f2,SKL_495b0a233015,essential,ROME
OCC_073f57ae50f2,SKL_b7f0fc1c0325,essential,ROME
OCC_073f57ae50f2,SKL_761c31315cf3,essential,ROME
OCC_073f57ae50f2,SKL_a9d9d4d373fe,essential,ROME
OCC_073f57ae50f2,SKL_a64d184f3ba7,essential,ROME
OCC_073f57ae50f2,SKL_0051f945c83d,essential,ROME
OCC_073f57ae50f2,SKL_8498314ec7b0,essential,ROME
OCC_073f57ae50f2,SKL_834e8e75d3b6,essential,ROME
OCC_073f57ae50f2,SKL_5e08637b46b6,essential,ROME
OCC_073f57ae50f2,SKL_d608366b8e39,essential,ROME
OCC_073f57ae50f2,SKL_f71130ad61f1,essential,ROME
OCC_073f57ae50f2,SKL_dcb0dfaee567,essential,ROME
OCC_073f57ae50f2,SKL_aba1cf3914da,essential,ROME
OCC_073f57ae50f2,SKL_dc2bc03d0622,essential,ROME
OCC_073f57ae50f2,SKL_8cd1627c9e28,essential,ROME
OCC_073f57ae50f2,SKL_411c8a66e7a2,essential,ROME
OCC_073f57ae50f2,SKL_0941edfac5cb,essential,ROME
OCC_073f57ae50f2,SKL_0bd806d802e5,essential,ROME
OCC_073f57ae50f2,SKL_780d3c560420,essential,ROME
OCC_073f57ae50f2,SKL_3518e03d7d80,essential,ROME
OCC_073f57ae50f2,SKL_65069e49e28b,essential,ROME
OCC_073f57ae50f2,SKL_a0f67ffdaf51,essential,ROME
OCC_073f57ae50f2,SKL_8489cbbd6839,essential,ROME
OCC_073f57ae50f2,SKL_adade4b3e3d6,essential,ROME
OCC_073f57ae50f2,SKL_197cd57d1403,essential,ROME
OCC_073f57ae50f2,SKL_78f888455887,essential,ROME
OCC_073f57ae50f2,SKL_ac251a5dda5c,essential,ROME
OCC_073f57ae50f2,SKL_e107f0887218,essential,ROME
OCC_073f57ae50f2,SKL_92a131a5ebd7,essential,ROME
OCC_073f57ae50f2,SKL_1687a5949d82,essential,ROME
OCC_073f57ae50f2,SKL_ba4cc7b350b0,essential,ROME
OCC_073f57ae50f2,SKL_59ef7def4ddc,essential,ROME
OCC_073f57ae50f2,SKL_974cd19abf42,essential,ROME
OCC_073f57ae50f2,SKL_cb1d13388a5f,essential,ROME
OCC_073f57ae50f2,SKL_8a8a181f9c52,essential,ROME
OCC_073f57ae50f2,SKL_5b83f8127097,essential,ROME
OCC_073f57ae50f2,SKL_7a956496d417,essential,ROME
OCC_073f57ae50f2,SKL_55cd679dc1fe,essential,ROME
OCC_073f57ae50f2,SKL_b907d5a57062,essential,ROME
OCC_073f57ae50f2,SKL_f9bd999af7bc,essential,ROME
OCC_073f57ae50f2,SKL_12a39876cbe5,essential,ROME
OCC_073f57ae50f2,SKL_2ed1cf37273e,essential,ROME
OCC_073f57ae50f2,SKL_7ad90d4444b9,essential,ROME
OCC_073f57ae50f2,SKL_b75b596aa482,essential,ROME
OCC_073f57ae50f2,SKL_63949fda2e80,essential,ROME
OCC_073f57ae50f2,SKL_11a59d31c66e,essential,ROME
OCC_073f57ae50f2,SKL_9f47d1a81dd1,essential,ROME
OCC_073f57ae50f2,SKL_7f48f8a72704,essential,ROME
OCC_073f57ae50f2,SKL_44616716fd11,essential,ROME
OCC_073f57ae50f2,SKL_70c4e0652594,essential,ROME
OCC_073f57ae50f2,SKL_958b8a19049f,essential,ROME
OCC_073f57ae50f2,SKL_9e85ec3cf5bb,essential,ROME
OCC_073f57ae50f2,SKL_64189fdca90d,essential,ROME
OCC_073f57ae50f2,SKL_fe6df1142bdd,essential,ROME
OCC_bf56177836a1,SKL_50266ef038d7,essential,ROME
OCC_bf56177836a1,SKL_85c699e883d6,essential,ROME
OCC_bf56177836a1,SKL_66473c44d2cc,essential,ROME
OCC_bf56177836a1,SKL_efa186288487,essential,ROME
OCC_bf56177836a1,SKL_e84c26020815,essential,ROME
OCC_bf56177836a1,SKL_2a8e4ba31c46,essential,ROME
OCC_bf56177836a1,SKL_c0a666584c12,essential,ROME
OCC_bf56177836a1,SKL_c16452c57e03,essential,ROME
OCC_bf56177836a1,SKL_bf16e4a4c6bc,essential,ROME
OCC_bf56177836a1,SKL_a64d184f3ba7,essential,ROME
OCC_bf56177836a1,SKL_53042609a1f8,essential,ROME
OCC_bf56177836a1,SKL_49e54b32492a,essential,ROME
OCC_bf56177836a1,SKL_c7b158fa8e85,essential,ROME
OCC_bf56177836a1,SKL_d635613f68a3,essential,ROME
OCC_bf56177836a1,SKL_1c1caf846bdb,essential,ROME
OCC_bf56177836a1,SKL_f0deb814a4ee,essential,ROME
OCC_bf56177836a1,SKL_f71130ad61f1,essential,ROME
OCC_bf56177836a1,SKL_21f7d353caff,essential,ROME
OCC_bf56177836a1,SKL_1faa6147b74e,essential,ROME
OCC_bf56177836a1,SKL_80d0b5f406d4,essential,ROME
OCC_bf56177836a1,SKL_7b85ab00da01,essential,ROME
OCC_bf56177836a1,SKL_81aaafaf8870,essential,ROME
OCC_bf56177836a1,SKL_ad505071f851,essential,ROME
OCC_bf56177836a1,SKL_4c4b5b64d7ff,essential,ROME
OCC_bf56177836a1,SKL_c0a7abc8de45,essential,ROME
OCC_bf56177836a1,SKL_cbdc371e06b8,essential,ROME
OCC_bf56177836a1,SKL_7015a23fa9bb,essential,ROME
OCC_bf56177836a1,SKL_aa4cd14e3c0e,essential,ROME
OCC_bf56177836a1,SKL_7b0e66e3cdfa,essential,ROME
OCC_bf56177836a1,SKL_e6f0d2c20473,essential,ROME
OCC_bf56177836a1,SKL_f07881ad4e95,essential,ROME
OCC_bf56177836a1,SKL_92f21d40f8e2,essential,ROME
OCC_bf56177836a1,SKL_6b68c45d4990,essential,ROME
OCC_bf56177836a1,SKL_e216633fefc0,essential,ROME
OCC_bf56177836a1,SKL_4b82b94d8571,essential,ROME
OCC_bf56177836a1,SKL_c70070a17abf,essential,ROME
OCC_bf56177836a1,SKL_14e599e49273,essential,ROME
OCC_bf56177836a1,SKL_2d14e124a1b7,essential,ROME
OCC_bf56177836a1,SKL_62802234cf51,essential,ROME
OCC_bf56177836a1,SKL_c557393b6950,essential,ROME
OCC_bf56177836a1,SKL_4ce8622dfdf0,essential,ROME
OCC_bf56177836a1,SKL_1efe42fff58a,essential,ROME
OCC_bf56177836a1,SKL_5fc219a19629,essential,ROME
OCC_bf56177836a1,SKL_6152d3964932,essential,ROME
OCC_bf56177836a1,SKL_b96e021955fd,essential,ROME
OCC_bf56177836a1,SKL_90f6209a5818,essential,ROME
OCC_bf56177836a1,SKL_c8a4e44cfa72,essential,ROME
OCC_bf56177836a1,SKL_99be5f152709,essential,ROME
OCC_bf56177836a1,SKL_85f05d699f7a,essential,ROME
OCC_bf56177836a1,SKL_18fdf1c5440d,essential,ROME
OCC_bf56177836a1,SKL_7e77b95b5718,essential,ROME
OCC_bf56177836a1,SKL_5fe7c35ccf32,essential,ROME
OCC_bf56177836a1,SKL_3de5e7aca9e4,essential,ROME
OCC_bf56177836a1,SKL_5e55a26ad700,essential,ROME
OCC_bf56177836a1,SKL_bd1bdeb79032,essential,ROME
OCC_bf56177836a1,SKL_9e7b8b138a74,essential,ROME
OCC_bf56177836a1,SKL_fad261bfbeae,essential,ROME
OCC_bf56177836a1,SKL_b8da14e6e795,essential,ROME
OCC_bf56177836a1,SKL_d49eec4f969e,essential,ROME
OCC_21715cbb5d2f,SKL_21377bdb4d99,essential,ROME
OCC_21715cbb5d2f,SKL_6dedbe6b3a65,essential,ROME
OCC_21715cbb5d2f,SKL_d7a67e4f9397,essential,ROME
OCC_21715cbb5d2f,SKL_e84c26020815,essential,ROME
OCC_21715cbb5d2f,SKL_764cce2189ab,essential,ROME
OCC_21715cbb5d2f,SKL_a9d9d4d373fe,essential,ROME
OCC_21715cbb5d2f,SKL_a64d184f3ba7,essential,ROME
OCC_21715cbb5d2f,SKL_7d0e02aa065c,essential,ROME
OCC_21715cbb5d2f,SKL_0051f945c83d,essential,ROME
OCC_21715cbb5d2f,SKL_49e54b32492a,essential,ROME
OCC_21715cbb5d2f,SKL_e2c2f6b41356,essential,ROME
OCC_21715cbb5d2f,SKL_43ecea6ae4a7,essential,ROME
OCC_21715cbb5d2f,SKL_9df64df194a4,essential,ROME
OCC_21715cbb5d2f,SKL_f71130ad61f1,essential,ROME
OCC_21715cbb5d2f,SKL_dcb0dfaee567,essential,ROME
OCC_21715cbb5d2f,SKL_46cf45cf5616,essential,ROME
OCC_21715cbb5d2f,SKL_7bcc35ce033f,essential,ROME
OCC_21715cbb5d2f,SKL_98951f1b9ef9,essential,ROME
OCC_21715cbb5d2f,SKL_ad505071f851,essential,ROME
OCC_21715cbb5d2f,SKL_7015a23fa9bb,essential,ROME
OCC_21715cbb5d2f,SKL_eb275f1f3b93,essential,ROME
OCC_21715cbb5d2f,SKL_d0480d125555,essential,ROME
OCC_21715cbb5d2f,SKL_e74e8caaee28,essential,ROME
OCC_21715cbb5d2f,SKL_9e7805a69863,essential,ROME
OCC_21715cbb5d2f,SKL_f07881ad4e95,essential,ROME
OCC_21715cbb5d2f,SKL_35d3d0ca9124,essential,ROME
OCC_21715cbb5d2f,SKL_aa81abe23431,essential,ROME
OCC_21715cbb5d2f,SKL_8489cbbd6839,essential,ROME
OCC_21715cbb5d2f,SKL_14e599e49273,essential,ROME
OCC_21715cbb5d2f,SKL_2d14e124a1b7,essential,ROME
OCC_21715cbb5d2f,SKL_aa1a6fc0800a,essential,ROME
OCC_21715cbb5d2f,SKL_e71b07dddb8d,essential,ROME
OCC_21715cbb5d2f,SKL_299964d3e87d,essential,ROME
OCC_21715cbb5d2f,SKL_62802234cf51,essential,ROME
OCC_21715cbb5d2f,SKL_f7068e699c10,essential,ROME
OCC_21715cbb5d2f,SKL_4ce8622dfdf0,essential,ROME
OCC_21715cbb5d2f,SKL_1efe42fff58a,essential,ROME
OCC_21715cbb5d2f,SKL_f123c639216f,essential,ROME
OCC_21715cbb5d2f,SKL_422d7852fa31,essential,ROME
OCC_21715cbb5d2f,SKL_757a5bf2b9cb,essential,ROME
OCC_21715cbb5d2f,SKL_5fc219a19629,essential,ROME
OCC_21715cbb5d2f,SKL_e107f0887218,essential,ROME
OCC_21715cbb5d2f,SKL_e3a888001dd7,essential,ROME
OCC_21715cbb5d2f,SKL_8270c752a0eb,essential,ROME
OCC_21715cbb5d2f,SKL_620351cb0f5e,essential,ROME
OCC_21715cbb5d2f,SKL_b977bddf3f32,essential,ROME
OCC_21715cbb5d2f,SKL_814cebe567e5,essential,ROME
OCC_21715cbb5d2f,SKL_7bb3c0185b52,essential,ROME
OCC_21715cbb5d2f,SKL_93a94dfcb34e,essential,ROME
OCC_21715cbb5d2f,SKL_19fbaeb5bed9,essential,ROME
OCC_21715cbb5d2f,SKL_2a4a8527c064,essential,ROME
OCC_21715cbb5d2f,SKL_169887b3853a,essential,ROME
OCC_21715cbb5d2f,SKL_594d7b5adc7e,essential,ROME
OCC_21715cbb5d2f,SKL_ce8557ca8ec7,essential,ROME
OCC_21715cbb5d2f,SKL_91f68ff240f5,essential,ROME
OCC_21715cbb5d2f,SKL_65dd4161da47,essential,ROME
OCC_21715cbb5d2f,SKL_44616716fd11,essential,ROME
OCC_21715cbb5d2f,SKL_65805ceb3a37,essential,ROME
OCC_45f8e3b56a4a,SKL_4359f874501a,essential,ROME
OCC_45f8e3b56a4a,SKL_9156c11697eb,essential,ROME
OCC_45f8e3b56a4a,SKL_d663d08e5a12,essential,ROME
OCC_45f8e3b56a4a,SKL_443d580469a6,essential,ROME
OCC_45f8e3b56a4a,SKL_3b653e41fdb5,essential,ROME
OCC_45f8e3b56a4a,SKL_6853340492e5,essential,ROME
OCC_45f8e3b56a4a,SKL_f86833c6520e,essential,ROME
OCC_45f8e3b56a4a,SKL_29ab2248a2c9,essential,ROME
OCC_45f8e3b56a4a,SKL_c0c12386edd9,essential,ROME
OCC_45f8e3b56a4a,SKL_7a9899240edc,essential,ROME
OCC_45f8e3b56a4a,SKL_cefa94a37a1f,essential,ROME
OCC_45f8e3b56a4a,SKL_ab459776205b,essential,ROME
OCC_45f8e3b56a4a,SKL_15267cd36d66,essential,ROME
OCC_45f8e3b56a4a,SKL_f8fac2b22e2e,essential,ROME
OCC_45f8e3b56a4a,SKL_f47e114e0c3a,essential,ROME
OCC_45f8e3b56a4a,SKL_323c13bd307e,essential,ROME
OCC_45f8e3b56a4a,SKL_ca170e79697f,essential,ROME
OCC_45f8e3b56a4a,SKL_a5d6c5d9b70c,essential,ROME
OCC_45f8e3b56a4a,SKL_ef4a44f21c20,essential,ROME
OCC_45f8e3b56a4a,SKL_4d48c45a352e,essential,ROME
OCC_45f8e3b56a4a,SKL_123e2160f95e,essential,ROME
OCC_45f8e3b56a4a,SKL_c807ee2310f6,essential,ROME
OCC_45f8e3b56a4a,SKL_81ffecb1ddce,essential,ROME
OCC_45f8e3b56a4a,SKL_b62779daf950,essential,ROME
OCC_45f8e3b56a4a,SKL_d97e56bf7086,essential,ROME
OCC_45f8e3b56a4a,SKL_45cccdf8fbbd,essential,ROME
OCC_45f8e3b56a4a,SKL_64cf9f8bf38f,essential,ROME
OCC_45f8e3b56a4a,SKL_cd9d24561d03,essential,ROME
OCC_45f8e3b56a4a,SKL_71be8f76a2a7,essential,ROME
OCC_45f8e3b56a4a,SKL_8ada5937505a,essential,ROME
OCC_45f8e3b56a4a,SKL_feb6e6db6cdd,essential,ROME
OCC_45f8e3b56a4a,SKL_cdc713c0ede2,essential,ROME
OCC_45f8e3b56a4a,SKL_c70070a17abf,essential,ROME
OCC_45f8e3b56a4a,SKL_2d14e124a1b7,essential,ROME
OCC_45f8e3b56a4a,SKL_aa1a6fc0800a,essential,ROME
OCC_45f8e3b56a4a,SKL_88b98ad58d93,essential,ROME
OCC_45f8e3b56a4a,SKL_ff0b1cdc4fea,essential,ROME
OCC_45f8e3b56a4a,SKL_4a617c20b938,essential,ROME
OCC_45f8e3b56a4a,SKL_1a9bce2a49fd,essential,ROME
OCC_45f8e3b56a4a,SKL_85dd7cb09298,essential,ROME
OCC_45f8e3b56a4a,SKL_130d20b543eb,essential,ROME
OCC_45f8e3b56a4a,SKL_a5c89f4a40b1,essential,ROME
OCC_45f8e3b56a4a,SKL_a1e064c00319,essential,ROME
OCC_45f8e3b56a4a,SKL_eed5b6deaaf0,essential,ROME
OCC_45f8e3b56a4a,SKL_5d438c97ce8d,essential,ROME
OCC_45f8e3b56a4a,SKL_535e3a11b904,essential,ROME
OCC_45f8e3b56a4a,SKL_53bb7be7ebe8,essential,ROME
OCC_45f8e3b56a4a,SKL_d6f8e9132b15,essential,ROME
OCC_45f8e3b56a4a,SKL_d04c2d129577,essential,ROME
OCC_45f8e3b56a4a,SKL_10f498341b11,essential,ROME
OCC_45f8e3b56a4a,SKL_f9ba4278314c,essential,ROME
OCC_45f8e3b56a4a,SKL_7e298f85b514,essential,ROME
OCC_45f8e3b56a4a,SKL_5ee63306288e,essential,ROME
OCC_45f8e3b56a4a,SKL_69a23921fad9,essential,ROME
OCC_45f8e3b56a4a,SKL_b2de069acb29,essential,ROME
OCC_45f8e3b56a4a,SKL_97c315fa4d5a,essential,ROME
OCC_e02a62ee28e8,SKL_187fa2f342c2,essential,ROME
OCC_e02a62ee28e8,SKL_59443e2d492b,essential,ROME
OCC_e02a62ee28e8,SKL_f80275074728,essential,ROME
OCC_e02a62ee28e8,SKL_b894f8a8204d,essential,ROME
OCC_e02a62ee28e8,SKL_73d6afdae280,essential,ROME
OCC_e02a62ee28e8,SKL_37629b5544de,essential,ROME
OCC_e02a62ee28e8,SKL_fa24ddbbb18f,essential,ROME
OCC_e02a62ee28e8,SKL_761c31315cf3,essential,ROME
OCC_e02a62ee28e8,SKL_d3e977433a8a,essential,ROME
OCC_e02a62ee28e8,SKL_a64d184f3ba7,essential,ROME
OCC_e02a62ee28e8,SKL_53042609a1f8,essential,ROME
OCC_e02a62ee28e8,SKL_d8fa3e25fcdb,essential,ROME
OCC_e02a62ee28e8,SKL_78892952f102,essential,ROME
OCC_e02a62ee28e8,SKL_26685168fe70,essential,ROME
OCC_e02a62ee28e8,SKL_f9cfc9661bcc,essential,ROME
OCC_e02a62ee28e8,SKL_d0a219729763,essential,ROME
OCC_e02a62ee28e8,SKL_f0deb814a4ee,essential,ROME
OCC_e02a62ee28e8,SKL_834e8e75d3b6,essential,ROME
OCC_e02a62ee28e8,SKL_8620389e9432,essential,ROME
OCC_e02a62ee28e8,SKL_5e08637b46b6,essential,ROME
OCC_e02a62ee28e8,SKL_1ed790bfb269,essential,ROME
OCC_e02a62ee28e8,SKL_bb5a3d924f38,essential,ROME
OCC_e02a62ee28e8,SKL_e4abb00d383b,essential,ROME
OCC_e02a62ee28e8,SKL_9df64df194a4,essential,ROME
OCC_e02a62ee28e8,SKL_f789a8e72885,essential,ROME
OCC_e02a62ee28e8,SKL_d608366b8e39,essential,ROME
OCC_e02a62ee28e8,SKL_f71130ad61f1,essential,ROME
OCC_e02a62ee28e8,SKL_1a22a92e3226,essential,ROME
OCC_e02a62ee28e8,SKL_adb4c9249dfb,essential,ROME
OCC_e02a62ee28e8,SKL_dcb0dfaee567,essential,ROME
OCC_e02a62ee28e8,SKL_b72599497697,essential,ROME
OCC_e02a62ee28e8,SKL_ca77cf3f8f42,essential,ROME
OCC_e02a62ee28e8,SKL_c70070a17abf,essential,ROME
OCC_e02a62ee28e8,SKL_14e599e49273,essential,ROME
OCC_e02a62ee28e8,SKL_adade4b3e3d6,essential,ROME
OCC_e02a62ee28e8,SKL_197cd57d1403,essential,ROME
OCC_e02a62ee28e8,SKL_78f888455887,essential,ROME
OCC_e02a62ee28e8,SKL_6543f3ba75f4,essential,ROME
OCC_e02a62ee28e8,SKL_62802234cf51,essential,ROME
OCC_e02a62ee28e8,SKL_f7068e699c10,essential,ROME
OCC_e02a62ee28e8,SKL_ac251a5dda5c,essential,ROME
OCC_e02a62ee28e8,SKL_4ce8622dfdf0,essential,ROME
OCC_e02a62ee28e8,SKL_1efe42fff58a,essential,ROME
OCC_e02a62ee28e8,SKL_757a5bf2b9cb,essential,ROME
OCC_e02a62ee28e8,SKL_5fc219a19629,essential,ROME
OCC_e02a62ee28e8,SKL_92a131a5ebd7,essential,ROME
OCC_e02a62ee28e8,SKL_3caadf804527,essential,ROME
OCC_e02a62ee28e8,SKL_1687a5949d82,essential,ROME
OCC_e02a62ee28e8,SKL_d1830663b181,essential,ROME
OCC_e02a62ee28e8,SKL_ba4cc7b350b0,essential,ROME
OCC_e02a62ee28e8,SKL_5d3dab31f2f5,essential,ROME
OCC_e02a62ee28e8,SKL_974cd19abf42,essential,ROME
OCC_e02a62ee28e8,SKL_82e686c2bcd6,essential,ROME
OCC_e02a62ee28e8,SKL_b96e021955fd,essential,ROME
OCC_e02a62ee28e8,SKL_b977bddf3f32,essential,ROME
OCC_e02a62ee28e8,SKL_5be39f76c1a1,essential,ROME
OCC_e02a62ee28e8,SKL_21d8879533a9,essential,ROME
OCC_e02a62ee28e8,SKL_3266d6306950,essential,ROME
OCC_e02a62ee28e8,SKL_de3253ef7b8f,essential,ROME
OCC_e02a62ee28e8,SKL_246869161dcd,essential,ROME
OCC_e02a62ee28e8,SKL_ae1576e3571e,essential,ROME
OCC_e02a62ee28e8,SKL_06c4c68b972b,essential,ROME
OCC_e02a62ee28e8,SKL_91f68ff240f5,essential,ROME
OCC_e02a62ee28e8,SKL_c26ca2f4b2ff,essential,ROME
OCC_e02a62ee28e8,SKL_44616716fd11,essential,ROME
OCC_e02a62ee28e8,SKL_c1fb11c6a4b5,essential,ROME
OCC_da40f63e4373,SKL_ee46f504ef0b,essential,ROME
OCC_da40f63e4373,SKL_b7f0fc1c0325,essential,ROME
OCC_da40f63e4373,SKL_fa24ddbbb18f,essential,ROME
OCC_da40f63e4373,SKL_761c31315cf3,essential,ROME
OCC_da40f63e4373,SKL_a9d9d4d373fe,essential,ROME
OCC_da40f63e4373,SKL_b185344fa059,essential,ROME
OCC_da40f63e4373,SKL_fb5c2ee217d6,essential,ROME
OCC_da40f63e4373,SKL_d8fa3e25fcdb,essential,ROME
OCC_da40f63e4373,SKL_1f5f96f36baa,essential,ROME
OCC_da40f63e4373,SKL_8620389e9432,essential,ROME
OCC_da40f63e4373,SKL_5e08637b46b6,essential,ROME
OCC_da40f63e4373,SKL_bb5a3d924f38,essential,ROME
OCC_da40f63e4373,SKL_9df64df194a4,essential,ROME
OCC_da40f63e4373,SKL_d608366b8e39,essential,ROME
OCC_da40f63e4373,SKL_f71130ad61f1,essential,ROME
OCC_da40f63e4373,SKL_f3626b4714ee,essential,ROME
OCC_da40f63e4373,SKL_dcb0dfaee567,essential,ROME
OCC_da40f63e4373,SKL_b72599497697,essential,ROME
OCC_da40f63e4373,SKL_d24560893c8e,essential,ROME
OCC_da40f63e4373,SKL_6e0ca241672f,essential,ROME
OCC_da40f63e4373,SKL_d9b4d15a6162,essential,ROME
OCC_da40f63e4373,SKL_761c65e4427c,essential,ROME
OCC_da40f63e4373,SKL_8d56efb2bdc9,essential,ROME
OCC_da40f63e4373,SKL_a727303cb297,essential,ROME
OCC_da40f63e4373,SKL_65069e49e28b,essential,ROME
OCC_da40f63e4373,SKL_c70070a17abf,essential,ROME
OCC_da40f63e4373,SKL_14e599e49273,essential,ROME
OCC_da40f63e4373,SKL_adade4b3e3d6,essential,ROME
OCC_da40f63e4373,SKL_197cd57d1403,essential,ROME
OCC_da40f63e4373,SKL_1d3c49419692,essential,ROME
OCC_da40f63e4373,SKL_6543f3ba75f4,essential,ROME
OCC_da40f63e4373,SKL_62802234cf51,essential,ROME
OCC_da40f63e4373,SKL_f7068e699c10,essential,ROME
OCC_da40f63e4373,SKL_757a5bf2b9cb,essential,ROME
OCC_da40f63e4373,SKL_5fc219a19629,essential,ROME
OCC_da40f63e4373,SKL_e107f0887218,essential,ROME
OCC_da40f63e4373,SKL_1687a5949d82,essential,ROME
OCC_da40f63e4373,SKL_d1830663b181,essential,ROME
OCC_da40f63e4373,SKL_89a132cc914a,essential,ROME
OCC_da40f63e4373,SKL_974cd19abf42,essential,ROME
OCC_da40f63e4373,SKL_5091435f5672,essential,ROME
OCC_da40f63e4373,SKL_b96e021955fd,essential,ROME
OCC_da40f63e4373,SKL_71e9092c19ab,essential,ROME
OCC_da40f63e4373,SKL_980084a22d28,essential,ROME
OCC_da40f63e4373,SKL_21d8879533a9,essential,ROME
OCC_da40f63e4373,SKL_3554553bafae,essential,ROME
OCC_da40f63e4373,SKL_badd974e44de,essential,ROME
OCC_da40f63e4373,SKL_c26ca2f4b2ff,essential,ROME
OCC_da40f63e4373,SKL_f479ce1e503d,essential,ROME
OCC_da40f63e4373,SKL_7c58c5cafa2b,essential,ROME
OCC_da40f63e4373,SKL_c44fd75d5d30,essential,ROME
OCC_da40f63e4373,SKL_ce3279d845e7,essential,ROME
OCC_da40f63e4373,SKL_fe2310cca7d1,essential,ROME
OCC_da40f63e4373,SKL_a68e831b6e5d,essential,ROME
OCC_da40f63e4373,SKL_44616716fd11,essential,ROME
OCC_da40f63e4373,SKL_70c4e0652594,essential,ROME
OCC_0dfd1568b513,SKL_21377bdb4d99,essential,ROME
OCC_0dfd1568b513,SKL_d3c78650d46f,essential,ROME
OCC_0dfd1568b513,SKL_6bc463f07761,essential,ROME
OCC_0dfd1568b513,SKL_6dedbe6b3a65,essential,ROME
OCC_0dfd1568b513,SKL_704e8a689692,essential,ROME
OCC_0dfd1568b513,SKL_d7a67e4f9397,essential,ROME
OCC_0dfd1568b513,SKL_0931c28280f5,essential,ROME
OCC_0dfd1568b513,SKL_fdc924f15b23,essential,ROME
OCC_0dfd1568b513,SKL_b3fd7d7f4ff0,essential,ROME
OCC_0dfd1568b513,SKL_40d630182996,essential,ROME
OCC_0dfd1568b513,SKL_4403c7aec485,essential,ROME
OCC_0dfd1568b513,SKL_86f3df526eb1,essential,ROME
OCC_0dfd1568b513,SKL_b7f0fc1c0325,essential,ROME
OCC_0dfd1568b513,SKL_764cce2189ab,essential,ROME
OCC_0dfd1568b513,SKL_09bd09e57833,essential,ROME
OCC_0dfd1568b513,SKL_834e8e75d3b6,essential,ROME
OCC_0dfd1568b513,SKL_2a6cfe49b2ef,essential,ROME
OCC_0dfd1568b513,SKL_5687324a90ac,essential,ROME
OCC_0dfd1568b513,SKL_f3626b4714ee,essential,ROME
OCC_0dfd1568b513,SKL_52430cc96e77,essential,ROME
OCC_0dfd1568b513,SKL_d2e84bf833b2,essential,ROME
OCC_0dfd1568b513,SKL_939c8b26da61,essential,ROME
OCC_0dfd1568b513,SKL_6fc0b8425763,essential,ROME
OCC_0dfd1568b513,SKL_e2d0350bbc54,essential,ROME
OCC_0dfd1568b513,SKL_68c28f2d8989,essential,ROME
OCC_0dfd1568b513,SKL_59302fb0ec70,essential,ROME
OCC_0dfd1568b513,SKL_5d6cac5d84e0,essential,ROME
OCC_0dfd1568b513,SKL_8489cbbd6839,essential,ROME
OCC_0dfd1568b513,SKL_e82299eb3241,essential,ROME
OCC_0dfd1568b513,SKL_2d14e124a1b7,essential,ROME
OCC_0dfd1568b513,SKL_adade4b3e3d6,essential,ROME
OCC_0dfd1568b513,SKL_d9f1710d9ccb,essential,ROME
OCC_0dfd1568b513,SKL_62802234cf51,essential,ROME
OCC_0dfd1568b513,SKL_41a8bb387337,essential,ROME
OCC_0dfd1568b513,SKL_00e84e920c27,essential,ROME
OCC_0dfd1568b513,SKL_14f6f5645aef,essential,ROME
OCC_0dfd1568b513,SKL_418613577f40,essential,ROME
OCC_0dfd1568b513,SKL_c557393b6950,essential,ROME
OCC_0dfd1568b513,SKL_e107f0887218,essential,ROME
OCC_0dfd1568b513,SKL_6edbe118d445,essential,ROME
OCC_0dfd1568b513,SKL_620351cb0f5e,essential,ROME
OCC_0dfd1568b513,SKL_b3d5282d83d7,essential,ROME
OCC_0dfd1568b513,SKL_1cb38987318b,essential,ROME
OCC_0dfd1568b513,SKL_980084a22d28,essential,ROME
OCC_0dfd1568b513,SKL_a2438099251f,essential,ROME
OCC_0dfd1568b513,SKL_0e9a6b1cde93,essential,ROME
OCC_0dfd1568b513,SKL_e7d4c720f941,essential,ROME
OCC_0dfd1568b513,SKL_965f805c0ce8,essential,ROME
OCC_0dfd1568b513,SKL_0e14ea3b2d4e,essential,ROME
OCC_0dfd1568b513,SKL_8a7ae63e0d5e,essential,ROME
OCC_0dfd1568b513,SKL_bcad08cdb51f,essential,ROME
OCC_0dfd1568b513,SKL_1cb3284f37b2,essential,ROME
OCC_0dfd1568b513,SKL_4ececb5f07f6,essential,ROME
OCC_0dfd1568b513,SKL_50e9efe6391e,essential,ROME
OCC_0dfd1568b513,SKL_91f68ff240f5,essential,ROME
OCC_0dfd1568b513,SKL_8dc27dc6772c,essential,ROME
OCC_0dfd1568b513,SKL_44616716fd11,essential,ROME
OCC_0dfd1568b513,SKL_8083f572f0eb,essential,ROME
OCC_0dfd1568b513,SKL_2cfc4a971049,essential,ROME
OCC_0dfd1568b513,SKL_ec151b1b7c6f,essential,ROME
OCC_0dfd1568b513,SKL_41bc5edfb717,essential,ROME
OCC_0dfd1568b513,SKL_23cc6294f14a,essential,ROME
OCC_0dfd1568b513,SKL_1f22c93a5a9f,essential,ROME
OCC_e16c45181fb8,SKL_67a56b8c68ae,essential,ROME
OCC_e16c45181fb8,SKL_a5dbd790628f,essential,ROME
OCC_e16c45181fb8,SKL_37629b5544de,essential,ROME
OCC_e16c45181fb8,SKL_b7f0fc1c0325,essential,ROME
OCC_e16c45181fb8,SKL_d4aa1a6fd095,essential,ROME
OCC_e16c45181fb8,SKL_764cce2189ab,essential,ROME
OCC_e16c45181fb8,SKL_22689ec463aa,essential,ROME
OCC_e16c45181fb8,SKL_a9d9d4d373fe,essential,ROME
OCC_e16c45181fb8,SKL_eaaced0ab14b,essential,ROME
OCC_e16c45181fb8,SKL_3b4f484e6314,essential,ROME
OCC_e16c45181fb8,SKL_b2eb7d70381d,essential,ROME
OCC_e16c45181fb8,SKL_53042609a1f8,essential,ROME
OCC_e16c45181fb8,SKL_49e54b32492a,essential,ROME
OCC_e16c45181fb8,SKL_e2c2f6b41356,essential,ROME
OCC_e16c45181fb8,SKL_09bd09e57833,essential,ROME
OCC_e16c45181fb8,SKL_2c77d41543fd,essential,ROME
OCC_e16c45181fb8,SKL_f1ed5f3c4c17,essential,ROME
OCC_e16c45181fb8,SKL_288838bb67c8,essential,ROME
OCC_e16c45181fb8,SKL_c7b158fa8e85,essential,ROME
OCC_e16c45181fb8,SKL_d7e810970a48,essential,ROME
OCC_e16c45181fb8,SKL_4467934b65fe,essential,ROME
OCC_e16c45181fb8,SKL_f47a758e85db,essential,ROME
OCC_e16c45181fb8,SKL_b2c2465f84aa,essential,ROME
OCC_e16c45181fb8,SKL_0d3f1810954e,essential,ROME
OCC_e16c45181fb8,SKL_f1dfae690c45,essential,ROME
OCC_e16c45181fb8,SKL_2d14e124a1b7,essential,ROME
OCC_e16c45181fb8,SKL_aa1a6fc0800a,essential,ROME
OCC_e16c45181fb8,SKL_68acd60bf5a0,essential,ROME
OCC_e16c45181fb8,SKL_1efe42fff58a,essential,ROME
OCC_e16c45181fb8,SKL_ba4cc7b350b0,essential,ROME
OCC_e16c45181fb8,SKL_12a828ad9117,essential,ROME
OCC_e16c45181fb8,SKL_a3a89d84a30e,essential,ROME
OCC_e16c45181fb8,SKL_99be5f152709,essential,ROME
OCC_e16c45181fb8,SKL_5285dbd60dfb,essential,ROME
OCC_e16c45181fb8,SKL_77c5e3d29fdb,essential,ROME
OCC_e16c45181fb8,SKL_997547ad763d,essential,ROME
OCC_e16c45181fb8,SKL_47fa7e4c50c5,essential,ROME
OCC_e16c45181fb8,SKL_85f05d699f7a,essential,ROME
OCC_e16c45181fb8,SKL_2a4a8527c064,essential,ROME
OCC_e16c45181fb8,SKL_4bc4b9025095,essential,ROME
OCC_e16c45181fb8,SKL_06c4c68b972b,essential,ROME
OCC_e16c45181fb8,SKL_57ae6d778907,essential,ROME
OCC_e16c45181fb8,SKL_9eaf6fe424ff,essential,ROME
OCC_e16c45181fb8,SKL_8142993ad2b7,essential,ROME
OCC_e16c45181fb8,SKL_523a106bc5a0,essential,ROME
OCC_afe0af7ee789,SKL_57c2c802a394,essential,ROME
OCC_afe0af7ee789,SKL_29a89af2ed12,essential,ROME
OCC_afe0af7ee789,SKL_fa24ddbbb18f,essential,ROME
OCC_afe0af7ee789,SKL_53042609a1f8,essential,ROME
OCC_afe0af7ee789,SKL_fb5c2ee217d6,essential,ROME
OCC_afe0af7ee789,SKL_c124909bc76c,essential,ROME
OCC_afe0af7ee789,SKL_834e8e75d3b6,essential,ROME
OCC_afe0af7ee789,SKL_ae64f7376cbd,essential,ROME
OCC_afe0af7ee789,SKL_e98a2bb27267,essential,ROME
OCC_afe0af7ee789,SKL_9df64df194a4,essential,ROME
OCC_afe0af7ee789,SKL_7193041269e9,essential,ROME
OCC_afe0af7ee789,SKL_2e8f1205560d,essential,ROME
OCC_afe0af7ee789,SKL_aa51cd68efd7,essential,ROME
OCC_afe0af7ee789,SKL_7c3a41e91f6a,essential,ROME
OCC_afe0af7ee789,SKL_9cdc3c6bcc7b,essential,ROME
OCC_afe0af7ee789,SKL_9ba04c2f4b13,essential,ROME
OCC_afe0af7ee789,SKL_0914352aac4b,essential,ROME
OCC_afe0af7ee789,SKL_ab07f55a390f,essential,ROME
OCC_afe0af7ee789,SKL_17afd4ed507a,essential,ROME
OCC_afe0af7ee789,SKL_aa1a6fc0800a,essential,ROME
OCC_afe0af7ee789,SKL_5fa48277602e,essential,ROME
OCC_afe0af7ee789,SKL_197cd57d1403,essential,ROME
OCC_afe0af7ee789,SKL_ef1abe6c8238,essential,ROME
OCC_afe0af7ee789,SKL_8bf4efca25e1,essential,ROME
OCC_afe0af7ee789,SKL_ba4cc7b350b0,essential,ROME
OCC_afe0af7ee789,SKL_5d3dab31f2f5,essential,ROME
OCC_afe0af7ee789,SKL_974cd19abf42,essential,ROME
OCC_afe0af7ee789,SKL_cb1d13388a5f,essential,ROME
OCC_afe0af7ee789,SKL_146ce1417760,essential,ROME
OCC_afe0af7ee789,SKL_232412a899cd,essential,ROME
OCC_afe0af7ee789,SKL_c61cd5691187,essential,ROME
OCC_afe0af7ee789,SKL_0a55e1606c8c,essential,ROME
OCC_afe0af7ee789,SKL_50f22b6512bb,essential,ROME
OCC_afe0af7ee789,SKL_2ae7c9b77472,essential,ROME
OCC_afe0af7ee789,SKL_65b975c06be4,essential,ROME
OCC_afe0af7ee789,SKL_975610b613fd,essential,ROME
OCC_afe0af7ee789,SKL_2b75adb1196c,essential,ROME
OCC_afe0af7ee789,SKL_2d28730e2d35,essential,ROME
OCC_afe0af7ee789,SKL_38c8454e1d1e,essential,ROME
OCC_afe0af7ee789,SKL_f479ce1e503d,essential,ROME
OCC_afe0af7ee789,SKL_7c58c5cafa2b,essential,ROME
OCC_afe0af7ee789,SKL_c44fd75d5d30,essential,ROME
OCC_afe0af7ee789,SKL_ce3279d845e7,essential,ROME
OCC_afe0af7ee789,SKL_fe2310cca7d1,essential,ROME
OCC_afe0af7ee789,SKL_44616716fd11,essential,ROME
OCC_afe0af7ee789,SKL_b35cdb6c820a,essential,ROME
OCC_afe0af7ee789,SKL_2219100f573b,essential,ROME
OCC_afe0af7ee789,SKL_2c8e2dbd59b4,essential,ROME
OCC_afe0af7ee789,SKL_a45950aa004f,essential,ROME
OCC_afe0af7ee789,SKL_81216127ec4b,essential,ROME
OCC_0194b59e1846,SKL_dfccf9bb2bb6,essential,ROME
OCC_0194b59e1846,SKL_02d6ee2dac47,essential,ROME
OCC_0194b59e1846,SKL_6dedbe6b3a65,essential,ROME
OCC_0194b59e1846,SKL_7b3b98a961c1,essential,ROME
OCC_0194b59e1846,SKL_626d6f9f79bc,essential,ROME
OCC_0194b59e1846,SKL_edb7113f7c93,essential,ROME
OCC_0194b59e1846,SKL_7196b5882ab9,essential,ROME
OCC_0194b59e1846,SKL_fb5c2ee217d6,essential,ROME
OCC_0194b59e1846,SKL_a68eb7bbc2aa,essential,ROME
OCC_0194b59e1846,SKL_834e8e75d3b6,essential,ROME
OCC_0194b59e1846,SKL_8620389e9432,essential,ROME
OCC_0194b59e1846,SKL_ae64f7376cbd,essential,ROME
OCC_0194b59e1846,SKL_9df64df194a4,essential,ROME
OCC_0194b59e1846,SKL_2ed964273894,essential,ROME
OCC_0194b59e1846,SKL_bc8a0efa4c01,essential,ROME
OCC_0194b59e1846,SKL_fd69698b8a9e,essential,ROME
OCC_0194b59e1846,SKL_2e8f1205560d,essential,ROME
OCC_0194b59e1846,SKL_ccfb8b017b35,essential,ROME
OCC_0194b59e1846,SKL_cc5438ca3b1b,essential,ROME
OCC_0194b59e1846,SKL_909ba41ca82f,essential,ROME
OCC_0194b59e1846,SKL_64cf9f8bf38f,essential,ROME
OCC_0194b59e1846,SKL_f5b009efaaed,essential,ROME
OCC_0194b59e1846,SKL_ecf2ac45fae7,essential,ROME
OCC_0194b59e1846,SKL_f8192c8113be,essential,ROME
OCC_0194b59e1846,SKL_3e4c5d28db66,essential,ROME
OCC_0194b59e1846,SKL_f04e902859f1,essential,ROME
OCC_0194b59e1846,SKL_9602df0ed6af,essential,ROME
OCC_0194b59e1846,SKL_65069e49e28b,essential,ROME
OCC_0194b59e1846,SKL_16e2748c151f,essential,ROME
OCC_0194b59e1846,SKL_8489cbbd6839,essential,ROME
OCC_0194b59e1846,SKL_c70070a17abf,essential,ROME
OCC_0194b59e1846,SKL_14e599e49273,essential,ROME
OCC_0194b59e1846,SKL_d1418a8b6ed2,essential,ROME
OCC_0194b59e1846,SKL_5a25c9935a2f,essential,ROME
OCC_0194b59e1846,SKL_1efe42fff58a,essential,ROME
OCC_0194b59e1846,SKL_422d7852fa31,essential,ROME
OCC_0194b59e1846,SKL_8270c752a0eb,essential,ROME
OCC_0194b59e1846,SKL_f66038d41171,essential,ROME
OCC_0194b59e1846,SKL_1f78dc1d161b,essential,ROME
OCC_0194b59e1846,SKL_21a640d971a5,essential,ROME
OCC_0194b59e1846,SKL_920b060feb8e,essential,ROME
OCC_0194b59e1846,SKL_620351cb0f5e,essential,ROME
OCC_0194b59e1846,SKL_2e5c794779dc,essential,ROME
OCC_0194b59e1846,SKL_c2f880600b68,essential,ROME
OCC_0194b59e1846,SKL_a2438099251f,essential,ROME
OCC_0194b59e1846,SKL_1c770d6260f6,essential,ROME
OCC_0194b59e1846,SKL_c8a4e44cfa72,essential,ROME
OCC_0194b59e1846,SKL_741e99425276,essential,ROME
OCC_0194b59e1846,SKL_de87253f16e3,essential,ROME
OCC_0194b59e1846,SKL_505b297b5598,essential,ROME
OCC_0194b59e1846,SKL_1f45b60c22f4,essential,ROME
OCC_0194b59e1846,SKL_23cc6294f14a,essential,ROME
OCC_0194b59e1846,SKL_076566a33c6b,essential,ROME
OCC_0194b59e1846,SKL_b8da14e6e795,essential,ROME
OCC_0194b59e1846,SKL_771aa834a258,essential,ROME
OCC_b7befaa6cd86,SKL_50b1957918f5,essential,ROME
OCC_b7befaa6cd86,SKL_bbf17c94fa00,essential,ROME
OCC_b7befaa6cd86,SKL_764cce2189ab,essential,ROME
OCC_b7befaa6cd86,SKL_4c61c172ba2a,essential,ROME
OCC_b7befaa6cd86,SKL_a9d9d4d373fe,essential,ROME
OCC_b7befaa6cd86,SKL_709aa19dcfeb,essential,ROME
OCC_b7befaa6cd86,SKL_37cc81342e7f,essential,ROME
OCC_b7befaa6cd86,SKL_a64d184f3ba7,essential,ROME
OCC_b7befaa6cd86,SKL_e2c2f6b41356,essential,ROME
OCC_b7befaa6cd86,SKL_fa0883537dae,essential,ROME
OCC_b7befaa6cd86,SKL_beb20553336d,essential,ROME
OCC_b7befaa6cd86,SKL_78892952f102,essential,ROME
OCC_b7befaa6cd86,SKL_26685168fe70,essential,ROME
OCC_b7befaa6cd86,SKL_7bb0507c58f4,essential,ROME
OCC_b7befaa6cd86,SKL_1f5f96f36baa,essential,ROME
OCC_b7befaa6cd86,SKL_b1c904cce042,essential,ROME
OCC_b7befaa6cd86,SKL_14b662aa3846,essential,ROME
OCC_b7befaa6cd86,SKL_20af2a60c7e5,essential,ROME
OCC_b7befaa6cd86,SKL_f0deb814a4ee,essential,ROME
OCC_b7befaa6cd86,SKL_4b43f19e097e,essential,ROME
OCC_b7befaa6cd86,SKL_9011b66b86cf,essential,ROME
OCC_b7befaa6cd86,SKL_7b85ab00da01,essential,ROME
OCC_b7befaa6cd86,SKL_83621319d546,essential,ROME
OCC_b7befaa6cd86,SKL_0f3a2ab24e17,essential,ROME
OCC_b7befaa6cd86,SKL_d59ad6204aa4,essential,ROME
OCC_b7befaa6cd86,SKL_3fbd996e9974,essential,ROME
OCC_b7befaa6cd86,SKL_59302fb0ec70,essential,ROME
OCC_b7befaa6cd86,SKL_1e6b347be5d5,essential,ROME
OCC_b7befaa6cd86,SKL_14e599e49273,essential,ROME
OCC_b7befaa6cd86,SKL_2d14e124a1b7,essential,ROME
OCC_b7befaa6cd86,SKL_aa1a6fc0800a,essential,ROME
OCC_b7befaa6cd86,SKL_5d2d7c70f288,essential,ROME
OCC_b7befaa6cd86,SKL_d1418a8b6ed2,essential,ROME
OCC_b7befaa6cd86,SKL_4ce8622dfdf0,essential,ROME
OCC_b7befaa6cd86,SKL_1efe42fff58a,essential,ROME
OCC_b7befaa6cd86,SKL_f123c639216f,essential,ROME
OCC_b7befaa6cd86,SKL_757a5bf2b9cb,essential,ROME
OCC_b7befaa6cd86,SKL_e107f0887218,essential,ROME
OCC_b7befaa6cd86,SKL_e3a888001dd7,essential,ROME
OCC_b7befaa6cd86,SKL_5d3dab31f2f5,essential,ROME
OCC_b7befaa6cd86,SKL_59ef7def4ddc,essential,ROME
OCC_b7befaa6cd86,SKL_8270c752a0eb,essential,ROME
OCC_b7befaa6cd86,SKL_82723cf3091f,essential,ROME
OCC_b7befaa6cd86,SKL_21a640d971a5,essential,ROME
OCC_b7befaa6cd86,SKL_920b060feb8e,essential,ROME
OCC_b7befaa6cd86,SKL_c2f880600b68,essential,ROME
OCC_b7befaa6cd86,SKL_66cf538dd1dc,essential,ROME
OCC_b7befaa6cd86,SKL_c8a4e44cfa72,essential,ROME
OCC_b7befaa6cd86,SKL_5285dbd60dfb,essential,ROME
OCC_b7befaa6cd86,SKL_b907d5a57062,essential,ROME
OCC_b7befaa6cd86,SKL_93a94dfcb34e,essential,ROME
OCC_b7befaa6cd86,SKL_4bc4b9025095,essential,ROME
OCC_b7befaa6cd86,SKL_06c4c68b972b,essential,ROME
OCC_b7befaa6cd86,SKL_ed8cd6b18087,essential,ROME
OCC_b7befaa6cd86,SKL_3de5e7aca9e4,essential,ROME
OCC_b7befaa6cd86,SKL_8ef490fa2469,essential,ROME
OCC_b7befaa6cd86,SKL_b523fb9f3ac3,essential,ROME
OCC_b7befaa6cd86,SKL_b7e130e10392,essential,ROME
OCC_b7befaa6cd86,SKL_446dc6811594,essential,ROME
OCC_b7befaa6cd86,SKL_8f55beae1907,essential,ROME
OCC_b7befaa6cd86,SKL_22bebee25541,essential,ROME
OCC_b7befaa6cd86,SKL_accbc26de41f,essential,ROME
OCC_b7befaa6cd86,SKL_5951286b3b2a,essential,ROME
OCC_b7befaa6cd86,SKL_e52398254a08,essential,ROME
OCC_b7befaa6cd86,SKL_5f21aa338ce4,essential,ROME
OCC_b7befaa6cd86,SKL_9922a3239b91,essential,ROME
OCC_6208e1876753,SKL_2b251bc15749,essential,ROME
OCC_6208e1876753,SKL_59443e2d492b,essential,ROME
OCC_6208e1876753,SKL_f80275074728,essential,ROME
OCC_6208e1876753,SKL_b894f8a8204d,essential,ROME
OCC_6208e1876753,SKL_ec61f586f66c,essential,ROME
OCC_6208e1876753,SKL_b9103602fe4a,essential,ROME
OCC_6208e1876753,SKL_73d6afdae280,essential,ROME
OCC_6208e1876753,SKL_b7f0fc1c0325,essential,ROME
OCC_6208e1876753,SKL_fa24ddbbb18f,essential,ROME
OCC_6208e1876753,SKL_761c31315cf3,essential,ROME
OCC_6208e1876753,SKL_d3e977433a8a,essential,ROME
OCC_6208e1876753,SKL_a9d9d4d373fe,essential,ROME
OCC_6208e1876753,SKL_b185344fa059,essential,ROME
OCC_6208e1876753,SKL_a64d184f3ba7,essential,ROME
OCC_6208e1876753,SKL_53042609a1f8,essential,ROME
OCC_6208e1876753,SKL_d8fa3e25fcdb,essential,ROME
OCC_6208e1876753,SKL_887c14547452,essential,ROME
OCC_6208e1876753,SKL_fa0883537dae,essential,ROME
OCC_6208e1876753,SKL_78892952f102,essential,ROME
OCC_6208e1876753,SKL_26685168fe70,essential,ROME
OCC_6208e1876753,SKL_d0a219729763,essential,ROME
OCC_6208e1876753,SKL_1f5f96f36baa,essential,ROME
OCC_6208e1876753,SKL_8498314ec7b0,essential,ROME
OCC_6208e1876753,SKL_5e08637b46b6,essential,ROME
OCC_6208e1876753,SKL_bb5a3d924f38,essential,ROME
OCC_6208e1876753,SKL_e4abb00d383b,essential,ROME
OCC_6208e1876753,SKL_9df64df194a4,essential,ROME
OCC_6208e1876753,SKL_f71130ad61f1,essential,ROME
OCC_6208e1876753,SKL_f653d47edba5,essential,ROME
OCC_6208e1876753,SKL_dcb0dfaee567,essential,ROME
OCC_6208e1876753,SKL_b72599497697,essential,ROME
OCC_6208e1876753,SKL_14eb800d98bc,essential,ROME
OCC_6208e1876753,SKL_59302fb0ec70,essential,ROME
OCC_6208e1876753,SKL_8f45c81705b3,essential,ROME
OCC_6208e1876753,SKL_83da318d6221,essential,ROME
OCC_6208e1876753,SKL_231b3354d1f3,essential,ROME
OCC_6208e1876753,SKL_28b4bb8010e0,essential,ROME
OCC_6208e1876753,SKL_3774a8084cbb,essential,ROME
OCC_6208e1876753,SKL_a0f67ffdaf51,essential,ROME
OCC_6208e1876753,SKL_c70070a17abf,essential,ROME
OCC_6208e1876753,SKL_14e599e49273,essential,ROME
OCC_6208e1876753,SKL_2d14e124a1b7,essential,ROME
OCC_6208e1876753,SKL_adade4b3e3d6,essential,ROME
OCC_6208e1876753,SKL_78f888455887,essential,ROME
OCC_6208e1876753,SKL_1d3c49419692,essential,ROME
OCC_6208e1876753,SKL_6543f3ba75f4,essential,ROME
OCC_6208e1876753,SKL_62802234cf51,essential,ROME
OCC_6208e1876753,SKL_f7068e699c10,essential,ROME
OCC_6208e1876753,SKL_ac251a5dda5c,essential,ROME
OCC_6208e1876753,SKL_4ce8622dfdf0,essential,ROME
OCC_6208e1876753,SKL_1efe42fff58a,essential,ROME
OCC_6208e1876753,SKL_5fc219a19629,essential,ROME
OCC_6208e1876753,SKL_92a131a5ebd7,essential,ROME
OCC_6208e1876753,SKL_a0fe378fd33f,essential,ROME
OCC_6208e1876753,SKL_1687a5949d82,essential,ROME
OCC_6208e1876753,SKL_ba4cc7b350b0,essential,ROME
OCC_6208e1876753,SKL_5d3dab31f2f5,essential,ROME
OCC_6208e1876753,SKL_974cd19abf42,essential,ROME
OCC_6208e1876753,SKL_12a828ad9117,essential,ROME
OCC_6208e1876753,SKL_f8ef2fc6568b,essential,ROME
OCC_6208e1876753,SKL_c8a4e44cfa72,essential,ROME
OCC_6208e1876753,SKL_21d8879533a9,essential,ROME
OCC_6208e1876753,SKL_362ea73d7cc4,essential,ROME
OCC_6208e1876753,SKL_77c5e3d29fdb,essential,ROME
OCC_6208e1876753,SKL_e981404045e8,essential,ROME
OCC_6208e1876753,SKL_06c4c68b972b,essential,ROME
OCC_6208e1876753,SKL_65dd4161da47,essential,ROME
OCC_6208e1876753,SKL_a68e831b6e5d,essential,ROME
OCC_6208e1876753,SKL_44616716fd11,essential,ROME
OCC_6208e1876753,SKL_70c4e0652594,essential,ROME
OCC_7d00df02eb9d,SKL_d3c78650d46f,essential,ROME
OCC_7d00df02eb9d,SKL_6bc463f07761,essential,ROME
OCC_7d00df02eb9d,SKL_6dedbe6b3a65,essential,ROME
OCC_7d00df02eb9d,SKL_d7a67e4f9397,essential,ROME
OCC_7d00df02eb9d,SKL_b3fd7d7f4ff0,essential,ROME
OCC_7d00df02eb9d,SKL_09bd09e57833,essential,ROME
OCC_7d00df02eb9d,SKL_d635613f68a3,essential,ROME
OCC_7d00df02eb9d,SKL_f0deb814a4ee,essential,ROME
OCC_7d00df02eb9d,SKL_aba1cf3914da,essential,ROME
OCC_7d00df02eb9d,SKL_6855663c939b,essential,ROME
OCC_7d00df02eb9d,SKL_41a98b6132ca,essential,ROME
OCC_7d00df02eb9d,SKL_7172672d02b4,essential,ROME
OCC_7d00df02eb9d,SKL_309b8ac21eb1,essential,ROME
OCC_7d00df02eb9d,SKL_913edfa990c6,essential,ROME
OCC_7d00df02eb9d,SKL_153b695e5c25,essential,ROME
OCC_7d00df02eb9d,SKL_5d6cac5d84e0,essential,ROME
OCC_7d00df02eb9d,SKL_8489cbbd6839,essential,ROME
OCC_7d00df02eb9d,SKL_2d14e124a1b7,essential,ROME
OCC_7d00df02eb9d,SKL_adade4b3e3d6,essential,ROME
OCC_7d00df02eb9d,SKL_62802234cf51,essential,ROME
OCC_7d00df02eb9d,SKL_c557393b6950,essential,ROME
OCC_7d00df02eb9d,SKL_8165e1083b5c,essential,ROME
OCC_7d00df02eb9d,SKL_a2438099251f,essential,ROME
OCC_7d00df02eb9d,SKL_e7d4c720f941,essential,ROME
OCC_7d00df02eb9d,SKL_d034a8c093fb,essential,ROME
OCC_7d00df02eb9d,SKL_7eba2585660a,essential,ROME
OCC_7d00df02eb9d,SKL_7b512ed45f16,essential,ROME
OCC_7d00df02eb9d,SKL_574e0fac5782,essential,ROME
OCC_7d00df02eb9d,SKL_a3ecb69cb5ec,essential,ROME
OCC_7d00df02eb9d,SKL_da367235313e,essential,ROME
OCC_7d00df02eb9d,SKL_78a080861647,essential,ROME
OCC_7d00df02eb9d,SKL_952586814d5a,essential,ROME
OCC_7d00df02eb9d,SKL_f57b94002246,essential,ROME
OCC_7d00df02eb9d,SKL_91f68ff240f5,essential,ROME
OCC_7d00df02eb9d,SKL_c26ca2f4b2ff,essential,ROME
OCC_7d00df02eb9d,SKL_65dd4161da47,essential,ROME
OCC_7d00df02eb9d,SKL_d31be6207e3c,essential,ROME
OCC_7d00df02eb9d,SKL_44616716fd11,essential,ROME
OCC_7d00df02eb9d,SKL_43d3f8f12a9b,essential,ROME
OCC_9f8d6a13ded5,SKL_6dedbe6b3a65,essential,ROME
OCC_9f8d6a13ded5,SKL_e84c26020815,essential,ROME
OCC_9f8d6a13ded5,SKL_78480d13fc24,essential,ROME
OCC_9f8d6a13ded5,SKL_6d02e3109e1c,essential,ROME
OCC_9f8d6a13ded5,SKL_bbf17c94fa00,essential,ROME
OCC_9f8d6a13ded5,SKL_b7f0fc1c0325,essential,ROME
OCC_9f8d6a13ded5,SKL_764cce2189ab,essential,ROME
OCC_9f8d6a13ded5,SKL_a9d9d4d373fe,essential,ROME
OCC_9f8d6a13ded5,SKL_37cc81342e7f,essential,ROME
OCC_9f8d6a13ded5,SKL_321a1413d585,essential,ROME
OCC_9f8d6a13ded5,SKL_a64d184f3ba7,essential,ROME
OCC_9f8d6a13ded5,SKL_7d0e02aa065c,essential,ROME
OCC_9f8d6a13ded5,SKL_49e54b32492a,essential,ROME
OCC_9f8d6a13ded5,SKL_e2c2f6b41356,essential,ROME
OCC_9f8d6a13ded5,SKL_552960467971,essential,ROME
OCC_9f8d6a13ded5,SKL_beb20553336d,essential,ROME
OCC_9f8d6a13ded5,SKL_807dcdac4830,essential,ROME
OCC_9f8d6a13ded5,SKL_20af2a60c7e5,essential,ROME
OCC_9f8d6a13ded5,SKL_f0deb814a4ee,essential,ROME
OCC_9f8d6a13ded5,SKL_43ecea6ae4a7,essential,ROME
OCC_9f8d6a13ded5,SKL_9df64df194a4,essential,ROME
OCC_9f8d6a13ded5,SKL_dcb0dfaee567,essential,ROME
OCC_9f8d6a13ded5,SKL_dc2bc03d0622,essential,ROME
OCC_9f8d6a13ded5,SKL_bbc99ca3debf,essential,ROME
OCC_9f8d6a13ded5,SKL_9011b66b86cf,essential,ROME
OCC_9f8d6a13ded5,SKL_e46f9769f157,essential,ROME
OCC_9f8d6a13ded5,SKL_a6a99e55c3c5,essential,ROME
OCC_9f8d6a13ded5,SKL_409fa5ed8dcd,essential,ROME
OCC_9f8d6a13ded5,SKL_780d3c560420,essential,ROME
OCC_9f8d6a13ded5,SKL_fac2d2886418,essential,ROME
OCC_9f8d6a13ded5,SKL_480cfab84d60,essential,ROME
OCC_9f8d6a13ded5,SKL_a0f67ffdaf51,essential,ROME
OCC_9f8d6a13ded5,SKL_8489cbbd6839,essential,ROME
OCC_9f8d6a13ded5,SKL_c70070a17abf,essential,ROME
OCC_9f8d6a13ded5,SKL_197cd57d1403,essential,ROME
OCC_9f8d6a13ded5,SKL_1658fde163c8,essential,ROME
OCC_9f8d6a13ded5,SKL_68acd60bf5a0,essential,ROME
OCC_9f8d6a13ded5,SKL_4ce8622dfdf0,essential,ROME
OCC_9f8d6a13ded5,SKL_75f9f8bcbe97,essential,ROME
OCC_9f8d6a13ded5,SKL_ba4cc7b350b0,essential,ROME
OCC_9f8d6a13ded5,SKL_5d3dab31f2f5,essential,ROME
OCC_9f8d6a13ded5,SKL_59ef7def4ddc,essential,ROME
OCC_9f8d6a13ded5,SKL_f66038d41171,essential,ROME
OCC_9f8d6a13ded5,SKL_12a828ad9117,essential,ROME
OCC_9f8d6a13ded5,SKL_8a8a181f9c52,essential,ROME
OCC_9f8d6a13ded5,SKL_7683a1d99f3c,essential,ROME
OCC_9f8d6a13ded5,SKL_5b83f8127097,essential,ROME
OCC_9f8d6a13ded5,SKL_f8ef2fc6568b,essential,ROME
OCC_9f8d6a13ded5,SKL_dd84701bb36f,essential,ROME
OCC_9f8d6a13ded5,SKL_5285dbd60dfb,essential,ROME
OCC_9f8d6a13ded5,SKL_12a39876cbe5,essential,ROME
OCC_9f8d6a13ded5,SKL_2d10ee0c00e5,essential,ROME
OCC_9f8d6a13ded5,SKL_c26ca2f4b2ff,essential,ROME
OCC_9f8d6a13ded5,SKL_f479ce1e503d,essential,ROME
OCC_9f8d6a13ded5,SKL_7c58c5cafa2b,essential,ROME
OCC_9f8d6a13ded5,SKL_c44fd75d5d30,essential,ROME
OCC_9f8d6a13ded5,SKL_ce3279d845e7,essential,ROME
OCC_9f8d6a13ded5,SKL_fe2310cca7d1,essential,ROME
OCC_9f8d6a13ded5,SKL_c1fb11c6a4b5,essential,ROME
OCC_9f8d6a13ded5,SKL_24e4ce2e13bd,essential,ROME
OCC_9f8d6a13ded5,SKL_69ff6eac3662,essential,ROME
OCC_9f8d6a13ded5,SKL_3a072eac3910,essential,ROME
OCC_4fedfaca20de,SKL_7bcfd9ad8f8c,essential,ROME
OCC_4fedfaca20de,SKL_c08349c6d4b5,essential,ROME
OCC_4fedfaca20de,SKL_249c8a2ca92c,essential,ROME
OCC_4fedfaca20de,SKL_89d4abaee144,essential,ROME
OCC_4fedfaca20de,SKL_9e9ae04cf0f7,essential,ROME
OCC_4fedfaca20de,SKL_761c31315cf3,essential,ROME
OCC_4fedfaca20de,SKL_78892952f102,essential,ROME
OCC_4fedfaca20de,SKL_1f5f96f36baa,essential,ROME
OCC_4fedfaca20de,SKL_e4f0b9447c27,essential,ROME
OCC_4fedfaca20de,SKL_f0deb814a4ee,essential,ROME
OCC_4fedfaca20de,SKL_bb5a3d924f38,essential,ROME
OCC_4fedfaca20de,SKL_1faa6147b74e,essential,ROME
OCC_4fedfaca20de,SKL_dcb0dfaee567,essential,ROME
OCC_4fedfaca20de,SKL_e7aff90b0220,essential,ROME
OCC_4fedfaca20de,SKL_5ef64aa62a4e,essential,ROME
OCC_4fedfaca20de,SKL_026c97fb033a,essential,ROME
OCC_4fedfaca20de,SKL_b68a0853ece1,essential,ROME
OCC_4fedfaca20de,SKL_580ba2e85232,essential,ROME
OCC_4fedfaca20de,SKL_28f1c6e2eb90,essential,ROME
OCC_4fedfaca20de,SKL_b13ec543c94e,essential,ROME
OCC_4fedfaca20de,SKL_39e35dda964b,essential,ROME
OCC_4fedfaca20de,SKL_999a1dc7bf76,essential,ROME
OCC_4fedfaca20de,SKL_0d5ae217b89e,essential,ROME
OCC_4fedfaca20de,SKL_be3c309105a5,essential,ROME
OCC_4fedfaca20de,SKL_851149191a1f,essential,ROME
OCC_4fedfaca20de,SKL_8489cbbd6839,essential,ROME
OCC_4fedfaca20de,SKL_14e599e49273,essential,ROME
OCC_4fedfaca20de,SKL_2d14e124a1b7,essential,ROME
OCC_4fedfaca20de,SKL_adade4b3e3d6,essential,ROME
OCC_4fedfaca20de,SKL_a88c2415dadd,essential,ROME
OCC_4fedfaca20de,SKL_1efe42fff58a,essential,ROME
OCC_4fedfaca20de,SKL_2827a2e90814,essential,ROME
OCC_4fedfaca20de,SKL_0d242cd13f2f,essential,ROME
OCC_4fedfaca20de,SKL_6152d3964932,essential,ROME
OCC_4fedfaca20de,SKL_a527931fe1ea,essential,ROME
OCC_4fedfaca20de,SKL_c8a4e44cfa72,essential,ROME
OCC_4fedfaca20de,SKL_91e5d7967e72,essential,ROME
OCC_4fedfaca20de,SKL_f5a73590f9b2,essential,ROME
OCC_4fedfaca20de,SKL_d2abf04e6107,essential,ROME
OCC_4fedfaca20de,SKL_d804024e2dff,essential,ROME
OCC_4fedfaca20de,SKL_233cfb908117,essential,ROME
OCC_4fedfaca20de,SKL_f479ce1e503d,essential,ROME
OCC_4fedfaca20de,SKL_7c58c5cafa2b,essential,ROME
OCC_4fedfaca20de,SKL_c44fd75d5d30,essential,ROME
OCC_4fedfaca20de,SKL_ce3279d845e7,essential,ROME
OCC_4fedfaca20de,SKL_fe2310cca7d1,essential,ROME
OCC_4fedfaca20de,SKL_44616716fd11,essential,ROME
OCC_4fedfaca20de,SKL_e42e3bdac36d,essential,ROME
OCC_4fedfaca20de,SKL_1607250f0f04,essential,ROME
OCC_5fafb471f4aa,SKL_8e05ab57238a,essential,ROME
OCC_5fafb471f4aa,SKL_c601e2d143b1,essential,ROME
OCC_5fafb471f4aa,SKL_ec61f586f66c,essential,ROME
OCC_5fafb471f4aa,SKL_b7f0fc1c0325,essential,ROME
OCC_5fafb471f4aa,SKL_a9d9d4d373fe,essential,ROME
OCC_5fafb471f4aa,SKL_a64d184f3ba7,essential,ROME
OCC_5fafb471f4aa,SKL_53042609a1f8,essential,ROME
OCC_5fafb471f4aa,SKL_fb5c2ee217d6,essential,ROME
OCC_5fafb471f4aa,SKL_d8fa3e25fcdb,essential,ROME
OCC_5fafb471f4aa,SKL_887c14547452,essential,ROME
OCC_5fafb471f4aa,SKL_fa0883537dae,essential,ROME
OCC_5fafb471f4aa,SKL_78892952f102,essential,ROME
OCC_5fafb471f4aa,SKL_26685168fe70,essential,ROME
OCC_5fafb471f4aa,SKL_d0a219729763,essential,ROME
OCC_5fafb471f4aa,SKL_1f5f96f36baa,essential,ROME
OCC_5fafb471f4aa,SKL_5e08637b46b6,essential,ROME
OCC_5fafb471f4aa,SKL_bb5a3d924f38,essential,ROME
OCC_5fafb471f4aa,SKL_e4abb00d383b,essential,ROME
OCC_5fafb471f4aa,SKL_d608366b8e39,essential,ROME
OCC_5fafb471f4aa,SKL_f71130ad61f1,essential,ROME
OCC_5fafb471f4aa,SKL_96e7f3bad498,essential,ROME
OCC_5fafb471f4aa,SKL_f653d47edba5,essential,ROME
OCC_5fafb471f4aa,SKL_dcb0dfaee567,essential,ROME
OCC_5fafb471f4aa,SKL_b72599497697,essential,ROME
OCC_5fafb471f4aa,SKL_716151213263,essential,ROME
OCC_5fafb471f4aa,SKL_d3ef66a272d3,essential,ROME
OCC_5fafb471f4aa,SKL_3774a8084cbb,essential,ROME
OCC_5fafb471f4aa,SKL_b09d44b22bea,essential,ROME
OCC_5fafb471f4aa,SKL_2cc713428fad,essential,ROME
OCC_5fafb471f4aa,SKL_c70070a17abf,essential,ROME
OCC_5fafb471f4aa,SKL_14e599e49273,essential,ROME
OCC_5fafb471f4aa,SKL_adade4b3e3d6,essential,ROME
OCC_5fafb471f4aa,SKL_197cd57d1403,essential,ROME
OCC_5fafb471f4aa,SKL_6543f3ba75f4,essential,ROME
OCC_5fafb471f4aa,SKL_62802234cf51,essential,ROME
OCC_5fafb471f4aa,SKL_f7068e699c10,essential,ROME
OCC_5fafb471f4aa,SKL_4ce8622dfdf0,essential,ROME
OCC_5fafb471f4aa,SKL_1efe42fff58a,essential,ROME
OCC_5fafb471f4aa,SKL_757a5bf2b9cb,essential,ROME
OCC_5fafb471f4aa,SKL_5fc219a19629,essential,ROME
OCC_5fafb471f4aa,SKL_a0fe378fd33f,essential,ROME
OCC_5fafb471f4aa,SKL_1687a5949d82,essential,ROME
OCC_5fafb471f4aa,SKL_d1830663b181,essential,ROME
OCC_5fafb471f4aa,SKL_5d3dab31f2f5,essential,ROME
OCC_5fafb471f4aa,SKL_59ef7def4ddc,essential,ROME
OCC_5fafb471f4aa,SKL_974cd19abf42,essential,ROME
OCC_5fafb471f4aa,SKL_b96e021955fd,essential,ROME
OCC_5fafb471f4aa,SKL_1a8fbc8e22ec,essential,ROME
OCC_5fafb471f4aa,SKL_5be39f76c1a1,essential,ROME
OCC_5fafb471f4aa,SKL_c8a4e44cfa72,essential,ROME
OCC_5fafb471f4aa,SKL_7a956496d417,essential,ROME
OCC_5fafb471f4aa,SKL_99be5f152709,essential,ROME
OCC_5fafb471f4aa,SKL_362ea73d7cc4,essential,ROME
OCC_5fafb471f4aa,SKL_a70880d429d6,essential,ROME
OCC_5fafb471f4aa,SKL_e6a3b314d38b,essential,ROME
OCC_5fafb471f4aa,SKL_afb9c8fbd62e,essential,ROME
OCC_5fafb471f4aa,SKL_91f68ff240f5,essential,ROME
OCC_5fafb471f4aa,SKL_c26ca2f4b2ff,essential,ROME
OCC_5fafb471f4aa,SKL_44616716fd11,essential,ROME
OCC_5fafb471f4aa,SKL_c1fb11c6a4b5,essential,ROME
OCC_5fafb471f4aa,SKL_8ac245c608a5,essential,ROME
OCC_09b65ca00490,SKL_b894f8a8204d,essential,ROME
OCC_09b65ca00490,SKL_c601e2d143b1,essential,ROME
OCC_09b65ca00490,SKL_e84c26020815,essential,ROME
OCC_09b65ca00490,SKL_e62ff87ec434,essential,ROME
OCC_09b65ca00490,SKL_37629b5544de,essential,ROME
OCC_09b65ca00490,SKL_b7f0fc1c0325,essential,ROME
OCC_09b65ca00490,SKL_fa24ddbbb18f,essential,ROME
OCC_09b65ca00490,SKL_761c31315cf3,essential,ROME
OCC_09b65ca00490,SKL_d3e977433a8a,essential,ROME
OCC_09b65ca00490,SKL_a9d9d4d373fe,essential,ROME
OCC_09b65ca00490,SKL_53042609a1f8,essential,ROME
OCC_09b65ca00490,SKL_0051f945c83d,essential,ROME
OCC_09b65ca00490,SKL_fa0883537dae,essential,ROME
OCC_09b65ca00490,SKL_78892952f102,essential,ROME
OCC_09b65ca00490,SKL_26685168fe70,essential,ROME
OCC_09b65ca00490,SKL_d0a219729763,essential,ROME
OCC_09b65ca00490,SKL_1f5f96f36baa,essential,ROME
OCC_09b65ca00490,SKL_e4f0b9447c27,essential,ROME
OCC_09b65ca00490,SKL_4e63511e8a21,essential,ROME
OCC_09b65ca00490,SKL_8620389e9432,essential,ROME
OCC_09b65ca00490,SKL_5e08637b46b6,essential,ROME
OCC_09b65ca00490,SKL_bb5a3d924f38,essential,ROME
OCC_09b65ca00490,SKL_9df64df194a4,essential,ROME
OCC_09b65ca00490,SKL_d608366b8e39,essential,ROME
OCC_09b65ca00490,SKL_f71130ad61f1,essential,ROME
OCC_09b65ca00490,SKL_96e7f3bad498,essential,ROME
OCC_09b65ca00490,SKL_f653d47edba5,essential,ROME
OCC_09b65ca00490,SKL_adb4c9249dfb,essential,ROME
OCC_09b65ca00490,SKL_dcb0dfaee567,essential,ROME
OCC_09b65ca00490,SKL_b72599497697,essential,ROME
OCC_09b65ca00490,SKL_3ff481839903,essential,ROME
OCC_09b65ca00490,SKL_84ec68838042,essential,ROME
OCC_09b65ca00490,SKL_7f5d7c2ae7c9,essential,ROME
OCC_09b65ca00490,SKL_4a045bc7c93f,essential,ROME
OCC_09b65ca00490,SKL_312d74d8f63e,essential,ROME
OCC_09b65ca00490,SKL_c4257d5a2ddb,essential,ROME
OCC_09b65ca00490,SKL_c70070a17abf,essential,ROME
OCC_09b65ca00490,SKL_14e599e49273,essential,ROME
OCC_09b65ca00490,SKL_2d14e124a1b7,essential,ROME
OCC_09b65ca00490,SKL_adade4b3e3d6,essential,ROME
OCC_09b65ca00490,SKL_78f888455887,essential,ROME
OCC_09b65ca00490,SKL_1d3c49419692,essential,ROME
OCC_09b65ca00490,SKL_6543f3ba75f4,essential,ROME
OCC_09b65ca00490,SKL_62802234cf51,essential,ROME
OCC_09b65ca00490,SKL_c006b7eba887,essential,ROME
OCC_09b65ca00490,SKL_f7068e699c10,essential,ROME
OCC_09b65ca00490,SKL_5fc219a19629,essential,ROME
OCC_09b65ca00490,SKL_e107f0887218,essential,ROME
OCC_09b65ca00490,SKL_a0fe378fd33f,essential,ROME
OCC_09b65ca00490,SKL_3caadf804527,essential,ROME
OCC_09b65ca00490,SKL_a6b7c229c21f,essential,ROME
OCC_09b65ca00490,SKL_1687a5949d82,essential,ROME
OCC_09b65ca00490,SKL_0d242cd13f2f,essential,ROME
OCC_09b65ca00490,SKL_d1830663b181,essential,ROME
OCC_09b65ca00490,SKL_59ef7def4ddc,essential,ROME
OCC_09b65ca00490,SKL_974cd19abf42,essential,ROME
OCC_09b65ca00490,SKL_fcabb1b8098e,essential,ROME
OCC_09b65ca00490,SKL_b96e021955fd,essential,ROME
OCC_09b65ca00490,SKL_b977bddf3f32,essential,ROME
OCC_09b65ca00490,SKL_21d8879533a9,essential,ROME
OCC_09b65ca00490,SKL_b907d5a57062,essential,ROME
OCC_09b65ca00490,SKL_7f48f8a72704,essential,ROME
OCC_09b65ca00490,SKL_f04379a5e1c0,essential,ROME
OCC_09b65ca00490,SKL_d0e52ed4435e,essential,ROME
OCC_09b65ca00490,SKL_06c4c68b972b,essential,ROME
OCC_09b65ca00490,SKL_91f68ff240f5,essential,ROME
OCC_09b65ca00490,SKL_c26ca2f4b2ff,essential,ROME
OCC_09b65ca00490,SKL_65dd4161da47,essential,ROME
OCC_09b65ca00490,SKL_a68e831b6e5d,essential,ROME
OCC_09b65ca00490,SKL_44616716fd11,essential,ROME
OCC_09b65ca00490,SKL_70c4e0652594,essential,ROME
OCC_734c5ae6a3df,SKL_959d9309ed95,essential,ROME
OCC_734c5ae6a3df,SKL_3a8a4274846e,essential,ROME
OCC_734c5ae6a3df,SKL_fa24ddbbb18f,essential,ROME
OCC_734c5ae6a3df,SKL_b02389a26725,essential,ROME
OCC_734c5ae6a3df,SKL_5a8c6d60f021,essential,ROME
OCC_734c5ae6a3df,SKL_fa0883537dae,essential,ROME
OCC_734c5ae6a3df,SKL_7bb0507c58f4,essential,ROME
OCC_734c5ae6a3df,SKL_14b662aa3846,essential,ROME
OCC_734c5ae6a3df,SKL_834e8e75d3b6,essential,ROME
OCC_734c5ae6a3df,SKL_bc4873cffebf,essential,ROME
OCC_734c5ae6a3df,SKL_a6147fe9528e,essential,ROME
OCC_734c5ae6a3df,SKL_80696fb79b6b,essential,ROME
OCC_734c5ae6a3df,SKL_5e08637b46b6,essential,ROME
OCC_734c5ae6a3df,SKL_e98a2bb27267,essential,ROME
OCC_734c5ae6a3df,SKL_8d0e2ae0b6e3,essential,ROME
OCC_734c5ae6a3df,SKL_963341d187f8,essential,ROME
OCC_734c5ae6a3df,SKL_8489cbbd6839,essential,ROME
OCC_734c5ae6a3df,SKL_c70070a17abf,essential,ROME
OCC_734c5ae6a3df,SKL_aa1a6fc0800a,essential,ROME
OCC_734c5ae6a3df,SKL_2c1ac8237aaa,essential,ROME
OCC_734c5ae6a3df,SKL_2c3a58aff822,essential,ROME
OCC_734c5ae6a3df,SKL_d270d1c7fdfc,essential,ROME
OCC_734c5ae6a3df,SKL_cf541c5c4bbd,essential,ROME
OCC_734c5ae6a3df,SKL_6543f3ba75f4,essential,ROME
OCC_734c5ae6a3df,SKL_757f2b95a521,essential,ROME
OCC_734c5ae6a3df,SKL_62802234cf51,essential,ROME
OCC_734c5ae6a3df,SKL_97bba8171626,essential,ROME
OCC_734c5ae6a3df,SKL_1687a5949d82,essential,ROME
OCC_734c5ae6a3df,SKL_fa5535399df2,essential,ROME
OCC_734c5ae6a3df,SKL_128e865acb15,essential,ROME
OCC_734c5ae6a3df,SKL_3450205b6747,essential,ROME
OCC_734c5ae6a3df,SKL_90f6209a5818,essential,ROME
OCC_734c5ae6a3df,SKL_66cf538dd1dc,essential,ROME
OCC_734c5ae6a3df,SKL_6fb041b77932,essential,ROME
OCC_734c5ae6a3df,SKL_76e9a2f247bd,essential,ROME
OCC_734c5ae6a3df,SKL_f5ac080cfb3e,essential,ROME
OCC_734c5ae6a3df,SKL_44d9f5af1d4c,essential,ROME
OCC_c506a18083b7,SKL_59443e2d492b,essential,ROME
OCC_c506a18083b7,SKL_f80275074728,essential,ROME
OCC_c506a18083b7,SKL_b894f8a8204d,essential,ROME
OCC_c506a18083b7,SKL_55729896bbb5,essential,ROME
OCC_c506a18083b7,SKL_72177191b482,essential,ROME
OCC_c506a18083b7,SKL_0f686555b9a2,essential,ROME
OCC_c506a18083b7,SKL_37629b5544de,essential,ROME
OCC_c506a18083b7,SKL_a9d9d4d373fe,essential,ROME
OCC_c506a18083b7,SKL_a64d184f3ba7,essential,ROME
OCC_c506a18083b7,SKL_c124909bc76c,essential,ROME
OCC_c506a18083b7,SKL_8498314ec7b0,essential,ROME
OCC_c506a18083b7,SKL_5e08637b46b6,essential,ROME
OCC_c506a18083b7,SKL_d608366b8e39,essential,ROME
OCC_c506a18083b7,SKL_f71130ad61f1,essential,ROME
OCC_c506a18083b7,SKL_aba1cf3914da,essential,ROME
OCC_c506a18083b7,SKL_dc2bc03d0622,essential,ROME
OCC_c506a18083b7,SKL_716151213263,essential,ROME
OCC_c506a18083b7,SKL_f73ccadd80bf,essential,ROME
OCC_c506a18083b7,SKL_8965ed2badce,essential,ROME
OCC_c506a18083b7,SKL_3774a8084cbb,essential,ROME
OCC_c506a18083b7,SKL_39f0a959ded1,essential,ROME
OCC_c506a18083b7,SKL_07100f4133c0,essential,ROME
OCC_c506a18083b7,SKL_71bba1911cee,essential,ROME
OCC_c506a18083b7,SKL_88e793cc636e,essential,ROME
OCC_c506a18083b7,SKL_c5f8a8495994,essential,ROME
OCC_c506a18083b7,SKL_cf7a4323e160,essential,ROME
OCC_c506a18083b7,SKL_f66f819f6380,essential,ROME
OCC_c506a18083b7,SKL_245350b8c5c7,essential,ROME
OCC_c506a18083b7,SKL_8489cbbd6839,essential,ROME
OCC_c506a18083b7,SKL_14e599e49273,essential,ROME
OCC_c506a18083b7,SKL_adade4b3e3d6,essential,ROME
OCC_c506a18083b7,SKL_197cd57d1403,essential,ROME
OCC_c506a18083b7,SKL_78f888455887,essential,ROME
OCC_c506a18083b7,SKL_1d3c49419692,essential,ROME
OCC_c506a18083b7,SKL_62802234cf51,essential,ROME
OCC_c506a18083b7,SKL_4ce8622dfdf0,essential,ROME
OCC_c506a18083b7,SKL_92a131a5ebd7,essential,ROME
OCC_c506a18083b7,SKL_d1830663b181,essential,ROME
OCC_c506a18083b7,SKL_1f4045309a48,essential,ROME
OCC_c506a18083b7,SKL_ba4cc7b350b0,essential,ROME
OCC_c506a18083b7,SKL_59ef7def4ddc,essential,ROME
OCC_c506a18083b7,SKL_12a828ad9117,essential,ROME
OCC_c506a18083b7,SKL_c4bd6975ec1a,essential,ROME
OCC_c506a18083b7,SKL_fcabb1b8098e,essential,ROME
OCC_c506a18083b7,SKL_5be39f76c1a1,essential,ROME
OCC_c506a18083b7,SKL_b907d5a57062,essential,ROME
OCC_c506a18083b7,SKL_2ed1cf37273e,essential,ROME
OCC_c506a18083b7,SKL_997547ad763d,essential,ROME
OCC_c506a18083b7,SKL_06c4c68b972b,essential,ROME
OCC_c506a18083b7,SKL_4405c3426ef4,essential,ROME
OCC_c506a18083b7,SKL_67aee5d26583,essential,ROME
OCC_c506a18083b7,SKL_57ae6d778907,essential,ROME
OCC_c506a18083b7,SKL_91f68ff240f5,essential,ROME
OCC_c506a18083b7,SKL_c26ca2f4b2ff,essential,ROME
OCC_c506a18083b7,SKL_f479ce1e503d,essential,ROME
OCC_c506a18083b7,SKL_7c58c5cafa2b,essential,ROME
OCC_c506a18083b7,SKL_c44fd75d5d30,essential,ROME
OCC_c506a18083b7,SKL_ce3279d845e7,essential,ROME
OCC_c506a18083b7,SKL_fe2310cca7d1,essential,ROME
OCC_c506a18083b7,SKL_44616716fd11,essential,ROME
OCC_c506a18083b7,SKL_86f1d960e253,essential,ROME
OCC_c506a18083b7,SKL_c1fb11c6a4b5,essential,ROME
OCC_c506a18083b7,SKL_8ac245c608a5,essential,ROME
OCC_c506a18083b7,SKL_7b3e23508e2f,essential,ROME
OCC_4def1bedc140,SKL_a0cc7e17d869,essential,ROME
OCC_4def1bedc140,SKL_6dedbe6b3a65,essential,ROME
OCC_4def1bedc140,SKL_92c1ca01d72a,essential,ROME
OCC_4def1bedc140,SKL_764cce2189ab,essential,ROME
OCC_4def1bedc140,SKL_37cc81342e7f,essential,ROME
OCC_4def1bedc140,SKL_a64d184f3ba7,essential,ROME
OCC_4def1bedc140,SKL_7d0e02aa065c,essential,ROME
OCC_4def1bedc140,SKL_0051f945c83d,essential,ROME
OCC_4def1bedc140,SKL_c124909bc76c,essential,ROME
OCC_4def1bedc140,SKL_49e54b32492a,essential,ROME
OCC_4def1bedc140,SKL_1f5f96f36baa,essential,ROME
OCC_4def1bedc140,SKL_cae91eec2469,essential,ROME
OCC_4def1bedc140,SKL_14b662aa3846,essential,ROME
OCC_4def1bedc140,SKL_20af2a60c7e5,essential,ROME
OCC_4def1bedc140,SKL_f0deb814a4ee,essential,ROME
OCC_4def1bedc140,SKL_834e8e75d3b6,essential,ROME
OCC_4def1bedc140,SKL_8620389e9432,essential,ROME
OCC_4def1bedc140,SKL_9df64df194a4,essential,ROME
OCC_4def1bedc140,SKL_2ed964273894,essential,ROME
OCC_4def1bedc140,SKL_939c8b26da61,essential,ROME
OCC_4def1bedc140,SKL_15add22b3bfb,essential,ROME
OCC_4def1bedc140,SKL_38c4bd87aa93,essential,ROME
OCC_4def1bedc140,SKL_2776e0194014,essential,ROME
OCC_4def1bedc140,SKL_e334c6d1f9da,essential,ROME
OCC_4def1bedc140,SKL_23b3857d2087,essential,ROME
OCC_4def1bedc140,SKL_dfbf1bd1b942,essential,ROME
OCC_4def1bedc140,SKL_e5448aeeb3d5,essential,ROME
OCC_4def1bedc140,SKL_3e4c5d28db66,essential,ROME
OCC_4def1bedc140,SKL_aa6974aef860,essential,ROME
OCC_4def1bedc140,SKL_8489cbbd6839,essential,ROME
OCC_4def1bedc140,SKL_f1dfae690c45,essential,ROME
OCC_4def1bedc140,SKL_adade4b3e3d6,essential,ROME
OCC_4def1bedc140,SKL_d1418a8b6ed2,essential,ROME
OCC_4def1bedc140,SKL_155d39365593,essential,ROME
OCC_4def1bedc140,SKL_299964d3e87d,essential,ROME
OCC_4def1bedc140,SKL_f7068e699c10,essential,ROME
OCC_4def1bedc140,SKL_7f1796d8ab05,essential,ROME
OCC_4def1bedc140,SKL_d7039dec49fc,essential,ROME
OCC_4def1bedc140,SKL_1efe42fff58a,essential,ROME
OCC_4def1bedc140,SKL_757a5bf2b9cb,essential,ROME
OCC_4def1bedc140,SKL_e107f0887218,essential,ROME
OCC_4def1bedc140,SKL_e3a888001dd7,essential,ROME
OCC_4def1bedc140,SKL_82723cf3091f,essential,ROME
OCC_4def1bedc140,SKL_f66038d41171,essential,ROME
OCC_4def1bedc140,SKL_920b060feb8e,essential,ROME
OCC_4def1bedc140,SKL_430774c44ed5,essential,ROME
OCC_4def1bedc140,SKL_9a5d216249b5,essential,ROME
OCC_4def1bedc140,SKL_621ae4da4d3c,essential,ROME
OCC_4def1bedc140,SKL_2a3eea5b4789,essential,ROME
OCC_4def1bedc140,SKL_27e5802d2e89,essential,ROME
OCC_4def1bedc140,SKL_57ae6d778907,essential,ROME
OCC_4def1bedc140,SKL_3d1eec205faa,essential,ROME
OCC_4def1bedc140,SKL_7bce9e34b95f,essential,ROME
OCC_4def1bedc140,SKL_f57b94002246,essential,ROME
OCC_4def1bedc140,SKL_7eb062775f24,essential,ROME
OCC_4def1bedc140,SKL_b7255e45b639,essential,ROME
OCC_4def1bedc140,SKL_77d8235918c8,essential,ROME
OCC_4def1bedc140,SKL_771aa834a258,essential,ROME
OCC_4def1bedc140,SKL_b2ae56c4c0ba,essential,ROME
OCC_c86e2d385aa5,SKL_304190489074,essential,ROME
OCC_c86e2d385aa5,SKL_3ea0df39edcd,essential,ROME
OCC_c86e2d385aa5,SKL_9156c11697eb,essential,ROME
OCC_c86e2d385aa5,SKL_86f3df526eb1,essential,ROME
OCC_c86e2d385aa5,SKL_5f02f6c14c5a,essential,ROME
OCC_c86e2d385aa5,SKL_a6147fe9528e,essential,ROME
OCC_c86e2d385aa5,SKL_84009bd63a88,essential,ROME
OCC_c86e2d385aa5,SKL_d257fbf1a1d9,essential,ROME
OCC_c86e2d385aa5,SKL_bfbd81225cf0,essential,ROME
OCC_c86e2d385aa5,SKL_847279ce09c9,essential,ROME
OCC_c86e2d385aa5,SKL_7c40aef5fad5,essential,ROME
OCC_c86e2d385aa5,SKL_323c13bd307e,essential,ROME
OCC_c86e2d385aa5,SKL_026c97fb033a,essential,ROME
OCC_c86e2d385aa5,SKL_3bdb77b16c28,essential,ROME
OCC_c86e2d385aa5,SKL_0b8697ef5470,essential,ROME
OCC_c86e2d385aa5,SKL_dd70b99472ef,essential,ROME
OCC_c86e2d385aa5,SKL_cc5438ca3b1b,essential,ROME
OCC_c86e2d385aa5,SKL_376a57cb5a9b,essential,ROME
OCC_c86e2d385aa5,SKL_cafbe15c6348,essential,ROME
OCC_c86e2d385aa5,SKL_822b843cd870,essential,ROME
OCC_c86e2d385aa5,SKL_c0a5bddffac6,essential,ROME
OCC_c86e2d385aa5,SKL_64cf9f8bf38f,essential,ROME
OCC_c86e2d385aa5,SKL_4e2b55526088,essential,ROME
OCC_c86e2d385aa5,SKL_987a0f14bf62,essential,ROME
OCC_c86e2d385aa5,SKL_ccea1e515de9,essential,ROME
OCC_c86e2d385aa5,SKL_1fe2c0146a64,essential,ROME
OCC_c86e2d385aa5,SKL_7a220ac73bd7,essential,ROME
OCC_c86e2d385aa5,SKL_41aa3970ded4,essential,ROME
OCC_c86e2d385aa5,SKL_a7de506bc772,essential,ROME
OCC_c86e2d385aa5,SKL_f8333c732db8,essential,ROME
OCC_c86e2d385aa5,SKL_95cfdefc3cd4,essential,ROME
OCC_c86e2d385aa5,SKL_90ebc8f7272b,essential,ROME
OCC_c86e2d385aa5,SKL_c70070a17abf,essential,ROME
OCC_c86e2d385aa5,SKL_14e599e49273,essential,ROME
OCC_c86e2d385aa5,SKL_5e0824c72bb2,essential,ROME
OCC_c86e2d385aa5,SKL_d380c0a3ff21,essential,ROME
OCC_c86e2d385aa5,SKL_3c55f414df96,essential,ROME
OCC_c86e2d385aa5,SKL_ff0b1cdc4fea,essential,ROME
OCC_c86e2d385aa5,SKL_39a3fb05270d,essential,ROME
OCC_c86e2d385aa5,SKL_b91c6acaad45,essential,ROME
OCC_c86e2d385aa5,SKL_d0ea9dd07926,essential,ROME
OCC_c86e2d385aa5,SKL_627e35579511,essential,ROME
OCC_c86e2d385aa5,SKL_e4ff62a15b42,essential,ROME
OCC_c86e2d385aa5,SKL_91571fc29668,essential,ROME
OCC_c86e2d385aa5,SKL_94c80b17f7cd,essential,ROME
OCC_c86e2d385aa5,SKL_3959be9f4a59,essential,ROME
OCC_c86e2d385aa5,SKL_a7a50a19066a,essential,ROME
OCC_c86e2d385aa5,SKL_2718a66d077a,essential,ROME
OCC_c86e2d385aa5,SKL_023f8597506c,essential,ROME
OCC_c86e2d385aa5,SKL_b455203748a2,essential,ROME
OCC_c86e2d385aa5,SKL_5f10c85ca498,essential,ROME
OCC_c86e2d385aa5,SKL_f8b97d1a40e8,essential,ROME
OCC_c86e2d385aa5,SKL_91f68ff240f5,essential,ROME
OCC_c86e2d385aa5,SKL_c26ca2f4b2ff,essential,ROME
OCC_c86e2d385aa5,SKL_10ea159d4728,essential,ROME
OCC_c86e2d385aa5,SKL_260088c5a4e9,essential,ROME
OCC_202da271cabe,SKL_2a8e4ba31c46,essential,ROME
OCC_202da271cabe,SKL_753a30affd0b,essential,ROME
OCC_202da271cabe,SKL_b7f0fc1c0325,essential,ROME
OCC_202da271cabe,SKL_a9d9d4d373fe,essential,ROME
OCC_202da271cabe,SKL_b185344fa059,essential,ROME
OCC_202da271cabe,SKL_fb5c2ee217d6,essential,ROME
OCC_202da271cabe,SKL_0051f945c83d,essential,ROME
OCC_202da271cabe,SKL_5e08637b46b6,essential,ROME
OCC_202da271cabe,SKL_bb5a3d924f38,essential,ROME
OCC_202da271cabe,SKL_f653d47edba5,essential,ROME
OCC_202da271cabe,SKL_adb4c9249dfb,essential,ROME
OCC_202da271cabe,SKL_b72599497697,essential,ROME
OCC_202da271cabe,SKL_e2e8a8dbc6ca,essential,ROME
OCC_202da271cabe,SKL_f88175b323fb,essential,ROME
OCC_202da271cabe,SKL_d598764c80c3,essential,ROME
OCC_202da271cabe,SKL_35d6e6bf582e,essential,ROME
OCC_202da271cabe,SKL_d6c9d1975e49,essential,ROME
OCC_202da271cabe,SKL_d50596244f0f,essential,ROME
OCC_202da271cabe,SKL_45f7f96fc936,essential,ROME
OCC_202da271cabe,SKL_b208f3f3ee92,essential,ROME
OCC_202da271cabe,SKL_b20fc570af10,essential,ROME
OCC_202da271cabe,SKL_c1cc91d24b17,essential,ROME
OCC_202da271cabe,SKL_5d6cac5d84e0,essential,ROME
OCC_202da271cabe,SKL_65069e49e28b,essential,ROME
OCC_202da271cabe,SKL_7e08d4663b38,essential,ROME
OCC_202da271cabe,SKL_85e638fe98d6,essential,ROME
OCC_202da271cabe,SKL_c70070a17abf,essential,ROME
OCC_202da271cabe,SKL_14e599e49273,essential,ROME
OCC_202da271cabe,SKL_2d14e124a1b7,essential,ROME
OCC_202da271cabe,SKL_adade4b3e3d6,essential,ROME
OCC_202da271cabe,SKL_1d3c49419692,essential,ROME
OCC_202da271cabe,SKL_6543f3ba75f4,essential,ROME
OCC_202da271cabe,SKL_62802234cf51,essential,ROME
OCC_202da271cabe,SKL_f7068e699c10,essential,ROME
OCC_202da271cabe,SKL_4ce8622dfdf0,essential,ROME
OCC_202da271cabe,SKL_757a5bf2b9cb,essential,ROME
OCC_202da271cabe,SKL_e107f0887218,essential,ROME
OCC_202da271cabe,SKL_92a131a5ebd7,essential,ROME
OCC_202da271cabe,SKL_1687a5949d82,essential,ROME
OCC_202da271cabe,SKL_59ef7def4ddc,essential,ROME
OCC_202da271cabe,SKL_974cd19abf42,essential,ROME
OCC_202da271cabe,SKL_b96e021955fd,essential,ROME
OCC_202da271cabe,SKL_7b4001a98050,essential,ROME
OCC_202da271cabe,SKL_09f2f928b0f8,essential,ROME
OCC_202da271cabe,SKL_3ea509d79b87,essential,ROME
OCC_202da271cabe,SKL_b977bddf3f32,essential,ROME
OCC_202da271cabe,SKL_abdb5997f146,essential,ROME
OCC_202da271cabe,SKL_5be39f76c1a1,essential,ROME
OCC_202da271cabe,SKL_c22af4b15a95,essential,ROME
OCC_202da271cabe,SKL_cb94438054ad,essential,ROME
OCC_202da271cabe,SKL_06c4c68b972b,essential,ROME
OCC_202da271cabe,SKL_159411525de6,essential,ROME
OCC_202da271cabe,SKL_44616716fd11,essential,ROME
OCC_202da271cabe,SKL_d7f254a8f873,essential,ROME
OCC_fc361ed0ca3c,SKL_c601e2d143b1,essential,ROME
OCC_fc361ed0ca3c,SKL_b9103602fe4a,essential,ROME
OCC_fc361ed0ca3c,SKL_b6bf9819daed,essential,ROME
OCC_fc361ed0ca3c,SKL_37629b5544de,essential,ROME
OCC_fc361ed0ca3c,SKL_bf16e4a4c6bc,essential,ROME
OCC_fc361ed0ca3c,SKL_fa24ddbbb18f,essential,ROME
OCC_fc361ed0ca3c,SKL_a9d9d4d373fe,essential,ROME
OCC_fc361ed0ca3c,SKL_a64d184f3ba7,essential,ROME
OCC_fc361ed0ca3c,SKL_53042609a1f8,essential,ROME
OCC_fc361ed0ca3c,SKL_c124909bc76c,essential,ROME
OCC_fc361ed0ca3c,SKL_fa0883537dae,essential,ROME
OCC_fc361ed0ca3c,SKL_f9cfc9661bcc,essential,ROME
OCC_fc361ed0ca3c,SKL_1f5f96f36baa,essential,ROME
OCC_fc361ed0ca3c,SKL_e4f0b9447c27,essential,ROME
OCC_fc361ed0ca3c,SKL_14b662aa3846,essential,ROME
OCC_fc361ed0ca3c,SKL_4e63511e8a21,essential,ROME
OCC_fc361ed0ca3c,SKL_f0deb814a4ee,essential,ROME
OCC_fc361ed0ca3c,SKL_bb5a3d924f38,essential,ROME
OCC_fc361ed0ca3c,SKL_e4abb00d383b,essential,ROME
OCC_fc361ed0ca3c,SKL_d608366b8e39,essential,ROME
OCC_fc361ed0ca3c,SKL_f71130ad61f1,essential,ROME
OCC_fc361ed0ca3c,SKL_f653d47edba5,essential,ROME
OCC_fc361ed0ca3c,SKL_adb4c9249dfb,essential,ROME
OCC_fc361ed0ca3c,SKL_b72599497697,essential,ROME
OCC_fc361ed0ca3c,SKL_697503bc0649,essential,ROME
OCC_fc361ed0ca3c,SKL_026c97fb033a,essential,ROME
OCC_fc361ed0ca3c,SKL_84ec68838042,essential,ROME
OCC_fc361ed0ca3c,SKL_bd4138930922,essential,ROME
OCC_fc361ed0ca3c,SKL_b20fc570af10,essential,ROME
OCC_fc361ed0ca3c,SKL_c70070a17abf,essential,ROME
OCC_fc361ed0ca3c,SKL_2d14e124a1b7,essential,ROME
OCC_fc361ed0ca3c,SKL_aa1a6fc0800a,essential,ROME
OCC_fc361ed0ca3c,SKL_adade4b3e3d6,essential,ROME
OCC_fc361ed0ca3c,SKL_6543f3ba75f4,essential,ROME
OCC_fc361ed0ca3c,SKL_62802234cf51,essential,ROME
OCC_fc361ed0ca3c,SKL_f7068e699c10,essential,ROME
OCC_fc361ed0ca3c,SKL_4ce8622dfdf0,essential,ROME
OCC_fc361ed0ca3c,SKL_757a5bf2b9cb,essential,ROME
OCC_fc361ed0ca3c,SKL_5fc219a19629,essential,ROME
OCC_fc361ed0ca3c,SKL_92a131a5ebd7,essential,ROME
OCC_fc361ed0ca3c,SKL_a0fe378fd33f,essential,ROME
OCC_fc361ed0ca3c,SKL_1687a5949d82,essential,ROME
OCC_fc361ed0ca3c,SKL_d1830663b181,essential,ROME
OCC_fc361ed0ca3c,SKL_ba4cc7b350b0,essential,ROME
OCC_fc361ed0ca3c,SKL_59ef7def4ddc,essential,ROME
OCC_fc361ed0ca3c,SKL_974cd19abf42,essential,ROME
OCC_fc361ed0ca3c,SKL_5091435f5672,essential,ROME
OCC_fc361ed0ca3c,SKL_e442aae87d2c,essential,ROME
OCC_fc361ed0ca3c,SKL_b96e021955fd,essential,ROME
OCC_fc361ed0ca3c,SKL_7b4001a98050,essential,ROME
OCC_fc361ed0ca3c,SKL_66cf538dd1dc,essential,ROME
OCC_fc361ed0ca3c,SKL_5be39f76c1a1,essential,ROME
OCC_fc361ed0ca3c,SKL_c22af4b15a95,essential,ROME
OCC_fc361ed0ca3c,SKL_9e952d552211,essential,ROME
OCC_fc361ed0ca3c,SKL_0192fcf7d4c6,essential,ROME
OCC_fc361ed0ca3c,SKL_06c4c68b972b,essential,ROME
OCC_fc361ed0ca3c,SKL_e20c70cbab82,essential,ROME
OCC_fc361ed0ca3c,SKL_9a94e1dc58fc,essential,ROME
OCC_fc361ed0ca3c,SKL_44616716fd11,essential,ROME
OCC_8545ea52f78d,SKL_a0cc7e17d869,essential,ROME
OCC_8545ea52f78d,SKL_6dedbe6b3a65,essential,ROME
OCC_8545ea52f78d,SKL_e64feec358ab,essential,ROME
OCC_8545ea52f78d,SKL_e84c26020815,essential,ROME
OCC_8545ea52f78d,SKL_764cce2189ab,essential,ROME
OCC_8545ea52f78d,SKL_a9d9d4d373fe,essential,ROME
OCC_8545ea52f78d,SKL_709aa19dcfeb,essential,ROME
OCC_8545ea52f78d,SKL_37cc81342e7f,essential,ROME
OCC_8545ea52f78d,SKL_321a1413d585,essential,ROME
OCC_8545ea52f78d,SKL_a64d184f3ba7,essential,ROME
OCC_8545ea52f78d,SKL_7d0e02aa065c,essential,ROME
OCC_8545ea52f78d,SKL_e2c2f6b41356,essential,ROME
OCC_8545ea52f78d,SKL_78892952f102,essential,ROME
OCC_8545ea52f78d,SKL_26685168fe70,essential,ROME
OCC_8545ea52f78d,SKL_807dcdac4830,essential,ROME
OCC_8545ea52f78d,SKL_1f5f96f36baa,essential,ROME
OCC_8545ea52f78d,SKL_43ecea6ae4a7,essential,ROME
OCC_8545ea52f78d,SKL_9df64df194a4,essential,ROME
OCC_8545ea52f78d,SKL_f71130ad61f1,essential,ROME
OCC_8545ea52f78d,SKL_a4798fa9d602,essential,ROME
OCC_8545ea52f78d,SKL_dcb0dfaee567,essential,ROME
OCC_8545ea52f78d,SKL_aba1cf3914da,essential,ROME
OCC_8545ea52f78d,SKL_3a00f7585b57,essential,ROME
OCC_8545ea52f78d,SKL_a2ac7e9dde84,essential,ROME
OCC_8545ea52f78d,SKL_ee555525ec84,essential,ROME
OCC_8545ea52f78d,SKL_b982bdc383e1,essential,ROME
OCC_8545ea52f78d,SKL_44b81337ce95,essential,ROME
OCC_8545ea52f78d,SKL_6688590750a6,essential,ROME
OCC_8545ea52f78d,SKL_f06801f91492,essential,ROME
OCC_8545ea52f78d,SKL_c2d120d9c966,essential,ROME
OCC_8545ea52f78d,SKL_ba70f4573cac,essential,ROME
OCC_8545ea52f78d,SKL_e5951109da58,essential,ROME
OCC_8545ea52f78d,SKL_2bda6d3992d4,essential,ROME
OCC_8545ea52f78d,SKL_086aef092d5f,essential,ROME
OCC_8545ea52f78d,SKL_4f0dbc66ae10,essential,ROME
OCC_8545ea52f78d,SKL_dc57947c87ee,essential,ROME
OCC_8545ea52f78d,SKL_08cf0f912d5c,essential,ROME
OCC_8545ea52f78d,SKL_46a77b7e0124,essential,ROME
OCC_8545ea52f78d,SKL_c4b9054be135,essential,ROME
OCC_8545ea52f78d,SKL_ab2bba24bef4,essential,ROME
OCC_8545ea52f78d,SKL_445040a58ee7,essential,ROME
OCC_8545ea52f78d,SKL_30b9ef76d25d,essential,ROME
OCC_8545ea52f78d,SKL_8489cbbd6839,essential,ROME
OCC_8545ea52f78d,SKL_14e599e49273,essential,ROME
OCC_8545ea52f78d,SKL_2d14e124a1b7,essential,ROME
OCC_8545ea52f78d,SKL_62802234cf51,essential,ROME
OCC_8545ea52f78d,SKL_1efe42fff58a,essential,ROME
OCC_8545ea52f78d,SKL_757a5bf2b9cb,essential,ROME
OCC_8545ea52f78d,SKL_e107f0887218,essential,ROME
OCC_8545ea52f78d,SKL_5d3dab31f2f5,essential,ROME
OCC_8545ea52f78d,SKL_8270c752a0eb,essential,ROME
OCC_8545ea52f78d,SKL_82723cf3091f,essential,ROME
OCC_8545ea52f78d,SKL_f66038d41171,essential,ROME
OCC_8545ea52f78d,SKL_2a4a8527c064,essential,ROME
OCC_8545ea52f78d,SKL_2f344f5980b0,essential,ROME
OCC_8545ea52f78d,SKL_33204119e223,essential,ROME
OCC_8545ea52f78d,SKL_7bceeef918c6,essential,ROME
OCC_8545ea52f78d,SKL_ff46f67bf0ea,essential,ROME
OCC_8545ea52f78d,SKL_d021e87fb75d,essential,ROME
OCC_8545ea52f78d,SKL_2e9e7cc210c6,essential,ROME
OCC_8545ea52f78d,SKL_91fd405143c4,essential,ROME
OCC_8545ea52f78d,SKL_7f6fa7ff4cb5,essential,ROME
OCC_8545ea52f78d,SKL_44616716fd11,essential,ROME
OCC_d6a2ea4adc66,SKL_59443e2d492b,essential,ROME
OCC_d6a2ea4adc66,SKL_5070a842190d,essential,ROME
OCC_d6a2ea4adc66,SKL_73d6afdae280,essential,ROME
OCC_d6a2ea4adc66,SKL_37629b5544de,essential,ROME
OCC_d6a2ea4adc66,SKL_b7f0fc1c0325,essential,ROME
OCC_d6a2ea4adc66,SKL_761c31315cf3,essential,ROME
OCC_d6a2ea4adc66,SKL_a9d9d4d373fe,essential,ROME
OCC_d6a2ea4adc66,SKL_a64d184f3ba7,essential,ROME
OCC_d6a2ea4adc66,SKL_0051f945c83d,essential,ROME
OCC_d6a2ea4adc66,SKL_c124909bc76c,essential,ROME
OCC_d6a2ea4adc66,SKL_552960467971,essential,ROME
OCC_d6a2ea4adc66,SKL_f266873d7184,essential,ROME
OCC_d6a2ea4adc66,SKL_8498314ec7b0,essential,ROME
OCC_d6a2ea4adc66,SKL_5e08637b46b6,essential,ROME
OCC_d6a2ea4adc66,SKL_1ed790bfb269,essential,ROME
OCC_d6a2ea4adc66,SKL_d608366b8e39,essential,ROME
OCC_d6a2ea4adc66,SKL_f71130ad61f1,essential,ROME
OCC_d6a2ea4adc66,SKL_0eb96549bbaa,essential,ROME
OCC_d6a2ea4adc66,SKL_716151213263,essential,ROME
OCC_d6a2ea4adc66,SKL_c1cc91d24b17,essential,ROME
OCC_d6a2ea4adc66,SKL_0e1d17eb13c2,essential,ROME
OCC_d6a2ea4adc66,SKL_65069e49e28b,essential,ROME
OCC_d6a2ea4adc66,SKL_30b9ef76d25d,essential,ROME
OCC_d6a2ea4adc66,SKL_a0f67ffdaf51,essential,ROME
OCC_d6a2ea4adc66,SKL_8489cbbd6839,essential,ROME
OCC_d6a2ea4adc66,SKL_14e599e49273,essential,ROME
OCC_d6a2ea4adc66,SKL_adade4b3e3d6,essential,ROME
OCC_d6a2ea4adc66,SKL_78f888455887,essential,ROME
OCC_d6a2ea4adc66,SKL_68acd60bf5a0,essential,ROME
OCC_d6a2ea4adc66,SKL_6543f3ba75f4,essential,ROME
OCC_d6a2ea4adc66,SKL_f7068e699c10,essential,ROME
OCC_d6a2ea4adc66,SKL_4ce8622dfdf0,essential,ROME
OCC_d6a2ea4adc66,SKL_e107f0887218,essential,ROME
OCC_d6a2ea4adc66,SKL_92a131a5ebd7,essential,ROME
OCC_d6a2ea4adc66,SKL_1687a5949d82,essential,ROME
OCC_d6a2ea4adc66,SKL_0d242cd13f2f,essential,ROME
OCC_d6a2ea4adc66,SKL_d1830663b181,essential,ROME
OCC_d6a2ea4adc66,SKL_59ef7def4ddc,essential,ROME
OCC_d6a2ea4adc66,SKL_12a828ad9117,essential,ROME
OCC_d6a2ea4adc66,SKL_fcabb1b8098e,essential,ROME
OCC_d6a2ea4adc66,SKL_2200ceeb1aad,essential,ROME
OCC_d6a2ea4adc66,SKL_5be39f76c1a1,essential,ROME
OCC_d6a2ea4adc66,SKL_f9bd999af7bc,essential,ROME
OCC_d6a2ea4adc66,SKL_1e57a251254b,essential,ROME
OCC_d6a2ea4adc66,SKL_7f88dcf2dce8,essential,ROME
OCC_d6a2ea4adc66,SKL_f3c431d10ce0,essential,ROME
OCC_d6a2ea4adc66,SKL_fb2e0f9e8d16,essential,ROME
OCC_d6a2ea4adc66,SKL_e6a3b314d38b,essential,ROME
OCC_d6a2ea4adc66,SKL_afb9c8fbd62e,essential,ROME
OCC_d6a2ea4adc66,SKL_44616716fd11,essential,ROME
OCC_6c87c4d3e182,SKL_85c14ea1f745,essential,ROME
OCC_6c87c4d3e182,SKL_563fe2ea6dee,essential,ROME
OCC_6c87c4d3e182,SKL_20b8d7ecf87a,essential,ROME
OCC_6c87c4d3e182,SKL_08ad610f183d,essential,ROME
OCC_6c87c4d3e182,SKL_a0b487804872,essential,ROME
OCC_6c87c4d3e182,SKL_b98d13b7a7f4,essential,ROME
OCC_6c87c4d3e182,SKL_9156c11697eb,essential,ROME
OCC_6c87c4d3e182,SKL_7e2b668c4b8a,essential,ROME
OCC_6c87c4d3e182,SKL_d663d08e5a12,essential,ROME
OCC_6c87c4d3e182,SKL_b2a7790f3bcb,essential,ROME
OCC_6c87c4d3e182,SKL_316c19190469,essential,ROME
OCC_6c87c4d3e182,SKL_eeecf557e67b,essential,ROME
OCC_6c87c4d3e182,SKL_443d580469a6,essential,ROME
OCC_6c87c4d3e182,SKL_9d169b48b640,essential,ROME
OCC_6c87c4d3e182,SKL_6853340492e5,essential,ROME
OCC_6c87c4d3e182,SKL_f86833c6520e,essential,ROME
OCC_6c87c4d3e182,SKL_29ab2248a2c9,essential,ROME
OCC_6c87c4d3e182,SKL_9a4a245244c4,essential,ROME
OCC_6c87c4d3e182,SKL_7a9899240edc,essential,ROME
OCC_6c87c4d3e182,SKL_cefa94a37a1f,essential,ROME
OCC_6c87c4d3e182,SKL_66dcf15ec98b,essential,ROME
OCC_6c87c4d3e182,SKL_46158ca41829,essential,ROME
OCC_6c87c4d3e182,SKL_c46c1f02d161,essential,ROME
OCC_6c87c4d3e182,SKL_026c97fb033a,essential,ROME
OCC_6c87c4d3e182,SKL_eb5657f448bb,essential,ROME
OCC_6c87c4d3e182,SKL_2f0fb52ae9a2,essential,ROME
OCC_6c87c4d3e182,SKL_4d48c45a352e,essential,ROME
OCC_6c87c4d3e182,SKL_952740d1e5d4,essential,ROME
OCC_6c87c4d3e182,SKL_3ec76b821ac0,essential,ROME
OCC_6c87c4d3e182,SKL_b64c22b6496e,essential,ROME
OCC_6c87c4d3e182,SKL_c5f044ea160e,essential,ROME
OCC_6c87c4d3e182,SKL_cd9d24561d03,essential,ROME
OCC_6c87c4d3e182,SKL_33ef63f6315b,essential,ROME
OCC_6c87c4d3e182,SKL_4c69bd316252,essential,ROME
OCC_6c87c4d3e182,SKL_8f479a44e368,essential,ROME
OCC_6c87c4d3e182,SKL_b08a8338dbd9,essential,ROME
OCC_6c87c4d3e182,SKL_85e638fe98d6,essential,ROME
OCC_6c87c4d3e182,SKL_c70070a17abf,essential,ROME
OCC_6c87c4d3e182,SKL_2d14e124a1b7,essential,ROME
OCC_6c87c4d3e182,SKL_aa1a6fc0800a,essential,ROME
OCC_6c87c4d3e182,SKL_ff0b1cdc4fea,essential,ROME
OCC_6c87c4d3e182,SKL_5fbe21bc728f,essential,ROME
OCC_6c87c4d3e182,SKL_d270d1c7fdfc,essential,ROME
OCC_6c87c4d3e182,SKL_b8e7217dd8a0,essential,ROME
OCC_6c87c4d3e182,SKL_627e35579511,essential,ROME
OCC_6c87c4d3e182,SKL_768283c98955,essential,ROME
OCC_6c87c4d3e182,SKL_b0a646f90e0a,essential,ROME
OCC_6c87c4d3e182,SKL_82d72768b9eb,essential,ROME
OCC_6c87c4d3e182,SKL_bb27fd2e39da,essential,ROME
OCC_6c87c4d3e182,SKL_185757dfc8c3,essential,ROME
OCC_6c87c4d3e182,SKL_33792e102650,essential,ROME
OCC_6c87c4d3e182,SKL_772a651c0431,essential,ROME
OCC_6c87c4d3e182,SKL_ad5ea1dbf409,essential,ROME
OCC_6c87c4d3e182,SKL_149224c4d661,essential,ROME
OCC_6c87c4d3e182,SKL_53d753115d7a,essential,ROME
OCC_6c87c4d3e182,SKL_10ea159d4728,essential,ROME
OCC_6c87c4d3e182,SKL_65dd4161da47,essential,ROME
OCC_6c87c4d3e182,SKL_8f55beae1907,essential,ROME
OCC_6c87c4d3e182,SKL_accbc26de41f,essential,ROME
OCC_6c87c4d3e182,SKL_5951286b3b2a,essential,ROME
OCC_6c87c4d3e182,SKL_9922a3239b91,essential,ROME
OCC_6c87c4d3e182,SKL_d4ea197fa4a8,essential,ROME
OCC_9f440c1548b6,SKL_a0cc7e17d869,essential,ROME
OCC_9f440c1548b6,SKL_f00b1d6b7f56,essential,ROME
OCC_9f440c1548b6,SKL_92c1ca01d72a,essential,ROME
OCC_9f440c1548b6,SKL_764cce2189ab,essential,ROME
OCC_9f440c1548b6,SKL_37cc81342e7f,essential,ROME
OCC_9f440c1548b6,SKL_f266873d7184,essential,ROME
OCC_9f440c1548b6,SKL_5e08637b46b6,essential,ROME
OCC_9f440c1548b6,SKL_9df64df194a4,essential,ROME
OCC_9f440c1548b6,SKL_8b07effede98,essential,ROME
OCC_9f440c1548b6,SKL_1f016dd70007,essential,ROME
OCC_9f440c1548b6,SKL_531f4a31f390,essential,ROME
OCC_9f440c1548b6,SKL_86439790f603,essential,ROME
OCC_9f440c1548b6,SKL_7bcc35ce033f,essential,ROME
OCC_9f440c1548b6,SKL_c369b2be8e3d,essential,ROME
OCC_9f440c1548b6,SKL_c3bd1f6ef3a5,essential,ROME
OCC_9f440c1548b6,SKL_f124284db20e,essential,ROME
OCC_9f440c1548b6,SKL_829f0920c49d,essential,ROME
OCC_9f440c1548b6,SKL_095ea598d479,essential,ROME
OCC_9f440c1548b6,SKL_7bd8d79270c8,essential,ROME
OCC_9f440c1548b6,SKL_d9030c74bea1,essential,ROME
OCC_9f440c1548b6,SKL_8489cbbd6839,essential,ROME
OCC_9f440c1548b6,SKL_14e599e49273,essential,ROME
OCC_9f440c1548b6,SKL_e82299eb3241,essential,ROME
OCC_9f440c1548b6,SKL_adade4b3e3d6,essential,ROME
OCC_9f440c1548b6,SKL_e71b07dddb8d,essential,ROME
OCC_9f440c1548b6,SKL_62802234cf51,essential,ROME
OCC_9f440c1548b6,SKL_f123c639216f,essential,ROME
OCC_9f440c1548b6,SKL_422d7852fa31,essential,ROME
OCC_9f440c1548b6,SKL_757a5bf2b9cb,essential,ROME
OCC_9f440c1548b6,SKL_e107f0887218,essential,ROME
OCC_9f440c1548b6,SKL_974cd19abf42,essential,ROME
OCC_9f440c1548b6,SKL_82723cf3091f,essential,ROME
OCC_9f440c1548b6,SKL_c2f880600b68,essential,ROME
OCC_9f440c1548b6,SKL_b977bddf3f32,essential,ROME
OCC_9f440c1548b6,SKL_c8a4e44cfa72,essential,ROME
OCC_9f440c1548b6,SKL_621ae4da4d3c,essential,ROME
OCC_9f440c1548b6,SKL_1bc4fb07f5b5,essential,ROME
OCC_9f440c1548b6,SKL_294bd65d4f75,essential,ROME
OCC_9f440c1548b6,SKL_0a55e1606c8c,essential,ROME
OCC_9f440c1548b6,SKL_0c58b165d57e,essential,ROME
OCC_9f440c1548b6,SKL_27e5802d2e89,essential,ROME
OCC_9f440c1548b6,SKL_3d1eec205faa,essential,ROME
OCC_9f440c1548b6,SKL_291c13aa8b7d,essential,ROME
OCC_9f440c1548b6,SKL_c03acc97253b,essential,ROME
OCC_9f440c1548b6,SKL_d678036380ac,essential,ROME
OCC_9f440c1548b6,SKL_d50b181ebb2c,essential,ROME
OCC_9f440c1548b6,SKL_f5fa620c6da9,essential,ROME
OCC_9f440c1548b6,SKL_4fffa72df87b,essential,ROME
OCC_9f440c1548b6,SKL_70cf136836d5,essential,ROME
OCC_9f440c1548b6,SKL_91f68ff240f5,essential,ROME
OCC_9f440c1548b6,SKL_c26ca2f4b2ff,essential,ROME
OCC_9f440c1548b6,SKL_65dd4161da47,essential,ROME
OCC_9f440c1548b6,SKL_3301094f1e7f,essential,ROME
OCC_9f440c1548b6,SKL_b7255e45b639,essential,ROME
OCC_9f440c1548b6,SKL_076566a33c6b,essential,ROME
OCC_9f440c1548b6,SKL_5bb2b6482d7f,essential,ROME
OCC_9f440c1548b6,SKL_77d8235918c8,essential,ROME
OCC_9f440c1548b6,SKL_9781e6918789,essential,ROME
OCC_9f440c1548b6,SKL_2a0ab2a27860,essential,ROME
OCC_9f440c1548b6,SKL_935f71d87b71,essential,ROME
OCC_9f440c1548b6,SKL_afef320ab94a,essential,ROME
OCC_9f440c1548b6,SKL_d21e4d772b7f,essential,ROME
OCC_3946835718f5,SKL_66473c44d2cc,essential,ROME
OCC_3946835718f5,SKL_3522dc7881f8,essential,ROME
OCC_3946835718f5,SKL_d30c687658df,essential,ROME
OCC_3946835718f5,SKL_e84c26020815,essential,ROME
OCC_3946835718f5,SKL_c0a666584c12,essential,ROME
OCC_3946835718f5,SKL_7ade5d93eec5,essential,ROME
OCC_3946835718f5,SKL_a64d184f3ba7,essential,ROME
OCC_3946835718f5,SKL_53042609a1f8,essential,ROME
OCC_3946835718f5,SKL_49e54b32492a,essential,ROME
OCC_3946835718f5,SKL_acfc04cd34e6,essential,ROME
OCC_3946835718f5,SKL_fa0883537dae,essential,ROME
OCC_3946835718f5,SKL_d635613f68a3,essential,ROME
OCC_3946835718f5,SKL_9d169b48b640,essential,ROME
OCC_3946835718f5,SKL_e4f0b9447c27,essential,ROME
OCC_3946835718f5,SKL_13587901294b,essential,ROME
OCC_3946835718f5,SKL_4e63511e8a21,essential,ROME
OCC_3946835718f5,SKL_f0deb814a4ee,essential,ROME
OCC_3946835718f5,SKL_18d47798203c,essential,ROME
OCC_3946835718f5,SKL_b1a0d5789a71,essential,ROME
OCC_3946835718f5,SKL_1faa6147b74e,essential,ROME
OCC_3946835718f5,SKL_4dbc7ed9ae9c,essential,ROME
OCC_3946835718f5,SKL_0cd0d83fdf41,essential,ROME
OCC_3946835718f5,SKL_dd43bc5cb0b2,essential,ROME
OCC_3946835718f5,SKL_d439a2c6fa0f,essential,ROME
OCC_3946835718f5,SKL_611988289e1a,essential,ROME
OCC_3946835718f5,SKL_bf1508a103d1,essential,ROME
OCC_3946835718f5,SKL_e8df387805d4,essential,ROME
OCC_3946835718f5,SKL_8965ed2badce,essential,ROME
OCC_3946835718f5,SKL_8b1e8d9d1ad1,essential,ROME
OCC_3946835718f5,SKL_610fae5fc6e8,essential,ROME
OCC_3946835718f5,SKL_6eebb9c67534,essential,ROME
OCC_3946835718f5,SKL_fab89c980563,essential,ROME
OCC_3946835718f5,SKL_263bf4b59356,essential,ROME
OCC_3946835718f5,SKL_d14859690359,essential,ROME
OCC_3946835718f5,SKL_aa81abe23431,essential,ROME
OCC_3946835718f5,SKL_a0f67ffdaf51,essential,ROME
OCC_3946835718f5,SKL_68ede8dd1c7a,essential,ROME
OCC_3946835718f5,SKL_0719a6450dd0,essential,ROME
OCC_3946835718f5,SKL_f31f95d52dd2,essential,ROME
OCC_3946835718f5,SKL_56d0f88104c9,essential,ROME
OCC_3946835718f5,SKL_e1b2a965fbd5,essential,ROME
OCC_3946835718f5,SKL_9720f2ba7872,essential,ROME
OCC_3946835718f5,SKL_f355bf2c2cf1,essential,ROME
OCC_3946835718f5,SKL_42874ee370af,essential,ROME
OCC_3946835718f5,SKL_83378ba5a15b,essential,ROME
OCC_3946835718f5,SKL_337b2170373b,essential,ROME
OCC_3946835718f5,SKL_597402e6c014,essential,ROME
OCC_3946835718f5,SKL_a2c89788b1b2,essential,ROME
OCC_3946835718f5,SKL_78ce2a8b74f2,essential,ROME
OCC_3946835718f5,SKL_e6f876f16272,essential,ROME
OCC_3946835718f5,SKL_7f1497daa426,essential,ROME
OCC_3946835718f5,SKL_3785b106d6dc,essential,ROME
OCC_3946835718f5,SKL_a51b1200d650,essential,ROME
OCC_3946835718f5,SKL_c70070a17abf,essential,ROME
OCC_3946835718f5,SKL_2d14e124a1b7,essential,ROME
OCC_3946835718f5,SKL_adade4b3e3d6,essential,ROME
OCC_3946835718f5,SKL_62802234cf51,essential,ROME
OCC_3946835718f5,SKL_4ce8622dfdf0,essential,ROME
OCC_3946835718f5,SKL_757a5bf2b9cb,essential,ROME
OCC_3946835718f5,SKL_a45a82a39bb8,essential,ROME
OCC_3946835718f5,SKL_d1830663b181,essential,ROME
OCC_3946835718f5,SKL_82723cf3091f,essential,ROME
OCC_3946835718f5,SKL_82e686c2bcd6,essential,ROME
OCC_3946835718f5,SKL_5091435f5672,essential,ROME
OCC_3946835718f5,SKL_7b4001a98050,essential,ROME
OCC_3946835718f5,SKL_a9e7485dbcb1,essential,ROME
OCC_3946835718f5,SKL_c22af4b15a95,essential,ROME
OCC_3946835718f5,SKL_9e952d552211,essential,ROME
OCC_3946835718f5,SKL_6fe7211bfc4d,essential,ROME
OCC_3946835718f5,SKL_06c4c68b972b,essential,ROME
OCC_3946835718f5,SKL_44616716fd11,essential,ROME
OCC_3946835718f5,SKL_36cdd4d314fd,essential,ROME
OCC_3946835718f5,SKL_9f4d3e4c7fe0,essential,ROME
OCC_3946835718f5,SKL_cafe0b47d388,essential,ROME
OCC_3946835718f5,SKL_f1dc9bb4b344,essential,ROME
OCC_3946835718f5,SKL_9f64fcb235ca,essential,ROME
OCC_3946835718f5,SKL_9ba4bc4d5d64,essential,ROME
OCC_3946835718f5,SKL_1ef80b2868fe,essential,ROME
OCC_58f6f0c81c5b,SKL_761c31315cf3,essential,ROME
OCC_58f6f0c81c5b,SKL_14b662aa3846,essential,ROME
OCC_58f6f0c81c5b,SKL_6ea3aeaa39cd,essential,ROME
OCC_58f6f0c81c5b,SKL_1a22a92e3226,essential,ROME
OCC_58f6f0c81c5b,SKL_531f4a31f390,essential,ROME
OCC_58f6f0c81c5b,SKL_ad55a35c4179,essential,ROME
OCC_58f6f0c81c5b,SKL_095ea598d479,essential,ROME
OCC_58f6f0c81c5b,SKL_967c42adfdd8,essential,ROME
OCC_58f6f0c81c5b,SKL_13e1cadbe622,essential,ROME
OCC_58f6f0c81c5b,SKL_cf8d765bd624,essential,ROME
OCC_58f6f0c81c5b,SKL_d79cbb864083,essential,ROME
OCC_58f6f0c81c5b,SKL_e00ae1d8832f,essential,ROME
OCC_58f6f0c81c5b,SKL_556f3a274125,essential,ROME
OCC_58f6f0c81c5b,SKL_e5a267e900a0,essential,ROME
OCC_58f6f0c81c5b,SKL_7c5c3ed752a0,essential,ROME
OCC_58f6f0c81c5b,SKL_fb3e6f8008e1,essential,ROME
OCC_58f6f0c81c5b,SKL_ff4e1c040e59,essential,ROME
OCC_58f6f0c81c5b,SKL_44678ba55744,essential,ROME
OCC_58f6f0c81c5b,SKL_8489cbbd6839,essential,ROME
OCC_58f6f0c81c5b,SKL_2d14e124a1b7,essential,ROME
OCC_58f6f0c81c5b,SKL_adade4b3e3d6,essential,ROME
OCC_58f6f0c81c5b,SKL_7c58c5cafa2b,essential,ROME
OCC_58f6f0c81c5b,SKL_c44fd75d5d30,essential,ROME
OCC_58f6f0c81c5b,SKL_fe2310cca7d1,essential,ROME
OCC_58f6f0c81c5b,SKL_44616716fd11,essential,ROME
OCC_58f6f0c81c5b,SKL_5df836b2cc9e,essential,ROME
OCC_58f6f0c81c5b,SKL_b86ec1b1b2a5,essential,ROME
OCC_58f6f0c81c5b,SKL_baaf3cca9fe9,essential,ROME
OCC_58f6f0c81c5b,SKL_5bb41a88f2fd,essential,ROME
OCC_58f6f0c81c5b,SKL_9af055716b80,essential,ROME
OCC_58f6f0c81c5b,SKL_c187b27e6fcc,essential,ROME
OCC_58f6f0c81c5b,SKL_14820d7d0b27,essential,ROME
OCC_58f6f0c81c5b,SKL_036337d3422b,essential,ROME
OCC_b0651e781d64,SKL_92c1ca01d72a,essential,ROME
OCC_b0651e781d64,SKL_764cce2189ab,essential,ROME
OCC_b0651e781d64,SKL_37cc81342e7f,essential,ROME
OCC_b0651e781d64,SKL_8af969ab49d4,essential,ROME
OCC_b0651e781d64,SKL_14cecf804912,essential,ROME
OCC_b0651e781d64,SKL_ae64f7376cbd,essential,ROME
OCC_b0651e781d64,SKL_5e08637b46b6,essential,ROME
OCC_b0651e781d64,SKL_9df64df194a4,essential,ROME
OCC_b0651e781d64,SKL_8b07effede98,essential,ROME
OCC_b0651e781d64,SKL_586313d8e1e6,essential,ROME
OCC_b0651e781d64,SKL_bafe3ad04142,essential,ROME
OCC_b0651e781d64,SKL_86439790f603,essential,ROME
OCC_b0651e781d64,SKL_c369b2be8e3d,essential,ROME
OCC_b0651e781d64,SKL_095ea598d479,essential,ROME
OCC_b0651e781d64,SKL_7bd8d79270c8,essential,ROME
OCC_b0651e781d64,SKL_5b2db1ff093b,essential,ROME
OCC_b0651e781d64,SKL_d3ad04f04db3,essential,ROME
OCC_b0651e781d64,SKL_01d04e23f1ef,essential,ROME
OCC_b0651e781d64,SKL_ab96e6cd4d67,essential,ROME
OCC_b0651e781d64,SKL_6d0fa240aa8c,essential,ROME
OCC_b0651e781d64,SKL_8904fe4852ef,essential,ROME
OCC_b0651e781d64,SKL_8489cbbd6839,essential,ROME
OCC_b0651e781d64,SKL_5e0824c72bb2,essential,ROME
OCC_b0651e781d64,SKL_adade4b3e3d6,essential,ROME
OCC_b0651e781d64,SKL_e71b07dddb8d,essential,ROME
OCC_b0651e781d64,SKL_757a5bf2b9cb,essential,ROME
OCC_b0651e781d64,SKL_621ae4da4d3c,essential,ROME
OCC_b0651e781d64,SKL_1bc4fb07f5b5,essential,ROME
OCC_b0651e781d64,SKL_c28ceefdc29d,essential,ROME
OCC_b0651e781d64,SKL_f9c3c54784a4,essential,ROME
OCC_b0651e781d64,SKL_2a3eea5b4789,essential,ROME
OCC_b0651e781d64,SKL_0a55e1606c8c,essential,ROME
OCC_b0651e781d64,SKL_27e5802d2e89,essential,ROME
OCC_b0651e781d64,SKL_3d1eec205faa,essential,ROME
OCC_b0651e781d64,SKL_c03acc97253b,essential,ROME
OCC_b0651e781d64,SKL_d678036380ac,essential,ROME
OCC_b0651e781d64,SKL_f57b94002246,essential,ROME
OCC_b0651e781d64,SKL_91f68ff240f5,essential,ROME
OCC_b0651e781d64,SKL_c26ca2f4b2ff,essential,ROME
OCC_b0651e781d64,SKL_65dd4161da47,essential,ROME
OCC_b0651e781d64,SKL_6519b6a9befa,essential,ROME
OCC_b0651e781d64,SKL_77d8235918c8,essential,ROME
OCC_b0651e781d64,SKL_9781e6918789,essential,ROME
OCC_b0651e781d64,SKL_ed18c9817449,essential,ROME
OCC_b0651e781d64,SKL_d21e4d772b7f,essential,ROME
OCC_b0651e781d64,SKL_fb81519be48f,essential,ROME
OCC_b0651e781d64,SKL_6d865c26e434,essential,ROME
OCC_b0651e781d64,SKL_66d49811c0c7,essential,ROME
OCC_b0651e781d64,SKL_3e0ef8023197,essential,ROME
OCC_b0651e781d64,SKL_6281c69c3189,essential,ROME
OCC_b0651e781d64,SKL_3fb39fbb525d,essential,ROME
OCC_b0651e781d64,SKL_8561c70a86f1,essential,ROME
OCC_b0651e781d64,SKL_dd1efbd56698,essential,ROME
OCC_48e7a1feb2bb,SKL_85c699e883d6,essential,ROME
OCC_48e7a1feb2bb,SKL_e35d26eabc27,essential,ROME
OCC_48e7a1feb2bb,SKL_704e8a689692,essential,ROME
OCC_48e7a1feb2bb,SKL_22f44be204bc,essential,ROME
OCC_48e7a1feb2bb,SKL_37cc81342e7f,essential,ROME
OCC_48e7a1feb2bb,SKL_ebcee36e4a0e,essential,ROME
OCC_48e7a1feb2bb,SKL_7bb0507c58f4,essential,ROME
OCC_48e7a1feb2bb,SKL_e9c31251dcea,essential,ROME
OCC_48e7a1feb2bb,SKL_807dcdac4830,essential,ROME
OCC_48e7a1feb2bb,SKL_14b662aa3846,essential,ROME
OCC_48e7a1feb2bb,SKL_0daf5006c292,essential,ROME
OCC_48e7a1feb2bb,SKL_53de12641e65,essential,ROME
OCC_48e7a1feb2bb,SKL_f6e403addcfa,essential,ROME
OCC_48e7a1feb2bb,SKL_620e0ec70aa6,essential,ROME
OCC_48e7a1feb2bb,SKL_ec6da1693948,essential,ROME
OCC_48e7a1feb2bb,SKL_cdd8ae8ad33b,essential,ROME
OCC_48e7a1feb2bb,SKL_b8451b0f1197,essential,ROME
OCC_48e7a1feb2bb,SKL_9923779d5533,essential,ROME
OCC_48e7a1feb2bb,SKL_144671af9dcd,essential,ROME
OCC_48e7a1feb2bb,SKL_0b20845040be,essential,ROME
OCC_48e7a1feb2bb,SKL_e41f7c041652,essential,ROME
OCC_48e7a1feb2bb,SKL_9b857a84cb9c,essential,ROME
OCC_48e7a1feb2bb,SKL_3dbe04c72193,essential,ROME
OCC_48e7a1feb2bb,SKL_9de1e318724a,essential,ROME
OCC_48e7a1feb2bb,SKL_a7d2b4c6cea4,essential,ROME
OCC_48e7a1feb2bb,SKL_8f45c81705b3,essential,ROME
OCC_48e7a1feb2bb,SKL_cc0e50c45508,essential,ROME
OCC_48e7a1feb2bb,SKL_2ed2e645a0c1,essential,ROME
OCC_48e7a1feb2bb,SKL_0e1d17eb13c2,essential,ROME
OCC_48e7a1feb2bb,SKL_ddc1a44203f9,essential,ROME
OCC_48e7a1feb2bb,SKL_5d6cac5d84e0,essential,ROME
OCC_48e7a1feb2bb,SKL_f5b009efaaed,essential,ROME
OCC_48e7a1feb2bb,SKL_f83d5f666294,essential,ROME
OCC_48e7a1feb2bb,SKL_fd18c023c2b4,essential,ROME
OCC_48e7a1feb2bb,SKL_1628b3dcaa4d,essential,ROME
OCC_48e7a1feb2bb,SKL_ef0d5ecabfac,essential,ROME
OCC_48e7a1feb2bb,SKL_6b68c45d4990,essential,ROME
OCC_48e7a1feb2bb,SKL_f78a4bb83267,essential,ROME
OCC_48e7a1feb2bb,SKL_85e638fe98d6,essential,ROME
OCC_48e7a1feb2bb,SKL_14e599e49273,essential,ROME
OCC_48e7a1feb2bb,SKL_2d14e124a1b7,essential,ROME
OCC_48e7a1feb2bb,SKL_aa1a6fc0800a,essential,ROME
OCC_48e7a1feb2bb,SKL_62802234cf51,essential,ROME
OCC_48e7a1feb2bb,SKL_f7068e699c10,essential,ROME
OCC_48e7a1feb2bb,SKL_422d7852fa31,essential,ROME
OCC_48e7a1feb2bb,SKL_e4de52cd91a7,essential,ROME
OCC_48e7a1feb2bb,SKL_d1830663b181,essential,ROME
OCC_48e7a1feb2bb,SKL_21a640d971a5,essential,ROME
OCC_48e7a1feb2bb,SKL_05cbcd50c933,essential,ROME
OCC_48e7a1feb2bb,SKL_266751dd8cf2,essential,ROME
OCC_48e7a1feb2bb,SKL_362ea73d7cc4,essential,ROME
OCC_48e7a1feb2bb,SKL_6795e002eee5,essential,ROME
OCC_48e7a1feb2bb,SKL_06c4c68b972b,essential,ROME
OCC_48e7a1feb2bb,SKL_f57b94002246,essential,ROME
OCC_48e7a1feb2bb,SKL_7eb062775f24,essential,ROME
OCC_48e7a1feb2bb,SKL_d31be6207e3c,essential,ROME
OCC_48e7a1feb2bb,SKL_7c58c5cafa2b,essential,ROME
OCC_48e7a1feb2bb,SKL_c44fd75d5d30,essential,ROME
OCC_48e7a1feb2bb,SKL_fe2310cca7d1,essential,ROME
OCC_48e7a1feb2bb,SKL_44616716fd11,essential,ROME
OCC_48e7a1feb2bb,SKL_6519b6a9befa,essential,ROME
OCC_48e7a1feb2bb,SKL_ff45868b5c68,essential,ROME
OCC_48e7a1feb2bb,SKL_a96b41258189,essential,ROME
OCC_48e7a1feb2bb,SKL_9f334b085bfd,essential,ROME
OCC_48e7a1feb2bb,SKL_b066f4956415,essential,ROME
OCC_48e7a1feb2bb,SKL_cafe0b47d388,essential,ROME
OCC_48e7a1feb2bb,SKL_a5aab5a250d8,essential,ROME
OCC_48e7a1feb2bb,SKL_33fbbfe2df87,essential,ROME
OCC_48e7a1feb2bb,SKL_75a75701be8a,essential,ROME
OCC_48e7a1feb2bb,SKL_c44fd44578a4,essential,ROME
OCC_48e7a1feb2bb,SKL_4abc8bd11a66,essential,ROME
OCC_48e7a1feb2bb,SKL_036337d3422b,essential,ROME
OCC_9e721c3b1a5c,SKL_704e8a689692,essential,ROME
OCC_9e721c3b1a5c,SKL_f68dd9fe3d39,essential,ROME
OCC_9e721c3b1a5c,SKL_187cbb834639,essential,ROME
OCC_9e721c3b1a5c,SKL_4247a1fcb579,essential,ROME
OCC_9e721c3b1a5c,SKL_b814a9b33fe5,essential,ROME
OCC_9e721c3b1a5c,SKL_f743eef1b4cb,essential,ROME
OCC_9e721c3b1a5c,SKL_761c31315cf3,essential,ROME
OCC_9e721c3b1a5c,SKL_a64d184f3ba7,essential,ROME
OCC_9e721c3b1a5c,SKL_14cecf804912,essential,ROME
OCC_9e721c3b1a5c,SKL_8498314ec7b0,essential,ROME
OCC_9e721c3b1a5c,SKL_43ecea6ae4a7,essential,ROME
OCC_9e721c3b1a5c,SKL_b1a0d5789a71,essential,ROME
OCC_9e721c3b1a5c,SKL_d608366b8e39,essential,ROME
OCC_9e721c3b1a5c,SKL_bbc99ca3debf,essential,ROME
OCC_9e721c3b1a5c,SKL_ea46acb840e9,essential,ROME
OCC_9e721c3b1a5c,SKL_c3f892a84e47,essential,ROME
OCC_9e721c3b1a5c,SKL_095ea598d479,essential,ROME
OCC_9e721c3b1a5c,SKL_934b4b6a9245,essential,ROME
OCC_9e721c3b1a5c,SKL_c0b84c6c678f,essential,ROME
OCC_9e721c3b1a5c,SKL_73bd6c1b1d24,essential,ROME
OCC_9e721c3b1a5c,SKL_3a14da62fbb4,essential,ROME
OCC_9e721c3b1a5c,SKL_994ebe8413e4,essential,ROME
OCC_9e721c3b1a5c,SKL_5870dae26c03,essential,ROME
OCC_9e721c3b1a5c,SKL_11146e12efea,essential,ROME
OCC_9e721c3b1a5c,SKL_22d9abaab7cc,essential,ROME
OCC_9e721c3b1a5c,SKL_c70070a17abf,essential,ROME
OCC_9e721c3b1a5c,SKL_2d14e124a1b7,essential,ROME
OCC_9e721c3b1a5c,SKL_adade4b3e3d6,essential,ROME
OCC_9e721c3b1a5c,SKL_78f888455887,essential,ROME
OCC_9e721c3b1a5c,SKL_ac251a5dda5c,essential,ROME
OCC_9e721c3b1a5c,SKL_1efe42fff58a,essential,ROME
OCC_9e721c3b1a5c,SKL_e107f0887218,essential,ROME
OCC_9e721c3b1a5c,SKL_92a131a5ebd7,essential,ROME
OCC_9e721c3b1a5c,SKL_3caadf804527,essential,ROME
OCC_9e721c3b1a5c,SKL_0d242cd13f2f,essential,ROME
OCC_9e721c3b1a5c,SKL_ba4cc7b350b0,essential,ROME
OCC_9e721c3b1a5c,SKL_5d3dab31f2f5,essential,ROME
OCC_9e721c3b1a5c,SKL_c291ff76d232,essential,ROME
OCC_9e721c3b1a5c,SKL_8270c752a0eb,essential,ROME
OCC_9e721c3b1a5c,SKL_f66038d41171,essential,ROME
OCC_9e721c3b1a5c,SKL_fcabb1b8098e,essential,ROME
OCC_9e721c3b1a5c,SKL_c8a4e44cfa72,essential,ROME
OCC_9e721c3b1a5c,SKL_7e47b0091c05,essential,ROME
OCC_9e721c3b1a5c,SKL_a14773602c68,essential,ROME
OCC_9e721c3b1a5c,SKL_7c58c5cafa2b,essential,ROME
OCC_9e721c3b1a5c,SKL_c44fd75d5d30,essential,ROME
OCC_9e721c3b1a5c,SKL_fe2310cca7d1,essential,ROME
OCC_9e721c3b1a5c,SKL_44616716fd11,essential,ROME
OCC_9e721c3b1a5c,SKL_e9bd94791b5d,essential,ROME
OCC_9e721c3b1a5c,SKL_e0b04b4b1a58,essential,ROME
OCC_9e721c3b1a5c,SKL_4475d44cd549,essential,ROME
OCC_9e721c3b1a5c,SKL_bfb98d81de4a,essential,ROME
OCC_9e721c3b1a5c,SKL_a180c397599c,essential,ROME
OCC_b847e63cc092,SKL_677e98da4988,essential,ROME
OCC_b847e63cc092,SKL_c1b993decf36,essential,ROME
OCC_b847e63cc092,SKL_9a012c911885,essential,ROME
OCC_b847e63cc092,SKL_e6524ba06d14,essential,ROME
OCC_b847e63cc092,SKL_2a8e4ba31c46,essential,ROME
OCC_b847e63cc092,SKL_92c1ca01d72a,essential,ROME
OCC_b847e63cc092,SKL_753a30affd0b,essential,ROME
OCC_b847e63cc092,SKL_b2a7790f3bcb,essential,ROME
OCC_b847e63cc092,SKL_376629ec88e8,essential,ROME
OCC_b847e63cc092,SKL_321a1413d585,essential,ROME
OCC_b847e63cc092,SKL_e2c2f6b41356,essential,ROME
OCC_b847e63cc092,SKL_09bd09e57833,essential,ROME
OCC_b847e63cc092,SKL_834e8e75d3b6,essential,ROME
OCC_b847e63cc092,SKL_8620389e9432,essential,ROME
OCC_b847e63cc092,SKL_959245df750e,essential,ROME
OCC_b847e63cc092,SKL_63e278b3570c,essential,ROME
OCC_b847e63cc092,SKL_ad784bec6e16,essential,ROME
OCC_b847e63cc092,SKL_15add22b3bfb,essential,ROME
OCC_b847e63cc092,SKL_3dbe04c72193,essential,ROME
OCC_b847e63cc092,SKL_a2ac7e9dde84,essential,ROME
OCC_b847e63cc092,SKL_4c4b5b64d7ff,essential,ROME
OCC_b847e63cc092,SKL_7015a23fa9bb,essential,ROME
OCC_b847e63cc092,SKL_1565f01d0be7,essential,ROME
OCC_b847e63cc092,SKL_3774a8084cbb,essential,ROME
OCC_b847e63cc092,SKL_2cc713428fad,essential,ROME
OCC_b847e63cc092,SKL_45f7f96fc936,essential,ROME
OCC_b847e63cc092,SKL_190ee712bb7d,essential,ROME
OCC_b847e63cc092,SKL_c1cc91d24b17,essential,ROME
OCC_b847e63cc092,SKL_d38827a04004,essential,ROME
OCC_b847e63cc092,SKL_1f3ea3896df7,essential,ROME
OCC_b847e63cc092,SKL_a49da7714208,essential,ROME
OCC_b847e63cc092,SKL_6b68c45d4990,essential,ROME
OCC_b847e63cc092,SKL_5469c13b0779,essential,ROME
OCC_b847e63cc092,SKL_afc6aa522551,essential,ROME
OCC_b847e63cc092,SKL_f78a4bb83267,essential,ROME
OCC_b847e63cc092,SKL_eb9ce513e00d,essential,ROME
OCC_b847e63cc092,SKL_a80de8cad0da,essential,ROME
OCC_b847e63cc092,SKL_c70070a17abf,essential,ROME
OCC_b847e63cc092,SKL_2d14e124a1b7,essential,ROME
OCC_b847e63cc092,SKL_adade4b3e3d6,essential,ROME
OCC_b847e63cc092,SKL_62802234cf51,essential,ROME
OCC_b847e63cc092,SKL_8bf4efca25e1,essential,ROME
OCC_b847e63cc092,SKL_8142a0b9cf2a,essential,ROME
OCC_b847e63cc092,SKL_32bd51cce541,essential,ROME
OCC_b847e63cc092,SKL_3ea509d79b87,essential,ROME
OCC_b847e63cc092,SKL_abdb5997f146,essential,ROME
OCC_b847e63cc092,SKL_a2438099251f,essential,ROME
OCC_b847e63cc092,SKL_7a956496d417,essential,ROME
OCC_b847e63cc092,SKL_bc82fcb28a16,essential,ROME
OCC_b847e63cc092,SKL_70ce4bd39ba8,essential,ROME
OCC_b847e63cc092,SKL_962796234c00,essential,ROME
OCC_b847e63cc092,SKL_10de72b19382,essential,ROME
OCC_b847e63cc092,SKL_e6a3b314d38b,essential,ROME
OCC_b847e63cc092,SKL_afb9c8fbd62e,essential,ROME
OCC_b847e63cc092,SKL_91f68ff240f5,essential,ROME
OCC_b847e63cc092,SKL_c26ca2f4b2ff,essential,ROME
OCC_b847e63cc092,SKL_8dc27dc6772c,essential,ROME
OCC_b847e63cc092,SKL_65dd4161da47,essential,ROME
OCC_b847e63cc092,SKL_7c58c5cafa2b,essential,ROME
OCC_b847e63cc092,SKL_c44fd75d5d30,essential,ROME
OCC_b847e63cc092,SKL_fe2310cca7d1,essential,ROME
OCC_b847e63cc092,SKL_44616716fd11,essential,ROME
OCC_b847e63cc092,SKL_43d3f8f12a9b,essential,ROME
OCC_b847e63cc092,SKL_b0fcad789ad8,essential,ROME
OCC_b847e63cc092,SKL_a2c5bb4dc212,essential,ROME
OCC_b847e63cc092,SKL_3b6999029587,essential,ROME
OCC_b847e63cc092,SKL_45fb4fdfde5c,essential,ROME
OCC_b847e63cc092,SKL_036337d3422b,essential,ROME
OCC_5dccaa0f70e3,SKL_85c699e883d6,essential,ROME
OCC_5dccaa0f70e3,SKL_36cd308a2f1f,essential,ROME
OCC_5dccaa0f70e3,SKL_0931c28280f5,essential,ROME
OCC_5dccaa0f70e3,SKL_62132e00d303,essential,ROME
OCC_5dccaa0f70e3,SKL_9b2bd21c7476,essential,ROME
OCC_5dccaa0f70e3,SKL_37cc81342e7f,essential,ROME
OCC_5dccaa0f70e3,SKL_9ed2b60a94d1,essential,ROME
OCC_5dccaa0f70e3,SKL_4175ff0a6186,essential,ROME
OCC_5dccaa0f70e3,SKL_1d7f04d36f6f,essential,ROME
OCC_5dccaa0f70e3,SKL_7bb0507c58f4,essential,ROME
OCC_5dccaa0f70e3,SKL_65b766ba1243,essential,ROME
OCC_5dccaa0f70e3,SKL_14b662aa3846,essential,ROME
OCC_5dccaa0f70e3,SKL_4e63511e8a21,essential,ROME
OCC_5dccaa0f70e3,SKL_f0deb814a4ee,essential,ROME
OCC_5dccaa0f70e3,SKL_2980ac8bfde5,essential,ROME
OCC_5dccaa0f70e3,SKL_8620389e9432,essential,ROME
OCC_5dccaa0f70e3,SKL_0daf5006c292,essential,ROME
OCC_5dccaa0f70e3,SKL_4467934b65fe,essential,ROME
OCC_5dccaa0f70e3,SKL_4dbc7ed9ae9c,essential,ROME
OCC_5dccaa0f70e3,SKL_716151213263,essential,ROME
OCC_5dccaa0f70e3,SKL_fed5c0511fd8,essential,ROME
OCC_5dccaa0f70e3,SKL_fb3b17450a0a,essential,ROME
OCC_5dccaa0f70e3,SKL_33449d2835e0,essential,ROME
OCC_5dccaa0f70e3,SKL_c30a611df2c1,essential,ROME
OCC_5dccaa0f70e3,SKL_d59ad6204aa4,essential,ROME
OCC_5dccaa0f70e3,SKL_45f7f96fc936,essential,ROME
OCC_5dccaa0f70e3,SKL_46a77b7e0124,essential,ROME
OCC_5dccaa0f70e3,SKL_e7c4a1c9a271,essential,ROME
OCC_5dccaa0f70e3,SKL_81b55cb450a5,essential,ROME
OCC_5dccaa0f70e3,SKL_f2ccc138c144,essential,ROME
OCC_5dccaa0f70e3,SKL_96a2a052d933,essential,ROME
OCC_5dccaa0f70e3,SKL_7e08d4663b38,essential,ROME
OCC_5dccaa0f70e3,SKL_14e599e49273,essential,ROME
OCC_5dccaa0f70e3,SKL_2d14e124a1b7,essential,ROME
OCC_5dccaa0f70e3,SKL_aa1a6fc0800a,essential,ROME
OCC_5dccaa0f70e3,SKL_d2dc735a9cdf,essential,ROME
OCC_5dccaa0f70e3,SKL_fcf1d82d2fda,essential,ROME
OCC_5dccaa0f70e3,SKL_62802234cf51,essential,ROME
OCC_5dccaa0f70e3,SKL_757a5bf2b9cb,essential,ROME
OCC_5dccaa0f70e3,SKL_e3a888001dd7,essential,ROME
OCC_5dccaa0f70e3,SKL_d1830663b181,essential,ROME
OCC_5dccaa0f70e3,SKL_21a640d971a5,essential,ROME
OCC_5dccaa0f70e3,SKL_85dd7cb09298,essential,ROME
OCC_5dccaa0f70e3,SKL_05cbcd50c933,essential,ROME
OCC_5dccaa0f70e3,SKL_6795e002eee5,essential,ROME
OCC_5dccaa0f70e3,SKL_5c8750d6de44,essential,ROME
OCC_5dccaa0f70e3,SKL_06c4c68b972b,essential,ROME
OCC_5dccaa0f70e3,SKL_7c58c5cafa2b,essential,ROME
OCC_5dccaa0f70e3,SKL_c44fd75d5d30,essential,ROME
OCC_5dccaa0f70e3,SKL_fe2310cca7d1,essential,ROME
OCC_5dccaa0f70e3,SKL_44616716fd11,essential,ROME
OCC_5dccaa0f70e3,SKL_81216127ec4b,essential,ROME
OCC_5dccaa0f70e3,SKL_9f4d3e4c7fe0,essential,ROME
OCC_5dccaa0f70e3,SKL_cafe0b47d388,essential,ROME
OCC_5dccaa0f70e3,SKL_7c372610925d,essential,ROME
OCC_5dccaa0f70e3,SKL_a282253eee2d,essential,ROME
OCC_5dccaa0f70e3,SKL_75a75701be8a,essential,ROME
OCC_5dccaa0f70e3,SKL_e34d4351c55c,essential,ROME
OCC_5dccaa0f70e3,SKL_036337d3422b,essential,ROME
OCC_5575a38586ce,SKL_21377bdb4d99,essential,ROME
OCC_5575a38586ce,SKL_efa186288487,essential,ROME
OCC_5575a38586ce,SKL_0075d189d80c,essential,ROME
OCC_5575a38586ce,SKL_c16452c57e03,essential,ROME
OCC_5575a38586ce,SKL_bf16e4a4c6bc,essential,ROME
OCC_5575a38586ce,SKL_a64d184f3ba7,essential,ROME
OCC_5575a38586ce,SKL_09bd09e57833,essential,ROME
OCC_5575a38586ce,SKL_fe6677c86a13,essential,ROME
OCC_5575a38586ce,SKL_d7e810970a48,essential,ROME
OCC_5575a38586ce,SKL_1faa6147b74e,essential,ROME
OCC_5575a38586ce,SKL_7b85ab00da01,essential,ROME
OCC_5575a38586ce,SKL_a2ac7e9dde84,essential,ROME
OCC_5575a38586ce,SKL_b621cb6ec543,essential,ROME
OCC_5575a38586ce,SKL_5d6cac5d84e0,essential,ROME
OCC_5575a38586ce,SKL_c362d3c3f11f,essential,ROME
OCC_5575a38586ce,SKL_cf144fb34adf,essential,ROME
OCC_5575a38586ce,SKL_5d1b628fd258,essential,ROME
OCC_5575a38586ce,SKL_9a17c18ec173,essential,ROME
OCC_5575a38586ce,SKL_086f16f59897,essential,ROME
OCC_5575a38586ce,SKL_65069e49e28b,essential,ROME
OCC_5575a38586ce,SKL_eb9ce513e00d,essential,ROME
OCC_5575a38586ce,SKL_19e03e5f0c21,essential,ROME
OCC_5575a38586ce,SKL_8489cbbd6839,essential,ROME
OCC_5575a38586ce,SKL_c70070a17abf,essential,ROME
OCC_5575a38586ce,SKL_2d14e124a1b7,essential,ROME
OCC_5575a38586ce,SKL_62802234cf51,essential,ROME
OCC_5575a38586ce,SKL_c557393b6950,essential,ROME
OCC_5575a38586ce,SKL_4ce8622dfdf0,essential,ROME
OCC_5575a38586ce,SKL_757a5bf2b9cb,essential,ROME
OCC_5575a38586ce,SKL_82723cf3091f,essential,ROME
OCC_5575a38586ce,SKL_b96e021955fd,essential,ROME
OCC_5575a38586ce,SKL_4f99857f5f37,essential,ROME
OCC_5575a38586ce,SKL_90f6209a5818,essential,ROME
OCC_5575a38586ce,SKL_997547ad763d,essential,ROME
OCC_5575a38586ce,SKL_d034a8c093fb,essential,ROME
OCC_5575a38586ce,SKL_06c4c68b972b,essential,ROME
OCC_5575a38586ce,SKL_7c58c5cafa2b,essential,ROME
OCC_5575a38586ce,SKL_c44fd75d5d30,essential,ROME
OCC_5575a38586ce,SKL_fe2310cca7d1,essential,ROME
OCC_5575a38586ce,SKL_44616716fd11,essential,ROME
OCC_5575a38586ce,SKL_c1fb11c6a4b5,essential,ROME
OCC_5575a38586ce,SKL_9eaf6fe424ff,essential,ROME
OCC_5575a38586ce,SKL_91089a49f9c8,essential,ROME
OCC_5575a38586ce,SKL_2cc908b9b233,essential,ROME
OCC_c9809e8b4e1d,SKL_66473c44d2cc,essential,ROME
OCC_c9809e8b4e1d,SKL_1f2ed1b53cc9,essential,ROME
OCC_c9809e8b4e1d,SKL_f743eef1b4cb,essential,ROME
OCC_c9809e8b4e1d,SKL_3522dc7881f8,essential,ROME
OCC_c9809e8b4e1d,SKL_0075d189d80c,essential,ROME
OCC_c9809e8b4e1d,SKL_f7fba1471ea5,essential,ROME
OCC_c9809e8b4e1d,SKL_c16452c57e03,essential,ROME
OCC_c9809e8b4e1d,SKL_e05ab384bc3b,essential,ROME
OCC_c9809e8b4e1d,SKL_49e54b32492a,essential,ROME
OCC_c9809e8b4e1d,SKL_d0906bcc54c7,essential,ROME
OCC_c9809e8b4e1d,SKL_d635613f68a3,essential,ROME
OCC_c9809e8b4e1d,SKL_731acc4d5712,essential,ROME
OCC_c9809e8b4e1d,SKL_8af969ab49d4,essential,ROME
OCC_c9809e8b4e1d,SKL_e4f0b9447c27,essential,ROME
OCC_c9809e8b4e1d,SKL_14b662aa3846,essential,ROME
OCC_c9809e8b4e1d,SKL_f0deb814a4ee,essential,ROME
OCC_c9809e8b4e1d,SKL_21f7d353caff,essential,ROME
OCC_c9809e8b4e1d,SKL_1faa6147b74e,essential,ROME
OCC_c9809e8b4e1d,SKL_76d40b05b990,essential,ROME
OCC_c9809e8b4e1d,SKL_9011b66b86cf,essential,ROME
OCC_c9809e8b4e1d,SKL_dd066626377d,essential,ROME
OCC_c9809e8b4e1d,SKL_65069e49e28b,essential,ROME
OCC_c9809e8b4e1d,SKL_7060ec7d7a45,essential,ROME
OCC_c9809e8b4e1d,SKL_b63e86e36d9e,essential,ROME
OCC_c9809e8b4e1d,SKL_661d6efca0df,essential,ROME
OCC_c9809e8b4e1d,SKL_c0a035bc0ade,essential,ROME
OCC_c9809e8b4e1d,SKL_f0afb35f256b,essential,ROME
OCC_c9809e8b4e1d,SKL_bb885922a3bc,essential,ROME
OCC_c9809e8b4e1d,SKL_90c7adc74868,essential,ROME
OCC_c9809e8b4e1d,SKL_caffc2675e93,essential,ROME
OCC_c9809e8b4e1d,SKL_1daf6af70bfd,essential,ROME
OCC_c9809e8b4e1d,SKL_f19c463900c0,essential,ROME
OCC_c9809e8b4e1d,SKL_e94eec1ec69c,essential,ROME
OCC_c9809e8b4e1d,SKL_cecbdad0c4a0,essential,ROME
OCC_c9809e8b4e1d,SKL_e5563e741c6b,essential,ROME
OCC_c9809e8b4e1d,SKL_4520f3d2cc5e,essential,ROME
OCC_c9809e8b4e1d,SKL_14e599e49273,essential,ROME
OCC_c9809e8b4e1d,SKL_2d14e124a1b7,essential,ROME
OCC_c9809e8b4e1d,SKL_adade4b3e3d6,essential,ROME
OCC_c9809e8b4e1d,SKL_1c4c9778a6d9,essential,ROME
OCC_c9809e8b4e1d,SKL_d1418a8b6ed2,essential,ROME
OCC_c9809e8b4e1d,SKL_4ce8622dfdf0,essential,ROME
OCC_c9809e8b4e1d,SKL_1efe42fff58a,essential,ROME
OCC_c9809e8b4e1d,SKL_6152d3964932,essential,ROME
OCC_c9809e8b4e1d,SKL_b96e021955fd,essential,ROME
OCC_c9809e8b4e1d,SKL_6009a35c85f7,essential,ROME
OCC_c9809e8b4e1d,SKL_c8a4e44cfa72,essential,ROME
OCC_c9809e8b4e1d,SKL_91e5d7967e72,essential,ROME
OCC_c9809e8b4e1d,SKL_920c484dd151,essential,ROME
OCC_c9809e8b4e1d,SKL_8fe370b04509,essential,ROME
OCC_c9809e8b4e1d,SKL_d804024e2dff,essential,ROME
OCC_c9809e8b4e1d,SKL_7c58c5cafa2b,essential,ROME
OCC_c9809e8b4e1d,SKL_c44fd75d5d30,essential,ROME
OCC_c9809e8b4e1d,SKL_fe2310cca7d1,essential,ROME
OCC_c9809e8b4e1d,SKL_44616716fd11,essential,ROME
OCC_c9809e8b4e1d,SKL_99e1b0d19eb6,essential,ROME
OCC_c9809e8b4e1d,SKL_b9698c127a6a,essential,ROME
OCC_c9809e8b4e1d,SKL_c061ef69a384,essential,ROME
OCC_c9809e8b4e1d,SKL_e4b6bbc4005b,essential,ROME
OCC_c9809e8b4e1d,SKL_a3c51e304f71,essential,ROME
OCC_c9809e8b4e1d,SKL_9125f1e1292e,essential,ROME
OCC_c9809e8b4e1d,SKL_7e040bf84421,essential,ROME
OCC_c9809e8b4e1d,SKL_adc0daae9d55,essential,ROME
OCC_c9809e8b4e1d,SKL_036337d3422b,essential,ROME
OCC_4ccd24ba172d,SKL_f80275074728,essential,ROME
OCC_4ccd24ba172d,SKL_7bcfd9ad8f8c,essential,ROME
OCC_4ccd24ba172d,SKL_ee46f504ef0b,essential,ROME
OCC_4ccd24ba172d,SKL_d4aa1a6fd095,essential,ROME
OCC_4ccd24ba172d,SKL_764cce2189ab,essential,ROME
OCC_4ccd24ba172d,SKL_c124909bc76c,essential,ROME
OCC_4ccd24ba172d,SKL_8620389e9432,essential,ROME
OCC_4ccd24ba172d,SKL_e98a2bb27267,essential,ROME
OCC_4ccd24ba172d,SKL_75e0982b75d0,essential,ROME
OCC_4ccd24ba172d,SKL_716151213263,essential,ROME
OCC_4ccd24ba172d,SKL_408beb46b612,essential,ROME
OCC_4ccd24ba172d,SKL_6c0089a70abd,essential,ROME
OCC_4ccd24ba172d,SKL_1383a8550524,essential,ROME
OCC_4ccd24ba172d,SKL_c8382adb4628,essential,ROME
OCC_4ccd24ba172d,SKL_a172e7ec2e26,essential,ROME
OCC_4ccd24ba172d,SKL_067118f1593f,essential,ROME
OCC_4ccd24ba172d,SKL_464352713f82,essential,ROME
OCC_4ccd24ba172d,SKL_4ec9b4ebf299,essential,ROME
OCC_4ccd24ba172d,SKL_b192db1b92e8,essential,ROME
OCC_4ccd24ba172d,SKL_570a4c1b7dc6,essential,ROME
OCC_4ccd24ba172d,SKL_ad2d9fe762d8,essential,ROME
OCC_4ccd24ba172d,SKL_eb5e96ab7eb7,essential,ROME
OCC_4ccd24ba172d,SKL_e90b9ebba3b0,essential,ROME
OCC_4ccd24ba172d,SKL_2d14e124a1b7,essential,ROME
OCC_4ccd24ba172d,SKL_adade4b3e3d6,essential,ROME
OCC_4ccd24ba172d,SKL_5fa48277602e,essential,ROME
OCC_4ccd24ba172d,SKL_12a828ad9117,essential,ROME
OCC_4ccd24ba172d,SKL_246869161dcd,essential,ROME
OCC_4ccd24ba172d,SKL_514c12341540,essential,ROME
OCC_4ccd24ba172d,SKL_aa7f773108b9,essential,ROME
OCC_4ccd24ba172d,SKL_7c58c5cafa2b,essential,ROME
OCC_4ccd24ba172d,SKL_c44fd75d5d30,essential,ROME
OCC_4ccd24ba172d,SKL_fe2310cca7d1,essential,ROME
OCC_4ccd24ba172d,SKL_daf957cd9e2a,essential,ROME
OCC_4ccd24ba172d,SKL_5b671d774ede,essential,ROME
OCC_4ccd24ba172d,SKL_5e7e5f6e8521,essential,ROME
OCC_4ccd24ba172d,SKL_f512337ab6c9,essential,ROME
OCC_4ccd24ba172d,SKL_0c2bf5608a68,essential,ROME
OCC_4ccd24ba172d,SKL_9dbaf2132c0c,essential,ROME
OCC_4ccd24ba172d,SKL_c1c75fb99fcf,essential,ROME
OCC_129225e67499,SKL_2dd75938d71e,essential,ROME
OCC_129225e67499,SKL_466b8012baa5,essential,ROME
OCC_129225e67499,SKL_f71130ad61f1,essential,ROME
OCC_129225e67499,SKL_8b07effede98,essential,ROME
OCC_129225e67499,SKL_46fb31bb4d38,essential,ROME
OCC_129225e67499,SKL_860825646f7f,essential,ROME
OCC_129225e67499,SKL_dbc5067db574,essential,ROME
OCC_129225e67499,SKL_0b20845040be,essential,ROME
OCC_129225e67499,SKL_6a4eb4168e80,essential,ROME
OCC_129225e67499,SKL_3dbe04c72193,essential,ROME
OCC_129225e67499,SKL_5b9d29021f16,essential,ROME
OCC_129225e67499,SKL_3da20e97db5d,essential,ROME
OCC_129225e67499,SKL_22708ca8906f,essential,ROME
OCC_129225e67499,SKL_8f45c81705b3,essential,ROME
OCC_129225e67499,SKL_b208f3f3ee92,essential,ROME
OCC_129225e67499,SKL_c45744bfcac0,essential,ROME
OCC_129225e67499,SKL_982057863011,essential,ROME
OCC_129225e67499,SKL_4a3c27c668b3,essential,ROME
OCC_129225e67499,SKL_a80de8cad0da,essential,ROME
OCC_129225e67499,SKL_bda7278f06dd,essential,ROME
OCC_129225e67499,SKL_54c1f9db76f1,essential,ROME
OCC_129225e67499,SKL_2c10d6d05999,essential,ROME
OCC_129225e67499,SKL_120b7b9cf149,essential,ROME
OCC_129225e67499,SKL_5d66c9248e94,essential,ROME
OCC_129225e67499,SKL_31f1b92380e8,essential,ROME
OCC_129225e67499,SKL_499e9ea78ad7,essential,ROME
OCC_129225e67499,SKL_4e46506497c0,essential,ROME
OCC_129225e67499,SKL_03337a11ca6d,essential,ROME
OCC_129225e67499,SKL_f6f484d2ffce,essential,ROME
OCC_129225e67499,SKL_d942834df706,essential,ROME
OCC_129225e67499,SKL_c70070a17abf,essential,ROME
OCC_129225e67499,SKL_e82299eb3241,essential,ROME
OCC_129225e67499,SKL_adade4b3e3d6,essential,ROME
OCC_129225e67499,SKL_9db0cec53422,essential,ROME
OCC_129225e67499,SKL_6fb041b77932,essential,ROME
OCC_129225e67499,SKL_7a956496d417,essential,ROME
OCC_129225e67499,SKL_21d8879533a9,essential,ROME
OCC_129225e67499,SKL_a8221afc7b92,essential,ROME
OCC_129225e67499,SKL_5285dbd60dfb,essential,ROME
OCC_129225e67499,SKL_2494fb25a092,essential,ROME
OCC_129225e67499,SKL_b5c81e663f63,essential,ROME
OCC_129225e67499,SKL_06c4c68b972b,essential,ROME
OCC_129225e67499,SKL_e63116740e8a,essential,ROME
OCC_129225e67499,SKL_e6a3b314d38b,essential,ROME
OCC_129225e67499,SKL_91f68ff240f5,essential,ROME
OCC_129225e67499,SKL_c26ca2f4b2ff,essential,ROME
OCC_129225e67499,SKL_c44fd75d5d30,essential,ROME
OCC_129225e67499,SKL_fe2310cca7d1,essential,ROME
OCC_129225e67499,SKL_44616716fd11,essential,ROME
OCC_129225e67499,SKL_a39dd02b6bb9,essential,ROME
OCC_129225e67499,SKL_4fd566463acd,essential,ROME
OCC_129225e67499,SKL_6a339f24abdc,essential,ROME
OCC_129225e67499,SKL_1ed2fc4514fe,essential,ROME
OCC_129225e67499,SKL_ea3a72471dc1,essential,ROME
OCC_129225e67499,SKL_ce831bf60b69,essential,ROME
OCC_069c1da7cb17,SKL_66473c44d2cc,essential,ROME
OCC_069c1da7cb17,SKL_efa186288487,essential,ROME
OCC_069c1da7cb17,SKL_0075d189d80c,essential,ROME
OCC_069c1da7cb17,SKL_e84c26020815,essential,ROME
OCC_069c1da7cb17,SKL_c0a666584c12,essential,ROME
OCC_069c1da7cb17,SKL_c16452c57e03,essential,ROME
OCC_069c1da7cb17,SKL_8faabd1be7ed,essential,ROME
OCC_069c1da7cb17,SKL_a64d184f3ba7,essential,ROME
OCC_069c1da7cb17,SKL_53042609a1f8,essential,ROME
OCC_069c1da7cb17,SKL_49e54b32492a,essential,ROME
OCC_069c1da7cb17,SKL_d8fa3e25fcdb,essential,ROME
OCC_069c1da7cb17,SKL_11c50ef3805c,essential,ROME
OCC_069c1da7cb17,SKL_f0deb814a4ee,essential,ROME
OCC_069c1da7cb17,SKL_834e8e75d3b6,essential,ROME
OCC_069c1da7cb17,SKL_4211806eb093,essential,ROME
OCC_069c1da7cb17,SKL_21f7d353caff,essential,ROME
OCC_069c1da7cb17,SKL_1faa6147b74e,essential,ROME
OCC_069c1da7cb17,SKL_39cd19ed1641,essential,ROME
OCC_069c1da7cb17,SKL_60214fb9a36e,essential,ROME
OCC_069c1da7cb17,SKL_4dbc7ed9ae9c,essential,ROME
OCC_069c1da7cb17,SKL_cfe058a132af,essential,ROME
OCC_069c1da7cb17,SKL_4c4b5b64d7ff,essential,ROME
OCC_069c1da7cb17,SKL_ae5e48864cf2,essential,ROME
OCC_069c1da7cb17,SKL_65069e49e28b,essential,ROME
OCC_069c1da7cb17,SKL_fedcfa6016f4,essential,ROME
OCC_069c1da7cb17,SKL_33f311e99183,essential,ROME
OCC_069c1da7cb17,SKL_2f46248edfe8,essential,ROME
OCC_069c1da7cb17,SKL_bc5aa48ec422,essential,ROME
OCC_069c1da7cb17,SKL_e216633fefc0,essential,ROME
OCC_069c1da7cb17,SKL_4360a7ced5af,essential,ROME
OCC_069c1da7cb17,SKL_8489cbbd6839,essential,ROME
OCC_069c1da7cb17,SKL_c70070a17abf,essential,ROME
OCC_069c1da7cb17,SKL_2d14e124a1b7,essential,ROME
OCC_069c1da7cb17,SKL_d1418a8b6ed2,essential,ROME
OCC_069c1da7cb17,SKL_62802234cf51,essential,ROME
OCC_069c1da7cb17,SKL_4ce8622dfdf0,essential,ROME
OCC_069c1da7cb17,SKL_82723cf3091f,essential,ROME
OCC_069c1da7cb17,SKL_b96e021955fd,essential,ROME
OCC_069c1da7cb17,SKL_b977bddf3f32,essential,ROME
OCC_069c1da7cb17,SKL_90f6209a5818,essential,ROME
OCC_069c1da7cb17,SKL_7ab9f833301d,essential,ROME
OCC_069c1da7cb17,SKL_6795e002eee5,essential,ROME
OCC_069c1da7cb17,SKL_06c4c68b972b,essential,ROME
OCC_069c1da7cb17,SKL_7c58c5cafa2b,essential,ROME
OCC_069c1da7cb17,SKL_c44fd75d5d30,essential,ROME
OCC_069c1da7cb17,SKL_fe2310cca7d1,essential,ROME
OCC_069c1da7cb17,SKL_c1fb11c6a4b5,essential,ROME
OCC_069c1da7cb17,SKL_55c3a0b61c1c,essential,ROME
OCC_069c1da7cb17,SKL_cafe0b47d388,essential,ROME
OCC_069c1da7cb17,SKL_7c372610925d,essential,ROME
OCC_069c1da7cb17,SKL_75a75701be8a,essential,ROME
OCC_069c1da7cb17,SKL_c44fd44578a4,essential,ROME
OCC_4cb0c0a25225,SKL_704e8a689692,essential,ROME
OCC_4cb0c0a25225,SKL_65aeca9c785a,essential,ROME
OCC_4cb0c0a25225,SKL_b7f0fc1c0325,essential,ROME
OCC_4cb0c0a25225,SKL_376629ec88e8,essential,ROME
OCC_4cb0c0a25225,SKL_eaaced0ab14b,essential,ROME
OCC_4cb0c0a25225,SKL_49e54b32492a,essential,ROME
OCC_4cb0c0a25225,SKL_959245df750e,essential,ROME
OCC_4cb0c0a25225,SKL_7bcc35ce033f,essential,ROME
OCC_4cb0c0a25225,SKL_b982bdc383e1,essential,ROME
OCC_4cb0c0a25225,SKL_44b81337ce95,essential,ROME
OCC_4cb0c0a25225,SKL_ba70f4573cac,essential,ROME
OCC_4cb0c0a25225,SKL_2bda6d3992d4,essential,ROME
OCC_4cb0c0a25225,SKL_086aef092d5f,essential,ROME
OCC_4cb0c0a25225,SKL_4f0dbc66ae10,essential,ROME
OCC_4cb0c0a25225,SKL_445040a58ee7,essential,ROME
OCC_4cb0c0a25225,SKL_8d73fc849cd4,essential,ROME
OCC_4cb0c0a25225,SKL_26c997a591a4,essential,ROME
OCC_4cb0c0a25225,SKL_63779544b6e9,essential,ROME
OCC_4cb0c0a25225,SKL_2efa8c85dc0f,essential,ROME
OCC_4cb0c0a25225,SKL_909e6f49bd88,essential,ROME
OCC_4cb0c0a25225,SKL_47fb8f968a54,essential,ROME
OCC_4cb0c0a25225,SKL_8489cbbd6839,essential,ROME
OCC_4cb0c0a25225,SKL_c70070a17abf,essential,ROME
OCC_4cb0c0a25225,SKL_2d14e124a1b7,essential,ROME
OCC_4cb0c0a25225,SKL_5d3dab31f2f5,essential,ROME
OCC_4cb0c0a25225,SKL_997547ad763d,essential,ROME
OCC_4cb0c0a25225,SKL_6556d0c2e025,essential,ROME
OCC_4cb0c0a25225,SKL_2a4a8527c064,essential,ROME
OCC_4cb0c0a25225,SKL_2f344f5980b0,essential,ROME
OCC_4cb0c0a25225,SKL_ff46f67bf0ea,essential,ROME
OCC_4cb0c0a25225,SKL_d021e87fb75d,essential,ROME
OCC_4cb0c0a25225,SKL_2e9e7cc210c6,essential,ROME
OCC_4cb0c0a25225,SKL_e6a3b314d38b,essential,ROME
OCC_4cb0c0a25225,SKL_91f68ff240f5,essential,ROME
OCC_4cb0c0a25225,SKL_44616716fd11,essential,ROME
OCC_4cb0c0a25225,SKL_09992469630d,essential,ROME
OCC_4cb0c0a25225,SKL_29d7c0ac746b,essential,ROME
OCC_f98f0e96ecac,SKL_73d6afdae280,essential,ROME
OCC_f98f0e96ecac,SKL_6ea3aeaa39cd,essential,ROME
OCC_f98f0e96ecac,SKL_b68a0853ece1,essential,ROME
OCC_f98f0e96ecac,SKL_531f4a31f390,essential,ROME
OCC_f98f0e96ecac,SKL_ad55a35c4179,essential,ROME
OCC_f98f0e96ecac,SKL_213717a7367d,essential,ROME
OCC_f98f0e96ecac,SKL_9dcf57b53210,essential,ROME
OCC_f98f0e96ecac,SKL_ad505071f851,essential,ROME
OCC_f98f0e96ecac,SKL_d657e714f51c,essential,ROME
OCC_f98f0e96ecac,SKL_0bfd4b41ff99,essential,ROME
OCC_f98f0e96ecac,SKL_e00ae1d8832f,essential,ROME
OCC_f98f0e96ecac,SKL_aef8a6aa15b6,essential,ROME
OCC_f98f0e96ecac,SKL_e5a267e900a0,essential,ROME
OCC_f98f0e96ecac,SKL_f8ad94cefc77,essential,ROME
OCC_f98f0e96ecac,SKL_d1de094d8403,essential,ROME
OCC_f98f0e96ecac,SKL_fb3e6f8008e1,essential,ROME
OCC_f98f0e96ecac,SKL_ff4e1c040e59,essential,ROME
OCC_f98f0e96ecac,SKL_c70070a17abf,essential,ROME
OCC_f98f0e96ecac,SKL_14e599e49273,essential,ROME
OCC_f98f0e96ecac,SKL_adade4b3e3d6,essential,ROME
OCC_f98f0e96ecac,SKL_484d8bb00b25,essential,ROME
OCC_f98f0e96ecac,SKL_0a55e1606c8c,essential,ROME
OCC_f98f0e96ecac,SKL_7c58c5cafa2b,essential,ROME
OCC_f98f0e96ecac,SKL_c44fd75d5d30,essential,ROME
OCC_f98f0e96ecac,SKL_fe2310cca7d1,essential,ROME
OCC_f98f0e96ecac,SKL_44616716fd11,essential,ROME
OCC_f98f0e96ecac,SKL_5df836b2cc9e,essential,ROME
OCC_f98f0e96ecac,SKL_a61d9850a482,essential,ROME
OCC_f98f0e96ecac,SKL_5bb41a88f2fd,essential,ROME
OCC_f98f0e96ecac,SKL_9af055716b80,essential,ROME
OCC_f98f0e96ecac,SKL_4e59943089bb,essential,ROME
OCC_f98f0e96ecac,SKL_592c87b21fd5,essential,ROME
OCC_f98f0e96ecac,SKL_5edc8ad68612,essential,ROME
OCC_91c7799dadef,SKL_e35d26eabc27,essential,ROME
OCC_91c7799dadef,SKL_abdafd177d2c,essential,ROME
OCC_91c7799dadef,SKL_6dedbe6b3a65,essential,ROME
OCC_91c7799dadef,SKL_d9ea4eb81a2b,essential,ROME
OCC_91c7799dadef,SKL_a64d184f3ba7,essential,ROME
OCC_91c7799dadef,SKL_b02389a26725,essential,ROME
OCC_91c7799dadef,SKL_1d7f04d36f6f,essential,ROME
OCC_91c7799dadef,SKL_ebcee36e4a0e,essential,ROME
OCC_91c7799dadef,SKL_e9c31251dcea,essential,ROME
OCC_91c7799dadef,SKL_807dcdac4830,essential,ROME
OCC_91c7799dadef,SKL_4e63511e8a21,essential,ROME
OCC_91c7799dadef,SKL_f0deb814a4ee,essential,ROME
OCC_91c7799dadef,SKL_834e8e75d3b6,essential,ROME
OCC_91c7799dadef,SKL_2980ac8bfde5,essential,ROME
OCC_91c7799dadef,SKL_8620389e9432,essential,ROME
OCC_91c7799dadef,SKL_466b8012baa5,essential,ROME
OCC_91c7799dadef,SKL_0daf5006c292,essential,ROME
OCC_91c7799dadef,SKL_a752e8abc803,essential,ROME
OCC_91c7799dadef,SKL_35d3d0ca9124,essential,ROME
OCC_91c7799dadef,SKL_be3c309105a5,essential,ROME
OCC_91c7799dadef,SKL_4c3552164020,essential,ROME
OCC_91c7799dadef,SKL_c369b2be8e3d,essential,ROME
OCC_91c7799dadef,SKL_f5b009efaaed,essential,ROME
OCC_91c7799dadef,SKL_f83d5f666294,essential,ROME
OCC_91c7799dadef,SKL_aa7232d08fb0,essential,ROME
OCC_91c7799dadef,SKL_6fcb15e65734,essential,ROME
OCC_91c7799dadef,SKL_482e24d6ebf5,essential,ROME
OCC_91c7799dadef,SKL_7c4b952cb2ee,essential,ROME
OCC_91c7799dadef,SKL_c44c692e34b6,essential,ROME
OCC_91c7799dadef,SKL_2d14e124a1b7,essential,ROME
OCC_91c7799dadef,SKL_aa1a6fc0800a,essential,ROME
OCC_91c7799dadef,SKL_adade4b3e3d6,essential,ROME
OCC_91c7799dadef,SKL_422d7852fa31,essential,ROME
OCC_91c7799dadef,SKL_05cbcd50c933,essential,ROME
OCC_91c7799dadef,SKL_266751dd8cf2,essential,ROME
OCC_91c7799dadef,SKL_7b57f6c8389c,essential,ROME
OCC_91c7799dadef,SKL_6795e002eee5,essential,ROME
OCC_91c7799dadef,SKL_06c4c68b972b,essential,ROME
OCC_91c7799dadef,SKL_8c475071709c,essential,ROME
OCC_91c7799dadef,SKL_7c58c5cafa2b,essential,ROME
OCC_91c7799dadef,SKL_c44fd75d5d30,essential,ROME
OCC_91c7799dadef,SKL_fe2310cca7d1,essential,ROME
OCC_91c7799dadef,SKL_33fbbfe2df87,essential,ROME
OCC_91c7799dadef,SKL_75a75701be8a,essential,ROME
OCC_91c7799dadef,SKL_f9f33c37fbcf,essential,ROME
OCC_91c7799dadef,SKL_036337d3422b,essential,ROME
OCC_5a5307f6b57c,SKL_2dd75938d71e,essential,ROME
OCC_5a5307f6b57c,SKL_68c84c518bc7,essential,ROME
OCC_5a5307f6b57c,SKL_9b857a84cb9c,essential,ROME
OCC_5a5307f6b57c,SKL_48b0d8a86bfd,essential,ROME
OCC_5a5307f6b57c,SKL_d619e2593f8d,essential,ROME
OCC_5a5307f6b57c,SKL_3fbd996e9974,essential,ROME
OCC_5a5307f6b57c,SKL_b982bdc383e1,essential,ROME
OCC_5a5307f6b57c,SKL_f06801f91492,essential,ROME
OCC_5a5307f6b57c,SKL_c2d120d9c966,essential,ROME
OCC_5a5307f6b57c,SKL_ba70f4573cac,essential,ROME
OCC_5a5307f6b57c,SKL_2bda6d3992d4,essential,ROME
OCC_5a5307f6b57c,SKL_086aef092d5f,essential,ROME
OCC_5a5307f6b57c,SKL_4f0dbc66ae10,essential,ROME
OCC_5a5307f6b57c,SKL_08cf0f912d5c,essential,ROME
OCC_5a5307f6b57c,SKL_c4b9054be135,essential,ROME
OCC_5a5307f6b57c,SKL_ab2bba24bef4,essential,ROME
OCC_5a5307f6b57c,SKL_445040a58ee7,essential,ROME
OCC_5a5307f6b57c,SKL_d508c53fab05,essential,ROME
OCC_5a5307f6b57c,SKL_d38827a04004,essential,ROME
OCC_5a5307f6b57c,SKL_f78a4bb83267,essential,ROME
OCC_5a5307f6b57c,SKL_11146e12efea,essential,ROME
OCC_5a5307f6b57c,SKL_aa6974aef860,essential,ROME
OCC_5a5307f6b57c,SKL_63779544b6e9,essential,ROME
OCC_5a5307f6b57c,SKL_2efa8c85dc0f,essential,ROME
OCC_5a5307f6b57c,SKL_909e6f49bd88,essential,ROME
OCC_5a5307f6b57c,SKL_b06d0e28dd2a,essential,ROME
OCC_5a5307f6b57c,SKL_17c32db542ff,essential,ROME
OCC_5a5307f6b57c,SKL_47fb8f968a54,essential,ROME
OCC_5a5307f6b57c,SKL_aa81abe23431,essential,ROME
OCC_5a5307f6b57c,SKL_19e03e5f0c21,essential,ROME
OCC_5a5307f6b57c,SKL_c70070a17abf,essential,ROME
OCC_5a5307f6b57c,SKL_2d14e124a1b7,essential,ROME
OCC_5a5307f6b57c,SKL_aa1a6fc0800a,essential,ROME
OCC_5a5307f6b57c,SKL_ba4cc7b350b0,essential,ROME
OCC_5a5307f6b57c,SKL_5d3dab31f2f5,essential,ROME
OCC_5a5307f6b57c,SKL_21a640d971a5,essential,ROME
OCC_5a5307f6b57c,SKL_2494fb25a092,essential,ROME
OCC_5a5307f6b57c,SKL_6556d0c2e025,essential,ROME
OCC_5a5307f6b57c,SKL_2a4a8527c064,essential,ROME
OCC_5a5307f6b57c,SKL_2f344f5980b0,essential,ROME
OCC_5a5307f6b57c,SKL_33204119e223,essential,ROME
OCC_5a5307f6b57c,SKL_7bceeef918c6,essential,ROME
OCC_5a5307f6b57c,SKL_2e9e7cc210c6,essential,ROME
OCC_5a5307f6b57c,SKL_91fd405143c4,essential,ROME
OCC_5a5307f6b57c,SKL_7f6fa7ff4cb5,essential,ROME
OCC_5a5307f6b57c,SKL_7c58c5cafa2b,essential,ROME
OCC_5a5307f6b57c,SKL_c44fd75d5d30,essential,ROME
OCC_5a5307f6b57c,SKL_fe2310cca7d1,essential,ROME
OCC_5a5307f6b57c,SKL_44616716fd11,essential,ROME
OCC_5a5307f6b57c,SKL_6659a1411404,essential,ROME
OCC_5a5307f6b57c,SKL_68b9ae393434,essential,ROME
OCC_5a5307f6b57c,SKL_5023eb367bf8,essential,ROME
OCC_5a5307f6b57c,SKL_18535f714b41,essential,ROME
OCC_5a5307f6b57c,SKL_036337d3422b,essential,ROME
OCC_7606d49145d3,SKL_d33702820212,essential,ROME
OCC_7606d49145d3,SKL_c124909bc76c,essential,ROME
OCC_7606d49145d3,SKL_65e2ba3f7354,essential,ROME
OCC_7606d49145d3,SKL_aa51cd68efd7,essential,ROME
OCC_7606d49145d3,SKL_f06e62c8f05d,essential,ROME
OCC_7606d49145d3,SKL_5aab36457978,essential,ROME
OCC_7606d49145d3,SKL_d2ea3f294888,essential,ROME
OCC_7606d49145d3,SKL_267eb13308ec,essential,ROME
OCC_7606d49145d3,SKL_9c13ea31bb77,essential,ROME
OCC_7606d49145d3,SKL_565e511ea821,essential,ROME
OCC_7606d49145d3,SKL_bc406b7fa801,essential,ROME
OCC_7606d49145d3,SKL_a54df5b9c6f6,essential,ROME
OCC_7606d49145d3,SKL_55b75275ea6d,essential,ROME
OCC_7606d49145d3,SKL_2434a8238640,essential,ROME
OCC_7606d49145d3,SKL_9584f51b1673,essential,ROME
OCC_7606d49145d3,SKL_b548bbe35fc8,essential,ROME
OCC_7606d49145d3,SKL_8684ccc12d78,essential,ROME
OCC_7606d49145d3,SKL_aa6974aef860,essential,ROME
OCC_7606d49145d3,SKL_6521e0a47b11,essential,ROME
OCC_7606d49145d3,SKL_9d7e8cda8157,essential,ROME
OCC_7606d49145d3,SKL_dc2fe964f3b4,essential,ROME
OCC_7606d49145d3,SKL_de380b73b93b,essential,ROME
OCC_7606d49145d3,SKL_12571e4d014b,essential,ROME
OCC_7606d49145d3,SKL_13f9a6f86d18,essential,ROME
OCC_7606d49145d3,SKL_7d3afeeae7e3,essential,ROME
OCC_7606d49145d3,SKL_c70070a17abf,essential,ROME
OCC_7606d49145d3,SKL_14e599e49273,essential,ROME
OCC_7606d49145d3,SKL_2cb975b88d19,essential,ROME
OCC_7606d49145d3,SKL_8ddbddd316f0,essential,ROME
OCC_7606d49145d3,SKL_42c48cd27bd7,essential,ROME
OCC_7606d49145d3,SKL_18c4fa0aabbc,essential,ROME
OCC_7606d49145d3,SKL_d74fef3cad8d,essential,ROME
OCC_7606d49145d3,SKL_03902b6b2223,essential,ROME
OCC_7606d49145d3,SKL_bbb4f95ae74f,essential,ROME
OCC_7606d49145d3,SKL_ccb29b8e8db7,essential,ROME
OCC_7606d49145d3,SKL_8871e2c8182f,essential,ROME
OCC_7606d49145d3,SKL_03f95a94eede,essential,ROME
OCC_7606d49145d3,SKL_b231b8359e86,essential,ROME
OCC_7606d49145d3,SKL_6d71d9e01645,essential,ROME
OCC_7606d49145d3,SKL_ab0b35c14eb9,essential,ROME
OCC_7606d49145d3,SKL_2b1784c077b1,essential,ROME
OCC_7606d49145d3,SKL_693ca2b45e01,essential,ROME
OCC_7139e09be76c,SKL_85c699e883d6,essential,ROME
OCC_7139e09be76c,SKL_3522dc7881f8,essential,ROME
OCC_7139e09be76c,SKL_f7fba1471ea5,essential,ROME
OCC_7139e09be76c,SKL_c16452c57e03,essential,ROME
OCC_7139e09be76c,SKL_a64d184f3ba7,essential,ROME
OCC_7139e09be76c,SKL_d635613f68a3,essential,ROME
OCC_7139e09be76c,SKL_9d169b48b640,essential,ROME
OCC_7139e09be76c,SKL_7bb0507c58f4,essential,ROME
OCC_7139e09be76c,SKL_1f5f96f36baa,essential,ROME
OCC_7139e09be76c,SKL_e4f0b9447c27,essential,ROME
OCC_7139e09be76c,SKL_14b662aa3846,essential,ROME
OCC_7139e09be76c,SKL_4e63511e8a21,essential,ROME
OCC_7139e09be76c,SKL_f0deb814a4ee,essential,ROME
OCC_7139e09be76c,SKL_b1a0d5789a71,essential,ROME
OCC_7139e09be76c,SKL_1faa6147b74e,essential,ROME
OCC_7139e09be76c,SKL_697503bc0649,essential,ROME
OCC_7139e09be76c,SKL_fed5c0511fd8,essential,ROME
OCC_7139e09be76c,SKL_e8df387805d4,essential,ROME
OCC_7139e09be76c,SKL_19219921ea7d,essential,ROME
OCC_7139e09be76c,SKL_c30a611df2c1,essential,ROME
OCC_7139e09be76c,SKL_ed85994b97d8,essential,ROME
OCC_7139e09be76c,SKL_33f311e99183,essential,ROME
OCC_7139e09be76c,SKL_7871fabe91fc,essential,ROME
OCC_7139e09be76c,SKL_913c96749db3,essential,ROME
OCC_7139e09be76c,SKL_f984ad745c89,essential,ROME
OCC_7139e09be76c,SKL_646d15b96b7c,essential,ROME
OCC_7139e09be76c,SKL_6486353bb1ba,essential,ROME
OCC_7139e09be76c,SKL_12f09db1248c,essential,ROME
OCC_7139e09be76c,SKL_c70070a17abf,essential,ROME
OCC_7139e09be76c,SKL_2d14e124a1b7,essential,ROME
OCC_7139e09be76c,SKL_adade4b3e3d6,essential,ROME
OCC_7139e09be76c,SKL_62802234cf51,essential,ROME
OCC_7139e09be76c,SKL_4ce8622dfdf0,essential,ROME
OCC_7139e09be76c,SKL_a45a82a39bb8,essential,ROME
OCC_7139e09be76c,SKL_b96e021955fd,essential,ROME
OCC_7139e09be76c,SKL_7b4001a98050,essential,ROME
OCC_7139e09be76c,SKL_b977bddf3f32,essential,ROME
OCC_7139e09be76c,SKL_4f99857f5f37,essential,ROME
OCC_7139e09be76c,SKL_b009309b92a4,essential,ROME
OCC_7139e09be76c,SKL_06c4c68b972b,essential,ROME
OCC_7139e09be76c,SKL_7c58c5cafa2b,essential,ROME
OCC_7139e09be76c,SKL_fe2310cca7d1,essential,ROME
OCC_7139e09be76c,SKL_951ca8afd87c,essential,ROME
OCC_7139e09be76c,SKL_af2edf61253b,essential,ROME
OCC_7139e09be76c,SKL_9f4d3e4c7fe0,essential,ROME
OCC_7139e09be76c,SKL_5763ca8f1fd4,essential,ROME
OCC_7139e09be76c,SKL_ba8a0508ff8c,essential,ROME
OCC_7139e09be76c,SKL_1ef80b2868fe,essential,ROME
OCC_8d1f9f4c93ee,SKL_ae64f7376cbd,essential,ROME
OCC_8d1f9f4c93ee,SKL_2e8f1205560d,essential,ROME
OCC_8d1f9f4c93ee,SKL_6de28b379128,essential,ROME
OCC_8d1f9f4c93ee,SKL_939c8b26da61,essential,ROME
OCC_8d1f9f4c93ee,SKL_15add22b3bfb,essential,ROME
OCC_8d1f9f4c93ee,SKL_9b857a84cb9c,essential,ROME
OCC_8d1f9f4c93ee,SKL_19219921ea7d,essential,ROME
OCC_8d1f9f4c93ee,SKL_3254a3c79001,essential,ROME
OCC_8d1f9f4c93ee,SKL_5e459b85bd57,essential,ROME
OCC_8d1f9f4c93ee,SKL_b208f3f3ee92,essential,ROME
OCC_8d1f9f4c93ee,SKL_c369b2be8e3d,essential,ROME
OCC_8d1f9f4c93ee,SKL_3e4c5d28db66,essential,ROME
OCC_8d1f9f4c93ee,SKL_ab96e6cd4d67,essential,ROME
OCC_8d1f9f4c93ee,SKL_16e2748c151f,essential,ROME
OCC_8d1f9f4c93ee,SKL_67266bd4efc2,essential,ROME
OCC_8d1f9f4c93ee,SKL_4826228f5d79,essential,ROME
OCC_8d1f9f4c93ee,SKL_facbfed128a9,essential,ROME
OCC_8d1f9f4c93ee,SKL_4ddde3ea08cc,essential,ROME
OCC_8d1f9f4c93ee,SKL_45cd078c6237,essential,ROME
OCC_8d1f9f4c93ee,SKL_14e599e49273,essential,ROME
OCC_8d1f9f4c93ee,SKL_2d14e124a1b7,essential,ROME
OCC_8d1f9f4c93ee,SKL_adade4b3e3d6,essential,ROME
OCC_8d1f9f4c93ee,SKL_430774c44ed5,essential,ROME
OCC_8d1f9f4c93ee,SKL_b8d0c0440503,essential,ROME
OCC_8d1f9f4c93ee,SKL_9a5d216249b5,essential,ROME
OCC_8d1f9f4c93ee,SKL_20a55c356a2d,essential,ROME
OCC_8d1f9f4c93ee,SKL_0e9a6b1cde93,essential,ROME
OCC_8d1f9f4c93ee,SKL_e7d4c720f941,essential,ROME
OCC_8d1f9f4c93ee,SKL_24b147973cec,essential,ROME
OCC_8d1f9f4c93ee,SKL_4ececb5f07f6,essential,ROME
OCC_8d1f9f4c93ee,SKL_2a3eea5b4789,essential,ROME
OCC_8d1f9f4c93ee,SKL_962796234c00,essential,ROME
OCC_8d1f9f4c93ee,SKL_44616716fd11,essential,ROME
OCC_8d1f9f4c93ee,SKL_21d09eef60b2,essential,ROME
OCC_8d1f9f4c93ee,SKL_6d865c26e434,essential,ROME
OCC_8d1f9f4c93ee,SKL_972ffb830900,essential,ROME
OCC_8d1f9f4c93ee,SKL_83cddf66ac47,essential,ROME
OCC_8d1f9f4c93ee,SKL_33b42416cc81,essential,ROME
OCC_8d1f9f4c93ee,SKL_684661665c2d,essential,ROME
OCC_8d1f9f4c93ee,SKL_409b8f161084,essential,ROME
OCC_7342748ca544,SKL_6dedbe6b3a65,essential,ROME
OCC_7342748ca544,SKL_63cf68126803,essential,ROME
OCC_7342748ca544,SKL_626d6f9f79bc,essential,ROME
OCC_7342748ca544,SKL_37cc81342e7f,essential,ROME
OCC_7342748ca544,SKL_834e8e75d3b6,essential,ROME
OCC_7342748ca544,SKL_ae64f7376cbd,essential,ROME
OCC_7342748ca544,SKL_9df64df194a4,essential,ROME
OCC_7342748ca544,SKL_6d4db5a31b15,essential,ROME
OCC_7342748ca544,SKL_cc5438ca3b1b,essential,ROME
OCC_7342748ca544,SKL_15add22b3bfb,essential,ROME
OCC_7342748ca544,SKL_0b20845040be,essential,ROME
OCC_7342748ca544,SKL_c76e60c4ec3f,essential,ROME
OCC_7342748ca544,SKL_38bb0e50d7f0,essential,ROME
OCC_7342748ca544,SKL_38c4bd87aa93,essential,ROME
OCC_7342748ca544,SKL_e334c6d1f9da,essential,ROME
OCC_7342748ca544,SKL_23b3857d2087,essential,ROME
OCC_7342748ca544,SKL_dfbf1bd1b942,essential,ROME
OCC_7342748ca544,SKL_190ee712bb7d,essential,ROME
OCC_7342748ca544,SKL_ecf2ac45fae7,essential,ROME
OCC_7342748ca544,SKL_f1d36c390967,essential,ROME
OCC_7342748ca544,SKL_aa6974aef860,essential,ROME
OCC_7342748ca544,SKL_261370e36a68,essential,ROME
OCC_7342748ca544,SKL_4ddde3ea08cc,essential,ROME
OCC_7342748ca544,SKL_47c484e93821,essential,ROME
OCC_7342748ca544,SKL_e93e27e787aa,essential,ROME
OCC_7342748ca544,SKL_756a1edcdcc1,essential,ROME
OCC_7342748ca544,SKL_e1219c5f9f80,essential,ROME
OCC_7342748ca544,SKL_631c89c3a4c4,essential,ROME
OCC_7342748ca544,SKL_ef3bee11b659,essential,ROME
OCC_7342748ca544,SKL_e21f296a060c,essential,ROME
OCC_7342748ca544,SKL_c70070a17abf,essential,ROME
OCC_7342748ca544,SKL_14e599e49273,essential,ROME
OCC_7342748ca544,SKL_adade4b3e3d6,essential,ROME
OCC_7342748ca544,SKL_20a55c356a2d,essential,ROME
OCC_7342748ca544,SKL_e7d4c720f941,essential,ROME
OCC_7342748ca544,SKL_27e5802d2e89,essential,ROME
OCC_7342748ca544,SKL_7c58c5cafa2b,essential,ROME
OCC_7342748ca544,SKL_3301094f1e7f,essential,ROME
OCC_7342748ca544,SKL_fb81519be48f,essential,ROME
OCC_7342748ca544,SKL_6d865c26e434,essential,ROME
OCC_7342748ca544,SKL_9511612ceb45,essential,ROME
OCC_7342748ca544,SKL_912d834ccfad,essential,ROME
OCC_7342748ca544,SKL_4ae841baba1b,essential,ROME
OCC_7342748ca544,SKL_83cddf66ac47,essential,ROME
OCC_6ccbe5fe0132,SKL_21377bdb4d99,essential,ROME
OCC_6ccbe5fe0132,SKL_c1b993decf36,essential,ROME
OCC_6ccbe5fe0132,SKL_902d8adffa6e,essential,ROME
OCC_6ccbe5fe0132,SKL_8e05ab57238a,essential,ROME
OCC_6ccbe5fe0132,SKL_9a012c911885,essential,ROME
OCC_6ccbe5fe0132,SKL_08de6b2c999c,essential,ROME
OCC_6ccbe5fe0132,SKL_e6524ba06d14,essential,ROME
OCC_6ccbe5fe0132,SKL_d7a67e4f9397,essential,ROME
OCC_6ccbe5fe0132,SKL_f0a7e378fb2d,essential,ROME
OCC_6ccbe5fe0132,SKL_92c1ca01d72a,essential,ROME
OCC_6ccbe5fe0132,SKL_321a1413d585,essential,ROME
OCC_6ccbe5fe0132,SKL_b185344fa059,essential,ROME
OCC_6ccbe5fe0132,SKL_9d169b48b640,essential,ROME
OCC_6ccbe5fe0132,SKL_834e8e75d3b6,essential,ROME
OCC_6ccbe5fe0132,SKL_8620389e9432,essential,ROME
OCC_6ccbe5fe0132,SKL_9df64df194a4,essential,ROME
OCC_6ccbe5fe0132,SKL_cafbe15c6348,essential,ROME
OCC_6ccbe5fe0132,SKL_15add22b3bfb,essential,ROME
OCC_6ccbe5fe0132,SKL_0b20845040be,essential,ROME
OCC_6ccbe5fe0132,SKL_d449dd863e2e,essential,ROME
OCC_6ccbe5fe0132,SKL_4866314dc4b2,essential,ROME
OCC_6ccbe5fe0132,SKL_ad505071f851,essential,ROME
OCC_6ccbe5fe0132,SKL_eb275f1f3b93,essential,ROME
OCC_6ccbe5fe0132,SKL_9de1e318724a,essential,ROME
OCC_6ccbe5fe0132,SKL_c369b2be8e3d,essential,ROME
OCC_6ccbe5fe0132,SKL_f662c12e0cf4,essential,ROME
OCC_6ccbe5fe0132,SKL_ef3bee11b659,essential,ROME
OCC_6ccbe5fe0132,SKL_f1dfae690c45,essential,ROME
OCC_6ccbe5fe0132,SKL_c70070a17abf,essential,ROME
OCC_6ccbe5fe0132,SKL_adade4b3e3d6,essential,ROME
OCC_6ccbe5fe0132,SKL_62802234cf51,essential,ROME
OCC_6ccbe5fe0132,SKL_c557393b6950,essential,ROME
OCC_6ccbe5fe0132,SKL_32bd51cce541,essential,ROME
OCC_6ccbe5fe0132,SKL_a2438099251f,essential,ROME
OCC_6ccbe5fe0132,SKL_814cebe567e5,essential,ROME
OCC_6ccbe5fe0132,SKL_20a55c356a2d,essential,ROME
OCC_6ccbe5fe0132,SKL_7bb3c0185b52,essential,ROME
OCC_6ccbe5fe0132,SKL_e7d4c720f941,essential,ROME
OCC_6ccbe5fe0132,SKL_2494fb25a092,essential,ROME
OCC_6ccbe5fe0132,SKL_2a3eea5b4789,essential,ROME
OCC_6ccbe5fe0132,SKL_27e5802d2e89,essential,ROME
OCC_6ccbe5fe0132,SKL_962796234c00,essential,ROME
OCC_6ccbe5fe0132,SKL_e4f3a60079f7,essential,ROME
OCC_6ccbe5fe0132,SKL_c4e3b41b828c,essential,ROME
OCC_6ccbe5fe0132,SKL_7c58c5cafa2b,essential,ROME
OCC_6ccbe5fe0132,SKL_c44fd75d5d30,essential,ROME
OCC_6ccbe5fe0132,SKL_fe2310cca7d1,essential,ROME
OCC_6ccbe5fe0132,SKL_44616716fd11,essential,ROME
OCC_6ccbe5fe0132,SKL_987be5bfeacd,essential,ROME
OCC_6ccbe5fe0132,SKL_23bf51d3ad95,essential,ROME
OCC_6ccbe5fe0132,SKL_3a77cd5e5bae,essential,ROME
OCC_6ccbe5fe0132,SKL_4ae841baba1b,essential,ROME
OCC_6ccbe5fe0132,SKL_036337d3422b,essential,ROME
OCC_6ccbe5fe0132,SKL_523a106bc5a0,essential,ROME
OCC_a4044d9bc8b4,SKL_e35d26eabc27,essential,ROME
OCC_a4044d9bc8b4,SKL_c87b34071da6,essential,ROME
OCC_a4044d9bc8b4,SKL_29a89af2ed12,essential,ROME
OCC_a4044d9bc8b4,SKL_959d9309ed95,essential,ROME
OCC_a4044d9bc8b4,SKL_3ac8e33a913f,essential,ROME
OCC_a4044d9bc8b4,SKL_ed762a6a10d0,essential,ROME
OCC_a4044d9bc8b4,SKL_f0a7e378fb2d,essential,ROME
OCC_a4044d9bc8b4,SKL_cf2ab4f3b863,essential,ROME
OCC_a4044d9bc8b4,SKL_a5dbd790628f,essential,ROME
OCC_a4044d9bc8b4,SKL_fa24ddbbb18f,essential,ROME
OCC_a4044d9bc8b4,SKL_fe6677c86a13,essential,ROME
OCC_a4044d9bc8b4,SKL_ebcee36e4a0e,essential,ROME
OCC_a4044d9bc8b4,SKL_7bb0507c58f4,essential,ROME
OCC_a4044d9bc8b4,SKL_e9c31251dcea,essential,ROME
OCC_a4044d9bc8b4,SKL_4e63511e8a21,essential,ROME
OCC_a4044d9bc8b4,SKL_f0deb814a4ee,essential,ROME
OCC_a4044d9bc8b4,SKL_bc4873cffebf,essential,ROME
OCC_a4044d9bc8b4,SKL_80696fb79b6b,essential,ROME
OCC_a4044d9bc8b4,SKL_994479ef4ca2,essential,ROME
OCC_a4044d9bc8b4,SKL_0daf5006c292,essential,ROME
OCC_a4044d9bc8b4,SKL_e4fa9eda8b31,essential,ROME
OCC_a4044d9bc8b4,SKL_4031f0efb766,essential,ROME
OCC_a4044d9bc8b4,SKL_95224ab0d86a,essential,ROME
OCC_a4044d9bc8b4,SKL_860825646f7f,essential,ROME
OCC_a4044d9bc8b4,SKL_91fa1c3a7e72,essential,ROME
OCC_a4044d9bc8b4,SKL_d94344597da7,essential,ROME
OCC_a4044d9bc8b4,SKL_f5b009efaaed,essential,ROME
OCC_a4044d9bc8b4,SKL_1e6b347be5d5,essential,ROME
OCC_a4044d9bc8b4,SKL_17a9a0de1286,essential,ROME
OCC_a4044d9bc8b4,SKL_aa6974aef860,essential,ROME
OCC_a4044d9bc8b4,SKL_95e424754574,essential,ROME
OCC_a4044d9bc8b4,SKL_4114c2f9899c,essential,ROME
OCC_a4044d9bc8b4,SKL_b86353167a77,essential,ROME
OCC_a4044d9bc8b4,SKL_978309ba1553,essential,ROME
OCC_a4044d9bc8b4,SKL_8056775c086e,essential,ROME
OCC_a4044d9bc8b4,SKL_16c03ba311e6,essential,ROME
OCC_a4044d9bc8b4,SKL_05f40dbbffc5,essential,ROME
OCC_a4044d9bc8b4,SKL_6e1b0e0c729b,essential,ROME
OCC_a4044d9bc8b4,SKL_c70070a17abf,essential,ROME
OCC_a4044d9bc8b4,SKL_2d14e124a1b7,essential,ROME
OCC_a4044d9bc8b4,SKL_aa1a6fc0800a,essential,ROME
OCC_a4044d9bc8b4,SKL_2c1ac8237aaa,essential,ROME
OCC_a4044d9bc8b4,SKL_cf541c5c4bbd,essential,ROME
OCC_a4044d9bc8b4,SKL_6543f3ba75f4,essential,ROME
OCC_a4044d9bc8b4,SKL_422d7852fa31,essential,ROME
OCC_a4044d9bc8b4,SKL_757a5bf2b9cb,essential,ROME
OCC_a4044d9bc8b4,SKL_7bb3c0185b52,essential,ROME
OCC_a4044d9bc8b4,SKL_2494fb25a092,essential,ROME
OCC_a4044d9bc8b4,SKL_10ea159d4728,essential,ROME
OCC_a4044d9bc8b4,SKL_65dd4161da47,essential,ROME
OCC_a4044d9bc8b4,SKL_e1e6bf02ddeb,essential,ROME
OCC_a4044d9bc8b4,SKL_ef6e7edd23e3,essential,ROME
OCC_a4044d9bc8b4,SKL_18db850a8368,essential,ROME
OCC_a4044d9bc8b4,SKL_c0645e6e0500,essential,ROME
OCC_a4044d9bc8b4,SKL_0b77ef736492,essential,ROME
OCC_a4044d9bc8b4,SKL_0e06f26ba645,essential,ROME
OCC_a4044d9bc8b4,SKL_38e81f08b366,essential,ROME
OCC_a4044d9bc8b4,SKL_e0ac3e833933,essential,ROME
OCC_a4044d9bc8b4,SKL_3112b4acd0a4,essential,ROME
OCC_8afef792d150,SKL_e5adafed472b,essential,ROME
OCC_8afef792d150,SKL_6dedbe6b3a65,essential,ROME
OCC_8afef792d150,SKL_4fd81acd6d54,essential,ROME
OCC_8afef792d150,SKL_0b43f7ede699,essential,ROME
OCC_8afef792d150,SKL_03425efae6bd,essential,ROME
OCC_8afef792d150,SKL_1ebd42115005,essential,ROME
OCC_8afef792d150,SKL_cf2ab4f3b863,essential,ROME
OCC_8afef792d150,SKL_a5dbd790628f,essential,ROME
OCC_8afef792d150,SKL_495b0a233015,essential,ROME
OCC_8afef792d150,SKL_1d7f04d36f6f,essential,ROME
OCC_8afef792d150,SKL_ebcee36e4a0e,essential,ROME
OCC_8afef792d150,SKL_7bb0507c58f4,essential,ROME
OCC_8afef792d150,SKL_4e63511e8a21,essential,ROME
OCC_8afef792d150,SKL_f0deb814a4ee,essential,ROME
OCC_8afef792d150,SKL_0daf5006c292,essential,ROME
OCC_8afef792d150,SKL_eef998eee153,essential,ROME
OCC_8afef792d150,SKL_dc2bc03d0622,essential,ROME
OCC_8afef792d150,SKL_5e9aa409d5f3,essential,ROME
OCC_8afef792d150,SKL_716151213263,essential,ROME
OCC_8afef792d150,SKL_3dbe04c72193,essential,ROME
OCC_8afef792d150,SKL_2f5f806083e6,essential,ROME
OCC_8afef792d150,SKL_e27b24506af3,essential,ROME
OCC_8afef792d150,SKL_6d2d4a476435,essential,ROME
OCC_8afef792d150,SKL_4279198212f8,essential,ROME
OCC_8afef792d150,SKL_9fe12188a1da,essential,ROME
OCC_8afef792d150,SKL_71bba1911cee,essential,ROME
OCC_8afef792d150,SKL_cf7a4323e160,essential,ROME
OCC_8afef792d150,SKL_6b68c45d4990,essential,ROME
OCC_8afef792d150,SKL_7e08d4663b38,essential,ROME
OCC_8afef792d150,SKL_103176e710d7,essential,ROME
OCC_8afef792d150,SKL_9bc07ac9b739,essential,ROME
OCC_8afef792d150,SKL_02d84b7ccc32,essential,ROME
OCC_8afef792d150,SKL_61fd68177589,essential,ROME
OCC_8afef792d150,SKL_b62997356689,essential,ROME
OCC_8afef792d150,SKL_cafac8c9190d,essential,ROME
OCC_8afef792d150,SKL_93823640b720,essential,ROME
OCC_8afef792d150,SKL_39bd60c00030,essential,ROME
OCC_8afef792d150,SKL_4a77399ac494,essential,ROME
OCC_8afef792d150,SKL_de5e3711deea,essential,ROME
OCC_8afef792d150,SKL_11cc9ef26ca8,essential,ROME
OCC_8afef792d150,SKL_a0f67ffdaf51,essential,ROME
OCC_8afef792d150,SKL_7275b530925c,essential,ROME
OCC_8afef792d150,SKL_4d43cbc08b0b,essential,ROME
OCC_8afef792d150,SKL_a9cbf932e648,essential,ROME
OCC_8afef792d150,SKL_c70070a17abf,essential,ROME
OCC_8afef792d150,SKL_2d14e124a1b7,essential,ROME
OCC_8afef792d150,SKL_aa1a6fc0800a,essential,ROME
OCC_8afef792d150,SKL_422d7852fa31,essential,ROME
OCC_8afef792d150,SKL_e4de52cd91a7,essential,ROME
OCC_8afef792d150,SKL_ed425caf63b6,essential,ROME
OCC_8afef792d150,SKL_21a640d971a5,essential,ROME
OCC_8afef792d150,SKL_8faf1bc610e1,essential,ROME
OCC_8afef792d150,SKL_992a36c5b5f3,essential,ROME
OCC_8afef792d150,SKL_70f28a44d12c,essential,ROME
OCC_8afef792d150,SKL_b907d5a57062,essential,ROME
OCC_8afef792d150,SKL_144344f9b8ac,essential,ROME
OCC_8afef792d150,SKL_2b0ffcff5972,essential,ROME
OCC_8afef792d150,SKL_2ed1cf37273e,essential,ROME
OCC_8afef792d150,SKL_9f47d1a81dd1,essential,ROME
OCC_8afef792d150,SKL_d034a8c093fb,essential,ROME
OCC_8afef792d150,SKL_4405c3426ef4,essential,ROME
OCC_8afef792d150,SKL_f5fa620c6da9,essential,ROME
OCC_8afef792d150,SKL_0beb84d41525,essential,ROME
OCC_8afef792d150,SKL_1bee8bc992a4,essential,ROME
OCC_8afef792d150,SKL_44616716fd11,essential,ROME
OCC_8afef792d150,SKL_4bdc9e2a56c1,essential,ROME
OCC_8afef792d150,SKL_023c6244d168,essential,ROME
OCC_8afef792d150,SKL_bfeb5a8b5f39,essential,ROME
OCC_8afef792d150,SKL_066fbab13e0a,essential,ROME
OCC_8afef792d150,SKL_d027c582b3fa,essential,ROME
OCC_8afef792d150,SKL_debe6afe6379,essential,ROME
OCC_8afef792d150,SKL_f18b5ed6d2d5,essential,ROME
OCC_8afef792d150,SKL_b70c18151212,essential,ROME
OCC_8afef792d150,SKL_1197f99dde40,essential,ROME
OCC_8afef792d150,SKL_e369a43aabad,essential,ROME
OCC_c5a485d17612,SKL_b894f8a8204d,essential,ROME
OCC_c5a485d17612,SKL_e1726712f932,essential,ROME
OCC_c5a485d17612,SKL_3e4774cf440a,essential,ROME
OCC_c5a485d17612,SKL_c867be59314a,essential,ROME
OCC_c5a485d17612,SKL_cf2ab4f3b863,essential,ROME
OCC_c5a485d17612,SKL_7d0e02aa065c,essential,ROME
OCC_c5a485d17612,SKL_e2c2f6b41356,essential,ROME
OCC_c5a485d17612,SKL_5ba031420f0d,essential,ROME
OCC_c5a485d17612,SKL_721c384d7171,essential,ROME
OCC_c5a485d17612,SKL_e27b24506af3,essential,ROME
OCC_c5a485d17612,SKL_8965ed2badce,essential,ROME
OCC_c5a485d17612,SKL_411c8a66e7a2,essential,ROME
OCC_c5a485d17612,SKL_0941edfac5cb,essential,ROME
OCC_c5a485d17612,SKL_3774a8084cbb,essential,ROME
OCC_c5a485d17612,SKL_b09d44b22bea,essential,ROME
OCC_c5a485d17612,SKL_cf7a4323e160,essential,ROME
OCC_c5a485d17612,SKL_3773d4973e72,essential,ROME
OCC_c5a485d17612,SKL_e74296377796,essential,ROME
OCC_c5a485d17612,SKL_35da4d379188,essential,ROME
OCC_c5a485d17612,SKL_9cfdd0e069fa,essential,ROME
OCC_c5a485d17612,SKL_715970941717,essential,ROME
OCC_c5a485d17612,SKL_7b0464300db4,essential,ROME
OCC_c5a485d17612,SKL_a0f67ffdaf51,essential,ROME
OCC_c5a485d17612,SKL_73eff5a68308,essential,ROME
OCC_c5a485d17612,SKL_7275b530925c,essential,ROME
OCC_c5a485d17612,SKL_c70070a17abf,essential,ROME
OCC_c5a485d17612,SKL_14e599e49273,essential,ROME
OCC_c5a485d17612,SKL_197cd57d1403,essential,ROME
OCC_c5a485d17612,SKL_cb1d13388a5f,essential,ROME
OCC_c5a485d17612,SKL_44616716fd11,essential,ROME
OCC_c5a485d17612,SKL_92969cd9485a,essential,ROME
OCC_c5a485d17612,SKL_1375b5d67783,essential,ROME
OCC_c5a485d17612,SKL_6383181974ad,essential,ROME
OCC_c5a485d17612,SKL_bc6e45a2484e,essential,ROME
OCC_c5a485d17612,SKL_5c5d108015eb,essential,ROME
OCC_c5a485d17612,SKL_79143ad1b971,essential,ROME
OCC_c5a485d17612,SKL_dc5b446c6642,essential,ROME
OCC_c5a485d17612,SKL_e91e1f804e05,essential,ROME
OCC_dd349ebfe1fb,SKL_586313d8e1e6,essential,ROME
OCC_dd349ebfe1fb,SKL_9189f3327d34,essential,ROME
OCC_dd349ebfe1fb,SKL_72cad7e4033a,essential,ROME
OCC_dd349ebfe1fb,SKL_57d0100037fb,essential,ROME
OCC_dd349ebfe1fb,SKL_45443f4db2d3,essential,ROME
OCC_dd349ebfe1fb,SKL_cab09033de50,essential,ROME
OCC_dd349ebfe1fb,SKL_ca705bfeeed9,essential,ROME
OCC_dd349ebfe1fb,SKL_24e150a85dba,essential,ROME
OCC_dd349ebfe1fb,SKL_6350cf4eacff,essential,ROME
OCC_dd349ebfe1fb,SKL_d23ec7472447,essential,ROME
OCC_dd349ebfe1fb,SKL_2635e72a9244,essential,ROME
OCC_dd349ebfe1fb,SKL_e9133e70f8e8,essential,ROME
OCC_dd349ebfe1fb,SKL_becbe1379b76,essential,ROME
OCC_dd349ebfe1fb,SKL_3abbe73352f6,essential,ROME
OCC_dd349ebfe1fb,SKL_8c5fbe75b802,essential,ROME
OCC_dd349ebfe1fb,SKL_f712273301c8,essential,ROME
OCC_dd349ebfe1fb,SKL_2d581dbbb440,essential,ROME
OCC_dd349ebfe1fb,SKL_299bc27b6ba8,essential,ROME
OCC_dd349ebfe1fb,SKL_e5764a5ee531,essential,ROME
OCC_dd349ebfe1fb,SKL_0a68500bdada,essential,ROME
OCC_dd349ebfe1fb,SKL_ddfe73a54a81,essential,ROME
OCC_dd349ebfe1fb,SKL_d132a60301e5,essential,ROME
OCC_dd349ebfe1fb,SKL_b5577991985c,essential,ROME
OCC_dd349ebfe1fb,SKL_5b6a3d3936ac,essential,ROME
OCC_dd349ebfe1fb,SKL_351d964f2530,essential,ROME
OCC_dd349ebfe1fb,SKL_a97bb4132347,essential,ROME
OCC_dd349ebfe1fb,SKL_a73dbf9cda6a,essential,ROME
OCC_dd349ebfe1fb,SKL_adade4b3e3d6,essential,ROME
OCC_dd349ebfe1fb,SKL_5fa48277602e,essential,ROME
OCC_dd349ebfe1fb,SKL_197cd57d1403,essential,ROME
OCC_dd349ebfe1fb,SKL_ba4cc7b350b0,essential,ROME
OCC_dd349ebfe1fb,SKL_afe4d574dc8e,essential,ROME
OCC_dd349ebfe1fb,SKL_487cd3caea0d,essential,ROME
OCC_dd349ebfe1fb,SKL_01a3962238c6,essential,ROME
OCC_dd349ebfe1fb,SKL_dc1f21dea397,essential,ROME
OCC_dd349ebfe1fb,SKL_223af5304e4e,essential,ROME
OCC_dd349ebfe1fb,SKL_3a84c3728c9d,essential,ROME
OCC_dd349ebfe1fb,SKL_8fd77ee9aa53,essential,ROME
OCC_dd349ebfe1fb,SKL_83e44dd66681,essential,ROME
OCC_dd349ebfe1fb,SKL_895a541f5848,essential,ROME
OCC_dd349ebfe1fb,SKL_eb1bb4a79e3a,essential,ROME
OCC_dd349ebfe1fb,SKL_d24ac4a328e4,essential,ROME
OCC_dd349ebfe1fb,SKL_9915454f5de4,essential,ROME
OCC_dd349ebfe1fb,SKL_0b9ba316c897,essential,ROME
OCC_dd349ebfe1fb,SKL_b8863c06e2a7,essential,ROME
OCC_dd349ebfe1fb,SKL_5bfe0155ce57,essential,ROME
OCC_ec6735d1a243,SKL_c124909bc76c,essential,ROME
OCC_ec6735d1a243,SKL_531f4a31f390,essential,ROME
OCC_ec6735d1a243,SKL_999a1dc7bf76,essential,ROME
OCC_ec6735d1a243,SKL_7e1d73917a68,essential,ROME
OCC_ec6735d1a243,SKL_aebf45449f8c,essential,ROME
OCC_ec6735d1a243,SKL_570a4c1b7dc6,essential,ROME
OCC_ec6735d1a243,SKL_eb5e96ab7eb7,essential,ROME
OCC_ec6735d1a243,SKL_aa6974aef860,essential,ROME
OCC_ec6735d1a243,SKL_8b8ccb2b733b,essential,ROME
OCC_ec6735d1a243,SKL_f7c39262bf4b,essential,ROME
OCC_ec6735d1a243,SKL_fd38c05d0b6f,essential,ROME
OCC_ec6735d1a243,SKL_355d38d782e2,essential,ROME
OCC_ec6735d1a243,SKL_709f6e6f599d,essential,ROME
OCC_ec6735d1a243,SKL_11e368dba0c7,essential,ROME
OCC_ec6735d1a243,SKL_a82f8cf1e8cb,essential,ROME
OCC_ec6735d1a243,SKL_7fcdd40698eb,essential,ROME
OCC_ec6735d1a243,SKL_c5db559db16b,essential,ROME
OCC_ec6735d1a243,SKL_08e818c0e476,essential,ROME
OCC_ec6735d1a243,SKL_41c753b2f053,essential,ROME
OCC_ec6735d1a243,SKL_7de122fc32b3,essential,ROME
OCC_ec6735d1a243,SKL_2cdf7390cbb1,essential,ROME
OCC_ec6735d1a243,SKL_070f769124a6,essential,ROME
OCC_ec6735d1a243,SKL_07b9a7b4fb02,essential,ROME
OCC_ec6735d1a243,SKL_3d37cfe82673,essential,ROME
OCC_ec6735d1a243,SKL_003960be3951,essential,ROME
OCC_ec6735d1a243,SKL_2d14e124a1b7,essential,ROME
OCC_ec6735d1a243,SKL_adade4b3e3d6,essential,ROME
OCC_ec6735d1a243,SKL_197cd57d1403,essential,ROME
OCC_ec6735d1a243,SKL_1efe42fff58a,essential,ROME
OCC_ec6735d1a243,SKL_ba4cc7b350b0,essential,ROME
OCC_ec6735d1a243,SKL_32df9d305ee8,essential,ROME
OCC_ec6735d1a243,SKL_7c58c5cafa2b,essential,ROME
OCC_ec6735d1a243,SKL_c44fd75d5d30,essential,ROME
OCC_ec6735d1a243,SKL_fe2310cca7d1,essential,ROME
OCC_ec6735d1a243,SKL_44616716fd11,essential,ROME
OCC_ec6735d1a243,SKL_7808189367b8,essential,ROME
OCC_ec6735d1a243,SKL_c2826d2e7cb5,essential,ROME
OCC_ec6735d1a243,SKL_05b8ebb551a1,essential,ROME
OCC_ec6735d1a243,SKL_fd70006af3ce,essential,ROME
OCC_ec6735d1a243,SKL_5e7e5f6e8521,essential,ROME
OCC_ec6735d1a243,SKL_ca788982d5a2,essential,ROME
OCC_ec6735d1a243,SKL_9f4931ca1f0e,essential,ROME
OCC_ec6735d1a243,SKL_050065d1e5ae,essential,ROME
OCC_ec6735d1a243,SKL_fe1990fa1217,essential,ROME
OCC_85f87698fcbe,SKL_c874dabd8386,essential,ROME
OCC_85f87698fcbe,SKL_293469aea86e,essential,ROME
OCC_85f87698fcbe,SKL_fa6292d3b6ff,essential,ROME
OCC_85f87698fcbe,SKL_b68d902b4055,essential,ROME
OCC_85f87698fcbe,SKL_cf2ab4f3b863,essential,ROME
OCC_85f87698fcbe,SKL_f03f0490f343,essential,ROME
OCC_85f87698fcbe,SKL_5bf6530dd221,essential,ROME
OCC_85f87698fcbe,SKL_38edac6f9e43,essential,ROME
OCC_85f87698fcbe,SKL_bf16e4a4c6bc,essential,ROME
OCC_85f87698fcbe,SKL_aef88b187651,essential,ROME
OCC_85f87698fcbe,SKL_1c1caf846bdb,essential,ROME
OCC_85f87698fcbe,SKL_458263bafe26,essential,ROME
OCC_85f87698fcbe,SKL_e8e96f47f645,essential,ROME
OCC_85f87698fcbe,SKL_44817ef954e8,essential,ROME
OCC_85f87698fcbe,SKL_9b10adb9a7aa,essential,ROME
OCC_85f87698fcbe,SKL_7e832ef1fbdf,essential,ROME
OCC_85f87698fcbe,SKL_24e150a85dba,essential,ROME
OCC_85f87698fcbe,SKL_9d86c681810e,essential,ROME
OCC_85f87698fcbe,SKL_0cc7a96fb8f8,essential,ROME
OCC_85f87698fcbe,SKL_9d9be4096f4d,essential,ROME
OCC_85f87698fcbe,SKL_ae30927d80e6,essential,ROME
OCC_85f87698fcbe,SKL_e00f42e3f56b,essential,ROME
OCC_85f87698fcbe,SKL_44d104a18344,essential,ROME
OCC_85f87698fcbe,SKL_fab89c980563,essential,ROME
OCC_85f87698fcbe,SKL_04886a1350bc,essential,ROME
OCC_85f87698fcbe,SKL_cb491f11ef84,essential,ROME
OCC_85f87698fcbe,SKL_246a5ca0bc97,essential,ROME
OCC_85f87698fcbe,SKL_f6f798444b45,essential,ROME
OCC_85f87698fcbe,SKL_e1cbecaa9c68,essential,ROME
OCC_85f87698fcbe,SKL_ec89ab92fadd,essential,ROME
OCC_85f87698fcbe,SKL_fdc1570ff252,essential,ROME
OCC_85f87698fcbe,SKL_58ffb4b5752e,essential,ROME
OCC_85f87698fcbe,SKL_db0a28728fb4,essential,ROME
OCC_85f87698fcbe,SKL_c70070a17abf,essential,ROME
OCC_85f87698fcbe,SKL_2d14e124a1b7,essential,ROME
OCC_85f87698fcbe,SKL_adade4b3e3d6,essential,ROME
OCC_85f87698fcbe,SKL_0fa02276418e,essential,ROME
OCC_85f87698fcbe,SKL_bff4f018fb8f,essential,ROME
OCC_85f87698fcbe,SKL_44e33e410cf1,essential,ROME
OCC_85f87698fcbe,SKL_ad067524c0c4,essential,ROME
OCC_85f87698fcbe,SKL_91f0e8b016b1,essential,ROME
OCC_85f87698fcbe,SKL_dbf941c90387,essential,ROME
OCC_85f87698fcbe,SKL_f570b5c9607b,essential,ROME
OCC_85f87698fcbe,SKL_f246f0f82461,essential,ROME
OCC_85f87698fcbe,SKL_b9be1b142603,essential,ROME
OCC_85f87698fcbe,SKL_de8f0764c5bd,essential,ROME
OCC_85f87698fcbe,SKL_aac0ee8d9047,essential,ROME
OCC_85f87698fcbe,SKL_fdd36ced1f0d,essential,ROME
OCC_85f87698fcbe,SKL_47ad11305fa9,essential,ROME
OCC_85f87698fcbe,SKL_895a541f5848,essential,ROME
OCC_85f87698fcbe,SKL_fa1d5f6f010d,essential,ROME
OCC_85f87698fcbe,SKL_51d74367c21a,essential,ROME
OCC_85f87698fcbe,SKL_0920de99e06c,essential,ROME
OCC_85f87698fcbe,SKL_1fe79c0ac9cb,essential,ROME
OCC_85f87698fcbe,SKL_69be15f55a70,essential,ROME
OCC_85f87698fcbe,SKL_979882c8d5f8,essential,ROME
OCC_85f87698fcbe,SKL_5e0f0152acdb,essential,ROME
OCC_85f87698fcbe,SKL_5bfe0155ce57,essential,ROME
OCC_a6f0cca029c4,SKL_c874dabd8386,essential,ROME
OCC_a6f0cca029c4,SKL_293469aea86e,essential,ROME
OCC_a6f0cca029c4,SKL_bca1f18a258a,essential,ROME
OCC_a6f0cca029c4,SKL_fa6292d3b6ff,essential,ROME
OCC_a6f0cca029c4,SKL_06bfdb5946b8,essential,ROME
OCC_a6f0cca029c4,SKL_b68d902b4055,essential,ROME
OCC_a6f0cca029c4,SKL_7b6a1b69dcf3,essential,ROME
OCC_a6f0cca029c4,SKL_aef88b187651,essential,ROME
OCC_a6f0cca029c4,SKL_e8e96f47f645,essential,ROME
OCC_a6f0cca029c4,SKL_a9177184ee00,essential,ROME
OCC_a6f0cca029c4,SKL_c9100588785c,essential,ROME
OCC_a6f0cca029c4,SKL_eaaea1c57af9,essential,ROME
OCC_a6f0cca029c4,SKL_b5d0a50046c3,essential,ROME
OCC_a6f0cca029c4,SKL_78aa49808f83,essential,ROME
OCC_a6f0cca029c4,SKL_5874a50302dc,essential,ROME
OCC_a6f0cca029c4,SKL_126406caee36,essential,ROME
OCC_a6f0cca029c4,SKL_8c5fbe75b802,essential,ROME
OCC_a6f0cca029c4,SKL_cb491f11ef84,essential,ROME
OCC_a6f0cca029c4,SKL_d8294b5cc24c,essential,ROME
OCC_a6f0cca029c4,SKL_1b33cc5d35d1,essential,ROME
OCC_a6f0cca029c4,SKL_f6f798444b45,essential,ROME
OCC_a6f0cca029c4,SKL_e1cbecaa9c68,essential,ROME
OCC_a6f0cca029c4,SKL_ec89ab92fadd,essential,ROME
OCC_a6f0cca029c4,SKL_ce442c764854,essential,ROME
OCC_a6f0cca029c4,SKL_1b06df381b6e,essential,ROME
OCC_a6f0cca029c4,SKL_a73dbf9cda6a,essential,ROME
OCC_a6f0cca029c4,SKL_e3aa97826f30,essential,ROME
OCC_a6f0cca029c4,SKL_58ffb4b5752e,essential,ROME
OCC_a6f0cca029c4,SKL_cf1cb9c10e17,essential,ROME
OCC_a6f0cca029c4,SKL_c70070a17abf,essential,ROME
OCC_a6f0cca029c4,SKL_14e599e49273,essential,ROME
OCC_a6f0cca029c4,SKL_adade4b3e3d6,essential,ROME
OCC_a6f0cca029c4,SKL_0fa02276418e,essential,ROME
OCC_a6f0cca029c4,SKL_78359168015b,essential,ROME
OCC_a6f0cca029c4,SKL_bff4f018fb8f,essential,ROME
OCC_a6f0cca029c4,SKL_44e33e410cf1,essential,ROME
OCC_a6f0cca029c4,SKL_ad067524c0c4,essential,ROME
OCC_a6f0cca029c4,SKL_91f0e8b016b1,essential,ROME
OCC_a6f0cca029c4,SKL_dbf941c90387,essential,ROME
OCC_a6f0cca029c4,SKL_3c5a20f9caed,essential,ROME
OCC_a6f0cca029c4,SKL_ae2f96253f5b,essential,ROME
OCC_a6f0cca029c4,SKL_f41b6c54a6e9,essential,ROME
OCC_a6f0cca029c4,SKL_f246f0f82461,essential,ROME
OCC_a6f0cca029c4,SKL_752aa32803dd,essential,ROME
OCC_a6f0cca029c4,SKL_fdd36ced1f0d,essential,ROME
OCC_a6f0cca029c4,SKL_3fc078421a65,essential,ROME
OCC_a6f0cca029c4,SKL_fa1d5f6f010d,essential,ROME
OCC_a6f0cca029c4,SKL_17cfe27818e4,essential,ROME
OCC_a6f0cca029c4,SKL_db119b62e62e,essential,ROME
OCC_a6f0cca029c4,SKL_69be15f55a70,essential,ROME
OCC_a6f0cca029c4,SKL_4dd5ac165dc5,essential,ROME
OCC_a6f0cca029c4,SKL_8d485b6308bc,essential,ROME
OCC_a6f0cca029c4,SKL_5e0f0152acdb,essential,ROME
OCC_a6f0cca029c4,SKL_5bfe0155ce57,essential,ROME
OCC_3b2885fc44e3,SKL_45eacd86858a,essential,ROME
OCC_3b2885fc44e3,SKL_711dcf0404e5,essential,ROME
OCC_3b2885fc44e3,SKL_a64d184f3ba7,essential,ROME
OCC_3b2885fc44e3,SKL_288719191800,essential,ROME
OCC_3b2885fc44e3,SKL_c8382adb4628,essential,ROME
OCC_3b2885fc44e3,SKL_6f17930fd176,essential,ROME
OCC_3b2885fc44e3,SKL_a172e7ec2e26,essential,ROME
OCC_3b2885fc44e3,SKL_464352713f82,essential,ROME
OCC_3b2885fc44e3,SKL_ad2d9fe762d8,essential,ROME
OCC_3b2885fc44e3,SKL_a00bc7747ded,essential,ROME
OCC_3b2885fc44e3,SKL_7b36d51a198f,essential,ROME
OCC_3b2885fc44e3,SKL_e24a00d4d3ad,essential,ROME
OCC_3b2885fc44e3,SKL_86dce881f832,essential,ROME
OCC_3b2885fc44e3,SKL_5a05f6fbf8d3,essential,ROME
OCC_3b2885fc44e3,SKL_8c9460d23dc2,essential,ROME
OCC_3b2885fc44e3,SKL_abec039aa555,essential,ROME
OCC_3b2885fc44e3,SKL_d84111bb4296,essential,ROME
OCC_3b2885fc44e3,SKL_d9dbda86a704,essential,ROME
OCC_3b2885fc44e3,SKL_857d92ae2920,essential,ROME
OCC_3b2885fc44e3,SKL_e90b9ebba3b0,essential,ROME
OCC_3b2885fc44e3,SKL_62b20c1114ca,essential,ROME
OCC_3b2885fc44e3,SKL_c70070a17abf,essential,ROME
OCC_3b2885fc44e3,SKL_14e599e49273,essential,ROME
OCC_3b2885fc44e3,SKL_2d14e124a1b7,essential,ROME
OCC_3b2885fc44e3,SKL_974cd19abf42,essential,ROME
OCC_3b2885fc44e3,SKL_652525001d1d,essential,ROME
OCC_3b2885fc44e3,SKL_246869161dcd,essential,ROME
OCC_3b2885fc44e3,SKL_bc82fcb28a16,essential,ROME
OCC_3b2885fc44e3,SKL_ce8557ca8ec7,essential,ROME
OCC_3b2885fc44e3,SKL_f4ffc6da9766,essential,ROME
OCC_3b2885fc44e3,SKL_0ee12f5cdbed,essential,ROME
OCC_3b2885fc44e3,SKL_13157c58c174,essential,ROME
OCC_3b2885fc44e3,SKL_2fb21a0cafe3,essential,ROME
OCC_3b2885fc44e3,SKL_19dc6559576b,essential,ROME
OCC_3b2885fc44e3,SKL_8c2a49ac61b8,essential,ROME
OCC_3b2885fc44e3,SKL_4392d34c7fdc,essential,ROME
OCC_3b2885fc44e3,SKL_c12e0fd69710,essential,ROME
OCC_3b2885fc44e3,SKL_2835760f8f31,essential,ROME
OCC_3b2885fc44e3,SKL_4a60742861e0,essential,ROME
OCC_3b2885fc44e3,SKL_0048bd2d55e2,essential,ROME
OCC_3b2885fc44e3,SKL_139b283ba52f,essential,ROME
OCC_3b2885fc44e3,SKL_79810306bc02,essential,ROME
OCC_3b2885fc44e3,SKL_ee453d684112,essential,ROME
OCC_3b2885fc44e3,SKL_c954c4c5d040,essential,ROME
OCC_5142d7362315,SKL_c874dabd8386,essential,ROME
OCC_5142d7362315,SKL_908256750a57,essential,ROME
OCC_5142d7362315,SKL_293469aea86e,essential,ROME
OCC_5142d7362315,SKL_bca1f18a258a,essential,ROME
OCC_5142d7362315,SKL_fa6292d3b6ff,essential,ROME
OCC_5142d7362315,SKL_06bfdb5946b8,essential,ROME
OCC_5142d7362315,SKL_7b6a1b69dcf3,essential,ROME
OCC_5142d7362315,SKL_aef88b187651,essential,ROME
OCC_5142d7362315,SKL_a3d5b262e452,essential,ROME
OCC_5142d7362315,SKL_e8e96f47f645,essential,ROME
OCC_5142d7362315,SKL_a9177184ee00,essential,ROME
OCC_5142d7362315,SKL_e9133e70f8e8,essential,ROME
OCC_5142d7362315,SKL_78aa49808f83,essential,ROME
OCC_5142d7362315,SKL_bb55ca3276d1,essential,ROME
OCC_5142d7362315,SKL_47edf859bfd8,essential,ROME
OCC_5142d7362315,SKL_8c5fbe75b802,essential,ROME
OCC_5142d7362315,SKL_f712273301c8,essential,ROME
OCC_5142d7362315,SKL_1b33cc5d35d1,essential,ROME
OCC_5142d7362315,SKL_e3aa97826f30,essential,ROME
OCC_5142d7362315,SKL_58ffb4b5752e,essential,ROME
OCC_5142d7362315,SKL_96638cc11cff,essential,ROME
OCC_5142d7362315,SKL_c70070a17abf,essential,ROME
OCC_5142d7362315,SKL_2d14e124a1b7,essential,ROME
OCC_5142d7362315,SKL_adade4b3e3d6,essential,ROME
OCC_5142d7362315,SKL_0fa02276418e,essential,ROME
OCC_5142d7362315,SKL_bfe3a178bf3c,essential,ROME
OCC_5142d7362315,SKL_78359168015b,essential,ROME
OCC_5142d7362315,SKL_bff4f018fb8f,essential,ROME
OCC_5142d7362315,SKL_44e33e410cf1,essential,ROME
OCC_5142d7362315,SKL_ad067524c0c4,essential,ROME
OCC_5142d7362315,SKL_91f0e8b016b1,essential,ROME
OCC_5142d7362315,SKL_dbf941c90387,essential,ROME
OCC_5142d7362315,SKL_f570b5c9607b,essential,ROME
OCC_5142d7362315,SKL_e479fac3fb3c,essential,ROME
OCC_5142d7362315,SKL_3c5a20f9caed,essential,ROME
OCC_5142d7362315,SKL_e11c4511388d,essential,ROME
OCC_5142d7362315,SKL_fdd36ced1f0d,essential,ROME
OCC_5142d7362315,SKL_fa1d5f6f010d,essential,ROME
OCC_5142d7362315,SKL_00a71d466d87,essential,ROME
OCC_5142d7362315,SKL_0920de99e06c,essential,ROME
OCC_5142d7362315,SKL_09128a6b279e,essential,ROME
OCC_5142d7362315,SKL_7e07697a6671,essential,ROME
OCC_5142d7362315,SKL_ff33d322b5de,essential,ROME
OCC_5142d7362315,SKL_69be15f55a70,essential,ROME
OCC_5142d7362315,SKL_12b5d49148b6,essential,ROME
OCC_5142d7362315,SKL_8d485b6308bc,essential,ROME
OCC_5142d7362315,SKL_5e0f0152acdb,essential,ROME
OCC_5142d7362315,SKL_5bfe0155ce57,essential,ROME
OCC_164e408e096f,SKL_2b251bc15749,essential,ROME
OCC_164e408e096f,SKL_6bc463f07761,essential,ROME
OCC_164e408e096f,SKL_704e8a689692,essential,ROME
OCC_164e408e096f,SKL_1f2ed1b53cc9,essential,ROME
OCC_164e408e096f,SKL_b37ead5ddfdb,essential,ROME
OCC_164e408e096f,SKL_b814a9b33fe5,essential,ROME
OCC_164e408e096f,SKL_4403c7aec485,essential,ROME
OCC_164e408e096f,SKL_a64d184f3ba7,essential,ROME
OCC_164e408e096f,SKL_e4f0b9447c27,essential,ROME
OCC_164e408e096f,SKL_8620389e9432,essential,ROME
OCC_164e408e096f,SKL_f3626b4714ee,essential,ROME
OCC_164e408e096f,SKL_ab84c79473b9,essential,ROME
OCC_164e408e096f,SKL_293ddf85454e,essential,ROME
OCC_164e408e096f,SKL_37fa045a1614,essential,ROME
OCC_164e408e096f,SKL_fdd179509be3,essential,ROME
OCC_164e408e096f,SKL_939c8b26da61,essential,ROME
OCC_164e408e096f,SKL_5ba031420f0d,essential,ROME
OCC_164e408e096f,SKL_ea46acb840e9,essential,ROME
OCC_164e408e096f,SKL_51e2805c1f0e,essential,ROME
OCC_164e408e096f,SKL_ad505071f851,essential,ROME
OCC_164e408e096f,SKL_81bb4a5f5a7f,essential,ROME
OCC_164e408e096f,SKL_5f3c320134cd,essential,ROME
OCC_164e408e096f,SKL_999a1dc7bf76,essential,ROME
OCC_164e408e096f,SKL_dc57947c87ee,essential,ROME
OCC_164e408e096f,SKL_5870dae26c03,essential,ROME
OCC_164e408e096f,SKL_baf6e1218771,essential,ROME
OCC_164e408e096f,SKL_0027696732a5,essential,ROME
OCC_164e408e096f,SKL_22d9abaab7cc,essential,ROME
OCC_164e408e096f,SKL_96818f5e5642,essential,ROME
OCC_164e408e096f,SKL_3f1089c21986,essential,ROME
OCC_164e408e096f,SKL_c3aad42af879,essential,ROME
OCC_164e408e096f,SKL_f59987812bb9,essential,ROME
OCC_164e408e096f,SKL_a31f3c0af092,essential,ROME
OCC_164e408e096f,SKL_9f34c7ad56c0,essential,ROME
OCC_164e408e096f,SKL_e84beaac7943,essential,ROME
OCC_164e408e096f,SKL_50e912cb03d4,essential,ROME
OCC_164e408e096f,SKL_c70070a17abf,essential,ROME
OCC_164e408e096f,SKL_2d14e124a1b7,essential,ROME
OCC_164e408e096f,SKL_adade4b3e3d6,essential,ROME
OCC_164e408e096f,SKL_62802234cf51,essential,ROME
OCC_164e408e096f,SKL_4ce8622dfdf0,essential,ROME
OCC_164e408e096f,SKL_e107f0887218,essential,ROME
OCC_164e408e096f,SKL_1cb38987318b,essential,ROME
OCC_164e408e096f,SKL_a2438099251f,essential,ROME
OCC_164e408e096f,SKL_06645f12844c,essential,ROME
OCC_164e408e096f,SKL_3790bb19ef9c,essential,ROME
OCC_164e408e096f,SKL_e1d3a4a6b21f,essential,ROME
OCC_164e408e096f,SKL_7f08492d1556,essential,ROME
OCC_164e408e096f,SKL_7c58c5cafa2b,essential,ROME
OCC_164e408e096f,SKL_c44fd75d5d30,essential,ROME
OCC_164e408e096f,SKL_fe2310cca7d1,essential,ROME
OCC_164e408e096f,SKL_44616716fd11,essential,ROME
OCC_164e408e096f,SKL_7b6c168d1bc5,essential,ROME
OCC_164e408e096f,SKL_724891367f29,essential,ROME
OCC_164e408e096f,SKL_5dc2de3b5850,essential,ROME
OCC_164e408e096f,SKL_1494e7be4cee,essential,ROME
OCC_164e408e096f,SKL_f468ab12dfe8,essential,ROME
OCC_164e408e096f,SKL_e62c15788369,essential,ROME
OCC_164e408e096f,SKL_9e20d0d08408,essential,ROME
OCC_164e408e096f,SKL_45fb4fdfde5c,essential,ROME
OCC_9edd2f7b19ab,SKL_7af0ad010a88,essential,ROME
OCC_9edd2f7b19ab,SKL_c925fa7ffe60,essential,ROME
OCC_9edd2f7b19ab,SKL_39c1752847f6,essential,ROME
OCC_9edd2f7b19ab,SKL_48a7a5342d6a,essential,ROME
OCC_9edd2f7b19ab,SKL_24f735964151,essential,ROME
OCC_9edd2f7b19ab,SKL_8f306fb9dacc,essential,ROME
OCC_9edd2f7b19ab,SKL_557126d50f6b,essential,ROME
OCC_9edd2f7b19ab,SKL_148797b1e1d8,essential,ROME
OCC_9edd2f7b19ab,SKL_f04ec01eff0e,essential,ROME
OCC_9edd2f7b19ab,SKL_1f2ed1b53cc9,essential,ROME
OCC_9edd2f7b19ab,SKL_2e9c008c6bfd,essential,ROME
OCC_9edd2f7b19ab,SKL_b37ead5ddfdb,essential,ROME
OCC_9edd2f7b19ab,SKL_b814a9b33fe5,essential,ROME
OCC_9edd2f7b19ab,SKL_c558199098da,essential,ROME
OCC_9edd2f7b19ab,SKL_9567d0651c69,essential,ROME
OCC_9edd2f7b19ab,SKL_94b27ea16e77,essential,ROME
OCC_9edd2f7b19ab,SKL_716151213263,essential,ROME
OCC_9edd2f7b19ab,SKL_37fa045a1614,essential,ROME
OCC_9edd2f7b19ab,SKL_a0f090bb0123,essential,ROME
OCC_9edd2f7b19ab,SKL_8e6612de9bab,essential,ROME
OCC_9edd2f7b19ab,SKL_04b167b548e3,essential,ROME
OCC_9edd2f7b19ab,SKL_36ca3b28eabd,essential,ROME
OCC_9edd2f7b19ab,SKL_b621cb6ec543,essential,ROME
OCC_9edd2f7b19ab,SKL_ae30927d80e6,essential,ROME
OCC_9edd2f7b19ab,SKL_80a4b29ccc46,essential,ROME
OCC_9edd2f7b19ab,SKL_5ca5ce96f911,essential,ROME
OCC_9edd2f7b19ab,SKL_3ed898cdf7d0,essential,ROME
OCC_9edd2f7b19ab,SKL_ec82d88a2c76,essential,ROME
OCC_9edd2f7b19ab,SKL_c0aa059f7077,essential,ROME
OCC_9edd2f7b19ab,SKL_595d0bd5cffa,essential,ROME
OCC_9edd2f7b19ab,SKL_74c2b5faa586,essential,ROME
OCC_9edd2f7b19ab,SKL_effa6c300e57,essential,ROME
OCC_9edd2f7b19ab,SKL_4cc34e8e3627,essential,ROME
OCC_9edd2f7b19ab,SKL_1c2af660d630,essential,ROME
OCC_9edd2f7b19ab,SKL_6e090adfa50f,essential,ROME
OCC_9edd2f7b19ab,SKL_bbba9a2c6283,essential,ROME
OCC_9edd2f7b19ab,SKL_22d9abaab7cc,essential,ROME
OCC_9edd2f7b19ab,SKL_99e571d695e1,essential,ROME
OCC_9edd2f7b19ab,SKL_ce4efd8eb062,essential,ROME
OCC_9edd2f7b19ab,SKL_a36e576977d4,essential,ROME
OCC_9edd2f7b19ab,SKL_c767b3c54305,essential,ROME
OCC_9edd2f7b19ab,SKL_6796dead11ec,essential,ROME
OCC_9edd2f7b19ab,SKL_553d3f27bbff,essential,ROME
OCC_9edd2f7b19ab,SKL_b84285018d3e,essential,ROME
OCC_9edd2f7b19ab,SKL_f2436909ec92,essential,ROME
OCC_9edd2f7b19ab,SKL_e502d984a408,essential,ROME
OCC_9edd2f7b19ab,SKL_d51d65660ffd,essential,ROME
OCC_9edd2f7b19ab,SKL_f07813b19a3b,essential,ROME
OCC_9edd2f7b19ab,SKL_8489cbbd6839,essential,ROME
OCC_9edd2f7b19ab,SKL_c70070a17abf,essential,ROME
OCC_9edd2f7b19ab,SKL_14e599e49273,essential,ROME
OCC_9edd2f7b19ab,SKL_adade4b3e3d6,essential,ROME
OCC_9edd2f7b19ab,SKL_b5803989f90c,essential,ROME
OCC_9edd2f7b19ab,SKL_ded32195d7c6,essential,ROME
OCC_9edd2f7b19ab,SKL_0e8848a321e2,essential,ROME
OCC_9edd2f7b19ab,SKL_c004219cd67e,essential,ROME
OCC_9edd2f7b19ab,SKL_130d20b543eb,essential,ROME
OCC_9edd2f7b19ab,SKL_49dededf2ba3,essential,ROME
OCC_9edd2f7b19ab,SKL_c46acddd165c,essential,ROME
OCC_9edd2f7b19ab,SKL_1e48682150d5,essential,ROME
OCC_9edd2f7b19ab,SKL_e11c4511388d,essential,ROME
OCC_9edd2f7b19ab,SKL_538055cabf4c,essential,ROME
OCC_9edd2f7b19ab,SKL_535e3a11b904,essential,ROME
OCC_9edd2f7b19ab,SKL_8fe370b04509,essential,ROME
OCC_9edd2f7b19ab,SKL_adcb20c4ec2a,essential,ROME
OCC_9edd2f7b19ab,SKL_642a00210214,essential,ROME
OCC_9edd2f7b19ab,SKL_b9698c127a6a,essential,ROME
OCC_9edd2f7b19ab,SKL_8a7a5ba73a01,essential,ROME
OCC_9edd2f7b19ab,SKL_43b123111866,essential,ROME
OCC_9edd2f7b19ab,SKL_05fb42fd3559,essential,ROME
OCC_9edd2f7b19ab,SKL_a4b96b2972dc,essential,ROME
OCC_9edd2f7b19ab,SKL_d3d2515446f2,essential,ROME
OCC_9edd2f7b19ab,SKL_24b86e045988,essential,ROME
OCC_9edd2f7b19ab,SKL_bab89aa8367c,essential,ROME
OCC_9edd2f7b19ab,SKL_972375271d00,essential,ROME
OCC_9edd2f7b19ab,SKL_a8c6e477ce2e,essential,ROME
OCC_9edd2f7b19ab,SKL_6a12186a618f,essential,ROME
OCC_9edd2f7b19ab,SKL_3f15fa398345,essential,ROME
OCC_9edd2f7b19ab,SKL_e1bd5196b001,essential,ROME
OCC_9edd2f7b19ab,SKL_0b4daa0901c6,essential,ROME
OCC_9edd2f7b19ab,SKL_5337703a3e33,essential,ROME
OCC_9edd2f7b19ab,SKL_63d9054b6350,essential,ROME
OCC_9edd2f7b19ab,SKL_7042dcdd827a,essential,ROME
OCC_9edd2f7b19ab,SKL_5a32ee8fff66,essential,ROME
OCC_9edd2f7b19ab,SKL_6b4d6869466a,essential,ROME
OCC_9edd2f7b19ab,SKL_632b80cb606c,essential,ROME
OCC_f0026eafdf53,SKL_9704ac9eb04a,essential,ROME
OCC_f0026eafdf53,SKL_5661cad69643,essential,ROME
OCC_f0026eafdf53,SKL_493ff1add620,essential,ROME
OCC_f0026eafdf53,SKL_0539a865bca4,essential,ROME
OCC_f0026eafdf53,SKL_ffe5f083a9e7,essential,ROME
OCC_f0026eafdf53,SKL_53f17fd36a4a,essential,ROME
OCC_f0026eafdf53,SKL_f03f0490f343,essential,ROME
OCC_f0026eafdf53,SKL_4e6718c1f4dc,essential,ROME
OCC_f0026eafdf53,SKL_37cc81342e7f,essential,ROME
OCC_f0026eafdf53,SKL_b185344fa059,essential,ROME
OCC_f0026eafdf53,SKL_806567b831c9,essential,ROME
OCC_f0026eafdf53,SKL_4fe85e524cca,essential,ROME
OCC_f0026eafdf53,SKL_9d169b48b640,essential,ROME
OCC_f0026eafdf53,SKL_b8445ba3d4f5,essential,ROME
OCC_f0026eafdf53,SKL_e4f0b9447c27,essential,ROME
OCC_f0026eafdf53,SKL_13587901294b,essential,ROME
OCC_f0026eafdf53,SKL_14b662aa3846,essential,ROME
OCC_f0026eafdf53,SKL_2148f74be83f,essential,ROME
OCC_f0026eafdf53,SKL_2ed964273894,essential,ROME
OCC_f0026eafdf53,SKL_1c9ba050aef8,essential,ROME
OCC_f0026eafdf53,SKL_8b1ca2d2ee1f,essential,ROME
OCC_f0026eafdf53,SKL_dc34303f0fbb,essential,ROME
OCC_f0026eafdf53,SKL_f9b2d79b3cd5,essential,ROME
OCC_f0026eafdf53,SKL_4d174a92f32f,essential,ROME
OCC_f0026eafdf53,SKL_ebdbad36bbb1,essential,ROME
OCC_f0026eafdf53,SKL_a6e9f275a910,essential,ROME
OCC_f0026eafdf53,SKL_0e3ba256cf51,essential,ROME
OCC_f0026eafdf53,SKL_8489cbbd6839,essential,ROME
OCC_f0026eafdf53,SKL_c70070a17abf,essential,ROME
OCC_f0026eafdf53,SKL_5e0824c72bb2,essential,ROME
OCC_f0026eafdf53,SKL_2d14e124a1b7,essential,ROME
OCC_f0026eafdf53,SKL_a88c2415dadd,essential,ROME
OCC_f0026eafdf53,SKL_b48e2dd6e971,essential,ROME
OCC_f0026eafdf53,SKL_b91c6acaad45,essential,ROME
OCC_f0026eafdf53,SKL_e3a888001dd7,essential,ROME
OCC_f0026eafdf53,SKL_b2007ae8cdd0,essential,ROME
OCC_f0026eafdf53,SKL_f3f8c0a886d5,essential,ROME
OCC_f0026eafdf53,SKL_3ea509d79b87,essential,ROME
OCC_f0026eafdf53,SKL_12bf8b44f0ee,essential,ROME
OCC_f0026eafdf53,SKL_6fab9725356c,essential,ROME
OCC_f0026eafdf53,SKL_10ea159d4728,essential,ROME
OCC_f0026eafdf53,SKL_a350788ca001,essential,ROME
OCC_f0026eafdf53,SKL_04f8b5429932,essential,ROME
OCC_f0026eafdf53,SKL_5036b452b1ab,essential,ROME
OCC_f0026eafdf53,SKL_1709ad1d218e,essential,ROME
OCC_f0026eafdf53,SKL_7b3e23508e2f,essential,ROME
OCC_f0026eafdf53,SKL_8bae44e725ef,essential,ROME
OCC_f0026eafdf53,SKL_53d27896f8d5,essential,ROME
OCC_e2079fd4cbf9,SKL_e0e7d59ee005,essential,REMOTEOK
OCC_e2079fd4cbf9,SKL_f38bef9250a4,essential,REMOTEOK
OCC_e2079fd4cbf9,SKL_b112fb9ebdb1,essential,REMOTEOK
OCC_e2079fd4cbf9,SKL_6ee8666ca5d9,essential,REMOTEOK
OCC_e2079fd4cbf9,SKL_1404972f7341,essential,REMOTEOK
OCC_e2079fd4cbf9,SKL_fe96e3f37fe3,essential,REMOTEOK
OCC_e2079fd4cbf9,SKL_e13dc4494db1,essential,REMOTEOK
OCC_e2079fd4cbf9,SKL_e71610d5e32e,essential,REMOTEOK
OCC_e2079fd4cbf9,SKL_ed7e4b1c32ba,essential,REMOTEOK
OCC_e2079fd4cbf9,SKL_7e50efb567c8,essential,REMOTEOK
OCC_e2079fd4cbf9,SKL_bb0642a0801c,essential,REMOTEOK
OCC_e2079fd4cbf9,SKL_b1d2e416f4ce,essential,REMOTEOK
OCC_e2079fd4cbf9,SKL_c6fcaacc43af,essential,REMOTEOK
OCC_a196178f2449,SKL_e0e7d59ee005,essential,REMOTEOK
OCC_a196178f2449,SKL_f38bef9250a4,essential,REMOTEOK
OCC_a196178f2449,SKL_b112fb9ebdb1,essential,REMOTEOK
OCC_a196178f2449,SKL_6ee8666ca5d9,essential,REMOTEOK
OCC_a196178f2449,SKL_1404972f7341,essential,REMOTEOK
OCC_a196178f2449,SKL_fe96e3f37fe3,essential,REMOTEOK
OCC_a196178f2449,SKL_e13dc4494db1,essential,REMOTEOK
OCC_a196178f2449,SKL_ed7e4b1c32ba,essential,REMOTEOK
OCC_a196178f2449,SKL_7e50efb567c8,essential,REMOTEOK
OCC_a196178f2449,SKL_bb0642a0801c,essential,REMOTEOK
OCC_a196178f2449,SKL_b1d2e416f4ce,essential,REMOTEOK
OCC_a55aa629a66b,SKL_e0e7d59ee005,essential,REMOTEOK
OCC_a55aa629a66b,SKL_f38bef9250a4,essential,REMOTEOK
OCC_a55aa629a66b,SKL_b112fb9ebdb1,essential,REMOTEOK
OCC_a55aa629a66b,SKL_6ee8666ca5d9,essential,REMOTEOK
OCC_a55aa629a66b,SKL_1404972f7341,essential,REMOTEOK
OCC_a55aa629a66b,SKL_fe96e3f37fe3,essential,REMOTEOK
OCC_a55aa629a66b,SKL_e71610d5e32e,essential,REMOTEOK
OCC_a55aa629a66b,SKL_7e50efb567c8,essential,REMOTEOK
OCC_d8d5f3a4878b,SKL_e0e7d59ee005,essential,REMOTEOK
OCC_d8d5f3a4878b,SKL_7e50efb567c8,essential,REMOTEOK
OCC_d8d5f3a4878b,SKL_1404972f7341,essential,REMOTEOK
OCC_d8d5f3a4878b,SKL_b112fb9ebdb1,essential,REMOTEOK
OCC_d8d5f3a4878b,SKL_bb0642a0801c,essential,REMOTEOK
OCC_d8d5f3a4878b,SKL_fe96e3f37fe3,essential,REMOTEOK
OCC_d8d5f3a4878b,SKL_e13dc4494db1,essential,REMOTEOK
OCC_d8d5f3a4878b,SKL_b1d2e416f4ce,essential,REMOTEOK
OCC_d8d5f3a4878b,SKL_6ee8666ca5d9,essential,REMOTEOK
OCC_d8d5f3a4878b,SKL_ed7e4b1c32ba,essential,REMOTEOK
OCC_8df0f1dba04b,SKL_e0e7d59ee005,essential,REMOTEOK
OCC_8df0f1dba04b,SKL_7e50efb567c8,essential,REMOTEOK
OCC_8df0f1dba04b,SKL_b112fb9ebdb1,essential,REMOTEOK
OCC_8df0f1dba04b,SKL_e13dc4494db1,essential,REMOTEOK
OCC_8df0f1dba04b,SKL_6ee8666ca5d9,essential,REMOTEOK
OCC_8df0f1dba04b,SKL_ed7e4b1c32ba,essential,REMOTEOK
OCC_1d71758bab20,SKL_e0e7d59ee005,essential,REMOTEOK
OCC_1d71758bab20,SKL_f38bef9250a4,essential,REMOTEOK
OCC_1d71758bab20,SKL_e873316e9d07,essential,REMOTEOK
OCC_1d71758bab20,SKL_fe96e3f37fe3,essential,REMOTEOK
OCC_1d71758bab20,SKL_95c22dc3a485,essential,REMOTEOK
OCC_1d71758bab20,SKL_6ee8666ca5d9,essential,REMOTEOK
OCC_2e0e260cb4d7,SKL_e0e7d59ee005,essential,REMOTEOK
OCC_2e0e260cb4d7,SKL_3add25dbe1f5,essential,REMOTEOK
OCC_2e0e260cb4d7,SKL_b9981c33f01a,essential,REMOTEOK
OCC_2e0e260cb4d7,SKL_bb0642a0801c,essential,REMOTEOK
OCC_2e0e260cb4d7,SKL_2d221cdc9478,essential,REMOTEOK
OCC_2e0e260cb4d7,SKL_e13dc4494db1,essential,REMOTEOK
OCC_4000ceec52ad,SKL_e0e7d59ee005,essential,REMOTEOK
OCC_4000ceec52ad,SKL_f38bef9250a4,essential,REMOTEOK
OCC_4000ceec52ad,SKL_e086b66b31f9,essential,REMOTEOK
OCC_4000ceec52ad,SKL_0c49b0ae26a5,essential,REMOTEOK
OCC_4000ceec52ad,SKL_b112fb9ebdb1,essential,REMOTEOK
OCC_4000ceec52ad,SKL_fe96e3f37fe3,essential,REMOTEOK
OCC_4000ceec52ad,SKL_6ee8666ca5d9,essential,REMOTEOK
OCC_4000ceec52ad,SKL_c3e6c3cb78ff,essential,REMOTEOK
OCC_4000ceec52ad,SKL_e71610d5e32e,essential,REMOTEOK
OCC_c2f30bbdb638,SKL_c3e6c3cb78ff,essential,REMOTEOK
OCC_c2f30bbdb638,SKL_f38bef9250a4,essential,REMOTEOK
OCC_c2f30bbdb638,SKL_b112fb9ebdb1,essential,REMOTEOK
OCC_b9e95ef30857,SKL_e0e7d59ee005,essential,REMOTEOK
OCC_b9e95ef30857,SKL_1404972f7341,essential,REMOTEOK
OCC_b9e95ef30857,SKL_a0415d24d75d,essential,REMOTEOK
OCC_b9e95ef30857,SKL_fe96e3f37fe3,essential,REMOTEOK
OCC_b9e95ef30857,SKL_3add25dbe1f5,essential,REMOTEOK
OCC_b9e95ef30857,SKL_e13dc4494db1,essential,REMOTEOK
OCC_b9e95ef30857,SKL_b1d2e416f4ce,essential,REMOTEOK
OCC_b9e95ef30857,SKL_6ee8666ca5d9,essential,REMOTEOK
OCC_b9e95ef30857,SKL_e71610d5e32e,essential,REMOTEOK
OCC_c69fa61c1cf6,SKL_e0e7d59ee005,essential,REMOTEOK
OCC_c69fa61c1cf6,SKL_7e50efb567c8,essential,REMOTEOK
OCC_c69fa61c1cf6,SKL_1404972f7341,essential,REMOTEOK
OCC_c69fa61c1cf6,SKL_fe96e3f37fe3,essential,REMOTEOK
OCC_c69fa61c1cf6,SKL_b1d2e416f4ce,essential,REMOTEOK
OCC_c69fa61c1cf6,SKL_6ee8666ca5d9,essential,REMOTEOK
OCC_c69fa61c1cf6,SKL_e71610d5e32e,essential,REMOTEOK
OCC_c69fa61c1cf6,SKL_39b720afc8ef,essential,REMOTEOK
OCC_3756041ae6ec,SKL_f38bef9250a4,essential,REMOTEOK
OCC_3756041ae6ec,SKL_b1d2e416f4ce,essential,REMOTEOK
OCC_d9115408ab56,SKL_b112fb9ebdb1,essential,REMOTEOK
OCC_b98e457eb404,SKL_e0e7d59ee005,essential,REMOTEOK
OCC_b98e457eb404,SKL_f38bef9250a4,essential,REMOTEOK
OCC_b98e457eb404,SKL_9557509c578d,essential,REMOTEOK
OCC_b98e457eb404,SKL_6ee8666ca5d9,essential,REMOTEOK
OCC_b98e457eb404,SKL_1404972f7341,essential,REMOTEOK
OCC_b98e457eb404,SKL_fe96e3f37fe3,essential,REMOTEOK
OCC_b98e457eb404,SKL_77719d253c0f,essential,REMOTEOK
OCC_b98e457eb404,SKL_4f8d92e210a1,essential,REMOTEOK
OCC_b98e457eb404,SKL_1294736fa718,essential,REMOTEOK
OCC_b98e457eb404,SKL_4ee450fb1956,essential,REMOTEOK
OCC_b98e457eb404,SKL_7e50efb567c8,essential,REMOTEOK
OCC_b98e457eb404,SKL_671db98b469f,essential,REMOTEOK
OCC_b98e457eb404,SKL_bb0642a0801c,essential,REMOTEOK
OCC_b98e457eb404,SKL_b1d2e416f4ce,essential,REMOTEOK
OCC_b98e457eb404,SKL_ab8be6509b6e,essential,REMOTEOK
OCC_b98e457eb404,SKL_d1f98460281a,essential,REMOTEOK
OCC_20f53a6b090c,SKL_7e50efb567c8,essential,REMOTEOK
OCC_20f53a6b090c,SKL_77719d253c0f,essential,REMOTEOK
OCC_e77bc5408895,SKL_e0e7d59ee005,essential,REMOTEOK
OCC_e77bc5408895,SKL_f38bef9250a4,essential,REMOTEOK
OCC_e77bc5408895,SKL_b112fb9ebdb1,essential,REMOTEOK
OCC_e77bc5408895,SKL_9557509c578d,essential,REMOTEOK
OCC_e77bc5408895,SKL_6ee8666ca5d9,essential,REMOTEOK
OCC_e77bc5408895,SKL_1404972f7341,essential,REMOTEOK
OCC_e77bc5408895,SKL_3add25dbe1f5,essential,REMOTEOK
OCC_e77bc5408895,SKL_fe96e3f37fe3,essential,REMOTEOK
OCC_e77bc5408895,SKL_e5edcdb998db,essential,REMOTEOK
OCC_e77bc5408895,SKL_e13dc4494db1,essential,REMOTEOK
OCC_e77bc5408895,SKL_a26645af99c4,essential,REMOTEOK
OCC_e77bc5408895,SKL_77719d253c0f,essential,REMOTEOK
OCC_e77bc5408895,SKL_dd349b83dd94,essential,REMOTEOK
OCC_e77bc5408895,SKL_460c04dcc0af,essential,REMOTEOK
OCC_e77bc5408895,SKL_4f8d92e210a1,essential,REMOTEOK
OCC_e77bc5408895,SKL_1294736fa718,essential,REMOTEOK
OCC_e77bc5408895,SKL_4ee450fb1956,essential,REMOTEOK
OCC_e77bc5408895,SKL_4999785538a5,essential,REMOTEOK
OCC_e77bc5408895,SKL_7e50efb567c8,essential,REMOTEOK
OCC_e77bc5408895,SKL_671db98b469f,essential,REMOTEOK
OCC_e77bc5408895,SKL_bb0642a0801c,essential,REMOTEOK
OCC_e77bc5408895,SKL_b1d2e416f4ce,essential,REMOTEOK
OCC_e77bc5408895,SKL_c6fcaacc43af,essential,REMOTEOK
OCC_e77bc5408895,SKL_ab8be6509b6e,essential,REMOTEOK
OCC_e77bc5408895,SKL_d1f98460281a,essential,REMOTEOK
OCC_b415cabf36c7,SKL_e0e7d59ee005,essential,REMOTEOK
OCC_b415cabf36c7,SKL_f38bef9250a4,essential,REMOTEOK
OCC_b415cabf36c7,SKL_0c49b0ae26a5,essential,REMOTEOK
OCC_b415cabf36c7,SKL_b112fb9ebdb1,essential,REMOTEOK
OCC_b415cabf36c7,SKL_014899ec0243,essential,REMOTEOK
OCC_b415cabf36c7,SKL_6ee8666ca5d9,essential,REMOTEOK
OCC_b415cabf36c7,SKL_e086b66b31f9,essential,REMOTEOK
OCC_b415cabf36c7,SKL_1404972f7341,essential,REMOTEOK
OCC_b415cabf36c7,SKL_fe96e3f37fe3,essential,REMOTEOK
OCC_b415cabf36c7,SKL_e5edcdb998db,essential,REMOTEOK
OCC_b415cabf36c7,SKL_c3e6c3cb78ff,essential,REMOTEOK
OCC_b415cabf36c7,SKL_a26645af99c4,essential,REMOTEOK
OCC_b415cabf36c7,SKL_77719d253c0f,essential,REMOTEOK
OCC_b415cabf36c7,SKL_460c04dcc0af,essential,REMOTEOK
OCC_b415cabf36c7,SKL_4f8d92e210a1,essential,REMOTEOK
OCC_b415cabf36c7,SKL_1294736fa718,essential,REMOTEOK
OCC_b415cabf36c7,SKL_e71610d5e32e,essential,REMOTEOK
OCC_b415cabf36c7,SKL_7e50efb567c8,essential,REMOTEOK
OCC_b415cabf36c7,SKL_ab8be6509b6e,essential,REMOTEOK
OCC_d3df557742ce,SKL_e0e7d59ee005,essential,REMOTEOK
OCC_d3df557742ce,SKL_6ee8666ca5d9,essential,REMOTEOK
OCC_d3df557742ce,SKL_1404972f7341,essential,REMOTEOK
OCC_d3df557742ce,SKL_e13dc4494db1,essential,REMOTEOK
OCC_d3df557742ce,SKL_77719d253c0f,essential,REMOTEOK
OCC_d3df557742ce,SKL_dd349b83dd94,essential,REMOTEOK
OCC_d3df557742ce,SKL_1294736fa718,essential,REMOTEOK
OCC_d3df557742ce,SKL_e873316e9d07,essential,REMOTEOK
OCC_d3df557742ce,SKL_7e50efb567c8,essential,REMOTEOK
OCC_d3df557742ce,SKL_bb0642a0801c,essential,REMOTEOK
OCC_d3df557742ce,SKL_c6fcaacc43af,essential,REMOTEOK
OCC_7781415f8e03,SKL_c3e6c3cb78ff,essential,REMOTEOK
OCC_3b84fd707ab1,SKL_0c6f4404fd8e,essential,ARBEITNOW
OCC_941dbc8e121c,SKL_11d82775ca45,essential,ARBEITNOW
OCC_9fb404d4f622,SKL_11d82775ca45,essential,ARBEITNOW
OCC_f75ad6da5f30,SKL_1d29d48b0c0b,essential,ARBEITNOW
OCC_3568bf427685,SKL_1d29d48b0c0b,essential,ARBEITNOW
OCC_61cc9ca73474,SKL_1d29d48b0c0b,essential,ARBEITNOW
OCC_41c17d1e8957,SKL_9648059e8a60,essential,ARBEITNOW
OCC_88496659bc48,SKL_1d29d48b0c0b,essential,ARBEITNOW
OCC_7f69d3fb1a62,SKL_9648059e8a60,essential,ARBEITNOW
OCC_77117619e46e,SKL_9648059e8a60,essential,ARBEITNOW
OCC_b47b635dd3a8,SKL_1d29d48b0c0b,essential,ARBEITNOW
OCC_d13dc12649ed,SKL_1d29d48b0c0b,essential,ARBEITNOW
OCC_1bb89a04e3bf,SKL_6011cd95bd17,essential,ARBEITNOW
OCC_1bb89a04e3bf,SKL_65a0566e51c4,essential,ARBEITNOW
OCC_cf9385ee6570,SKL_1d29d48b0c0b,essential,ARBEITNOW
OCC_ea877a4a9a11,SKL_1d29d48b0c0b,essential,ARBEITNOW
OCC_356ac99cca16,SKL_eaf4cc5da533,essential,ARBEITNOW
OCC_ef12d6a864e0,SKL_066785341766,essential,ARBEITNOW
OCC_45b81edc9b79,SKL_c44215649ff6,essential,ARBEITNOW
OCC_498759db14be,SKL_7411bc5936ad,essential,ARBEITNOW
OCC_c81768051e3f,SKL_e6b7d5f0a846,essential,ARBEITNOW
OCC_6622b2e6404b,SKL_1d29d48b0c0b,essential,ARBEITNOW
OCC_ee0ddbbdc92c,SKL_13378ce5fdcb,essential,ARBEITNOW
OCC_8bf3aa81e931,SKL_1d29d48b0c0b,essential,ARBEITNOW
OCC_eb475bc6322d,SKL_1d29d48b0c0b,essential,ARBEITNOW
OCC_d6208f2780c6,SKL_1d29d48b0c0b,essential,ARBEITNOW
OCC_e2001adaaee2,SKL_7af7f9372ca2,essential,ARBEITNOW
OCC_14a3530bfb4b,SKL_7af7f9372ca2,essential,ARBEITNOW
OCC_8d76388f9989,SKL_1d29d48b0c0b,essential,ARBEITNOW
OCC_9608b318f986,SKL_1d29d48b0c0b,essential,ARBEITNOW
OCC_311501439fae,SKL_1d29d48b0c0b,essential,ARBEITNOW
OCC_3cacf2bb2b93,SKL_6a1980b9b3cc,essential,ARBEITNOW
OCC_e8eadf46f8fb,SKL_1d29d48b0c0b,essential,ARBEITNOW
OCC_9c4c117df5f8,SKL_515c47693b95,essential,ARBEITNOW
OCC_43958fcde9b9,SKL_7411bc5936ad,essential,ARBEITNOW
OCC_341bd728b0ae,SKL_102f88d3b170,essential,ARBEITNOW
OCC_bd8b9e27b797,SKL_515c47693b95,essential,ARBEITNOW
OCC_5ba0f9300746,SKL_4e2d30bd7ac3,essential,ARBEITNOW
OCC_4d34f0a4a62c,SKL_58dc550e46de,essential,ARBEITNOW
OCC_c49207ccbbab,SKL_1d29d48b0c0b,essential,ARBEITNOW
OCC_6065b7acaf02,SKL_1d29d48b0c0b,essential,ARBEITNOW
OCC_cbba626eede9,SKL_1d29d48b0c0b,essential,ARBEITNOW
